timestamp,signal
107,-1.3967053111764687
107.001,-1.3942455574146455
107.002,-1.3917844999771254
107.003,-1.3893221463663801
107.004,-1.386858504078633
107.005,-1.3843935806037533
107.006,-1.3819273834251549
107.00700000000001,-1.3794599200196898
107.008,-1.3769911978575462
107.009,-1.3745212244021461
107.01000000000001,-1.3720500071100394
107.011,-1.3695775534308037
107.012,-1.367103870806935
107.01300000000001,-1.3646289666737519
107.014,-1.3621528484592857
107.015,-1.3596755235841822
107.01600000000001,-1.3571969994615936
107.017,-1.3547172834970793
107.018,-1.3522363830885009
107.01900000000001,-1.3497543056259178
107.02,-1.3472710584914862
107.021,-1.3447866490593565
107.02200000000001,-1.342301084695567
107.023,-1.339814372757943
107.024,-1.337326520595995
107.02500000000001,-1.3348375355508133
107.026,-1.3323474249549661
107.027,-1.3298561961323991
107.02800000000001,-1.3273638563983277
107.029,-1.3248704130591398
107.03,-1.3223758734122879
107.03100000000001,-1.3198802447461928
107.032,-1.3173835343401332
107.033,-1.3148857494641524
107.03400000000001,-1.3123868973789472
107.035,-1.3098869853357713
107.036,-1.3073860205763326
107.03700000000001,-1.3048840103326871
107.038,-1.3023809618271418
107.039,-1.2998768822721503
107.04000000000001,-1.2973717788702084
107.041,-1.294865658813759
107.042,-1.2923585292850834
107.04300000000001,-1.2898503974562032
107.044,-1.2873412704887788
107.045,-1.2848311555340055
107.04600000000001,-1.2823200597325159
107.047,-1.2798079902142738
107.048,-1.2772949540984775
107.04900000000001,-1.2747809584934557
107.05,-1.2722660104965682
107.051,-1.2697501171941037
107.05200000000001,-1.2672332856611792
107.053,-1.26471552296164
107.054,-1.262196836147959
107.05500000000001,-1.2596772322611345
107.056,-1.2571567183305916
107.057,-1.2546353013740819
107.05800000000001,-1.2521129883975819
107.059,-1.2495897863951939
107.06,-1.2470657023490452
107.06100000000001,-1.2445407432291908
107.062,-1.2420149159935083
107.063,-1.2394882275876047
107.06399999999999,-1.2369606849447119
107.065,-1.2344322949855904
107.066,-1.2319030646184272
107.06699999999999,-1.22937300073874
107.068,-1.226842110229275
107.069,-1.224310399959911
107.06999999999999,-1.2217778767875573
107.071,-1.2192445475560574
107.072,-1.2167104190960909
107.07299999999999,-1.2141754982250732
107.074,-1.2116397917470576
107.075,-1.2091033064526391
107.07599999999999,-1.2065660491188561
107.077,-1.2040280265090892
107.078,-1.2014892453729673
107.07899999999999,-1.1989497124462691
107.08,-1.1964094344508254
107.081,-1.1938684180944208
107.08199999999999,-1.1913266700707001
107.083,-1.1887841970590671
107.084,-1.1862410057245913
107.08499999999999,-1.1836971027179091
107.086,-1.1811524946751268
107.087,-1.1786071882177291
107.08799999999999,-1.1760611899524767
107.089,-1.1735145064713133
107.09,-1.1709671443512721
107.09099999999999,-1.1684191101543753
107.092,-1.1658704104275419
107.093,-1.1633210517024928
107.09399999999999,-1.1607710404956524
107.095,-1.1582203833080573
107.096,-1.1556690866252621
107.09699999999999,-1.1531171569172389
107.098,-1.1505646006382888
107.099,-1.1480114242269466
107.09999999999999,-1.1454576341058842
107.101,-1.1429032366818197
107.102,-1.1403482383454224
107.10299999999999,-1.1377926454712193
107.104,-1.1352364644175017
107.105,-1.1326797015262329
107.10599999999999,-1.1301223631229542
107.107,-1.1275644555166935
107.108,-1.1250059849998721
107.10899999999999,-1.1224469578482126
107.11,-1.1198873803206455
107.111,-1.11732725865922
107.11199999999999,-1.1147665990890097
107.113,-1.1122054078180226
107.114,-1.1096436910371099
107.11499999999999,-1.1070814549198733
107.116,-1.1045187056225763
107.117,-1.1019554492840513
107.11799999999999,-1.0993916920256124
107.119,-1.0968274399509608
107.12,-1.0942626991461
107.121,-1.0916974756792406
107.122,-1.0891317756007151
107.123,-1.086565604942886
107.124,-1.083998969720058
107.125,-1.0814318759283881
107.126,-1.0788643295457989
107.127,-1.0762963365318876
107.128,-1.0737279028278388
107.129,-1.0711590343563369
107.13,-1.0685897370214799
107.131,-1.0660200167086882
107.13200000000001,-1.0634498792846203
107.133,-1.0608793305970852
107.134,-1.0583083764749537
107.13500000000001,-1.0557370227280762
107.136,-1.0531652751471914
107.137,-1.0505931395038448
107.13800000000001,-1.0480206215502981
107.139,-1.0454477270194484
107.14,-1.0428744616247407
107.14100000000001,-1.0403008310600825
107.142,-1.0377268409997589
107.143,-1.0351524970983497
107.14400000000001,-1.0325778049906438
107.145,-1.0300027702915562
107.146,-1.0274273985960429
107.14700000000001,-1.0248516954790183
107.148,-1.0222756664952735
107.149,-1.019699317179388
107.15000000000001,-1.0171226530456556
107.151,-1.0145456795879935
107.152,-1.0119684022798652
107.15300000000001,-1.009390826574198
107.154,-1.0068129579032994
107.155,-1.0042348016787781
107.15600000000001,-1.0016563632914619
107.157,-0.99907764811131594
107.158,-0.99649866148736566
107.15900000000001,-0.99391940874761264
107.16,-0.99133989519895716
107.161,-0.98876012612711683
107.16200000000001,-0.98618010679654966
107.163,-0.98359984245037246
107.164,-0.98101933831028432
107.16500000000001,-0.97843859957648638
107.166,-0.97585763142760573
107.167,-0.97327643902061456
107.16800000000001,-0.97069502749075509
107.169,-0.96811340195146189
107.17,-0.96553156749428459
107.17100000000001,-0.96294952918880994
107.172,-0.96036729208258853
107.173,-0.95778486120105599
107.17400000000001,-0.95520224154745792
107.175,-0.95261943810277616
107.176,-0.95003645582565066
107.17700000000001,-0.94745329965230685
107.178,-0.94486997449648147
107.179,-0.94228648524934577
107.18000000000001,-0.93970283677943556
107.181,-0.93711903393257345
107.182,-0.93453508153179854
107.18300000000001,-0.93195098437729307
107.184,-0.92936674724630808
107.185,-0.92678237489309478
107.18600000000001,-0.92419787204882797
107.187,-0.92161324342153739
107.188,-0.91902849369603712
107.18899999999999,-0.91644362753385189
107.19,-0.91385864957314888
107.191,-0.91127356442866581
107.19199999999999,-0.90868837669164226
107.193,-0.90610309092974917
107.194,-0.90351771168701989
107.19499999999999,-0.90093224348378076
107.196,-0.89834669081658514
107.197,-0.89576105815813967
107.19799999999999,-0.89317534995724257
107.199,-0.89058957063871214
107.2,-0.88800372460332033
107.20099999999999,-0.88541781622772642
107.202,-0.88283184986441121
107.203,-0.88024582984160804
107.20399999999999,-0.87765976046324079
107.205,-0.87507364600885484
107.206,-0.87248749073355492
107.20699999999999,-0.86990129886793888
107.208,-0.8673150746180327
107.209,-0.8647288221652274
107.20999999999999,-0.8621425456662164
107.211,-0.85955624925292895
107.212,-0.85696993703247171
107.21299999999999,-0.85438361308706212
107.214,-0.85179728147396849
107.215,-0.84921094622544668
107.21599999999999,-0.84662461134868039
107.217,-0.84403828082571875
107.218,-0.84145195861341571
107.21899999999999,-0.83886564864337054
107.22,-0.83627935482186655
107.221,-0.83369308102981288
107.22199999999999,-0.8311068311226848
107.223,-0.82852060893046242
107.224,-0.82593441825757696
107.22499999999999,-0.82334826288285035
107.226,-0.82076214655943547
107.227,-0.81817607301476158
107.22799999999999,-0.81559004595047679
107.229,-0.81300406904239098
107.23,-0.81041814594041961
107.23099999999999,-0.80783228026852871
107.232,-0.80524647562468044
107.233,-0.80266073558077444
107.23399999999999,-0.8000750636825964
107.235,-0.79748946344976313
107.236,-0.79490393837566886
107.23699999999999,-0.7923184919274322
107.238,-0.78973312754584124
107.239,-0.78714784864530341
107.23999999999999,-0.78456265861379149
107.241,-0.78197756081279435
107.242,-0.77939255857726009
107.24299999999999,-0.77680765521555273
107.244,-0.77422285400939539
107.245,-0.77163815821382342
107.246,-0.76905357105713246
107.247,-0.76646909574083133
107.248,-0.76388473543959146
107.249,-0.76130049330119931
107.25,-0.75871637244650758
107.251,-0.75613237596938809
107.252,-0.75354850693668407
107.253,-0.75096476838816351
107.254,-0.74838116333647209
107.255,-0.74579769476708924
107.256,-0.74321436563827992
107.25700000000001,-0.74063117888105046
107.258,-0.73804813739910458
107.259,-0.73546524406879943
107.26000000000001,-0.73288250173909786
107.261,-0.73029991323153087
107.262,-0.72771748134015013
107.26300000000001,-0.72513520883148552
107.264,-0.72255309844450677
107.265,-0.71997115289057767
107.26600000000001,-0.71738937485341592
107.267,-0.71480776698905357
107.268,-0.71222633192579443
107.26900000000001,-0.70964507226417628
107.27,-0.70706399057692848
107.271,-0.70448308940893711
107.27200000000001,-0.70190237127720212
107.273,-0.69932183867080022
107.274,-0.69674149405084829
107.27500000000001,-0.69416133985046602
107.276,-0.69158137847473644
107.277,-0.68900161230067325
107.27800000000001,-0.6864220436771804
107.279,-0.68384267492502149
107.28,-0.68126350833677951
107.28100000000001,-0.67868454617682672
107.282,-0.67610579068128707
107.283,-0.67352724405800402
107.28400000000001,-0.67094890848650679
107.285,-0.66837078611797862
107.286,-0.66579287907522144
107.28700000000001,-0.66321518945262747
107.288,-0.66063771931614501
107.289,-0.65806047070324847
107.29000000000001,-0.6554834456229075
107.291,-0.65290664605555793
107.292,-0.65033007395307063
107.29300000000001,-0.64775373123872282
107.294,-0.6451776198071687
107.295,-0.64260174152441341
107.29600000000001,-0.64002609822778167
107.297,-0.63745069172589408
107.298,-0.63487552379863643
107.29900000000001,-0.63230059619713785
107.3,-0.62972591064374062
107.301,-0.6271514688319767
107.30200000000001,-0.62457727242654226
107.303,-0.62200332306327411
107.304,-0.61942962234912302
107.30500000000001,-0.61685617186213426
107.306,-0.61428297315141911
107.307,-0.61171002773713801
107.30800000000001,-0.60913733711047358
107.309,-0.60656490273361141
107.31,-0.60399272603971843
107.31100000000001,-0.60142080843292134
107.312,-0.59884915128828753
107.313,-0.59627775595180432
107.31399999999999,-0.59370662374036021
107.315,-0.59113575594172563
107.316,-0.58856515381453534
107.31699999999999,-0.58599481858826941
107.318,-0.58342475146323636
107.319,-0.58085495361055661
107.31999999999999,-0.57828542617214507
107.321,-0.57571617026069655
107.322,-0.57314718695966982
107.32299999999999,-0.57057847732327149
107.324,-0.56801004237644315
107.325,-0.565441883114846
107.32599999999999,-0.56287400050484948
107.327,-0.56030639548351524
107.328,-0.55773906895858616
107.32899999999999,-0.55517202180847613
107.33,-0.55260525488225387
107.331,-0.55003876899963855
107.33199999999999,-0.54747256495098129
107.333,-0.54490664349726214
107.334,-0.54234100537007568
107.33499999999999,-0.53977565127162552
107.336,-0.53721058187471271
107.337,-0.53464579782272958
107.33799999999999,-0.53208129972965068
107.339,-0.52951708818002818
107.34,-0.52695316372898215
107.34099999999999,-0.52438952690219742
107.342,-0.52182617819591492
107.343,-0.51926311807692993
107.34399999999999,-0.51670034698258371
107.345,-0.51413786532076333
107.346,-0.51157567346989541
107.34699999999999,-0.50901377177894447
107.348,-0.5064521605674086
107.349,-0.50389084012531893
107.34999999999999,-0.50132981071323923
107.351,-0.49876907256226011
107.352,-0.49620862587400438
107.35299999999999,-0.49364847082062269
107.354,-0.49108860754479622
107.355,-0.48852903615973664
107.35599999999999,-0.48596975674918752
107.357,-0.48341076936742733
107.358,-0.48085207403927022
107.35899999999999,-0.47829367076007079
107.36,-0.47573555949572643
107.361,-0.47317774018268122
107.36199999999999,-0.47062021272793175
107.363,-0.46806297700903066
107.364,-0.46550603287409331
107.36499999999999,-0.46294938014180231
107.366,-0.46039301860141568
107.367,-0.4578369480127733
107.36799999999999,-0.45528116810630526
107.369,-0.45272567858303725
107.37,-0.45017047911460228
107.371,-0.44761556934324886
107.372,-0.44506094888185022
107.373,-0.44250661731391427
107.374,-0.43995257419359446
107.375,-0.43739881904570144
107.376,-0.434845351365715
107.377,-0.43229217061979452
107.378,-0.42973927624479324
107.379,-0.42718666764827107
107.38,-0.42463434420850998
107.381,-0.42208230527452373
107.38200000000001,-0.41953055016607821
107.383,-0.41697907817370317
107.384,-0.4144278885587086
107.38500000000001,-0.41187698055320199
107.386,-0.40932635336010514
107.387,-0.40677600615316933
107.38800000000001,-0.40422593807699858
107.389,-0.40167614824706011
107.39,-0.39912663574971141
107.39100000000001,-0.39657739964221239
107.392,-0.39402843895275241
107.393,-0.39147975268046487
107.39400000000001,-0.38893133979545158
107.395,-0.38638319923880293
107.396,-0.38383532992262104
107.39700000000001,-0.38128773073004041
107.398,-0.37874040051525337
107.399,-0.37619333810353217
107.40000000000001,-0.37364654229125349
107.401,-0.37110001184592289
107.402,-0.36855374550620046
107.40300000000001,-0.36600774198192676
107.404,-0.36346199995414774
107.405,-0.36091651807514236
107.40600000000001,-0.35837129496845044
107.407,-0.35582632922889912
107.408,-0.35328161942263225
107.40900000000001,-0.35073716408713895
107.41,-0.348192961731282
107.411,-0.3456490108353294
107.41200000000001,-0.34310530985098331
107.413,-0.34056185720141241
107.414,-0.33801865128128095
107.41500000000001,-0.3354756904567836
107.416,-0.33293297306567615
107.417,-0.33039049741730886
107.41800000000001,-0.32784826179265958
107.419,-0.3253062644443685
107.42,-0.32276450359677389
107.42100000000001,-0.32022297744594297
107.422,-0.31768168415971265
107.423,-0.31514062187772207
107.42400000000001,-0.31259978871145166
107.425,-0.31005918274425703
107.426,-0.30751880203141169
107.42700000000001,-0.3049786446001399
107.428,-0.30243870844965881
107.429,-0.29989899155121669
107.43000000000001,-0.29735949184813326
107.431,-0.2948202072558388
107.432,-0.29228113566191594
107.43300000000001,-0.28974227492614091
107.434,-0.28720362288052426
107.435,-0.28466517732935559
107.43600000000001,-0.28212693604924444
107.437,-0.27958889678916421
107.438,-0.27705105727049606
107.43899999999999,-0.27451341518707439
107.44,-0.2719759682052294
107.441,-0.26943871396383579
107.44199999999999,-0.26690165007435551
107.443,-0.26436477412088755
107.444,-0.26182808366021226
107.44499999999999,-0.25929157622183974
107.446,-0.25675524930805838
107.447,-0.25421910039398388
107.44799999999999,-0.2516831269276073
107.449,-0.24914732632984471
107.45,-0.24661169599458832
107.45099999999999,-0.24407623328875561
107.452,-0.24154093555234379
107.453,-0.23900580009847616
107.45399999999999,-0.23647082421345866
107.455,-0.23393600515683211
107.456,-0.23140134016142355
107.45699999999999,-0.22886682643340062
107.458,-0.22633246115232841
107.459,-0.22379824147121896
107.45999999999999,-0.22126416451659259
107.461,-0.21873022738852854
107.462,-0.21619642716072529
107.46299999999999,-0.21366276088055414
107.464,-0.21112922556911984
107.465,-0.20859581822131457
107.46599999999999,-0.20606253580587996
107.467,-0.20352937526546355
107.468,-0.20099633351667956
107.46899999999999,-0.19846340745016766
107.47,-0.19593059393065382
107.471,-0.19339788979701233
107.47199999999999,-0.19086529186232493
107.473,-0.18833279691394522
107.474,-0.18580040171355872
107.47499999999999,-0.18326810299724705
107.476,-0.18073589747555263
107.477,-0.1782037818335398
107.47799999999999,-0.17567175273086066
107.479,-0.17313980680182151
107.48,-0.17060794065544493
107.48099999999999,-0.1680761508755394
107.482,-0.16554443402076291
107.483,-0.16301278662469121
107.48399999999999,-0.16048120519588516
107.485,-0.15794968621795935
107.486,-0.15541822614964784
107.48699999999999,-0.15288682142487797
107.488,-0.15035546845283404
107.489,-0.14782416361803224
107.48999999999999,-0.14529290328038691
107.491,-0.14276168377528625
107.492,-0.14023050141365884
107.49299999999999,-0.13769935248204923
107.494,-0.13516823324268784
107.495,-0.13263713993356546
107.496,-0.13010606876850667
107.497,-0.12757501593724324
107.498,-0.12504397760548691
107.499,-0.12251294991500855
107.5,-0.11998192898370885
107.501,-0.11745091090569665
107.502,-0.11491989175136608
107.503,-0.11238886756747057
107.504,-0.10985783437720292
107.505,-0.10732678818027191
107.506,-0.10479572495298001
107.50700000000001,-0.10226464064830365
107.508,-0.099733531195971226
107.509,-0.097202392502543811
107.51000000000001,-0.09467122045149351
107.511,-0.092140010903287273
107.512,-0.089608759695465945
107.51300000000001,-0.087077462642725922
107.514,-0.084546115537001143
107.515,-0.08201471414754774
107.51600000000001,-0.07948325422102509
107.517,-0.076951731481579078
107.518,-0.074420141630928527
107.51900000000001,-0.071888480348447303
107.52,-0.069356743291251299
107.521,-0.066824926094282033
107.52200000000001,-0.064293024370392748
107.523,-0.061761033710437729
107.524,-0.059228949683354792
107.52500000000001,-0.056696767836256434
107.526,-0.054164483694514209
107.527,-0.051632092761851434
107.52800000000001,-0.049099590520426784
107.529,-0.046566972430927778
107.53,-0.044034233932657096
107.53100000000001,-0.041501370443626562
107.532,-0.038968377360644013
107.533,-0.03643525005940651
107.53400000000001,-0.033901983894589816
107.535,-0.03136857419994421
107.536,-0.02883501628838292
107.53700000000001,-0.026301305452076928
107.538,-0.023767436962547184
107.539,-0.021233406070761018
107.54000000000001,-0.018699208007222634
107.541,-0.016164837982071745
107.542,-0.013630291185174559
107.54300000000001,-0.011095562786222535
107.544,-0.0085606479348279696
107.545,-0.0060255417606191464
107.54600000000001,-0.0034902393733383108
107.547,-0.0009547358629390934
107.548,0.0015809737003164015
107.54900000000001,0.0041168942657572871
107.55,0.0066530308022100249
107.551,0.0091893882978928421
107.55200000000001,0.011725971760320253
107.553,0.014262786216202361
107.554,0.016799836711344551
107.55500000000001,0.019337128310544516
107.556,0.021874666097494888
107.557,0.024412455174676329
107.55800000000001,0.026950500663261101
107.559,0.029488807703004993
107.56,0.032027381452148118
107.56100000000001,0.034566227087309387
107.562,0.037105349803384091
107.563,0.039644754813437599
107.56399999999999,0.042184447348602994
107.565,0.044724432657973046
107.566,0.047264716008497798
107.56699999999999,0.049805302684877095
107.568,0.052346197989451337
107.569,0.054887407242100783
107.56999999999999,0.057428935780132029
107.571,0.059970788958174981
107.572,0.062512972148071499
107.57299999999999,0.065055490738769484
107.574,0.06759835013621085
107.575,0.070141555763226449
107.57599999999999,0.072685113059422213
107.577,0.075229027481070798
107.578,0.077773304501001617
107.57899999999999,0.080317949608489259
107.58,0.082862968309141583
107.581,0.085408366124788304
107.58199999999999,0.087954148593370141
107.583,0.090500321268824124
107.584,0.09304688972097247
107.58499999999999,0.095593859535407388
107.586,0.09814123631337987
107.587,0.10068902567168281
107.58799999999999,0.10323723324253792
107.589,0.10578586467348181
107.59,0.10833492562724786
107.59099999999999,0.11088442178165445
107.592,0.1134343588294843
107.593,0.11598474247837259
107.59399999999999,0.11853557845068599
107.595,0.12108687248340949
107.596,0.12363863032802513
107.59699999999999,0.12619085775039651
107.598,0.12874356053064967
107.599,0.13129674446305464
107.59999999999999,0.13385041535590511
107.601,0.13640457903140005
107.602,0.13895924132552523
107.60299999999999,0.14151440808793034
107.604,0.14407008518181019
107.605,0.14662627848378262
107.60599999999999,0.14918299388376929
107.607,0.1517402372848719
107.608,0.15429801460325068
107.60899999999999,0.15685633176800268
107.61,0.1594151947210394
107.611,0.16197460941696254
107.61199999999999,0.16453458182294095
107.613,0.1670951179185875
107.614,0.16965622369583416
107.61499999999999,0.17221790515880872
107.616,0.17478016832370832
107.617,0.17734301921867551
107.61799999999999,0.17990646388367226
107.619,0.18247050837035578
107.62,0.18503515874194862
107.621,0.18760042107311595
107.622,0.19016630144983704
107.623,0.19273280596927858
107.624,0.19529994073966586
107.625,0.19786771188015737
107.626,0.20043612552071441
107.627,0.2030051878019746
107.628,0.20557490487511995
107.629,0.20814528290175194
107.63,0.2107163280537579
107.631,0.21328804651318625
107.63200000000001,0.21586044447210934
107.633,0.21843352813250103
107.634,0.22100730370609895
107.63500000000001,0.22358177741427962
107.636,0.22615695548792142
107.637,0.22873284416727768
107.63800000000001,0.2313094497018417
107.639,0.23388677835021512
107.64,0.23646483637997806
107.64100000000001,0.23904363006755097
107.642,0.24162316569806669
107.643,0.24420344956523504
107.64400000000001,0.24678448797120642
107.645,0.24936628722644302
107.646,0.25194885364958003
107.64700000000001,0.25453219356729484
107.648,0.25711631331416696
107.649,0.25970121923254863
107.65000000000001,0.26228691767242512
107.651,0.26487341499128292
107.652,0.26746071755396805
107.65300000000001,0.27004883173255534
107.654,0.27263776390620792
107.655,0.27522752046104526
107.65600000000001,0.2778181077899996
107.657,0.28040953229268284
107.658,0.28300180037524825
107.65900000000001,0.28559491845025292
107.66,0.28818889293651717
107.661,0.29078373025898852
107.66200000000001,0.29337943684860329
107.663,0.2959760191421455
107.664,0.29857348358210856
107.66500000000001,0.30117183661655739
107.666,0.30377108469898628
107.667,0.30637123428818086
107.66800000000001,0.30897229184807606
107.669,0.31157426384761822
107.67,0.31417715676062069
107.67100000000001,0.31678097706562758
107.672,0.31938573124576841
107.673,0.32199142578861834
107.67400000000001,0.32459806718605727
107.675,0.32720566193412753
107.676,0.32981421653289106
107.67700000000001,0.33242373748628717
107.678,0.335034231301991
107.679,0.33764570449126963
107.68000000000001,0.34025816356884009
107.681,0.3428716150527254
107.682,0.34548606546411076
107.68300000000001,0.34810152132720168
107.684,0.35071798916907815
107.685,0.35333547551955102
107.68600000000001,0.35595398691101887
107.687,0.35857352987832314
107.688,0.3611941109586001
107.68899999999999,0.36381573669114309
107.69,0.36643841361725021
107.691,0.3690621482800826
107.69199999999999,0.37168694722451984
107.693,0.37431281699701058
107.694,0.37693976414543018
107.69499999999999,0.37956779521893358
107.696,0.38219691676780798
107.697,0.38482713534332869
107.69799999999999,0.38745845749760877
107.699,0.39009088978345674
107.7,0.39272443875422758
107.70099999999999,0.39535911096367371
107.702,0.39799491296580047
107.703,0.40063185131471679
107.70399999999999,0.40326993256449067
107.705,0.40590916326899629
107.706,0.40854954998177062
107.70699999999999,0.41119109925586167
107.708,0.41383381764368482
107.709,0.4164777116968682
107.70999999999999,0.41912278796610902
107.711,0.42176905300102352
107.712,0.4244165133499973
107.71299999999999,0.4270651755600357
107.714,0.4297150461766166
107.715,0.43236613174354005
107.71599999999999,0.43501843880277818
107.717,0.43767197389432627
107.718,0.44032674355605239
107.71899999999999,0.44298275432354878
107.72,0.44564001272998088
107.721,0.44829852530593661
107.72199999999999,0.45095829857927572
107.723,0.45361933907498259
107.724,0.45628165331501319
107.72499999999999,0.458945247818143
107.726,0.46161012909981852
107.727,0.46427630367200673
107.72799999999999,0.46694377804304243
107.729,0.46961255871747787
107.73,0.47228265219593146
107.73099999999999,0.47495406497493708
107.732,0.47762680354679088
107.733,0.48030087439940178
107.73399999999999,0.48297628401613846
107.735,0.48565303887567857
107.736,0.48833114545185735
107.73699999999999,0.49101061021351211
107.738,0.49369143962433609
107.739,0.49637364014272095
107.73999999999999,0.49905721822160887
107.741,0.50174218030833695
107.742,0.50442853284448608
107.74299999999999,0.50711628226572958
107.744,0.5098054350016803
107.745,0.51249599747573671
107.746,0.5151879761049305
107.747,0.51788137729977657
107.748,0.52057620746411715
107.749,0.52327247299497004
107.75,0.52597018028237597
107.751,0.52866933570924601
107.752,0.53136994565120721
107.753,0.53407201647645153
107.754,0.53677555454558068
107.755,0.53948056621145424
107.756,0.54218705781903798
107.75700000000001,0.54489503570524522
107.758,0.54760450619879031
107.759,0.55031547562003136
107.76000000000001,0.55302795028081853
107.761,0.55574193648433778
107.762,0.55845744052496216
107.76300000000001,0.56117446868809329
107.764,0.56389302725001378
107.765,0.56661312247772733
107.76600000000001,0.56933476062881039
107.767,0.57205794795125531
107.768,0.57478269068331933
107.76900000000001,0.57750899505336939
107.77,0.58023686727972779
107.771,0.58296631357052253
107.77200000000001,0.58569734012352925
107.773,0.58842995312601976
107.774,0.59116415875460882
107.77500000000001,0.59389996317509919
107.776,0.59663737254233107
107.777,0.59937639300002354
107.77800000000001,0.60211703068062539
107.779,0.60485929170516051
107.78,0.60760318218307385
107.78100000000001,0.61034870821207687
107.782,0.61309587587799697
107.783,0.61584469125462071
107.78400000000001,0.61859516040354467
107.785,0.62134728937401618
107.786,0.62410108420278609
107.78700000000001,0.62685655091395054
107.788,0.62961369551880231
107.789,0.63237252401567146
107.79000000000001,0.6351330423897783
107.791,0.63789525661307667
107.792,0.64065917264410299
107.79300000000001,0.64342479642782002
107.794,0.64619213389546726
107.795,0.64896119096440574
107.79600000000001,0.65173197353796652
107.797,0.65450448750529644
107.798,0.6572787387412069
107.79900000000001,0.66005473310601981
107.8,0.6628324764454161
107.801,0.66561197459028243
107.80200000000001,0.66839323335655743
107.803,0.67117625854508234
107.804,0.67396105594144695
107.80500000000001,0.67674763131583471
107.806,0.6795359904228766
107.807,0.68232613900149319
107.80800000000001,0.68511808277474717
107.809,0.68791182744968582
107.81,0.69070737871719556
107.81100000000001,0.69350474225184455
107.812,0.69630392371173699
107.813,0.69910492873835539
107.81399999999999,0.70190776295641477
107.815,0.70471243197370459
107.816,0.70751894138094484
107.81699999999999,0.71032729675163098
107.818,0.71313750364188211
107.819,0.71594956759029293
107.81999999999999,0.71876349411777962
107.821,0.72157928872743415
107.822,0.72439695690436801
107.82299999999999,0.72721650411556527
107.824,0.73003793580973153
107.825,0.73286125741714492
107.82599999999999,0.73568647434950241
107.827,0.73851359199977451
107.828,0.74134261574205251
107.82899999999999,0.74417355093140125
107.83,0.7470064029037069
107.831,0.74984117697552821
107.83199999999999,0.75267787844395095
107.833,0.75551651258643393
107.834,0.75835708466066376
107.83499999999999,0.76119959990440333
107.836,0.76404406353534626
107.837,0.76689048075096711
107.83799999999999,0.7697388567283705
107.839,0.77258919662414938
107.84,0.77544150557423042
107.84099999999999,0.77829578869373273
107.842,0.78115205107681318
107.843,0.78401029779652565
107.84399999999999,0.78687053390466943
107.845,0.78973276443164719
107.846,0.79259699438631026
107.84699999999999,0.7954632287558201
107.848,0.79833147250549708
107.849,0.80120173057867827
107.84999999999999,0.80407400789656469
107.851,0.80694830935808326
107.852,0.8098246398397364
107.85299999999999,0.81270300419545793
107.854,0.81558340725646816
107.855,0.81846585383112802
107.85599999999999,0.8213503487047944
107.857,0.8242368966396787
107.858,0.82712550237469751
107.85899999999999,0.83001617062532995
107.86,0.83290890608347701
107.861,0.83580371341731485
107.86199999999999,0.83870059727115076
107.863,0.84159956226528243
107.864,0.84450061299585377
107.86499999999999,0.84740375403471158
107.866,0.85030898992926285
107.867,0.8532163252023347
107.86799999999999,0.85612576435203058
107.869,0.85903731185158838
107.87,0.86195097214923844
107.871,0.86486674966806432
107.872,0.86778464880586093
107.873,0.87070467393499251
107.874,0.87362682940225211
107.875,0.87655111952872444
107.876,0.87947754860964156
107.877,0.88240612091424786
107.878,0.88533684068565521
107.879,0.88826971214070749
107.88,0.89120473946984136
107.881,0.89414192683694649
107.88200000000001,0.89708127837922813
107.883,0.90002279820706821
107.884,0.90296649040388699
107.88500000000001,0.90591235902600986
107.886,0.908860408102523
107.887,0.9118106416351428
107.88800000000001,0.91476306359807424
107.889,0.91771767793788073
107.89,0.92067448857334055
107.89100000000001,0.92363349939531647
107.892,0.9265947142666201
107.893,0.92955813702187318
107.89400000000001,0.93252377146737586
107.895,0.93549162138097208
107.896,0.93846169051191353
107.89700000000001,0.9414339825807293
107.898,0.94440850127908571
107.899,0.94738525026966092
107.90000000000001,0.95036423318600649
107.901,0.95334545363241896
107.902,0.95632891518380359
107.90300000000001,0.95931462138554313
107.904,0.96230257575337008
107.905,0.96529278177323186
107.90600000000001,0.9682852429011598
107.907,0.97127996256313875
107.908,0.97427694415498134
107.90900000000001,0.97727619104219043
107.91,0.98027770655983593
107.911,0.98328149401242093
107.91200000000001,0.98628755667375911
107.913,0.98929589778683813
107.914,0.99230652056369839
107.91500000000001,0.99531942818530206
107.916,0.99833462380140614
107.917,1.0013521105304353
107.91800000000001,1.0043718914593567
107.919,1.0073939696435505
107.92,1.0104183481066886
107.92100000000001,1.0134450298406041
107.922,1.0164740178051708
107.923,1.0195053149281748
107.92400000000001,1.0225389241051923
107.925,1.0255748481994638
107.926,1.0286130900417731
107.92700000000001,1.0316536524303213
107.928,1.0346965381306057
107.929,1.037741749875297
107.93000000000001,1.0407892903641169
107.931,1.0438391622637173
107.932,1.0468913682075569
107.93300000000001,1.0499459107957851
107.934,1.0530027925951146
107.935,1.056062016138708
107.93600000000001,1.0591235839260547
107.937,1.062187498422853
107.938,1.0652537620608884
107.93899999999999,1.0683223772379211
107.94,1.0713933463175629
107.941,1.0744666716291611
107.94199999999999,1.0775423554676826
107.943,1.0806204000935966
107.944,1.0837008077327572
107.94499999999999,1.0867835805762884
107.946,1.0898687207804716
107.947,1.0929562304666252
107.94799999999999,1.0960461117209945
107.949,1.0991383665946346
107.95,1.1022329971033007
107.95099999999999,1.1053300052273316
107.952,1.1084293929115381
107.953,1.1115311620650896
107.95399999999999,1.1146353145614056
107.955,1.1177418522380407
107.956,1.1208507768965759
107.95699999999999,1.1239620903025067
107.958,1.1270757941851359
107.959,1.1301918902374601
107.95999999999999,1.1333103801160642
107.961,1.1364312654410111
107.962,1.1395545477957336
107.96299999999999,1.1426802287269284
107.964,1.1458083097444454
107.965,1.1489387923211867
107.96599999999999,1.1520716778929947
107.967,1.1552069678585495
107.968,1.1583446635792636
107.96899999999999,1.1614847663791763
107.97,1.1646272775448492
107.971,1.1677721983252662
107.97199999999999,1.170919529931723
107.973,1.1740692735377303
107.974,1.1772214302789115
107.97499999999999,1.1803760012528968
107.976,1.1835329875192255
107.977,1.1866923900992443
107.97799999999999,1.1898542099760068
107.979,1.1930184480941741
107.98,1.1961851053599153
107.98099999999999,1.1993541826408101
107.982,1.2025256807657474
107.983,1.2056996005248304
107.98399999999999,1.2088759426692794
107.985,1.2120547079113351
107.986,1.2152358969241601
107.98699999999999,1.2184195103417472
107.988,1.22160554875882
107.989,1.2247940127307433
107.98999999999999,1.2279849027734251
107.991,1.231178219363223
107.992,1.2343739629368558
107.99299999999999,1.237572133891307
107.994,1.2407727325837339
107.995,1.2439757593313767
107.996,1.2471812144114665
107.997,1.2503890980611381
107.998,1.2535994104773365
107.999,1.2568121518167317
108,1.2600273221956262
108.001,1.2632449216898696
108.002,1.2664649503347714
108.003,1.2696874081250105
108.004,1.2729122950145553
108.005,1.2761396109165704
108.006,1.2793693557033381
108.00700000000001,1.2826015292061683
108.008,1.2858361312153206
108.009,1.2890731614799114
108.01000000000001,1.2923126197078423
108.011,1.2955545055657076
108.012,1.2987988186787209
108.01300000000001,1.3020455586306268
108.014,1.3052947249636269
108.015,1.3085463171782907
108.01600000000001,1.3118003347334892
108.017,1.3150567770463009
108.018,1.3183156434919472
108.01900000000001,1.3215769334037051
108.02,1.3248406460728352
108.021,1.3281067807485019
108.02200000000001,1.3313753366377017
108.023,1.3346463129051824
108.024,1.3379197086733736
108.02500000000001,1.341195523022308
108.026,1.3444737549895516
108.027,1.3477544035701288
108.02800000000001,1.3510374677164505
108.029,1.3543229463382405
108.03,1.3576108383024699
108.03100000000001,1.3609011424332784
108.032,1.364193857511913
108.033,1.3674889822766501
108.03400000000001,1.3707865154227363
108.035,1.3740864556023098
108.036,1.3773888014243436
108.03700000000001,1.3806935514545684
108.038,1.3840007042154165
108.039,1.3873102581859464
108.04000000000001,1.3906222118017866
108.041,1.3939365634550636
108.042,1.3972533114943455
108.04300000000001,1.400572454224573
108.044,1.4038939899069998
108.045,1.4072179167591292
108.04600000000001,1.4105442329546551
108.047,1.4138729366233997
108.048,1.4172040258512562
108.04900000000001,1.4205374986801227
108.05,1.4238733531078538
108.051,1.4272115870881925
108.05200000000001,1.4305521985307208
108.053,1.4338951853007982
108.054,1.4372405452195074
108.05500000000001,1.4405882760635977
108.056,1.4439383755654343
108.057,1.4472908414129362
108.05800000000001,1.4506456712495315
108.059,1.4540028626740997
108.06,1.4573624132409195
108.06100000000001,1.4607243204596188
108.062,1.4640885817951255
108.063,1.4674551946676111
108.06399999999999,1.4708241564524502
108.065,1.474195464480162
108.066,1.4775691160363709
108.06699999999999,1.4809451083617529
108.068,1.4843234386519908
108.069,1.4877041040577286
108.06999999999999,1.4910871016845271
108.071,1.4944724285928124
108.072,1.4978600817978431
108.07299999999999,1.5012500582696562
108.074,1.5046423549330299
108.075,1.5080369686674395
108.07599999999999,1.5114338963070182
108.077,1.5148331346405108
108.078,1.5182346804112437
108.07899999999999,1.5216385303170714
108.08,1.5250446810103515
108.081,1.5284531290978991
108.08199999999999,1.5318638711409502
108.083,1.5352769036551264
108.084,1.538692223110399
108.08499999999999,1.5421098259310497
108.086,1.5455297084956436
108.087,1.5489518671369891
108.08799999999999,1.5523762981421072
108.089,1.5558029977521963
108.09,1.5592319621626034
108.09099999999999,1.5626631875227937
108.092,1.5660966699363164
108.093,1.5695324054607758
108.09399999999999,1.5729703901078071
108.095,1.5764106198430394
108.096,1.5798530905860773
108.09699999999999,1.5832977982104663
108.098,1.5867447385436728
108.099,1.5901939073670512
108.09999999999999,1.5936453004158284
108.101,1.597098913379071
108.102,1.6005547418996691
108.10299999999999,1.6040127815743046
108.104,1.6074730279534408
108.105,1.6109354765412893
108.10599999999999,1.6144001227958011
108.107,1.6178669621286341
108.108,1.6213359899051467
108.10899999999999,1.6248072014443691
108.11,1.6282805920189909
108.111,1.6317561568553427
108.11199999999999,1.6352338911333812
108.113,1.6387137899866713
108.114,1.6421958485023722
108.11499999999999,1.6456800617212237
108.116,1.6491664246375346
108.117,1.6526549321991637
108.11799999999999,1.6561455793075164
108.119,1.6596383608175251
108.12,1.6631332715376481
108.121,1.6666303062298475
108.122,1.6701294596095944
108.123,1.6736307263458476
108.124,1.6771341010610556
108.125,1.6806395783311425
108.126,1.6841471526855074
108.127,1.6876568186070178
108.128,1.6911685705319999
108.129,1.6946824028502416
108.13,1.6981983099049869
108.131,1.7017162859929305
108.13200000000001,1.7052363253642189
108.133,1.7087584222224508
108.134,1.7122825707246714
108.13500000000001,1.71580876498138
108.136,1.7193369990565264
108.137,1.722867266967512
108.13800000000001,1.7263995626851967
108.139,1.7299338801338995
108.14,1.7334702131914002
108.14100000000001,1.7370085556889534
108.142,1.7405489014112832
108.143,1.7440912440965943
108.14400000000001,1.7476355774365826
108.145,1.7511818950764364
108.146,1.7547301906148487
108.14700000000001,1.7582804576040278
108.148,1.7618326895497032
108.149,1.7653868799111416
108.15000000000001,1.7689430221011526
108.151,1.7725011094861076
108.152,1.7760611353859457
108.15300000000001,1.7796230930741948
108.154,1.7831869757779779
108.155,1.7867527766780393
108.15600000000001,1.7903204889087487
108.157,1.7938901055581282
108.158,1.7974616196678603
108.15900000000001,1.8010350242333171
108.16,1.8046103122035682
108.161,1.8081874764814101
108.16200000000001,1.8117665099233773
108.163,1.8153474053397753
108.164,1.8189301554946895
108.16500000000001,1.8225147531060206
108.166,1.8261011908454972
108.167,1.8296894613387062
108.16800000000001,1.8332795571651188
108.169,1.8368714708581115
108.17,1.8404651949049957
108.17100000000001,1.8440607217470473
108.172,1.8476580437795282
108.173,1.8512571533517224
108.17400000000001,1.8548580427669572
108.175,1.858460704282644
108.176,1.8620651301103002
108.17700000000001,1.8656713124155861
108.178,1.8692792433183356
108.179,1.8728889148925905
108.18000000000001,1.8765003191666318
108.181,1.8801134481230191
108.182,1.8837282936986222
108.18300000000001,1.8873448477846613
108.184,1.8909631022267379
108.185,1.8945830488248814
108.18600000000001,1.8982046793335787
108.187,1.9018279854618203
108.188,1.9054529588731348
108.18899999999999,1.9090795911856397
108.19,1.9127078739720675
108.191,1.9163377987598229
108.19199999999999,1.9199693570310163
108.193,1.923602540222513
108.194,1.9272373397259757
108.19499999999999,1.9308737468879098
108.196,1.9345117530097096
108.197,1.9381513493477083
108.19799999999999,1.9417925271132175
108.199,1.9454352774725852
108.2,1.949079591547241
108.20099999999999,1.9527254604137438
108.202,1.9563728751038334
108.203,1.9600218266044873
108.20399999999999,1.963672305857965
108.205,1.9673243037618664
108.206,1.9709778111691805
108.20699999999999,1.9746328188883475
108.208,1.9782893176833056
108.209,1.9819472982735524
108.20999999999999,1.9856067513341995
108.211,1.9892676674960321
108.212,1.9929300373455625
108.21299999999999,1.9965938514250932
108.214,2.0002591002327756
108.215,2.0039257742226733
108.21599999999999,2.007593863804813
108.217,2.0112633593452607
108.218,2.0149342511661725
108.21899999999999,2.0186065295458686
108.22,2.0222801847188849
108.221,2.0259552068760502
108.22199999999999,2.0296315861645446
108.223,2.0333093126879662
108.224,2.0369883765064056
108.22499999999999,2.0406687676365007
108.226,2.0443504760515183
108.227,2.0480334916814167
108.22799999999999,2.0517178044129154
108.229,2.0554034040895699
108.23,2.0590902805118425
108.23099999999999,2.0627784234371709
108.232,2.0664678225800444
108.233,2.070158467612079
108.23399999999999,2.0738503481620882
108.235,2.0775434538161632
108.236,2.0812377741177439
108.23699999999999,2.0849332985677007
108.238,2.0886300166244052
108.239,2.0923279177038188
108.23999999999999,2.0960269911795608
108.241,2.0997272263829969
108.242,2.1034286126033135
108.24299999999999,2.1071311390876035
108.244,2.1108347950409447
108.245,2.1145395696264879
108.246,2.1182454519655303
108.247,2.1219524311376121
108.248,2.1256604961805943
108.249,2.1293696360907433
108.25,2.1330798398228179
108.251,2.1367910962901666
108.252,2.1405033943647984
108.253,2.1442167228774842
108.254,2.1479310706178416
108.255,2.1516464263344224
108.256,2.1553627787348102
108.25700000000001,2.1590801164857041
108.258,2.162798428213021
108.259,2.1665177025019746
108.26000000000001,2.1702379278971815
108.261,2.1739590929027504
108.262,2.1776811859823773
108.26300000000001,2.1814041955594403
108.264,2.1851281100171018
108.265,2.1888529176983962
108.26600000000001,2.1925786069063395
108.267,2.1963051659040151
108.268,2.2000325829146861
108.26900000000001,2.2037608461218841
108.27,2.207489943669521
108.271,2.2112198636619782
108.27200000000001,2.2149505941642209
108.273,2.2186821232018934
108.274,2.2224144387614273
108.27500000000001,2.226147528790138
108.276,2.2298813811963427
108.277,2.2336159838494556
108.27800000000001,2.237351324580096
108.279,2.2410873911802005
108.28,2.2448241714031294
108.28100000000001,2.2485616529637671
108.282,2.252299823538646
108.283,2.256038670766042
108.28400000000001,2.2597781822460976
108.285,2.2635183455409225
108.286,2.2672591481747153
108.28700000000001,2.2710005776338669
108.288,2.2747426213670852
108.289,2.2784852667854967
108.29000000000001,2.2822285012627725
108.291,2.2859723121352356
108.292,2.2897166867019854
108.29300000000001,2.2934616122250047
108.294,2.2972070759292853
108.295,2.3009530650029433
108.29600000000001,2.3046995665973391
108.297,2.308446567827195
108.298,2.3121940557707186
108.29900000000001,2.3159420174697205
108.3,2.3196904399297393
108.301,2.3234393101201603
108.30200000000001,2.3271886149743448
108.303,2.3309383413897455
108.304,2.3346884762280378
108.30500000000001,2.3384390063152414
108.306,2.3421899184418478
108.307,2.3459411993629442
108.30800000000001,2.3496928357983431
108.309,2.3534448144327111
108.31,2.3571971219156929
108.31100000000001,2.3609497448620438
108.312,2.3647026698517606
108.313,2.3684558834302045
108.31399999999999,2.3722093721082436
108.315,2.3759631223623776
108.316,2.3797171206348686
108.31699999999999,2.3834713533338774
108.318,2.3872258068335972
108.319,2.3909804674743893
108.31999999999999,2.3947353215629112
108.321,2.3984903553722625
108.322,2.402245555142112
108.32299999999999,2.4060009070788366
108.324,2.4097563973556682
108.325,2.4135120121128133
108.32599999999999,2.417267737457613
108.327,2.4210235594646639
108.328,2.4247794641759715
108.32899999999999,2.4285354376010835
108.33,2.4322914657172356
108.331,2.4360475344694876
108.33199999999999,2.4398036297708732
108.333,2.4435597375025373
108.334,2.4473158435138851
108.33499999999999,2.4510719336227198
108.336,2.4548279936153952
108.337,2.4585840092469549
108.33799999999999,2.4623399662412848
108.339,2.466095850291254
108.34,2.4698516470588658
108.34099999999999,2.4736073421754048
108.342,2.4773629212415864
108.343,2.4811183698277066
108.34399999999999,2.4848736734737913
108.345,2.4886288176897429
108.346,2.4923837879555011
108.34699999999999,2.4961385697211838
108.348,2.499893148407248
108.349,2.5036475094046375
108.34999999999999,2.5074016380749398
108.351,2.5111555197505355
108.352,2.5149091397347614
108.35299999999999,2.5186624833020534
108.354,2.5224155356981171
108.355,2.5261682821400733
108.35599999999999,2.5299207078166179
108.357,2.5336727978881832
108.358,2.537424537487091
108.35899999999999,2.541175911717712
108.36,2.5449269056566322
108.361,2.5486775043527996
108.36199999999999,2.5524276928277021
108.363,2.5561774560755115
108.364,2.5599267790632561
108.36499999999999,2.5636756467309771
108.366,2.5674240439918981
108.367,2.5711719557325772
108.36799999999999,2.5749193668130865
108.369,2.5786662620671601
108.37,2.5824126263023715
108.371,2.5861584443002914
108.372,2.589903700816659
108.373,2.5936483805815453
108.374,2.5973924682995215
108.375,2.6011359486498287
108.376,2.6048788062865396
108.377,2.608621025838735
108.378,2.6123625919106703
108.379,2.6161034890819432
108.38,2.6198437019076657
108.381,2.6235832149186353
108.38200000000001,2.6273220126215064
108.383,2.6310600794989649
108.384,2.6347974000098899
108.38500000000001,2.6385339585895453
108.386,2.6422697396497328
108.387,2.6460047275789824
108.38800000000001,2.6497389067427144
108.389,2.6534722614834281
108.39,2.6572047761208597
108.39100000000001,2.6609364349521765
108.392,2.6646672222521399
108.393,2.6683971222732912
108.39400000000001,2.672126119246121
108.395,2.6758541973792571
108.396,2.6795813408596323
108.39700000000001,2.6833075338526737
108.398,2.6870327605024715
108.399,2.6907570049319709
108.40000000000001,2.6944802512431414
108.401,2.6982024835171656
108.402,2.7019236858146156
108.40300000000001,2.7056438421756384
108.404,2.7093629366201362
108.405,2.7130809531479505
108.40600000000001,2.7167978757390419
108.407,2.7205136883536802
108.408,2.7242283749326242
108.40900000000001,2.727941919397304
108.41,2.7316543056500153
108.411,2.7353655175740923
108.41200000000001,2.7390755390341037
108.413,2.7427843538760386
108.414,2.7464919459274837
108.41500000000001,2.7501982989978253
108.416,2.7539033968784219
108.417,2.7576072233428088
108.41800000000001,2.7613097621468667
108.419,2.7650109970290337
108.42,2.7687109117104733
108.42100000000001,2.7724094898952818
108.422,2.7761067152706649
108.423,2.7798025715071399
108.42400000000001,2.7834970422587166
108.425,2.7871901111631003
108.426,2.7908817618418693
108.42700000000001,2.7945719779006843
108.428,2.798260742929465
108.429,2.801948040502598
108.43000000000001,2.8056338541791157
108.431,2.8093181675029051
108.432,2.813000964002891
108.43300000000001,2.8166822271932355
108.434,2.8203619405735343
108.435,2.8240400876290104
108.43600000000001,2.8277166518307086
108.437,2.8313916166356976
108.438,2.8350649654872586
108.43899999999999,2.8387366818150919
108.44,2.8424067490355047
108.441,2.8460751505516173
108.44199999999999,2.8497418697535539
108.443,2.8534068900186487
108.444,2.8570701947116399
108.44499999999999,2.8607317671848724
108.446,2.8643915907784909
108.447,2.8680496488206488
108.44799999999999,2.8717059246277037
108.449,2.8753604015044192
108.45,2.8790130627441628
108.45099999999999,2.8826638916291123
108.452,2.8863128714304587
108.453,2.8899599854086007
108.45399999999999,2.8936052168133517
108.455,2.8972485488841468
108.456,2.9008899648502364
108.45699999999999,2.9045294479308987
108.458,2.908166981335639
108.459,2.9118025482643919
108.45999999999999,2.9154361319077311
108.461,2.919067715447071
108.462,2.9226972820548704
108.46299999999999,2.9263248148948402
108.464,2.9299502971221481
108.465,2.9335737118836236
108.46599999999999,2.9371950423179682
108.467,2.9408142715559573
108.468,2.9444313827206461
108.46899999999999,2.9480463589275843
108.47,2.9516591832850123
108.471,2.9552698388940821
108.47199999999999,2.958878308849052
108.473,2.9624845762375043
108.474,2.96608862414055
108.47499999999999,2.9696904356330358
108.476,2.9732899937837587
108.477,2.9768872816556695
108.47799999999999,2.9804822823060841
108.479,2.9840749787868983
108.48,2.9876653541447888
108.48099999999999,2.9912533914214299
108.482,2.9948390736537016
108.483,2.9984223838739048
108.48399999999999,3.0020033051099619
108.485,3.0055818203856433
108.486,3.0091579127207617
108.48699999999999,3.0127315651314008
108.488,3.0163027606301127
108.489,3.0198714822261405
108.48999999999999,3.0234377129256256
108.491,3.0270014357318216
108.492,3.0305626336453053
108.49299999999999,3.0341212896641951
108.494,3.0376773867843552
108.495,3.0412309079996231
108.496,3.0447818363020049
108.497,3.0483301546819068
108.498,3.0518758461283384
108.499,3.0554188936291293
108.5,3.0589592801711456
108.501,3.0624969887405018
108.502,3.0660320023227805
108.503,3.0695643039032388
108.504,3.0730938764670332
108.505,3.076620702999429
108.506,3.080144766486018
108.50700000000001,3.0836660499129303
108.508,3.0871845362670585
108.509,3.0907002085362643
108.51000000000001,3.0942130497096016
108.511,3.0977230427775275
108.512,3.1012301707321273
108.51300000000001,3.1047344165673203
108.514,3.1082357632790809
108.515,3.1117341938656589
108.51600000000001,3.1152296913277979
108.517,3.1187222386689393
108.518,3.1222118188954564
108.51900000000001,3.1256984150168607
108.52,3.1291820100460264
108.521,3.1326625869994014
108.52200000000001,3.1361401288972317
108.523,3.1396146187637726
108.524,3.143086039627514
108.52500000000001,3.1465543745213926
108.526,3.1500196064830162
108.527,3.1534817185548727
108.52800000000001,3.1569406937845579
108.529,3.1603965152249889
108.53,3.1638491659346282
108.53100000000001,3.167298628977691
108.532,3.1707448874243789
108.533,3.1741879243510853
108.53400000000001,3.1776277228406262
108.535,3.1810642659824486
108.536,3.1844975368728581
108.53700000000001,3.1879275186152327
108.538,3.1913541943202439
108.539,3.1947775471060749
108.54000000000001,3.1981975600986439
108.541,3.2016142164318184
108.542,3.2050274992476377
108.54300000000001,3.2084373916965307
108.544,3.2118438769375377
108.545,3.2152469381385274
108.54600000000001,3.2186465584764212
108.547,3.2220427211374019
108.548,3.2254354093171504
108.54900000000001,3.2288246062210493
108.55,3.2322102950644123
108.551,3.235592459072699
108.55200000000001,3.2389710814817385
108.553,3.2423461455379465
108.554,3.2457176344985479
108.55500000000001,3.2490855316317906
108.556,3.2524498202171737
108.557,3.2558104835456585
108.55800000000001,3.2591675049198994
108.559,3.2625208676544499
108.56,3.265870555075995
108.56100000000001,3.2692165505235615
108.562,3.272558837348746
108.563,3.2758973989159248
108.56399999999999,3.2792322186024871
108.565,3.2825632797990374
108.566,3.2858905659096345
108.56699999999999,3.2892140603519917
108.568,3.2925337465577122
108.569,3.2958496079724999
108.56999999999999,3.2991616280563827
108.571,3.3024697902839275
108.572,3.3057740781444664
108.57299999999999,3.3090744751423071
108.574,3.3123709647969632
108.575,3.3156635306433628
108.57599999999999,3.3189521562320734
108.577,3.3222368251295205
108.578,3.325517520918206
108.57899999999999,3.3287942271969237
108.58,3.3320669275809873
108.581,3.3353356057024377
108.58199999999999,3.3386002452102681
108.583,3.3418608297706469
108.584,3.3451173430671211
108.58499999999999,3.3483697688008531
108.586,3.3516180906908279
108.587,3.3548622924740688
108.58799999999999,3.3581023579058682
108.589,3.3613382707599908
108.59,3.3645700148289022
108.59099999999999,3.3677975739239816
108.592,3.3710209318757389
108.593,3.3742400725340342
108.59399999999999,3.3774549797682978
108.595,3.3806656374677373
108.596,3.3838720295415681
108.59699999999999,3.3870741399192212
108.598,3.3902719525505605
108.599,3.3934654514061036
108.59999999999999,3.3966546204772361
108.601,3.3998394437764254
108.602,3.4030199053374424
108.60299999999999,3.4061959892155707
108.604,3.4093676794878292
108.605,3.4125349602531831
108.60599999999999,3.415697815632762
108.607,3.4188562297700718
108.608,3.4220101868312152
108.60899999999999,3.4251596710050984
108.61,3.4283046665036587
108.611,3.4314451575620621
108.61199999999999,3.4345811284389356
108.613,3.4377125634165662
108.614,3.4408394468011245
108.61499999999999,3.4439617629228767
108.616,3.4470794961363946
108.617,3.4501926308207698
108.61799999999999,3.4533011513798302
108.619,3.4564050422423525
108.62,3.4595042878622686
108.621,3.4625988727188859
108.622,3.4656887813170987
108.623,3.4687739981875936
108.624,3.4718545078870688
108.625,3.4749302949984386
108.626,3.4780013441310533
108.627,3.4810676399209037
108.628,3.4841291670308321
108.629,3.4871859101507474
108.63,3.4902378539978307
108.631,3.4932849833167463
108.63200000000001,3.4963272828798564
108.633,3.4993647374874208
108.634,3.5023973319678179
108.63500000000001,3.5054250511777441
108.636,3.5084478800024232
108.637,3.5114658033558248
108.63800000000001,3.5144788061808607
108.639,3.5174868734495996
108.64,3.5204899901634685
108.64100000000001,3.5234881413534698
108.642,3.5264813120803771
108.643,3.5294694874349508
108.64400000000001,3.5324526525381366
108.645,3.535430792541284
108.646,3.5384038926263299
108.64700000000001,3.5413719380060318
108.648,3.5443349139241542
108.649,3.5472928056556734
108.65000000000001,3.550245598506991
108.651,3.5531932778161384
108.652,3.5561358289529639
108.65300000000001,3.5590732373193599
108.654,3.5620054883494494
108.655,3.5649325675097945
108.65600000000001,3.5678544602995954
108.657,3.5707711522508996
108.658,3.5736826289287982
108.65900000000001,3.5765888759316264
108.66,3.5794898788911675
108.661,3.5823856234728528
108.66200000000001,3.5852760953759621
108.663,3.5881612803338228
108.664,3.5910411641140061
108.66500000000001,3.5939157325185365
108.666,3.5967849713840807
108.667,3.5996488665821511
108.66800000000001,3.6025074040192968
108.669,3.6053605696373126
108.67,3.6082083494134292
108.67100000000001,3.6110507293605059
108.672,3.6138876955272377
108.673,3.616719233998348
108.67400000000001,3.6195453308947707
108.675,3.6223659723738715
108.676,3.6251811446296167
108.67700000000001,3.6279908338927855
108.678,3.6307950264311555
108.679,3.633593708549697
108.68000000000001,3.6363868665907684
108.681,3.6391744869343072
108.682,3.6419565559980271
108.68300000000001,3.6447330602376011
108.684,3.6475039861468583
108.685,3.650269320257975
108.68600000000001,3.6530290491416655
108.687,3.65578315940737
108.688,3.6585316377034429
108.68899999999999,3.6612744707173475
108.69,3.6640116451758415
108.691,3.6667431478451658
108.69199999999999,3.6694689655312249
108.693,3.6721890850797934
108.694,3.6749034933766804
108.69499999999999,3.67761217734793
108.696,3.680315123959998
108.697,3.6830123202199534
108.69799999999999,3.6857037531756465
108.699,3.6883894099158918
108.7,3.691069277570671
108.70099999999999,3.6937433433112998
108.702,3.6964115943506148
108.703,3.6990740179431625
108.70399999999999,3.7017306013853633
108.705,3.7043813320157231
108.706,3.7070261972149789
108.70699999999999,3.7096651844063127
108.708,3.7122982810555039
108.709,3.7149254746711229
108.70999999999999,3.7175467528047124
108.711,3.7201621030509564
108.712,3.7227715130478587
108.71299999999999,3.7253749704769348
108.714,3.7279724630633684
108.715,3.7305639785761961
108.71599999999999,3.7331495048284906
108.717,3.7357290296775241
108.718,3.7383025410249475
108.71899999999999,3.7408700268169692
108.72,3.7434314750445168
108.721,3.7459868737434237
108.72199999999999,3.7485362109945894
108.723,3.751079474924162
108.724,3.7536166537037019
108.72499999999999,3.7561477355503534
108.726,3.7586727087270151
108.727,3.7611915615425167
108.72799999999999,3.7637042823517701
108.729,3.7662108595559629
108.73,3.7687112816027004
108.73099999999999,3.7712055369861934
108.732,3.7736936142474109
108.733,3.7761755019742504
108.73399999999999,3.7786511888017125
108.735,3.7811206634120462
108.736,3.7835839145349284
108.73699999999999,3.7860409309476264
108.738,3.7884917014751567
108.739,3.7909362149904418
108.73999999999999,3.7933744604144861
108.741,3.7958064267165259
108.742,3.798232102914195
108.74299999999999,3.8006514780736795
108.744,3.8030645413098818
108.745,3.805471281786581
108.746,3.8078716887165824
108.747,3.8102657513618832
108.748,3.8126534590338248
108.749,3.8150348010932511
108.75,3.817409766950663
108.751,3.8197783460663683
108.752,3.8221405279506504
108.753,3.8244963021639022
108.754,3.8268456583167927
108.755,3.8291885860704142
108.756,3.8315250751364358
108.75700000000001,3.8338551152772511
108.758,3.8361786963061335
108.759,3.8384958080873774
108.76000000000001,3.8408064405364581
108.761,3.8431105836201689
108.762,3.8454082273567725
108.76300000000001,3.8476993618161539
108.764,3.8499839771199613
108.765,3.8522620634417444
108.76600000000001,3.8545336110071129
108.767,3.856798610093874
108.768,3.8590570510321678
108.76900000000001,3.8613089242046277
108.77,3.8635542200465078
108.771,3.8657929290458242
108.77200000000001,3.8680250417435103
108.773,3.8702505487335355
108.774,3.8724694406630618
108.77500000000001,3.8746817082325742
108.776,3.8768873421960146
108.777,3.87908633336093
108.77800000000001,3.8812786725885999
108.779,3.883464350794172
108.78,3.8856433589468065
108.78100000000001,3.8878156880697921
108.782,3.8899813292406993
108.783,3.8921402735914992
108.78400000000001,3.8942925123086995
108.785,3.8964380366334774
108.786,3.8985768378618082
108.78700000000001,3.900708907344594
108.788,3.9028342364877973
108.789,3.9049528167525591
108.79000000000001,3.9070646396553377
108.791,3.9091696967680312
108.792,3.9112679797180938
108.79300000000001,3.9133594801886797
108.794,3.9154441899187526
108.795,3.9175221007032088
108.79600000000001,3.9195932043930175
108.797,3.9216574928953141
108.798,3.923714958173552
108.79900000000001,3.9257655922475969
108.8,3.9278093871938666
108.801,3.9298463351454358
108.80200000000001,3.9318764282921643
108.803,3.9338996588808022
108.804,3.9359160192151226
108.80500000000001,3.9379255016560237
108.806,3.9399280986216501
108.807,3.9419238025875041
108.80800000000001,3.9439126060865641
108.809,3.9458945017093883
108.81,3.9478694821042351
108.81100000000001,3.9498375399771692
108.812,3.9517986680921791
108.813,3.9537528592712663
108.81399999999999,3.9557001063945814
108.815,3.957640402400513
108.816,3.9595737402857982
108.81699999999999,3.9615001131056338
108.818,3.9634195139737782
108.819,3.9653319360626518
108.81999999999999,3.967237372603448
108.821,3.9691358168862281
108.822,3.9710272622600331
108.82299999999999,3.9729117021329778
108.824,3.9747891299723479
108.825,3.9766595393047073
108.82599999999999,3.9785229237159943
108.827,3.9803792768516173
108.828,3.9822285924165515
108.82899999999999,3.9840708641754365
108.83,3.9859060859526729
108.831,3.987734251632514
108.83199999999999,3.9895553551591605
108.833,3.9913693905368484
108.834,3.9931763518299541
108.83499999999999,3.9949762331630692
108.836,3.9967690287210988
108.837,3.9985547327493531
108.83799999999999,4.0003333395536274
108.839,4.0021048435002982
108.84,4.0038692390164057
108.84099999999999,4.005626520589737
108.842,4.0073766827689195
108.843,4.0091197201634898
108.84399999999999,4.0108556274439984
108.845,4.01258439934207
108.846,4.0143060306504967
108.84699999999999,4.0160205162233176
108.848,4.0177278509759002
108.849,4.0194280298850087
108.84999999999999,4.0211210479888937
108.851,4.0228069003873648
108.852,4.024485582241863
108.85299999999999,4.026157088775542
108.854,4.0278214152733414
108.855,4.0294785570820526
108.85599999999999,4.0311285096103981
108.857,4.0327712683291015
108.858,4.0344068287709653
108.85899999999999,4.0360351865309223
108.86,4.0376563372661209
108.861,4.0392702766959889
108.86199999999999,4.0408770006023005
108.863,4.0424765048292359
108.864,4.0440687852834536
108.86499999999999,4.0456538379341556
108.866,4.0472316588131445
108.867,4.0488022440148868
108.86799999999999,4.050365589696586
108.869,4.0519216920782251
108.87,4.0534705474426396
108.871,4.0550121521355669
108.872,4.0565465025657144
108.873,4.0580735952048066
108.874,4.0595934265876457
108.875,4.0611059933121672
108.876,4.0626112920394926
108.877,4.0641093194939826
108.878,4.0656000724632868
108.879,4.0670835477984006
108.88,4.0685597424137097
108.881,4.0700286532870429
108.88200000000001,4.0714902774597199
108.883,4.072944612036598
108.884,4.0743916541861163
108.88500000000001,4.0758314011403494
108.886,4.0772638501950436
108.887,4.0786889987096577
108.88800000000001,4.080106844107422
108.889,4.0815173838753616
108.89,4.0829206155643485
108.89100000000001,4.0843165367891352
108.892,4.0857051452283955
108.893,4.0870864386247696
108.89400000000001,4.0884604147848886
108.895,4.0898270715794132
108.896,4.0911864069430823
108.89700000000001,4.092538418874728
108.898,4.0938831054373175
108.899,4.0952204647579915
108.90000000000001,4.0965504950280813
108.901,4.0978731945031512
108.902,4.0991885615030172
108.90300000000001,4.1004965944117906
108.904,4.1017972916778813
108.905,4.103090651814056
108.90600000000001,4.1043766733974278
108.907,4.1056553550695112
108.908,4.1069266955362274
108.90900000000001,4.1081906935679324
108.91,4.1094473479994331
108.911,4.1106966577300232
108.91200000000001,4.111938621723481
108.913,4.1131732390081037
108.914,4.1144005086767201
108.91500000000001,4.1156204298867038
108.916,4.1168330018599928
108.917,4.1180382238830964
108.91800000000001,4.1192360953071283
108.919,4.1204266155477933
108.92,4.1216097840854111
108.92100000000001,4.1227856004649333
108.922,4.1239540642959422
108.923,4.1251151752526631
108.92400000000001,4.1262689330739715
108.925,4.1274153375634004
108.926,4.1285543885891443
108.92700000000001,4.129686086084063
108.928,4.1308104300456918
108.929,4.1319274205362344
108.93000000000001,4.1330370576825679
108.931,4.1341393416762431
108.932,4.1352342727734932
108.93300000000001,4.1363218512952145
108.934,4.1374020776269731
108.935,4.1384749522190081
108.93600000000001,4.1395404755862133
108.937,4.1405986483081456
108.938,4.1416494710290053
108.93899999999999,4.1426929444576368
108.94,4.1437290693675148
108.941,4.1447578465967414
108.94199999999999,4.14577927704803
108.943,4.1467933616886947
108.944,4.1478001015506374
108.94499999999999,4.1487994977303337
108.946,4.1497915513888248
108.947,4.1507762637516876
108.94799999999999,4.1517536361090333
108.949,4.1527236698154768
108.95,4.1536863662901276
108.95099999999999,4.1546417270165668
108.952,4.1555897535428237
108.953,4.1565304474813551
108.95399999999999,4.1574638105090216
108.955,4.1583898443670702
108.956,4.1593085508611001
108.95699999999999,4.160219931861044
108.958,4.1611239893011334
108.959,4.1620207251798815
108.95999999999999,4.1629101415600385
108.961,4.1637922405685828
108.962,4.1646670243966675
108.96299999999999,4.1655344952996041
108.964,4.1663946555968252
108.965,4.167247507671842
108.96599999999999,4.1680930539722247
108.967,4.1689312970095536
108.968,4.1697622393593843
108.96899999999999,4.1705858836612144
108.97,4.1714022326184388
108.971,4.1722112889983141
108.97199999999999,4.1730130556319116
108.973,4.1738075354140785
108.974,4.1745947313033938
108.97499999999999,4.1753746463221253
108.976,4.1761472835561797
108.977,4.1769126461550616
108.97799999999999,4.1776707373318249
108.979,4.1784215603630166
108.98,4.1791651185886387
108.98099999999999,4.1799014154120879
108.982,4.180630454300112
108.983,4.1813522387827504
108.98399999999999,4.1820667724532825
108.985,4.1827740589681772
108.986,4.183474102047029
108.98699999999999,4.1841669054725106
108.988,4.1848524730903032
108.989,4.1855308088090517
108.98999999999999,4.1862019166002913
108.991,4.1868658004983956
108.992,4.1875224646005096
108.99299999999999,4.1881719130664923
108.994,4.1888141501188443
108.995,4.1894491800426517
108.996,4.1900770071855105
108.997,4.1906976359574699
108.998,4.1913110708309524
108.999,4.1919173163406978
109,4.1925163770836793
109.001,4.1931082577190439
109.002,4.1936929629680302
109.003,4.1942704976139034
109.004,4.1948408665018757
109.005,4.1954040745390344
109.006,4.1959601266942599
109.00700000000001,4.1965090279981512
109.008,4.1970507835429514
109.009,4.1975853984824649
109.01000000000001,4.1981128780319734
109.011,4.198633227468159
109.012,4.1991464521290141
109.01300000000001,4.1996525574137769
109.014,4.2001515487828218
109.015,4.2006434317575847
109.01600000000001,4.2011282119204854
109.017,4.2016058949148203
109.018,4.202076486444696
109.01900000000001,4.2025399922749198
109.02,4.2029964182309154
109.021,4.2034457701986376
109.02200000000001,4.2038880541244721
109.023,4.2043232760151446
109.024,4.2047514419376206
109.02500000000001,4.2051725580190169
109.026,4.2055866304465033
109.027,4.2059936654672008
109.02800000000001,4.2063936693880759
109.029,4.206786648575866
109.03,4.2071726094569453
109.03100000000001,4.2075515585172463
109.032,4.207923502302144
109.033,4.208288447416364
109.03400000000001,4.2086464005238602
109.035,4.2089973683477275
109.036,4.2093413576700769
109.03700000000001,4.2096783753319418
109.038,4.2100084282331593
109.039,4.2103315233322647
109.04000000000001,4.2106476676463753
109.041,4.2109568682510874
109.042,4.2112591322803521
109.04300000000001,4.2115544669263638
109.044,4.2118428794394562
109.045,4.2121243771279664
109.04600000000001,4.2123989673581343
109.047,4.2126666575539762
109.048,4.2129274551971641
109.04900000000001,4.2131813678269108
109.05,4.2134284030398472
109.051,4.2136685684898953
109.05200000000001,4.2139018718881482
109.053,4.2141283210027503
109.054,4.2143479236587629
109.05500000000001,4.2145606877380395
109.056,4.2147666211791073
109.057,4.2149657319770295
109.05799999999999,4.2151580281832777
109.059,4.2153435179056036
109.06,4.2155222093079079
109.06100000000001,4.215694110610106
109.062,4.2158592300879913
109.063,4.2160175760731136
109.06399999999999,4.2161691569526241
109.065,4.2163139811691597
109.066,4.2164520572206898
109.06700000000001,4.2165833936603878
109.068,4.2167079990964833
109.069,4.2168258821921309
109.06999999999999,4.2169370516652638
109.071,4.2170415162884485
109.072,4.2171392848887521
109.07299999999999,4.2172303663475876
109.074,4.2173147696005691
109.075,4.2173925036373774
109.07599999999999,4.2174635775015936
109.077,4.2175280002905708
109.078,4.2175857811552735
109.07899999999999,4.217636929300129
109.08,4.2176814539828751
109.081,4.2177193645144175
109.08199999999999,4.2177506702586642
109.083,4.217775380632375
109.084,4.2177935051050159
109.08499999999999,4.2178050531985916
109.086,4.217810034487492
109.087,4.2178084585983404
109.08799999999999,4.217800335209823
109.089,4.2177856740525446
109.09,4.2177644849088534
109.09099999999999,4.2177367776126857
109.092,4.2177025620494053
109.093,4.2176618481556378
109.09399999999999,4.2176146459191077
109.095,4.2175609653784667
109.096,4.2175008166231365
109.09699999999999,4.2174342097931365
109.098,4.2173611550789172
109.099,4.2172816627211844
109.09999999999999,4.2171957430107421
109.101,4.2171034062883148
109.102,4.2170046629443698
109.10299999999999,4.2168995234189515
109.104,4.2167879982015055
109.105,4.2166700978307086
109.10599999999999,4.2165458328942806
109.107,4.2164152140288227
109.108,4.2162782519196291
109.10899999999999,4.2161349573005129
109.11,4.2159853409536305
109.111,4.2158294137092902
109.11199999999999,4.215667186445784
109.113,4.2154986700891994
109.114,4.2153238756132296
109.11499999999999,4.2151428140390053
109.116,4.2149554964348992
109.117,4.2147619339163374
109.11799999999999,4.2145621376456202
109.119,4.2143561188317378
109.12,4.2141438887301703
109.121,4.2139254586427004
109.122,4.2137008399172391
109.123,4.2134700439476109
109.124,4.2132330821733817
109.125,4.2129899660796557
109.126,4.2127407071968772
109.127,4.2124853171006551
109.128,4.2122238074115455
109.129,4.2119561897948676
109.13,4.2116824759605063
109.131,4.211402677662706
109.13200000000001,4.2111168066998825
109.133,4.2108248749144135
109.134,4.2105268941924461
109.13500000000001,4.21022287646369
109.136,4.2099128337012139
109.137,4.2095967779212504
109.13800000000001,4.2092747211829806
109.139,4.2089466755883347
109.14,4.2086126532817918
109.14100000000001,4.2082726664501635
109.142,4.2079267273223921
109.143,4.2075748481693367
109.14400000000001,4.2072170413035757
109.145,4.2068533190791833
109.146,4.2064836938915224
109.14700000000001,4.2061081781770415
109.148,4.205726784413053
109.149,4.2053395251175196
109.15000000000001,4.2049464128488481
109.151,4.2045474602056645
109.152,4.2041426798266066
109.15300000000001,4.2037320843900972
109.154,4.2033156866141441
109.155,4.2028934992561027
109.15600000000001,4.2024655351124665
109.157,4.2020318070186491
109.158,4.2015923278487577
109.15900000000001,4.201147110515377
109.16,4.2006961679693404
109.161,4.2002395131995165
109.16200000000001,4.1997771592325712
109.163,4.1993091191327618
109.164,4.1988354060016952
109.16500000000001,4.1983560329781104
109.166,4.1978710132376476
109.167,4.197380359992624
109.16800000000001,4.1968840864918029
109.169,4.1963822060201643
109.17,4.1958747318986731
109.17100000000001,4.1953616774840574
109.172,4.1948430561685672
109.173,4.194318881379739
109.17400000000001,4.1937891665801814
109.175,4.1932539252673191
109.176,4.1927131709731729
109.17700000000001,4.1921669172641192
109.178,4.1916151777406521
109.179,4.191057966037155
109.18000000000001,4.1904952958216501
109.181,4.1899271807955722
109.182,4.1893536346935214
109.18299999999999,4.1887746712830367
109.184,4.1881903043643298
109.185,4.187600547770078
109.18600000000001,4.1870054153651495
109.187,4.1864049210463872
109.188,4.1857990787423507
109.18899999999999,4.1851879024130678
109.19,4.1845714060498125
109.191,4.1839496036748409
109.19200000000001,4.1833225093411404
109.193,4.1826901371322043
109.194,4.1820525011617669
109.19499999999999,4.1814096155735641
109.196,4.1807614945410769
109.197,4.1801081522672892
109.19799999999999,4.1794496029844392
109.199,4.1787858609537594
109.2,4.1781169404652347
109.20099999999999,4.1774428558373424
109.202,4.176763621416808
109.203,4.1760792515783445
109.20399999999999,4.1753897607243999
109.205,4.1746951632849072
109.206,4.1739954737170262
109.20699999999999,4.1732907065048845
109.208,4.1725808761593264
109.209,4.1718659972176493
109.20999999999999,4.1711460842433548
109.211,4.1704211518258809
109.212,4.1696912145803502
109.21299999999999,4.1689562871473065
109.214,4.1682163841924549
109.215,4.1674715204063988
109.21599999999999,4.1667217105043886
109.217,4.1659669692260461
109.218,4.1652073113351102
109.21899999999999,4.164442751619168
109.22,4.1636733048894028
109.221,4.1628989859803101
109.22199999999999,4.1621198097494538
109.223,4.1613357910771844
109.224,4.1605469448663808
109.22499999999999,4.1597532860421875
109.226,4.1589548295517318
109.227,4.1581515903638744
109.22799999999999,4.1573435834689292
109.229,4.1565308238783993
109.23,4.1557133266247064
109.23099999999999,4.1548911067609193
109.232,4.1540641793604838
109.233,4.1532325595169599
109.23399999999999,4.1523962623437338
109.235,4.15155530297376
109.236,4.1507096965592822
109.23699999999999,4.1498594582715675
109.238,4.1490046033006163
109.239,4.1481451468549064
109.23999999999999,4.1472811041611095
109.241,4.1464124904638204
109.242,4.1455393210252716
109.24299999999999,4.144661611125068
109.244,4.1437793760599071
109.245,4.142892631143301
109.246,4.142001391705298
109.247,4.1411056730922073
109.248,4.1402054906663182
109.249,4.1393008598056182
109.25,4.1383917959035248
109.251,4.137478314368594
109.252,4.1365604306242414
109.253,4.1356381601084715
109.254,4.1347115182735834
109.255,4.1337805205858977
109.256,4.1328451825254708
109.25700000000001,4.1319055195858159
109.258,4.1309615472736123
109.259,4.1300132811084396
109.26000000000001,4.1290607366224679
109.261,4.1281039293601953
109.262,4.1271428748781585
109.26300000000001,4.1261775887446381
109.264,4.1252080865393896
109.265,4.1242343838533406
109.26600000000001,4.1232564962883185
109.267,4.1222744394567581
109.268,4.1212882289814132
109.26900000000001,4.1202978804950714
109.27,4.1193034096402723
109.271,4.1183048320690068
109.27200000000001,4.1173021634424432
109.273,4.1162954194306263
109.274,4.1152846157121985
109.27500000000001,4.1142697679741014
109.276,4.1132508919112958
109.277,4.1122280032264626
109.27800000000001,4.1112011176297223
109.279,4.1101702508383333
109.28,4.1091354185764111
109.28100000000001,4.108096636574631
109.282,4.1070539205699408
109.283,4.1060072863052639
109.28400000000001,4.1049567495292134
109.285,4.1039023259957963
109.286,4.1028440314641186
109.28700000000001,4.1017818816980984
109.288,4.1007158924661677
109.289,4.0996460795409844
109.29000000000001,4.0985724586991292
109.291,4.0974950457208266
109.292,4.0964138563896313
109.29300000000001,4.095328906492151
109.294,4.0942402118177466
109.295,4.0931477881582321
109.29600000000001,4.0920516513075853
109.297,4.0909518170616481
109.298,4.0898483012178382
109.29900000000001,4.0887411195748458
109.3,4.0876302879323383
109.301,4.0865158220906714
109.30200000000001,4.0853977378505846
109.303,4.0842760510129104
109.304,4.0831507773782718
109.30500000000001,4.0820219327467893
109.306,4.0808895329177872
109.307,4.0797535936894871
109.30799999999999,4.0786141308587212
109.309,4.0774711602206271
109.31,4.0763246975683511
109.31100000000001,4.0751747586927518
109.312,4.0740213593821073
109.313,4.0728645154218057
109.31399999999999,4.0717042425940591
109.315,4.0705405566775914
109.316,4.0693734734473566
109.31700000000001,4.0682030086742245
109.318,4.0670291781246952
109.319,4.0658519975605882
109.31999999999999,4.0646714827387527
109.321,4.0634876494107646
109.322,4.0623005133226293
109.32299999999999,4.0611100902144823
109.324,4.0599163958202835
109.325,4.0587194458675295
109.32599999999999,4.0575192560769491
109.327,4.056315842162201
109.328,4.0551092198295766
109.32899999999999,4.0538994047776997
109.33,4.0526864126972324
109.331,4.0514702592705669
109.33199999999999,4.0502509601715335
109.333,4.0490285310650957
109.334,4.0478029876070529
109.33499999999999,4.0465743454437426
109.336,4.0453426202117386
109.337,4.0441078275375499
109.33799999999999,4.042869983037324
109.339,4.0416291023165503
109.34,4.0403852009697507
109.34099999999999,4.039138294580189
109.342,4.0378883987195673
109.343,4.036635528947734
109.34399999999999,4.0353797008123689
109.345,4.0341209298486991
109.346,4.0328592315791951
109.34699999999999,4.0315946215132694
109.348,4.0303271151469735
109.349,4.0290567279627103
109.34999999999999,4.0277834754289294
109.351,4.0265073729998235
109.352,4.0252284361150359
109.35299999999999,4.0239466801993569
109.354,4.0226621206624333
109.355,4.0213747728984632
109.35599999999999,4.0200846522858962
109.357,4.0187917741871413
109.358,4.0174961539482652
109.35899999999999,4.0161978068986954
109.36,4.0148967483509219
109.361,4.0135929936001995
109.36199999999999,4.0122865579242522
109.363,4.0109774565829719
109.364,4.0096657048181257
109.36499999999999,4.008351317853057
109.366,4.0070343108923883
109.367,4.0057146991217243
109.36799999999999,4.0043924977073591
109.369,4.0030677217959738
109.37,4.0017403865143493
109.371,4.0004105069690583
109.372,3.9990780982461844
109.373,3.9977431754110122
109.374,3.9964057535077453
109.375,3.9950658475592005
109.376,3.9937234725665234
109.377,3.9923786435088848
109.378,3.9910313753431903
109.379,3.9896816830037918
109.38,3.988329581402184
109.381,3.9869750854267205
109.38200000000001,3.9856182099423134
109.383,3.9842589697901438
109.384,3.9828973797873743
109.38500000000001,3.9815334547268466
109.386,3.9801672093767984
109.387,3.9787986584805681
109.38800000000001,3.9774278167563049
109.389,3.9760546988966787
109.39,3.9746793195685832
109.39100000000001,3.9733016934128611
109.392,3.9719218350439944
109.393,3.9705397590498324
109.39400000000001,3.9691554799912896
109.395,3.9677690124020706
109.396,3.9663803707883631
109.39700000000001,3.9649895696285746
109.398,3.9635966233730175
109.399,3.9622015464436444
109.40000000000001,3.9608043532337538
109.401,3.9594050581076949
109.402,3.9580036754005965
109.40300000000001,3.9566002194180738
109.404,3.9551947044359399
109.405,3.9537871446999313
109.40600000000001,3.9523775544254129
109.407,3.9509659477971049
109.408,3.9495523389687892
109.40900000000001,3.948136742063034
109.41,3.9467191711709075
109.411,3.9452996403516996
109.41200000000001,3.9438781636326343
109.413,3.9424547550086002
109.414,3.9410294284418557
109.41500000000001,3.9396021978617601
109.416,3.9381730771644907
109.417,3.9367420802127624
109.41800000000001,3.9353092208355509
109.419,3.9338745128278148
109.42,3.9324379699502203
109.42100000000001,3.9309996059288594
109.422,3.9295594344549789
109.423,3.9281174691847021
109.42400000000001,3.9266737237387552
109.425,3.9252282117021893
109.426,3.9237809466241118
109.42700000000001,3.9223319420174123
109.428,3.9208812113584819
109.429,3.9194287680869526
109.43000000000001,3.9179746256054186
109.431,3.9165187972791671
109.432,3.9150612964359093
109.43299999999999,3.913602136365506
109.434,3.912141330319705
109.435,3.9106788915118695
109.43600000000001,3.9092148331167107
109.437,3.9077491682700174
109.438,3.9062819100683961
109.43899999999999,3.9048130715690026
109.44,3.9033426657892716
109.441,3.9018707057066595
109.44200000000001,3.900397204258375
109.443,3.8989221743411249
109.444,3.8974456288108392
109.44499999999999,3.8959675804824174
109.446,3.8944880421294674
109.447,3.8930070264840437
109.44799999999999,3.891524546236385
109.449,3.8900406140346604
109.45,3.8885552424847107
109.45099999999999,3.8870684441497869
109.452,3.8855802315502967
109.453,3.8840906171635501
109.45399999999999,3.8825996134234995
109.455,3.8811072327204927
109.456,3.8796134874010102
109.45699999999999,3.8781183897674198
109.458,3.8766219520777243
109.459,3.875124186545305
109.45999999999999,3.8736251053386757
109.461,3.8721247205812337
109.462,3.8706230443510061
109.46299999999999,3.8691200886804102
109.464,3.8676158655559987
109.465,3.8661103869182165
109.46599999999999,3.8646036646611543
109.467,3.8630957106323089
109.468,3.8615865366323336
109.46899999999999,3.860076154414795
109.47,3.858564575685937
109.471,3.8570518121044359
109.47199999999999,3.8555378752811604
109.473,3.8540227767789328
109.474,3.8525065281122881
109.47499999999999,3.8509891407472434
109.476,3.8494706261010525
109.477,3.8479509955419804
109.47799999999999,3.8464302603890554
109.479,3.8449084319118483
109.48,3.8433855213302341
109.48099999999999,3.8418615398141567
109.482,3.8403364984834023
109.483,3.8388104084073724
109.48399999999999,3.8372832806048445
109.485,3.835755126043757
109.486,3.8342259556409681
109.48699999999999,3.8326957802620467
109.488,3.8311646107210278
109.489,3.8296324577802068
109.48999999999999,3.8280993321498995
109.491,3.8265652444882376
109.492,3.8250302054009335
109.49299999999999,3.8234942254410647
109.494,3.8219573151088562
109.495,3.8204194848514654
109.496,3.818880745062756
109.497,3.8173411060830902
109.498,3.8158005781991102
109.499,3.814259171643529
109.5,3.8127168965949121
109.501,3.8111737631774649
109.502,3.8096297814608295
109.503,3.8080849614598704
109.504,3.8065393131344667
109.505,3.8049928463893048
109.506,3.8034455710736705
109.50700000000001,3.8018974969812489
109.508,3.8003486338499171
109.509,3.7987989913615419
109.51000000000001,3.7972485791417747
109.511,3.7956974067598575
109.512,3.7941454837284248
109.51300000000001,3.7925928195032914
109.514,3.7910394234832734
109.515,3.7894853050099777
109.51600000000001,3.78793047336762
109.517,3.7863749377828206
109.518,3.7848187074244164
109.51900000000001,3.7832617914032727
109.52,3.7817041987720836
109.521,3.7801459385252016
109.52200000000001,3.7785870195984268
109.523,3.777027450868836
109.524,3.7754672411545958
109.52500000000001,3.7739063992147743
109.526,3.7723449337491632
109.527,3.7707828533980905
109.52800000000001,3.7692201667422465
109.529,3.7676568823025023
109.53,3.7660930085397326
109.53100000000001,3.7645285538546331
109.532,3.7629635265875603
109.533,3.7613979350183424
109.53400000000001,3.7598317873661142
109.535,3.7582650917891458
109.536,3.7566978563846698
109.53700000000001,3.7551300891887136
109.538,3.7535617981759368
109.539,3.7519929912594545
109.54000000000001,3.7504236762906862
109.541,3.7488538610591791
109.542,3.7472835532924571
109.54300000000001,3.7457127606558509
109.544,3.7441414907523471
109.545,3.7425697511224234
109.54600000000001,3.7409975492438949
109.547,3.7394248925317588
109.548,3.7378517883380398
109.54900000000001,3.7362782439516393
109.55,3.7347042665981793
109.551,3.73312986343986
109.55200000000001,3.7315550415753025
109.553,3.7299798080394129
109.554,3.7284041698032255
109.55500000000001,3.7268281337737625
109.556,3.7252517067938973
109.557,3.7236748956422034
109.55799999999999,3.7220977070328236
109.559,3.72052014761532
109.56,3.718942223974548
109.56100000000001,3.7173639426305169
109.562,3.7157853100382545
109.563,3.7142063325876702
109.56399999999999,3.7126270166034367
109.565,3.7110473683448473
109.566,3.7094673940056904
109.56700000000001,3.7078870997141249
109.568,3.7063064915325583
109.569,3.704725575457513
109.56999999999999,3.7031443574195144
109.571,3.7015628432829568
109.572,3.6999810388460035
109.57299999999999,3.6983989498404459
109.574,3.6968165819316079
109.575,3.6952339407182127
109.57599999999999,3.6936510317322857
109.577,3.6920678604390309
109.578,3.6904844322367252
109.57899999999999,3.6889007524566093
109.58,3.6873168263627809
109.581,3.6857326591520883
109.58199999999999,3.6841482559540237
109.583,3.6825636218306239
109.584,3.6809787617763723
109.58499999999999,3.67939368071809
109.586,3.6778083835148441
109.587,3.676222874957852
109.58799999999999,3.674637159770386
109.589,3.6730512426076753
109.59,3.6714651280568207
109.59099999999999,3.6698788206367023
109.592,3.6682923247978914
109.593,3.6667056449225601
109.59399999999999,3.6651187853244012
109.595,3.6635317502485418
109.596,3.6619445438714657
109.59699999999999,3.6603571703009226
109.598,3.658769633575861
109.599,3.6571819376663437
109.59999999999999,3.6555940864734779
109.601,3.6540060838293362
109.602,3.6524179334968867
109.60299999999999,3.6508296391699218
109.604,3.6492412044729918
109.605,3.6476526329613352
109.60599999999999,3.6460639281208116
109.607,3.6444750933678423
109.608,3.6428861320493455
109.60899999999999,3.6412970474426753
109.61,3.6397078427555627
109.611,3.6381185211260609
109.61199999999999,3.636529085622489
109.613,3.6349395392433745
109.614,3.6333498849174068
109.61499999999999,3.6317601255033822
109.616,3.6301702637901574
109.617,3.628580302496605
109.61799999999999,3.6269902442715627
109.619,3.6254000916937921
109.62,3.6238098472719367
109.621,3.622219513444489
109.622,3.6206290925797386
109.623,3.6190385869757407
109.624,3.6174479988602939
109.625,3.6158573303908836
109.626,3.6142665836546715
109.627,3.6126757606684539
109.628,3.6110848633786361
109.629,3.6094938936612126
109.63,3.6079028533217334
109.631,3.6063117440952857
109.63200000000001,3.6047205676464733
109.633,3.6031293255694004
109.634,3.6015380193876458
109.63500000000001,3.5999466505542546
109.636,3.598355220451722
109.637,3.5967637303919817
109.63800000000001,3.5951721816163937
109.639,3.5935805752957428
109.64,3.5919889125302178
109.64100000000001,3.5903971943494248
109.642,3.5888054217123688
109.643,3.5872135955074613
109.64400000000001,3.5856217165525148
109.645,3.5840297855947543
109.646,3.5824378033108077
109.64700000000001,3.5808457703067273
109.648,3.5792536871179821
109.649,3.5776615542094832
109.65000000000001,3.5760693719755801
109.651,3.5744771407400839
109.652,3.5728848607562811
109.65300000000001,3.5712925322069466
109.654,3.5697001552043637
109.655,3.568107729790349
109.65600000000001,3.5665152559362667
109.657,3.5649227335430611
109.658,3.5633301624412783
109.65900000000001,3.5617375423910924
109.66,3.5601448730823413
109.661,3.5585521541345524
109.66200000000001,3.5569593850969792
109.663,3.5553665654486335
109.664,3.5537736945983283
109.66500000000001,3.5521807718847094
109.666,3.5505877965763037
109.667,3.548994767871557
109.66800000000001,3.5474016848988783
109.669,3.5458085467166907
109.67,3.5442153523134747
109.67100000000001,3.5426221006078209
109.672,3.5410287904484821
109.673,3.5394354206144274
109.67400000000001,3.5378419898148969
109.675,3.5362484966894616
109.676,3.534654939808076
109.67700000000001,3.5330613176711512
109.678,3.5314676287096094
109.679,3.5298738712849511
109.68000000000001,3.5282800436893207
109.681,3.5266861441455819
109.682,3.5250921708073828
109.68299999999999,3.5234981217592254
109.684,3.5219039950165518
109.685,3.5203097885258061
109.68600000000001,3.5187155001645265
109.687,3.5171211277414169
109.688,3.5155266689964306
109.68899999999999,3.5139321216008566
109.69,3.5123374831574052
109.691,3.510742751200294
109.69200000000001,3.5091479231953357
109.693,3.5075529965400412
109.694,3.5059579685636941
109.69499999999999,3.5043628365274673
109.696,3.5027675976244992
109.697,3.5011722489800126
109.69799999999999,3.499576787651403
109.699,3.4979812106283452
109.7,3.4963855148328982
109.70099999999999,3.4947896971196166
109.702,3.4931937542756506
109.703,3.4915976830208639
109.70399999999999,3.4900014800079449
109.705,3.4884051418225148
109.706,3.4868086649832555
109.70699999999999,3.4852120459420193
109.708,3.483615281083948
109.709,3.4820183667276066
109.70999999999999,3.4804212991250916
109.711,3.4788240744621679
109.712,3.4772266888583916
109.71299999999999,3.4756291383672466
109.714,3.4740314189762631
109.715,3.4724335266071646
109.71599999999999,3.4708354571159958
109.717,3.4692372062932648
109.718,3.4676387698640747
109.71899999999999,3.4660401434882733
109.72,3.4644413227605915
109.721,3.4628423032107909
109.72199999999999,3.4612430803038046
109.723,3.4596436494398946
109.724,3.4580440059547968
109.72499999999999,3.4564441451198751
109.726,3.4548440621422776
109.727,3.4532437521650858
109.72799999999999,3.4516432102674832
109.729,3.4500424314649094
109.73,3.4484414107092243
109.73099999999999,3.4468401428888669
109.732,3.4452386228290286
109.733,3.4436368452918167
109.73399999999999,3.4420348049764273
109.735,3.4404324965193109
109.736,3.4388299144943471
109.73699999999999,3.43722705341303
109.738,3.4356239077246293
109.739,3.4340204718163845
109.73999999999999,3.432416740013672
109.741,3.4308127065802019
109.742,3.4292083657181887
109.74299999999999,3.4276037115685494
109.744,3.4259987382110837
109.745,3.4243934396646742
109.746,3.4227878098874633
109.747,3.4211818427770644
109.748,3.4195755321707435
109.749,3.4179688718456296
109.75,3.4163618555189013
109.751,3.414754476848
109.752,3.4131467294308262
109.753,3.411538606805947
109.754,3.4099301024528028
109.755,3.4083212097919171
109.756,3.4067119221851083
109.75700000000001,3.405102232935695
109.758,3.4034921352887246
109.759,3.4018816224311745
109.76000000000001,3.4002706874921809
109.761,3.3986593235432521
109.762,3.3970475235984967
109.76300000000001,3.3954352806148416
109.764,3.3938225874922598
109.765,3.3922094370739981
109.76600000000001,3.3905958221468082
109.767,3.3889817354411718
109.768,3.3873671696315371
109.76900000000001,3.3857521173365566
109.77,3.3841365711193188
109.771,3.382520523487587
109.77200000000001,3.3809039668940413
109.773,3.3792868937365172
109.774,3.3776692963582562
109.77500000000001,3.376051167048141
109.776,3.374432498040953
109.777,3.3728132815176126
109.77800000000001,3.3711935096054382
109.779,3.3695731743783912
109.78,3.3679522678573348
109.78100000000001,3.3663307820102877
109.782,3.3647087087526879
109.783,3.3630860399476443
109.78400000000001,3.3614627674062012
109.785,3.3598388828876025
109.786,3.3582143780995595
109.78700000000001,3.3565892446985108
109.788,3.3549634742898933
109.789,3.3533370584284161
109.79000000000001,3.3517099886183317
109.791,3.3500822563137
109.792,3.3484538529186794
109.79300000000001,3.3468247697877898
109.794,3.3451949982262015
109.795,3.3435645294900089
109.79600000000001,3.341933354786518
109.797,3.340301465274524
109.798,3.3386688520646071
109.79900000000001,3.337035506219407
109.8,3.3354014187539236
109.801,3.3337665806357974
109.80200000000001,3.3321309827856131
109.803,3.3304946160771838
109.804,3.328857471337852
109.80500000000001,3.3272195393487856
109.806,3.3255808108452771
109.807,3.3239412765170449
109.80799999999999,3.3223009270085337
109.809,3.3206597529192221
109.81,3.3190177448039266
109.81100000000001,3.3173748931731053
109.812,3.3157311884931735
109.813,3.3140866211868065
109.81399999999999,3.3124411816332624
109.815,3.3107948601686847
109.816,3.3091476470864256
109.81700000000001,3.3074995326373551
109.818,3.3058505070301925
109.819,3.3042005604318128
109.81999999999999,3.3025496829675758
109.821,3.3008978647216476
109.822,3.2992450957373265
109.82299999999999,3.2975913660173699
109.824,3.2959366655243194
109.825,3.2942809841808338
109.82599999999999,3.2926243118700174
109.827,3.2909666384357554
109.828,3.2893079536830463
109.82899999999999,3.2876482473783382
109.83,3.2859875092498667
109.831,3.2843257289879908
109.83199999999999,3.2826628962455398
109.833,3.2809990006381442
109.834,3.2793340317445914
109.83499999999999,3.277667979107163
109.836,3.2760008322319796
109.837,3.2743325805893564
109.83799999999999,3.2726632136141429
109.839,3.2709927207060834
109.84,3.2693210912301578
109.84099999999999,3.2676483145169457
109.842,3.2659743798629761
109.843,3.2642992765310845
109.84399999999999,3.2626229937507714
109.845,3.2609455207185576
109.846,3.2592668465983543
109.84699999999999,3.2575869605218166
109.848,3.2559058515887087
109.849,3.2542235088672697
109.84999999999999,3.252539921394582
109.851,3.2508550781769356
109.852,3.2491689681901978
109.85299999999999,3.2474815803801853
109.854,3.245792903663034
109.855,3.2441029269255726
109.85599999999999,3.2424116390256965
109.857,3.2407190287927454
109.858,3.2390250850278792
109.85899999999999,3.2373297965044538
109.86,3.2356331519684058
109.861,3.2339351401386285
109.86199999999999,3.2322357497073559
109.863,3.2305349693405505
109.864,3.2288327876782783
109.86499999999999,3.227129193335105
109.866,3.2254241749004779
109.867,3.2237177209391148
109.86799999999999,3.2220098199913951
109.869,3.2203004605737471
109.87,3.218589631179047
109.871,3.2168773202770069
109.872,3.2151635163145693
109.873,3.2134482077163082
109.874,3.2117313828848189
109.875,3.2100130302011194
109.876,3.2082931380250552
109.877,3.2065716946956875
109.878,3.2048486885317051
109.879,3.2031241078318264
109.88,3.2013979408751965
109.881,3.1996701759217991
109.88200000000001,3.1979408012128587
109.883,3.1962098049712511
109.884,3.1944771754019086
109.88500000000001,3.1927429006922288
109.886,3.1910069690124905
109.887,3.1892693685162614
109.88800000000001,3.1875300873408072
109.889,3.1857891136075138
109.89,3.1840464354222933
109.89100000000001,3.1823020408760048
109.892,3.1805559180448744
109.893,3.1788080549909008
109.89400000000001,3.1770584397622885
109.895,3.1753070603938571
109.896,3.1735539049074668
109.89700000000001,3.1717989613124411
109.898,3.170042217605983
109.899,3.1682836617736072
109.90000000000001,3.1665232817895594
109.901,3.1647610656172409
109.902,3.1629970012096376
109.90300000000001,3.16123107650975
109.904,3.1594632794510136
109.905,3.1576935979577345
109.90600000000001,3.1559220199455167
109.907,3.1541485333216936
109.908,3.1523731259857595
109.90900000000001,3.1505957858298026
109.91,3.1488165007389375
109.911,3.1470352585917403
109.91200000000001,3.145252047260684
109.913,3.143466854612571
109.914,3.1416796685089738
109.91500000000001,3.1398904768066731
109.916,3.1380992673580894
109.917,3.136306028011731
109.91800000000001,3.1345107466126225
109.919,3.1327134110027606
109.92,3.1309140090215379
109.92100000000001,3.1291125285061989
109.922,3.1273089572922754
109.923,3.1255032832140315
109.92400000000001,3.123695494104906
109.925,3.1218855777979617
109.926,3.1200735221263245
109.92700000000001,3.1182593149236353
109.928,3.1164429440244912
109.929,3.1146243972648979
109.93000000000001,3.1128036624827131
109.931,3.1109807275180992
109.932,3.1091555802139688
109.93299999999999,3.1073282084164355
109.934,3.1054985999752658
109.935,3.1036667427443279
109.93600000000001,3.1018326245820442
109.937,3.0999962333518423
109.938,3.0981575569226081
109.93899999999999,3.0963165831691395
109.94,3.0944732999725986
109.941,3.0926276952209659
109.94200000000001,3.0907797568094941
109.943,3.0889294726411674
109.944,3.087076830627149
109.94499999999999,3.0852218186872462
109.946,3.0833644247503558
109.947,3.0815046367549344
109.94799999999999,3.0796424426494431
109.949,3.0777778303928103
109.95,3.0759107879548915
109.95099999999999,3.0740413033169238
109.952,3.072169364471987
109.953,3.0702949594254618
109.95399999999999,3.0684180761954889
109.955,3.0665387028134292
109.956,3.0646568273243244
109.95699999999999,3.062772437787356
109.958,3.0608855222763069
109.959,3.0589960688800226
109.95999999999999,3.0571040657028692
109.961,3.0552095008651996
109.962,3.0533123625038141
109.96299999999999,3.051412638772419
109.964,3.0495103178420919
109.965,3.0476053879017431
109.96599999999999,3.0456978371585777
109.967,3.0437876538385611
109.968,3.0418748261868767
109.96899999999999,3.0399593424683942
109.97,3.0380411909681291
109.971,3.0361203599917088
109.97199999999999,3.0341968378658342
109.973,3.0322706129387442
109.974,3.030341673580677
109.97499999999999,3.028410008184343
109.976,3.026475605165373
109.977,3.0245384529627954
109.97799999999999,3.0225985400394966
109.979,3.0206558548826812
109.98,3.0187103860043405
109.98099999999999,3.016762121941714
109.982,3.0148110512577557
109.983,3.012857162541597
109.98399999999999,3.0109004444090082
109.985,3.0089408855028661
109.986,3.0069784744936165
109.98699999999999,3.0050132000797416
109.988,3.0030450509882143
109.989,3.0010740159749703
109.98999999999999,2.9991000838253692
109.991,2.997123243354662
109.992,2.9951434834084449
109.99299999999999,2.9931607928631303
109.994,2.991175160626407
109.995,2.9891865756377065
109.996,2.9871950268686578
109.997,2.98520050332356
109.998,2.9832029940398375
109.999,2.9812024880885031
110,2.9791989745746221
110.001,2.9771924426377741
110.002,2.9751828814525116
110.003,2.9731702802288189
110.004,2.9711546282125858
110.005,2.9691359146860483
110.006,2.9671141289682668
110.00700000000001,2.9650892604155734
110.008,2.9630612984220401
110.009,2.9610302324199322
110.01000000000001,2.9589960518801708
110.011,2.9569587463127873
110.012,2.9549183052673866
110.01300000000001,2.9528747183336015
110.014,2.9508279751415487
110.015,2.9487780653622879
110.01600000000001,2.9467249787082821
110.017,2.9446687049338403
110.018,2.94260923383559
110.01900000000001,2.9405465552529217
110.02,2.938480659068444
110.021,2.9364115352084403
110.02200000000001,2.9343391736433206
110.023,2.9322635643880757
110.024,2.9301846975027304
110.02500000000001,2.9281025630927937
110.026,2.9260171513097073
110.027,2.9239284523513032
110.02800000000001,2.9218364564622461
110.029,2.9197411539344911
110.03,2.917642535107726
110.03100000000001,2.9155405903698193
110.032,2.9134353101572752
110.033,2.9113266849556734
110.03400000000001,2.9092147053001152
110.035,2.907099361775674
110.036,2.9049806450178384
110.03700000000001,2.9028585457129537
110.038,2.9007330545986654
110.039,2.8986041624643666
110.04000000000001,2.8964718601516375
110.041,2.8943361385546837
110.042,2.8921969886207788
110.04300000000001,2.8900544013507039
110.044,2.8879083677991901
110.045,2.8857588790753486
110.04600000000001,2.8836059263431149
110.047,2.8814495008216783
110.048,2.879289593785928
110.04900000000001,2.8771261965668766
110.05,2.8749593005520984
110.051,2.8727888971861604
110.05200000000001,2.8706149779710612
110.053,2.868437534466652
110.054,2.8662565582910728
110.05500000000001,2.8640720411211777
110.056,2.8618839746929696
110.057,2.8596923508020171
110.05799999999999,2.8574971613038929
110.059,2.8552983981145843
110.06,2.8530960532109342
110.06100000000001,2.8508901186310487
110.062,2.8486805864747309
110.063,2.8464674489038919
110.06399999999999,2.8442506981429814
110.065,2.8420303264793962
110.066,2.8398063262639064
110.06700000000001,2.837578689911064
110.068,2.835347409899629
110.069,2.833112478772974
110.06999999999999,2.8308738891395002
110.071,2.8286316336730519
110.072,2.8263857051133296
110.07299999999999,2.8241360962662907
110.074,2.8218828000045661
110.075,2.8196258092678672
110.07599999999999,2.8173651170633862
110.077,2.8151007164662105
110.078,2.8128326006197151
110.07899999999999,2.8105607627359737
110.08,2.8082851960961586
110.081,2.8060058940509354
110.08199999999999,2.8037228500208697
110.083,2.8014360574968138
110.084,2.7991455100403155
110.08499999999999,2.7968512012840034
110.086,2.7945531249319813
110.087,2.7922512747602242
110.08799999999999,2.789945644616965
110.089,2.7876362284230858
110.09,2.7853230201725068
110.09099999999999,2.7830060139325665
110.092,2.7806852038444179
110.093,2.7783605841233987
110.09399999999999,2.7760321490594255
110.095,2.7736998930173633
110.096,2.771363810437419
110.09699999999999,2.7690238958355033
110.098,2.7666801438036157
110.099,2.7643325490102209
110.09999999999999,2.7619811062006154
110.101,2.7596258101973068
110.102,2.7572666559003758
110.10299999999999,2.7549036382878493
110.104,2.7525367524160727
110.105,2.7501659934200635
110.10599999999999,2.7477913565138832
110.107,2.7454128369909987
110.108,2.7430304302246418
110.10899999999999,2.7406441316681689
110.11,2.7382539368554188
110.111,2.7358598414010622
110.11199999999999,2.7334618410009717
110.113,2.7310599314325557
110.114,2.7286541085551224
110.11499999999999,2.7262443683102178
110.116,2.7238307067219876
110.117,2.7214131198975084
110.11799999999999,2.7189916040271389
110.119,2.7165661553848617
110.12,2.7141367703286248
110.121,2.7117034453006759
110.122,2.7092661768279025
110.123,2.7068249615221651
110.124,2.7043797960806377
110.125,2.7019306772861285
110.126,2.6994776020074154
110.127,2.6970205671995742
110.128,2.6945595699043019
110.129,2.692094607250247
110.13,2.6896256764533226
110.131,2.6871527748170365
110.13200000000001,2.684675899732802
110.133,2.6821950486802586
110.134,2.6797102192275863
110.13500000000001,2.6772214090318207
110.136,2.6747286158391543
110.137,2.6722318374852625
110.13800000000001,2.6697310718955931
110.139,2.6672263170856829
110.14,2.6647175711614564
110.14100000000001,2.6622048323195293
110.142,2.6596880988475036
110.143,2.6571673691242688
110.14400000000001,2.6546426416202964
110.145,2.6521139148979325
110.146,2.6495811876116866
110.14700000000001,2.647044458508526
110.148,2.6445037264281561
110.149,2.6419589903033143
110.15000000000001,2.6394102491600435
110.151,2.6368575021179774
110.152,2.6343007483906216
110.15300000000001,2.6317399872856253
110.154,2.6291752182050616
110.155,2.6266064406456917
110.15600000000001,2.6240336541992426
110.157,2.6214568585526741
110.158,2.6188760534884428
110.15900000000001,2.6162912388847634
110.16,2.6137024147158776
110.161,2.6111095810523093
110.16200000000001,2.6085127380611186
110.163,2.6059118860061661
110.164,2.6033070252483537
110.16500000000001,2.6006981562458882
110.166,2.5980852795545202
110.167,2.595468395827794
110.16800000000001,2.5928475058172884
110.169,2.5902226103728698
110.17,2.5875937104429139
110.17100000000001,2.5849608070745576
110.172,2.5823239014139254
110.173,2.5796829947063693
110.17400000000001,2.5770380882966908
110.175,2.5743891836293757
110.176,2.5717362822488168
110.17700000000001,2.5690793857995393
110.178,2.56641849602642
110.179,2.5637536147749032
110.18000000000001,2.5610847439912243
110.181,2.5584118857226228
110.182,2.5557350421175453
110.18299999999999,2.5530542154258651
110.184,2.5503694079990802
110.185,2.5476806222905308
110.18600000000001,2.5449878608555854
110.187,2.5422911263518539
110.188,2.539590421539375
110.18899999999999,2.5368857492808181
110.19,2.5341771125416761
110.191,2.5314645143904477
110.19200000000001,2.5287479579988315
110.193,2.5260274466419146
110.194,2.5233029836983443
110.19499999999999,2.5205745726505175
110.196,2.517842217084755
110.197,2.515105920691481
110.19799999999999,2.5123656872653846
110.199,2.5096215207056058
110.2,2.5068734250158911
110.20099999999999,2.5041214043047662
110.202,2.5013654627856927
110.203,2.4986056047772331
110.20399999999999,2.4958418347032061
110.205,2.4930741570928463
110.206,2.4903025765809499
110.20699999999999,2.4875270979080284
110.208,2.4847477259204567
110.209,2.4819644655706194
110.20999999999999,2.479177321917049
110.211,2.476386300124569
110.212,2.4735914054644303
110.21299999999999,2.4707926433144469
110.214,2.467990019159128
110.215,2.4651835385898035
110.21599999999999,2.4623732073047555
110.217,2.4595590311093436
110.218,2.4567410159161231
110.21899999999999,2.4539191677449632
110.22,2.4510934927231682
110.221,2.4482639970855882
110.22199999999999,2.44543068717473
110.223,2.4425935694408656
110.224,2.4397526504421405
110.22499999999999,2.4369079368446767
110.226,2.4340594354226694
110.227,2.4312071530584869
110.22799999999999,2.4283510967427695
110.229,2.4254912735745173
110.23,2.422627690761181
110.23099999999999,2.4197603556187519
110.232,2.4168892755718412
110.233,2.4140144581537699
110.23399999999999,2.4111359110066379
110.235,2.4082536418814091
110.236,2.4053676586379793
110.23699999999999,2.4024779692452531
110.238,2.3995845817812036
110.239,2.396687504432947
110.23999999999999,2.3937867454967976
110.241,2.3908823133783366
110.242,2.3879742165924607
110.24299999999999,2.385062463763441
110.244,2.3821470636249757
110.245,2.3792280250202382
110.246,2.3763053569019235
110.247,2.3733790683322882
110.248,2.3704491684831983
110.249,2.3675156666361654
110.25,2.3645785721823769
110.251,2.3616378946227337
110.252,2.3586936435678791
110.253,2.3557458287382231
110.254,2.3527944599639747
110.255,2.3498395471851503
110.256,2.3468811004516059
110.25700000000001,2.3439191299230426
110.258,2.3409536458690274
110.259,2.337984658668999
110.26000000000001,2.3350121788122751
110.261,2.3320362168980586
110.262,2.3290567836354454
110.26300000000001,2.3260738898434128
110.264,2.3230875464508198
110.265,2.3200977644964045
110.26600000000001,2.3171045551287741
110.267,2.3141079296063869
110.268,2.3111078992975429
110.26900000000001,2.308104475680365
110.27,2.3050976703427799
110.271,2.3020874949824912
110.27200000000001,2.2990739614069549
110.273,2.2960570815333505
110.274,2.2930368673885555
110.27500000000001,2.2900133311090962
110.276,2.2869864849411252
110.277,2.2839563412403714
110.27800000000001,2.2809229124721049
110.279,2.2778862112110825
110.28,2.2748462501415054
110.28100000000001,2.2718030420569626
110.282,2.2687565998603865
110.283,2.2657069365639826
110.28400000000001,2.262654065289178
110.285,2.2595979992665542
110.286,2.2565387518357864
110.28700000000001,2.2534763364455714
110.288,2.2504107666535544
110.289,2.2473420561262598
110.29000000000001,2.2442702186390107
110.291,2.2411952680758516
110.292,2.2381172184294598
110.29300000000001,2.2350360838010692
110.294,2.2319518784003778
110.295,2.2288646165454509
110.29600000000001,2.2257743126626339
110.297,2.2226809812864547
110.298,2.2195846370595236
110.29900000000001,2.2164852947324278
110.3,2.2133829691636295
110.301,2.2102776753193556
110.30200000000001,2.2071694282734922
110.303,2.2040582432074602
110.304,2.2009441354101091
110.30500000000001,2.1978271202775894
110.306,2.1947072133132406
110.307,2.1915844301274539
110.30799999999999,2.1884587864375531
110.309,2.1853302980676581
110.31,2.1821989809485576
110.31100000000001,2.1790648511175688
110.312,2.1759279247183967
110.313,2.172788218000993
110.31399999999999,2.1696457473214172
110.315,2.1665005291416808
110.316,2.1633525800296001
110.31700000000001,2.160201916658643
110.318,2.1570485558077768
110.319,2.1538925143613019
110.31999999999999,2.1507338093086945
110.321,2.1475724577444404
110.322,2.1444084768678744
110.32299999999999,2.1412418839829996
110.324,2.1380726964983214
110.325,2.1349009319266692
110.32599999999999,2.1317266078850241
110.327,2.1285497420943269
110.328,2.1253703523793055
110.32899999999999,2.1221884566682778
110.33,2.1190040729929724
110.331,2.1158172194883287
110.33199999999999,2.1126279143923048
110.333,2.109436176045679
110.334,2.1062420228918537
110.33499999999999,2.1030454734766444
110.336,2.0998465464480773
110.337,2.0966452605561843
110.33799999999999,2.0934416346527858
110.339,2.0902356876912807
110.34,2.0870274387264236
110.34099999999999,2.0838169069141141
110.342,2.0806041115111684
110.343,2.0773890718750927
110.34399999999999,2.07417180746386
110.345,2.0709523378356747
110.346,2.0677306826487492
110.34699999999999,2.0645068616610516
110.348,2.061280894730082
110.349,2.0580528018126243
110.34999999999999,2.0548226029645034
110.351,2.0515903183403399
110.352,2.0483559681932961
110.35299999999999,2.0451195728748273
110.354,2.0418811528344314
110.355,2.0386407286193835
110.35599999999999,2.0353983208744788
110.357,2.0321539503417698
110.358,2.0289076378603079
110.35899999999999,2.0256594043658618
110.36,2.0224092708906589
110.361,2.0191572585631019
110.36199999999999,2.0159033886075068
110.363,2.0126476823438093
110.364,2.0093901611872935
110.36499999999999,2.0061308466483023
110.366,2.0028697603319596
110.367,1.9996069239378687
110.36799999999999,1.9963423592598342
110.369,1.9930760881855569
110.37,1.9898081326963466
110.371,1.9865385148668144
110.372,1.9832672568645773
110.373,1.9799943809499483
110.374,1.9767199094756385
110.375,1.9734438648864352
110.376,1.9701662697189013
110.377,1.9668871466010549
110.378,1.9636065182520508
110.379,1.9603244074818709
110.38,1.9570408371909886
110.381,1.9537558303700533
110.38200000000001,1.9504694100995603
110.383,1.947181599549527
110.384,1.9438924219791482
110.38500000000001,1.9406019007364754
110.386,1.9373100592580708
110.387,1.9340169210686751
110.38800000000001,1.9307225097808598
110.389,1.9274268490946849
110.39,1.9241299627973525
110.39100000000001,1.9208318747628617
110.392,1.9175326089516478
110.393,1.9142321894102381
110.39400000000001,1.9109306402708892
110.395,1.907627985751235
110.396,1.9043242501539162
110.39700000000001,1.9010194578662263
110.398,1.8977136333597373
110.399,1.8944068011899444
110.40000000000001,1.8910989859958791
110.401,1.887790212499749
110.402,1.8844805055065563
110.40300000000001,1.8811698899037257
110.404,1.8778583906607191
110.405,1.8745460328286554
110.40600000000001,1.8712328415399275
110.407,1.8679188420078177
110.408,1.8646040595261038
110.40900000000001,1.8612885194686704
110.41,1.8579722472891145
110.411,1.8546552685203554
110.41200000000001,1.8513376087742293
110.413,1.8480192937410893
110.414,1.8447003491894123
110.41500000000001,1.8413808009653863
110.416,1.8380606749925044
110.417,1.8347399972711584
110.41800000000001,1.8314187938782254
110.419,1.8280970909666605
110.42,1.8247749147650718
110.42100000000001,1.8214522915773106
110.422,1.8181292477820477
110.423,1.8148058098323565
110.42400000000001,1.8114820042552828
110.425,1.808157857651421
110.426,1.8048333966944898
110.42700000000001,1.8015086481308995
110.428,1.7981836387793166
110.429,1.7948583955302326
110.43000000000001,1.79153294534553
110.431,1.7882073152580398
110.432,1.7848815323711034
110.43299999999999,1.7815556238581287
110.434,1.7782296169621454
110.435,1.7749035389953638
110.43600000000001,1.7715774173387178
110.437,1.768251279441422
110.438,1.7649251528205134
110.43899999999999,1.761599065060405
110.44,1.7582730438124199
110.441,1.75494711679434
110.44200000000001,1.7516213117899426
110.443,1.7482956566485437
110.444,1.7449701792845258
110.44499999999999,1.7416449076768787
110.446,1.7383198698687272
110.447,1.7349950939668695
110.44799999999999,1.7316706081412949
110.449,1.72834644062472
110.45,1.7250226197121066
110.45099999999999,1.7216991737601928
110.452,1.7183761311870063
110.453,1.7150535204713904
110.45399999999999,1.7117313701525148
110.455,1.7084097088294015
110.456,1.7050885651604311
110.45699999999999,1.7017679678628583
110.458,1.6984479457123201
110.459,1.6951285275423522
110.45999999999999,1.691809742243888
110.461,1.6884916187647701
110.462,1.685174186109248
110.46299999999999,1.6818574733374911
110.464,1.6785415095650802
110.465,1.6752263239625085
110.46599999999999,1.6719119457546796
110.467,1.6685984042204105
110.468,1.6652857286919125
110.46899999999999,1.6619739485542941
110.47,1.6586630932450468
110.471,1.6553531922535412
110.47199999999999,1.6520442751205073
110.473,1.6487363714375249
110.474,1.6454295108465078
110.47499999999999,1.6421237230391916
110.476,1.6388190377566065
110.477,1.6355154847885647
110.47799999999999,1.6322130939731381
110.479,1.628911895196137
110.48,1.6256119183905842
110.48099999999999,1.6223131935361887
110.482,1.6190157506588196
110.483,1.6157196198299844
110.48399999999999,1.6124248311662894
110.485,1.6091314148289151
110.486,1.6058394010230799
110.48699999999999,1.6025488199975144
110.488,1.5992597020439179
110.489,1.5959720774964239
110.48999999999999,1.5926859767310644
110.491,1.5894014301652364
110.492,1.5861184682571496
110.49299999999999,1.5828371215052925
110.494,1.5795574204478902
110.495,1.5762793956623604
110.496,1.5730030777647668
110.497,1.5697284974092698
110.498,1.5664556852875846
110.499,1.5631846721284317
110.5,1.5599154886969839
110.501,1.5566481657943168
110.502,1.5533827342568582
110.503,1.55011922495583
110.504,1.5468576687967048
110.505,1.5435980967186362
110.506,1.5403405396939114
110.50700000000001,1.5370850287273914
110.508,1.5338315948559527
110.509,1.5305802691479282
110.51000000000001,1.5273310827025428
110.511,1.5240840666493536
110.512,1.520839252147695
110.51300000000001,1.5175966703861008
110.514,1.5143563525817487
110.515,1.5111183299798934
110.51600000000001,1.5078826338533002
110.517,1.5046492955016744
110.518,1.5014183462510975
110.51900000000001,1.4981898174534523
110.52,1.4949637404858624
110.521,1.4917401467501084
110.52200000000001,1.4885190676720661
110.523,1.485300534701127
110.524,1.4820845793096349
110.52500000000001,1.4788712329922977
110.526,1.4756605272656234
110.527,1.4724524936673351
110.52800000000001,1.4692471637558084
110.529,1.4660445691094772
110.53,1.4628447413262677
110.53100000000001,1.4596477120230109
110.532,1.4564535128348748
110.533,1.453262175414771
110.53400000000001,1.450073731432783
110.535,1.4468882125755755
110.536,1.4437056505458274
110.53700000000001,1.4405260770616357
110.538,1.4373495238559337
110.539,1.4341760226759106
110.54000000000001,1.4310056052824296
110.541,1.427838303449436
110.542,1.4246741489633736
110.54300000000001,1.421513173622601
110.544,1.4183554092368045
110.545,1.4152008876264079
110.54600000000001,1.4120496406219867
110.547,1.4089017000636774
110.548,1.4057570978005987
110.54900000000001,1.4026158656902465
110.55,1.3994780355979182
110.551,1.3963436393961124
110.55200000000001,1.3932127089639494
110.553,1.3900852761865712
110.554,1.3869613729545529
110.55500000000001,1.3838410311633125
110.556,1.3807242827125226
110.557,1.3776111595055096
110.55799999999999,1.3745016934486685
110.559,1.3713959164508662
110.56,1.3682938604228543
110.56100000000001,1.3651955572766672
110.562,1.3621010389250343
110.563,1.3590103372807858
110.56399999999999,1.3559234842562606
110.565,1.352840511762706
110.566,1.3497614517096881
110.56700000000001,1.3466863360044961
110.568,1.3436151965515521
110.569,1.3405480652518067
110.56999999999999,1.3374849740021526
110.571,1.3344259546948254
110.572,1.3313710392168119
110.57299999999999,1.3283202594492503
110.574,1.3252736472668394
110.575,1.3222312345372387
110.57599999999999,1.3191930531204816
110.577,1.316159134868369
110.578,1.3131295116238806
110.57899999999999,1.3101042152205782
110.58,1.3070832774820131
110.581,1.3040667302211277
110.58199999999999,1.3010546052396568
110.583,1.2980469343275414
110.584,1.2950437492623288
110.58499999999999,1.2920450818085754
110.586,1.2890509637172571
110.587,1.2860614267251687
110.58799999999999,1.2830765025543376
110.589,1.280096222911423
110.59,1.2771206194871203
110.59099999999999,1.2741497239555741
110.592,1.2711835679737786
110.593,1.2682221831809897
110.59399999999999,1.2652656011981249
110.595,1.2623138536271712
110.596,1.259366972050604
110.59699999999999,1.256424988030779
110.598,1.2534879331093447
110.599,1.2505558388066582
110.59999999999999,1.2476287366211856
110.601,1.2447066580289137
110.602,1.2417896344827595
110.60299999999999,1.2388776974119753
110.604,1.235970878221571
110.605,1.2330692082917076
110.60599999999999,1.2301727189771221
110.607,1.2272814416065305
110.608,1.2243954074820445
110.60899999999999,1.221514647878581
110.61,1.2186391940432748
110.611,1.2157690771948904
110.61199999999999,1.2129043285232424
110.613,1.2100449791886021
110.614,1.2071910603211151
110.61499999999999,1.2043426030202156
110.616,1.2014996383540493
110.617,1.1986621973588754
110.61799999999999,1.1958303110384985
110.619,1.193004010363675
110.62,1.190183326271544
110.621,1.1873682896650313
110.622,1.1845589314122797
110.623,1.1817552823460651
110.624,1.1789573732632208
110.625,1.1761652349240546
110.626,1.1733788980517732
110.627,1.1705983933319073
110.628,1.1678237514117318
110.629,1.1650550028996935
110.63,1.1622921783648374
110.631,1.1595353083362285
110.63200000000001,1.1567844233023807
110.633,1.1540395537106878
110.634,1.1513007299668476
110.63500000000001,1.1485679824342956
110.636,1.1458413414336284
110.637,1.1431208372420461
110.63800000000001,1.1404065000927752
110.639,1.137698360174503
110.64,1.1349964476308143
110.64100000000001,1.1323007925596256
110.642,1.1296114250126228
110.643,1.1269283749946881
110.64400000000001,1.1242516724633518
110.645,1.1215813473282252
110.646,1.1189174294504345
110.64700000000001,1.1162599486420695
110.648,1.1136089346656217
110.649,1.110964417233431
110.65000000000001,1.1083264260071226
110.651,1.1056949905970588
110.652,1.1030701405617802
110.65300000000001,1.1004519054074562
110.654,1.0978403145873319
110.655,1.0952353975011753
110.65600000000001,1.0926371834947322
110.657,1.090045701859176
110.658,1.0874609818305596
110.65900000000001,1.084883052589267
110.66,1.0823119432594748
110.661,1.079747682908605
110.66200000000001,1.0771903005467811
110.663,1.074639825126289
110.664,1.072096285541037
110.66500000000001,1.0695597106260175
110.666,1.0670301291567683
110.667,1.0645075698488369
110.66800000000001,1.0619920613572438
110.669,1.0594836322759544
110.67,1.0569823111373433
110.67100000000001,1.0544881264116603
110.672,1.0520011065065056
110.673,1.0495212797663034
110.67400000000001,1.0470486744717666
110.675,1.044583318839378
110.676,1.0421252410208666
110.67700000000001,1.0396744691026845
110.678,1.0372310311054811
110.679,1.0347949549835871
110.68000000000001,1.0323662686244974
110.681,1.0299449998483534
110.682,1.027531176407424
110.68299999999999,1.0251248259855972
110.684,1.0227259761978629
110.685,1.0203346545898073
110.68600000000001,1.0179508886370963
110.687,1.0155747057449762
110.688,1.013206133247758
110.68899999999999,1.0108451984083233
110.69,1.0084919284176108
110.691,1.0061463503941201
110.69200000000001,1.0038084913834135
110.693,1.0014783783576116
110.694,0.99915603821490362
110.69499999999999,0.99684149777904429
110.696,0.9945347837988664
110.697,0.9922359229477884
110.69799999999999,0.98994494182332127
110.699,0.98766186694658087
110.7,0.98538672476180211
110.70099999999999,0.98311954163585535
110.702,0.98086034385775833
110.703,0.97860915763819634
110.70399999999999,0.97636600910904425
110.705,0.97413092432288761
110.706,0.97190392925254343
110.70699999999999,0.96968504979058678
110.708,0.96747431174888043
110.709,0.96527174085809908
110.70999999999999,0.96307736276726319
110.711,0.96089120304326869
110.712,0.95871328717042437
110.71299999999999,0.95654364054998631
110.714,0.95438228849969342
110.715,0.95222925625331278
110.71599999999999,0.95008456896017124
110.717,0.94794825168471342
110.718,0.94582032940603167
110.71899999999999,0.94370082701742408
110.72,0.94158976932593674
110.721,0.93948718105192197
110.72199999999999,0.93739308682858213
110.723,0.93530751120153055
110.724,0.93323047862834618
110.72499999999999,0.93116201347813721
110.726,0.92910214003108893
110.727,0.92705088247804168
110.72799999999999,0.92500826492004373
110.729,0.9229743113679264
110.73,0.92094904574186487
110.73099999999999,0.91893249187095527
110.732,0.91692467349278017
110.733,0.91492561425299268
110.73399999999999,0.91293533770488389
110.735,0.91095386730896499
110.736,0.90898122643254964
110.73699999999999,0.90701743834933657
110.738,0.90506252623898908
110.739,0.90311651318672881
110.73999999999999,0.9011794221829188
110.741,0.89925127612266242
110.742,0.89733209780538581
110.74299999999999,0.89542190993444226
110.744,0.89352073511670427
110.745,0.89162859586216525
110.746,0.88974551458354445
110.747,0.88787151359587968
110.748,0.88600661511614554
110.749,0.88415084126285692
110.75,0.88230421405567649
110.751,0.88046675541503028
110.752,0.87863848716172166
110.753,0.87681943101654591
110.754,0.87500960859991672
110.755,0.87320904143147482
110.756,0.87141775092972518
110.75700000000001,0.86963575841164953
110.758,0.86786308509234455
110.759,0.86609975208464762
110.76000000000001,0.86434578039876953
110.761,0.862601190941927
110.762,0.86086600451798401
110.76300000000001,0.85914024182708815
110.764,0.85742392346531182
110.765,0.85571706992429364
110.76600000000001,0.85401970159089557
110.767,0.85233183874683394
110.768,0.85065350156834296
110.76900000000001,0.84898471012582222
110.77,0.84732548438349486
110.771,0.84567584419906316
110.77200000000001,0.84403580932336553
110.773,0.84240539940004489
110.774,0.84078463396520897
110.77500000000001,0.83917353244709925
110.776,0.83757211416575683
110.777,0.83598039833269522
110.77800000000001,0.83439840405058052
110.779,0.83282615031289864
110.78,0.83126365600363683
110.78100000000001,0.82971093989696731
110.782,0.82816802065693107
110.783,0.82663491683711632
110.78400000000001,0.82511164688035787
110.785,0.82359822911841651
110.786,0.82209468177168254
110.78700000000001,0.82060102294886406
110.788,0.81911727064668516
110.789,0.817643442749591
110.79000000000001,0.81617955702944633
110.791,0.81472563114524266
110.792,0.81328168264280376
110.79300000000001,0.81184772895449853
110.794,0.81042378739895149
110.795,0.80900987518075929
110.79600000000001,0.8076060093902061
110.797,0.80621220700298479
110.798,0.80482848487992054
110.79900000000001,0.80345485976669329
110.8,0.80209134829356699
110.801,0.80073796697511634
110.80200000000001,0.79939473220996571
110.803,0.79806166028051506
110.804,0.79673876735268423
110.80500000000001,0.7954260694756492
110.806,0.79412358258158677
110.807,0.79283132248541877
110.80799999999999,0.79154930488455455
110.809,0.79027754535864725
110.81,0.78901605936934671
110.81100000000001,0.78776486226004838
110.812,0.78652396925565493
110.813,0.78529339546233268
110.81399999999999,0.78407315586728188
110.815,0.78286326533849127
110.816,0.78166373862451199
110.81700000000001,0.78047459035422784
110.818,0.77929583503662792
110.819,0.77812748706057389
110.81999999999999,0.77696956069459278
110.821,0.77582207008664272
110.822,0.77468502926390403
110.82299999999999,0.77355845213256291
110.824,0.77244235247759763
110.825,0.77133674396257035
110.82599999999999,0.7702416401294232
110.827,0.76915705439826887
110.828,0.76808300006719066
110.82899999999999,0.76701949031204264
110.83,0.76596653818626048
110.831,0.76492415662065316
110.83199999999999,0.76389235842322545
110.833,0.76287115627897972
110.834,0.76186056274973502
110.83499999999999,0.76086059027394026
110.836,0.75987125116649656
110.837,0.75889255761857477
110.83799999999999,0.75792452169744251
110.839,0.75696715534628933
110.84,0.75602047038405717
110.84099999999999,0.75508447850527016
110.842,0.75415919127987263
110.843,0.75324462015306315
110.84399999999999,0.75234077644513497
110.845,0.75144767135131874
110.846,0.75056531594162856
110.84699999999999,0.7496937211607072
110.848,0.74883289782767437
110.849,0.74798285663598851
110.84999999999999,0.74714360815329084
110.851,0.74631516282126897
110.852,0.74549753095551996
110.85299999999999,0.74469072274540504
110.854,0.74389474825392599
110.855,0.74310961741758408
110.85599999999999,0.74233534004625801
110.857,0.74157192582306974
110.858,0.74081938430427119
110.85899999999999,0.74007772491911561
110.86,0.7393469569697374
110.861,0.73862708963104085
110.86199999999999,0.73791813195058742
110.863,0.73722009284848189
110.864,0.73653298111726229
110.86499999999999,0.73585680542180076
110.866,0.7351915742991938
110.867,0.73453729615866636
110.86799999999999,0.73389397928147349
110.869,0.73326163182080162
110.87,0.7326402618016824
110.871,0.7320298771208964
110.872,0.73143048554688861
110.873,0.73084209471968564
110.874,0.73026471215080824
110.875,0.72969834522319887
110.876,0.7291430011911364
110.877,0.72859868718016929
110.878,0.72806541018703852
110.879,0.72754317707961402
110.88,0.72703199459682089
110.881,0.72653186934857983
110.88200000000001,0.72604280781574748
110.883,0.72556481635005232
110.884,0.7250979011740426
110.88500000000001,0.72464206838103107
110.886,0.72419732393504288
110.887,0.72376367367077132
110.88800000000001,0.72334112329352629
110.889,0.72292967837919275
110.89,0.72252934437419436
110.89100000000001,0.72214012659544891
110.892,0.72176203023033469
110.893,0.72139506033666179
110.89400000000001,0.72103922184263203
110.895,0.72069451954682218
110.896,0.72036095811815104
110.89700000000001,0.72003854209585871
110.898,0.7197272758894856
110.899,0.71942716377885663
110.90000000000001,0.71913820991406507
110.901,0.71886041831545633
110.902,0.71859379287362635
110.90300000000001,0.71833833734940389
110.904,0.71809405537385196
110.905,0.71786095044826415
110.90600000000001,0.71763902594416296
110.907,0.7174282851033047
110.908,0.71722873103768159
110.90900000000001,0.71704036672953197
110.91,0.71686319503134932
110.911,0.71669721866589331
110.91200000000001,0.71654244022620961
110.913,0.71639886217563997
110.914,0.7162664868478501
110.91500000000001,0.71614531644684487
110.916,0.7160353530470025
110.917,0.71593659859309011
110.91800000000001,0.71584905490030581
110.919,0.71577272365430367
110.92,0.71570760641122977
110.92100000000001,0.71565370459776134
110.922,0.71561101951114625
110.923,0.71557955231924431
110.92400000000001,0.71555930406057244
110.925,0.71555027564435347
110.926,0.7155524678505647
110.92700000000001,0.71556588132998833
110.928,0.7155905166042672
110.929,0.71562637406596463
110.93000000000001,0.71567345397862003
110.931,0.71573175647681198
110.932,0.71580128156622247
110.93299999999999,0.71588202912370558
110.934,0.71597399889735225
110.935,0.71607719050656482
110.93600000000001,0.71619160344213317
110.937,0.71631723706630401
110.938,0.71645409061286736
110.93899999999999,0.71660216318723102
110.94,0.71676145376650879
110.941,0.71693196119960367
110.94200000000001,0.71711368420729604
110.943,0.71730662138233758
110.944,0.71751077118953654
110.94499999999999,0.71772613196586244
110.946,0.71795270192053717
110.947,0.71819047913513445
110.94799999999999,0.71843946156368821
110.949,0.71869964703279043
110.95,0.71897103324170142
110.95099999999999,0.71925361776245789
110.952,0.71954739803998491
110.953,0.71985237139221014
110.95399999999999,0.72016853501017797
110.955,0.72049588595816938
110.956,0.72083442117382224
110.95699999999999,0.72118413746825527
110.958,0.72154503152619065
110.959,0.72191709990608288
110.95999999999999,0.72230033904025026
110.961,0.72269474523500354
110.962,0.72310031467078173
110.96299999999999,0.72351704340228762
110.964,0.72394492735862814
110.965,0.72438396234345237
110.96599999999999,0.72483414403510016
110.967,0.72529546798673739
110.968,0.72576792962651426
110.96899999999999,0.72625152425770945
110.97,0.72674624705888102
110.971,0.72725209308402361
110.97199999999999,0.72776905726272134
110.973,0.72829713440030941
110.974,0.72883631917803293
110.97499999999999,0.72938660615320838
110.976,0.7299479897593899
110.977,0.73052046430653717
110.97799999999999,0.73110402398118168
110.979,0.73169866284660068
110.98,0.73230437484298705
110.98099999999999,0.73292115378762968
110.982,0.73354899337508539
110.983,0.73418788717736339
110.98399999999999,0.73483782864410152
110.985,0.73549881110275728
110.986,0.73617082775878451
110.98699999999999,0.73685387169583083
110.988,0.73754793587591849
110.989,0.73825301313964387
110.98999999999999,0.73896909620636675
110.991,0.73969617767440576
110.992,0.74043425002124197
110.99299999999999,0.74118330560371182
110.994,0.74194333665821566
110.995,0.74271433530091546
110.996,0.74349629352794522
110.997,0.74428920321561698
110.998,0.74509305612063292
110.999,0.74590784388029263
111,0.74673355801271302
111.001,0.74757018991704016
111.002,0.74841773087366592
111.003,0.74927617204445163
111.004,0.75014550447294748
111.005,0.75102571908461391
111.006,0.75191680668705119
111.00700000000001,0.75281875797022269
111.008,0.7537315635066888
111.009,0.75465521375183164
111.01000000000001,0.75558969904409201
111.011,0.75653500960520537
111.012,0.75749113554043301
111.01300000000001,0.75845806683880745
111.014,0.7594357933733662
111.015,0.76042430490139645
111.01600000000001,0.76142359106468427
111.017,0.7624336413897479
111.018,0.7634544452880947
111.01900000000001,0.76448599205647283
111.02,0.76552827087710917
111.021,0.76658127081798111
111.02200000000001,0.76764498083304922
111.023,0.76871938976253196
111.024,0.76980448633315535
111.02500000000001,0.77090025915841331
111.026,0.77200669673882716
111.027,0.77312378746221588
111.02800000000001,0.77425151960395366
111.029,0.77538988132724107
111.03,0.77653886068336908
111.03100000000001,0.77769844561199264
111.032,0.77886862394140322
111.033,0.78004938338879648
111.03400000000001,0.78124071156055042
111.035,0.78244259595250565
111.036,0.78365502395023645
111.03700000000001,0.78487798282933785
111.038,0.78611145975569896
111.039,0.78735544178579076
111.04000000000001,0.7886099158669545
111.041,0.78987486883767688
111.042,0.79115028742788707
111.04300000000001,0.7924361582592454
111.044,0.79373246784542872
111.045,0.79503920259242666
111.04600000000001,0.79635634879883621
111.047,0.79768389265615069
111.048,0.79902182024906909
111.04900000000001,0.80037011755578102
111.05,0.80172877044827273
111.051,0.80309776469263094
111.05199999999999,0.80447708594934031
111.053,0.80586671977359337
111.054,0.80726665161558941
111.05500000000001,0.80867686682084616
111.056,0.81009735063051003
111.057,0.81152808818166211
111.05799999999999,0.81296906450762796
111.059,0.81442026453829985
111.06,0.81588167310043858
111.06100000000001,0.81735327491799947
111.062,0.81883505461244255
111.063,0.82032699670305309
111.06399999999999,0.82182908560726287
111.065,0.82334130564096975
111.066,0.82486364101885634
111.06700000000001,0.82639607585472252
111.068,0.82793859416180005
111.069,0.8294911798530884
111.06999999999999,0.83105381674167378
111.071,0.83262648854106147
111.072,0.83420917886551016
111.07300000000001,0.83580187123035588
111.074,0.83740454905234607
111.075,0.83901719564998212
111.07599999999999,0.84063979424383961
111.077,0.84227232795691664
111.078,0.84391477981496599
111.07899999999999,0.84556713274683171
111.08,0.84722936958479789
111.081,0.84890147306491881
111.08199999999999,0.85058342582736468
111.083,0.85227521041677279
111.084,0.85397680928257402
111.08499999999999,0.85568820477936181
111.086,0.85740937916721804
111.087,0.85914031461206952
111.08799999999999,0.86088099318604228
111.089,0.86263139686779922
111.09,0.86439150754290106
111.09099999999999,0.8661613070041555
111.092,0.86794077695196536
111.093,0.86972989899469522
111.09399999999999,0.87152865464901108
111.095,0.87333702534024593
111.096,0.87515499240275929
111.09699999999999,0.87698253708028784
111.098,0.87881964052630657
111.099,0.88066628380439615
111.09999999999999,0.88252244788859424
111.101,0.88438811366376457
111.102,0.88626326192595617
111.10299999999999,0.88814787338276802
111.104,0.89004192865371956
111.105,0.89194540827060476
111.10599999999999,0.89385829267787131
111.107,0.89578056223298352
111.108,0.89771219720678497
111.10899999999999,0.89965317778388143
111.11,0.90160348406299606
111.111,0.9035630960573503
111.11199999999999,0.9055319936950369
111.113,0.90751015681938507
111.114,0.90949756518933722
111.11499999999999,0.91149419847983038
111.116,0.91350003628215926
111.117,0.91551505810436629
111.11799999999999,0.91753924337160508
111.119,0.91957257142652316
111.12,0.9216150215296488
111.121,0.92366657285975595
111.122,0.92572720451425028
111.123,0.92779689550955746
111.124,0.92987562478148966
111.125,0.93196337118564188
111.126,0.93406011349776308
111.127,0.93616583041414547
111.128,0.93828050055201306
111.129,0.94040410244989403
111.13,0.94253661456801963
111.131,0.94467801528870032
111.13200000000001,0.94682828291671428
111.133,0.94898739567970525
111.134,0.95115533172855271
111.13500000000001,0.95333206913777191
111.136,0.95551758590590652
111.137,0.95771185995590291
111.13800000000001,0.95991486913551949
111.139,0.96212659121770283
111.14,0.96434700390098205
111.14100000000001,0.96657608480987223
111.142,0.9688138114952487
111.143,0.97106016143475293
111.14400000000001,0.97331511203318199
111.145,0.97557864062288258
111.146,0.97785072446414767
111.14700000000001,0.98013134074560504
111.148,0.98242046658462034
111.149,0.98471807902768937
111.15000000000001,0.9870241550508374
111.151,0.98933867156000577
111.152,0.99166160539146575
111.15300000000001,0.99399293331220062
111.154,0.99633263202031574
111.155,0.99868067814542694
111.15600000000001,1.0010370482490623
111.157,1.0034017188250712
111.158,1.0057746663000076
111.15900000000001,1.0081558670335382
111.16,1.0105452973188487
111.161,1.0129429333830307
111.16200000000001,1.0153487513874961
111.163,1.0177627274283667
111.164,1.0201848375368825
111.16500000000001,1.0226150576798072
111.166,1.0250533637598189
111.167,1.0274997316159185
111.16800000000001,1.0299541370238405
111.169,1.0324165556964364
111.17,1.0348869632841029
111.17100000000001,1.0373653353751613
111.172,1.0398516474962727
111.173,1.0423458751128472
111.17400000000001,1.0448479936294359
111.175,1.0473579783901394
111.176,1.04987580467902
111.17699999999999,1.052401447720491
111.178,1.0549348826797393
111.179,1.0574760846631155
111.18000000000001,1.0600250287185404
111.181,1.0625816898359268
111.182,1.0651460429475605
111.18299999999999,1.0677180629285203
111.184,1.0702977245970853
111.185,1.0728850027151284
111.18600000000001,1.0754798719885386
111.187,1.0780823070676107
111.188,1.0806922825474545
111.18899999999999,1.0833097729684176
111.19,1.0859347528164649
111.191,1.0885671965236012
111.19200000000001,1.0912070784682797
111.193,1.0938543729757928
111.194,1.0965090543186955
111.19499999999999,1.0991710967171984
111.196,1.1018404743395764
111.197,1.104517161302585
111.19800000000001,1.1072011316718502
111.199,1.109892359462286
111.2,1.1125908186384983
111.20099999999999,1.1152964831151833
111.202,1.1180093267575475
111.203,1.1207293233816995
111.20399999999999,1.1234564467550578
111.205,1.1261906705967712
111.206,1.1289319685781034
111.20699999999999,1.1316803143228467
111.208,1.1344356814077377
111.209,1.1371980433628419
111.20999999999999,1.13996737367198
111.211,1.1427436457731139
111.212,1.1455268330587618
111.21299999999999,1.148316908876406
111.214,1.1511138465288859
111.215,1.1539176192748068
111.21599999999999,1.156728200328955
111.217,1.1595455628626787
111.218,1.1623696800043171
111.21899999999999,1.165200524839582
111.22,1.1680380704119693
111.221,1.1708822897231737
111.22199999999999,1.1737331557334687
111.223,1.176590641362123
111.224,1.179454719487804
111.22499999999999,1.1823253629489709
111.226,1.1852025445442878
111.227,1.1880862370330103
111.22799999999999,1.1909764131353953
111.229,1.193873045533107
111.23,1.1967761068696072
111.23099999999999,1.199685569750554
111.232,1.202601406744217
111.233,1.2055235903818566
111.23399999999999,1.20845209315814
111.235,1.2113868875315286
111.236,1.2143279459246781
111.23699999999999,1.2172752407248462
111.238,1.2202287442842767
111.239,1.2231884289206003
111.23999999999999,1.2261542669172409
111.241,1.2291262305238004
111.242,1.2321042919564604
111.24299999999999,1.2350884233983752
111.244,1.2380785970000665
111.245,1.2410747848798276
111.246,1.2440769591240994
111.247,1.2470850917878784
111.248,1.2500991548951128
111.249,1.253119120439077
111.25,1.2561449603827892
111.251,1.2591766466593786
111.252,1.2622141511724922
111.253,1.2652574457966865
111.254,1.2683065023778042
111.255,1.2713612927333844
111.256,1.274421788653032
111.25700000000001,1.2774879618988162
111.258,1.280559784205664
111.259,1.2836372272817387
111.26000000000001,1.2867202628088259
111.261,1.2898088624427368
111.262,1.292902997813669
111.26300000000001,1.2960026405266187
111.264,1.2991077621617435
111.265,1.3022183342747562
111.26600000000001,1.3053343283973171
111.267,1.3084557160374
111.268,1.3115824686796846
111.26900000000001,1.314714557785944
111.27,1.3178519547954104
111.271,1.3209946311251755
111.27200000000001,1.3241425581705513
111.273,1.3272957073054603
111.274,1.3304540498828199
111.27500000000001,1.3336175572349038
111.276,1.3367862006737319
111.277,1.3399599514914518
111.27800000000001,1.3431387809606963
111.279,1.3463226603349818
111.28,1.3495115608490633
111.28100000000001,1.3527054537193173
111.282,1.3559043101441239
111.283,1.3591081013042212
111.28400000000001,1.3623167983630871
111.285,1.3655303724673196
111.286,1.3687487947469872
111.28700000000001,1.3719720363160202
111.288,1.3752000682725616
111.289,1.378432861699344
111.29000000000001,1.3816703876640628
111.291,1.3849126172197321
111.292,1.3881595214050531
111.29300000000001,1.3914110712447911
111.294,1.3946672377501206
111.295,1.3979279919190111
111.29600000000001,1.4011933047365688
111.297,1.4044631471754105
111.298,1.4077374901960307
111.29900000000001,1.411016304747148
111.3,1.4142995617660699
111.301,1.4175872321790628
111.30199999999999,1.4208792869016902
111.303,1.4241756968391934
111.304,1.4274764328868259
111.30500000000001,1.4307814659302189
111.306,1.4340907668457468
111.307,1.4374043065008599
111.30799999999999,1.4407220557544496
111.309,1.4440439854572082
111.31,1.4473700664519584
111.31100000000001,1.4507002695740334
111.312,1.4540345656515965
111.313,1.4573729255060066
111.31399999999999,1.4607153199521723
111.315,1.4640617197988794
111.316,1.467412095849151
111.31700000000001,1.4707664189005951
111.318,1.4741246597457356
111.319,1.4774867891723698
111.31999999999999,1.4808527779639029
111.321,1.4842225968996861
111.322,1.4875962167553731
111.32300000000001,1.4909736083032423
111.324,1.4943547423125429
111.325,1.4977395895498384
111.32599999999999,1.5011281207793292
111.327,1.5045203067632096
111.328,1.5079161182619798
111.32899999999999,1.5113155260347921
111.33,1.5147185008397932
111.331,1.5181250134344337
111.33199999999999,1.5215350345758156
111.333,1.5249485350210257
111.334,1.5283654855274449
111.33499999999999,1.531785856853104
111.336,1.5352096197569871
111.337,1.5386367449993668
111.33799999999999,1.542067203342137
111.339,1.5455009655491254
111.34,1.5489380023864192
111.34099999999999,1.5523782846226997
111.342,1.5558217830295409
111.343,1.5592684683817579
111.34399999999999,1.5627183114576972
111.345,1.5661712830395742
111.346,1.5696273539137906
111.34699999999999,1.5730864948712369
111.348,1.5765486767076171
111.349,1.5800138702237687
111.34999999999999,1.583482046225958
111.351,1.586953175526215
111.352,1.5904272289426211
111.35299999999999,1.5939041772996341
111.354,1.5973839914283976
111.355,1.6008666421670406
111.35599999999999,1.6043521003609831
111.357,1.6078403368632599
111.358,1.611331322534798
111.35899999999999,1.6148250282447474
111.36,1.6183214248707625
111.361,1.6218204832993095
111.36199999999999,1.6253221744259807
111.363,1.6288264691557708
111.364,1.6323333384033878
111.36499999999999,1.6358427530935573
111.366,1.6393546841612994
111.367,1.6428691025522435
111.36799999999999,1.6463859792229056
111.369,1.6499052851409883
111.37,1.6534269912856816
111.371,1.6569510686479334
111.372,1.6604774882307514
111.373,1.664006221049499
111.374,1.6675372381321614
111.375,1.6710705105196531
111.376,1.6746060092660875
111.377,1.6781437054390635
111.378,1.6816835701199637
111.379,1.6852255744042091
111.38,1.6887696894015678
111.381,1.6923158862364092
111.38200000000001,1.6958641360479962
111.383,1.6994144099907678
111.384,1.7029666792345974
111.38500000000001,1.7065209149650769
111.386,1.7100770883838019
111.387,1.7136351707086173
111.38800000000001,1.7171951331739208
111.389,1.720756947030903
111.39,1.7243205835478352
111.39100000000001,1.727886014010336
111.392,1.7314532097216311
111.393,1.7350221420028158
111.39400000000001,1.7385927821931413
111.395,1.7421651016502471
111.396,1.7457390717504506
111.39700000000001,1.7493146638889896
111.398,1.7528918494802861
111.399,1.7564705999582186
111.40000000000001,1.7600508867763589
111.401,1.7636326814082388
111.402,1.7672159553476134
111.40300000000001,1.7708006801086948
111.404,1.7743868272264278
111.405,1.7779743682567246
111.40600000000001,1.7815632747767158
111.407,1.7851535183850196
111.408,1.7887450707019628
111.40900000000001,1.7923379033698414
111.41,1.7959319880531766
111.411,1.7995272964389333
111.41200000000001,1.8031238002367924
111.413,1.8067214711793707
111.414,1.8103202810224686
111.41500000000001,1.8139202015453237
111.416,1.8175212045508282
111.417,1.8211232618657731
111.41800000000001,1.8247263453411018
111.419,1.8283304268521139
111.42,1.8319354782987336
111.42100000000001,1.8355414716057123
111.422,1.8391483787228762
111.423,1.8427561716253602
111.42400000000001,1.8463648223138245
111.425,1.8499743028146878
111.426,1.8535845851803641
111.42699999999999,1.8571956414894675
111.428,1.8608074438470636
111.429,1.8644199643848665
111.43000000000001,1.8680331752614725
111.431,1.8716470486625927
111.432,1.8752615568012505
111.43299999999999,1.8788766719180112
111.434,1.8824923662812081
111.435,1.886108612187138
111.43600000000001,1.8897253819603006
111.437,1.8933426479535895
111.438,1.8969603825485162
111.43899999999999,1.9005785581554284
111.44,1.904197147213704
111.441,1.9078161221919672
111.44200000000001,1.9114354555883086
111.443,1.9150551199304671
111.444,1.9186750877760617
111.44499999999999,1.9222953317127744
111.446,1.9259158243585632
111.447,1.9295365383618692
111.44800000000001,1.9331574464018046
111.449,1.9367785211883597
111.45,1.9403997354626066
111.45099999999999,1.9440210619968801
111.452,1.9476424735949953
111.453,1.9512639430924221
111.45399999999999,1.9548854433564873
111.455,1.9585069472865781
111.456,1.9621284278143107
111.45699999999999,1.9657498579037356
111.458,1.96937121055153
111.459,1.9729924587871679
111.45999999999999,1.9766135756731296
111.461,1.9802345343050662
111.462,1.9838553078119925
111.46299999999999,1.9874758693564787
111.464,1.991096192134816
111.465,1.9947162493772024
111.46599999999999,1.9983360143479385
111.467,2.0019554603455747
111.468,2.0055745607031215
111.46899999999999,2.0091932887881994
111.47,2.0128116180032238
111.471,2.0164295217855885
111.47199999999999,2.0200469736078199
111.473,2.0236639469777571
111.474,2.0272804154387289
111.47499999999999,2.0308963525697052
111.476,2.0345117319854893
111.477,2.0381265273368578
111.47799999999999,2.0417407123107414
111.479,2.045354260630396
111.48,2.0489671460555483
111.48099999999999,2.0525793423825629
111.482,2.0561908234446191
111.483,2.0598015631118436
111.48399999999999,2.0634115352914986
111.485,2.0670207139281116
111.486,2.0706290730036452
111.48699999999999,2.074236586537662
111.488,2.0778432285874575
111.489,2.0814489732482233
111.48999999999999,2.0850537946532066
111.491,2.0886576669738455
111.492,2.0922605644199312
111.49299999999999,2.095862461239749
111.494,2.0994633317202216
111.495,2.1030631501870731
111.496,2.1066618910049533
111.497,2.1102595285775871
111.498,2.113856037347932
111.499,2.1174513917982951
111.5,2.1210455664504964
111.501,2.1246385358659912
111.502,2.1282302746460129
111.503,2.1318207574317221
111.504,2.1354099589043205
111.505,2.1389978537852095
111.506,2.1425844168361028
111.50700000000001,2.14616962285917
111.508,2.1497534466971739
111.509,2.1533358632335844
111.51000000000001,2.1569168473927176
111.511,2.1604963741398739
111.512,2.16407441848144
111.51300000000001,2.1676509554650436
111.514,2.1712259601796542
111.515,2.1747994077557173
111.51600000000001,2.1783712733652858
111.517,2.1819415322221252
111.518,2.1855101595818409
111.51900000000001,2.1890771307420076
111.52,2.1926424210422675
111.521,2.1962060058644717
111.52200000000001,2.1997678606327717
111.523,2.2033279608137519
111.524,2.2068862819165442
111.52500000000001,2.2104427994929274
111.526,2.2139974891374496
111.527,2.2175503264875442
111.52800000000001,2.2211012872236209
111.529,2.2246503470692005
111.53,2.2281974817909989
111.53100000000001,2.2317426671990432
111.532,2.235285879146788
111.533,2.2388270935312011
111.53400000000001,2.2423662862928779
111.535,2.2459034334161503
111.536,2.2494385109291697
111.53700000000001,2.2529714949040294
111.538,2.2565023614568456
111.539,2.2600310867478628
111.54000000000001,2.2635576469815639
111.541,2.2670820184067431
111.542,2.2706041773166157
111.54300000000001,2.274124100048919
111.544,2.277641762985986
111.545,2.2811571425548585
111.54600000000001,2.284670215227365
111.547,2.2881809575202121
111.548,2.2916893459950871
111.54900000000001,2.2951953572587294
111.55,2.2986989679630243
111.551,2.3022001548051008
111.55199999999999,2.305698894527394
111.553,2.3091951639177566
111.554,2.3126889398095192
111.55500000000001,2.3161801990815833
111.556,2.3196689186585102
111.557,2.3231550755105852
111.55799999999999,2.3266386466539064
111.559,2.330119609150473
111.56,2.3335979401082407
111.56100000000001,2.3370736166812232
111.562,2.3405466160695472
111.563,2.3440169155195369
111.56399999999999,2.3474844923237956
111.565,2.350949323821264
111.566,2.354411387397298
111.56700000000001,2.3578706604837492
111.568,2.3613271205590181
111.569,2.3647807451481415
111.56999999999999,2.3682315118228456
111.571,2.3716793982016222
111.572,2.3751243819497967
111.57300000000001,2.3785664407795855
111.574,2.3820055524501673
111.575,2.3854416947677524
111.57599999999999,2.3888748455856263
111.577,2.3923049828042404
111.578,2.3957320843712449
111.57899999999999,2.3991561282815659
111.58,2.4025770925774648
111.581,2.405994955348588
111.58199999999999,2.4094096947320307
111.583,2.4128212889123954
111.584,2.4162297161218436
111.58499999999999,2.4196349546401548
111.586,2.4230369827947755
111.587,2.4264357789608755
111.58799999999999,2.4298313215614069
111.589,2.433223589067143
111.59,2.4366125599967372
111.59099999999999,2.4399982129167777
111.592,2.443380526441822
111.593,2.4467594792344634
111.59399999999999,2.450135050005362
111.595,2.4535072175132986
111.596,2.4568759605652306
111.59699999999999,2.460241258016314
111.598,2.4636030887699683
111.599,2.4669614317779134
111.59999999999999,2.4703162660402063
111.601,2.4736675706052944
111.602,2.4770153245700457
111.60299999999999,2.4803595070797906
111.604,2.483700097328374
111.605,2.487037074558176
111.60599999999999,2.4903704180601571
111.607,2.4937001071739076
111.608,2.4970261212876568
111.60899999999999,2.5003484398383393
111.61,2.5036670423116045
111.611,2.5069819082418618
111.61199999999999,2.5102930172123208
111.613,2.5136003488550087
111.614,2.5169038828508099
111.61499999999999,2.5202035989295011
111.616,2.5234994768697718
111.617,2.5267914964992646
111.61799999999999,2.5300796376945942
111.619,2.5333638803813785
111.62,2.5366442045342734
111.621,2.5399205901769877
111.622,2.5431930173823143
111.623,2.5464614662721621
111.624,2.5497259170175632
111.625,2.5529863498387209
111.626,2.5562427450050067
111.627,2.5594950828349998
111.628,2.5627433436965088
111.629,2.5659875080065802
111.63,2.5692275562315343
111.631,2.5724634688869719
111.63200000000001,2.5756952265377961
111.633,2.5789228097982426
111.634,2.5821461993318779
111.63500000000001,2.5853653758516266
111.636,2.5885803201197963
111.637,2.5917910129480703
111.63800000000001,2.5949974351975493
111.639,2.5981995677787424
111.64,2.6013973916515938
111.64100000000001,2.6045908878254962
111.642,2.6077800373592956
111.643,2.6109648213613061
111.64400000000001,2.6141452209893297
111.645,2.6173212174506491
111.646,2.6204927920020573
111.64700000000001,2.6236599259498501
111.648,2.6268226006498425
111.649,2.6299807975073821
111.65000000000001,2.6331344979773426
111.651,2.6362836835641419
111.652,2.6394283358217487
111.65300000000001,2.6425684363536757
111.654,2.6457039668130045
111.655,2.6488349089023688
111.65600000000001,2.65196124437397
111.657,2.6550829550295871
111.658,2.6582000227205613
111.65900000000001,2.6613124293478103
111.66,2.6644201568618344
111.661,2.6675231872626979
111.66200000000001,2.670621502600059
111.663,2.6737150849731393
111.664,2.6768039165307411
111.66500000000001,2.6798879794712462
111.666,2.6829672560426077
111.667,2.6860417285423455
111.66800000000001,2.6891113793175583
111.669,2.6921761907649007
111.67,2.6952361453305977
111.67100000000001,2.6982912255104261
111.672,2.701341413849712
111.673,2.7043866929433422
111.67400000000001,2.7074270454357303
111.675,2.7104624540208309
111.676,2.7134929014421321
111.67699999999999,2.7165183704926328
111.678,2.7195388440148549
111.679,2.7225543049008185
111.68000000000001,2.7255647360920379
111.681,2.7285701205795254
111.682,2.7315704414037585
111.68299999999999,2.7345656816546837
111.684,2.7375558244717113
111.685,2.7405408530436866
111.68600000000001,2.7435207506088974
111.687,2.7464955004550453
111.688,2.7494650859192413
111.68899999999999,2.7524294903880016
111.69,2.7553886972972141
111.691,2.758342690132138
111.69200000000001,2.7612914524273919
111.693,2.7642349677669276
111.694,2.7671732197840302
111.69499999999999,2.770106192161284
111.696,2.7730338686305713
111.697,2.7759562329730545
111.69800000000001,2.7788732690191522
111.699,2.7817849606485234
111.7,2.7846912917900606
111.70099999999999,2.7875922464218545
111.702,2.7904878085711959
111.703,2.7933779623145356
111.70399999999999,2.7962626917774767
111.705,2.799141981134766
111.706,2.8020158146102458
111.70699999999999,2.8048841764768579
111.708,2.8077470510566198
111.709,2.8106044227205884
111.70999999999999,2.8134562758888602
111.711,2.8163025950305318
111.712,2.8191433646636823
111.71299999999999,2.8219785693553638
111.714,2.8248081937215579
111.715,2.8276322224271646
111.71599999999999,2.8304506401859837
111.717,2.8332634317606766
111.718,2.8360705819627561
111.71899999999999,2.8388720756525521
111.72,2.841667897739188
111.721,2.8444580331805684
111.72199999999999,2.8472424669833347
111.723,2.8500211842028458
111.724,2.8527941699431674
111.72499999999999,2.8555614093570183
111.726,2.8583228876457709
111.727,2.8610785900594036
111.72799999999999,2.863828501896482
111.729,2.8665726085041365
111.73,2.869310895278026
111.73099999999999,2.8720433476623097
111.732,2.8747699511496294
111.733,2.8774906912810665
111.73399999999999,2.8802055536461282
111.735,2.8829145238827021
111.736,2.8856175876770367
111.73699999999999,2.8883147307637165
111.738,2.8910059389256193
111.739,2.8936911979938924
111.73999999999999,2.8963704938479262
111.741,2.8990438124153166
111.742,2.9017111396718387
111.74299999999999,2.9043724616414117
111.744,2.9070277643960689
111.745,2.9096770340559339
111.746,2.9123202567891719
111.747,2.9149574188119733
111.748,2.9175885063885172
111.749,2.9202135058309282
111.75,2.922832403499267
111.751,2.9254451858014692
111.752,2.9280518391933334
111.753,2.9306523501784807
111.754,2.9332467053083167
111.755,2.935834891182008
111.756,2.9384168944464379
111.75700000000001,2.940992701796175
111.758,2.9435622999734483
111.759,2.9461256757680987
111.76000000000001,2.9486828160175489
111.761,2.9512337076067765
111.762,2.9537783374682673
111.76300000000001,2.9563166925819888
111.764,2.9588487599753512
111.765,2.9613745267231675
111.76600000000001,2.9638939799476294
111.767,2.9664071068182598
111.768,2.9689138945518816
111.76900000000001,2.9714143304125851
111.77,2.9739084017116806
111.771,2.9763960958076803
111.77200000000001,2.9788774001062426
111.773,2.9813523020601402
111.774,2.9838207891692377
111.77500000000001,2.9862828489804345
111.776,2.9887384690876382
111.777,2.9911876371317314
111.77800000000001,2.9936303408005172
111.779,2.9960665678287066
111.78,2.9984963059978571
111.78100000000001,3.0009195431363476
111.782,3.0033362671193431
111.783,3.0057464658687456
111.78400000000001,3.0081501273531623
111.785,3.0105472395878756
111.786,3.0129377906347856
111.78700000000001,3.0153217686023899
111.788,3.0176991616457376
111.789,3.0200699579663843
111.79000000000001,3.022434145812372
111.791,3.0247917134781686
111.792,3.0271426493046421
111.79300000000001,3.0294869416790227
111.794,3.0318245790348519
111.795,3.0341555498519623
111.79600000000001,3.0364798426564188
111.797,3.0387974460204887
111.798,3.0411083485626103
111.79900000000001,3.0434125389473361
111.8,3.0457100058853053
111.801,3.048000738133207
111.80199999999999,3.0502847244937272
111.803,3.0525619538155251
111.804,3.054832414993184
111.80500000000001,3.0570960969671668
111.806,3.059352988723794
111.807,3.061603079295188
111.80799999999999,3.0638463577592354
111.809,3.0660828132395572
111.81,3.0683124349054554
111.81100000000001,3.0705352119718889
111.812,3.0727511336994167
111.813,3.0749601893941647
111.81399999999999,3.0771623684077944
111.815,3.0793576601374522
111.816,3.0815460540257305
111.81700000000001,3.0837275395606336
111.818,3.0859021062755283
111.819,3.0880697437491205
111.81999999999999,3.0902304416053954
111.821,3.0923841895135857
111.822,3.0945309771881377
111.82300000000001,3.0966707943886647
111.824,3.0988036309199023
111.825,3.1009294766316842
111.82599999999999,3.1030483214188815
111.827,3.1051601552213839
111.828,3.1072649680240398
111.82899999999999,3.1093627498566296
111.83,3.1114534907938234
111.831,3.1135371809551358
111.83199999999999,3.1156138105048896
111.833,3.1176833696521804
111.834,3.1197458486508229
111.83499999999999,3.1218012377993327
111.836,3.1238495274408629
111.837,3.125890707963177
111.83799999999999,3.1279247697986112
111.839,3.1299517034240294
111.84,3.1319714993607808
111.84099999999999,3.1339841481746693
111.842,3.1359896404759029
111.843,3.137987966919066
111.84399999999999,3.139979118203069
111.845,3.141963085071112
111.846,3.1439398583106537
111.84699999999999,3.1459094287533564
111.848,3.1478717872750575
111.849,3.1498269247957307
111.84999999999999,3.1517748322794397
111.851,3.1537155007343061
111.852,3.1556489212124639
111.85299999999999,3.1575750848100221
111.854,3.1594939826670321
111.855,3.1614056059674396
111.85599999999999,3.1633099459390466
111.857,3.1652069938534844
111.858,3.1670967410261537
111.85899999999999,3.1689791788162092
111.86,3.170854298626502
111.861,3.1727220919035499
111.86199999999999,3.1745825501374982
111.863,3.1764356648620824
111.864,3.1782814276545834
111.86499999999999,3.1801198301357978
111.866,3.1819508639699907
111.867,3.1837745208648682
111.86799999999999,3.1855907925715283
111.869,3.1873996708844277
111.87,3.1892011476413513
111.871,3.1909952147233587
111.872,3.1927818640547567
111.873,3.1945610876030646
111.874,3.1963328773789663
111.875,3.1980972254362841
111.876,3.1998541238719294
111.877,3.2016035648258727
111.878,3.2033455404811124
111.879,3.2050800430636208
111.88,3.2068070648423244
111.881,3.2085265981290569
111.88200000000001,3.2102386352785208
111.883,3.2119431686882636
111.884,3.2136401907986256
111.88500000000001,3.2153296940927105
111.886,3.2170116710963548
111.887,3.2186861143780785
111.88800000000001,3.2203530165490606
111.889,3.2220123702630965
111.89,3.2236641682165628
111.89100000000001,3.2253084031483858
111.892,3.2269450678400005
111.893,3.2285741551153149
111.89400000000001,3.2301956578406825
111.895,3.231809568924854
111.896,3.2334158813189564
111.89700000000001,3.2350145880164427
111.898,3.2366056820530691
111.899,3.2381891565068575
111.90000000000001,3.2397650044980524
111.901,3.2413332191890967
111.902,3.2428937937845954
111.90300000000001,3.244446721531272
111.904,3.2459919957179486
111.905,3.2475296096754973
111.90600000000001,3.2490595567768152
111.907,3.2505818304367904
111.908,3.2520964241122634
111.90900000000001,3.2536033313019939
111.91,3.2551025455466331
111.911,3.2565940604286836
111.91200000000001,3.258077869572471
111.913,3.2595539666441073
111.914,3.2610223453514569
111.91500000000001,3.2624829994441091
111.916,3.26393592271334
111.917,3.2653811089920803
111.91800000000001,3.2668185521548891
111.919,3.2682482461179094
111.92,3.2696701848388514
111.92100000000001,3.2710843623169454
111.922,3.2724907725929171
111.923,3.2738894097489588
111.92400000000001,3.2752802679086912
111.925,3.276663341237132
111.926,3.2780386239406725
111.92699999999999,3.2794061102670335
111.928,3.2807657945052493
111.929,3.2821176709856217
111.93000000000001,3.2834617340796979
111.931,3.2847979782002401
111.932,3.2861263978011901
111.93299999999999,3.2874469873776389
111.934,3.2887597414658036
111.935,3.2900646546429875
111.93600000000001,3.2913617215275592
111.937,3.2926509367789127
111.938,3.2939322950974472
111.93899999999999,3.2952057912245301
111.94,3.2964714199424723
111.941,3.297729176074494
111.94200000000001,3.298979054484704
111.943,3.3002210500780587
111.944,3.3014551578003446
111.94499999999999,3.3026813726381401
111.946,3.3038996896187909
111.947,3.3051101038103861
111.94800000000001,3.3063126103217191
111.949,3.3075072043022669
111.95,3.3086938809421658
111.95099999999999,3.3098726354721677
111.952,3.311043463163633
111.953,3.3122063593284832
111.95399999999999,3.3133613193191884
111.955,3.3145083385287326
111.956,3.3156474123905872
111.95699999999999,3.3167785363786808
111.958,3.3179017060073805
111.959,3.3190169168314583
111.95999999999999,3.3201241644460655
111.961,3.321223444486709
111.962,3.3223147526292194
111.96299999999999,3.3233980845897286
111.964,3.3244734361246442
111.965,3.3255408030306208
111.96599999999999,3.3266001811445367
111.967,3.3276515663434636
111.968,3.32869495454465
111.96899999999999,3.3297303417054809
111.97,3.3307577238234676
111.971,3.3317770969362184
111.97199999999999,3.3327884571214028
111.973,3.3337918004967411
111.974,3.3347871232199733
111.97499999999999,3.3357744214888307
111.976,3.336753691541019
111.977,3.337724929654188
111.97799999999999,3.3386881321459083
111.979,3.3396432953736519
111.98,3.3405904157347606
111.98099999999999,3.341529489666426
111.982,3.3424605136456673
111.983,3.3433834841893053
111.98399999999999,3.3442983978539402
111.985,3.3452052512359272
111.986,3.3461040409713507
111.98699999999999,3.3469947637360105
111.988,3.3478774162453862
111.989,3.348751995254621
111.98999999999999,3.3496184975585024
111.991,3.3504769199914333
111.992,3.3513272594274097
111.99299999999999,3.3521695127800077
111.994,3.3530036770023419
111.995,3.3538297490870699
111.996,3.354647726066343
111.997,3.3554576050118037
111.998,3.356259383034558
111.999,3.3570530572851496
112,3.3578386249535463
112.001,3.3586160832691085
112.002,3.3593854295005778
112.003,3.360146660956052
112.004,3.3608997749829621
112.005,3.3616447689680542
112.006,3.362381640337365
112.00700000000001,3.3631103865562069
112.008,3.3638310051291445
112.009,3.3645434935999705
112.01000000000001,3.3652478495516891
112.011,3.3659440706064991
112.012,3.366632154425766
112.01300000000001,3.3673120987100087
112.014,3.3679839011988744
112.015,3.3686475596711229
112.01600000000001,3.3693030719446053
112.017,3.3699504358762433
112.018,3.3705896493620111
112.01900000000001,3.3712207103369161
112.02,3.3718436167749788
112.021,3.3724583666892145
112.02200000000001,3.3730649581316126
112.023,3.3736633891931196
112.024,3.3742536580036191
112.02500000000001,3.3748357627319132
112.026,3.3754097015857019
112.027,3.3759754728115721
112.02800000000001,3.3765330746949664
112.029,3.3770825055601752
112.03,3.3776237637703157
112.03100000000001,3.3781568477273112
112.032,3.3786817558718742
112.033,3.3791984866834905
112.03400000000001,3.3797070386803978
112.035,3.3802074104195707
112.036,3.3806996004966998
112.03700000000001,3.3811836075461792
112.038,3.3816594302410818
112.039,3.3821270672931472
112.04000000000001,3.3825865174527636
112.041,3.383037779508947
112.042,3.3834808522893272
112.04300000000001,3.383915734660131
112.044,3.3843424255261612
112.045,3.3847609238307825
112.04600000000001,3.3851712285559055
112.047,3.3855733387219638
112.048,3.3859672533879084
112.04900000000001,3.3863529716511782
112.05,3.3867304926476889
112.051,3.3870998155518204
112.05199999999999,3.3874609395763939
112.053,3.3878138639726565
112.054,3.3881585880302678
112.05500000000001,3.3884951110772787
112.056,3.3888234324801232
112.057,3.389143551643591
112.05799999999999,3.3894554680108184
112.059,3.389759181063273
112.06,3.3900546903207336
112.06100000000001,3.390341995341275
112.062,3.3906210957212521
112.063,3.3908919910952875
112.06399999999999,3.3911546811362507
112.065,3.3914091655552427
112.066,3.3916554441015814
112.06700000000001,3.3918935165627895
112.068,3.3921233827645723
112.069,3.3923450425708017
112.06999999999999,3.39255849588351
112.071,3.3927637426428632
112.072,3.3929607828271502
112.07300000000001,3.3931496164527686
112.074,3.3933302435742045
112.075,3.3935026642840245
112.07599999999999,3.3936668787128506
112.077,3.3938228870293532
112.078,3.3939706894402311
112.07899999999999,3.3941102861901977
112.08,3.3942416775619626
112.081,3.3943648638762207
112.08199999999999,3.3944798454916367
112.083,3.3945866228048232
112.084,3.3946851962503333
112.08499999999999,3.3947755663006429
112.086,3.394857733466131
112.087,3.3949316982950726
112.08799999999999,3.3949974613736127
112.089,3.3950550233257646
112.09,3.3951043848133788
112.09099999999999,3.3951455465361455
112.092,3.3951785092315605
112.093,3.395203273674928
112.09399999999999,3.395219840679331
112.095,3.3952282110956236
112.096,3.3952283858124153
112.09699999999999,3.3952203657560518
112.098,3.3952041518906064
112.099,3.3951797452178569
112.09999999999999,3.3951471467772758
112.101,3.3951063576460134
112.102,3.3950573789388829
112.10299999999999,3.3950002118083433
112.104,3.3949348574444871
112.105,3.3948613170750219
112.10599999999999,3.3947795919652597
112.107,3.3946896834180933
112.108,3.3945915927739883
112.10899999999999,3.3944853214109667
112.11,3.3943708707445892
112.111,3.3942482422279374
112.11199999999999,3.3941174373516065
112.113,3.3939784576436796
112.114,3.393831304669721
112.11499999999999,3.3936759800327558
112.116,3.3935124853732526
112.117,3.3933408223691135
112.11799999999999,3.3931609927356554
112.119,3.392972998225591
112.12,3.3927768406290189
112.121,3.3925725217734031
112.122,3.3923600435235604
112.123,3.3921394077816416
112.124,3.3919106164871167
112.125,3.3916736716167608
112.126,3.3914285751846336
112.127,3.3911753292420679
112.128,3.3909139358776481
112.129,3.3906443972172022
112.13,3.3903667154237751
112.131,3.3900808926976191
112.13200000000001,3.3897869312761775
112.133,3.3894848334340621
112.134,3.3891746014830457
112.13500000000001,3.388856237772035
112.136,3.3885297446870646
112.137,3.388195124651268
112.13800000000001,3.3878523801248757
112.139,3.3875015136051831
112.14,3.387142527626545
112.14100000000001,3.3867754247603483
112.142,3.3864002076150062
112.143,3.3860168788359308
112.14400000000001,3.3856254411055202
112.145,3.3852258971431421
112.146,3.384818249705114
112.14700000000001,3.384402501584685
112.148,3.3839786556120215
112.149,3.3835467146541842
112.15000000000001,3.3831066816151152
112.151,3.3826585594356162
112.152,3.3822023510933321
112.15300000000001,3.3817380596027342
112.154,3.3812656880150973
112.155,3.3807852394184845
112.15600000000001,3.3802967169377292
112.157,3.3798001237344142
112.158,3.3792954630068559
112.15900000000001,3.3787827379900794
112.16,3.3782619519558081
112.161,3.3777331082124364
112.16200000000001,3.3771962101050157
112.163,3.3766512610152324
112.164,3.376098264361389
112.16500000000001,3.3755372235983843
112.166,3.3749681422176949
112.167,3.374391023747354
112.16800000000001,3.3738058717519319
112.169,3.3732126898325134
112.17,3.3726114816266821
112.17100000000001,3.3720022508084955
112.172,3.3713850010884703
112.173,3.370759736213552
112.17400000000001,3.3701264599671035
112.175,3.3694851761688813
112.176,3.3688358886750107
112.17699999999999,3.3681786013779673
112.178,3.3675133182065577
112.179,3.3668400431258929
112.18000000000001,3.3661587801373747
112.181,3.3654695332786591
112.182,3.3647723066236539
112.18299999999999,3.3640671042824803
112.184,3.3633539304014555
112.185,3.3626327891630736
112.18600000000001,3.3619036847859802
112.187,3.36116662152495
112.188,3.360421603670861
112.18899999999999,3.3596686355506753
112.19,3.3589077215274137
112.191,3.3581388660001359
112.19200000000001,3.3573620734039045
112.193,3.3565773482097829
112.194,3.3557846949247874
112.19499999999999,3.3549841180918776
112.196,3.3541756222899322
112.197,3.3533592121337139
112.19800000000001,3.3525348922738551
112.199,3.3517026673968293
112.2,3.3508625422249252
112.20099999999999,3.3500145215162198
112.202,3.3491586100645572
112.203,3.3482948126995189
112.20399999999999,3.3474231342864025
112.205,3.3465435797261853
112.206,3.3456561539555145
112.20699999999999,3.3447608619466669
112.208,3.3438577087075254
112.209,3.342946699281554
112.20999999999999,3.3420278387477715
112.211,3.3411011322207211
112.212,3.3401665848504467
112.21299999999999,3.3392242018224585
112.214,3.3382739883577131
112.215,3.3373159497125822
112.21599999999999,3.3363500911788164
112.217,3.3353764180835341
112.218,3.3343949357891747
112.21899999999999,3.3334056496934785
112.22,3.3324085652294579
112.221,3.3314036878653659
112.22199999999999,3.3303910231046636
112.223,3.3293705764859984
112.224,3.3283423535831616
112.22499999999999,3.3273063600050707
112.226,3.3262626013957299
112.227,3.3252110834342035
112.22799999999999,3.3241518118345854
112.229,3.323084792345961
112.23,3.3220100307523843
112.23099999999999,3.3209275328728451
112.232,3.3198373045612262
112.233,3.3187393517062853
112.23399999999999,3.3176336802316153
112.235,3.3165202960956113
112.236,3.3153992052914387
112.23699999999999,3.3142704138470003
112.238,3.3131339278249015
112.239,3.3119897533224214
112.23999999999999,3.310837896471468
112.241,3.3096783634385565
112.242,3.3085111604247666
112.24299999999999,3.3073362936657085
112.244,3.306153769431492
112.245,3.3049635940266859
112.246,3.3037657737902868
112.247,3.302560315095683
112.248,3.3013472243506121
112.249,3.3001265079971329
112.25,3.2988981725115822
112.251,3.297662224404545
112.252,3.2964186702208118
112.253,3.2951675165393368
112.254,3.2939087699732146
112.255,3.292642437169627
112.256,3.2913685248098141
112.25700000000001,3.2900870396090305
112.258,3.2887979883165106
112.259,3.2875013777154276
112.26000000000001,3.286197214622852
112.261,3.2848855058897133
112.262,3.2835662584007665
112.26300000000001,3.2822394790745366
112.264,3.2809051748632965
112.265,3.2795633527530117
112.26600000000001,3.2782140197633036
112.267,3.2768571829474116
112.268,3.2754928493921511
112.26900000000001,3.2741210262178613
112.27,3.2727417205783782
112.271,3.2713549396609793
112.27200000000001,3.2699606906863505
112.273,3.2685589809085345
112.274,3.2671498176148921
112.27500000000001,3.2657332081260555
112.276,3.264309159795892
112.277,3.2628776800114445
112.27800000000001,3.2614387761929051
112.279,3.2599924557935518
112.28,3.2585387262997196
112.28100000000001,3.257077595230744
112.282,3.2556090701389189
112.283,3.2541331586094469
112.28400000000001,3.2526498682604021
112.285,3.2511592067426704
112.286,3.2496611817399135
112.28700000000001,3.2481558009685112
112.288,3.2466430721775228
112.289,3.245123003148636
112.29000000000001,3.2435956016961125
112.291,3.2420608756667479
112.292,3.2405188329398187
112.29300000000001,3.2389694814270285
112.294,3.2374128290724702
112.295,3.2358488838525581
112.29600000000001,3.2342776537759974
112.297,3.2326991468837201
112.298,3.2311133712488331
112.29900000000001,3.2295203349765766
112.3,3.2279200462042659
112.301,3.226312513101238
112.30199999999999,3.2246977438688043
112.303,3.2230757467401916
112.304,3.2214465299804949
112.30500000000001,3.219810101886623
112.306,3.2181664707872377
112.307,3.216515645042711
112.30799999999999,3.2148576330450624
112.309,3.2131924432179058
112.31,3.2115200840163971
112.31100000000001,3.2098405639271728
112.312,3.2081538914683043
112.313,3.2064600751892329
112.31399999999999,3.2047591236707129
112.315,3.2030510455247638
112.316,3.2013358493946029
112.31700000000001,3.1996135439545923
112.318,3.1978841379101848
112.319,3.1961476399978559
112.31999999999999,3.1944040589850555
112.321,3.1926534036701439
112.322,3.1908956828823309
112.32300000000001,3.1891309054816195
112.324,3.1873590803587488
112.325,3.1855802164351217
112.32599999999999,3.1837943226627603
112.327,3.1820014080242309
112.328,3.1802014815325896
112.32899999999999,3.1783945522313246
112.33,3.1765806291942815
112.331,3.1747597215256116
112.33199999999999,3.1729318383597085
112.333,3.1710969888611356
112.334,3.169255182224576
112.33499999999999,3.1674064276747558
112.336,3.1655507344663891
112.337,3.1636881118841123
112.33799999999999,3.1618185692424077
112.339,3.1599421158855563
112.34,3.1580587611875632
112.34099999999999,3.156168514552081
112.342,3.1542713854123674
112.343,3.1523673832311929
112.34399999999999,3.1504565175007913
112.345,3.1485387977427872
112.346,3.1466142335081213
112.34699999999999,3.1446828343769946
112.348,3.1427446099587892
112.349,3.1407995698920046
112.34999999999999,3.1388477238441865
112.351,3.1368890815118542
112.352,3.1349236526204369
112.35299999999999,3.1329514469242032
112.354,3.1309724742061791
112.355,3.1289867442780901
112.35599999999999,3.1269942669802853
112.357,3.1249950521816583
112.358,3.1229891097795863
112.35899999999999,3.1209764496998473
112.36,3.1189570818965535
112.361,3.1169310163520811
112.36199999999999,3.1148982630769795
112.363,3.1128588321099202
112.364,3.110812733517605
112.36499999999999,3.1087599773946946
112.366,3.1067005738637428
112.367,3.1046345330751062
112.36799999999999,3.1025618652068783
112.369,3.1004825804648095
112.37,3.098396689082231
112.371,3.0963042013199775
112.372,3.0942051274663105
112.373,3.0920994778368334
112.374,3.0899872627744269
112.375,3.0878684926491546
112.376,3.0857431778581974
112.377,3.0836113288257661
112.378,3.0814729560030214
112.379,3.0793280698680001
112.38,3.0771766809255228
112.381,3.0750187997071285
112.38200000000001,3.0728544367709816
112.383,3.0706836027017892
112.384,3.0685063081107304
112.38500000000001,3.0663225636353619
112.386,3.0641323799395388
112.387,3.0619357677133361
112.38800000000001,3.0597327376729564
112.389,3.057523300560653
112.39,3.0553074671446478
112.39100000000001,3.0530852482190296
112.392,3.050856654603693
112.393,3.0486216971442346
112.39400000000001,3.0463803867118737
112.395,3.0441327342033686
112.396,3.0418787505409202
112.39700000000001,3.0396184466720988
112.398,3.037351833569748
112.399,3.0350789222318912
112.40000000000001,3.032799723681658
112.401,3.0305142489671892
112.402,3.0282225091615365
112.40300000000001,3.0259245153625933
112.404,3.0236202786929893
112.405,3.0213098103000076
112.40600000000001,3.0189931213554941
112.407,3.0166702230557605
112.408,3.0143411266215017
112.40900000000001,3.0120058432976999
112.41,3.0096643843535276
112.411,3.0073167610822709
112.41200000000001,3.0049629848012098
112.413,3.0026030668515569
112.414,3.0002370185983445
112.41500000000001,2.9978648514303265
112.416,2.9954865767598999
112.417,2.9931022060230048
112.41800000000001,2.9907117506790168
112.419,2.9883152222106726
112.42,2.9859126321239553
112.42100000000001,2.9835039919480093
112.422,2.9810893132350471
112.423,2.9786686075602318
112.42400000000001,2.9762418865216098
112.425,2.9738091617399895
112.426,2.97137044485885
112.42699999999999,2.9689257475442479
112.428,2.9664750814847114
112.429,2.9640184583911484
112.43000000000001,2.9615558899967414
112.431,2.9590873880568465
112.432,2.9566129643489005
112.43299999999999,2.9541326306723135
112.434,2.9516463988483701
112.435,2.9491542807201299
112.43600000000001,2.9466562881523193
112.437,2.9441524330312379
112.438,2.9416427272646564
112.43899999999999,2.9391271827816996
112.44,2.9366058115327607
112.441,2.9340786254893914
112.44200000000001,2.9315456366441901
112.443,2.9290068570107124
112.444,2.9264622986233513
112.44499999999999,2.9239119735372445
112.446,2.9213558938281654
112.447,2.9187940715924072
112.44800000000001,2.9162265189466954
112.449,2.913653248028071
112.45,2.9110742709937756
112.45099999999999,2.9084896000211624
112.452,2.9058992473075733
112.453,2.90330322507024
112.45399999999999,2.9007015455461742
112.455,2.8980942209920526
112.456,2.8954812636841174
112.45699999999999,2.8928626859180642
112.458,2.8902385000089224
112.459,2.8876087182909647
112.45999999999999,2.8849733531175739
112.461,2.8823324168611544
112.462,2.879685921913008
112.46299999999999,2.8770338806832187
112.464,2.8743763056005567
112.465,2.8717132091123547
112.46599999999999,2.869044603684392
112.467,2.8663705018007972
112.468,2.8636909159639141
112.46899999999999,2.8610058586942122
112.47,2.8583153425301533
112.471,2.8556193800280831
112.47199999999999,2.8529179837621221
112.473,2.850211166324049
112.474,2.8474989403231739
112.47499999999999,2.8447813183862425
112.476,2.8420583131573034
112.477,2.8393299372976015
112.47799999999999,2.8365962034854602
112.479,2.8338571244161588
112.48,2.8311127128018208
112.48099999999999,2.8283629813712978
112.482,2.8256079428700462
112.483,2.8228476100600148
112.48399999999999,2.8200819957195162
112.485,2.8173111126431256
112.486,2.8145349736415448
112.48699999999999,2.8117535915414886
112.488,2.8089669791855663
112.489,2.8061751494321689
112.48999999999999,2.8033781151553261
112.491,2.800575889244612
112.492,2.7977684846050068
112.49299999999999,2.7949559141567812
112.494,2.7921381908353804
112.495,2.789315327591285
112.496,2.7864873373899077
112.497,2.7836542332114647
112.498,2.7808160280508418
112.499,2.7779727349174883
112.5,2.7751243668352803
112.501,2.7722709368424043
112.502,2.7694124579912343
112.503,2.7665489433481927
112.504,2.7636804059936488
112.505,2.7608068590217716
112.506,2.7579283155404193
112.50700000000001,2.7550447886710101
112.508,2.7521562915483875
112.509,2.7492628373207069
112.51000000000001,2.7463644391493061
112.511,2.7434611102085658
112.512,2.7405528636858034
112.51300000000001,2.7376397127811227
112.514,2.7347216707073079
112.515,2.7317987506896833
112.51600000000001,2.728870965965982
112.517,2.7259383297862296
112.518,2.7230008554126042
112.51900000000001,2.7200585561193109
112.52,2.7171114451924581
112.521,2.7141595359299129
112.52200000000001,2.7112028416411897
112.523,2.7082413756473125
112.524,2.7052751512806688
112.52500000000001,2.7023041818849078
112.526,2.6993284808147906
112.527,2.6963480614360544
112.52800000000001,2.6933629371253023
112.529,2.690373121269845
112.53,2.6873786272675897
112.53100000000001,2.6843794685269029
112.532,2.6813756584664628
112.533,2.6783672105151486
112.53400000000001,2.6753541381118966
112.535,2.6723364547055573
112.536,2.6693141737547852
112.53700000000001,2.6662873087278767
112.538,2.6632558731026625
112.539,2.6602198803663559
112.54000000000001,2.6571793440154199
112.541,2.6541342775554413
112.542,2.6510846945009887
112.54300000000001,2.6480306083754708
112.544,2.6449720327110193
112.545,2.6419089810483305
112.54600000000001,2.6388414669365479
112.547,2.6357695039331173
112.548,2.6326931056036447
112.54900000000001,2.6296122855217723
112.55,2.6265270572690365
112.551,2.6234374344347189
112.55199999999999,2.6203434306157303
112.553,2.6172450594164509
112.554,2.6141423344486103
112.55500000000001,2.6110352693311407
112.556,2.6079238776900349
112.557,2.6048081731582164
112.55799999999999,2.6016881693753979
112.559,2.5985638799879323
112.56,2.5954353186486938
112.56100000000001,2.5923024990169128
112.562,2.5891654347580602
112.563,2.5860241395436963
112.56399999999999,2.5828786270513233
112.565,2.5797289109642589
112.566,2.5765750049714939
112.56700000000001,2.5734169227675348
112.568,2.5702546780522915
112.569,2.5670882845309015
112.56999999999999,2.5639177559136237
112.571,2.5607431059156762
112.572,2.5575643482570891
112.57300000000001,2.5543814966625842
112.574,2.5511945648614183
112.575,2.5480035665872358
112.57599999999999,2.5448085155779463
112.577,2.5416094255755564
112.578,2.5384063103260508
112.57899999999999,2.5351991835792371
112.58,2.5319880590885973
112.581,2.5287729506111591
112.58199999999999,2.5255538719073423
112.583,2.5223308367408155
112.584,2.5191038588783603
112.58499999999999,2.5158729520897114
112.586,2.5126381301474292
112.587,2.5093994068267538
112.58799999999999,2.5061567959054418
112.589,2.5029103111636459
112.59,2.4996599663837591
112.59099999999999,2.4964057753502651
112.592,2.4931477518496035
112.593,2.4898859096700114
112.59399999999999,2.4866202626013956
112.595,2.4833508244351772
112.596,2.4800776089641343
112.59699999999999,2.4768006299822831
112.598,2.4735199012847118
112.599,2.4702354366674331
112.59999999999999,2.4669472499272564
112.601,2.4636553548616185
112.602,2.4603597652684579
112.60299999999999,2.4570604949460559
112.604,2.4537575576928887
112.605,2.4504509673074906
112.60599999999999,2.4471407375883012
112.607,2.4438268823335112
112.608,2.4405094153409328
112.60899999999999,2.4371883504078307
112.61,2.4338637013307967
112.611,2.4305354819055895
112.61199999999999,2.4272037059269804
112.613,2.4238683871886257
112.614,2.4205295394829061
112.61499999999999,2.417187176600772
112.616,2.4138413123316145
112.617,2.4104919604630966
112.61799999999999,2.407139134781024
112.619,2.4037828490691879
112.62,2.4004231171092063
112.621,2.3970599526803986
112.622,2.393693369559621
112.623,2.3903233815211142
112.624,2.3869500023363766
112.625,2.3835732457739836
112.626,2.3801931255994693
112.627,2.3768096555751632
112.628,2.3734228494600353
112.629,2.3700327210095642
112.63,2.3666392839755663
112.631,2.3632425521060703
112.63200000000001,2.3598425391451547
112.633,2.3564392588327872
112.634,2.3530327249047085
112.63500000000001,2.3496229510922482
112.636,2.3462099511221925
112.637,2.3427937387166402
112.63800000000001,2.339374327592834
112.639,2.3359517314630294
112.64,2.332525964034339
112.64100000000001,2.3290970390085759
112.642,2.3256649700821148
112.643,2.3222297709457393
112.64400000000001,2.3187914552844813
112.645,2.3153500367774953
112.646,2.3119055290978769
112.64700000000001,2.3084579459125418
112.648,2.3050073008820648
112.649,2.3015536076605181
112.65000000000001,2.2980968798953438
112.651,2.2946371312271907
112.652,2.2911743752897613
112.65300000000001,2.2877086257096773
112.654,2.284239896106306
112.655,2.2807682000916358
112.65600000000001,2.2772935512701151
112.657,2.2738159632384907
112.658,2.2703354495856818
112.65900000000001,2.2668520238926146
112.66,2.2633656997320668
112.661,2.2598764906685402
112.66200000000001,2.256384410258085
112.663,2.2528894720481709
112.664,2.2493916895775277
112.66500000000001,2.2458910763759903
112.666,2.2423876459643592
112.667,2.238881411854253
112.66800000000001,2.2353723875479403
112.669,2.2318605865382128
112.67,2.2283460223082163
112.67100000000001,2.224828708331315
112.672,2.2213086580709449
112.673,2.2177858849804366
112.67400000000001,2.2142604025029029
112.675,2.2107322240710694
112.676,2.2072013631071186
112.67699999999999,2.2036678330225632
112.678,2.2001316472180683
112.679,2.1965928190833317
112.68000000000001,2.1930513619969156
112.681,2.1895072893260981
112.682,2.1859606144267336
112.68299999999999,2.1824113506431031
112.684,2.1788595113077482
112.685,2.1753051097413492
112.68600000000001,2.1717481592525507
112.687,2.1681886731378324
112.688,2.1646266646813555
112.68899999999999,2.1610621471548006
112.69,2.1574951338172395
112.691,2.1539256379149769
112.69200000000001,2.1503536726813999
112.693,2.1467792513368367
112.694,2.1432023870883978
112.69499999999999,2.1396230931298437
112.696,2.1360413826414302
112.697,2.1324572687897447
112.69800000000001,2.1288707647275888
112.699,2.1252818835938121
112.7,2.1216906385131566
112.70099999999999,2.1180970425961356
112.702,2.1145011089388599
112.703,2.1109028506229093
112.70399999999999,2.1073022807151798
112.705,2.1036994122677264
112.706,2.1000942583176361
112.70699999999999,2.0964868318868706
112.708,2.0928771459821087
112.709,2.089265213594631
112.70999999999999,2.0856510477001331
112.711,2.0820346612586165
112.712,2.0784160672142251
112.71299999999999,2.0747952784950945
112.714,2.0711723080132201
112.715,2.067547168664305
112.71599999999999,2.0639198733276118
112.717,2.0602904348658244
112.718,2.056658866124891
112.71899999999999,2.0530251799338988
112.72,2.049389389104916
112.721,2.0457515064328389
112.72199999999999,2.0421115446952713
112.723,2.0384695166523636
112.724,2.0348254350466672
112.72499999999999,2.0311793126030038
112.726,2.0275311620283061
112.727,2.0238809960114899
112.72799999999999,2.0202288272233013
112.729,2.0165746683161716
112.73,2.0129185319240843
112.73099999999999,2.009260430662426
112.732,2.0056003771278368
112.733,2.0019383838980893
112.73399999999999,1.9982744635319203
112.735,1.994608628568908
112.736,1.9909408915293285
112.73699999999999,1.9872712649139972
112.738,1.9835997612041532
112.739,1.9799263928612987
112.73999999999999,1.9762511723270637
112.741,1.9725741120230738
112.742,1.9688952243507898
112.74299999999999,1.9652145216913923
112.744,1.9615320164056274
112.745,1.9578477208336611
112.746,1.9541616472949546
112.747,1.9504738080881243
112.748,1.9467842154907802
112.749,1.9430928817594206
112.75,1.9393998191292632
112.751,1.9357050398141282
112.752,1.9320085560062954
112.753,1.9283103798763508
112.754,1.924610523573075
112.755,1.9209089992232806
112.756,1.9172058189316949
112.75700000000001,1.9135009947808159
112.758,1.9097945388307658
112.759,1.9060864631191718
112.76000000000001,1.9023767796610229
112.761,1.8986655004485247
112.762,1.894952637450984
112.76300000000001,1.8912382026146493
112.764,1.8875222078626004
112.765,1.8838046650945997
112.76600000000001,1.8800855861869508
112.767,1.8763649829923827
112.768,1.8726428673399085
112.76900000000001,1.8689192510346817
112.77,1.8651941458578813
112.771,1.8614675635665594
112.77200000000001,1.8577395158935253
112.773,1.8540100145472085
112.774,1.8502790712115116
112.77500000000001,1.8465466975457046
112.776,1.8428129051842765
112.777,1.8390777057368006
112.77800000000001,1.8353411107878237
112.779,1.8316031318967068
112.78,1.827863780597524
112.78100000000001,1.8241230683989171
112.782,1.8203810067839588
112.783,1.816637607210045
112.78400000000001,1.8128928811087486
112.785,1.8091468398856914
112.786,1.8053994949204288
112.78700000000001,1.8016508575663086
112.788,1.7979009391503482
112.789,1.7941497509731126
112.79000000000001,1.7903973043085712
112.791,1.7866436104039951
112.792,1.7828886804798132
112.79300000000001,1.7791325257294823
112.794,1.7753751573193872
112.795,1.7716165863886826
112.79600000000001,1.7678568240491936
112.797,1.7640958813852843
112.798,1.7603337694537171
112.79900000000001,1.7565704992835576
112.8,1.7528060818760347
112.801,1.7490405282044073
112.80199999999999,1.74527384921387
112.803,1.7415060558214002
112.804,1.7377371589156621
112.80500000000001,1.7339671693568672
112.806,1.7301960979766582
112.807,1.7264239555779932
112.80799999999999,1.7226507529350237
112.809,1.7188765007929609
112.81,1.7151012098679821
112.81100000000001,1.7113248908470819
112.812,1.707547554387979
112.813,1.7037692111189857
112.81399999999999,1.699989871638883
112.815,1.6962095465168183
112.816,1.6924282462921814
112.81700000000001,1.6886459814744772
112.818,1.6848627625432311
112.819,1.6810785999478459
112.81999999999999,1.6772935041075132
112.821,1.6735074854110854
112.822,1.6697205542169504
112.82300000000001,1.6659327208529346
112.824,1.6621439956161861
112.825,1.6583543887730461
112.82599999999999,1.654563910558958
112.827,1.6507725711783321
112.828,1.6469803808044536
112.82899999999999,1.643187349579359
112.83,1.6393934876137202
112.831,1.6355988049867505
112.83199999999999,1.6318033117460802
112.833,1.6280070179076425
112.834,1.6242099334555824
112.83499999999999,1.6204120683421268
112.836,1.6166134324874908
112.837,1.6128140357797642
112.83799999999999,1.6090138880747964
112.839,1.6052129991961004
112.84,1.6014113789347419
112.84099999999999,1.5976090370492242
112.842,1.5938059832653981
112.843,1.590002227276337
112.84399999999999,1.5861977787422512
112.845,1.5823926472903735
112.846,1.5785868425148464
112.84699999999999,1.5747803739766335
112.848,1.5709732512034165
112.849,1.5671654836894671
112.84999999999999,1.563357080895583
112.851,1.5595480522489495
112.852,1.555738407143064
112.85299999999999,1.551928154937628
112.854,1.54811730495843
112.855,1.5443058664972737
112.85599999999999,1.5404938488118607
112.857,1.5366812611256877
112.858,1.5328681126279664
112.85899999999999,1.529054412473501
112.86,1.525240169782613
112.861,1.5214253936410385
112.86199999999999,1.517610093099814
112.863,1.5137942771752035
112.864,1.5099779548485983
112.86499999999999,1.5061611350664028
112.866,1.5023438267399709
112.867,1.4985260387454757
112.86799999999999,1.4947077799238551
112.869,1.4908890590806918
112.87,1.4870698849861193
112.871,1.4832502663747491
112.872,1.4794302119455727
112.873,1.4756097303618465
112.874,1.4717888302510456
112.875,1.4679675202047289
112.876,1.4641458087784855
112.877,1.4603237044918251
112.878,1.4565012158280901
112.879,1.4526783512343815
112.88,1.4488551191214545
112.881,1.4450315278636432
112.88200000000001,1.4412075857987785
112.883,1.4373833012280812
112.884,1.4335586824160984
112.88500000000001,1.4297337375906136
112.886,1.425908474942551
112.887,1.4220829026259119
112.88800000000001,1.4182570287576681
112.889,1.4144308614177026
112.89,1.4106044086487155
112.89100000000001,1.4067776784561357
112.892,1.4029506788080561
112.893,1.3991234176351488
112.89400000000001,1.3952959028305707
112.895,1.3914681422499089
112.896,1.3876401437110746
112.89700000000001,1.3838119149942532
112.898,1.3799834638418096
112.899,1.3761547979582063
112.90000000000001,1.3723259250099444
112.901,1.3684968526254819
112.902,1.3646675883951416
112.90300000000001,1.3608381398710669
112.904,1.3570085145671147
112.905,1.3531787199588099
112.90600000000001,1.349348763483263
112.907,1.3455186525390821
112.908,1.341688394486326
112.90900000000001,1.337857996646423
112.91,1.3340274663020852
112.911,1.3301968106972706
112.91200000000001,1.3263660370370784
112.913,1.3225351524877067
112.914,1.3187041641763768
112.91500000000001,1.31487307919125
112.916,1.3110419045813866
112.917,1.307210647356664
112.91800000000001,1.3033793144877044
112.919,1.2995479129058332
112.92,1.2957164495029816
112.92100000000001,1.2918849311316543
112.922,1.2880533646048489
112.923,1.2842217566959877
112.92400000000001,1.2803901141388736
112.925,1.2765584436276161
112.926,1.2727267518165637
112.92699999999999,1.2688950453202661
112.928,1.2650633307133847
112.929,1.2612316145306628
112.93000000000001,1.2573999032668466
112.931,1.2535682033766298
112.932,1.2497365212746034
112.93299999999999,1.2459048633352015
112.934,1.2420732358926219
112.935,1.2382416452408074
112.93600000000001,1.2344100976333503
112.937,1.2305785992834744
112.938,1.2267471563639591
112.93899999999999,1.2229157750070891
112.94,1.2190844613046068
112.941,1.2152532213076661
112.94200000000001,1.2114220610267576
112.943,1.2075909864316907
112.944,1.2037600034515124
112.94499999999999,1.1999291179744804
112.946,1.1960983358480082
112.947,1.1922676628786033
112.94800000000001,1.1884371048318427
112.949,1.1846066674323128
112.95,1.180776356363556
112.95099999999999,1.1769461772680461
112.952,1.1731161357471169
112.953,1.1692862373609456
112.95399999999999,1.1654564876284916
112.955,1.1616268920274484
112.956,1.1577974559942192
112.95699999999999,1.1539681849238697
112.958,1.1501390841700676
112.959,1.1463101590450755
112.95999999999999,1.142481414819676
112.961,1.1386528567231631
112.962,1.1348244899432871
112.96299999999999,1.1309963196262118
112.964,1.127168350876496
112.965,1.1233405887570409
112.96599999999999,1.1195130382890541
112.967,1.1156857044520312
112.968,1.1118585921836959
112.96899999999999,1.1080317063799865
112.97,1.1042050518950224
112.971,1.1003786335410457
112.97199999999999,1.0965524560884221
112.973,1.0927265242655955
112.974,1.0889008427590459
112.97499999999999,1.0850754162132823
112.976,1.0812502492307894
112.977,1.0774253463720189
112.97799999999999,1.0736007121553572
112.979,1.0697763510570746
112.98,1.0659522675113393
112.98099999999999,1.0621284659101617
112.982,1.0583049506033693
112.983,1.0544817258985986
112.98399999999999,1.0506587960612568
112.985,1.0468361653145051
112.986,1.0430138378392395
112.98699999999999,1.0391918177740487
112.988,1.0353701092152203
112.989,1.0315487162167039
112.98999999999999,1.027727642790087
112.991,1.0239068929045936
112.992,1.02008647048704
112.99299999999999,1.0162663794218418
112.994,1.0124466235509848
112.995,1.0086272066740007
112.996,1.0048081325479639
112.997,1.0009894048874752
112.998,0.99717102736463381
112.999,0.99335300360904333
113,0.98953533720777087
113.001,0.9857180317053682
113.002,0.98190109060383735
113.003,0.97808451736261171
113.004,0.97426831539857817
113.005,0.97045248808602613
113.006,0.96663703875667051
113.00700000000001,0.9628219706996336
113.008,0.95900728716142136
113.009,0.95519299134593993
113.01000000000001,0.95137908641447766
113.011,0.94756557548569176
113.012,0.94375246163562088
113.01300000000001,0.93993974789765689
113.014,0.93612743726257042
113.015,0.93231553267848366
113.01600000000001,0.92850403705087003
113.017,0.92469295324256706
113.018,0.92088228407376671
113.01900000000001,0.91707203232200241
113.02,0.91326220072217512
113.021,0.9094527919665264
113.02200000000001,0.9056438087046641
113.023,0.90183525354355132
113.024,0.89802712904750603
113.02500000000001,0.89421943773821622
113.026,0.89041218209474171
113.027,0.8866053645535017
113.02800000000001,0.88279898750831243
113.029,0.87899305331035638
113.03,0.8751875642682212
113.03100000000001,0.87138252264789728
113.032,0.8675779306727649
113.033,0.86377379052364112
113.03400000000001,0.85997010433876286
113.035,0.85616687421379767
113.036,0.85236410220187109
113.03700000000001,0.84856179031355927
113.038,0.84475994051691949
113.039,0.84095855473749359
113.04000000000001,0.83715763485831352
113.041,0.83335718271993486
113.042,0.8295572001204421
113.04300000000001,0.82575768881545564
113.044,0.82195865051816863
113.045,0.81816008689934272
113.04600000000001,0.81436199958734234
113.047,0.81056439016814785
113.048,0.80676726018536737
113.04900000000001,0.80297061114027124
113.05,0.7991744444918023
113.051,0.79537876165659416
113.05199999999999,0.79158356400901053
113.053,0.78778885288114298
113.054,0.78399462956285504
113.05500000000001,0.7802008953018047
113.056,0.77640765130344669
113.057,0.77261489873108968
113.05799999999999,0.76882263870590428
113.059,0.765030872306945
113.06,0.76123960057119588
113.06100000000001,0.75744882449357864
113.062,0.75365854502699925
113.063,0.74986876308237038
113.06399999999999,0.74607947952862896
113.065,0.74229069519279078
113.066,0.73850241085996993
113.06700000000001,0.73471462727340087
113.068,0.73092734513449353
113.069,0.72714056510284597
113.06999999999999,0.7233542877962944
113.071,0.71956851379094267
113.072,0.71578324362118662
113.07300000000001,0.71199847777977254
113.074,0.70821421671781981
113.075,0.70443046084485339
113.07599999999999,0.70064721052886081
113.077,0.69686446609631059
113.078,0.69308222783221007
113.07899999999999,0.68930049598013599
113.08,0.68551927074227015
113.081,0.68173855227945446
113.08199999999999,0.67795834071123329
113.083,0.67417863611587214
113.084,0.67039943853043982
113.08499999999999,0.66662074795081816
113.086,0.6628425643317678
113.087,0.65906488758697201
113.08799999999999,0.65528771758906723
113.089,0.65151105416971311
113.09,0.64773489711962906
113.09099999999999,0.64395924618863365
113.092,0.64018410108571311
113.093,0.63640946147905253
113.09399999999999,0.63263532699610225
113.095,0.62886169722362117
113.096,0.62508857170772103
113.09699999999999,0.6213159499539378
113.098,0.61754383142726943
113.099,0.61377221555223072
113.09999999999999,0.61000110171291899
113.101,0.60623048925305234
113.102,0.60246037747604153
113.10299999999999,0.59869076564504398
113.104,0.59492165298300237
113.105,0.59115303867272706
113.10599999999999,0.58738492185694935
113.107,0.58361730163835945
113.108,0.57985017707969755
113.10899999999999,0.57608354720378563
113.11,0.57231741099361377
113.111,0.56855176739238833
113.11199999999999,0.56478661530358232
113.113,0.56102195359103058
113.114,0.55725778107896851
113.11499999999999,0.55349409655209336
113.116,0.54973089875565606
113.117,0.54596818639549227
113.11799999999999,0.542205958138119
113.119,0.53844421261078723
113.12,0.53468294840153852
113.121,0.53092216405930182
113.122,0.52716185809393901
113.123,0.52340202897631938
113.124,0.51964267513839935
113.125,0.5158837949732723
113.126,0.51212538683526865
113.127,0.50836744904001163
113.128,0.50460997986447786
113.129,0.50085297754710045
113.13,0.49709644028781497
113.131,0.49334036624815275
113.13200000000001,0.4895847535513117
113.133,0.48582960028222
113.134,0.48207490448763046
113.13500000000001,0.47832066417619323
113.136,0.47456687731851865
113.137,0.47081354184727964
113.13800000000001,0.46706065565726568
113.139,0.46330821660548693
113.14,0.45955622251124184
113.14100000000001,0.45580467115618889
113.142,0.45205356028444899
113.143,0.44830288760267561
113.14400000000001,0.44455265078013317
113.145,0.44080284744879561
113.146,0.43705347520340987
113.14700000000001,0.43330453160160204
113.148,0.42955601416395217
113.149,0.42580792037407023
113.15000000000001,0.42206024767870409
113.151,0.41831299348781692
113.152,0.41456615517465817
113.15300000000001,0.41081973007588735
113.154,0.40707371549162485
113.155,0.40332810868557323
113.15600000000001,0.39958290688509052
113.157,0.39583810728127711
113.158,0.39209370702908147
113.15900000000001,0.38834970324738749
113.16,0.38460609301909293
113.161,0.38086287339123043
113.16200000000001,0.37712004137502575
113.163,0.37337759394602643
113.164,0.36963552804418059
113.16500000000001,0.36589384057392443
113.166,0.36215252840429496
113.167,0.35841158836902137
113.16800000000001,0.35467101726661154
113.169,0.35093081186046776
113.17,0.34719096887896728
113.17100000000001,0.34345148501557887
113.172,0.33971235692895269
113.173,0.33597358124301152
113.17400000000001,0.3322351545470752
113.175,0.32849707339594597
113.176,0.32475933431000203
113.17699999999999,0.32102193377532912
113.178,0.31728486824378543
113.179,0.31354813413314053
113.18000000000001,0.30981172782716282
113.181,0.30607564567571865
113.182,0.30233988399489231
113.18299999999999,0.2986044390670835
113.184,0.29486930714110976
113.185,0.29113448443232864
113.18600000000001,0.28739996712272387
113.187,0.2836657513610355
113.188,0.2799318332628582
113.18899999999999,0.27619820891074054
113.19,0.27246487435431399
113.191,0.26873182561039671
113.19200000000001,0.26499905866309204
113.193,0.26126656946391957
113.194,0.25753435393191432
113.19499999999999,0.25380240795374065
113.196,0.2500707273838142
113.197,0.2463393080443993
113.19800000000001,0.24260814572574096
113.199,0.23887723618617035
113.2,0.2351465751522141
113.20099999999999,0.23141615831872889
113.202,0.22768598134899221
113.203,0.22395603987484519
113.20399999999999,0.22022632949679377
113.205,0.21649684578412587
113.206,0.21276758427504244
113.20699999999999,0.20903854047676504
113.208,0.20530970986565447
113.209,0.20158108788734813
113.20999999999999,0.19785266995684775
113.211,0.19412445145867868
113.212,0.19039642774698823
113.21299999999999,0.18666859414566359
113.214,0.18294094594847268
113.215,0.17921347841918009
113.21599999999999,0.17548618679165401
113.217,0.17175906627002283
113.218,0.1680321120287657
113.21899999999999,0.16430531921286348
113.22,0.16057868293791247
113.221,0.15685219829024627
113.22199999999999,0.1531258603270774
113.223,0.14939966407661148
113.224,0.14567360453817149
113.22499999999999,0.14194767668234606
113.226,0.13822187545109099
113.227,0.13449619575787877
113.22799999999999,0.13077063248782761
113.229,0.12704518049780858
113.23,0.12331983461660395
113.23099999999999,0.11959458964503009
113.232,0.11586944035604921
113.233,0.11214438149493489
113.23399999999999,0.10841940777936979
113.235,0.10469451389960865
113.236,0.10096969451859542
113.23699999999999,0.097244944272090128
113.238,0.093520257768821669
113.239,0.08979562959061177
113.23999999999999,0.086071054292506943
113.241,0.082346526402923614
113.242,0.078622040423771244
113.24299999999999,0.074897590830602767
113.244,0.071173172072746982
113.245,0.067448778573431012
113.246,0.06372440472994545
113.247,0.060000044913760375
113.248,0.056275693470666521
113.249,0.052551344720932036
113.25,0.048826992959411175
113.251,0.045102632455716107
113.252,0.04137825745434115
113.253,0.037653862174793606
113.254,0.033929440811763245
113.255,0.030204987535230987
113.256,0.026480496490638161
113.25700000000001,0.022755961799013957
113.258,0.019031377557119034
113.259,0.015306737837597562
113.26000000000001,0.011582036689110453
113.261,0.0078572681364799668
113.262,0.0041324261808504126
113.26300000000001,0.0004075047998036152
113.264,-0.0033175020524645049
113.265,-0.0070426004450164781
113.26600000000001,-0.010767796470033286
113.267,-0.01449309624264733
113.268,-0.018218505900806148
113.26900000000001,-0.021944031605137249
113.27,-0.025669679538775636
113.271,-0.029395455907242185
113.27200000000001,-0.03312136693827411
113.273,-0.036847418881680194
113.274,-0.040573618009212942
113.27500000000001,-0.044299970614387896
113.276,-0.048026483012348631
113.277,-0.051753161539728865
113.27800000000001,-0.055480012554474989
113.279,-0.059207042435721446
113.28,-0.062934257583619924
113.28100000000001,-0.066661664419195243
113.282,-0.070389269384201592
113.283,-0.074117078940955705
113.28400000000001,-0.077845099572187049
113.285,-0.081573337780902921
113.286,-0.085301800090205049
113.28700000000001,-0.089030493043165015
113.288,-0.092759423202647961
113.289,-0.096488597151165534
113.29000000000001,-0.10021802149073389
113.291,-0.10394770284269933
113.292,-0.10767764784758865
113.29300000000001,-0.11140786316496659
113.294,-0.11513835547325757
113.295,-0.11886913146961459
113.29600000000001,-0.12260019786973636
113.297,-0.12633156140772495
113.298,-0.13006322883593907
113.29900000000001,-0.13379520692481001
113.3,-0.13752750246269912
113.301,-0.14126012225575296
113.30199999999999,-0.14499307312771048
113.303,-0.14872636191978145
113.304,-0.15245999549045819
113.30500000000001,-0.15619398071536983
113.306,-0.15992832448712901
113.307,-0.16366303371515489
113.30799999999999,-0.16739811532552307
113.309,-0.17113357626080972
113.31,-0.17486942347991508
113.31100000000001,-0.17860566395792543
113.312,-0.18234230468592771
113.313,-0.18607935267085662
113.31399999999999,-0.18981681493534863
113.315,-0.19355469851755414
113.316,-0.19729301047098713
113.31700000000001,-0.20103175786436933
113.318,-0.20477094778145344
113.319,-0.20851058732087213
113.31999999999999,-0.21225068359596522
113.321,-0.21599124373461787
113.322,-0.21973227487910774
113.32300000000001,-0.22347378418592301
113.324,-0.22721577882560462
113.325,-0.23095826598259572
113.32599999999999,-0.2347012528550515
113.327,-0.23844474665469728
113.328,-0.24218875460664657
113.32899999999999,-0.24593328394924008
113.33,-0.24967834193389138
113.331,-0.25342393582490197
113.33199999999999,-0.25717007289930638
113.333,-0.26091676044670542
113.334,-0.26466400576909477
113.33499999999999,-0.26841181618070564
113.336,-0.27216019900782873
113.337,-0.27590916158864631
113.33799999999999,-0.27965871127308084
113.339,-0.28340885542260863
113.34,-0.28715960141009211
113.34099999999999,-0.29091095661963762
113.342,-0.29466292844638609
113.343,-0.29841552429638452
113.34399999999999,-0.30216875158638523
113.345,-0.30592261774369744
113.346,-0.30967713020601517
113.34699999999999,-0.31343229642123627
113.348,-0.31718812384730199
113.349,-0.32094461995203627
113.34999999999999,-0.32470179221295381
113.351,-0.32845964811711237
113.352,-0.33221819516092732
113.35299999999999,-0.3359774408500048
113.354,-0.33973739269898007
113.355,-0.34349805823133539
113.35599999999999,-0.34725944497923289
113.357,-0.35102156048335298
113.358,-0.35478441229270308
113.35899999999999,-0.35854800796447228
113.36,-0.36231235506383552
113.361,-0.36607746116379181
113.36199999999999,-0.36984333384500834
113.363,-0.37360998069561968
113.364,-0.37737740931107056
113.36499999999999,-0.38114562729395707
113.366,-0.38491464225382555
113.367,-0.38868446180702876
113.36799999999999,-0.39245509357653263
113.369,-0.39622654519175182
113.37,-0.39999882428838474
113.371,-0.40377193850822735
113.372,-0.40754589549900355
113.373,-0.4113207029142073
113.374,-0.41509636841290154
113.375,-0.41887289965957664
113.376,-0.42265030432395267
113.377,-0.42642859008081091
113.378,-0.43020776460983834
113.379,-0.4339878355954262
113.38,-0.43776881072652307
113.381,-0.44155069769644184
113.38200000000001,-0.4453335042026868
113.383,-0.44911723794680602
113.384,-0.45290190663417773
113.38500000000001,-0.45668751797386209
113.386,-0.46047407967843101
113.387,-0.46426159946376888
113.38800000000001,-0.46805008504892975
113.389,-0.47183954415593621
113.39,-0.47562998450961502
113.39100000000001,-0.47942141383743886
113.392,-0.48321383986932298
113.393,-0.48700727033746793
113.39400000000001,-0.49080171297619146
113.395,-0.49459717552173099
113.396,-0.49839366571209875
113.39700000000001,-0.50219119128688094
113.398,-0.50598975998707241
113.399,-0.50978937955491643
113.40000000000001,-0.51359005773370447
113.401,-0.5173918022676165
113.402,-0.52119462090155311
113.40300000000001,-0.52499852138094216
113.404,-0.52880351145158055
113.405,-0.53260959885944936
113.40600000000001,-0.53641679135053832
113.407,-0.5402250966706893
113.408,-0.54403452256539464
113.40900000000001,-0.5478450767796369
113.41,-0.5516567670577236
113.411,-0.55546960114308752
113.41200000000001,-0.55928358677813927
113.413,-0.56309873170407054
113.414,-0.56691504366068957
113.41500000000001,-0.57073253038625171
113.416,-0.5745511996172743
113.417,-0.57837105908836028
113.41800000000001,-0.58219211653204539
113.419,-0.5860143796785886
113.42,-0.58983785625583662
113.42100000000001,-0.59366255398901491
113.422,-0.59748848060056903
113.423,-0.60131564381000357
113.42400000000001,-0.60514405133367732
113.425,-0.6089737108846488
113.426,-0.6128046301725083
113.42699999999999,-0.61663681690317962
113.428,-0.62047027877877314
113.429,-0.62430502349739059
113.43000000000001,-0.62814105875295712
113.431,-0.63197839223505836
113.432,-0.63581703162875347
113.43299999999999,-0.63965698461439868
113.434,-0.64349825886749379
113.435,-0.64734086205848029
113.43600000000001,-0.65118480185259842
113.437,-0.65503008590968259
113.438,-0.65887672188400814
113.43899999999999,-0.66272471742412042
113.44,-0.6665740801726463
113.441,-0.67042481776612717
113.44200000000001,-0.67427693783485565
113.443,-0.67813044800268618
113.444,-0.68198535588687625
113.44499999999999,-0.68584166909790789
113.446,-0.68969939523930734
113.447,-0.69355854190749411
113.44800000000001,-0.69741911669158085
113.449,-0.70128112717322066
113.45,-0.70514458092643317
113.45099999999999,-0.70900948551741938
113.452,-0.71287584850441044
113.453,-0.71674367743747514
113.45399999999999,-0.72061297985835515
113.455,-0.72448376330030939
113.456,-0.72835603528791548
113.45699999999999,-0.73222980333691257
113.458,-0.73610507495404143
113.459,-0.73998185763684798
113.45999999999999,-0.74386015887353696
113.461,-0.74773998614278137
113.462,-0.75162134691356308
113.46299999999999,-0.7555042486450092
113.464,-0.7593886987862013
113.465,-0.76327470477601733
113.46599999999999,-0.76716227404297443
113.467,-0.77105141400503197
113.468,-0.77494213206944651
113.46899999999999,-0.77883443563258514
113.47,-0.782728332079762
113.471,-0.7866238287850833
113.47199999999999,-0.79052093311125149
113.473,-0.79441965240941426
113.474,-0.79831999401900244
113.47499999999999,-0.80222196526753531
113.476,-0.8061255734704873
113.477,-0.81003082593108999
113.47799999999999,-0.81393772994017644
113.479,-0.81784629277602239
113.48,-0.82175652170416336
113.48099999999999,-0.82566842397722984
113.482,-0.82958200683480143
113.483,-0.83349727750320524
113.48399999999999,-0.83741424319538238
113.485,-0.84133291111070019
113.486,-0.84525328843478853
113.48699999999999,-0.84917538233939593
113.488,-0.85309919998219019
113.489,-0.85702474850661314
113.48999999999999,-0.86095203504172235
113.491,-0.86488106670200104
113.492,-0.86881185058722377
113.49299999999999,-0.87274439378226498
113.494,-0.87667870335695031
113.495,-0.88061478636589552
113.496,-0.88455264984832693
113.497,-0.88849230082792863
113.498,-0.8924337463126879
113.499,-0.89637699329470788
113.5,-0.90032204875007515
113.501,-0.9042689196386724
113.502,-0.90821761290401959
113.503,-0.91216813547313969
113.504,-0.91612049425634878
113.505,-0.92007469614714354
113.506,-0.92403074802200758
113.50700000000001,-0.92798865674025932
113.508,-0.93194842914390374
113.509,-0.93591007205745247
113.51000000000001,-0.9398735922877739
113.511,-0.94383899662394088
113.512,-0.94780629183705178
113.51300000000001,-0.95177548468009898
113.514,-0.95574658188777883
113.515,-0.95971959017635355
113.51600000000001,-0.96369451624349223
113.517,-0.96767136676810561
113.518,-0.97165014841018627
113.51900000000001,-0.97563086781067199
113.52,-0.97961353159125486
113.521,-0.98359814635426268
113.52200000000001,-0.98758471868246755
113.523,-0.99157325513894867
113.524,-0.9955637622669451
113.52500000000001,-0.99955624658967457
113.526,-1.0035507146102001
113.527,-1.0075471728112688
113.52800000000001,-1.0115456276551518
113.529,-1.0155460855835017
113.53,-1.0195485530171911
113.53100000000001,-1.0235530363561496
113.532,-1.0275595419792416
113.533,-1.0315680762440746
113.53400000000001,-1.0355786454868741
113.535,-1.0395912560223286
113.536,-1.0436059141434202
113.53700000000001,-1.0476226261213
113.538,-1.0516413982051127
113.539,-1.0556622366218553
113.54000000000001,-1.0596851475762392
113.541,-1.0637101372505187
113.542,-1.0677372118043511
113.54300000000001,-1.0717663773746577
113.544,-1.0757976400754552
113.545,-1.0798310059977299
113.54600000000001,-1.0838664812092622
113.547,-1.0879040717545041
113.548,-1.0919437836544219
113.54900000000001,-1.0959856229063476
113.55,-1.1000295954838291
113.551,-1.1040757073365011
113.55199999999999,-1.1081239643899146
113.553,-1.1121743725454143
113.554,-1.1162269376799825
113.55500000000001,-1.1202816656460817
113.556,-1.1243385622715503
113.557,-1.1283976333594115
113.55799999999999,-1.1324588846877541
113.559,-1.1365223220096026
113.56,-1.1405879510527384
113.56100000000001,-1.144655777519594
113.562,-1.1487258070870885
113.563,-1.1527980454064894
113.56399999999999,-1.156872498103289
113.565,-1.160949170777035
113.566,-1.165028069001212
113.56700000000001,-1.1691091983231023
113.568,-1.1731925642636278
113.569,-1.1772781723172374
113.56999999999999,-1.1813660279517424
113.571,-1.1854561366081939
113.572,-1.1895485037007505
113.57300000000001,-1.1936431346165242
113.574,-1.197740034715451
113.575,-1.2018392093301669
113.57599999999999,-1.2059406637658494
113.577,-1.2100444033001054
113.578,-1.2141504331828168
113.57899999999999,-1.2182587586360158
113.58,-1.2223693848537547
113.581,-1.2264823170019623
113.58199999999999,-1.2305975602183135
113.583,-1.234715119612108
113.584,-1.2388350002641195
113.58499999999999,-1.2429572072264818
113.586,-1.2470817455225458
113.587,-1.2512086201467445
113.58799999999999,-1.2553378360644858
113.589,-1.2594693982119989
113.59,-1.2636033114962064
113.59099999999999,-1.2677395807946181
113.592,-1.2718782109551725
113.593,-1.2760192067961338
113.59399999999999,-1.2801625731059469
113.595,-1.2843083146431176
113.596,-1.2884564361360911
113.59699999999999,-1.292606942283117
113.598,-1.2967598377521217
113.599,-1.3009151271806021
113.59999999999999,-1.3050728151754751
113.601,-1.3092329063129782
113.602,-1.3133954051385239
113.60299999999999,-1.3175603161665876
113.604,-1.321727643880594
113.605,-1.3258973927327755
113.60599999999999,-1.3300695671440583
113.607,-1.3342441715039559
113.608,-1.3384212101704223
113.60899999999999,-1.342600687469758
113.61,-1.3467826076964684
113.611,-1.3509669751131508
113.61199999999999,-1.355153793950395
113.613,-1.3593430684066377
113.614,-1.3635348026480536
113.61499999999999,-1.3677290008084568
113.616,-1.3719256669891504
113.617,-1.3761248052588471
113.61799999999999,-1.3803264196535228
113.619,-1.3845305141763173
113.62,-1.388737092797425
113.621,-1.3929461594539658
113.622,-1.3971577180498749
113.623,-1.401371772455811
113.624,-1.4055883265090077
113.625,-1.4098073840132006
113.626,-1.4140289487384798
113.627,-1.4182530244212028
113.628,-1.422479614763887
113.629,-1.4267087234350726
113.63,-1.4309403540692542
113.631,-1.4351745102667306
113.63200000000001,-1.4394111955935212
113.633,-1.4436504135812633
113.634,-1.4478921677270853
113.63500000000001,-1.4521364614935099
113.636,-1.4563832983083593
113.637,-1.4606326815646271
113.63800000000001,-1.4648846146204002
113.639,-1.4691391007987264
113.64,-1.4733961433875329
113.64100000000001,-1.4776557456395176
113.642,-1.4819179107720397
113.643,-1.4861826419670199
113.64400000000001,-1.4904499423708539
113.645,-1.4947198150942855
113.646,-1.498992263212334
113.64700000000001,-1.5032672897641717
113.648,-1.5075448977530344
113.649,-1.5118250901461308
113.65000000000001,-1.5161078698745283
113.651,-1.5203932398330644
113.652,-1.5246812028802597
113.65300000000001,-1.5289717618381966
113.654,-1.5332649194924526
113.655,-1.5375606785919831
113.65600000000001,-1.5418590418490326
113.657,-1.5461600119390555
113.658,-1.5504635915005995
113.65900000000001,-1.5547697831352245
113.66,-1.5590785894074195
113.661,-1.5633900128444909
113.66200000000001,-1.5677040559364919
113.663,-1.5720207211361157
113.664,-1.5763400108586101
113.66500000000001,-1.5806619274817029
113.666,-1.5849864733454926
113.667,-1.589313650752364
113.66800000000001,-1.5936434619669202
113.669,-1.5979759092158683
113.67,-1.6023109946879561
113.67100000000001,-1.6066487205338722
113.672,-1.6109890888661604
113.673,-1.6153321017591531
113.67400000000001,-1.6196777612488655
113.675,-1.6240260693329198
113.676,-1.6283770279704777
113.67699999999999,-1.6327306390821288
113.678,-1.6370869045498404
113.679,-1.6414458262168525
113.68000000000001,-1.6458074058876067
113.681,-1.6501716453276782
113.682,-1.6545385462636761
113.68299999999999,-1.6589081103831718
113.684,-1.6632803393346367
113.685,-1.667655234727341
113.68600000000001,-1.6720327981312981
113.687,-1.6764130310771725
113.688,-1.6807959350562114
113.68899999999999,-1.68518151152018
113.69,-1.6895697618812675
113.691,-1.6939606875120221
113.69200000000001,-1.6983542897452932
113.693,-1.7027505698741319
113.694,-1.7071495291517453
113.69499999999999,-1.7115511687914085
113.696,-1.7159554899663898
113.697,-1.7203624938099122
113.69800000000001,-1.7247721814150481
113.699,-1.7291845538346649
113.7,-1.7335996120813695
113.70099999999999,-1.738017357127418
113.702,-1.7424377899046708
113.703,-1.7468609113045108
113.70399999999999,-1.7512867221777819
113.705,-1.7557152233347355
113.706,-1.7601464155449515
113.70699999999999,-1.7645802995372786
113.708,-1.769016875999784
113.709,-1.7734561455796678
113.70999999999999,-1.77789810888323
113.711,-1.782342766475784
113.712,-1.7867901188816062
113.71299999999999,-1.7912401665838882
113.714,-1.7956929100246577
113.715,-1.800148349604727
113.71599999999999,-1.8046064856836517
113.717,-1.8090673185796424
113.718,-1.8135308485695414
113.71899999999999,-1.8179970758887456
113.72,-1.8224660007311471
113.721,-1.8269376232491057
113.72199999999999,-1.8314119435533702
113.723,-1.8358889617130254
113.724,-1.8403686777554644
113.72499999999999,-1.844851091666305
113.726,-1.8493362033893632
113.727,-1.8538240128265882
113.72799999999999,-1.8583145198380113
113.729,-1.862807724241716
113.73,-1.8673036258137619
113.73099999999999,-1.8718022242881553
113.732,-1.8763035193568021
113.733,-1.8808075106694453
113.73399999999999,-1.8853141978336443
113.735,-1.8898235804146983
113.736,-1.8943356579356259
113.73699999999999,-1.8988504298771183
113.738,-1.9033678956774813
113.739,-1.9078880547326014
113.73999999999999,-1.9124109063959156
113.741,-1.9169364499783419
113.742,-1.921464684748273
113.74299999999999,-1.9259956099315025
113.744,-1.9305292247112065
113.745,-1.9350655282279043
113.746,-1.9396045195794058
113.747,-1.9441461978207801
113.748,-1.9486905619643413
113.749,-1.9532376109795679
113.75,-1.9577873437931115
113.751,-1.9623397592887253
113.752,-1.9668948563072548
113.753,-1.971452633646599
113.754,-1.9760130900616639
113.755,-1.9805762242643516
113.756,-1.9851420349235092
113.75700000000001,-1.9897105206649033
113.758,-1.9942816800712038
113.759,-1.9988555116819331
113.76000000000001,-2.0034320139934434
113.761,-2.0080111854589031
113.762,-2.0125930244882442
113.76300000000001,-2.0171775294481611
113.764,-2.0217646986620577
113.765,-2.0263545304100403
113.76600000000001,-2.0309470229288937
113.767,-2.0355421744120425
113.768,-2.0401399830095297
113.76900000000001,-2.0447404468280137
113.77,-2.0493435639307158
113.771,-2.0539493323374254
113.77200000000001,-2.0585577500244594
113.773,-2.0631688149246443
113.774,-2.0677825249273143
113.77500000000001,-2.0723988778782667
113.776,-2.0770178715797551
113.777,-2.0816395037904845
113.77800000000001,-2.0862637722255637
113.779,-2.090890674556519
113.78,-2.0955202084112594
113.78100000000001,-2.1001523713740604
113.782,-2.1047871609855728
113.783,-2.1094245747427758
113.78400000000001,-2.1140646100989842
113.785,-2.1187072644638385
113.786,-2.1233525352032716
113.78700000000001,-2.1280004196395264
113.788,-2.132650915051117
113.789,-2.137304018672836
113.79000000000001,-2.1419597276957445
113.791,-2.1466180392671546
113.792,-2.1512789504906213
113.79300000000001,-2.1559424584259563
113.794,-2.1606085600891793
113.795,-2.1652772524525634
113.79600000000001,-2.169948532444586
113.797,-2.1746223969499412
113.798,-2.1792988428095486
113.79900000000001,-2.183977866820523
113.8,-2.1886594657361873
113.801,-2.1933436362660754
113.80199999999999,-2.1980303750759114
113.803,-2.2027196787876364
113.804,-2.2074115439793771
113.80500000000001,-2.2121059671854613
113.806,-2.2168029448964335
113.807,-2.2215024735590263
113.80799999999999,-2.2262045495761806
113.809,-2.2309091693070542
113.81,-2.2356163290670055
113.81100000000001,-2.2403260251276218
113.812,-2.2450382537167002
113.813,-2.2497530110182651
113.81399999999999,-2.2544702931725862
113.815,-2.2591900962761566
113.816,-2.2639124163817237
113.81700000000001,-2.2686372494982923
113.818,-2.2733645915911227
113.819,-2.2780944385817605
113.81999999999999,-2.2828267863480209
113.821,-2.2875616307240163
113.822,-2.292298967500173
113.82300000000001,-2.2970387924232227
113.824,-2.3017811011962275
113.825,-2.3065258894786012
113.82599999999999,-2.3112731528860997
113.827,-2.3160228869908641
113.828,-2.320775087321409
113.82899999999999,-2.3255297493626537
113.83,-2.3302868685559415
113.831,-2.3350464402990432
113.83199999999999,-2.3398084599461786
113.833,-2.3445729228080512
113.834,-2.3493398241518384
113.83499999999999,-2.3541091592012431
113.836,-2.3588809231364816
113.837,-2.363655111094324
113.83799999999999,-2.3684317181681194
113.839,-2.3732107394078028
113.84,-2.3779921698199198
113.84099999999999,-2.3827760043676731
113.842,-2.3875622379709056
113.843,-2.3923508655061676
113.84399999999999,-2.3971418818067094
113.845,-2.4019352816625212
113.846,-2.4067310598203644
113.84699999999999,-2.4115292109837867
113.848,-2.4163297298131523
113.849,-2.421132610925683
113.84999999999999,-2.4259378488954626
113.851,-2.4307454382534992
113.852,-2.4355553734877211
113.85299999999999,-2.4403676490430266
113.854,-2.4451822593213208
113.855,-2.4499991986815282
113.85599999999999,-2.4548184614396362
113.857,-2.4596400418687399
113.858,-2.4644639341990482
113.85899999999999,-2.4692901326179473
113.86,-2.4741186312700134
113.861,-2.4789494242570558
113.86199999999999,-2.4837825056381653
113.863,-2.4886178694297287
113.864,-2.4934555096054805
113.86499999999999,-2.4982954200965444
113.866,-2.5031375947914531
113.867,-2.5079820275362184
113.86799999999999,-2.5128287121343336
113.869,-2.5176776423468401
113.87,-2.5225288118923674
113.871,-2.5273822144471607
113.872,-2.5322378436451296
113.873,-2.5370956930779016
113.874,-2.5419557562948456
113.875,-2.546818026803138
113.876,-2.5516824980677857
113.877,-2.5565491635116775
113.878,-2.5614180165156517
113.879,-2.5662890504185043
113.88,-2.571162258517071
113.881,-2.5760376340662527
113.88200000000001,-2.5809151702790674
113.883,-2.5857948603267098
113.884,-2.5906766973385875
113.88500000000001,-2.5955606744023734
113.886,-2.6004467845640722
113.887,-2.6053350208280399
113.88800000000001,-2.6102253761570728
113.889,-2.6151178434724232
113.89,-2.6200124156538727
113.89100000000001,-2.6249090855397958
113.892,-2.6298078459271856
113.893,-2.6347086895717204
113.89400000000001,-2.6396116091878397
113.895,-2.6445165974487579
113.896,-2.6494236469865653
113.89700000000001,-2.6543327503922458
113.898,-2.6592439002157566
113.899,-2.6641570889660904
113.90000000000001,-2.6690723091113115
113.901,-2.6739895530786284
113.902,-2.6789088132544649
113.90300000000001,-2.6838300819844929
113.904,-2.6887533515737196
113.905,-2.6936786142865303
113.90600000000001,-2.6986058623467502
113.907,-2.7035350879377309
113.908,-2.7084662832023825
113.90900000000001,-2.7133994402432471
113.91,-2.7183345511225796
113.911,-2.72327160786238
113.91200000000001,-2.7282106024444972
113.913,-2.7331515268106554
113.914,-2.7380943728625464
113.91500000000001,-2.7430391324618912
113.916,-2.7479857974304993
113.917,-2.7529343595503382
113.91800000000001,-2.75788481056362
113.919,-2.7628371421728333
113.92,-2.767791346040859
113.92100000000001,-2.7727474137909911
113.922,-2.7777053370070433
113.923,-2.7826651072334148
113.92400000000001,-2.7876267159751373
113.925,-2.7925901546979759
113.926,-2.7975554148284929
113.92699999999999,-2.8025224877541026
113.928,-2.8074913648231807
113.929,-2.8124620373451026
113.93000000000001,-2.8174344965903311
113.931,-2.8224087337905086
113.932,-2.8273847401385028
113.93299999999999,-2.8323625067884977
113.934,-2.837342024856083
113.935,-2.8423232854182983
113.93600000000001,-2.8473062795137505
113.937,-2.8522909981426583
113.938,-2.8572774322669381
113.93899999999999,-2.8622655728103088
113.94,-2.8672554106583381
113.941,-2.8722469366585299
113.94200000000001,-2.8772401416204292
113.943,-2.8822350163156649
113.944,-2.8872315514780702
113.94499999999999,-2.8922297378037296
113.946,-2.8972295659510823
113.947,-2.902231026541009
113.94800000000001,-2.9072341101568955
113.949,-2.912238807344727
113.95,-2.9172451086131868
113.95099999999999,-2.9222530044337112
113.952,-2.9272624852406066
113.953,-2.9322735414311101
113.95399999999999,-2.9372861633654832
113.955,-2.9423003413671154
113.956,-2.9473160657225894
113.95699999999999,-2.9523333266817664
113.958,-2.9573521144579069
113.959,-2.962372419227715
113.95999999999999,-2.9673942311314718
113.961,-2.9724175402730855
113.962,-2.9774423367201988
113.96299999999999,-2.9824686105042999
113.964,-2.9874963516207709
113.965,-2.9925255500290069
113.96599999999999,-2.9975561956525159
113.967,-3.002588278378973
113.968,-3.0076217880603693
113.96899999999999,-3.0126567145130485
113.97,-3.0176930475178252
113.971,-3.0227307768201057
113.97199999999999,-3.0277698921299296
113.973,-3.0328103831220976
113.974,-3.0378522394362761
113.97499999999999,-3.0428954506770527
113.976,-3.0479400064140849
113.977,-3.0529858961821477
113.97799999999999,-3.0580331094812609
113.979,-3.0630816357767845
113.98,-3.068131464499499
113.98099999999999,-3.0731825850457182
113.982,-3.0782349867773968
113.983,-3.0832886590222004
113.98399999999999,-3.0883435910736403
113.985,-3.0933997721911419
113.986,-3.0984571916001631
113.98699999999999,-3.1035158384922972
113.988,-3.1085757020253659
113.989,-3.1136367713235131
113.98999999999999,-3.1186990354773396
113.991,-3.1237624835439597
113.992,-3.1288271045471476
113.99299999999999,-3.1338928874774092
113.994,-3.1389598212920968
113.995,-3.1440278949155256
113.996,-3.149097097239054
113.997,-3.1541674171212044
113.998,-3.1592388433877789
113.999,-3.1643113648319257
114,-3.1693849702142969
114.001,-3.1744596482631136
114.002,-3.1795353876742847
114.003,-3.1846121771115339
114.004,-3.1896900052064718
114.005,-3.1947688605587405
114.006,-3.1998487317360906
114.00700000000001,-3.2049296072745039
114.008,-3.2100114756783182
114.009,-3.2150943254203002
114.01000000000001,-3.220178144941777
114.011,-3.2252629226527665
114.012,-3.2303486469320384
114.01300000000001,-3.2354353061272776
114.014,-3.2405228885551494
114.015,-3.2456113825014405
114.01600000000001,-3.2507007762211719
114.017,-3.2557910579386866
114.018,-3.2608822158477824
114.01900000000001,-3.2659742381118311
114.02,-3.2710671128638595
114.021,-3.2761608282067072
114.02200000000001,-3.281255372213101
114.023,-3.2863507329257868
114.024,-3.2914468983576546
114.02500000000001,-3.2965438564918323
114.026,-3.3016415952818048
114.027,-3.3067401026515562
114.02800000000001,-3.3118393664956414
114.029,-3.3169393746793459
114.03,-3.3220401150387673
114.03100000000001,-3.3271415753809492
114.032,-3.3322437434840109
114.033,-3.3373466070972344
114.03400000000001,-3.3424501539411988
114.035,-3.3475543717079113
114.036,-3.3526592480608977
114.03700000000001,-3.3577647706353484
114.038,-3.3628709270382178
114.039,-3.3679777048483417
114.04000000000001,-3.3730850916165891
114.041,-3.3781930748659406
114.042,-3.3833016420916247
114.04300000000001,-3.3884107807612613
114.044,-3.3935204783149349
114.045,-3.3986307221653682
114.04600000000001,-3.4037414996980013
114.047,-3.4088527982711287
114.048,-3.4139646052160395
114.04900000000001,-3.4190769078371073
114.05,-3.4241896934119294
114.051,-3.4293029491914586
114.05199999999999,-3.4344166624000998
114.053,-3.4395308202358703
114.054,-3.4446454098704855
114.05500000000001,-3.4497604184495008
114.056,-3.4548758330924496
114.057,-3.459991640892937
114.05799999999999,-3.4651078289187813
114.059,-3.4702243842121523
114.06,-3.4753412937896626
114.06100000000001,-3.4804585446425325
114.062,-3.4855761237366796
114.063,-3.4906940180128609
114.06399999999999,-3.4958122143868144
114.065,-3.5009306997493552
114.066,-3.5060494609665134
114.06700000000001,-3.5111684848796814
114.068,-3.5162877583057073
114.069,-3.521407268037053
114.06999999999999,-3.526527000841893
114.071,-3.5316469434642608
114.072,-3.5367670826241855
114.07300000000001,-3.5418874050177913
114.074,-3.5470078973174441
114.075,-3.5521285461718888
114.07599999999999,-3.5572493382063515
114.077,-3.5623702600227047
114.078,-3.5674912981995583
114.07899999999999,-3.5726124392924099
114.08,-3.5777336698337829
114.081,-3.5828549763333393
114.08199999999999,-3.5879763452780038
114.083,-3.5930977631321301
114.084,-3.5982192163375859
114.08499999999999,-3.6033406913139241
114.086,-3.6084621744584782
114.087,-3.6135836521465143
114.08799999999999,-3.6187051107313719
114.089,-3.6238265365445641
114.09,-3.6289479158959326
114.09099999999999,-3.6340692350737851
114.092,-3.6391904803449941
114.093,-3.6443116379551772
114.09399999999999,-3.6494326941287847
114.095,-3.6545536350692518
114.096,-3.6596744469591469
114.09699999999999,-3.6647951159602696
114.098,-3.6699156282138077
114.099,-3.6750359698404766
114.09999999999999,-3.6801561269406236
114.101,-3.6852760855943956
114.102,-3.6903958318618457
114.10299999999999,-3.6955153517830768
114.104,-3.7006346313783895
114.105,-3.7057536566483895
114.10599999999999,-3.7108724135741369
114.107,-3.7159908881172949
114.108,-3.7211090662202277
114.10899999999999,-3.7262269338061786
114.11,-3.731344476779368
114.111,-3.7364616810251405
114.11199999999999,-3.7415785324101227
114.113,-3.7466950167823221
114.114,-3.7518111199712791
114.11499999999999,-3.7569268277882175
114.116,-3.7620421260261496
114.117,-3.7671570004600436
114.11799999999999,-3.7722714368469283
114.119,-3.7773854209260511
114.12,-3.7824989384190166
114.121,-3.7876119750299058
114.122,-3.7927245164454142
114.123,-3.7978365483350158
114.124,-3.8029480563510569
114.125,-3.8080590261289347
114.126,-3.813169443287201
114.127,-3.8182792934277119
114.128,-3.8233885621357802
114.129,-3.828497234980281
114.13,-3.833605297513822
114.131,-3.8387127352728525
114.13200000000001,-3.8438195337778112
114.133,-3.8489256785332859
114.134,-3.8540311550281077
114.13500000000001,-3.8591359487355188
114.136,-3.8642400451133163
114.137,-3.8693434296039566
114.13800000000001,-3.8744460876347331
114.139,-3.8795480046178819
114.14,-3.884649165950731
114.14100000000001,-3.8897495570158584
114.142,-3.8948491631811928
114.143,-3.8999479698001798
114.14400000000001,-3.9050459622119149
114.145,-3.9101431257412695
114.146,-3.9152394456990507
114.14700000000001,-3.9203349073821192
114.148,-3.9254294960735328
114.149,-3.9305231970427066
114.15000000000001,-3.9356159955455148
114.151,-3.9407078768244554
114.152,-3.9457988261087875
114.15300000000001,-3.9508888286146515
114.154,-3.955977869545241
114.155,-3.9610659340909038
114.15600000000001,-3.9661530074293001
114.157,-3.9712390747255579
114.158,-3.9763241211323752
114.15900000000001,-3.9814081317901842
114.16,-3.9864910918272889
114.161,-3.9915729863599916
114.16200000000001,-3.9966538004927523
114.163,-4.0017335193183063
114.164,-4.0068121279178088
114.16500000000001,-4.0118896113609912
114.166,-4.0169659547062775
114.167,-4.0220411430009309
114.16800000000001,-4.0271151612812099
114.169,-4.0321879945724728
114.17,-4.0372596278893589
114.17100000000001,-4.0423300462358887
114.172,-4.0473992346056216
114.173,-4.052467177981808
114.17400000000001,-4.0575338613375012
114.175,-4.0625992696357072
114.176,-4.0676633878295458
114.17699999999999,-4.0727262008623484
114.178,-4.0777876936678377
114.179,-4.0828478511702375
114.18000000000001,-4.0879066582844228
114.181,-4.0929640999160695
114.182,-4.0980201609617746
114.18299999999999,-4.1030748263092018
114.184,-4.1081280808372389
114.185,-4.1131799094160995
114.18600000000001,-4.1182302969075044
114.187,-4.123279228164785
114.188,-4.1283266880330389
114.18899999999999,-4.1333726613492798
114.19,-4.1384171329425472
114.191,-4.1434600876340717
114.19200000000001,-4.1485015102374057
114.193,-4.1535413855585501
114.194,-4.158579698396121
114.19499999999999,-4.1636164335414572
114.196,-4.168651575778771
114.197,-4.1736851098853069
114.19800000000001,-4.178717020631443
114.199,-4.1837472927808514
114.2,-4.1887759110906506
114.20099999999999,-4.1938028603115054
114.202,-4.1988281251878048
114.203,-4.203851690457773
114.20399999999999,-4.208873540853614
114.205,-4.21389366110167
114.206,-4.2189120359225258
114.20699999999999,-4.2239286500311675
114.208,-4.2289434881371282
114.209,-4.233956534944598
114.20999999999999,-4.2389677751525934
114.211,-4.2439771934550725
114.212,-4.2489847745410758
114.21299999999999,-4.2539905030948839
114.214,-4.2589943637961234
114.215,-4.2639963413199258
114.21599999999999,-4.2689964203370687
114.217,-4.2739945855140897
114.218,-4.2789908215134504
114.21899999999999,-4.2839851129936504
114.22,-4.2889774446093805
114.221,-4.29396780101166
114.22199999999999,-4.2989561668479563
114.223,-4.3039425267623352
114.224,-4.3089268653956072
114.22499999999999,-4.3139091673854324
114.226,-4.3188894173664991
114.227,-4.3238675999706171
114.22799999999999,-4.3288436998268827
114.229,-4.3338177015618164
114.23,-4.3387895897994753
114.23099999999999,-4.3437593491616004
114.232,-4.3487269642677742
114.233,-4.3536924197355118
114.23399999999999,-4.3586557001804458
114.235,-4.3636167902164207
114.236,-4.3685756744556432
114.23699999999999,-4.3735323375088395
114.238,-4.3784867639853466
114.239,-4.383438938493275
114.23999999999999,-4.3883888456396587
114.241,-4.3933364700305404
114.242,-4.3982817962711591
114.24299999999999,-4.4032248089660513
114.244,-4.4081654927191911
114.245,-4.4131038321341389
114.246,-4.4180398118141557
114.247,-4.4229734163623462
114.248,-4.4279046303818017
114.249,-4.4328334384757087
114.25,-4.4377598252475154
114.251,-4.4426837753010311
114.252,-4.4476052732405824
114.253,-4.4525243036711428
114.254,-4.4574408511984513
114.255,-4.4623549004291707
114.256,-4.4672664359709913
114.25700000000001,-4.4721754424327758
114.258,-4.4770819044247077
114.259,-4.4819858065583924
114.26000000000001,-4.4868871334470093
114.261,-4.4917858697054456
114.262,-4.4966819999504057
114.26300000000001,-4.5015755088005793
114.264,-4.5064663808767325
114.265,-4.5113546008018597
114.26600000000001,-4.5162401532013243
114.267,-4.5211230227029624
114.268,-4.5260031939372318
114.26900000000001,-4.5308806515373474
114.27,-4.5357553801393902
114.271,-4.5406273643824564
114.27200000000001,-4.5454965889087786
114.273,-4.550363038363848
114.274,-4.5552266973965736
114.27500000000001,-4.5600875506593681
114.276,-4.5649455828083054
114.277,-4.5698007785032528
114.27800000000001,-4.5746531224079741
114.279,-4.5795025991902918
114.28,-4.5843491935221774
114.28100000000001,-4.5891928900799117
114.282,-4.5940336735442022
114.283,-4.5988715286002968
114.28400000000001,-4.6037064399381311
114.285,-4.6085383922524521
114.286,-4.6133673702429272
114.28700000000001,-4.618193358614298
114.288,-4.6230163420764869
114.289,-4.6278363053447249
114.29000000000001,-4.6326532331396955
114.291,-4.6374671101876368
114.292,-4.6422779212204794
114.29300000000001,-4.6470856509759821
114.294,-4.6518902841978278
114.295,-4.6566918056357887
114.29600000000001,-4.6614902000458089
114.297,-4.6662854521901576
114.298,-4.6710775468375525
114.29900000000001,-4.6758664687632683
114.3,-4.6806522027492647
114.301,-4.6854347335843327
114.30199999999999,-4.6902140460641801
114.303,-4.6949901249915911
114.304,-4.6997629551765252
114.30500000000001,-4.7045325214362439
114.306,-4.7092988085954515
114.307,-4.7140618014863911
114.30799999999999,-4.718821484948978
114.309,-4.7235778438309399
114.31,-4.7283308629878968
114.31100000000001,-4.7330805272835343
114.312,-4.7378268215896764
114.313,-4.742569730786431
114.31399999999999,-4.7473092397623207
114.315,-4.752045333414376
114.316,-4.7567779966482719
114.31700000000001,-4.7615072143784554
114.318,-4.7662329715282405
114.319,-4.7709552530299559
114.31999999999999,-4.7756740438250453
114.321,-4.7803893288641861
114.322,-4.7851010931074249
114.32300000000001,-4.7898093215242818
114.324,-4.7945139990938621
114.325,-4.7992151108050045
114.32599999999999,-4.8039126416563542
114.327,-4.808606576656528
114.328,-4.8132969008241915
114.32899999999999,-4.8179835991881967
114.33,-4.822666656787705
114.331,-4.827346058672279
114.33199999999999,-4.832021789902015
114.333,-4.8366938355476687
114.334,-4.8413621806907461
114.33499999999999,-4.8460268104236439
114.336,-4.8506877098497423
114.337,-4.8553448640835288
114.33799999999999,-4.8599982582507284
114.339,-4.8646478774883875
114.34,-4.8692937069450091
114.34099999999999,-4.8739357317806711
114.342,-4.8785739371671122
114.343,-4.8832083082878839
114.34399999999999,-4.8878388303384215
114.345,-4.8924654885261907
114.346,-4.8970882680707888
114.34699999999999,-4.9017071542040451
114.348,-4.9063221321701462
114.349,-4.910933187225754
114.34999999999999,-4.9155403046400901
114.351,-4.9201434696950779
114.352,-4.9247426676854325
114.35299999999999,-4.9293378839187731
114.354,-4.9339291037157498
114.355,-4.9385163124101332
114.35599999999999,-4.9430994953489273
114.357,-4.947678637892496
114.358,-4.952253725414649
114.35899999999999,-4.9568247433027688
114.36,-4.9613916769579047
114.361,-4.9659545117948847
114.36199999999999,-4.9705132332424418
114.363,-4.9750678267432891
114.364,-4.9796182777542466
114.36499999999999,-4.9841645717463567
114.366,-4.9887066942049634
114.367,-4.9932446306298486
114.36799999999999,-4.9977783665353162
114.369,-5.0023078874502982
114.37,-5.0068331789184883
114.371,-5.0113542264984119
114.372,-5.0158710157635387
114.373,-5.0203835323024171
114.374,-5.0248917617187283
114.375,-5.02939568963144
114.376,-5.033895301674872
114.377,-5.0383905834988196
114.378,-5.0428815207686544
114.379,-5.0473680991654168
114.38,-5.0518503043859386
114.381,-5.0563281221429213
114.38200000000001,-5.0608015381650455
114.383,-5.0652705381970931
114.384,-5.0697351080000148
114.38500000000001,-5.0741952333510509
114.386,-5.0786509000438347
114.387,-5.0831020938884786
114.38800000000001,-5.0875488007116898
114.389,-5.0919910063568539
114.39,-5.0964286966841401
114.39100000000001,-5.1008618575706182
114.392,-5.1052904749103236
114.393,-5.1097145346143762
114.39400000000001,-5.114134022611089
114.395,-5.1185489248460314
114.396,-5.1229592272821698
114.39700000000001,-5.1273649158999257
114.398,-5.1317659766972907
114.399,-5.1361623956899347
114.40000000000001,-5.1405541589112733
114.401,-5.1449412524125853
114.402,-5.1493236622631038
114.40300000000001,-5.1537013745501046
114.404,-5.1580743753790133
114.405,-5.1624426508734853
114.40600000000001,-5.1668061871755091
114.407,-5.1711649704455036
114.408,-5.1755189868623948
114.40900000000001,-5.17986822262373
114.41,-5.1842126639457602
114.411,-5.1885522970635298
114.41200000000001,-5.1928871082309769
114.413,-5.1972170837210196
114.414,-5.2015422098256447
114.41500000000001,-5.2058624728560119
114.416,-5.2101778591425321
114.417,-5.2144883550349537
114.41800000000001,-5.2187939469024807
114.419,-5.2230946211338196
114.42,-5.2273903641373174
114.42100000000001,-5.2316811623410073
114.422,-5.2359670021927203
114.423,-5.2402478701601822
114.42400000000001,-5.244523752731074
114.425,-5.2487946364131401
114.426,-5.2530605077342818
114.42699999999999,-5.2573213532426193
114.428,-5.2615771595066088
114.429,-5.2658279131151051
114.43000000000001,-5.2700736006774527
114.431,-5.2743142088235917
114.432,-5.2785497242041153
114.43299999999999,-5.2827801334903652
114.434,-5.2870054233745343
114.435,-5.2912255805697201
114.43600000000001,-5.2954405918100385
114.437,-5.2996504438506875
114.438,-5.3038551234680327
114.43899999999999,-5.3080546174597094
114.44,-5.3122489126446828
114.441,-5.316437995863339
114.44200000000001,-5.3206218539775758
114.443,-5.3248004738708676
114.444,-5.3289738424483675
114.44499999999999,-5.3331419466369683
114.446,-5.3373047733853918
114.447,-5.341462309664287
114.44800000000001,-5.345614542466274
114.449,-5.3497614588060518
114.45,-5.3539030457204779
114.45099999999999,-5.358039290268624
114.452,-5.3621701795318879
114.453,-5.3662957006140424
114.45399999999999,-5.3704158406413294
114.455,-5.3745305867625426
114.456,-5.3786399261490851
114.45699999999999,-5.3827438459950674
114.458,-5.3868423335173734
114.459,-5.3909353759557366
114.45999999999999,-5.3950229605728275
114.461,-5.3991050746543134
114.462,-5.4031817055089419
114.46299999999999,-5.4072528404686233
114.464,-5.4113184668884919
114.465,-5.4153785721469854
114.46599999999999,-5.4194331436459304
114.467,-5.4234821688105974
114.468,-5.4275256350897934
114.46899999999999,-5.4315635299559144
114.47,-5.435595840905032
114.471,-5.4396225554569746
114.47199999999999,-5.4436436611553738
114.473,-5.4476591455677568
114.474,-5.4516689962856191
114.47499999999999,-5.4556732009244717
114.476,-5.4596717471239522
114.477,-5.4636646225478511
114.47799999999999,-5.4676518148842099
114.479,-5.4716333118453928
114.48,-5.4756091011681374
114.48099999999999,-5.4795791706136336
114.482,-5.4835435079676023
114.483,-5.4875021010403442
114.48399999999999,-5.4914549376668278
114.485,-5.4954020057067412
114.486,-5.499343293044566
114.48699999999999,-5.5032787875896503
114.488,-5.5072084772762651
114.489,-5.511132350063674
114.48999999999999,-5.5150503939362121
114.491,-5.5189625969033216
114.492,-5.5228689469996599
114.49299999999999,-5.526769432285124
114.494,-5.5306640408449326
114.495,-5.5345527607897056
114.496,-5.5384355802554985
114.497,-5.5423124874038852
114.498,-5.5461834704220223
114.499,-5.550048517522697
114.5,-5.553907616944417
114.501,-5.5577607569514385
114.502,-5.5616079258338518
114.503,-5.5654491119076477
114.504,-5.5692843035147499
114.505,-5.5731134890231147
114.506,-5.5769366568267573
114.50700000000001,-5.5807537953458324
114.508,-5.5845648930266893
114.509,-5.5883699383419341
114.51000000000001,-5.5921689197904767
114.511,-5.5959618258976151
114.512,-5.5997486452150627
114.51300000000001,-5.6035293663210375
114.514,-5.6073039778202984
114.515,-5.6110724683442053
114.51600000000001,-5.6148348265507924
114.517,-5.6185910411248114
114.518,-5.6223411007777848
114.51900000000001,-5.6260849942480826
114.52,-5.6298227103009513
114.521,-5.6335542377285934
114.52200000000001,-5.6372795653502088
114.523,-5.6409986820120555
114.524,-5.644711576587504
114.52500000000001,-5.6484182379770926
114.526,-5.6521186551085725
114.527,-5.655812816936983
114.52800000000001,-5.6595007124446797
114.529,-5.6631823306414066
114.53,-5.6668576605643413
114.53100000000001,-5.6705266912781411
114.532,-5.674189411875016
114.533,-5.6778458114747554
114.53400000000001,-5.681495879224796
114.535,-5.6851396043002733
114.536,-5.6887769759040561
114.53700000000001,-5.6924079832668237
114.538,-5.6960326156470931
114.539,-5.6996508623312758
114.54000000000001,-5.7032627126337383
114.541,-5.706868155896835
114.542,-5.7104671814909631
114.54300000000001,-5.7140597788146241
114.544,-5.7176459372944421
114.545,-5.7212256463852569
114.54600000000001,-5.7247988955701254
114.547,-5.7283656743603935
114.548,-5.7319259722957447
114.54900000000001,-5.7354797789442404
114.55,-5.7390270839023616
114.551,-5.7425678767950705
114.55199999999999,-5.7461021472758373
114.553,-5.7496298850267067
114.554,-5.7531510797583216
114.55500000000001,-5.7566657212099823
114.556,-5.7601737991496913
114.557,-5.763675303374189
114.55799999999999,-5.7671702237090017
114.559,-5.7706585500084921
114.56,-5.7741402721558872
114.56100000000001,-5.7776153800633443
114.562,-5.7810838636719675
114.563,-5.784545712951866
114.56399999999999,-5.7880009179022034
114.565,-5.7914494685512166
114.566,-5.7948913549562722
114.56700000000001,-5.798326567203917
114.568,-5.8017550954098933
114.569,-5.8051769297192077
114.56999999999999,-5.8085920603061449
114.571,-5.8120004773743261
114.572,-5.815402171156749
114.57300000000001,-5.8187971319158143
114.574,-5.8221853499433722
114.575,-5.8255668155607667
114.57599999999999,-5.8289415191188585
114.577,-5.8323094509980891
114.578,-5.8356706016084887
114.57899999999999,-5.8390249613897298
114.58,-5.8423725208111703
114.581,-5.8457132703718795
114.58199999999999,-5.8490472006006726
114.583,-5.8523743020561652
114.584,-5.8556945653267807
114.58499999999999,-5.8590079810308229
114.586,-5.8623145398164747
114.587,-5.8656142323618523
114.58799999999999,-5.868907049375049
114.589,-5.8721929815941483
114.59,-5.8754720197872672
114.59099999999999,-5.8787441547526047
114.592,-5.882009377318445
114.593,-5.8852676783432285
114.59399999999999,-5.8885190487155512
114.595,-5.8917634793542115
114.596,-5.8950009612082575
114.59699999999999,-5.8982314852569884
114.598,-5.9014550425100083
114.599,-5.9046716240072641
114.59999999999999,-5.9078812208190508
114.601,-5.9110838240460684
114.602,-5.9142794248194352
114.60299999999999,-5.9174680143007281
114.604,-5.9206495836820174
114.605,-5.9238241241858764
114.60599999999999,-5.9269916270654361
114.607,-5.9301520836044048
114.608,-5.933305485117085
114.60899999999999,-5.9364518229484267
114.61,-5.9395910884740326
114.611,-5.9427232731002011
114.61199999999999,-5.9458483682639551
114.613,-5.9489663654330576
114.614,-5.9520772561060511
114.61499999999999,-5.9551810318122813
114.616,-5.9582776841119189
114.617,-5.9613672045960033
114.61799999999999,-5.9644495848864416
114.619,-5.9675248166360602
114.62,-5.9705928915286224
114.621,-5.9736538012788474
114.622,-5.9767075376324383
114.623,-5.9797540923661225
114.624,-5.9827934572876522
114.625,-5.9858256242358499
114.626,-5.988850585080618
114.627,-5.9918683317229728
114.628,-5.994878856095065
114.629,-5.9978821501601987
114.63,-6.0008782059128682
114.631,-6.0038670153787654
114.63200000000001,-6.0068485706148058
114.633,-6.0098228637091626
114.634,-6.012789886781281
114.63500000000001,-6.0157496319818939
114.636,-6.0187020914930578
114.637,-6.0216472575281577
114.63800000000001,-6.0245851223319509
114.639,-6.0275156781805634
114.64,-6.0304389173815238
114.64100000000001,-6.0333548322737904
114.642,-6.0362634152277552
114.643,-6.0391646586452694
114.64400000000001,-6.0420585549596799
114.645,-6.0449450966358196
114.646,-6.0478242761700525
114.64700000000001,-6.0506960860902783
114.648,-6.0535605189559556
114.649,-6.0564175673581202
114.65000000000001,-6.059267223919405
114.651,-6.0621094812940495
114.652,-6.0649443321679417
114.65300000000001,-6.0677717692585977
114.654,-6.0705917853152194
114.655,-6.0734043731186782
114.65600000000001,-6.0762095254815529
114.657,-6.079007235248139
114.658,-6.0817974952944649
114.65900000000001,-6.0845802985283104
114.66,-6.0873556378892202
114.661,-6.0901235063485206
114.66200000000001,-6.0928838969093349
114.663,-6.0956368026066059
114.664,-6.0983822165070887
114.66500000000001,-6.1011201317094015
114.666,-6.1038505413439985
114.667,-6.1065734385732178
114.66800000000001,-6.1092888165912846
114.669,-6.1119966686243119
114.67,-6.1146969879303397
114.67100000000001,-6.1173897677993283
114.672,-6.1200750015531709
114.673,-6.1227526825457286
114.67400000000001,-6.1254228041628123
114.675,-6.1280853598222231
114.676,-6.1307403429737484
114.67699999999999,-6.1333877470991771
114.678,-6.1360275657123147
114.679,-6.1386597923589905
114.68000000000001,-6.1412844206170725
114.681,-6.1439014440964801
114.682,-6.1465108564391908
114.68299999999999,-6.1491126513192498
114.684,-6.151706822442792
114.685,-6.1542933635480344
114.68600000000001,-6.1568722684053077
114.687,-6.1594435308170423
114.688,-6.1620071446177951
114.68899999999999,-6.1645631036742623
114.69,-6.1671114018852693
114.691,-6.1696520331817961
114.69200000000001,-6.1721849915269846
114.693,-6.1747102709161403
114.694,-6.1772278653767456
114.69499999999999,-6.1797377689684714
114.696,-6.1822399757831725
114.697,-6.1847344799449155
114.69800000000001,-6.1872212756099652
114.699,-6.1897003569668083
114.7,-6.1921717182361551
114.70099999999999,-6.1946353536709395
114.702,-6.1970912575563437
114.703,-6.1995394242097852
114.70399999999999,-6.2019798479809296
114.705,-6.2044125232517127
114.706,-6.2068374444363217
114.70699999999999,-6.2092546059812141
114.708,-6.2116640023651275
114.709,-6.2140656280990747
114.70999999999999,-6.2164594777263602
114.711,-6.2188455458225746
114.712,-6.2212238269956011
114.71299999999999,-6.2235943158856371
114.714,-6.2259570071651718
114.715,-6.2283118955390133
114.71599999999999,-6.2306589757442765
114.717,-6.2329982425504014
114.718,-6.2353296907591487
114.71899999999999,-6.2376533152046045
114.72,-6.2399691107531812
114.721,-6.242277072303632
114.72199999999999,-6.2445771947870385
114.723,-6.2468694731668268
114.724,-6.2491539024387608
114.72499999999999,-6.2514304776309535
114.726,-6.2536991938038655
114.727,-6.2559600460503004
114.72799999999999,-6.258213029495419
114.729,-6.2604581392967358
114.73,-6.2626953706441197
114.73099999999999,-6.2649247187597954
114.732,-6.267146178898348
114.733,-6.2693597463467183
114.73399999999999,-6.2715654164242221
114.735,-6.273763184482517
114.736,-6.275953045905637
114.73699999999999,-6.2781349961099764
114.738,-6.2803090305442897
114.739,-6.2824751446897018
114.73999999999999,-6.2846333340596958
114.741,-6.2867835942001218
114.742,-6.2889259206891976
114.74299999999999,-6.2910603091374986
114.744,-6.293186755187965
114.745,-6.2953052545159007
114.746,-6.2974158028289757
114.747,-6.2995183958672092
114.748,-6.3016130294029917
114.749,-6.3036996992410668
114.75,-6.3057784012185332
114.751,-6.3078491312048515
114.752,-6.3099118851018252
114.753,-6.3119666588436187
114.754,-6.3140134483967447
114.755,-6.3160522497600606
114.756,-6.3180830589647714
114.75700000000001,-6.3201058720744179
114.758,-6.322120685184891
114.759,-6.3241274944244124
114.76000000000001,-6.3261262959535367
114.761,-6.328117085965153
114.762,-6.3300998606844798
114.76300000000001,-6.3320746163690567
114.764,-6.3340413493087437
114.765,-6.3360000558257195
114.76600000000001,-6.3379507322744759
114.767,-6.339893375041818
114.768,-6.3418279805468485
114.76900000000001,-6.3437545452409783
114.77,-6.3456730656079134
114.771,-6.3475835381636534
114.77200000000001,-6.3494859594564765
114.773,-6.3513803260669599
114.774,-6.353266634607948
114.77500000000001,-6.3551448817245602
114.776,-6.3570150640941829
114.777,-6.3588771784264715
114.77800000000001,-6.3607312214633334
114.779,-6.3625771899789241
114.78,-6.3644150807796542
114.78100000000001,-6.3662448907041673
114.782,-6.3680666166233459
114.783,-6.3698802554402993
114.78400000000001,-6.3716858040903581
114.785,-6.3734832595410671
114.786,-6.3752726187921835
114.78700000000001,-6.3770538788756674
114.788,-6.3788270368556761
114.789,-6.3805920898285455
114.79000000000001,-6.3823490349228109
114.791,-6.3840978692991683
114.792,-6.3858385901504908
114.79300000000001,-6.3875711947018106
114.794,-6.3892956802103082
114.795,-6.3910120439653193
114.79600000000001,-6.3927202832883072
114.797,-6.3944203955328689
114.798,-6.3961123780847355
114.79900000000001,-6.3977962283617353
114.8,-6.3994719438138121
114.801,-6.4011395219230103
114.80199999999999,-6.4027989602034578
114.803,-6.4044502562013692
114.804,-6.4060934074950309
114.80500000000001,-6.4077284116947899
114.806,-6.409355266443054
114.807,-6.410973969414278
114.80799999999999,-6.4125845183149455
114.809,-6.4141869108835818
114.81,-6.4157811448907172
114.81100000000001,-6.4173672181389101
114.812,-6.4189451284627026
114.813,-6.4205148737286333
114.81399999999999,-6.4220764518352276
114.815,-6.4236298607129774
114.816,-6.4251750983243365
114.81700000000001,-6.4267121626637147
114.818,-6.4282410517574586
114.819,-6.4297617636638522
114.81999999999999,-6.431274296473096
114.821,-6.4327786483073011
114.822,-6.434274817320488
114.82300000000001,-6.4357628016985604
114.824,-6.4372425996593012
114.825,-6.4387142094523657
114.82599999999999,-6.4401776293592627
114.827,-6.4416328576933575
114.828,-6.4430798927998403
114.82899999999999,-6.444518733055733
114.83,-6.4459493768698692
114.831,-6.4473718226828884
114.83199999999999,-6.4487860689672143
114.833,-6.4501921142270602
114.834,-6.4515899569983963
114.83499999999999,-6.4529795958489595
114.836,-6.4543610293782265
114.837,-6.4557342562174052
114.83799999999999,-6.4570992750294316
114.839,-6.4584560845089394
114.84,-6.45980468338227
114.84099999999999,-6.4611450704074436
114.842,-6.4624772443741545
114.843,-6.463801204103758
114.84399999999999,-6.4651169484492552
114.845,-6.4664244762952814
114.846,-6.4677237865580954
114.84699999999999,-6.4690148781855719
114.848,-6.4702977501571706
114.849,-6.471572401483944
114.84999999999999,-6.4728388312085112
114.851,-6.4740970384050538
114.852,-6.4753470221792986
114.85299999999999,-6.4765887816684948
114.854,-6.4778223160414212
114.855,-6.4790476244983575
114.85599999999999,-6.4802647062710763
114.857,-6.4814735606228266
114.858,-6.4826741868483202
114.85899999999999,-6.4838665842737244
114.86,-6.4850507522566456
114.861,-6.486226690186105
114.86199999999999,-6.487394397482543
114.863,-6.4885538735977875
114.864,-6.4897051180150509
114.86499999999999,-6.4908481302489207
114.866,-6.4919829098453228
114.867,-6.4931094563815339
114.86799999999999,-6.4942277694661525
114.869,-6.4953378487390845
114.87,-6.496439693871535
114.871,-6.4975333045659882
114.872,-6.4986186805561967
114.873,-6.4996958216071636
114.874,-6.5007647275151319
114.875,-6.5018253981075622
114.876,-6.5028778332431276
114.877,-6.5039220328116905
114.878,-6.5049579967342925
114.879,-6.5059857249631357
114.88,-6.5070052174815727
114.881,-6.5080164743040889
114.88200000000001,-6.5090194954762755
114.883,-6.5100142810748398
114.884,-6.5110008312075704
114.88500000000001,-6.5119791460133198
114.886,-6.5129492256620019
114.887,-6.5139110703545668
114.88800000000001,-6.5148646803229946
114.889,-6.5158100558302641
114.89,-6.5167471971703499
114.89100000000001,-6.5176761046682055
114.892,-6.5185967786797416
114.893,-6.5195092195918125
114.89400000000001,-6.5204134278222048
114.895,-6.5213094038196111
114.896,-6.5221971480636265
114.89700000000001,-6.5230766610647191
114.898,-6.5239479433642265
114.899,-6.5248109955343265
114.90000000000001,-6.5256658181780356
114.901,-6.5265124119291791
114.902,-6.5273507774523774
114.90300000000001,-6.5281809154430386
114.904,-6.5290028266273303
114.905,-6.5298165117621716
114.90600000000001,-6.5306219716352052
114.907,-6.5314192070647952
114.908,-6.5322082189000037
114.90900000000001,-6.5329890080205608
114.91,-6.5337615753368725
114.911,-6.5345259217899851
114.91200000000001,-6.5352820483515801
114.913,-6.5360299560239428
114.914,-6.5367696458399536
114.91500000000001,-6.5375011188630738
114.916,-6.538224376187328
114.917,-6.538939418937276
114.91800000000001,-6.5396462482680082
114.919,-6.5403448653651148
114.92,-6.541035271444688
114.92100000000001,-6.5417174677532852
114.922,-6.5423914555679152
114.923,-6.5430572361960362
114.92400000000001,-6.5437148109755112
114.925,-6.5443641812746165
114.926,-6.5450053484920048
114.92699999999999,-6.5456383140566983
114.928,-6.5462630794280683
114.929,-6.5468796460958121
114.93000000000001,-6.5474880155799413
114.931,-6.548088189430759
114.932,-6.548680169228847
114.93299999999999,-6.5492639565850421
114.934,-6.549839553140421
114.935,-6.5504069605662822
114.93600000000001,-6.5509661805641253
114.937,-6.5515172148656315
114.938,-6.5520600652326522
114.93899999999999,-6.552594733457183
114.94,-6.5531212213613497
114.941,-6.5536395307973843
114.94200000000001,-6.5541496636476131
114.943,-6.5546516218244362
114.944,-6.5551454072703041
114.94499999999999,-6.5556310219577005
114.946,-6.556108467889131
114.947,-6.5565777470970943
114.94800000000001,-6.5570388616440685
114.949,-6.5574918136224882
114.95,-6.5579366051547359
114.95099999999999,-6.5583732383931039
114.952,-6.5588017155197935
114.953,-6.5592220387468894
114.95399999999999,-6.5596342103163332
114.955,-6.5600382324999194
114.956,-6.56043410759926
114.95699999999999,-6.5608218379457757
114.958,-6.5612014259006752
114.959,-6.5615728738549253
114.95999999999999,-6.5619361842292534
114.961,-6.562291359474103
114.962,-6.5626384020696271
114.96299999999999,-6.562977314525674
114.964,-6.5633080993817501
114.965,-6.5636307592070189
114.96599999999999,-6.5639452966002674
114.967,-6.5642517141898971
114.968,-6.564550014633892
114.96899999999999,-6.5648402006198117
114.97,-6.5651222748647591
114.971,-6.5653962401153736
114.97199999999999,-6.5656620991477928
114.973,-6.5659198547676558
114.974,-6.5661695098100639
114.97499999999999,-6.5664110671395663
114.976,-6.5666445296501417
114.977,-6.5668699002651785
114.97799999999999,-6.5670871819374508
114.979,-6.5672963776491002
114.98,-6.5674974904116183
114.98099999999999,-6.567690523265818
114.982,-6.5678754792818204
114.983,-6.5680523615590323
114.98399999999999,-6.5682211732261244
114.985,-6.5683819174410134
114.986,-6.5685345973908342
114.98699999999999,-6.5686792162919305
114.988,-6.5688157773898235
114.989,-6.5689442839591949
114.98999999999999,-6.5690647393038715
114.991,-6.5691771467567888
114.992,-6.5692815096799917
114.99299999999999,-6.5693778314645943
114.994,-6.5694661155307701
114.995,-6.5695463653277271
114.996,-6.5696185843336812
114.997,-6.5696827760558518
114.998,-6.5697389440304166
114.999,-6.5697870918225121
115,-6.5698272230261976
115.001,-6.5698593412644426
115.002,-6.5698834501891037
115.003,-6.5698995534808935
115.004,-6.5699076548493744
115.005,-6.5699077580329259
115.006,-6.5698998667987283
115.00700000000001,-6.5698839849427397
115.008,-6.5698601162896706
115.009,-6.5698282646929691
115.01000000000001,-6.5697884340347912
115.011,-6.5697406282259889
115.012,-6.5696848512060741
115.01300000000001,-6.5696211069432122
115.014,-6.5695493994341883
115.015,-6.5694697327043938
115.01600000000001,-6.5693821108077932
115.017,-6.5692865378269163
115.018,-6.569183017872823
115.01900000000001,-6.56907155508509
115.02,-6.5689521536317796
115.021,-6.5688248177094293
115.02200000000001,-6.5686895515430193
115.023,-6.568546359385949
115.024,-6.5683952455200298
115.02500000000001,-6.5682362142554416
115.026,-6.5680692699307226
115.027,-6.5678944169127504
115.02800000000001,-6.5677116595967009
115.029,-6.5675210024060489
115.03,-6.5673224497925276
115.03100000000001,-6.5671160062361151
115.032,-6.5669016762450108
115.033,-6.5666794643556035
115.03400000000001,-6.5664493751324589
115.035,-6.5662114131682943
115.036,-6.5659655830839494
115.03700000000001,-6.5657118895283713
115.038,-6.5654503371785884
115.039,-6.5651809307396789
115.03999999999999,-6.5649036749447633
115.041,-6.5646185745549683
115.042,-6.5643256343594096
115.04300000000001,-6.5640248591751611
115.044,-6.5637162538472449
115.045,-6.5633998232485915
115.04599999999999,-6.5630755722800265
115.047,-6.5627435058702464
115.048,-6.5624036289757912
115.04900000000001,-6.5620559465810242
115.05,-6.5617004636980996
115.051,-6.5613371853669529
115.05199999999999,-6.5609661166552664
115.053,-6.5605872626584425
115.054,-6.5602006284995928
115.05500000000001,-6.5598062193295021
115.056,-6.5594040403266076
115.057,-6.5589940966969786
115.05799999999999,-6.5585763936742829
115.059,-6.5581509365197732
115.06,-6.5577177305222536
115.06100000000001,-6.5572767809980661
115.062,-6.5568280932910472
115.063,-6.5563716727725287
115.06399999999999,-6.5559075248412899
115.065,-6.5554356549235493
115.066,-6.5549560684729231
115.06700000000001,-6.5544687709704226
115.068,-6.553973767924405
115.069,-6.5534710648705712
115.06999999999999,-6.552960667371921
115.071,-6.5524425810187426
115.072,-6.5519168114285788
115.07300000000001,-6.5513833642462052
115.074,-6.5508422451436061
115.075,-6.5502934598199456
115.07599999999999,-6.5497370140015425
115.077,-6.5491729134418506
115.078,-6.548601163921429
115.07900000000001,-6.5480217712479112
115.08,-6.5474347412559899
115.081,-6.5468400798073834
115.08199999999999,-6.546237792790814
115.083,-6.5456278861219808
115.084,-6.545010365743531
115.08500000000001,-6.5443852376250415
115.086,-6.543752507762985
115.087,-6.5431121821807041
115.08799999999999,-6.5424642669283974
115.089,-6.5418087680830688
115.09,-6.5411456917485316
115.09099999999999,-6.5404750440553583
115.092,-6.5397968311608619
115.093,-6.5391110592490769
115.09399999999999,-6.5384177345307197
115.095,-6.5377168632431681
115.096,-6.5370084516504399
115.09699999999999,-6.5362925060431563
115.098,-6.5355690327385201
115.099,-6.5348380380802924
115.09999999999999,-6.5340995284387535
115.101,-6.533353510210695
115.102,-6.5325999898193716
115.10299999999999,-6.5318389737144935
115.104,-6.5310704683721772
115.105,-6.5302944802949394
115.10599999999999,-6.5295110160116616
115.107,-6.5287200820775562
115.108,-6.5279216850741495
115.10899999999999,-6.5271158316092457
115.11,-6.5263025283169034
115.111,-6.5254817818574082
115.11199999999999,-6.5246535989172454
115.113,-6.5238179862090631
115.114,-6.5229749504716574
115.11499999999999,-6.5221244984699416
115.116,-6.5212666369949055
115.117,-6.5204013728636037
115.11799999999999,-6.5195287129191195
115.119,-6.5186486640305352
115.12,-6.5177612330929025
115.121,-6.5168664270272245
115.122,-6.5159642527804191
115.123,-6.5150547173252846
115.124,-6.5141378276604787
115.125,-6.5132135908104933
115.126,-6.5122820138256179
115.127,-6.5113431037819138
115.128,-6.5103968677811777
115.129,-6.5094433129509328
115.13,-6.5084824464443765
115.131,-6.5075142754403617
115.13200000000001,-6.5065388071433699
115.133,-6.5055560487834727
115.134,-6.5045660076163108
115.13500000000001,-6.5035686909230677
115.136,-6.5025641060104213
115.137,-6.5015522602105325
115.13800000000001,-6.5005331608810151
115.139,-6.4995068154048923
115.14,-6.4984732311905731
115.14100000000001,-6.4974324156718311
115.142,-6.4963843763077591
115.143,-6.4953291205827481
115.14400000000001,-6.4942666560064595
115.145,-6.4931969901137876
115.146,-6.4921201304648273
115.14700000000001,-6.4910360846448549
115.148,-6.489944860264286
115.149,-6.4888464649586499
115.15000000000001,-6.4877409063885541
115.151,-6.4866281922396656
115.152,-6.4855083302226602
115.15300000000001,-6.484381328073213
115.154,-6.4832471935519491
115.155,-6.4821059344444221
115.15600000000001,-6.4809575585610757
115.157,-6.4798020737372282
115.158,-6.4786394878330142
115.15900000000001,-6.4774698087333773
115.16,-6.4762930443480284
115.161,-6.4751092026114101
115.16200000000001,-6.4739182914826694
115.163,-6.4727203189456306
115.164,-6.4715152930087534
115.16499999999999,-6.4703032217051026
115.166,-6.4690841130923227
115.167,-6.4678579752525973
115.16800000000001,-6.4666248162926232
115.169,-6.465384644343569
115.17,-6.464137467561053
115.17099999999999,-6.4628832941251053
115.172,-6.4616221322401275
115.173,-6.4603539901348768
115.17400000000001,-6.4590788760624207
115.175,-6.4577967983000937
115.176,-6.4565077651494978
115.17699999999999,-6.4552117849364281
115.178,-6.4539088660108712
115.179,-6.4525990167469525
115.18000000000001,-6.4512822455429131
115.181,-6.4499585608210692
115.182,-6.4486279710277792
115.18299999999999,-6.4472904846334229
115.184,-6.445946110132339
115.185,-6.4445948560428192
115.18600000000001,-6.4432367309070644
115.187,-6.4418717432911352
115.188,-6.4404999017849383
115.18899999999999,-6.4391212150021939
115.19,-6.4377356915803796
115.191,-6.4363433401807049
115.19200000000001,-6.4349441694880865
115.193,-6.4335381882111049
115.194,-6.4321254050819592
115.19499999999999,-6.4307058288564587
115.196,-6.4292794683139576
115.197,-6.4278463322573405
115.19800000000001,-6.4264064295129737
115.199,-6.4249597689306857
115.2,-6.4235063593837074
115.20099999999999,-6.4220462097686575
115.202,-6.4205793290055011
115.203,-6.4191057260375084
115.20400000000001,-6.4176254098312153
115.205,-6.416138389376405
115.206,-6.4146446736860554
115.20699999999999,-6.4131442717962974
115.208,-6.4116371927664053
115.209,-6.4101234456787317
115.21000000000001,-6.4086030396386784
115.211,-6.4070759837746731
115.212,-6.4055422872381165
115.21299999999999,-6.4040019592033488
115.214,-6.402455008867614
115.215,-6.4009014454510309
115.21599999999999,-6.3993412781965331
115.217,-6.3977745163698581
115.218,-6.3962011692594949
115.21899999999999,-6.3946212461766416
115.22,-6.3930347564551768
115.221,-6.3914417094516267
115.22199999999999,-6.3898421145451074
115.223,-6.3882359811373055
115.224,-6.3866233186524326
115.22499999999999,-6.3850041365371872
115.226,-6.3833784442606998
115.227,-6.3817462513145422
115.22799999999999,-6.3801075672126215
115.229,-6.3784624014912001
115.23,-6.3768107637088161
115.23099999999999,-6.3751526634462774
115.232,-6.3734881103065923
115.233,-6.3718171139149451
115.23399999999999,-6.3701396839186586
115.235,-6.3684558299871483
115.236,-6.3667655618118797
115.23699999999999,-6.3650688891063449
115.238,-6.3633658216060009
115.239,-6.3616563690682382
115.23999999999999,-6.359940541272354
115.241,-6.3582183480194896
115.242,-6.3564897991325999
115.24299999999999,-6.3547549044564189
115.244,-6.3530136738574061
115.245,-6.3512661172237159
115.246,-6.3495122444651528
115.247,-6.3477520655131334
115.248,-6.3459855903206401
115.249,-6.3442128288621724
115.25,-6.3424337911337361
115.251,-6.340648487152766
115.252,-6.3388569269580923
115.253,-6.3370591206099283
115.254,-6.3352550781897836
115.255,-6.3334448098004517
115.256,-6.3316283255659664
115.25700000000001,-6.3298056356315415
115.258,-6.3279767501635513
115.259,-6.32614167934946
115.26000000000001,-6.324300433397819
115.261,-6.3224530225381832
115.262,-6.3205994570210864
115.26300000000001,-6.3187397471180127
115.264,-6.3168739031213184
115.265,-6.3150019353442142
115.26600000000001,-6.3131238541207297
115.267,-6.3112396698056381
115.268,-6.3093493927744353
115.26900000000001,-6.3074530334233021
115.27,-6.305550602169034
115.271,-6.3036421094490178
115.27200000000001,-6.3017275657211913
115.273,-6.299806981463977
115.274,-6.2978803671762584
115.27500000000001,-6.2959477333773188
115.276,-6.2940090906068216
115.277,-6.292064449424732
115.27800000000001,-6.2901138204112952
115.279,-6.2881572141669926
115.28,-6.2861946413124805
115.28100000000001,-6.2842261124885548
115.282,-6.2822516383561107
115.283,-6.2802712295960852
115.28400000000001,-6.2782848969094127
115.285,-6.2762926510169974
115.286,-6.2742945026596422
115.28700000000001,-6.2722904625980105
115.288,-6.2702805416126015
115.289,-6.2682647505036639
115.28999999999999,-6.266243100091188
115.291,-6.2642156012148291
115.292,-6.2621822647338865
115.29300000000001,-6.2601431015272349
115.294,-6.2580981224932852
115.295,-6.2560473385499513
115.29599999999999,-6.2539907606345784
115.297,-6.2519283997039068
115.298,-6.2498602667340393
115.29900000000001,-6.2477863727203644
115.3,-6.2457067286775239
115.301,-6.2436213456393777
115.30199999999999,-6.2415302346589323
115.303,-6.2394334068082999
115.304,-6.2373308731786654
115.30500000000001,-6.2352226448802162
115.306,-6.2331087330421067
115.307,-6.2309891488123972
115.30799999999999,-6.2288639033580342
115.309,-6.2267330078647642
115.31,-6.224596473537102
115.31100000000001,-6.2224543115982947
115.312,-6.2203065332902456
115.313,-6.2181531498734772
115.31399999999999,-6.2159941726270986
115.315,-6.2138296128487207
115.316,-6.2116594818544355
115.31700000000001,-6.2094837909787541
115.318,-6.207302551574557
115.319,-6.2051157750130423
115.31999999999999,-6.2029234726836897
115.321,-6.2007256559941855
115.322,-6.1985223363703899
115.32300000000001,-6.1963135252562758
115.324,-6.1940992341138985
115.325,-6.1918794744233114
115.32599999999999,-6.1896542576825446
115.327,-6.1874235954075392
115.328,-6.1851874991320965
115.32900000000001,-6.1829459804078244
115.33,-6.1806990508041046
115.331,-6.1784467219080108
115.33199999999999,-6.1761890053242716
115.333,-6.1739259126752337
115.334,-6.1716574556007835
115.33500000000001,-6.1693836457583009
115.336,-6.1671044948226248
115.337,-6.1648200144859802
115.33799999999999,-6.1625302164579345
115.339,-6.160235112465335
115.34,-6.1579347142522813
115.34099999999999,-6.1556290335800359
115.342,-6.1533180822270017
115.343,-6.1510018719886501
115.34399999999999,-6.1486804146774796
115.345,-6.1463537221229485
115.346,-6.1440218061714376
115.34699999999999,-6.1416846786861861
115.348,-6.1393423515472252
115.349,-6.1369948366513611
115.34999999999999,-6.1346421459120819
115.351,-6.1322842912595155
115.352,-6.1299212846403961
115.35299999999999,-6.1275531380179773
115.354,-6.1251798633719883
115.355,-6.1228014726985878
115.35599999999999,-6.1204179780103134
115.357,-6.118029391336
115.358,-6.1156357247207431
115.35899999999999,-6.1132369902258548
115.36,-6.110833199928777
115.361,-6.1084243659230442
115.36199999999999,-6.1060105003182459
115.363,-6.103591615239929
115.364,-6.101167722829568
115.36499999999999,-6.0987388352445144
115.366,-6.0963049646579215
115.367,-6.0938661232586915
115.36799999999999,-6.0914223232514404
115.369,-6.0889735768564108
115.37,-6.0865198963094347
115.371,-6.084061293861863
115.372,-6.0815977817805322
115.373,-6.0791293723476763
115.374,-6.0766560778608785
115.375,-6.0741779106330434
115.376,-6.0716948829922961
115.377,-6.0692070072819408
115.378,-6.0667142958604181
115.379,-6.0642167611012265
115.38,-6.0617144153928715
115.381,-6.0592072711388134
115.38200000000001,-6.0566953407573969
115.383,-6.0541786366818018
115.384,-6.0516571713599712
115.38500000000001,-6.0491309572545866
115.386,-6.0466000068429597
115.387,-6.0440643326170065
115.38800000000001,-6.041523947083193
115.389,-6.0389788627624474
115.39,-6.0364290921901134
115.39100000000001,-6.0338746479159164
115.392,-6.0313155425038563
115.393,-6.0287517885321789
115.39400000000001,-6.0261833985933251
115.395,-6.0236103852938312
115.396,-6.0210327612543031
115.39700000000001,-6.018450539109355
115.398,-6.0158637315075252
115.399,-6.013272351111234
115.40000000000001,-6.0106764105967141
115.401,-6.0080759226539717
115.402,-6.0054708999866895
115.40300000000001,-6.0028613553121879
115.404,-6.0002473013613686
115.405,-5.997628750878639
115.40600000000001,-5.9950057166218524
115.407,-5.9923782113622632
115.408,-5.9897462478844412
115.40900000000001,-5.9871098389862212
115.41,-5.9844689974786576
115.411,-5.9818237361859268
115.41200000000001,-5.9791740679452845
115.413,-5.976520005607024
115.414,-5.9738615620343758
115.41499999999999,-5.9711987501034605
115.416,-5.9685315827032319
115.417,-5.9658600727354241
115.41800000000001,-5.9631842331144549
115.419,-5.9605040767673865
115.42,-5.9578196166338726
115.42099999999999,-5.9551308656660682
115.422,-5.9524378368285769
115.423,-5.9497405430984056
115.42400000000001,-5.9470389974648725
115.425,-5.9443332129295516
115.426,-5.9416232025062365
115.42699999999999,-5.9389089792208267
115.428,-5.9361905561113035
115.429,-5.9334679462276592
115.43000000000001,-5.9307411626318105
115.431,-5.9280102183975627
115.432,-5.9252751266105204
115.43299999999999,-5.9225359003680538
115.434,-5.9197925527791959
115.435,-5.917045096964606
115.43600000000001,-5.9142935460565029
115.437,-5.9115379131985781
115.438,-5.9087782115459513
115.43899999999999,-5.9060144542651081
115.44,-5.9032466545338123
115.441,-5.900474825541056
115.44200000000001,-5.8976989804870046
115.443,-5.8949191325829036
115.444,-5.8921352950510304
115.44499999999999,-5.8893474811246369
115.446,-5.8865557040478604
115.447,-5.8837599770756679
115.44800000000001,-5.8809603134737971
115.449,-5.8781567265186876
115.45,-5.8753492294974041
115.45099999999999,-5.872537835707571
115.452,-5.8697225584573332
115.453,-5.8669034110652456
115.45400000000001,-5.8640804068602348
115.455,-5.8612535591815318
115.456,-5.858422881378595
115.45699999999999,-5.8555883868110357
115.458,-5.8527500888485857
115.459,-5.8499080008709878
115.46000000000001,-5.8470621362679438
115.461,-5.8442125084390684
115.462,-5.8413591307937844
115.46299999999999,-5.838502016751284
115.464,-5.8356411797404393
115.465,-5.8327766331997628
115.46599999999999,-5.8299083905773079
115.467,-5.8270364653306128
115.468,-5.8241608709266472
115.46899999999999,-5.8212816208417202
115.47,-5.8183987285614212
115.471,-5.8155122075805625
115.47199999999999,-5.8126220714030952
115.473,-5.8097283335420364
115.474,-5.8068310075194267
115.47499999999999,-5.8039301068662352
115.476,-5.8010256451222926
115.477,-5.798117635836249
115.47799999999999,-5.7952060925654667
115.479,-5.7922910288759732
115.48,-5.7893724583423856
115.48099999999999,-5.7864503945478551
115.482,-5.7835248510839721
115.483,-5.7805958415507082
115.48399999999999,-5.7776633795563637
115.485,-5.7747274787174661
115.486,-5.7717881526587158
115.48699999999999,-5.7688454150129322
115.488,-5.7658992794209514
115.489,-5.7629497595315735
115.48999999999999,-5.7599968690015029
115.491,-5.7570406214952543
115.492,-5.7540810306850885
115.49299999999999,-5.7511181102509692
115.494,-5.7481518738804507
115.495,-5.7451823352686304
115.496,-5.742209508118072
115.497,-5.7392334061387515
115.498,-5.7362540430479543
115.499,-5.7332714325702234
115.5,-5.730285588437301
115.501,-5.7272965243880263
115.502,-5.7243042541682803
115.503,-5.7213087915309266
115.504,-5.7183101502357232
115.505,-5.71530834404924
115.506,-5.7123033867448294
115.50700000000001,-5.7092952921025111
115.508,-5.7062840739089129
115.509,-5.7032697459572077
115.51000000000001,-5.7002523220470493
115.511,-5.6972318159844688
115.512,-5.694208241581828
115.51300000000001,-5.691181612657747
115.514,-5.6881519430370204
115.515,-5.6851192465505429
115.51600000000001,-5.682083537035262
115.517,-5.6790448283340709
115.518,-5.6760031342957546
115.51900000000001,-5.6729584687749304
115.52,-5.6699108456319447
115.521,-5.6668602787328162
115.52200000000001,-5.6638067819491758
115.523,-5.6607503691581682
115.524,-5.6576910542423926
115.52500000000001,-5.6546288510898268
115.526,-5.6515637735937716
115.527,-5.6484958356527413
115.52800000000001,-5.6454250511704167
115.529,-5.6423514340555769
115.53,-5.6392749982220041
115.53100000000001,-5.6361957575884132
115.532,-5.6331137260784123
115.533,-5.630028917620379
115.53400000000001,-5.6269413461474143
115.535,-5.62385102559728
115.536,-5.6207579699122947
115.53700000000001,-5.6176621930392789
115.538,-5.6145637089294889
115.539,-5.6114625315385176
115.53999999999999,-5.608358674826242
115.541,-5.6052521527567372
115.542,-5.6021429792982165
115.54300000000001,-5.5990311684229388
115.544,-5.5959167341071439
115.545,-5.5927996903309873
115.54599999999999,-5.5896800510784468
115.547,-5.5865578303372541
115.548,-5.5834330420988438
115.54900000000001,-5.5803057003582346
115.55,-5.5771758191139886
115.551,-5.574043412368141
115.55199999999999,-5.5709084941260922
115.553,-5.5677710783965573
115.554,-5.5646311791914975
115.55500000000001,-5.5614888105260265
115.556,-5.5583439864183424
115.557,-5.5551967208896507
115.55799999999999,-5.5520470279641083
115.559,-5.5488949216687216
115.56,-5.5457404160332793
115.56100000000001,-5.5425835250902935
115.562,-5.5394242628749035
115.563,-5.5362626434248048
115.56399999999999,-5.5330986807801947
115.565,-5.529932388983668
115.566,-5.5267637820801507
115.56700000000001,-5.5235928741168463
115.568,-5.5204196791431253
115.569,-5.5172442112104685
115.56999999999999,-5.514066484372405
115.571,-5.5108865126844062
115.572,-5.5077043102038328
115.57300000000001,-5.5045198909898456
115.574,-5.5013332691033527
115.575,-5.4981444586069017
115.57599999999999,-5.4949534735646193
115.577,-5.4917603280421545
115.578,-5.4885650361065697
115.57900000000001,-5.485367611826276
115.58,-5.4821680692709798
115.581,-5.478966422511574
115.58199999999999,-5.4757626856200732
115.583,-5.4725568726695624
115.584,-5.4693489977340786
115.58500000000001,-5.4661390748885585
115.586,-5.4629271182087784
115.587,-5.4597131417712426
115.58799999999999,-5.4564971596531251
115.589,-5.4532791859321952
115.59,-5.4500592346867549
115.59099999999999,-5.4468373199955247
115.592,-5.4436134559375962
115.593,-5.4403876565923639
115.59399999999999,-5.4371599360394161
115.595,-5.4339303083584847
115.596,-5.4306987876293693
115.59699999999999,-5.4274653879318402
115.598,-5.4242301233455787
115.599,-5.4209930079501083
115.59999999999999,-5.4177540558246946
115.601,-5.4145132810482819
115.602,-5.4112706976994271
115.60299999999999,-5.4080263198562051
115.604,-5.4047801615961388
115.605,-5.401532236996121
115.60599999999999,-5.3982825601323601
115.607,-5.3950311450802628
115.608,-5.3917780059143832
115.60899999999999,-5.3885231567083549
115.61,-5.3852666115347914
115.611,-5.3820083844652151
115.61199999999999,-5.3787484895700057
115.613,-5.3754869409182851
115.614,-5.3722237525778604
115.61499999999999,-5.3689589386151626
115.616,-5.3656925130951407
115.617,-5.3624244900811924
115.61799999999999,-5.3591548836351146
115.619,-5.3558837078169876
115.62,-5.3526109766851233
115.621,-5.3493367042959772
115.622,-5.3460609047040872
115.623,-5.3427835919619762
115.624,-5.339504780120083
115.625,-5.3362244832267081
115.626,-5.332942715327893
115.627,-5.3296594904673755
115.628,-5.3263748226865175
115.629,-5.3230887260242019
115.63,-5.3198012145167697
115.631,-5.3165123021979577
115.63200000000001,-5.3132220030987991
115.633,-5.3099303312475525
115.634,-5.3066373006696281
115.63500000000001,-5.3033429253875273
115.636,-5.3000472194207342
115.637,-5.2967501967856538
115.63800000000001,-5.2934518714955541
115.639,-5.2901522575604574
115.64,-5.2868513689870742
115.64100000000001,-5.2835492197787524
115.642,-5.280245823935358
115.643,-5.2769411954532233
115.64400000000001,-5.2736353483250813
115.645,-5.270328296539958
115.646,-5.2670200540831145
115.64700000000001,-5.2637106349359826
115.648,-5.2604000530760571
115.649,-5.2570883224768439
115.65000000000001,-5.2537754571077686
115.651,-5.2504614709341233
115.652,-5.2471463779169598
115.65300000000001,-5.2438301920130241
115.654,-5.2405129271747031
115.655,-5.2371945973499088
115.65600000000001,-5.2338752164820237
115.657,-5.2305547985098375
115.658,-5.2272333573674352
115.65900000000001,-5.2239109069841474
115.66,-5.2205874612844783
115.661,-5.2172630341880053
115.66200000000001,-5.2139376396093136
115.663,-5.2106112914579379
115.664,-5.2072840036382573
115.66499999999999,-5.2039557900494344
115.666,-5.2006266645853305
115.667,-5.1972966411344537
115.66800000000001,-5.1939657335798515
115.669,-5.1906339557990391
115.67,-5.1873013216639565
115.67099999999999,-5.1839678450408462
115.672,-5.1806335397902012
115.673,-5.1772984197667018
115.67400000000001,-5.1739624988191091
115.675,-5.1706257907902016
115.676,-5.167288309516719
115.67699999999999,-5.1639500688292568
115.678,-5.1606110825521947
115.679,-5.1572713645036528
115.68000000000001,-5.1539309284953667
115.681,-5.150589788332649
115.682,-5.1472479578142947
115.68299999999999,-5.1439054507325226
115.684,-5.1405622808728797
115.685,-5.1372184620141663
115.68600000000001,-5.1338740079283935
115.687,-5.1305289323806615
115.688,-5.1271832491291036
115.68899999999999,-5.1238369719248329
115.69,-5.1204901145118251
115.691,-5.1171426906268671
115.69200000000001,-5.1137947139994928
115.693,-5.1104461983518803
115.694,-5.1070971573987816
115.69499999999999,-5.1037476048474835
115.696,-5.1003975543976763
115.697,-5.0970470197414182
115.69800000000001,-5.093696014563041
115.699,-5.0903445525390962
115.7,-5.0869926473382554
115.70099999999999,-5.0836403126212373
115.702,-5.0802875620407617
115.703,-5.0769344092414386
115.70400000000001,-5.0735808678597065
115.705,-5.0702269515237761
115.706,-5.0668726738535215
115.70699999999999,-5.0635180484604216
115.708,-5.0601630889475091
115.709,-5.0568078089092472
115.71000000000001,-5.0534522219314857
115.711,-5.0500963415913995
115.712,-5.0467401814573778
115.71299999999999,-5.0433837550889669
115.714,-5.040027076036802
115.715,-5.0366701578425346
115.71599999999999,-5.0333130140387414
115.717,-5.0299556581488529
115.718,-5.0265981036871059
115.71899999999999,-5.0232403641584318
115.72,-5.0198824530583996
115.721,-5.0165243838731577
115.72199999999999,-5.0131661700793266
115.723,-5.0098078251439437
115.724,-5.0064493625244015
115.72499999999999,-5.0030907956683501
115.726,-4.9997321380136235
115.727,-4.9963734029882012
115.72799999999999,-4.993014604010086
115.729,-4.9896557544872628
115.73,-4.9862968678176074
115.73099999999999,-4.9829379573888373
115.732,-4.9795790365784063
115.733,-4.9762201187534458
115.73399999999999,-4.9728612172707107
115.735,-4.9695023454764682
115.736,-4.9661435167064427
115.73699999999999,-4.9627847442857682
115.738,-4.9594260415288645
115.739,-4.9560674217393936
115.73999999999999,-4.9527088982102034
115.741,-4.9493504842232152
115.742,-4.9459921930493689
115.74299999999999,-4.9426340379485714
115.744,-4.9392760321695865
115.745,-4.9359181889499864
115.746,-4.9325605215160628
115.747,-4.9292030430827856
115.748,-4.9258457668536888
115.749,-4.92248870602082
115.75,-4.9191318737646847
115.751,-4.915775283254133
115.752,-4.9124189476463149
115.753,-4.9090628800866174
115.754,-4.9057070937085614
115.755,-4.9023516016337476
115.756,-4.8989964169718005
115.75700000000001,-4.895641552820261
115.758,-4.8922870222645383
115.759,-4.8889328383778263
115.76000000000001,-4.8855790142210616
115.761,-4.8822255628428035
115.762,-4.8788724972791924
115.76300000000001,-4.8755198305538894
115.764,-4.8721675756779712
115.765,-4.8688157456498811
115.76600000000001,-4.865464353455363
115.767,-4.8621134120673721
115.768,-4.8587629344460064
115.76900000000001,-4.8554129335384602
115.77,-4.8520634222789196
115.771,-4.8487144135885041
115.77200000000001,-4.8453659203752188
115.773,-4.8420179555338425
115.774,-4.8386705319458851
115.77500000000001,-4.8353236624795031
115.776,-4.831977359989458
115.777,-4.8286316373170015
115.77800000000001,-4.8252865072898299
115.779,-4.8219419827220271
115.78,-4.818598076413962
115.78100000000001,-4.8152548011522374
115.782,-4.8119121697096352
115.783,-4.8085701948450064
115.78400000000001,-4.8052288893032333
115.785,-4.8018882658151574
115.786,-4.7985483370974942
115.78700000000001,-4.7952091158527672
115.788,-4.7918706147692651
115.789,-4.7885328465209298
115.78999999999999,-4.7851958237673129
115.791,-4.781859559153502
115.792,-4.7785240653100605
115.79300000000001,-4.7751893548529383
115.794,-4.7718554403834101
115.795,-4.7685223344880283
115.79599999999999,-4.7651900497385187
115.797,-4.7618585986917292
115.798,-4.7585279938895786
115.79900000000001,-4.7551982478589512
115.8,-4.7518693731116493
115.801,-4.7485413821443405
115.80199999999999,-4.7452142874384533
115.803,-4.7418881014601268
115.804,-4.7385628366601633
115.80500000000001,-4.7352385054739194
115.806,-4.7319151203212702
115.807,-4.7285926936065161
115.80799999999999,-4.7252712377183537
115.809,-4.7219507650297627
115.81,-4.7186312878979564
115.81100000000001,-4.7153128186643407
115.812,-4.7119953696544021
115.813,-4.7086789531776576
115.81399999999999,-4.7053635815276129
115.815,-4.702049266981656
115.816,-4.6987360218010039
115.81700000000001,-4.6954238582306598
115.818,-4.6921127884993039
115.819,-4.6888028248192555
115.81999999999999,-4.6854939793864068
115.821,-4.6821862643801415
115.822,-4.6788796919632754
115.82300000000001,-4.675574274281983
115.824,-4.6722700234657584
115.825,-4.6689669516273105
115.82599999999999,-4.6656650708625174
115.827,-4.6623643932503711
115.828,-4.6590649308528853
115.82900000000001,-4.655766695715041
115.83,-4.6524696998647412
115.831,-4.6491739553127065
115.83199999999999,-4.6458794740524354
115.833,-4.6425862680601444
115.834,-4.6392943492946781
115.83500000000001,-4.6360037296974568
115.836,-4.6327144211924249
115.837,-4.6294264356859625
115.83799999999999,-4.6261397850668313
115.839,-4.6228544812061045
115.84,-4.6195705359571262
115.84099999999999,-4.6162879611554049
115.842,-4.6130067686185754
115.843,-4.6097269701463484
115.84399999999999,-4.6064485775204052
115.845,-4.6031716025043599
115.846,-4.5998960568437051
115.84699999999999,-4.596621952265723
115.848,-4.5933493004794279
115.849,-4.5900781131755242
115.84999999999999,-4.586808402026306
115.851,-4.5835401786856194
115.852,-4.5802734547888022
115.85299999999999,-4.5770082419525959
115.854,-4.5737445517751052
115.855,-4.5704823958357128
115.85599999999999,-4.5672217856950557
115.857,-4.5639627328949146
115.858,-4.5607052489581719
115.85899999999999,-4.5574493453887674
115.86,-4.5541950336716006
115.861,-4.5509423252724837
115.86199999999999,-4.5476912316380975
115.863,-4.5444417641958967
115.864,-4.5411939343540597
115.86499999999999,-4.5379477535014461
115.866,-4.5347032330074999
115.867,-4.5314603842222079
115.86799999999999,-4.5282192184760515
115.869,-4.5249797470799047
115.87,-4.521741981325011
115.871,-4.5185059324828929
115.872,-4.5152716118053267
115.873,-4.512039030524237
115.874,-4.5088081998516598
115.875,-4.5055791309796911
115.876,-4.5023518350804013
115.877,-4.4991263233057799
115.878,-4.495902606787701
115.879,-4.492680696637823
115.88,-4.4894606039475482
115.881,-4.4862423397879789
115.88200000000001,-4.4830259152098133
115.883,-4.4798113412433285
115.884,-4.4765986288982873
115.88500000000001,-4.4733877891639109
115.886,-4.4701788330087888
115.887,-4.466971771380825
115.88800000000001,-4.4637666152072049
115.889,-4.4605633753942939
115.89,-4.4573620628276025
115.89100000000001,-4.454162688371734
115.892,-4.4509652628703016
115.893,-4.4477697971458783
115.89400000000001,-4.4445763019999607
115.895,-4.4413847882128668
115.896,-4.4381952665437066
115.89700000000001,-4.4350077477303262
115.898,-4.4318222424892273
115.899,-4.4286387615155247
115.90000000000001,-4.4254573154828769
115.901,-4.4222779150434501
115.902,-4.4191005708278306
115.90300000000001,-4.4159252934449729
115.904,-4.4127520934821716
115.905,-4.4095809815049627
115.90600000000001,-4.4064119680570766
115.907,-4.4032450636604086
115.908,-4.4000802788149223
115.90900000000001,-4.3969176239986094
115.91,-4.3937571096674422
115.911,-4.3905987462552982
115.91200000000001,-4.3874425441739016
115.913,-4.3842885138127974
115.914,-4.3811366655392501
115.91499999999999,-4.3779870096982183
115.916,-4.3748395566122786
115.917,-4.3716943165815945
115.91800000000001,-4.368551299883829
115.919,-4.3654105167741006
115.92,-4.3622719774849461
115.92099999999999,-4.3591356922262277
115.922,-4.3560016711850977
115.923,-4.3528699245259563
115.92400000000001,-4.349740462390363
115.925,-4.346613294896998
115.926,-4.3434884321416218
115.92699999999999,-4.3403658841969843
115.928,-4.3372456611127941
115.929,-4.334127772915668
115.93000000000001,-4.331012229609053
115.931,-4.3278990411731861
115.932,-4.3247882175650298
115.93299999999999,-4.3216797687182442
115.934,-4.3185737045430868
115.935,-4.3154700349263893
115.93600000000001,-4.312368769731509
115.937,-4.3092699187982468
115.938,-4.306173491942805
115.93899999999999,-4.3030794989577474
115.94,-4.2999879496119258
115.941,-4.2968988536504211
115.94200000000001,-4.2938122207945275
115.943,-4.290728060741646
115.944,-4.2876463831652627
115.94499999999999,-4.2845671977149031
115.946,-4.2814905140160455
115.947,-4.2784163416700922
115.94800000000001,-4.2753446902543102
115.949,-4.2722755693217849
115.95,-4.2692089884013491
115.95099999999999,-4.2661449569975387
115.952,-4.2630834845905579
115.953,-4.2600245806361974
115.95400000000001,-4.2569682545657859
115.955,-4.253914515786172
115.956,-4.2508633736796195
115.95699999999999,-4.2478148376037907
115.958,-4.2447689168916938
115.959,-4.2417256208516072
115.96000000000001,-4.2386849587670454
115.961,-4.2356469398967107
115.962,-4.2326115734744274
115.96299999999999,-4.2295788687090958
115.964,-4.2265488347846372
115.965,-4.2235214808599659
115.96599999999999,-4.2204968160688958
115.967,-4.2174748495201175
115.968,-4.2144555902971552
115.96899999999999,-4.2114390474582866
115.97,-4.2084252300365064
115.971,-4.205414147039491
115.97199999999999,-4.2024058074495185
115.973,-4.1994002202234313
115.974,-4.1963973942926058
115.97499999999999,-4.1933973385628613
115.976,-4.1904000619144366
115.977,-4.1874055732019464
115.97799999999999,-4.1844138812543052
115.979,-4.1814249948746971
115.98,-4.178438922840515
115.98099999999999,-4.1754556739033291
115.982,-4.1724752567888119
115.983,-4.1694976801966996
115.98399999999999,-4.1665229528007606
115.985,-4.1635510832487093
115.986,-4.1605820801621833
115.98699999999999,-4.1576159521367035
115.988,-4.1546527077415876
115.989,-4.1516923555199297
115.98999999999999,-4.1487349039885606
115.991,-4.1457803616379625
115.992,-4.1428287369322492
115.99299999999999,-4.139880038309121
115.994,-4.1369342741797901
115.995,-4.1339914529289539
115.996,-4.1310515829147372
115.997,-4.1281146724686604
115.998,-4.1251807298955638
115.999,-4.1222497634735795
116,-4.1193217814540883
116.001,-4.11639679206165
116.002,-4.1134748034939701
116.003,-4.1105558239218665
116.004,-4.1076398614891891
116.005,-4.1047269243127964
116.006,-4.1018170204825104
116.00700000000001,-4.0989101580610523
116.008,-4.0960063450840085
116.009,-4.0931055895597765
116.01000000000001,-4.0902078994695366
116.011,-4.0873132827671776
116.012,-4.0844217473792623
116.01300000000001,-4.0815333012050026
116.014,-4.0786479521161736
116.015,-4.0757657079570917
116.01600000000001,-4.0728865765445779
116.017,-4.0700105656678831
116.018,-4.0671376830886636
116.01900000000001,-4.0642679365409391
116.02,-4.0614013337310242
116.021,-4.058537882337502
116.02200000000001,-4.0556775900111832
116.023,-4.0528204643750394
116.024,-4.0499665130241747
116.02500000000001,-4.0471157435257696
116.026,-4.0442681634190638
116.027,-4.0414237802152702
116.02800000000001,-4.0385826013975485
116.029,-4.0357446344209871
116.03,-4.0329098867125079
116.03100000000001,-4.0300783656708576
116.032,-4.0272500786665679
116.033,-4.0244250330418758
116.03400000000001,-4.021603236110713
116.035,-4.0187846951586579
116.036,-4.0159694174428724
116.03700000000001,-4.0131574101920702
116.038,-4.0103486806064872
116.039,-4.0075432358578151
116.03999999999999,-4.004741083089165
116.041,-4.001942229415028
116.042,-3.9991466819212427
116.04300000000001,-3.9963544476649266
116.044,-3.993565533674448
116.045,-3.9907799469493916
116.04599999999999,-3.9879976944604998
116.047,-3.9852187831496302
116.048,-3.9824432199297375
116.04900000000001,-3.9796710116848004
116.05,-3.9769021652697889
116.051,-3.9741366875106419
116.05199999999999,-3.9713745852041926
116.053,-3.9686158651181467
116.054,-3.9658605339910489
116.05500000000001,-3.9631085985322123
116.056,-3.9603600654217068
116.057,-3.9576149413102879
116.05799999999999,-3.9548732328193958
116.059,-3.9521349465410713
116.06,-3.9494000890379368
116.06100000000001,-3.946668666843161
116.062,-3.9439406864604019
116.063,-3.9412161543637678
116.06399999999999,-3.9384950769977989
116.065,-3.9357774607773912
116.066,-3.9330633120877811
116.06700000000001,-3.9303526372845079
116.068,-3.9276454426933505
116.069,-3.9249417346103046
116.06999999999999,-3.9222415193015454
116.071,-3.9195448030033724
116.072,-3.9168515919221809
116.07300000000001,-3.9141618922344197
116.074,-3.9114757100865569
116.075,-3.9087930515950262
116.07599999999999,-3.9061139228461945
116.077,-3.90343832989634
116.078,-3.9007662787715791
116.07900000000001,-3.898097775467849
116.08,-3.8954328259508779
116.081,-3.8927714361561181
116.08199999999999,-3.890113611988725
116.083,-3.8874593593235254
116.084,-3.8848086840049607
116.08500000000001,-3.8821615918470522
116.086,-3.879518088633386
116.087,-3.8768781801170382
116.08799999999999,-3.8742418720205647
116.089,-3.8716091700359412
116.09,-3.8689800798245599
116.09099999999999,-3.8663546070171497
116.092,-3.8637327572137607
116.093,-3.8611145359837371
116.09399999999999,-3.8584999488656537
116.095,-3.8558890013672888
116.096,-3.853281698965608
116.09699999999999,-3.850678047106693
116.098,-3.8480780512057162
116.099,-3.8454817166469271
116.09999999999999,-3.8428890487835776
116.101,-3.8403000529379101
116.102,-3.837714734401124
116.10299999999999,-3.8351330984333174
116.104,-3.832555150263464
116.105,-3.8299808950893786
116.10599999999999,-3.8274103380776827
116.107,-3.8248434843637611
116.108,-3.8222803390517202
116.10899999999999,-3.8197209072143767
116.11,-3.8171651938931959
116.111,-3.8146132040982597
116.11199999999999,-3.8120649428082549
116.113,-3.8095204149704101
116.114,-3.8069796255004604
116.11499999999999,-3.8044425792826457
116.116,-3.8019092811696353
116.117,-3.7993797359825079
116.11799999999999,-3.7968539485107353
116.119,-3.7943319235121162
116.12,-3.7918136657127581
116.121,-3.7892991798070419
116.122,-3.7867884704575951
116.123,-3.7842815422952398
116.124,-3.7817783999189629
116.125,-3.7792790478959031
116.126,-3.7767834907612867
116.127,-3.7742917330184058
116.128,-3.7718037791385983
116.129,-3.7693196335611967
116.13,-3.7668393006934879
116.131,-3.7643627849107126
116.13200000000001,-3.7618900905559967
116.133,-3.7594212219403342
116.134,-3.7569561833425507
116.13500000000001,-3.7544949790092836
116.136,-3.752037613154922
116.137,-3.7495840899615942
116.13800000000001,-3.747134413579138
116.139,-3.7446885881250518
116.14,-3.7422466176844651
116.14100000000001,-3.7398085063101281
116.142,-3.737374258022351
116.143,-3.7349438768089787
116.14400000000001,-3.7325173666253821
116.145,-3.7300947313943889
116.146,-3.7276759750062762
116.14700000000001,-3.7252611013187442
116.148,-3.722850114156854
116.149,-3.7204430173130332
116.15000000000001,-3.7180398145470095
116.151,-3.7156405095858185
116.152,-3.7132451061237335
116.15300000000001,-3.7108536078222532
116.154,-3.7084660183100819
116.155,-3.7060823411830723
116.15600000000001,-3.7037025800042098
116.157,-3.7013267383035915
116.158,-3.6989548195783755
116.15900000000001,-3.6965868272927578
116.16,-3.6942227648779529
116.161,-3.6918626357321465
116.16200000000001,-3.6895064432204743
116.163,-3.6871541906750007
116.164,-3.6848058813946682
116.16499999999999,-3.6824615186452823
116.166,-3.6801211056594774
116.167,-3.677784645636696
116.16800000000001,-3.6754521417431434
116.169,-3.6731235971117639
116.17,-3.670799014842232
116.17099999999999,-3.668478398000885
116.172,-3.6661617496207217
116.173,-3.6638490727013755
116.17400000000001,-3.6615403702090665
116.175,-3.6592356450765804
116.176,-3.6569349002032583
116.17699999999999,-3.6546381384549371
116.178,-3.6523453626639402
116.179,-3.6500565756290562
116.18000000000001,-3.6477717801154874
116.181,-3.6454909788548417
116.182,-3.643214174545093
116.18299999999999,-3.6409413698505686
116.184,-3.6386725674019003
116.185,-3.6364077697960111
116.18600000000001,-3.6341469795960935
116.187,-3.6318901993315635
116.188,-3.6296374314980397
116.18899999999999,-3.6273886785573359
116.19,-3.6251439429374068
116.191,-3.6229032270323307
116.19200000000001,-3.6206665332022951
116.193,-3.6184338637735496
116.194,-3.6162052210383901
116.19499999999999,-3.6139806072551428
116.196,-3.6117600246481163
116.197,-3.6095434754075879
116.19800000000001,-3.6073309616897729
116.199,-3.6051224856168154
116.2,-3.6029180492767332
116.20099999999999,-3.6007176547234105
116.202,-3.5985213039765798
116.203,-3.5963289990217731
116.20400000000001,-3.5941407418103148
116.205,-3.5919565342592974
116.206,-3.5897763782515395
116.20699999999999,-3.5876002756355732
116.208,-3.5854282282256289
116.209,-3.5832602378015874
116.21000000000001,-3.5810963061089636
116.211,-3.5789364348589037
116.212,-3.5767806257281261
116.21299999999999,-3.5746288803589183
116.214,-3.5724812003591055
116.215,-3.5703375873020358
116.21599999999999,-3.5681980427265461
116.217,-3.5660625681369336
116.218,-3.5639311650029555
116.21899999999999,-3.5618038347597776
116.22,-3.5596805788079657
116.221,-3.557561398513466
116.22199999999999,-3.5554462952075689
116.223,-3.553335270186889
116.224,-3.551228324713362
116.22499999999999,-3.5491254600141873
116.226,-3.5470266772818313
116.227,-3.5449319776740023
116.22799999999999,-3.5428413623136104
116.229,-3.5407548322887679
116.23,-3.5386723886527451
116.23099999999999,-3.5365940324239755
116.232,-3.5345197645860051
116.233,-3.5324495860874836
116.23399999999999,-3.5303834978421498
116.235,-3.5283215007287976
116.236,-3.5262635955912516
116.23699999999999,-3.5242097832383674
116.238,-3.5221600644439879
116.239,-3.5201144399469233
116.23999999999999,-3.5180729104509574
116.241,-3.5160354766247841
116.242,-3.5140021391020158
116.24299999999999,-3.5119728984811638
116.244,-3.5099477553255998
116.245,-3.507926710163547
116.246,-3.5059097634880554
116.247,-3.5038969157569935
116.248,-3.5018881673930076
116.249,-3.4998835187835158
116.25,-3.4978829702806906
116.251,-3.495886522201427
116.252,-3.49389417482733
116.253,-3.4919059284047025
116.254,-3.4899217831445073
116.255,-3.4879417392223613
116.256,-3.4859657967785247
116.25700000000001,-3.4839939559178577
116.258,-3.4820262167098197
116.259,-3.4800625791884432
116.26000000000001,-3.4781030433523248
116.261,-3.4761476091645953
116.262,-3.4741962765529042
116.26300000000001,-3.4722490454094079
116.264,-3.4703059155907434
116.265,-3.4683668869180089
116.26600000000001,-3.4664319591767643
116.267,-3.4645011321169861
116.268,-3.4625744054530694
116.26900000000001,-3.4606517788638067
116.27,-3.458733251992367
116.271,-3.4568188244462736
116.27200000000001,-3.4549084957974077
116.273,-3.4530022655819614
116.274,-3.4511001333004496
116.27500000000001,-3.4492020984176661
116.276,-3.4473081603627005
116.277,-3.4454183185288865
116.27800000000001,-3.4435325722738046
116.279,-3.4416509209192743
116.28,-3.4397733637513102
116.28100000000001,-3.4378999000201316
116.282,-3.4360305289401398
116.283,-3.4341652496898964
116.28400000000001,-3.4323040614121059
116.285,-3.4304469632136247
116.286,-3.4285939541654056
116.28700000000001,-3.4267450333025153
116.288,-3.4249001996241106
116.289,-3.4230594520934177
116.28999999999999,-3.4212227896377168
116.291,-3.419390211148337
116.292,-3.4175617154806388
116.29300000000001,-3.4157373014539942
116.294,-3.4139169678517716
116.295,-3.4121007134213373
116.29599999999999,-3.4102885368740221
116.297,-3.4084804368851116
116.298,-3.4066764120938489
116.29900000000001,-3.4048764611034001
116.3,-3.4030805824808494
116.301,-3.4012887747571918
116.30199999999999,-3.3995010364273108
116.303,-3.3977173659499629
116.304,-3.3959377617477844
116.30500000000001,-3.3941622222072541
116.306,-3.3923907456786933
116.307,-3.3906233304762496
116.30799999999999,-3.388859974877898
116.309,-3.3871006771254057
116.31,-3.3853454354243309
116.31100000000001,-3.383594247944024
116.312,-3.3818471128175909
116.313,-3.3801040281418997
116.31399999999999,-3.3783649919775649
116.315,-3.3766300023489344
116.316,-3.3748990572440705
116.31700000000001,-3.3731721546147608
116.318,-3.3714492923764841
116.319,-3.3697304684084104
116.31999999999999,-3.3680156805533943
116.321,-3.366304926617953
116.322,-3.3645982043722631
116.32300000000001,-3.3628955115501484
116.324,-3.3611968458490797
116.325,-3.3595022049301466
116.32599999999999,-3.3578115864180571
116.327,-3.3561249879011377
116.328,-3.3544424069313021
116.32900000000001,-3.3527638410240606
116.33,-3.3510892876585077
116.331,-3.3494187442773011
116.33199999999999,-3.3477522082866655
116.333,-3.3460896770563853
116.334,-3.3444311479197797
116.33500000000001,-3.3427766181737097
116.336,-3.341126085078574
116.337,-3.339479545858278
116.33799999999999,-3.3378369977002436
116.339,-3.3361984377553986
116.34,-3.3345638631381749
116.34099999999999,-3.3329332709264814
116.342,-3.3313066581617128
116.343,-3.3296840218487467
116.34399999999999,-3.3280653589559162
116.345,-3.3264506664150186
116.346,-3.3248399411213136
116.34699999999999,-3.3232331799334958
116.348,-3.3216303796737021
116.349,-3.3200315371275124
116.34999999999999,-3.3184366490439245
116.351,-3.3168457121353585
116.352,-3.3152587230776605
116.35299999999999,-3.3136756785100743
116.354,-3.3120965750352553
116.355,-3.3105214092192488
116.35599999999999,-3.3089501775915089
116.357,-3.3073828766448643
116.358,-3.3058195028355293
116.35899999999999,-3.3042600525831034
116.36,-3.302704522270556
116.361,-3.301152908244219
116.36199999999999,-3.2996052068138004
116.363,-3.2980614142523628
116.364,-3.2965215267963197
116.36499999999999,-3.2949855406454502
116.366,-3.2934534519628715
116.367,-3.2919252568750466
116.36799999999999,-3.2904009514717871
116.369,-3.288880531806234
116.37,-3.2873639938948704
116.371,-3.2858513337175035
116.372,-3.2843425472172805
116.373,-3.2828376303006661
116.374,-3.2813365788374513
116.375,-3.2798393886607524
116.376,-3.2783460555670008
116.377,-3.2768565753159455
116.378,-3.2753709436306546
116.379,-3.2738891561975079
116.38,-3.2724112086661941
116.381,-3.2709370966497198
116.38200000000001,-3.269466815724396
116.383,-3.2680003614298427
116.384,-3.2665377292689861
116.38500000000001,-3.2650789147080679
116.386,-3.2636239131766258
116.387,-3.2621727200675048
116.38800000000001,-3.2607253307368635
116.389,-3.2592817405041568
116.39,-3.2578419446521476
116.39100000000001,-3.2564059384269122
116.392,-3.2549737170378208
116.393,-3.2535452756575571
116.39400000000001,-3.2521206094221164
116.395,-3.2506997134307931
116.396,-3.2492825827461957
116.39700000000001,-3.2478692123942481
116.398,-3.2464595973641788
116.399,-3.2450537326085325
116.40000000000001,-3.2436516130431663
116.401,-3.2422532335472671
116.402,-3.2408585889633268
116.40300000000001,-3.2394676740971642
116.404,-3.238080483717928
116.405,-3.2366970125580847
116.40600000000001,-3.2353172553134297
116.407,-3.2339412066431041
116.408,-3.2325688611695726
116.40900000000001,-3.2312002134786368
116.41,-3.2298352581194525
116.411,-3.2284739896045123
116.41200000000001,-3.2271164024096577
116.413,-3.2257624909740912
116.414,-3.224412249700368
116.41499999999999,-3.2230656729544074
116.416,-3.2217227550654894
116.417,-3.2203834903262765
116.41800000000001,-3.2190478729927987
116.419,-3.2177158972844677
116.42,-3.2163875573840883
116.42099999999999,-3.2150628474378511
116.422,-3.2137417615553421
116.423,-3.2124242938095584
116.42400000000001,-3.2111104382369011
116.425,-3.2098001888371814
116.426,-3.2084935395736456
116.42699999999999,-3.2071904843729557
116.428,-3.2058910171252091
116.429,-3.2045951316839543
116.43000000000001,-3.2033028218661777
116.431,-3.2020140814523237
116.432,-3.2007289041862999
116.43299999999999,-3.1994472837754886
116.434,-3.198169213890746
116.435,-3.1968946881664118
116.43600000000001,-3.1956237002003252
116.437,-3.1943562435538264
116.438,-3.1930923117517622
116.43899999999999,-3.1918318982825054
116.44,-3.1905749965979524
116.441,-3.1893216001135372
116.44200000000001,-3.1880717022082417
116.443,-3.1868252962246069
116.444,-3.1855823754687291
116.44499999999999,-3.1843429332102917
116.446,-3.1831069626825568
116.447,-3.1818744570823818
116.44800000000001,-3.1806454095702299
116.449,-3.1794198132701847
116.45,-3.1781976612699507
116.45099999999999,-3.1769789466208715
116.452,-3.1757636623379448
116.453,-3.1745518013998231
116.45400000000001,-3.1733433567488274
116.455,-3.1721383212909715
116.456,-3.1709366878959573
116.45699999999999,-3.1697384493971921
116.458,-3.1685435985918118
116.459,-3.1673521282406747
116.46000000000001,-3.1661640310683841
116.461,-3.1649792997633095
116.462,-3.1637979269775807
116.46299999999999,-3.1626199053271145
116.464,-3.1614452273916229
116.465,-3.1602738857146369
116.46599999999999,-3.1591058728034982
116.467,-3.1579411811293929
116.468,-3.1567798031273671
116.46899999999999,-3.1556217311963199
116.47,-3.154466957699039
116.471,-3.1533154749622105
116.47199999999999,-3.1521672752764296
116.473,-3.1510223508962114
116.474,-3.1498806940400246
116.47499999999999,-3.1487422968902874
116.476,-3.1476071515933897
116.477,-3.1464752502597171
116.47799999999999,-3.1453465849636566
116.479,-3.1442211477436168
116.48,-3.1430989306020418
116.48099999999999,-3.1419799255054386
116.482,-3.1408641243843807
116.483,-3.1397515191335295
116.48399999999999,-3.1386421016116595
116.485,-3.1375358636416637
116.486,-3.1364327970105754
116.48699999999999,-3.1353328934695979
116.488,-3.1342361447341065
116.489,-3.1331425424836681
116.48999999999999,-3.132052078362078
116.491,-3.1309647439773562
116.492,-3.1298805309017763
116.49299999999999,-3.1287994306718927
116.494,-3.1277214347885427
116.495,-3.1266465347168824
116.496,-3.1255747218863941
116.497,-3.1245059876909185
116.498,-3.1234403234886639
116.499,-3.1223777206022323
116.5,-3.1213181703186441
116.501,-3.1202616638893459
116.502,-3.1192081925302473
116.503,-3.1181577474217335
116.504,-3.1171103197086873
116.505,-3.1160659005005127
116.506,-3.1150244808711585
116.50700000000001,-3.1139860518591362
116.508,-3.1129506044675455
116.509,-3.1119181296640956
116.51000000000001,-3.1108886183811344
116.511,-3.1098620615156589
116.512,-3.108838449929348
116.51300000000001,-3.1078177744485891
116.514,-3.1068000258644903
116.515,-3.1057851949329116
116.51600000000001,-3.1047732723744943
116.517,-3.1037642488746746
116.518,-3.1027581150837094
116.51900000000001,-3.1017548616167181
116.52,-3.1007544790536823
116.521,-3.0997569579394875
116.52200000000001,-3.0987622887839485
116.523,-3.0977704620618289
116.524,-3.0967814682128671
116.52500000000001,-3.0957952976418084
116.526,-3.0948119407184311
116.527,-3.0938313877775645
116.52800000000001,-3.0928536291191229
116.529,-3.0918786550081383
116.53,-3.0909064556747756
116.53100000000001,-3.0899370213143635
116.532,-3.0889703420874319
116.533,-3.0880064081197278
116.53400000000001,-3.0870452095022491
116.535,-3.0860867362912763
116.536,-3.0851309785083951
116.53700000000001,-3.0841779261405251
116.538,-3.0832275691399595
116.539,-3.0822798974243812
116.53999999999999,-3.0813349008769011
116.541,-3.0803925693460812
116.542,-3.0794528926459765
116.54300000000001,-3.0785158605561547
116.544,-3.0775814628217262
116.545,-3.0766496891533852
116.54599999999999,-3.0757205292274326
116.547,-3.0747939726858049
116.548,-3.0738700091361184
116.54900000000001,-3.0729486281516887
116.55,-3.0720298192715645
116.551,-3.0711135720005713
116.55199999999999,-3.0701998758093234
116.553,-3.0692887201342796
116.554,-3.0683800943777606
116.55500000000001,-3.0674739879079853
116.556,-3.0665703900591113
116.557,-3.0656692901312561
116.55799999999999,-3.0647706773905483
116.559,-3.0638745410691435
116.56,-3.0629808703652723
116.56100000000001,-3.0620896544432705
116.562,-3.0612008824336128
116.563,-3.060314543432948
116.56399999999999,-3.0594306265041391
116.565,-3.0585491206762949
116.566,-3.0576700149448035
116.56700000000001,-3.0567932982713808
116.568,-3.055918959584087
116.569,-3.0550469877773838
116.56999999999999,-3.054177371712159
116.571,-3.0533101002157692
116.572,-3.0524451620820705
116.57300000000001,-3.0515825460714665
116.574,-3.0507222409109427
116.575,-3.0498642352940966
116.57599999999999,-3.0490085178811857
116.577,-3.0481550772991683
116.578,-3.0473039021417336
116.57900000000001,-3.0464549809693411
116.58,-3.0456083023092759
116.581,-3.0447638546556681
116.58199999999999,-3.043921626469543
116.583,-3.0430816061788653
116.584,-3.0422437821785717
116.58500000000001,-3.0414081428306141
116.586,-3.0405746764640065
116.587,-3.0397433713748567
116.58799999999999,-3.038914215826416
116.589,-3.0380871980491162
116.59,-3.0372623062406192
116.59099999999999,-3.0364395285658485
116.592,-3.0356188531570392
116.593,-3.0348002681137833
116.59399999999999,-3.0339837615030656
116.595,-3.0331693213593116
116.596,-3.032356935684434
116.59699999999999,-3.0315465924478708
116.598,-3.0307382795866316
116.599,-3.0299319850053492
116.59999999999999,-3.0291276965763116
116.601,-3.0283254021395174
116.602,-3.0275250895027219
116.60299999999999,-3.0267267464414735
116.604,-3.0259303606991699
116.605,-3.0251359199870937
116.60599999999999,-3.024343411984475
116.607,-3.0235528243385223
116.608,-3.022764144664476
116.60899999999999,-3.0219773605456601
116.61,-3.0211924595335198
116.611,-3.0204094291476808
116.61199999999999,-3.0196282568759898
116.613,-3.0188489301745673
116.614,-3.0180714364678507
116.61499999999999,-3.0172957631486539
116.616,-3.0165218975782047
116.617,-3.0157498270862009
116.61799999999999,-3.0149795389708656
116.619,-3.0142110204989838
116.62,-3.0134442589059613
116.621,-3.0126792413958805
116.622,-3.0119159551415438
116.623,-3.0111543872845239
116.624,-3.0103945249352217
116.625,-3.0096363551729173
116.626,-3.0088798650458157
116.627,-3.0081250415711085
116.628,-3.0073718717350202
116.629,-3.0066203424928672
116.63,-3.0058704407691015
116.631,-3.0051221534573807
116.63200000000001,-3.0043754674206014
116.633,-3.0036303694909723
116.634,-3.0028868464700582
116.63500000000001,-3.0021448851288395
116.636,-3.0014044722077635
116.637,-3.0006655944168048
116.63800000000001,-2.9999282384355186
116.639,-2.9991923909130969
116.64,-2.9984580384684238
116.64100000000001,-2.9977251676901382
116.642,-2.9969937651366818
116.643,-2.9962638173363612
116.64400000000001,-2.9955353107874112
116.645,-2.994808231958042
116.646,-2.9940825672865068
116.64700000000001,-2.9933583031811533
116.648,-2.9926354260204895
116.649,-2.9919139221532358
116.65000000000001,-2.9911937778983892
116.651,-2.9904749795452865
116.652,-2.989757513353656
116.65300000000001,-2.9890413655536827
116.654,-2.9883265223460715
116.655,-2.9876129699021043
116.65600000000001,-2.9869006943637002
116.657,-2.986189681843487
116.658,-2.9854799184248497
116.65900000000001,-2.9847713901620034
116.66,-2.9840640830800513
116.661,-2.9833579831750487
116.66200000000001,-2.982653076414068
116.663,-2.9819493487352577
116.664,-2.9812467860479157
116.66499999999999,-2.9805453742325425
116.666,-2.9798450991409107
116.667,-2.9791459465961392
116.66800000000001,-2.9784479023927393
116.669,-2.9777509522966956
116.67,-2.9770550820455317
116.67099999999999,-2.9763602773483666
116.672,-2.9756665238859874
116.673,-2.9749738073109211
116.67400000000001,-2.9742821132474937
116.675,-2.9735914272919013
116.676,-2.9729017350122793
116.67699999999999,-2.972213021948769
116.678,-2.9715252736135858
116.679,-2.9708384754910933
116.68000000000001,-2.9701526130378659
116.681,-2.9694676716827595
116.682,-2.9687836368269864
116.68299999999999,-2.9681004938441871
116.684,-2.9674182280804855
116.685,-2.9667368248545825
116.68600000000001,-2.9660562694578116
116.687,-2.9653765471542162
116.688,-2.9646976431806182
116.68899999999999,-2.9640195427466987
116.69,-2.9633422310350621
116.691,-2.9626656932013105
116.69200000000001,-2.9619899143741257
116.693,-2.9613148796553324
116.694,-2.9606405741199762
116.69499999999999,-2.9599669828164021
116.696,-2.9592940907663241
116.697,-2.9586218829649029
116.69800000000001,-2.9579503443808215
116.699,-2.9572794599563643
116.7,-2.9566092146074849
116.70099999999999,-2.9559395932238886
116.702,-2.9552705806691169
116.703,-2.9546021617806084
116.70400000000001,-2.9539343213697893
116.705,-2.9532670442221489
116.706,-2.952600315097317
116.70699999999999,-2.9519341187291386
116.708,-2.9512684398257623
116.709,-2.9506032630697154
116.71000000000001,-2.9499385731179815
116.711,-2.9492743546020836
116.712,-2.948610592128166
116.71299999999999,-2.9479472702770737
116.714,-2.9472843736044294
116.715,-2.9466218866407301
116.71599999999999,-2.9459597938914133
116.717,-2.9452980798369444
116.718,-2.9446367289329047
116.71899999999999,-2.9439757256100729
116.72,-2.9433150542745001
116.721,-2.9426546993076106
116.72199999999999,-2.9419946450662704
116.723,-2.9413348758828803
116.724,-2.9406753760654643
116.72499999999999,-2.9400161298977454
116.726,-2.9393571216392385
116.727,-2.9386983355253373
116.72799999999999,-2.9380397557673987
116.729,-2.937381366552831
116.73,-2.9367231520451789
116.73099999999999,-2.9360650963842199
116.732,-2.9354071836860398
116.733,-2.9347493980431327
116.73399999999999,-2.9340917235244892
116.735,-2.9334341441756755
116.736,-2.9327766440189351
116.73699999999999,-2.9321192070532782
116.738,-2.9314618172545641
116.739,-2.9308044585755999
116.73999999999999,-2.9301471149462315
116.741,-2.9294897702734319
116.742,-2.9288324084413935
116.74299999999999,-2.9281750133116318
116.744,-2.9275175687230632
116.745,-2.9268600584921058
116.746,-2.926202466412775
116.747,-2.925544776256777
116.748,-2.9248869717736028
116.749,-2.9242290366906216
116.75,-2.9235709547131812
116.751,-2.9229127095246992
116.752,-2.9222542847867632
116.753,-2.9215956641392258
116.754,-2.9209368312003052
116.755,-2.9202777695666748
116.756,-2.9196184628135731
116.75700000000001,-2.9189588944948937
116.758,-2.9182990481432838
116.759,-2.9176389072702507
116.76000000000001,-2.9169784553662597
116.761,-2.9163176759008267
116.762,-2.915656552322627
116.76300000000001,-2.9149950680595977
116.764,-2.9143332065190317
116.765,-2.9136709510876844
116.76600000000001,-2.913008285131879
116.767,-2.912345191997602
116.768,-2.9116816550106126
116.76900000000001,-2.9110176574765441
116.77,-2.9103531826810123
116.771,-2.9096882138897056
116.77200000000001,-2.9090227343485142
116.773,-2.9083567272836146
116.774,-2.9076901759015854
116.77500000000001,-2.9070230633895084
116.776,-2.9063553729150855
116.777,-2.905687087626732
116.77800000000001,-2.9050181906536956
116.779,-2.9043486651061579
116.78,-2.9036784940753506
116.78100000000001,-2.9030076606336519
116.782,-2.9023361478347121
116.783,-2.9016639387135461
116.78400000000001,-2.9009910162866603
116.785,-2.9003173635521544
116.786,-2.8996429634898329
116.78700000000001,-2.8989677990613183
116.788,-2.8982918532101665
116.789,-2.8976151088619742
116.78999999999999,-2.8969375489244933
116.791,-2.8962591562877478
116.792,-2.8955799138241476
116.79300000000001,-2.8948998043885958
116.794,-2.8942188108186131
116.795,-2.8935369159344493
116.79599999999999,-2.8928541025391969
116.797,-2.8921703534189129
116.798,-2.8914856513427316
116.79900000000001,-2.8907999790629804
116.8,-2.8901133193153048
116.801,-2.8894256548187798
116.80199999999999,-2.8887369682760311
116.803,-2.8880472423733536
116.804,-2.8873564597808361
116.80500000000001,-2.8866646031524712
116.806,-2.8859716551262848
116.807,-2.8852775983244565
116.80799999999999,-2.884582415353437
116.809,-2.8838860888040729
116.81,-2.883188601251728
116.81100000000001,-2.8824899352564097
116.812,-2.8817900733628896
116.813,-2.8810889981008234
116.81399999999999,-2.8803866919848877
116.815,-2.8796831375148941
116.816,-2.8789783171759145
116.81700000000001,-2.878272213438418
116.818,-2.8775648087583843
116.819,-2.8768560855774385
116.81999999999999,-2.876146026322977
116.821,-2.8754346134082991
116.822,-2.8747218292327221
116.82300000000001,-2.874007656181726
116.824,-2.8732920766270773
116.825,-2.8725750729269568
116.82599999999999,-2.8718566274260904
116.827,-2.8711367224558857
116.828,-2.8704153403345551
116.82900000000001,-2.8696924633672509
116.83,-2.8689680738462058
116.831,-2.8682421540508489
116.83199999999999,-2.8675146862479566
116.833,-2.8667856526917799
116.834,-2.8660550356241714
116.83500000000001,-2.8653228172747305
116.836,-2.8645889798609421
116.837,-2.8638535055882945
116.83799999999999,-2.8631163766504386
116.839,-2.862377575229305
116.84,-2.8616370834952582
116.84099999999999,-2.8608948836072239
116.842,-2.8601509577128295
116.843,-2.8594052879485492
116.84399999999999,-2.8586578564398355
116.845,-2.8579086453012637
116.846,-2.8571576366366753
116.84699999999999,-2.8564048125393136
116.848,-2.8556501550919662
116.849,-2.8548936463671142
116.84999999999999,-2.8541352684270667
116.851,-2.8533750033241048
116.852,-2.8526128331006362
116.85299999999999,-2.8518487397893257
116.854,-2.8510827054132459
116.855,-2.8503147119860226
116.85599999999999,-2.8495447415119881
116.857,-2.8487727759863124
116.858,-2.847998797395161
116.85899999999999,-2.8472227877158436
116.86,-2.8464447289169557
116.861,-2.8456646029585304
116.86199999999999,-2.8448823917921926
116.863,-2.844098077361298
116.864,-2.84331164160109
116.86499999999999,-2.8425230664388543
116.866,-2.8417323337940643
116.867,-2.8409394255785316
116.86799999999999,-2.8401443236965682
116.869,-2.8393470100451279
116.87,-2.8385474665139663
116.871,-2.8377456749857926
116.872,-2.8369416173364335
116.873,-2.8361352754349691
116.874,-2.8353266311439072
116.875,-2.8345156663193301
116.876,-2.8337023628110569
116.877,-2.8328867024627944
116.878,-2.8320686671123014
116.879,-2.8312482385915443
116.88,-2.8304253987268564
116.881,-2.8296001293390978
116.88200000000001,-2.8287724122438171
116.883,-2.8279422292514091
116.884,-2.8271095621672764
116.88500000000001,-2.8262743927919987
116.886,-2.8254367029214857
116.887,-2.8245964743471426
116.88800000000001,-2.8237536888560393
116.889,-2.8229083282310685
116.89,-2.8220603742511106
116.89100000000001,-2.8212098086912043
116.892,-2.8203566133227076
116.893,-2.8195007699134642
116.89400000000001,-2.8186422602279757
116.895,-2.8177810660275613
116.896,-2.8169171690705341
116.89700000000001,-2.8160505511123648
116.898,-2.8151811939058531
116.899,-2.8143090792012933
116.90000000000001,-2.8134341887466525
116.901,-2.8125565042877363
116.902,-2.8116760075683604
116.90300000000001,-2.8107926803305245
116.904,-2.8099065043145877
116.905,-2.809017461259431
116.90600000000001,-2.8081255329026464
116.907,-2.8072307009807025
116.908,-2.8063329472291199
116.90900000000001,-2.8054322533826443
116.91,-2.8045286011754356
116.911,-2.8036219723412255
116.91200000000001,-2.8027123486135124
116.913,-2.8017997117257298
116.914,-2.8008840434114259
116.91499999999999,-2.7999653254044463
116.916,-2.799043539439106
116.917,-2.7981186672503835
116.91800000000001,-2.7971906905740878
116.919,-2.7962595911470456
116.92,-2.7953253507072882
116.92099999999999,-2.7943879509942207
116.922,-2.7934473737488212
116.923,-2.7925036007138173
116.92400000000001,-2.7915566136338645
116.925,-2.7906063942557413
116.926,-2.7896529243285322
116.92699999999999,-2.7886961856038117
116.928,-2.7877361598358266
116.929,-2.786772828781698
116.93000000000001,-2.7858061742015963
116.931,-2.7848361778589283
116.932,-2.7838628215205361
116.93299999999999,-2.7828860869568866
116.934,-2.7819059559422499
116.935,-2.7809224102549002
116.93600000000001,-2.7799354316773095
116.937,-2.7789450019963304
116.938,-2.7779511030033941
116.93899999999999,-2.7769537164947082
116.94,-2.7759528242714397
116.941,-2.7749484081399185
116.94200000000001,-2.7739404499118332
116.943,-2.7729289314044174
116.944,-2.7719138344406513
116.94499999999999,-2.7708951408494684
116.946,-2.7698728324659343
116.947,-2.7688468911314588
116.94800000000001,-2.7678172986939868
116.949,-2.7667840370082062
116.95,-2.7657470879357393
116.95099999999999,-2.7647064333453444
116.952,-2.7636620551131243
116.953,-2.7626139351227192
116.95400000000001,-2.7615620552655082
116.955,-2.760506397440829
116.956,-2.7594469435561551
116.95699999999999,-2.758383675527321
116.958,-2.7573165752787188
116.959,-2.7562456247435017
116.96000000000001,-2.755170805863794
116.961,-2.7540921005908969
116.962,-2.7530094908854932
116.96299999999999,-2.7519229587178535
116.964,-2.7508324860680498
116.965,-2.7497380549261665
116.96599999999999,-2.7486396472924959
116.967,-2.7475372451777624
116.968,-2.7464308306033298
116.96899999999999,-2.7453203856014086
116.97,-2.7442058922152661
116.971,-2.7430873324994529
116.97199999999999,-2.7419646885199973
116.973,-2.7408379423546303
116.974,-2.739707076093
116.97499999999999,-2.7385720718368782
116.976,-2.7374329117003828
116.977,-2.7362895778101954
116.97799999999999,-2.7351420523057719
116.979,-2.7339903173395617
116.98,-2.7328343550772241
116.98099999999999,-2.7316741476978583
116.982,-2.730509677394203
116.983,-2.7293409263728678
116.98399999999999,-2.7281678768545556
116.985,-2.7269905110742747
116.986,-2.7258088112815648
116.98699999999999,-2.7246227597407224
116.988,-2.7234323387310182
116.989,-2.7222375305469155
116.98999999999999,-2.7210383174983117
116.991,-2.7198346819107413
116.992,-2.7186266061256115
116.99299999999999,-2.7174140725004308
116.994,-2.7161970634090316
116.995,-2.7149755612417885
116.996,-2.7137495484058567
116.997,-2.712519007325402
116.998,-2.7112839204418155
116.999,-2.710044270213952
117,-2.708800039118362
117.001,-2.7075512096495147
117.002,-2.7062977643200297
117.003,-2.7050396856609167
117.004,-2.7037769562217959
117.005,-2.7025095585711347
117.006,-2.7012374752964883
117.00700000000001,-2.6999606890047212
117.008,-2.6986791823222456
117.009,-2.6973929378952604
117.01000000000001,-2.6961019383899854
117.011,-2.6948061664928922
117.012,-2.6935056049109418
117.01300000000001,-2.6922002363718316
117.014,-2.6908900436242167
117.015,-2.6895750094379562
117.01600000000001,-2.6882551166043616
117.017,-2.6869303479364177
117.018,-2.6856006862690314
117.01900000000001,-2.6842661144592808
117.02,-2.6829266153866369
117.021,-2.6815821719532207
117.02200000000001,-2.680232767084044
117.023,-2.6788783837272416
117.024,-2.6775190048543251
117.02500000000001,-2.6761546134604193
117.026,-2.674785192564519
117.027,-2.6734107252097172
117.02800000000001,-2.6720311944634556
117.029,-2.6706465834177866
117.03,-2.6692568751895931
117.03100000000001,-2.6678620529208534
117.032,-2.666462099778891
117.033,-2.6650569989566044
117.03400000000001,-2.6636467336727372
117.035,-2.6622312871721157
117.036,-2.6608106427258984
117.03700000000001,-2.6593847836318272
117.038,-2.6579536932144894
117.039,-2.6565173548255503
117.03999999999999,-2.6550757518440133
117.041,-2.6536288676764781
117.042,-2.6521766857573916
117.04300000000001,-2.6507191895492928
117.044,-2.6492563625430705
117.045,-2.6477881882582328
117.04599999999999,-2.6463146502431361
117.047,-2.6448357320752556
117.048,-2.6433514173614507
117.04900000000001,-2.6418616897381981
117.05,-2.6403665328718673
117.051,-2.6388659304589739
117.05199999999999,-2.637359866226435
117.053,-2.6358483239318233
117.054,-2.6343312873636444
117.05500000000001,-2.6328087403415736
117.056,-2.6312806667167319
117.057,-2.6297470503719351
117.05799999999999,-2.6282078752219715
117.059,-2.6266631252138457
117.06,-2.6251127843270474
117.06100000000001,-2.6235568365738224
117.062,-2.621995265999423
117.063,-2.6204280566823726
117.06399999999999,-2.6188551927347437
117.065,-2.6172766583024067
117.066,-2.6156924375652979
117.06700000000001,-2.6141025147376977
117.068,-2.6125068740684769
117.069,-2.6109054998413765
117.06999999999999,-2.6092983763752771
117.071,-2.607685488024448
117.072,-2.6060668191788392
117.07300000000001,-2.6044423542643269
117.074,-2.6028120777430046
117.075,-2.6011759741134339
117.07599999999999,-2.5995340279109165
117.077,-2.5978862237077811
117.078,-2.5962325461136313
117.07900000000001,-2.5945729797756258
117.08,-2.592907509378763
117.081,-2.591236119646128
117.08199999999999,-2.5895587953391779
117.083,-2.5878755212580251
117.084,-2.5861862822416875
117.08500000000001,-2.5844910631683753
117.086,-2.5827898489557723
117.087,-2.5810826245612923
117.08799999999999,-2.5793693749823658
117.089,-2.5776500852567081
117.09,-2.5759247404626104
117.09099999999999,-2.5741933257191931
117.092,-2.5724558261866952
117.093,-2.5707122270667586
117.09399999999999,-2.5689625136026839
117.095,-2.567206671079723
117.096,-2.5654446848253629
117.09699999999999,-2.5636765402095874
117.098,-2.5619022226451582
117.099,-2.5601217175879145
117.09999999999999,-2.5583350105370264
117.101,-2.5565420870352833
117.102,-2.5547429326693889
117.10299999999999,-2.55293753307022
117.104,-2.5511258739131155
117.105,-2.5493079409181605
117.10599999999999,-2.5474837198504741
117.107,-2.5456531965204725
117.108,-2.5438163567841636
117.10899999999999,-2.5419731865434381
117.11,-2.5401236717463309
117.111,-2.5382677983873188
117.11199999999999,-2.5364055525076097
117.113,-2.5345369201954093
117.114,-2.5326618875862104
117.11499999999999,-2.5307804408630972
117.116,-2.5288925662569999
117.117,-2.526998250046995
