timestamp,signal
120,4.0650185824337202
120.001,4.0622569524532537
120.002,4.0594976826591607
120.003,4.0567407948114766
120.004,4.0539863106432179
120.005,4.0512342518601434
120.006,4.0484846401404715
120.00700000000001,4.0457374971346498
120.008,4.0429928444650756
120.009,4.040250703725853
120.01000000000001,4.0375110964825263
120.011,4.0347740442718347
120.012,4.0320395686014381
120.01300000000001,4.0293076909496754
120.014,4.0265784327653025
120.015,4.0238518154672338
120.01600000000001,4.0211278604442837
120.017,4.0184065890549201
120.018,4.0156880226269944
120.01900000000001,4.012972182457494
120.02,4.0102590898122825
120.021,4.0075487659258462
120.02200000000001,4.0048412320010396
120.023,4.0021365092088201
120.024,3.9994346186880021
120.02500000000001,3.9967355815449999
120.026,3.9940394188535677
120.027,3.991346151654545
120.02800000000001,3.9886558009556126
120.029,3.9859683877310159
120.03,3.9832839329213305
120.03100000000001,3.9806024574331955
120.032,3.9779239821390711
120.033,3.975248527876964
120.03400000000001,3.972576115450198
120.035,3.9699067656271358
120.036,3.9672404991409422
120.03700000000001,3.9645773366893282
120.038,3.9619172989342895
120.039,3.9592604065018628
120.04000000000001,3.9566066799818636
120.041,3.9539561399276399
120.042,3.951308806855816
120.04300000000001,3.9486647012460487
120.044,3.9460238435407646
120.045,3.9433862541449063
120.04600000000001,3.9407519534256927
120.047,3.9381209617123618
120.048,3.9354932992959162
120.04900000000001,3.9328689864288737
120.05,3.9302480433250206
120.051,3.9276304901591574
120.05200000000001,3.9250163470668502
120.053,3.9224056341441802
120.054,3.9197983714474915
120.05500000000001,3.917194578993147
120.056,3.914594276757275
120.057,3.9119974846755206
120.05800000000001,3.9094042226428041
120.059,3.9068145105130583
120.06,3.9042283680989955
120.06100000000001,3.901645815171852
120.062,3.8990668714611427
120.063,3.8964915566544134
120.06399999999999,3.8939198903969885
120.065,3.8913518922917421
120.066,3.8887875818988293
120.06699999999999,3.8862269787354577
120.068,3.8836701022756346
120.069,3.8811169719499201
120.06999999999999,3.8785676071451869
120.071,3.8760220272043711
120.072,3.873480251426237
120.07299999999999,3.8709422990651232
120.074,3.8684081893307019
120.075,3.8658779413877431
120.07599999999999,3.8633515743558613
120.077,3.8608291073092795
120.078,3.8583105592765863
120.07899999999999,3.8557959492404956
120.08,3.8532852961375994
120.081,3.8507786188581381
120.08199999999999,3.8482759362457504
120.083,3.8457772670972332
120.084,3.8432826301623129
120.08499999999999,3.8407920441433951
120.086,3.8383055276953275
120.087,3.8358230994251663
120.08799999999999,3.8333447778919396
120.089,3.8308705816063986
120.09,3.8284005290307919
120.09099999999999,3.8259346385786275
120.092,3.8234729286144313
120.093,3.8210154174535145
120.09399999999999,3.8185621233617395
120.095,3.8161130645552825
120.096,3.8136682592004041
120.09699999999999,3.8112277254132074
120.098,3.8087914812594086
120.099,3.8063595447541134
120.09999999999999,3.8039319338615636
120.101,3.8015086664949242
120.102,3.7990897605160443
120.10299999999999,3.7966752337352245
120.104,3.7942651039109911
120.105,3.7918593887498604
120.10599999999999,3.7894581059061156
120.107,3.7870612729815711
120.108,3.7846689075253508
120.10899999999999,3.7822810270336547
120.11,3.7798976489495324
120.111,3.7775187906626577
120.11199999999999,3.7751444695091045
120.113,3.7727747027711152
120.114,3.7704095076768755
120.11499999999999,3.7680489014002987
120.116,3.76569290106079
120.117,3.7633415237230317
120.11799999999999,3.7609947863967497
120.119,3.7586527060365027
120.12,3.7563152995414564
120.121,3.7539825837551515
120.122,3.7516545754653023
120.123,3.7493312914035606
120.124,3.7470127482452975
120.125,3.7446989626093963
120.126,3.7423899510580165
120.127,3.7400857300963928
120.128,3.7377863161726053
120.129,3.7354917256773659
120.13,3.7332019749438041
120.131,3.7309170802472575
120.13200000000001,3.7286370578050398
120.133,3.7263619237762411
120.134,3.7240916942615137
120.13500000000001,3.7218263853028466
120.136,3.7195660128833721
120.137,3.7173105929271326
120.13800000000001,3.7150601412988875
120.139,3.7128146738038934
120.14,3.7105742061876965
120.14100000000001,3.7083387541359221
120.142,3.7061083332740683
120.143,3.7038829591672968
120.14400000000001,3.7016626473202248
120.145,3.6994474131767223
120.146,3.6972372721196995
120.14700000000001,3.6950322394709048
120.148,3.6928323304907256
120.149,3.6906375603779784
120.15000000000001,3.6884479442697033
120.151,3.6862634972409651
120.152,3.6840842343046578
120.15300000000001,3.6819101704112915
120.154,3.6797413204488025
120.155,3.6775776992423408
120.15600000000001,3.6754193215540889
120.157,3.6732662020830489
120.158,3.6711183554648494
120.15900000000001,3.668975796271555
120.16,3.6668385390114588
120.161,3.664706598128892
120.16200000000001,3.6625799880040386
120.163,3.6604587229527272
120.164,3.6583428172262416
120.16500000000001,3.6562322850111384
120.166,3.6541271404290452
120.167,3.652027397536469
120.16800000000001,3.6499330703246118
120.169,3.6478441727191839
120.17,3.6457607185802017
120.17100000000001,3.6436827217018166
120.172,3.6416101958121185
120.173,3.6395431545729497
120.17400000000001,3.6374816115797239
120.175,3.635425580361237
120.176,3.6333750743794866
120.17700000000001,3.6313301070294877
120.178,3.6292906916390928
120.179,3.6272568414688031
120.18000000000001,3.625228569711596
120.181,3.6232058894927484
120.182,3.6211888138696375
120.18300000000001,3.6191773558315914
120.184,3.6171715282996892
120.185,3.615171344126594
120.18600000000001,3.6131768160963791
120.187,3.6111879569243461
120.188,3.6092047792568591
120.18899999999999,3.6072272956711595
120.19,3.6052555186752109
120.191,3.603289460707515
120.19199999999999,3.6013291341369387
120.193,3.5993745512625575
120.194,3.5974257243134753
120.19499999999999,3.5954826654486629
120.196,3.593545386756781
120.197,3.5916139002560321
120.19799999999999,3.5896882178939764
120.199,3.5877683515473766
120.2,3.5858543130220326
120.20099999999999,3.5839461140526181
120.202,3.5820437663025224
120.203,3.5801472813636845
120.20399999999999,3.5782566707564367
120.205,3.5763719459293402
120.206,3.5744931182590358
120.20699999999999,3.5726201990500739
120.208,3.5707531995347734
120.209,3.5688921308730519
120.20999999999999,3.5670370041522848
120.211,3.5651878303871349
120.212,3.5633446205194153
120.21299999999999,3.5615073854179284
120.214,3.5596761358783215
120.215,3.5578508826229287
120.21599999999999,3.5560316363006272
120.217,3.5542184074866929
120.218,3.5524112066826437
120.21899999999999,3.5506100443160982
120.22,3.548814930740634
120.221,3.5470258762356393
120.22199999999999,3.5452428910061702
120.223,3.543465985182805
120.224,3.5416951688215095
120.22499999999999,3.5399304519034942
120.226,3.538171844335074
120.227,3.5364193559475243
120.22799999999999,3.5346729964969557
120.229,3.5329327756641637
120.23,3.5311987030545104
120.23099999999999,3.5294707881977692
120.232,3.5277490405480059
120.233,3.5260334694834441
120.23399999999999,3.5243240843063255
120.235,3.5226208942427917
120.236,3.5209239084427431
120.23699999999999,3.5192331359797198
120.238,3.5175485858507614
120.239,3.5158702669763002
120.23999999999999,3.5141981882000151
120.241,3.5125323582887189
120.242,3.5108727859322348
120.24299999999999,3.5092194797432636
120.244,3.507572448257279
120.245,3.5059316999323906
120.246,3.5042972431492325
120.247,3.5026690862108483
120.248,3.5010472373425676
120.249,3.4994317046918848
120.25,3.4978224963283635
120.251,3.496219620243501
120.252,3.4946230843506267
120.253,3.4930328964847819
120.254,3.491449064402623
120.255,3.4898715957822919
120.256,3.4883004982233272
120.25700000000001,3.4867357792465397
120.258,3.4851774462939131
120.259,3.4836255067285018
120.26000000000001,3.4820799678343173
120.261,3.4805408368162345
120.262,3.4790081207998753
120.26300000000001,3.477481826831526
120.264,3.4759619618780198
120.265,3.4744485328266475
120.26600000000001,3.4729415464850524
120.267,3.4714410095811434
120.268,3.4699469287629876
120.26900000000001,3.4684593105987203
120.27,3.4669781615764546
120.271,3.4655034881041793
120.27200000000001,3.4640352965096826
120.273,3.4625735930404415
120.274,3.461118383863548
120.27500000000001,3.4596696750656175
120.276,3.4582274726526956
120.277,3.4567917825501802
120.27800000000001,3.4553626106027284
120.279,3.4539399625741778
120.28,3.452523844147465
120.28100000000001,3.4511142609245402
120.282,3.4497112184262848
120.283,3.4483147220924417
120.28400000000001,3.4469247772815219
120.285,3.4455413892707432
120.286,3.4441645632559421
120.28700000000001,3.4427943043515095
120.288,3.4414306175903038
120.289,3.4400735079235893
120.29000000000001,3.4387229802209625
120.291,3.4373790392702785
120.292,3.4360416897775821
120.29300000000001,3.4347109363670425
120.294,3.4333867835808878
120.295,3.4320692358793314
120.29600000000001,3.4307582976405167
120.297,3.4294539731604496
120.298,3.428156266652933
120.29900000000001,3.4268651822495109
120.3,3.4255807239994063
120.301,3.4243028958694604
120.30200000000001,3.4230317017440806
120.303,3.4217671454251768
120.304,3.4205092306321108
120.30500000000001,3.4192579610016418
120.306,3.4180133400878745
120.307,3.4167753713621991
120.30800000000001,3.4155440582132535
120.309,3.4143194039468616
120.31,3.4131014117859975
120.31100000000001,3.4118900848707234
120.312,3.4106854262581576
120.313,3.4094874389224259
120.31399999999999,3.4082961257546058
120.315,3.4071114895627073
120.316,3.4059335330716083
120.31699999999999,3.4047622589230313
120.318,3.4035976696754959
120.319,3.4024397678042853
120.31999999999999,3.4012885557014059
120.321,3.4001440356755532
120.322,3.3990062099520886
120.32299999999999,3.3978750806729812
120.324,3.3967506498968056
120.325,3.3956329195986878
120.32599999999999,3.3945218916702924
120.327,3.3934175679197836
120.328,3.3923199500718075
120.32899999999999,3.3912290397674534
120.33,3.3901448385642485
120.331,3.3890673479361126
120.33199999999999,3.3879965692733558
120.333,3.3869325038826412
120.334,3.3858751529869817
120.33499999999999,3.3848245177257059
120.336,3.3837805991544538
120.337,3.3827433982451467
120.33799999999999,3.3817129158859913
120.339,3.3806891528814447
120.34,3.3796721099522236
120.34099999999999,3.3786617877352754
120.342,3.3776581867837763
120.343,3.3766613075671241
120.34399999999999,3.3756711504709269
120.345,3.374687715797001
120.346,3.3737110037633551
120.34699999999999,3.3727410145042054
120.348,3.3717777480699551
120.349,3.3708212044272043
120.34999999999999,3.3698713834587428
120.351,3.3689282849635562
120.352,3.3679919086568244
120.35299999999999,3.3670622541699275
120.354,3.3661393210504542
120.355,3.3652231087621978
120.35599999999999,3.3643136166851697
120.357,3.3634108441156148
120.358,3.3625147902660029
120.35899999999999,3.3616254542650648
120.36,3.3607428351577742
120.361,3.3598669319053913
120.36199999999999,3.358997743385455
120.363,3.3581352683918082
120.364,3.3572795056346179
120.36499999999999,3.3564304537403888
120.366,3.3555881112519774
120.367,3.3547524766286285
120.36799999999999,3.3539235482459828
120.369,3.3531013243961025
120.37,3.3522858032875034
120.371,3.3514769830451732
120.372,3.3506748617106012
120.373,3.3498794372418113
120.374,3.3490907075133771
120.375,3.3483086703164719
120.376,3.3475333233588831
120.377,3.3467646642650619
120.378,3.3460026905761362
120.379,3.3452473997499723
120.38,3.3444987891611895
120.381,3.3437568561012148
120.38200000000001,3.343021597778308
120.383,3.3422930113176132
120.384,3.3415710937611918
120.38500000000001,3.3408558420680814
120.386,3.3401472531143153
120.387,3.3394453236929937
120.38800000000001,3.3387500505143084
120.389,3.3380614302056113
120.39,3.3373794593114461
120.39100000000001,3.336704134293611
120.392,3.3360354515312034
120.393,3.3353734073206782
120.39400000000001,3.3347179978758961
120.395,3.3340692193281818
120.396,3.3334270677263849
120.39700000000001,3.3327915390369354
120.398,3.3321626291438919
120.399,3.3315403338490261
120.40000000000001,3.330924648871858
120.401,3.3303155698497378
120.402,3.3297130923379026
120.40300000000001,3.3291172118095407
120.404,3.3285279236558596
120.405,3.3279452231861599
120.40600000000001,3.3273691056278922
120.407,3.3267995661267378
120.408,3.3262365997466734
120.40900000000001,3.3256802014700524
120.41,3.325130366197671
120.411,3.3245870887488422
120.41200000000001,3.3240503638614838
120.413,3.3235201861921837
120.414,3.3229965503162795
120.41500000000001,3.3224794507279585
120.416,3.321968881840303
120.417,3.3214648379854097
120.41800000000001,3.3209673134144504
120.419,3.3204763022977657
120.42,3.3199917987249483
120.42100000000001,3.3195137967049329
120.422,3.3190422901660837
120.423,3.3185772729562846
120.42400000000001,3.318118738843034
120.425,3.3176666815135292
120.426,3.3172210945747667
120.42700000000001,3.3167819715536373
120.428,3.3163493058970142
120.429,3.3159230909718636
120.43000000000001,3.3155033200653277
120.431,3.3150899863848426
120.432,3.3146830830582177
120.43300000000001,3.3142826031337611
120.434,3.3138885395803594
120.435,3.3135008852876071
120.43600000000001,3.3131196330658899
120.437,3.312744775646502
120.438,3.3123763056817594
120.43899999999999,3.3120142157451005
120.44,3.3116584983311999
120.441,3.3113091458560806
120.44199999999999,3.310966150657225
120.443,3.3106295049936945
120.444,3.3102992010462389
120.44499999999999,3.3099752309174155
120.446,3.3096575866317082
120.447,3.3093462601356487
120.44799999999999,3.3090412432979237
120.449,3.3087425279095148
120.45,3.3084501056838098
120.45099999999999,3.3081639682567294
120.452,3.3078841071868492
120.453,3.3076105139555345
120.45399999999999,3.3073431799670541
120.455,3.3070820965487258
120.456,3.3068272549510285
120.45699999999999,3.3065786463477469
120.458,3.3063362618360976
120.459,3.3061000924368571
120.45999999999999,3.3058701290945107
120.461,3.3056463626773791
120.462,3.3054287839777441
120.46299999999999,3.3052173837120167
120.464,3.3050121525208445
120.465,3.304813080969268
120.46599999999999,3.3046201595468618
120.467,3.3044333786678752
120.468,3.3042527286713703
120.46899999999999,3.3040781998213786
120.47,3.3039097823070396
120.471,3.3037474662427453
120.47199999999999,3.3035912416683004
120.473,3.3034410985490572
120.474,3.3032970267760735
120.47499999999999,3.3031590161662692
120.476,3.303027056462569
120.477,3.3029011373340698
120.47799999999999,3.3027812483761805
120.479,3.3026673791107877
120.48,3.3025595189864125
120.48099999999999,3.3024576573783717
120.482,3.302361783588931
120.483,3.3022718868474685
120.48399999999999,3.3021879563106422
120.485,3.3021099810625429
120.486,3.3020379501148689
120.48699999999999,3.3019718524070862
120.488,3.3019116768065926
120.489,3.3018574121088955
120.48999999999999,3.3018090470377697
120.491,3.3017665702454293
120.492,3.3017299703127021
120.49299999999999,3.301699235749207
120.494,3.3016743549935166
120.495,3.3016553164133313
120.496,3.3016421083056651
120.497,3.3016347188970183
120.498,3.3016331363435505
120.499,3.3016373487312576
120.5,3.301647344076164
120.501,3.3016631103244922
120.502,3.3016846353528484
120.503,3.3017119069684071
120.504,3.3017449129090908
120.505,3.3017836408437615
120.506,3.3018280783724023
120.50700000000001,3.3018782130263036
120.508,3.3019340322682593
120.509,3.3019955234927494
120.51000000000001,3.3020626740261285
120.511,3.3021354711268254
120.512,3.3022139019855317
120.51300000000001,3.3022979537253931
120.514,3.3023876134022103
120.515,3.3024828680046276
120.51600000000001,3.3025837044543325
120.517,3.3026901096062611
120.518,3.3028020702487835
120.51900000000001,3.3029195731039165
120.52,3.3030426048275103
120.521,3.3031711520094698
120.52200000000001,3.3033052011739406
120.523,3.3034447387795245
120.524,3.3035897512194712
120.52500000000001,3.303740224821901
120.526,3.303896145850004
120.527,3.3040575005022417
120.52800000000001,3.3042242749125679
120.529,3.3043964551506377
120.53,3.304574027222003
120.53100000000001,3.3047569770683491
120.532,3.3049452905676855
120.533,3.3051389535345761
120.53400000000001,3.3053379517203476
120.535,3.3055422708133024
120.536,3.3057518964389416
120.53700000000001,3.3059668141601852
120.538,3.30618700947758
120.539,3.3064124678295288
120.54000000000001,3.3066431745925131
120.541,3.3068791150813048
120.542,3.3071202745492032
120.54300000000001,3.3073666381882498
120.544,3.3076181911294462
120.545,3.3078749184430007
120.54600000000001,3.3081368051385347
120.547,3.3084038361653194
120.548,3.308675996412509
120.54900000000001,3.308953270709357
120.55,3.3092356438254615
120.551,3.3095231004709831
120.55200000000001,3.3098156252968902
120.553,3.3101132028951854
120.554,3.310415817799135
120.55500000000001,3.3107234544835134
120.556,3.3110360973648341
120.557,3.3113537308015868
120.55800000000001,3.311676339094479
120.559,3.3120039064866722
120.56,3.3123364171640155
120.56100000000001,3.3126738552552943
120.562,3.3130162048324738
120.563,3.3133634499109323
120.56399999999999,3.3137155744497067
120.565,3.3140725623517433
120.566,3.3144343974641375
120.56699999999999,3.3148010635783791
120.568,3.3151725444305971
120.569,3.3155488237018131
120.56999999999999,3.3159298850181891
120.571,3.316315711951269
120.572,3.3167062880182385
120.57299999999999,3.3171015966821686
120.574,3.317501621352271
120.575,3.3179063453841469
120.57599999999999,3.3183157520800508
120.577,3.3187298246891315
120.578,3.3191485464076962
120.57899999999999,3.3195719003794588
120.58,3.3199998696958044
120.581,3.3204324373960414
120.58199999999999,3.3208695864676683
120.583,3.3213112998466183
120.584,3.3217575604175273
120.58499999999999,3.322208351013999
120.586,3.3226636544188635
120.587,3.3231234533644338
120.58799999999999,3.3235877305327737
120.589,3.3240564685559617
120.59,3.3245296500163537
120.59099999999999,3.3250072574468543
120.592,3.3254892733311712
120.593,3.3259756801040972
120.59399999999999,3.3264664601517602
120.595,3.3269615958119116
120.596,3.3274610693741788
120.59699999999999,3.3279648630803411
120.598,3.3284729591246052
120.599,3.3289853396538653
120.59999999999999,3.3295019867679914
120.601,3.3300228825200779
120.602,3.3305480089167494
120.60299999999999,3.3310773479184048
120.604,3.3316108814395093
120.605,3.3321485913488642
120.60599999999999,3.3326904594698874
120.607,3.3332364675808837
120.608,3.3337865974153278
120.60899999999999,3.3343408306621436
120.61,3.3348991489659792
120.611,3.3354615339274893
120.61199999999999,3.3360279671036128
120.613,3.3365984300078617
120.614,3.3371729041105871
120.61499999999999,3.3377513708392836
120.616,3.3383338115788534
120.617,3.3389202076718973
120.61799999999999,3.3395105404190026
120.619,3.3401047910790229
120.62,3.340702940869364
120.621,3.3413049709662719
120.622,3.3419108625051219
120.623,3.3425205965807026
120.624,3.3431341542475019
120.625,3.3437515165200011
120.626,3.3443726643729654
120.627,3.3449975787417259
120.628,3.3456262405224777
120.629,3.3462586305725619
120.63,3.3468947297107734
120.631,3.3475345187176373
120.63200000000001,3.3481779783357082
120.633,3.3488250892698623
120.634,3.349475832187597
120.63500000000001,3.3501301877193201
120.636,3.350788136458636
120.637,3.3514496589626619
120.63800000000001,3.3521147357523144
120.639,3.3527833473125925
120.64,3.3534554740928995
120.64100000000001,3.3541310965073245
120.642,3.3548101949349443
120.643,3.3554927497201232
120.64400000000001,3.3561787411728137
120.645,3.3568681495688537
120.646,3.3575609551502659
120.64700000000001,3.3582571381255626
120.648,3.35895667867005
120.649,3.359659556926113
120.65000000000001,3.3603657530035456
120.651,3.3610752469798246
120.652,3.3617880189004357
120.65300000000001,3.3625040487791589
120.654,3.3632233165983898
120.655,3.3639458023094333
120.65600000000001,3.3646714858328099
120.657,3.3654003470585625
120.658,3.3661323658465703
120.65900000000001,3.3668675220268387
120.66,3.3676057953998191
120.661,3.3683471657367114
120.66200000000001,3.3690916127797754
120.663,3.369839116242634
120.664,3.3705896558105826
120.66500000000001,3.3713432111409043
120.666,3.3720997618631694
120.667,3.3728592875795549
120.66800000000001,3.3736217678651457
120.669,3.3743871822682507
120.67,3.3751555103107158
120.67100000000001,3.3759267314882226
120.672,3.3767008252706212
120.673,3.3774777711022184
120.67400000000001,3.3782575484021127
120.675,3.3790401365644858
120.676,3.3798255149589336
120.67700000000001,3.3806136629307684
120.678,3.3814045598013349
120.679,3.3821981848683249
120.68000000000001,3.3829945174060994
120.681,3.383793536665987
120.682,3.384595221876606
120.68300000000001,3.3853995522441958
120.684,3.3862065069529033
120.685,3.3870160651651187
120.68600000000001,3.3878282060217861
120.687,3.3886429086427237
120.688,3.389460152126933
120.68899999999999,3.390279915552922
120.69,3.3911021779790191
120.691,3.3919269184436915
120.69199999999999,3.3927541159658654
120.693,3.3935837495452406
120.694,3.3944157981626111
120.69499999999999,3.3952502407801823
120.696,3.3960870563418855
120.697,3.3969262237737103
120.69799999999999,3.3977677219840077
120.699,3.3986115298638184
120.7,3.3994576262871918
120.70099999999999,3.4003059901115025
120.702,3.4011566001777753
120.703,3.4020094353110002
120.70399999999999,3.4028644743204568
120.705,3.4037216960000309
120.706,3.404581079128536
120.70699999999999,3.4054426024700408
120.708,3.4063062447741812
120.709,3.4071719847764852
120.70999999999999,3.4080398011987008
120.711,3.4089096727491004
120.712,3.4097815781228213
120.71299999999999,3.4106554960021747
120.714,3.4115314050569783
120.715,3.4124092839448643
120.71599999999999,3.4132891113116166
120.717,3.4141708657914824
120.718,3.4150545260075011
120.71899999999999,3.4159400705718186
120.72,3.4168274780860211
120.721,3.4177167271414479
120.72199999999999,3.4186077963195194
120.723,3.4195006641920616
120.724,3.4203953093216199
120.72499999999999,3.4212917102617952
120.726,3.4221898455575523
120.727,3.4230896937455562
120.72799999999999,3.4239912333544877
120.729,3.4248944429053694
120.73,3.4257993009118879
120.73099999999999,3.4267057858807144
120.732,3.4276138763118329
120.733,3.4285235506988627
120.73399999999999,3.4294347875293756
120.735,3.4303475652852304
120.736,3.4312618624428826
120.73699999999999,3.4321776574737211
120.738,3.4330949288443797
120.739,3.4340136550170683
120.73999999999999,3.4349338144498933
120.741,3.4358553855971827
120.742,3.4367783469098043
120.74299999999999,3.437702676835495
120.744,3.4386283538191798
120.745,3.4395553563032975
120.746,3.4404836627281217
120.747,3.441413251532083
120.748,3.442344101152095
120.749,3.4432761900238766
120.75,3.4442094965822703
120.751,3.4451439992615711
120.752,3.4460796764958426
120.753,3.4470165067192484
120.754,3.4479544683663628
120.755,3.4488935398725005
120.756,3.4498336996740431
120.75700000000001,3.4507749262087462
120.758,3.4517171979160777
120.759,3.4526604932375262
120.76000000000001,3.453604790616934
120.761,3.4545500685008124
120.762,3.4554963053386576
120.76300000000001,3.4564434795832861
120.764,3.4573915696911461
120.765,3.4583405541226329
120.76600000000001,3.4592904113424243
120.767,3.4602411198197904
120.768,3.4611926580289172
120.76900000000001,3.4621450044492255
120.77,3.4630981375656908
120.771,3.4640520358691642
120.77200000000001,3.465006677856695
120.773,3.4659620420318404
120.774,3.466918106904993
120.77500000000001,3.4678748509936987
120.776,3.4688322528229767
120.777,3.469790290925622
120.77800000000001,3.4707489438425547
120.779,3.4717081901231062
120.78,3.4726680083253525
120.78100000000001,3.4736283770164338
120.782,3.4745892747728639
120.783,3.4755506801808504
120.78400000000001,3.4765125718366114
120.785,3.4774749283466937
120.786,3.4784377283282817
120.78700000000001,3.4794009504095227
120.788,3.4803645732298332
120.789,3.4813285754402212
120.79000000000001,3.4822929357036001
120.791,3.4832576326950946
120.792,3.4842226451023652
120.79300000000001,3.4851879516259201
120.794,3.4861535309794238
120.795,3.4871193618900129
120.79600000000001,3.4880854230986111
120.797,3.4890516933602376
120.798,3.4900181514443211
120.79900000000001,3.4909847761350132
120.8,3.4919515462314967
120.801,3.4929184405482996
120.80200000000001,3.4938854379156021
120.803,3.4948525171795506
120.804,3.4958196572025644
120.80500000000001,3.4967868368636443
120.806,3.4977540350586906
120.807,3.4987212307007951
120.80800000000001,3.4996884027205661
120.809,3.5006555300664282
120.81,3.5016225917049253
120.81100000000001,3.5025895666210385
120.812,3.5035564338184875
120.813,3.5045231723200283
120.81399999999999,3.505489761167774
120.815,3.5064561794234885
120.816,3.5074224061688932
120.81699999999999,3.5083884205059821
120.818,3.5093542015573025
120.819,3.5103197284662828
120.81999999999999,3.5112849803975248
120.821,3.5122499365370947
120.822,3.5132145760928504
120.82299999999999,3.5141788782947163
120.824,3.5151428223950072
120.825,3.5161063876687102
120.82599999999999,3.5170695534137915
120.827,3.5180322989515016
120.828,3.5189946036266644
120.82899999999999,3.5199564468079796
120.83,3.5209178078883232
120.831,3.5218786662850414
120.83199999999999,3.522839001440242
120.833,3.5237987928211041
120.834,3.5247580199201609
120.83499999999999,3.5257166622555971
120.836,3.5266746993715508
120.837,3.5276321108383994
120.83799999999999,3.5285888762530542
120.839,3.5295449752392569
120.84,3.5305003874478604
120.84099999999999,3.5314550925571426
120.842,3.532409070273073
120.843,3.533362300329614
120.84399999999999,3.5343147624890126
120.845,3.5352664365420861
120.846,3.5362173023085068
120.84699999999999,3.5371673396371017
120.848,3.5381165284061247
120.849,3.5390648485235516
120.84999999999999,3.5400122799273674
120.851,3.5409588025858429
120.852,3.5419043964978334
120.85299999999999,3.542849041693044
120.854,3.543792718232333
120.855,3.544735406207975
120.85599999999999,3.545677085743959
120.857,3.546617736996259
120.858,3.5475573401531193
120.85899999999999,3.5484958754353348
120.86,3.5494333230965225
120.861,3.5503696634234174
120.86199999999999,3.5513048767361282
120.863,3.5522389433884314
120.864,3.5531718437680357
120.86499999999999,3.554103558296867
120.866,3.5550340674313405
120.867,3.5559633516626326
120.86799999999999,3.5568913915169516
120.869,3.5578181675558165
120.87,3.5587436603763321
120.871,3.5596678506114463
120.872,3.5605907189302348
120.873,3.5615122460381627
120.874,3.5624324126773539
120.875,3.5633511996268643
120.876,3.5642685877029425
120.877,3.5651845577593031
120.878,3.5660990906873886
120.879,3.5670121674166335
120.88,3.5679237689147261
120.881,3.5688338761878837
120.88200000000001,3.5697424702811027
120.883,3.5706495322784262
120.884,3.5715550433032002
120.88500000000001,3.5724589845183461
120.886,3.5733613371266006
120.887,3.5742620823707911
120.88800000000001,3.5751612015340903
120.889,3.5760586759402608
120.89,3.5769544869539276
120.89100000000001,3.5778486159808267
120.892,3.5787410444680532
120.893,3.5796317539043256
120.89400000000001,3.5805207258202305
120.895,3.5814079417884805
120.896,3.5822933834241546
120.89700000000001,3.583177032384965
120.898,3.5840588703714884
120.899,3.5849388791274279
120.90000000000001,3.5858170404398546
120.901,3.5866933361394508
120.902,3.5875677481007635
120.90300000000001,3.5884402582424419
120.904,3.5893108485274858
120.905,3.5901795009634885
120.90600000000001,3.5910461976028758
120.907,3.5919109205431443
120.908,3.5927736519271143
120.90900000000001,3.5936343739431571
120.91,3.5944930688254315
120.911,3.5953497188541359
120.91200000000001,3.5962043063557285
120.913,3.5970568137031709
120.914,3.597907223316164
120.91500000000001,3.5987555176613757
120.916,3.5996016792526779
120.917,3.6004456906513784
120.91800000000001,3.6012875344664472
120.919,3.6021271933547538
120.92,3.6029646500212893
120.92100000000001,3.6037998872193979
120.922,3.6046328877509968
120.923,3.6054636344668163
120.92400000000001,3.606292110266609
120.925,3.6071182980993841
120.926,3.6079421809636258
120.92700000000001,3.6087637419075183
120.928,3.6095829640291628
120.929,3.6103998304767968
120.93000000000001,3.6112143244490236
120.931,3.6120264291950113
120.932,3.6128361280147256
120.93300000000001,3.613643404259145
120.934,3.6144482413304644
120.935,3.615250622682316
120.93600000000001,3.616050531819984
120.937,3.6168479523006125
120.938,3.6176428677334211
120.93899999999999,3.6184352617799025
120.94,3.6192251181540502
120.941,3.6200124206225484
120.94199999999999,3.6207971530049807
120.943,3.6215792991740532
120.944,3.6223588430557747
120.94499999999999,3.6231357686296786
120.946,3.6239100599290159
120.947,3.6246817010409504
120.94799999999999,3.6254506761067757
120.949,3.6262169693221029
120.95,3.6269805649370586
120.95099999999999,3.6277414472564855
120.952,3.6284996006401329
120.953,3.6292550095028604
120.95399999999999,3.6300076583148204
120.955,3.6307575316016605
120.956,3.6315046139447063
120.95699999999999,3.6322488899811578
120.958,3.632990344404277
120.959,3.6337289619635715
120.95999999999999,3.6344647274649899
120.961,3.6351976257711032
120.962,3.6359276418012829
120.96299999999999,3.6366547605318953
120.964,3.6373789669964802
120.965,3.6381002462859318
120.96599999999999,3.6388185835486722
120.967,3.6395339639908437
120.968,3.6402463728764767
120.96899999999999,3.6409557955276668
120.97,3.6416622173247566
120.971,3.6423656237065076
120.97199999999999,3.6430660001702684
120.973,3.6437633322721519
120.974,3.6444576056272053
120.97499999999999,3.645148805909578
120.976,3.645836918852698
120.977,3.6465219302494249
120.97799999999999,3.6472038259522304
120.979,3.647882591873354
120.98,3.6485582139849724
120.98099999999999,3.6492306783193644
120.982,3.6498999709690594
120.983,3.6505660780870128
120.98399999999999,3.6512289858867613
120.985,3.6518886806425739
120.986,3.6525451486896179
120.98699999999999,3.6531983764241058
120.988,3.6538483503034591
120.989,3.6544950568464589
120.98999999999999,3.6551384826333875
120.991,3.655778614306195
120.992,3.6564154385686409
120.99299999999999,3.6570489421864423
120.994,3.6576791119874192
120.995,3.658305934861648
120.996,3.6589293977616029
120.997,3.6595494877022947
120.998,3.6601661917614168
120.999,3.6607794970794902
121,3.6613893908599957
121.001,3.6619958603695206
121.002,3.6625988929378925
121.003,3.6631984759583087
121.004,3.6637945968874845
121.005,3.6643872432457814
121.006,3.6649764026173299
121.00700000000001,3.665562062650177
121.008,3.6661442110564124
121.009,3.6667228356122799
121.01000000000001,3.6672979241583308
121.011,3.6678694645995371
121.012,3.6684374449054102
121.01300000000001,3.6690018531101405
121.014,3.669562677312709
121.015,3.6701199056770095
121.01600000000001,3.6706735264319716
121.017,3.6712235278716765
121.018,3.6717698983554845
121.01900000000001,3.6723126263081314
121.02,3.6728517002198684
121.021,3.673387108646553
121.02200000000001,3.6739188402097733
121.023,3.6744468835969633
121.024,3.6749712275614987
121.02500000000001,3.675491860922822
121.026,3.6760087725665347
121.027,3.6765219514445118
121.02800000000001,3.6770313865750133
121.029,3.6775370670427696
121.03,3.6780389819991024
121.03100000000001,3.6785371206620114
121.032,3.679031472316284
121.033,3.679522026313589
121.03400000000001,3.6800087720725756
121.035,3.6804916990789689
121.036,3.68097079688566
121.03700000000001,3.6814460551128105
121.038,3.6819174634479328
121.039,3.6823850116459846
121.04000000000001,3.6828486895294681
121.041,3.6833084869884969
121.042,3.6837643939809075
121.04300000000001,3.6842164005323266
121.044,3.6846644967362634
121.045,3.6851086727541915
121.04600000000001,3.6855489188156261
121.047,3.6859852252182179
121.048,3.6864175823278131
121.04900000000001,3.6868459805785498
121.05,3.6872704104729159
121.051,3.6876908625818432
121.05200000000001,3.688107327544766
121.053,3.6885197960697056
121.054,3.6889282589333314
121.05500000000001,3.6893327069810367
121.056,3.6897331311270092
121.057,3.6901295223542911
121.05800000000001,3.6905218717148554
121.059,3.6909101703296603
121.06,3.6912944093887159
121.06100000000001,3.6916745801511528
121.062,3.6920506739452739
121.063,3.6924226821686252
121.06399999999999,3.6927905962880336
121.065,3.6931544078396934
121.066,3.6935141084291923
121.06699999999999,3.6938696897315877
121.068,3.694221143491446
121.069,3.6945684615229029
121.06999999999999,3.6949116357097083
121.071,3.6952506580052775
121.072,3.6955855204327417
121.07299999999999,3.6959162150849894
121.074,3.6962427341247146
121.075,3.6965650697844596
121.07599999999999,3.6968832143666548
121.077,3.6971971602436735
121.078,3.6975068998578475
121.07899999999999,3.6978124257215299
121.08,3.6981137304171146
121.081,3.6984108065970869
121.08199999999999,3.6987036469840451
121.083,3.6989922443707428
121.084,3.699276591620114
121.08499999999999,3.6995566816653147
121.086,3.6998325075097389
121.087,3.7001040622270542
121.08799999999999,3.7003713389612312
121.089,3.7006343309265581
121.09,3.7008930314076771
121.09099999999999,3.7011474337596031
121.092,3.7013975314077392
121.093,3.7016433178479078
121.09399999999999,3.7018847866463602
121.095,3.7021219314397973
121.096,3.7023547459353852
121.09699999999999,3.702583223910775
121.098,3.7028073592141144
121.099,3.7030271457640485
121.09999999999999,3.7032425775497524
121.101,3.7034536486309246
121.102,3.7036603531377974
121.10299999999999,3.7038626852711509
121.104,3.7040606393023126
121.105,3.7042542095731665
121.10599999999999,3.7044433904961522
121.107,3.7046281765542677
121.108,3.704808562301074
121.10899999999999,3.7049845423606893
121.11,3.7051561114277902
121.111,3.7053232642676068
121.11199999999999,3.7054859957159163
121.113,3.7056443006790465
121.114,3.7057981741338573
121.11499999999999,3.7059476111277334
121.116,3.7060926067785829
121.117,3.7062331562748225
121.11799999999999,3.7063692548753568
121.119,3.7065008979095806
121.12,3.7066280807773486
121.121,3.7067507989489634
121.122,3.7068690479651734
121.123,3.7069828234371291
121.124,3.707092121046375
121.125,3.7071969365448352
121.126,3.7072972657547778
121.127,3.7073931045688004
121.128,3.7074844489498018
121.129,3.7075712949309514
121.13,3.7076536386156684
121.131,3.7077314761775879
121.13200000000001,3.7078048038605376
121.133,3.7078736179784899
121.134,3.7079379149155498
121.13500000000001,3.7079976911259092
121.136,3.7080529431338132
121.137,3.7081036675335177
121.13800000000001,3.708149860989268
121.139,3.7081915202352391
121.14,3.7082286420755128
121.14100000000001,3.7082612233840226
121.142,3.7082892611045208
121.143,3.708312752250527
121.14400000000001,3.7083316939052864
121.145,3.7083460832217243
121.146,3.708355917422395
121.14700000000001,3.7083611937994272
121.148,3.7083619097144949
121.149,3.7083580625987338
121.15000000000001,3.7083496499527175
121.151,3.7083366693463846
121.152,3.7083191184189923
121.15300000000001,3.7082969948790581
121.154,3.7082702965042929
121.155,3.7082390211415595
121.15600000000001,3.7082031667068005
121.157,3.7081627311849727
121.158,3.7081177126299965
121.15900000000001,3.7080681091646808
121.16,3.7080139189806669
121.161,3.7079551403383517
121.16200000000001,3.7078917715668309
121.163,3.7078238110638182
121.164,3.7077512572955902
121.16500000000001,3.7076741087968976
121.166,3.7075923641709094
121.167,3.7075060220891229
121.16800000000001,3.7074150812913
121.169,3.7073195405853907
121.17,3.7072193988474496
121.17100000000001,3.7071146550215586
121.172,3.7070053081197516
121.173,3.70689135722193
121.17400000000001,3.7067728014757826
121.175,3.7066496400966926
121.176,3.7065218723676701
121.17700000000001,3.7063894976392566
121.178,3.7062525153294308
121.179,3.7061109249235358
121.18000000000001,3.7059647259741775
121.181,3.7058139181011445
121.182,3.7056585009913006
121.18300000000001,3.7054984743985155
121.184,3.7053338381435443
121.185,3.7051645921139524
121.18600000000001,3.704990736264012
121.187,3.7048122706146023
121.188,3.7046291952531121
121.18899999999999,3.7044415103333455
121.19,3.7042492160754144
121.191,3.7040523127656337
121.19199999999999,3.7038508007564328
121.193,3.7036446804662306
121.194,3.7034339523793482
121.19499999999999,3.7032186170458905
121.196,3.7029986750816457
121.197,3.7027741271679702
121.19799999999999,3.7025449740516834
121.199,3.7023112165449534
121.2,3.7020728555251887
121.20099999999999,3.7018298919349171
121.202,3.701582326781681
121.203,3.7013301611379159
121.20399999999999,3.7010733961408322
121.205,3.7008120329922995
121.206,3.7005460729587325
121.20699999999999,3.7002755173709643
121.208,3.7000003676241233
121.209,3.6997206251775241
121.20999999999999,3.6994362915545258
121.211,3.6991473683424205
121.212,3.6988538571923062
121.21299999999999,3.698555759818956
121.214,3.698253078000695
121.215,3.6979458135792633
121.21599999999999,3.6976339684597024
121.217,3.6973175446102067
121.218,3.6969965440619985
121.21899999999999,3.6966709689091983
121.22,3.6963408213086915
121.221,3.696006103479986
121.22199999999999,3.6956668177050771
121.223,3.6953229663283205
121.224,3.6949745517562818
121.22499999999999,3.6946215764576067
121.226,3.6942640429628701
121.227,3.6939019538644517
121.22799999999999,3.6935353118163698
121.229,3.6931641195341607
121.23,3.6927883797947247
121.23099999999999,3.6924080954361758
121.232,3.6920232693577058
121.233,3.6916339045194313
121.23399999999999,3.6912400039422426
121.235,3.6908415707076605
121.236,3.6904386079576792
121.23699999999999,3.6900311188946251
121.238,3.6896191067809925
121.239,3.6892025749392996
121.23999999999999,3.6887815267519226
121.241,3.6883559656609597
121.242,3.6879258951680587
121.24299999999999,3.6874913188342573
121.244,3.6870522402798445
121.245,3.6866086631841801
121.246,3.6861605912855486
121.247,3.6857080283809873
121.248,3.6852509783261373
121.249,3.6847894450350651
121.25,3.6843234324801157
121.251,3.6838529446917345
121.252,3.6833779857583044
121.253,3.6828985598259862
121.254,3.6824146710985417
121.255,3.6819263238371693
121.256,3.6814335223603356
121.25700000000001,3.6809362710436009
121.258,3.680434574319456
121.259,3.6799284366771454
121.26000000000001,3.6794178626624854
121.261,3.6789028568777065
121.262,3.6783834239812707
121.26300000000001,3.6778595686876914
121.264,3.6773312957673614
121.265,3.6767986100463821
121.26600000000001,3.6762615164063694
121.267,3.675720019784289
121.268,3.6751741251722709
121.26900000000001,3.6746238376174238
121.27,3.6740691622216648
121.271,3.6735101041415223
121.27200000000001,3.6729466685879633
121.273,3.6723788608262096
121.274,3.6718066861755458
121.27500000000001,3.67123015000913
121.276,3.6706492577538263
121.277,3.6700640148899941
121.27800000000001,3.6694744269513162
121.279,3.6688804995245965
121.28,3.6682822382495832
121.28100000000001,3.6676796488187673
121.282,3.6670727369771958
121.283,3.6664615085222811
121.28400000000001,3.6658459693036036
121.285,3.6652261252227136
121.286,3.6646019822329512
121.28700000000001,3.6639735463392356
121.288,3.6633408235978751
121.289,3.66270382011637
121.29000000000001,3.6620625420532154
121.291,3.6614169956177003
121.292,3.6607671870697081
121.29300000000001,3.6601131227195198
121.294,3.6594548089276078
121.295,3.6587922521044396
121.29600000000001,3.6581254587102716
121.297,3.6574544352549498
121.298,3.6567791882976968
121.29900000000001,3.656099724446924
121.3,3.6554160503600084
121.301,3.6547281727430985
121.30200000000001,3.6540360983509013
121.303,3.6533398339864798
121.304,3.652639386501038
121.30500000000001,3.6519347627937204
121.306,3.6512259698113985
121.307,3.6505130145484577
121.30800000000001,3.6497959040465924
121.309,3.6490746453945899
121.31,3.6483492457281201
121.31100000000001,3.6476197122295222
121.312,3.6468860521275941
121.313,3.6461482726973724
121.31399999999999,3.64540638125992
121.315,3.6446603851821164
121.316,3.6439102918764332
121.31699999999999,3.6431561088007198
121.318,3.6423978434579904
121.319,3.641635503396202
121.31999999999999,3.640869096208033
121.321,3.6400986295306739
121.322,3.6393241110455961
121.32299999999999,3.6385455484783416
121.324,3.6377629495982893
121.325,3.6369763222184508
121.32599999999999,3.6361856741952332
121.327,3.6353910134282206
121.328,3.6345923478599556
121.32899999999999,3.633789685475711
121.33,3.6329830343032619
121.331,3.6321724024126745
121.33199999999999,3.6313577979160581
121.333,3.6305392289673639
121.334,3.6297167037621367
121.33499999999999,3.628890230537305
121.336,3.6280598175709358
121.337,3.6272254731820261
121.33799999999999,3.6263872057302597
121.339,3.6255450236157793
121.34,3.6246989352789649
121.34099999999999,3.6238489492001902
121.342,3.6229950738996051
121.343,3.6221373179368994
121.34399999999999,3.6212756899110694
121.345,3.6204101984601822
121.346,3.6195408522611494
121.34699999999999,3.6186676600294945
121.348,3.6177906305191119
121.349,3.6169097725220354
121.34999999999999,3.6160250948682133
121.351,3.6151366064252528
121.352,3.6142443160982047
121.35299999999999,3.6133482328293169
121.354,3.612448365597797
121.355,3.611544723419577
121.35599999999999,3.6106373153470868
121.357,3.6097261504689939
121.358,3.6088112379099897
121.35899999999999,3.6078925868305252
121.36,3.6069702064265963
121.361,3.6060441059294899
121.36199999999999,3.6051142946055483
121.363,3.6041807817559253
121.364,3.6032435767163582
121.36499999999999,3.602302688856903
121.366,3.6013581275817161
121.367,3.600409902328801
121.36799999999999,3.5994580225697694
121.369,3.5985024978095979
121.37,3.5975433375863775
121.371,3.5965805514710922
121.372,3.5956141490673499
121.373,3.5946441400111491
121.374,3.5936705339706423
121.375,3.5926933406458756
121.376,3.5917125697685606
121.377,3.5907282311018101
121.378,3.5897403344399113
121.379,3.5887488896080724
121.38,3.5877539064621695
121.381,3.5867553948885069
121.38200000000001,3.5857533648035753
121.383,3.5847478261537926
121.384,3.5837387889152659
121.38500000000001,3.5827262630935381
121.386,3.5817102587233487
121.387,3.5806907858683701
121.38800000000001,3.5796678546209746
121.389,3.5786414751019811
121.39,3.5776116574603982
121.39100000000001,3.5765784118731849
121.392,3.5755417485449961
121.393,3.574501677707941
121.39400000000001,3.5734582096213137
121.395,3.5724113545713667
121.396,3.5713611228710471
121.39700000000001,3.5703075248597376
121.398,3.5692505709030327
121.399,3.5681902713924627
121.40000000000001,3.5671266367452485
121.401,3.5660596774040636
121.402,3.5649894038367549
121.40300000000001,3.5639158265361237
121.404,3.5628389560196512
121.405,3.5617588028292477
121.40600000000001,3.5606753775310134
121.407,3.5595886907149747
121.408,3.5584987529948302
121.40900000000001,3.5574055750077127
121.41,3.5563091674139145
121.411,3.5552095408966515
121.41200000000001,3.5541067061618055
121.413,3.5530006739376647
121.414,3.5518914549746796
121.41500000000001,3.5507790600451976
121.416,3.5496634999432253
121.417,3.5485447854841619
121.41800000000001,3.5474229275045461
121.419,3.5462979368618077
121.42,3.5451698244340113
121.42100000000001,3.5440386011195999
121.422,3.5429042778371436
121.423,3.5417668655250827
121.42400000000001,3.540626375141473
121.425,3.5394828176637345
121.426,3.5383362040883943
121.42700000000001,3.5371865454308322
121.428,3.5360338527250299
121.429,3.534878137023302
121.43000000000001,3.5337194093960633
121.431,3.5325576809315526
121.432,3.5313929627355956
121.43300000000001,3.5302252659313407
121.434,3.5290546016589994
121.435,3.5278809810755991
121.43600000000001,3.5267044153547333
121.437,3.5255249156862885
121.438,3.5243424932762091
121.43899999999999,3.523157159346229
121.44,3.5219689251336241
121.441,3.5207778018909481
121.44199999999999,3.5195838008857923
121.443,3.5183869334005147
121.444,3.5171872107320006
121.44499999999999,3.5159846441913922
121.446,3.5147792451038438
121.447,3.513571024808269
121.44799999999999,3.5123599946570732
121.449,3.511146166015914
121.45,3.509929550263438
121.45099999999999,3.5087101587910281
121.452,3.5074880030025479
121.453,3.5062630943140887
121.45399999999999,3.5050354441537142
121.455,3.5038050639612113
121.456,3.5025719651878298
121.45699999999999,3.5013361592960246
121.458,3.5000976577592127
121.459,3.4988564720615152
121.45999999999999,3.4976126136974974
121.461,3.4963660941719246
121.462,3.4951169249994987
121.46299999999999,3.4938651177046181
121.464,3.4926106838211082
121.465,3.4913536348919809
121.46599999999999,3.490093982469177
121.467,3.4888317381133112
121.468,3.4875669133934295
121.46899999999999,3.4862995198867379
121.47,3.4850295691783693
121.471,3.4837570728611178
121.47199999999999,3.4824820425351968
121.473,3.4812044898079799
121.474,3.4799244262937528
121.47499999999999,3.478641863613456
121.476,3.4773568133944446
121.477,3.4760692872702244
121.47799999999999,3.4747792968802136
121.479,3.4734868538694785
121.48,3.4721919698884971
121.48099999999999,3.4708946565928986
121.482,3.4695949256432153
121.483,3.4682927887046358
121.48399999999999,3.4669882574467499
121.485,3.4656813435433058
121.486,3.4643720586719624
121.48699999999999,3.4630604145140271
121.488,3.4617464227542172
121.489,3.4604300950804179
121.48999999999999,3.4591114431834171
121.491,3.4577904787566718
121.492,3.4564672134960519
121.49299999999999,3.4551416590996
121.494,3.4538138272672754
121.495,3.4524837297007185
121.496,3.4511513781029919
121.497,3.4498167841783438
121.498,3.4484799596319542
121.499,3.4471409161697002
121.5,3.4457996654979013
121.501,3.4444562193230732
121.502,3.4431105893516856
121.503,3.4417627872899281
121.504,3.4404128248434445
121.505,3.4390607137171134
121.506,3.4377064656147818
121.50700000000001,3.4363500922390378
121.508,3.4349916052909641
121.509,3.4336310164698887
121.51000000000001,3.4322683374731504
121.511,3.4309035799958574
121.512,3.4295367557306395
121.51300000000001,3.4281678763674117
121.514,3.4267969535931329
121.515,3.4254239990915627
121.51600000000001,3.4240490245430264
121.517,3.4226720416241747
121.518,3.4212930620077362
121.51900000000001,3.419912097362289
121.52,3.41852915935202
121.521,3.4171442596364781
121.52200000000001,3.4157574098703476
121.523,3.414368621703213
121.524,3.412977906779302
121.52500000000001,3.4115852767372745
121.526,3.4101907432099692
121.527,3.4087943178241806
121.52800000000001,3.4073960122004063
121.529,3.4059958379526325
121.53,3.4045938066880828
121.53100000000001,3.4031899300070014
121.532,3.4017842195023951
121.533,3.4003766867598335
121.53400000000001,3.3989673433571825
121.535,3.3975562008643987
121.536,3.3961432708432744
121.53700000000001,3.3947285648472301
121.538,3.39331209442107
121.539,3.3918938711007502
121.54000000000001,3.3904739064131588
121.541,3.3890522118758755
121.542,3.3876287989969489
121.54300000000001,3.3862036792746704
121.544,3.3847768641973417
121.545,3.3833483652430481
121.54600000000001,3.3819181938794314
121.547,3.3804863615634675
121.548,3.3790528797412351
121.54900000000001,3.3776177598476957
121.55,3.3761810133064625
121.551,3.3747426515295826
121.55200000000001,3.3733026859173094
121.553,3.3718611278578772
121.554,3.3704179887272874
121.55500000000001,3.368973279889075
121.556,3.3675270126940893
121.557,3.3660791984802838
121.55800000000001,3.364629848572485
121.559,3.3631789742821665
121.56,3.3617265869072464
121.56100000000001,3.36027269773186
121.562,3.3588173180261327
121.563,3.357360459045978
121.56399999999999,3.3559021320328712
121.565,3.3544423482136292
121.566,3.3529811188002059
121.56699999999999,3.3515184549894634
121.568,3.350054367962974
121.569,3.348588868886778
121.56999999999999,3.3471219689112051
121.571,3.3456536791706313
121.572,3.3441840107832848
121.57299999999999,3.3427129748510245
121.574,3.3412405824591289
121.575,3.3397668446760935
121.57599999999999,3.3382917725534105
121.577,3.3368153771253661
121.578,3.3353376694088253
121.57899999999999,3.3338586604030302
121.58,3.3323783610893853
121.581,3.3308967824312603
121.58199999999999,3.3294139353737719
121.583,3.3279298308435843
121.584,3.3264444797487016
121.58499999999999,3.3249578929782722
121.586,3.3234700814023643
121.587,3.3219810558717864
121.58799999999999,3.3204908272178661
121.589,3.318999406252261
121.59,3.3175068037667454
121.59099999999999,3.3160130305330231
121.592,3.314518097302515
121.593,3.3130220148061653
121.59399999999999,3.3115247937542449
121.595,3.3100264448361427
121.596,3.3085269787201872
121.59699999999999,3.3070264060534296
121.598,3.30552473746146
121.599,3.3040219835482079
121.59999999999999,3.3025181548957487
121.601,3.3010132620641084
121.602,3.2995073155910708
121.60299999999999,3.2980003259919854
121.604,3.2964923037595737
121.605,3.294983259363744
121.60599999999999,3.2934732032513869
121.607,3.2919621458461998
121.608,3.2904500975484972
121.60899999999999,3.2889370687350112
121.61,3.2874230697587077
121.611,3.2859081109486112
121.61199999999999,3.2843922026095989
121.613,3.2828753550222292
121.614,3.2813575784425586
121.61499999999999,3.2798388831019407
121.616,3.2783192792068601
121.617,3.2767987769387474
121.61799999999999,3.2752773864537845
121.619,3.273755117882736
121.62,3.2722319813307692
121.621,3.2707079868772615
121.622,3.2691831445756376
121.623,3.2676574644531806
121.624,3.2661309565108541
121.625,3.2646036307231334
121.626,3.263075497037824
121.627,3.2615465653758866
121.628,3.2600168456312639
121.629,3.2584863476707016
121.63,3.2569550813335892
121.631,3.2554230564317717
121.63200000000001,3.253890282749385
121.633,3.2523567700426899
121.634,3.2508225280398895
121.63500000000001,3.2492875664409802
121.636,3.2477518949175623
121.637,3.2462155231126815
121.63800000000001,3.2446784606406682
121.639,3.2431407170869582
121.64,3.2416023020079408
121.64100000000001,3.2400632249307844
121.642,3.2385234953532782
121.643,3.2369831227436698
121.64400000000001,3.2354421165404981
121.645,3.2339004861524332
121.646,3.2323582409581277
121.64700000000001,3.2308153903060344
121.648,3.2292719435142727
121.649,3.2277279098704446
121.65000000000001,3.2261832986315069
121.651,3.2246381190235871
121.652,3.2230923802418427
121.65300000000001,3.221546091450306
121.654,3.2199992617817248
121.655,3.2184519003374126
121.65600000000001,3.2169040161870956
121.657,3.2153556183687648
121.658,3.2138067158885111
121.65900000000001,3.212257317720395
121.66,3.2107074328062932
121.661,3.2091570700557295
121.66200000000001,3.2076062383457584
121.663,3.206054946520795
121.664,3.2045032033924841
121.66500000000001,3.2029510177395446
121.666,3.2013983983076297
121.667,3.1998453538091898
121.66800000000001,3.1982918929233195
121.669,3.1967380242956169
121.67,3.1951837565380572
121.67100000000001,3.1936290982288345
121.672,3.1920740579122313
121.673,3.1905186440984865
121.67400000000001,3.1889628652636421
121.675,3.187406729849422
121.676,3.1858502462630875
121.67700000000001,3.1842934228773112
121.678,3.1827362680300277
121.679,3.1811787900243225
121.68000000000001,3.1796209971282723
121.681,3.1780628975748435
121.682,3.1765044995617417
121.68300000000001,3.1749458112512832
121.684,3.1733868407702754
121.685,3.1718275962098827
121.68600000000001,3.1702680856255068
121.687,3.1687083170366428
121.688,3.1671482984267767
121.68899999999999,3.1655880377432455
121.69,3.1640275428971174
121.691,3.1624668217630738
121.69199999999999,3.1609058821792795
121.693,3.1593447319472698
121.694,3.1577833788318292
121.69499999999999,3.1562218305608596
121.696,3.1546600948252834
121.697,3.1530981792789072
121.69799999999999,3.1515360915383193
121.699,3.1499738391827652
121.7,3.1484114297540353
121.70099999999999,3.1468488707563482
121.702,3.1452861696562495
121.703,3.1437233338824804
121.70399999999999,3.142160370825887
121.705,3.1405972878392925
121.706,3.1390340922373996
121.70699999999999,3.1374707912966757
121.708,3.1359073922552501
121.709,3.1343439023128017
121.70999999999999,3.1327803286304547
121.711,3.1312166783306798
121.712,3.1296529584971813
121.71299999999999,3.1280891761747993
121.714,3.1265253383694054
121.715,3.1249614520478
121.71599999999999,3.1233975241376184
121.717,3.1218335615272217
121.718,3.120269571065605
121.71899999999999,3.1187055595622981
121.72,3.1171415337872661
121.721,3.1155775004708159
121.72199999999999,3.1140134663035015
121.723,3.1124494379360277
121.724,3.110885421979158
121.72499999999999,3.109321425003623
121.726,3.1077574535400263
121.727,3.1061935140787567
121.72799999999999,3.104629613069898
121.729,3.1030657569231401
121.73,3.1015019520076832
121.73099999999999,3.0999382046521724
121.732,3.0983745211445868
121.733,3.0968109077321673
121.73399999999999,3.0952473706213324
121.735,3.093683915977592
121.736,3.0921205499254611
121.73699999999999,3.090557278548391
121.738,3.0889941078886736
121.739,3.0874310439473707
121.73999999999999,3.0858680926842341
121.741,3.0843052600176266
121.742,3.0827425518244445
121.74299999999999,3.0811799739400358
121.744,3.0796175321581467
121.745,3.0780552322308186
121.746,3.0764930798683316
121.747,3.0749310807391295
121.748,3.0733692404697495
121.749,3.0718075646447467
121.75,3.0702460588066245
121.751,3.068684728455775
121.752,3.0671235790503983
121.753,3.0655626160064511
121.754,3.0640018446975574
121.755,3.0624412704549684
121.756,3.0608808985674854
121.75700000000001,3.0593207342813935
121.758,3.0577607828004103
121.759,3.0562010492856109
121.76000000000001,3.0546415388553827
121.761,3.0530822565853528
121.762,3.0515232075083292
121.76300000000001,3.049964396614258
121.764,3.0484058288501457
121.765,3.0468475091200222
121.76600000000001,3.0452894422848722
121.767,3.0437316331625848
121.768,3.042174086527905
121.76900000000001,3.0406168071123734
121.77,3.0390597996042814
121.771,3.0375030686486157
121.77200000000001,3.0359466188470137
121.773,3.0343904547577081
121.774,3.0328345808954857
121.77500000000001,3.0312790017316358
121.776,3.029723721693907
121.777,3.0281687451664592
121.77800000000001,3.0266140764898211
121.779,3.0250597199608498
121.78,3.0235056798326791
121.78100000000001,3.0219519603146914
121.782,3.0203985655724646
121.783,3.0188454997277399
121.78400000000001,3.0172927668583789
121.785,3.0157403709983281
121.786,3.0141883161375818
121.78700000000001,3.0126366062221468
121.788,3.0110852451540016
121.789,3.0095342367910671
121.79000000000001,3.0079835849471763
121.791,3.0064332933920346
121.792,3.0048833658511924
121.79300000000001,3.0033338060060082
121.794,3.0017846174936329
121.795,3.0002358039069641
121.79600000000001,2.9986873687946316
121.797,2.9971393156609594
121.798,2.995591647965945
121.79900000000001,2.9940443691252385
121.8,2.9924974825101076
121.801,2.9909509914474208
121.80200000000001,2.9894048992196245
121.803,2.9878592090647214
121.804,2.9863139241762457
121.80500000000001,2.9847690477032449
121.806,2.983224582750263
121.807,2.9816805323773234
121.80800000000001,2.9801368995999082
121.809,2.9785936873889352
121.81,2.9770508986707567
121.81100000000001,2.9755085363271361
121.812,2.9739666031952323
121.813,2.9724251020675982
121.81399999999999,2.9708840356921504
121.815,2.9693434067721736
121.816,2.9678032179663028
121.81699999999999,2.9662634718885199
121.818,2.9647241711081325
121.819,2.963185318149784
121.81999999999999,2.9616469154934304
121.821,2.9601089655743458
121.822,2.9585714707831121
121.82299999999999,2.9570344334656129
121.824,2.9554978559230349
121.825,2.9539617404118683
121.82599999999999,2.9524260891438869
121.827,2.9508909042861804
121.828,2.9493561879611168
121.82899999999999,2.9478219422463701
121.83,2.9462881691749132
121.831,2.9447548707350224
121.83199999999999,2.9432220488702727
121.833,2.9416897054795585
121.834,2.9401578424170811
121.83499999999999,2.9386264614923716
121.836,2.9370955644702841
121.837,2.9355651530710034
121.83799999999999,2.9340352289700746
121.839,2.9325057937983861
121.84,2.9309768491421924
121.84099999999999,2.9294483965431262
121.842,2.9279204374982086
121.843,2.926392973459861
121.84399999999999,2.9248660058359226
121.845,2.9233395359896557
121.846,2.9218135652397761
121.84699999999999,2.9202880948604539
121.848,2.918763126081342
121.849,2.9172386600875901
121.84999999999999,2.9157146980198592
121.851,2.9141912409743504
121.852,2.9126682900028147
121.85299999999999,2.9111458461125865
121.854,2.9096239102665926
121.855,2.9081024833833862
121.85599999999999,2.9065815663371639
121.857,2.9050611599577936
121.858,2.903541265030837
121.85899999999999,2.9020218822975803
121.86,2.9005030124550579
121.861,2.8989846561560793
121.86199999999999,2.897466814009261
121.863,2.8959494865790565
121.864,2.8944326743857798
121.86499999999999,2.8929163779056433
121.866,2.8914005975707919
121.867,2.8898853337693264
121.86799999999999,2.8883705868453449
121.869,2.8868563570989743
121.87,2.8853426447864012
121.871,2.8838294501199231
121.872,2.8823167732679646
121.873,2.8808046143551262
121.874,2.8792929734622255
121.875,2.8777818506263282
121.876,2.8762712458407926
121.877,2.8747611590553124
121.878,2.8732515901759492
121.879,2.8717425390651865
121.88,2.8702340055419668
121.881,2.8687259893817307
121.88200000000001,2.8672184903164721
121.883,2.8657115080347761
121.884,2.8642050421818666
121.88500000000001,2.8626990923596547
121.886,2.8611936581267852
121.887,2.8596887389986865
121.88800000000001,2.8581843344476154
121.889,2.8566804439027158
121.89,2.8551770667500573
121.89100000000001,2.8536742023327033
121.892,2.8521718499507411
121.893,2.8506700088613592
121.89400000000001,2.8491686782788817
121.895,2.8476678573748337
121.896,2.8461675452779938
121.89700000000001,2.8446677410744483
121.898,2.8431684438076501
121.899,2.841669652478477
121.90000000000001,2.8401713660452836
121.901,2.8386735834239731
121.902,2.8371763034880435
121.90300000000001,2.8356795250686586
121.904,2.834183246954697
121.905,2.8326874678928307
121.90600000000001,2.8311921865875744
121.907,2.8296974017013525
121.908,2.8282031118545663
121.90900000000001,2.8267093156256546
121.91,2.8252160115511651
121.911,2.8237231981258124
121.91200000000001,2.8222308738025514
121.913,2.8207390369926455
121.914,2.8192476860657294
121.91500000000001,2.8177568193498836
121.916,2.8162664351317037
121.917,2.8147765316563658
121.91800000000001,2.8132871071277061
121.919,2.8117981597082853
121.92,2.8103096875194646
121.92100000000001,2.808821688641483
121.922,2.8073341611135216
121.923,2.8058471029337873
121.92400000000001,2.8043605120595867
121.925,2.8028743864073942
121.926,2.8013887238529431
121.92700000000001,2.7999035222312911
121.928,2.7984187793368998
121.929,2.796934492923723
121.93000000000001,2.7954506607052774
121.931,2.7939672803547171
121.932,2.7924843495049361
121.93300000000001,2.7910018657486271
121.934,2.7895198266383727
121.935,2.7880382296867303
121.93600000000001,2.7865570723663198
121.937,2.785076352109888
121.938,2.7835960663104187
121.93899999999999,2.7821162123212013
121.94,2.7806367874559266
121.941,2.779157788988762
121.94199999999999,2.7776792141544528
121.943,2.7762010601484004
121.944,2.7747233241267564
121.94499999999999,2.7732460032065087
121.946,2.7717690944655722
121.947,2.7702925949428803
121.94799999999999,2.7688165016384736
121.949,2.7673408115135989
121.95,2.7658655214907957
121.95099999999999,2.7643906284539859
121.952,2.762916129248576
121.953,2.7614420206815451
121.95399999999999,2.759968299521546
121.955,2.7584949624989932
121.956,2.7570220063061646
121.95699999999999,2.7555494275972974
121.958,2.7540772229886845
121.959,2.7526053890587718
121.95999999999999,2.7511339223482598
121.961,2.7496628193601991
121.962,2.7481920765600938
121.96299999999999,2.7467216903759972
121.964,2.7452516571986196
121.965,2.743781973381425
121.96599999999999,2.7423126352407303
121.967,2.740843639055818
121.968,2.7393749810690302
121.96899999999999,2.7379066574858748
121.97,2.7364386644751333
121.971,2.7349709981689654
121.97199999999999,2.7335036546630054
121.973,2.7320366300164856
121.974,2.7305699202523259
121.97499999999999,2.7291035213572492
121.976,2.727637429281891
121.977,2.7261716399409037
121.97799999999999,2.7247061492130675
121.979,2.7232409529413966
121.98,2.7217760469332606
121.98099999999999,2.7203114269604756
121.982,2.7188470887594329
121.983,2.7173830280312021
121.98399999999999,2.7159192404416457
121.985,2.7144557216215333
121.986,2.7129924671666474
121.98699999999999,2.7115294726379102
121.988,2.7100667335614839
121.989,2.7086042454288979
121.98999999999999,2.7071420036971507
121.991,2.7056800037888418
121.992,2.7042182410922742
121.99299999999999,2.7027567109615789
121.994,2.7012954087168306
121.995,2.6998343296441623
121.996,2.6983734689958894
121.997,2.6969128219906247
121.998,2.6954523838133984
121.999,2.6939921496157795
122,2.6925321145159935
122.001,2.6910722735990489
122.002,2.689612621916849
122.003,2.6881531544883188
122.004,2.6866938662995374
122.005,2.6852347523038369
122.006,2.6837758074219513
122.00700000000001,2.6823170265421235
122.008,2.6808584045202353
122.009,2.6793999361799337
122.01000000000001,2.6779416163127521
122.011,2.6764834396782344
122.012,2.6750254010040693
122.01300000000001,2.6735674949862092
122.014,2.6721097162890017
122.015,2.6706520595453123
122.01600000000001,2.6691945193566546
122.017,2.667737090293322
122.018,2.6662797668945104
122.01900000000001,2.6648225436684494
122.02,2.6633654150925361
122.021,2.6619083756134589
122.02200000000001,2.6604514196473303
122.023,2.6589945415798186
122.024,2.6575377357662791
122.02500000000001,2.6560809965318852
122.026,2.6546243181717588
122.027,2.653167694951108
122.02800000000001,2.6517111211053543
122.029,2.6502545908402682
122.03,2.648798098332104
122.03100000000001,2.6473416377277301
122.032,2.6458852031447693
122.033,2.6444287886717315
122.03400000000001,2.6429723883681433
122.035,2.6415159962646939
122.036,2.6400596063633652
122.03700000000001,2.6386032126375638
122.038,2.6371468090322701
122.039,2.6356903894641648
122.04000000000001,2.6342339478217691
122.041,2.6327774779655848
122.042,2.6313209737282346
122.04300000000001,2.6298644289145923
122.044,2.6284078373019315
122.045,2.6269511926400613
122.04600000000001,2.6254944886514595
122.047,2.6240377190314272
122.048,2.6225808774482133
122.04900000000001,2.6211239575431713
122.05,2.6196669529308831
122.051,2.6182098571993158
122.05200000000001,2.616752663909955
122.053,2.6152953665979513
122.054,2.6138379587722578
122.05500000000001,2.6123804339157757
122.056,2.6109227854855037
122.057,2.6094650069126692
122.05799999999999,2.6080070916028797
122.059,2.6065490329362673
122.06,2.6050908242676316
122.06100000000001,2.6036324589265853
122.062,2.6021739302176945
122.063,2.6007152314206308
122.06399999999999,2.599256355790315
122.065,2.5977972965570615
122.066,2.5963380469267245
122.06700000000001,2.5948786000808428
122.068,2.5934189491767956
122.069,2.5919590873479428
122.06999999999999,2.5904990077037642
122.071,2.5890387033300253
122.072,2.5875781672889127
122.07299999999999,2.5861173926191867
122.074,2.5846563723363265
122.075,2.5831950994326816
122.07599999999999,2.5817335668776242
122.077,2.5802717676176927
122.078,2.578809694576742
122.07899999999999,2.5773473406560958
122.08,2.5758846987346988
122.081,2.5744217616692593
122.08199999999999,2.5729585222944094
122.083,2.5714949734228454
122.084,2.5700311078454927
122.08499999999999,2.5685669183316433
122.086,2.5671023976291121
122.087,2.5656375384643941
122.08799999999999,2.5641723335428108
122.089,2.5627067755486639
122.09,2.5612408571453842
122.09099999999999,2.5597745709756952
122.092,2.5583079096617531
122.093,2.5568408658053072
122.09399999999999,2.5553734319878521
122.095,2.5539056007707788
122.096,2.5524373646955363
122.09699999999999,2.5509687162837729
122.098,2.5494996480375036
122.099,2.5480301524392543
122.09999999999999,2.5465602219522223
122.101,2.545089849020429
122.102,2.5436190260688729
122.10299999999999,2.542147745503692
122.104,2.5406759997123118
122.105,2.5392037810636019
122.10599999999999,2.5377310819080328
122.107,2.5362578945778358
122.108,2.5347842113871528
122.10899999999999,2.533310024632196
122.11,2.5318353265914015
122.111,2.5303601095255894
122.11199999999999,2.5288843656781204
122.113,2.527408087275048
122.114,2.5259312665252818
122.11499999999999,2.5244538956207383
122.116,2.5229759667365053
122.117,2.5214974720309948
122.11799999999999,2.5200184036460986
122.119,2.5185387537073534
122.12,2.5170585143240909
122.121,2.5155776775896017
122.122,2.5140962355812877
122.123,2.5126141803608286
122.124,2.5111315039743336
122.125,2.5096481984524992
122.126,2.5081642558107742
122.127,2.506679668049514
122.128,2.5051944271541378
122.129,2.5037085250952935
122.13,2.502221953829014
122.131,2.500734705296872
122.13200000000001,2.499246771426145
122.133,2.4977581441299779
122.134,2.496268815307531
122.13500000000001,2.4947787768441496
122.136,2.4932880206115184
122.137,2.4917965384678262
122.13800000000001,2.490304322257924
122.139,2.4888113638134781
122.14,2.4873176549531415
122.14100000000001,2.4858231874827061
122.142,2.4843279531952684
122.143,2.4828319438713811
122.14400000000001,2.4813351512792252
122.145,2.4798375671747612
122.146,2.4783391833018951
122.14700000000001,2.476839991392632
122.148,2.475339983167244
122.149,2.4738391503344319
122.15000000000001,2.4723374845914767
122.151,2.4708349776244085
122.152,2.4693316211081644
122.15300000000001,2.4678274067067498
122.154,2.466322326073398
122.155,2.4648163708507331
122.15600000000001,2.4633095326709311
122.157,2.4618018031558764
122.158,2.4602931739173308
122.15900000000001,2.4587836365570892
122.16,2.4572731826671386
122.161,2.4557618038298239
122.16200000000001,2.4542494916180098
122.163,2.4527362375952362
122.164,2.451222033315883
122.16500000000001,2.4497068703253309
122.166,2.4481907401601251
122.167,2.4466736343481323
122.16800000000001,2.4451555444086996
122.169,2.4436364618528263
122.17,2.4421163781833144
122.17100000000001,2.4405952848949348
122.172,2.439073173474585
122.173,2.4375500354014572
122.17400000000001,2.43602586214719
122.175,2.4345006451760369
122.176,2.4329743759450269
122.17700000000001,2.4314470459041182
122.178,2.4299186464963696
122.179,2.4283891691580926
122.18000000000001,2.4268586053190191
122.181,2.4253269464024578
122.182,2.4237941838254611
122.18299999999999,2.4222603089989727
122.184,2.4207253133280058
122.185,2.4191891882117944
122.18600000000001,2.4176519250439519
122.187,2.4161135152126376
122.188,2.4145739501007131
122.18899999999999,2.4130332210859087
122.19,2.4114913195409757
122.191,2.4099482368338538
122.19200000000001,2.4084039643278259
122.193,2.4068584933816854
122.194,2.4053118153498909
122.19499999999999,2.4037639215827276
122.196,2.4022148034264665
122.197,2.4006644522235314
122.19799999999999,2.3991128593126447
122.199,2.3975600160290078
122.2,2.3960059137044354
122.20099999999999,2.3944505436675416
122.202,2.3928938972438778
122.203,2.3913359657561104
122.20399999999999,2.389776740524161
122.205,2.3882162128653852
122.206,2.3866543740947166
122.20699999999999,2.3850912155248394
122.208,2.3835267284663306
122.209,2.3819609042278378
122.20999999999999,2.3803937341162258
122.211,2.3788252094367368
122.212,2.377255321493152
122.21299999999999,2.3756840615879518
122.214,2.3741114210224681
122.215,2.372537391097048
122.21599999999999,2.3709619631112062
122.217,2.3693851283637937
122.218,2.3678068781531425
122.21899999999999,2.3662272037772341
122.22,2.3646460965338498
122.221,2.3630635477207322
122.22199999999999,2.3614795486357436
122.223,2.3598940905770194
122.224,2.358307164843128
122.22499999999999,2.3567187627332258
122.226,2.3551288755472184
122.227,2.353537494585908
122.22799999999999,2.3519446111511622
122.229,2.3503502165460621
122.23,2.3487543020750619
122.23099999999999,2.3471568590441407
122.232,2.3455578787609617
122.233,2.3439573525350319
122.23399999999999,2.3423552716778482
122.235,2.3407516275030638
122.236,2.3391464113266309
122.23699999999999,2.3375396144669676
122.238,2.3359312282451059
122.239,2.3343212439848506
122.23999999999999,2.3327096530129263
122.241,2.3310964466591431
122.242,2.329481616256543
122.24299999999999,2.3278651531415497
122.244,2.3262470486541358
122.245,2.3246272941379682
122.246,2.3230058809405576
122.247,2.3213828004134212
122.248,2.3197580439122261
122.249,2.3181316027969499
122.25,2.3165034684320331
122.251,2.3148736321865213
122.252,2.313242085434231
122.253,2.3116088195538946
122.254,2.3099738259293088
122.255,2.3083370959494993
122.256,2.3066986210088527
122.25700000000001,2.3050583925072852
122.258,2.3034164018503858
122.259,2.301772640449566
122.26000000000001,2.3001270997222156
122.261,2.2984797710918432
122.262,2.2968306459882406
122.26300000000001,2.2951797158476164
122.264,2.2935269721127618
122.265,2.2918724062331863
122.26600000000001,2.2902160096652744
122.267,2.2885577738724332
122.268,2.2868976903252407
122.26900000000001,2.2852357505015894
122.27,2.2835719458868464
122.271,2.2819062679739859
122.27200000000001,2.2802387082637519
122.273,2.2785692582647941
122.274,2.2768979094938202
122.27500000000001,2.2752246534757443
122.276,2.2735494817438262
122.277,2.2718723858398304
122.27800000000001,2.2701933573141595
122.279,2.2685123877260041
122.28,2.2668294686434955
122.28100000000001,2.2651445916438377
122.282,2.2634577483134675
122.283,2.2617689302481869
122.28400000000001,2.2600781290533134
122.285,2.2583853363438231
122.286,2.2566905437444964
122.28700000000001,2.2549937428900582
122.288,2.2532949254253243
122.289,2.2515940830053429
122.29000000000001,2.2498912072955415
122.291,2.2481862899718603
122.292,2.2464793227209046
122.29300000000001,2.2447702972400805
122.294,2.2430592052377403
122.295,2.2413460384333215
122.29600000000001,2.2396307885574855
122.297,2.2379134473522666
122.298,2.2361940065712043
122.29900000000001,2.2344724579794901
122.3,2.2327487933540997
122.301,2.2310230044839372
122.30200000000001,2.2292950831699767
122.303,2.2275650212254012
122.304,2.2258328104757319
122.30500000000001,2.2240984427589767
122.306,2.2223619099257701
122.307,2.220623203839498
122.30799999999999,2.2188823163764484
122.309,2.217139239425939
122.31,2.2153939648904659
122.31100000000001,2.2136464846858246
122.312,2.2118967907412586
122.313,2.2101448749995876
122.31399999999999,2.2083907294173488
122.315,2.2066343459649307
122.316,2.2048757166267028
122.31700000000001,2.2031148334011563
122.318,2.2013516883010356
122.319,2.1995862733534737
122.31999999999999,2.1978185806001229
122.321,2.1960486020972909
122.322,2.194276329916073
122.32299999999999,2.1925017561424833
122.324,2.1907248728775879
122.325,2.1889456722376353
122.32599999999999,2.1871641463541933
122.327,2.1853802873742723
122.328,2.18359408746046
122.32899999999999,2.1818055387910529
122.33,2.1800146335601842
122.331,2.1782213639779555
122.33199999999999,2.1764257222705634
122.333,2.1746277006804333
122.334,2.1728272914663429
122.33499999999999,2.1710244869035522
122.336,2.1692192792839315
122.337,2.1674116609160938
122.33799999999999,2.1656016241255136
122.339,2.1637891612546576
122.34,2.1619742646631117
122.34099999999999,2.1601569267277108
122.342,2.1583371398426556
122.343,2.1565148964196461
122.34399999999999,2.1546901888880039
122.345,2.1528630096947903
122.346,2.1510333513049451
122.34699999999999,2.1492012062013983
122.348,2.1473665668851973
122.349,2.1455294258756301
122.34999999999999,2.143689775710349
122.351,2.1418476089454943
122.352,2.1400029181558073
122.35299999999999,2.1381556959347665
122.354,2.1363059348946982
122.355,2.1344536276668982
122.35599999999999,2.1325987669017583
122.357,2.1307413452688775
122.358,2.1288813554571906
122.35899999999999,2.1270187901750837
122.36,2.1251536421505093
122.361,2.1232859041311092
122.36199999999999,2.1214155688843368
122.363,2.1195426291975625
122.364,2.1176670778782025
122.36499999999999,2.1157889077538314
122.366,2.1139081116722975
122.367,2.1120246825018416
122.36799999999999,2.1101386131312099
122.369,2.1082498964697716
122.37,2.1063585254476322
122.371,2.1044644930157501
122.372,2.1025677921460475
122.373,2.1006684158315267
122.374,2.0987663570863848
122.375,2.0968616089461221
122.376,2.094954164467655
122.377,2.0930440167294329
122.378,2.0911311588315447
122.379,2.0892155838958373
122.38,2.0872972850660121
122.381,2.0853762555077511
122.38200000000001,2.0834524884088208
122.383,2.0815259769791763
122.384,2.0795967144510783
122.38500000000001,2.0776646940791981
122.386,2.0757299091407284
122.387,2.0737923529354862
122.38800000000001,2.071852018786029
122.389,2.0699089000377455
122.39,2.0679629900589833
122.39100000000001,2.0660142822411403
122.392,2.0640627699987775
122.393,2.0621084467697171
122.39400000000001,2.0601513060151539
122.395,2.0581913412197586
122.396,2.0562285458917819
122.39700000000001,2.0542629135631532
122.398,2.0522944377895906
122.399,2.0503231121507
122.40000000000001,2.0483489302500795
122.401,2.0463718857154167
122.402,2.0443919721985941
122.40300000000001,2.042409183375792
122.404,2.0404235129475832
122.405,2.0384349546390377
122.40600000000001,2.0364435021998175
122.407,2.0344491494042853
122.408,2.0324518900515902
122.40900000000001,2.0304517179657791
122.41,2.0284486269958828
122.411,2.0264426110160225
122.41200000000001,2.0244336639255032
122.413,2.022421779648909
122.414,2.0204069521362
122.41500000000001,2.0183891753628123
122.416,2.0163684433297475
122.417,2.0143447500636653
122.41800000000001,2.0123180896169881
122.419,2.0102884560679866
122.42,2.0082558435208768
122.42100000000001,2.0062202461059053
122.422,2.0041816579794594
122.423,2.0021400733241346
122.42400000000001,2.00009548634885
122.425,1.9980478912889259
122.426,1.9959972824061727
122.42700000000001,1.9939436539889952
122.428,1.9918870003524667
122.429,1.9898273158384261
122.43000000000001,1.9877645948155642
122.431,1.9856988316795183
122.432,1.9836300208529516
122.43299999999999,1.9815581567856468
122.434,1.979483233954586
122.435,1.9774052468640497
122.43600000000001,1.9753241900456904
122.437,1.9732400580586229
122.438,1.9711528454895153
122.43899999999999,1.9690625469526628
122.44,1.9669691570900794
122.441,1.9648726705715829
122.44200000000001,1.9627730820948699
122.443,1.9606703863856088
122.444,1.9585645781975161
122.44499999999999,1.9564556523124415
122.446,1.9543436035404453
122.447,1.9522284267198842
122.44799999999999,1.9501101167174886
122.449,1.9479886684284451
122.45,1.9458640767764717
122.45099999999999,1.9437363367139069
122.452,1.9416054432217766
122.453,1.9394713913098798
122.45399999999999,1.9373341760168596
122.455,1.9351937924102955
122.456,1.9330502355867605
122.45699999999999,1.9309035006719091
122.458,1.9287535828205526
122.459,1.9266004772167351
122.45999999999999,1.9244441790738036
122.461,1.922284683634484
122.462,1.9201219861709595
122.46299999999999,1.9179560819849426
122.464,1.9157869664077438
122.465,1.9136146348003491
122.46599999999999,1.9114390825534868
122.467,1.9092603050877077
122.468,1.9070782978534533
122.46899999999999,1.9048930563311171
122.47,1.9027045760311272
122.471,1.9005128524940154
122.47199999999999,1.8983178812904757
122.473,1.8961196580214423
122.474,1.8939181783181582
122.47499999999999,1.8917134378422396
122.476,1.8895054322857465
122.477,1.8872941573712421
122.47799999999999,1.8850796088518713
122.479,1.882861782511418
122.48,1.8806406741643737
122.48099999999999,1.8784162796560024
122.482,1.8761885948624011
122.483,1.8739576156905757
122.48399999999999,1.8717233380784926
122.485,1.8694857579951414
122.486,1.8672448714406107
122.48699999999999,1.8650006744461374
122.488,1.8627531630741743
122.489,1.8605023334184523
122.48999999999999,1.8582481816040324
122.491,1.8559907037873828
122.492,1.8537298961564219
122.49299999999999,1.8514657549305866
122.494,1.849198276360891
122.495,1.8469274567299805
122.496,1.8446532923521946
122.497,1.8423757795736244
122.498,1.8400949147721621
122.499,1.8378106943575698
122.5,1.8355231147715254
122.501,1.8332321724876803
122.502,1.8309378640117218
122.503,1.8286401858814161
122.504,1.8263391346666755
122.505,1.8240347069695977
122.506,1.8217268994245335
122.50700000000001,1.8194157086981253
122.508,1.8171011314893768
122.509,1.8147831645296866
122.51000000000001,1.8124618045829108
122.511,1.8101370484454127
122.512,1.8078088929461114
122.51300000000001,1.8054773349465285
122.514,1.8031423713408476
122.515,1.8008039990559492
122.51600000000001,1.7984622150514751
122.517,1.7961170163198616
122.518,1.7937683998863982
122.51900000000001,1.7914163628092679
122.52,1.7890609021795987
122.521,1.7867020151215067
122.52200000000001,1.7843396987921434
122.523,1.7819739503817353
122.524,1.7796047671136459
122.52500000000001,1.7772321462443945
122.526,1.7748560850637198
122.527,1.7724765808946161
122.52800000000001,1.7700936310933777
122.529,1.7677072330496415
122.53,1.7653173841864258
122.53100000000001,1.762924081960175
122.532,1.7605273238608028
122.533,1.7581271074117231
122.53400000000001,1.7557234301699087
122.535,1.7533162897259049
122.536,1.7509056837038965
122.53700000000001,1.7484916097617211
122.538,1.7460740655909284
122.539,1.7436530489168058
122.54000000000001,1.7412285574984199
122.541,1.7388005891286489
122.542,1.7363691416342251
122.54300000000001,1.7339342128757691
122.544,1.7314958007478247
122.545,1.7290539031788903
122.54600000000001,1.7266085181314614
122.547,1.7241596436020554
122.548,1.721707277621253
122.54900000000001,1.7192514182537293
122.55,1.7167920635982834
122.551,1.714329211787871
122.55200000000001,1.7118628609896436
122.553,1.7093930094049701
122.554,1.7069196552694734
122.55500000000001,1.7044427968530576
122.556,1.7019624324599434
122.557,1.6994785604286919
122.55799999999999,1.6969911791322336
122.559,1.6945002869778985
122.56,1.6920058824074511
122.56100000000001,1.6895079638971082
122.562,1.6870065299575652
122.563,1.6845015791340354
122.56399999999999,1.6819931100062635
122.565,1.6794811211885583
122.566,1.6769656113298135
122.56700000000001,1.6744465791135372
122.568,1.6719240232578749
122.569,1.6693979425156349
122.56999999999999,1.6668683356743061
122.571,1.6643352015560868
122.572,1.6617985390179104
122.57299999999999,1.659258346951455
122.574,1.6567146242831807
122.575,1.6541673699743393
122.57599999999999,1.6516165830210028
122.577,1.6490622624540796
122.578,1.6465044073393336
122.57899999999999,1.6439430167774081
122.58,1.6413780899038457
122.581,1.6388096258890985
122.58199999999999,1.6362376239385545
122.583,1.6336620832925521
122.584,1.6310830032264025
122.58499999999999,1.6285003830503944
122.586,1.6259142221098268
122.587,1.6233245197850117
122.58799999999999,1.6207312754912957
122.589,1.6181344886790781
122.59,1.6155341588338161
122.59099999999999,1.6129302854760486
122.592,1.610322868161405
122.593,1.6077119064806227
122.59399999999999,1.6050974000595528
122.595,1.6024793485591808
122.596,1.5998577516756365
122.59699999999999,1.5972326091402014
122.598,1.5946039207193263
122.599,1.5919716862146309
122.59999999999999,1.5893359054629346
122.601,1.5866965783362481
122.602,1.5840537047417844
122.60299999999999,1.5814072846219815
122.604,1.5787573179544965
122.605,1.576103804752222
122.60599999999999,1.5734467450632912
122.607,1.5707861389710818
122.608,1.5681219865942362
122.60899999999999,1.5654542880866513
122.61,1.562783043637491
122.611,1.5601082534711996
122.61199999999999,1.5574299178474962
122.613,1.554748037061386
122.614,1.5520626114431613
122.61499999999999,1.5493736413584087
122.616,1.5466811272080117
122.617,1.5439850694281509
122.61799999999999,1.5412854684903103
122.619,1.5385823249012804
122.62,1.5358756392031583
122.621,1.5331654119733487
122.622,1.5304516438245668
122.623,1.5277343354048343
122.624,1.5250134873974925
122.625,1.5222891005211849
122.626,1.5195611755298666
122.627,1.5168297132128052
122.628,1.5140947143945764
122.629,1.5113561799350603
122.63,1.5086141107294413
122.631,1.5058685077082061
122.63200000000001,1.5031193718371387
122.633,1.500366704117325
122.634,1.497610505585135
122.63500000000001,1.4948507773122284
122.636,1.4920875204055513
122.637,1.4893207360073295
122.63800000000001,1.4865504252950532
122.639,1.4837765894814874
122.64,1.4809992298146581
122.64100000000001,1.4782183475778448
122.642,1.4754339440895734
122.643,1.4726460207036127
122.64400000000001,1.4698545788089601
122.645,1.467059619829846
122.646,1.4642611452257124
122.64700000000001,1.4614591564912067
122.648,1.4586536551561768
122.649,1.4558446427856637
122.65000000000001,1.4530321209798802
122.651,1.450216091374211
122.652,1.4473965556391999
122.65300000000001,1.444573515480533
122.654,1.4417469726390357
122.655,1.4389169288906514
122.65600000000001,1.4360833860464419
122.657,1.4332463459525577
122.658,1.4304058104902455
122.65900000000001,1.4275617815758106
122.66,1.4247142611606236
122.661,1.4218632512311005
122.66200000000001,1.4190087538086837
122.663,1.4161507709498271
122.664,1.4132893047459847
122.66500000000001,1.4104243573235968
122.666,1.4075559308440702
122.667,1.4046840275037589
122.66800000000001,1.4018086495339492
122.669,1.3989297992008534
122.67,1.3960474788055737
122.67100000000001,1.3931616906840967
122.672,1.3902724372072734
122.673,1.3873797207807979
122.67400000000001,1.3844835438451897
122.675,1.3815839088757738
122.676,1.3786808183826622
122.67700000000001,1.3757742749107345
122.678,1.3728642810396137
122.679,1.3699508393836517
122.68000000000001,1.3670339525918993
122.681,1.3641136233480968
122.682,1.3611898543706369
122.68299999999999,1.358262648412556
122.684,1.355332008261505
122.685,1.3523979367397319
122.68600000000001,1.3494604367040477
122.687,1.346519511045813
122.688,1.3435751626909114
122.68899999999999,1.340627394599724
122.69,1.3376762097671073
122.691,1.3347216112223612
122.69200000000001,1.3317636020292105
122.693,1.3288021852857814
122.694,1.3258373641245673
122.69499999999999,1.3228691417124101
122.696,1.3198975212504633
122.697,1.3169225059741825
122.69799999999999,1.3139440991532787
122.699,1.3109623040917033
122.7,1.3079771241276106
122.70099999999999,1.3049885626333437
122.702,1.3019966230153917
122.703,1.2990013087143653
122.70399999999999,1.2960026232049691
122.705,1.2930005699959741
122.706,1.2899951526301803
122.70699999999999,1.286986374684393
122.708,1.2839742397693836
122.709,1.2809587515298784
122.70999999999999,1.2779399136444978
122.711,1.2749177298257517
122.712,1.2718922038199914
122.71299999999999,1.2688633394073823
122.714,1.2658311404018749
122.715,1.2627956106511657
122.71599999999999,1.2597567540366619
122.717,1.2567145744734627
122.718,1.2536690759103064
122.71899999999999,1.2506202623295493
122.72,1.2475681377471242
122.721,1.2445127062125123
122.72199999999999,1.2414539718087028
122.723,1.2383919386521542
122.724,1.235326610892769
122.72499999999999,1.2322579927138504
122.726,1.2291860883320669
122.727,1.2261109019974135
122.72799999999999,1.223032437993183
122.729,1.2199507006359176
122.73,1.2168656942753828
122.73099999999999,1.2137774232945184
122.732,1.2106858921094061
122.733,1.2075911051692363
122.73399999999999,1.2044930669562555
122.735,1.2013917819857403
122.736,1.1982872548059516
122.73699999999999,1.195179489998099
122.738,1.1920684921762965
122.739,1.1889542659875207
122.73999999999999,1.1858368161115811
122.741,1.1827161472610648
122.742,1.1795922641813084
122.74299999999999,1.1764651716503476
122.744,1.1733348744788761
122.745,1.1702013775102134
122.746,1.1670646856202489
122.747,1.1639248037174115
122.748,1.1607817367426154
122.749,1.1576354896692274
122.75,1.1544860675030186
122.751,1.1513334752821187
122.752,1.1481777180769761
122.753,1.1450188009903113
122.754,1.1418567291570776
122.755,1.1386915077444053
122.756,1.1355231419515697
122.75700000000001,1.132351637009934
122.758,1.1291769981829178
122.759,1.1259992307659319
122.76000000000001,1.122818340086353
122.761,1.1196343315034607
122.762,1.1164472104084036
122.76300000000001,1.1132569822241405
122.764,1.1100636524054046
122.765,1.1068672264386477
122.76600000000001,1.1036677098419982
122.767,1.1004651081652095
122.768,1.0972594269896097
122.76900000000001,1.0940506719280596
122.77,1.0908388486249039
122.771,1.0876239627559139
122.77200000000001,1.0844060200282453
122.773,1.0811850261803859
122.774,1.0779609869821121
122.77500000000001,1.0747339082344278
122.776,1.0715037957695213
122.777,1.0682706554507138
122.77800000000001,1.0650344931724129
122.779,1.0617953148600532
122.78,1.0585531264700481
122.78100000000001,1.0553079339897398
122.782,1.0520597434373546
122.783,1.0488085608619331
122.78400000000001,1.0455543923432931
122.785,1.0422972439919738
122.786,1.0390371219491805
122.78700000000001,1.0357740323867337
122.788,1.0325079815070151
122.789,1.0292389755429125
122.79000000000001,1.0259670207577729
122.791,1.0226921234453412
122.792,1.0194142899297063
122.79300000000001,1.0161335265652522
122.794,1.0128498397366021
122.795,1.0095632358585602
122.79600000000001,1.0062737213760569
122.797,1.002981302764097
122.798,0.99968598652770568
122.79900000000001,0.99638777920186428
122.8,0.99308668735146233
122.801,0.98978271757123837
122.80200000000001,0.98647587648572577
122.803,0.98316617074919321
122.804,0.97985360704558744
122.80500000000001,0.97653819208848081
122.806,0.97321993262101003
122.807,0.96989883541582067
122.80799999999999,0.96657490727500761
122.809,0.9632481550300569
122.81,0.95991858554179377
122.81100000000001,0.95658620570031561
122.812,0.95325102242493864
122.813,0.94991304266413579
122.81399999999999,0.94657227339548689
122.815,0.94322872162560412
122.816,0.9398823943900867
122.81700000000001,0.93653329875345115
122.818,0.93318144180908202
122.819,0.92982683067916261
122.81999999999999,0.92646947251461675
122.821,0.92310937449505115
122.822,0.91974654382869625
122.82299999999999,0.91638098775234056
122.824,0.91301271353127111
122.825,0.90964172845921087
122.82599999999999,0.9062680398582672
122.827,0.90289165507885594
122.828,0.8995125814996463
122.82899999999999,0.89613082652750187
122.83,0.8927463975974157
122.831,0.88935930217244596
122.83199999999999,0.88596954774365577
122.833,0.88257714183004565
122.834,0.87918209197850605
122.83499999999999,0.87578440576373073
122.836,0.87238409078817214
122.837,0.86898115468196968
122.83799999999999,0.86557560510289089
122.839,0.86216744973626058
122.84,0.8587566962949027
122.84099999999999,0.85534335251907256
122.842,0.85192742617639872
122.843,0.84850892506180942
122.84399999999999,0.84508785699747269
122.845,0.84166422983273104
122.846,0.83823805144403951
122.84699999999999,0.83480932973489264
122.848,0.83137807263576624
122.849,0.82794428810404508
122.84999999999999,0.82450798412396908
122.851,0.82106916870655011
122.852,0.81762784988951975
122.85299999999999,0.81418403573725628
122.854,0.81073773434072272
122.855,0.80728895381739463
122.85599999999999,0.80383770231119711
122.857,0.80038398799243615
122.858,0.79692781905773269
122.85899999999999,0.79346920372995688
122.86,0.79000815025815396
122.861,0.78654466691748026
122.86199999999999,0.78307876200914417
122.863,0.77961044386032197
122.864,0.77613972082410232
122.86499999999999,0.77266660127940767
122.866,0.76919109363094051
122.867,0.76571320630909923
122.86799999999999,0.76223294776991568
122.869,0.75875032649498797
122.87,0.75526535099141312
122.871,0.75177802979170893
122.872,0.74828837145375338
122.873,0.74479638456070929
122.874,0.74130207772096113
122.875,0.73780545956803922
122.876,0.73430653876054852
122.877,0.73080532398210662
122.878,0.72730182394126364
122.879,0.72379604737144354
122.88,0.72028800303085894
122.881,0.71677769970245131
122.88200000000001,0.7132651461938182
122.883,0.7097503513371386
122.884,0.70623332398910343
122.88500000000001,0.7027140730308481
122.886,0.69919260736787159
122.887,0.69566893592997925
122.88800000000001,0.69214306767119549
122.889,0.68861501156970228
122.89,0.6850847766277619
122.89100000000001,0.68155237187165141
122.892,0.6780178063515816
122.893,0.67448108914162996
122.89400000000001,0.67094222933966541
122.895,0.66740123606728208
122.896,0.66385811846971587
122.89700000000001,0.66031288571577895
122.898,0.65676554699778644
122.899,0.65321611153148273
122.90000000000001,0.64966458855596176
122.901,0.64611098733360306
122.902,0.64255531714999181
122.90300000000001,0.6389975873138507
122.904,0.63543780715695841
122.905,0.63187598603408079
122.90600000000001,0.62831213332289715
122.907,0.62474625842392562
122.908,0.62117837076044435
122.90900000000001,0.61760847977842159
122.91,0.6140365949464397
122.911,0.61046272575562388
122.91200000000001,0.60688688171956251
122.913,0.60330907237423048
122.914,0.59972930727792195
122.91500000000001,0.5961475960111684
122.916,0.59256394817666735
122.917,0.58897837339920267
122.91800000000001,0.58539088132557171
122.919,0.58180148162451206
122.92,0.5782101839866236
122.92100000000001,0.57461699812428835
122.922,0.57102193377159915
122.923,0.5674250006842867
122.92400000000001,0.56382620863963551
122.925,0.56022556743641427
122.926,0.5566230868947919
122.92700000000001,0.55301877685627043
122.928,0.54941264718360339
122.929,0.54580470776071666
122.93000000000001,0.54219496849263416
122.931,0.53858343930540453
122.932,0.53497013014601769
122.93299999999999,0.53135505098233216
122.934,0.52773821180299163
122.935,0.52411962261735878
122.93600000000001,0.520499293455426
122.937,0.51687723436774502
122.938,0.51325345542534362
122.93899999999999,0.50962796671965949
122.94,0.5060007783624445
122.941,0.50237190048570302
122.94200000000001,0.49874134324160102
122.943,0.49510911680240377
122.944,0.49147523136037519
122.94499999999999,0.48783969712772235
122.946,0.48420252433650157
122.947,0.48056372323854779
122.94799999999999,0.47692330410539152
122.949,0.47328127722818136
122.95,0.46963765291760518
122.95099999999999,0.46599244150381591
122.952,0.46234565333634348
122.953,0.45869729878401988
122.95399999999999,0.45504738823490332
122.955,0.45139593209619799
122.956,0.44774294079416621
122.95699999999999,0.44408842477406196
122.958,0.44043239450004013
122.959,0.43677486045508607
122.95999999999999,0.43311583314092816
122.961,0.42945532307796208
122.962,0.42579334080516817
122.96299999999999,0.42212989688003977
122.964,0.41846500187849234
122.965,0.41479866639478646
122.96599999999999,0.41113090104144856
122.967,0.40746171644919871
122.968,0.40379112326685362
122.96899999999999,0.40011913216125827
122.97,0.3964457538172006
122.971,0.39277099893733958
122.97199999999999,0.38909487824210753
122.973,0.38541740246964618
122.974,0.38173858237571356
122.97499999999999,0.37805842873361506
122.976,0.3743769523341105
122.977,0.37069416398533894
122.97799999999999,0.36701007451273693
122.979,0.36332469475896056
122.98,0.35963803558379626
122.98099999999999,0.35595010786408787
122.982,0.35226092249364638
122.983,0.34857049038318033
122.98399999999999,0.34487882246020307
122.985,0.34118592966895278
122.986,0.3374918229703161
122.98699999999999,0.33379651334174731
122.988,0.33010001177717707
122.989,0.32640232928693735
122.98999999999999,0.32270347689767775
122.991,0.31900346565228799
122.992,0.31530230660980751
122.99299999999999,0.3116000108453465
122.994,0.30789658945000742
122.995,0.3041920535308007
122.996,0.30048641421055899
122.997,0.29677968262785659
122.998,0.29307186993692835
122.999,0.28936298730758958
123,0.28565304592514629
123.001,0.2819420569903166
123.002,0.27823003171914817
123.003,0.27451698134293512
123.004,0.27080291710813764
123.005,0.26708785027629078
123.006,0.26337179212393136
123.00700000000001,0.25965475394250914
123.008,0.25593674703830604
123.009,0.25221778273235063
123.01000000000001,0.24849787236033793
123.011,0.24477702727254091
123.012,0.24105525883373957
123.01300000000001,0.23733257842311839
123.014,0.2336089974342006
123.015,0.22988452727475117
123.01600000000001,0.22615917936670904
123.017,0.22243296514608435
123.018,0.21870589606288937
123.01900000000001,0.21497798358104658
123.02,0.21124923917831406
123.021,0.2075196743461909
123.02200000000001,0.20378930058983991
123.023,0.20005812942799928
123.024,0.19632617239290795
123.02500000000001,0.19259344103021081
123.026,0.18885994689887697
123.027,0.18512570157111985
123.02800000000001,0.18139071663231432
123.029,0.17765500368090281
123.03,0.17391857432832314
123.03100000000001,0.1701814401989119
123.032,0.16644361292983434
123.033,0.16270510417098771
123.03400000000001,0.15896592558492095
123.035,0.15522608884674916
123.036,0.1514856056440812
123.03700000000001,0.1477444876769114
123.038,0.14400274665755419
123.039,0.14026039431055315
123.04000000000001,0.13651744237259877
123.041,0.13277390259243882
123.042,0.12902978673079857
123.04300000000001,0.12528510656028913
123.044,0.12153987386533438
123.045,0.11779410044207639
123.04600000000001,0.11404779809829035
123.047,0.11030097865330468
123.048,0.10655365393791882
123.04900000000001,0.10280583579430536
123.05,0.099057536075938257
123.051,0.095308766647498322
123.05200000000001,0.091559539384798105
123.053,0.087809866174687112
123.054,0.084059758914970084
123.05500000000001,0.0803092295143224
123.056,0.076558289892208142
123.057,0.07280695197878817
123.05799999999999,0.069055227714837519
123.059,0.065303129051658804
123.06,0.061550667951006499
123.06100000000001,0.057797856384984136
123.062,0.054044706335973691
123.063,0.05029122979653966
123.06399999999999,0.046537438769356898
123.065,0.042783345267108919
123.066,0.039028961312414623
123.06700000000001,0.035274298937734816
123.068,0.031519370185295825
123.069,0.02776418710699069
123.06999999999999,0.024008761764306996
123.071,0.020253106228229401
123.072,0.016497232579167465
123.07299999999999,0.012741152906854847
123.074,0.0089848793102735858
123.075,0.0052284238975652819
123.07599999999999,0.0014717987859467208
123.077,-0.002284983898379167
123.078,-0.0060419120203059062
123.07899999999999,-0.0097989734359138492
123.08,-0.013556155992546559
123.081,-0.017313447528909398
123.08199999999999,-0.021070835875145022
123.083,-0.024828308852927972
123.084,-0.028585854275538392
123.08499999999999,-0.032343459947964837
123.086,-0.036101113666975992
123.087,-0.039858803221215044
123.08799999999999,-0.04361651639127806
123.089,-0.047374240949809909
123.09,-0.051131964661581986
123.09099999999999,-0.054889675283586126
123.092,-0.058647360565108553
123.093,-0.062405008247828242
123.09399999999999,-0.066162606065901519
123.095,-0.069920141746043107
123.096,-0.073677603007608061
123.09699999999999,-0.077434977562694796
123.098,-0.081192253116214808
123.099,-0.084949417365988822
123.09999999999999,-0.088706458002822286
123.101,-0.092463362710606845
123.102,-0.09622011916639539
123.10299999999999,-0.099976715040492214
123.104,-0.10373313799653472
123.105,-0.10748937569158812
123.10599999999999,-0.11124541577622682
123.107,-0.11500124589462135
123.108,-0.11875685368462008
123.10899999999999,-0.12251222677784435
123.11,-0.12626735279977175
123.111,-0.13002221936982161
123.11199999999999,-0.13377681410143394
123.113,-0.13753112460217054
123.114,-0.14128513847379254
123.11499999999999,-0.14503884331234851
123.116,-0.14879222670825598
123.117,-0.15254527624639891
123.11799999999999,-0.15629797950620306
123.119,-0.16005032406173214
123.12,-0.16380229748176267
123.121,-0.16755388732988186
123.122,-0.17130508116456822
123.123,-0.17505586653928051
123.124,-0.1788062310025369
123.125,-0.18255616209801317
123.126,-0.18630564736462152
123.127,-0.19005467433659917
123.128,-0.19380323054359561
123.129,-0.19755130351075301
123.13,-0.20129888075880376
123.131,-0.2050459498041467
123.13200000000001,-0.20879249815894152
123.133,-0.21253851333118656
123.134,-0.21628398282481487
123.13500000000001,-0.22002889413977289
123.136,-0.22377323477211442
123.137,-0.22751699221407606
123.13800000000001,-0.23126015395417587
123.139,-0.2350027074772929
123.14,-0.23874464026475584
123.14100000000001,-0.24248593979442445
123.142,-0.2462265935407858
123.143,-0.24996658897503399
123.14400000000001,-0.25370591356515848
123.145,-0.2574445547760249
123.146,-0.26118250006947252
123.14700000000001,-0.2649197369043923
123.148,-0.26865625273681759
123.149,-0.27239203502000464
123.15000000000001,-0.27612707120452618
123.151,-0.27986134873835489
123.152,-0.2835948550669507
123.15300000000001,-0.2873275776333416
123.154,-0.29105950387821788
123.155,-0.29479062124001509
123.15600000000001,-0.29852091715500284
123.157,-0.30225037905736052
123.158,-0.30597899437928167
123.15900000000001,-0.30970675055104424
123.16,-0.31343363500110932
123.161,-0.31715963515619272
123.16200000000001,-0.32088473844136733
123.163,-0.3246089322801381
123.164,-0.32833220409453545
123.16500000000001,-0.33205454130519341
123.166,-0.33577593133144579
123.167,-0.33949636159140351
123.16800000000001,-0.34321581950204916
123.169,-0.34693429247931284
123.17,-0.35065176793816744
123.17100000000001,-0.35436823329271272
123.172,-0.35808367595625934
123.173,-0.36179808334141261
123.17400000000001,-0.3655114428601659
123.175,-0.36922374192398122
123.176,-0.37293496794388026
123.17700000000001,-0.37664510833051779
123.178,-0.38035415049428767
123.179,-0.38406208184539181
123.18000000000001,-0.3877688897939352
123.181,-0.39147456175000528
123.182,-0.39517908512376609
123.18299999999999,-0.39888244732553835
123.184,-0.4025846357658871
123.185,-0.40628563785570426
123.18600000000001,-0.40998544100630252
123.187,-0.41368403262949283
123.188,-0.41738140013767733
123.18899999999999,-0.42107753094392542
123.19,-0.42477241246206976
123.191,-0.42846603210678857
123.19200000000001,-0.43215837729368922
123.193,-0.43584943543939125
123.194,-0.43953919396162311
123.19499999999999,-0.44322764027929684
123.196,-0.44691476181259915
123.197,-0.45060054598307131
123.19799999999999,-0.45428498021370467
123.199,-0.45796805192901557
123.2,-0.46164974855513963
123.20099999999999,-0.46533005751990864
123.202,-0.46900896625294308
123.203,-0.47268646218573696
123.20399999999999,-0.4763625327517379
123.205,-0.48003716538643459
123.206,-0.48371034752744757
123.20699999999999,-0.48738206661460604
123.208,-0.49105231009004258
123.209,-0.49472106539826444
123.20999999999999,-0.49838831998625532
123.211,-0.50205406130354979
123.212,-0.50571827680232029
123.21299999999999,-0.50938095393746163
123.214,-0.51304208016667996
123.215,-0.5167016429505743
123.21599999999999,-0.5203596297527231
123.217,-0.5240160280397651
123.218,-0.5276708252814909
123.21899999999999,-0.53132400895092446
123.22,-0.53497556652440725
123.221,-0.53862548548167977
123.22199999999999,-0.54227375330597516
123.223,-0.54592035748409673
123.224,-0.54956528550650696
123.22499999999999,-0.55320852486740546
123.226,-0.55685006306481943
123.227,-0.5604898876006903
123.22799999999999,-0.56412798598095137
123.229,-0.56776434571561341
123.23,-0.57139895431885535
123.23099999999999,-0.57503179930910231
123.232,-0.57866286820911317
123.233,-0.58229214854605948
123.23399999999999,-0.58591962785161733
123.235,-0.58954529366204933
123.236,-0.59316913351828526
123.23699999999999,-0.59679113496600544
123.238,-0.60041128555573253
123.239,-0.60402957284290748
123.23999999999999,-0.60764598438797934
123.241,-0.611260507756482
123.242,-0.6148731305191234
123.24299999999999,-0.6184838402518712
123.244,-0.62209262453603253
123.245,-0.625699470958335
123.246,-0.629304367111017
123.247,-0.63290730059190881
123.248,-0.6365082590045148
123.249,-0.64010722995809588
123.25,-0.64370420106775561
123.251,-0.64729915995452314
123.252,-0.65089209424543748
123.253,-0.65448299157362655
123.254,-0.65807183957839266
123.255,-0.66165862590529745
123.256,-0.66524333820624437
123.25700000000001,-0.66882596413956064
123.258,-0.67240649137007669
123.259,-0.67598490756921747
123.26000000000001,-0.67956120041507817
123.261,-0.68313535759251265
123.262,-0.68670736679320643
123.26300000000001,-0.69027721571577272
123.264,-0.69384489206582456
123.265,-0.69741038355606344
123.26600000000001,-0.70097367790635468
123.267,-0.704534762843819
123.268,-0.70809362610290849
123.26900000000001,-0.7116502554254942
123.27,-0.71520463856093852
123.271,-0.71875676326618998
123.27200000000001,-0.72230661730585477
123.273,-0.725854188452287
123.274,-0.72939946448566206
123.27500000000001,-0.73294243319406838
123.276,-0.7364830823735804
123.277,-0.74002139982834803
123.27800000000001,-0.74355737337066996
123.279,-0.74709099082108066
123.28,-0.75062224000843569
123.28100000000001,-0.75415110876998459
123.282,-0.75767758495145321
123.283,-0.76120165640713566
123.28400000000001,-0.76472331099996138
123.285,-0.76824253660158992
123.286,-0.77175932109247625
123.28700000000001,-0.77527365236196699
123.288,-0.77878551830837517
123.289,-0.78229490683905978
123.29000000000001,-0.78580180587050608
123.291,-0.78930620332841017
123.292,-0.79280808714775763
123.29300000000001,-0.79630744527290742
123.294,-0.79980426565765983
123.295,-0.80329853626535819
123.29600000000001,-0.80679024506894903
123.297,-0.81027938005107547
123.298,-0.81376592920414847
123.29900000000001,-0.81724988053043512
123.3,-0.82073122204213256
123.301,-0.82420994176145224
123.30200000000001,-0.82768602772069522
123.303,-0.83115946796233575
123.304,-0.83463025053910178
123.30500000000001,-0.83809836351405109
123.306,-0.84156379496064937
123.307,-0.84502653296285879
123.30799999999999,-0.84848656561520686
123.309,-0.85194388102287344
123.31,-0.85539846730176405
123.31100000000001,-0.85885031257859157
123.312,-0.86229940499096069
123.313,-0.86574573268743649
123.31399999999999,-0.86918928382762828
123.315,-0.8726300465822735
123.316,-0.87606800913330629
123.31700000000001,-0.87950315967394666
123.318,-0.88293548640876773
123.319,-0.88636497755378518
123.31999999999999,-0.88979162133653011
123.321,-0.89321540599612614
123.322,-0.89663631978336822
123.32299999999999,-0.90005435096080566
123.324,-0.90346948780281267
123.325,-0.90688171859567313
123.32599999999999,-0.91029103163765068
123.327,-0.91369741523907377
123.328,-0.91710085772241168
123.32899999999999,-0.92050134742234802
123.33,-0.92389887268585957
123.331,-0.92729342187229902
123.33199999999999,-0.93068498335346417
123.333,-0.93407354551368216
123.334,-0.93745909674987848
123.33499999999999,-0.94084162547166217
123.336,-0.94422112010139914
123.337,-0.94759756907428838
123.33799999999999,-0.95097096083843558
123.339,-0.9543412838549381
123.34,-0.95770852659795214
123.34099999999999,-0.96107267755477865
123.342,-0.96443372522592685
123.343,-0.96779165812520151
123.34399999999999,-0.97114646477977673
123.345,-0.97449813373026883
123.346,-0.97784665353080957
123.34699999999999,-0.98119201274913093
123.348,-0.98453419996663338
123.349,-0.98787320377846466
123.34999999999999,-0.99120901279359031
123.351,-0.99454161563487542
123.352,-0.99787100093915737
123.35299999999999,-1.0011971573573206
123.354,-1.0045200735543669
123.355,-1.0078397382094995
123.35599999999999,-1.0111561400161919
123.357,-1.0144692676822626
123.358,-1.0177791099299482
123.35899999999999,-1.0210856554959855
123.36,-1.0243888931316745
123.361,-1.0276888116029634
123.36199999999999,-1.0309853996905125
123.363,-1.0342786461897768
123.364,-1.0375685399110743
123.36499999999999,-1.0408550696796643
123.366,-1.0441382243358117
123.367,-1.0474179927348739
123.36799999999999,-1.0506943637473631
123.369,-1.0539673262590272
123.37,-1.0572368691709113
123.371,-1.0605029813994487
123.372,-1.0637656518765166
123.373,-1.0670248695495199
123.374,-1.0702806233814548
123.375,-1.073532902350991
123.376,-1.076781695452536
123.377,-1.0800269916963143
123.378,-1.0832687801084335
123.379,-1.0865070497309568
123.38,-1.0897417896219799
123.381,-1.0929729888556967
123.38200000000001,-1.0962006365224783
123.383,-1.0994247217289332
123.384,-1.1026452335979906
123.38500000000001,-1.1058621612689643
123.386,-1.1090754938976295
123.387,-1.1122852206562823
123.38800000000001,-1.1154913307338257
123.389,-1.1186938133358304
123.39,-1.1218926576846091
123.39100000000001,-1.1250878530192829
123.392,-1.1282793885958582
123.393,-1.131467253687291
123.39400000000001,-1.1346514375835626
123.395,-1.1378319295917401
123.396,-1.1410087190360581
123.39700000000001,-1.14418179525798
123.398,-1.1473511476162723
123.399,-1.1505167654870667
123.40000000000001,-1.1536786382639397
123.401,-1.1568367553579737
123.402,-1.1599911061978323
123.40300000000001,-1.1631416802298185
123.404,-1.1662884669179574
123.405,-1.1694314557440555
123.40600000000001,-1.1725706362077719
123.407,-1.1757059978266828
123.408,-1.1788375301363578
123.40900000000001,-1.1819652226904216
123.41,-1.1850890650606236
123.411,-1.188209046836902
123.41200000000001,-1.1913251576274606
123.413,-1.1944373870588261
123.414,-1.197545724775924
123.41500000000001,-1.2006501604421342
123.416,-1.2037506837393741
123.417,-1.2068472843681517
123.41800000000001,-1.2099399520476384
123.419,-1.2130286765157321
123.42,-1.2161134475291313
123.42100000000001,-1.2191942548633923
123.422,-1.2222710883130019
123.423,-1.225343937691435
123.42400000000001,-1.2284127928312329
123.425,-1.2314776435840589
123.426,-1.2345384798207684
123.42700000000001,-1.2375952914314698
123.428,-1.2406480683255974
123.429,-1.2436968004319695
123.43000000000001,-1.2467414776988572
123.431,-1.2497820900940459
123.432,-1.2528186276049043
123.43299999999999,-1.2558510802384446
123.434,-1.258879438021391
123.435,-1.2619036910002388
123.43600000000001,-1.2649238292413223
123.437,-1.267939842830879
123.438,-1.2709517218751121
123.43899999999999,-1.2739594565002497
123.44,-1.276963036852617
123.441,-1.2799624530986933
123.44200000000001,-1.2829576954251776
123.443,-1.2859487540390468
123.444,-1.2889356191676262
123.44499999999999,-1.291918281058648
123.446,-1.2948967299803136
123.447,-1.2978709562213533
123.44799999999999,-1.3008409500910947
123.449,-1.3038067019195207
123.45,-1.3067682020573319
123.45099999999999,-1.3097254408760062
123.452,-1.3126784087678647
123.453,-1.31562709614613
123.45399999999999,-1.3185714934449897
123.455,-1.3215115911196507
123.456,-1.3244473796464102
123.45699999999999,-1.327378849522709
123.458,-1.3303059912671946
123.459,-1.3332287954197808
123.45999999999999,-1.3361472525417069
123.461,-1.3390613532156017
123.462,-1.3419710880455407
123.46299999999999,-1.3448764476571018
123.464,-1.3477774226974311
123.465,-1.3506740038353013
123.46599999999999,-1.3535661817611686
123.467,-1.3564539471872283
123.468,-1.359337290847483
123.46899999999999,-1.362216203497794
123.47,-1.3650906759159431
123.471,-1.3679606989016861
123.47199999999999,-1.370826263276818
123.473,-1.3736873598852246
123.474,-1.3765439795929468
123.47499999999999,-1.3793961132882295
123.476,-1.3822437518815884
123.477,-1.3850868863058594
123.47799999999999,-1.3879255075162642
123.479,-1.390759606490455
123.48,-1.3935891742285831
123.48099999999999,-1.3964142017533523
123.482,-1.3992346801100704
123.483,-1.4020506003667086
123.48399999999999,-1.4048619536139602
123.485,-1.4076687309652924
123.486,-1.4104709235570059
123.48699999999999,-1.4132685225482837
123.488,-1.4160615191212553
123.489,-1.4188499044810445
123.48999999999999,-1.4216336698558307
123.491,-1.4244128064968931
123.492,-1.4271873056786815
123.49299999999999,-1.429957158698856
123.494,-1.4327223568783487
123.495,-1.4354828915614142
123.496,-1.4382387541156889
123.497,-1.4409899359322367
123.498,-1.4437364284256113
123.499,-1.4464782230339011
123.5,-1.4492153112187887
123.501,-1.4519476844656023
123.502,-1.4546753342833645
123.503,-1.4573982522048532
123.504,-1.4601164297866438
123.505,-1.4628298586091688
123.506,-1.4655385302767683
123.50700000000001,-1.468242436417742
123.508,-1.4709415686843963
123.509,-1.4736359187531023
123.51000000000001,-1.4763254783243449
123.511,-1.4790102391227737
123.512,-1.4816901928972497
123.51300000000001,-1.4843653314209044
123.514,-1.4870356464911836
123.515,-1.4897011299299021
123.51600000000001,-1.4923617735832884
123.517,-1.4950175693220411
123.518,-1.4976685090413731
123.51900000000001,-1.5003145846610693
123.52,-1.5029557881255224
123.521,-1.505592111403796
123.52200000000001,-1.5082235464896669
123.523,-1.5108500854016744
123.524,-1.5134717201831678
123.52500000000001,-1.5160884429023593
123.526,-1.5187002456523673
123.527,-1.5213071205512696
123.52800000000001,-1.5239090597421423
123.529,-1.5265060553931196
123.53,-1.5290980996974339
123.53100000000001,-1.5316851848734632
123.532,-1.5342673031647771
123.533,-1.5368444468401898
123.53400000000001,-1.5394166081938023
123.535,-1.5419837795450477
123.536,-1.5445459532387396
123.53700000000001,-1.5471031216451208
123.538,-1.5496552771599028
123.539,-1.5522024122043185
123.54000000000001,-1.5547445192251608
123.541,-1.557281590694835
123.542,-1.5598136191113978
123.54300000000001,-1.5623405969986075
123.544,-1.564862516905962
123.545,-1.5673793714087516
123.54600000000001,-1.5698911531080975
123.547,-1.5723978546309998
123.548,-1.5748994686303737
123.54900000000001,-1.5773959877851047
123.55,-1.5798874048000839
123.551,-1.5823737124062545
123.55200000000001,-1.5848549033606516
123.553,-1.5873309704464516
123.554,-1.5898019064730089
123.55500000000001,-1.5922677042759017
123.556,-1.594728356716971
123.557,-1.5971838566843677
123.55799999999999,-1.5996341970925894
123.559,-1.6020793708825285
123.56,-1.6045193710215053
123.56100000000001,-1.6069541905033153
123.562,-1.6093838223482702
123.563,-1.6118082596032386
123.56399999999999,-1.6142274953416806
123.565,-1.6166415226636976
123.566,-1.6190503346960683
123.56700000000001,-1.6214539245922879
123.568,-1.6238522855326076
123.569,-1.6262454107240782
123.56999999999999,-1.6286332934005854
123.571,-1.6310159268228928
123.572,-1.6333933042786764
123.57299999999999,-1.6357654190825672
123.574,-1.6381322645761893
123.575,-1.6404938341281992
123.57599999999999,-1.6428501211343176
123.577,-1.6452011190173792
123.578,-1.6475468212273578
123.57899999999999,-1.6498872212414164
123.58,-1.6522223125639324
123.581,-1.6545520887265439
123.58199999999999,-1.6568765432881833
123.583,-1.6591956698351149
123.584,-1.6615094619809696
123.58499999999999,-1.6638179133667834
123.586,-1.6661210176610339
123.587,-1.6684187685596747
123.58799999999999,-1.6707111597861704
123.589,-1.6729981850915361
123.59,-1.6752798382543692
123.59099999999999,-1.6775561130808865
123.592,-1.6798270034049558
123.593,-1.6820925030881353
123.59399999999999,-1.6843526060197067
123.595,-1.6866073061167088
123.596,-1.6888565973239671
123.59699999999999,-1.6911004736141395
123.598,-1.693338928987737
123.599,-1.695571957473168
123.59999999999999,-1.6977995531267593
123.601,-1.7000217100328046
123.602,-1.7022384223035831
123.60299999999999,-1.7044496840794034
123.604,-1.706655489528625
123.605,-1.7088558328477008
123.60599999999999,-1.7110507082612032
123.607,-1.7132401100218591
123.608,-1.7154240324105738
123.60899999999999,-1.7176024697364769
123.61,-1.7197754163369381
123.611,-1.7219428665776095
123.61199999999999,-1.7241048148524478
123.613,-1.7262612555837527
123.614,-1.7284121832221915
123.61499999999999,-1.7305575922468317
123.616,-1.7326974771651698
123.617,-1.7348318325131618
123.61799999999999,-1.7369606528552533
123.619,-1.7390839327844079
123.62,-1.7412016669221335
123.621,-1.7433138499185197
123.622,-1.7454204764522538
123.623,-1.7475215412306633
123.624,-1.7496170389897308
123.625,-1.7517069644941308
123.626,-1.7537913125372562
123.627,-1.7558700779412424
123.628,-1.7579432555569992
123.629,-1.7600108402642316
123.63,-1.7620728269714743
123.631,-1.7641292106161144
123.63200000000001,-1.7661799861644192
123.633,-1.7682251486115561
123.634,-1.7702646929816317
123.63500000000001,-1.7722986143277066
123.636,-1.7743269077318262
123.637,-1.7763495683050405
123.63800000000001,-1.77836659118744
123.639,-1.7803779715481705
123.64,-1.7823837045854625
123.64100000000001,-1.7843837855266536
123.642,-1.7863782096282166
123.643,-1.7883669721757791
123.64400000000001,-1.790350068484154
123.645,-1.7923274938973521
123.646,-1.7942992437886196
123.64700000000001,-1.79626531356045
123.648,-1.7982256986446132
123.649,-1.8001803945021755
123.65000000000001,-1.802129396623525
123.651,-1.8040727005283925
123.652,-1.8060103017658746
123.65300000000001,-1.8079421959144508
123.654,-1.8098683785820162
123.655,-1.8117888454058915
123.65600000000001,-1.8137035920528519
123.657,-1.815612614219144
123.658,-1.817515907630511
123.65900000000001,-1.8194134680422076
123.66,-1.8213052912390293
123.661,-1.8231913730353217
123.66200000000001,-1.8250717092750093
123.663,-1.8269462958316134
123.664,-1.8288151286082699
123.66500000000001,-1.8306782035377487
123.666,-1.8325355165824755
123.667,-1.8343870637345494
123.66800000000001,-1.8362328410157616
123.669,-1.8380728444776135
123.67,-1.8399070702013367
123.67100000000001,-1.8417355142979104
123.672,-1.8435581729080808
123.673,-1.8453750422023729
123.67400000000001,-1.847186118381118
123.675,-1.8489913976744625
123.676,-1.8507908763423901
123.67700000000001,-1.8525845506747349
123.678,-1.8543724169912013
123.679,-1.8561544716413798
123.68000000000001,-1.8579307110047627
123.681,-1.859701131490759
123.682,-1.861465729538712
123.68299999999999,-1.8632245016179168
123.684,-1.8649774442276312
123.685,-1.8667245538970931
123.68600000000001,-1.8684658271855366
123.687,-1.8702012606822058
123.688,-1.8719308510063699
123.68899999999999,-1.8736545948073364
123.69,-1.8753724887644663
123.691,-1.8770845295871874
123.69200000000001,-1.8787907140150093
123.693,-1.8804910388175355
123.694,-1.882185500794477
123.69499999999999,-1.8838740967756666
123.696,-1.885556823621072
123.697,-1.887233678220805
123.69799999999999,-1.8889046574951358
123.699,-1.8905697583945105
123.7,-1.8922289778995547
123.70099999999999,-1.8938823130210891
123.702,-1.8955297608001431
123.703,-1.8971713183079633
123.70399999999999,-1.8988069826460272
123.705,-1.9004367509460514
123.706,-1.9020606203700037
123.70699999999999,-1.9036785881101141
123.708,-1.9052906513888859
123.709,-1.9068968074591033
123.70999999999999,-1.9084970536038433
123.711,-1.9100913871364851
123.712,-1.9116798054007216
123.71299999999999,-1.9132623057705622
123.714,-1.9148388856503509
123.715,-1.916409542474768
123.71599999999999,-1.9179742737088432
123.717,-1.9195330768479604
123.718,-1.9210859494178694
123.71899999999999,-1.9226328889746915
123.72,-1.924173893104931
123.721,-1.9257089594254766
123.72199999999999,-1.9272380855836138
123.723,-1.9287612692570328
123.724,-1.9302785081538323
123.72499999999999,-1.931789800012524
123.726,-1.933295142602049
123.727,-1.9347945337217729
123.72799999999999,-1.9362879712015011
123.729,-1.9377754529014752
123.73,-1.9392569767123908
123.73099999999999,-1.9407325405553923
123.732,-1.9422021423820839
123.733,-1.9436657801745318
123.73399999999999,-1.9451234519452729
123.735,-1.9465751557373161
123.736,-1.9480208896241495
123.73699999999999,-1.9494606517097393
123.738,-1.9508944401285429
123.739,-1.9523222530455051
123.73999999999999,-1.9537440886560655
123.741,-1.9551599451861592
123.742,-1.9565698208922235
123.74299999999999,-1.9579737140611995
123.744,-1.9593716230105351
123.745,-1.9607635460881847
123.746,-1.9621494816726166
123.747,-1.9635294281728137
123.748,-1.9649033840282737
123.749,-1.9662713477090124
123.75,-1.9676333177155634
123.751,-1.9689892925789849
123.752,-1.9703392708608536
123.753,-1.9716832511532727
123.754,-1.9730212320788649
123.755,-1.9743532122907814
123.756,-1.975679190472698
123.75700000000001,-1.9769991653388139
123.758,-1.9783131356338544
123.759,-1.9796211001330701
123.76000000000001,-1.9809230576422361
123.761,-1.9822190069976524
123.762,-1.9835089470661393
123.76300000000001,-1.9847928767450422
123.764,-1.9860707949622272
123.765,-1.9873427006760793
123.76600000000001,-1.9886085928755008
123.767,-1.9898684705799106
123.768,-1.9911223328392427
123.76900000000001,-1.9923701787339423
123.77,-1.993612007374963
123.771,-1.9948478179037665
123.77200000000001,-1.9960776094923185
123.773,-1.9973013813430855
123.774,-1.9985191326890308
123.77500000000001,-1.9997308627936128
123.776,-2.0009365709507803
123.777,-2.0021362564849703
123.77800000000001,-2.0033299187510996
123.779,-2.0045175571345646
123.78,-2.005699171051238
123.78100000000001,-2.0068747599474603
123.782,-2.0080443233000356
123.783,-2.0092078606162289
123.78400000000001,-2.010365371433759
123.785,-2.0115168553207941
123.786,-2.0126623118759448
123.78700000000001,-2.0138017407282587
123.788,-2.014935141537217
123.789,-2.0160625139927246
123.79000000000001,-2.017183857815104
123.791,-2.0182991727550914
123.792,-2.0194084585938281
123.79300000000001,-2.0205117151428524
123.794,-2.0216089422440948
123.795,-2.0227001397698681
123.79600000000001,-2.0237853076228625
123.797,-2.0248644457361351
123.798,-2.0259375540731042
123.79900000000001,-2.0270046326275386
123.8,-2.0280656814235511
123.801,-2.0291207005155907
123.80200000000001,-2.0301696899884307
123.803,-2.0312126499571601
123.804,-2.0322495805671799
123.80500000000001,-2.0332804819941872
123.806,-2.0343053544441663
123.807,-2.0353241981533841
123.80799999999999,-2.0363370133883736
123.809,-2.0373438004459286
123.81,-2.0383445596530896
123.81100000000001,-2.039339291367138
123.812,-2.0403279959755789
123.813,-2.0413106738961369
123.81399999999999,-2.0422873255767389
123.815,-2.0432579514955069
123.816,-2.0442225521607464
123.81700000000001,-2.0451811281109329
123.818,-2.0461336799146972
123.819,-2.0470802081708199
123.81999999999999,-2.0480207135082154
123.821,-2.0489551965859194
123.822,-2.0498836580930773
123.82299999999999,-2.0508060987489278
123.824,-2.0517225193027961
123.825,-2.0526329205340748
123.82599999999999,-2.053537303252214
123.827,-2.0544356682967049
123.828,-2.0553280165370689
123.82899999999999,-2.0562143488728428
123.83,-2.057094666233561
123.831,-2.057968969578746
123.83199999999999,-2.0588372598978908
123.833,-2.0596995382104479
123.834,-2.0605558055658051
123.83499999999999,-2.0614060630432842
123.836,-2.0622503117521123
123.837,-2.0630885528314158
123.83799999999999,-2.0639207874501966
123.839,-2.064747016807325
123.84,-2.0655672421315154
123.84099999999999,-2.0663814646813163
123.842,-2.0671896857450887
123.843,-2.0679919066409931
123.84399999999999,-2.0687881287169705
123.845,-2.0695783533507255
123.846,-2.0703625819497109
123.84699999999999,-2.0711408159511087
123.848,-2.0719130568218111
123.849,-2.0726793060584057
123.84999999999999,-2.0734395651871558
123.851,-2.0741938357639818
123.852,-2.0749421193744437
123.85299999999999,-2.0756844176337221
123.854,-2.0764207321865999
123.855,-2.0771510647074409
123.85599999999999,-2.0778754169001767
123.857,-2.0785937904982807
123.858,-2.0793061872647489
123.85899999999999,-2.0800126089920887
123.86,-2.0807130575022867
123.861,-2.0814075346467993
123.86199999999999,-2.0820960423065253
123.863,-2.0827785823917875
123.864,-2.0834551568423163
123.86499999999999,-2.0841257676272225
123.866,-2.0847904167449771
123.867,-2.0854491062233964
123.86799999999999,-2.0861018381196135
123.869,-2.0867486145200602
123.87,-2.0873894375404438
123.871,-2.0880243093257271
123.872,-2.0886532320501048
123.873,-2.0892762079169813
123.874,-2.0898932391589478
123.875,-2.0905043280377615
123.876,-2.0911094768443212
123.877,-2.0917086878986435
123.878,-2.092301963549843
123.879,-2.0928893061761036
123.88,-2.0934707181846606
123.881,-2.0940462020117736
123.88200000000001,-2.0946157601227018
123.883,-2.0951793950116837
123.884,-2.0957371092019086
123.88500000000001,-2.0962889052454945
123.886,-2.0968347857234635
123.887,-2.097374753245715
123.88800000000001,-2.0979088104510035
123.889,-2.0984369600069117
123.89,-2.0989592046098244
123.89100000000001,-2.099475546984904
123.892,-2.0999859898860649
123.893,-2.1004905360959478
123.89400000000001,-2.1009891884258942
123.895,-2.1014819497159145
123.896,-2.1019688228346709
123.89700000000001,-2.1024498106794431
123.898,-2.1029249161761068
123.899,-2.1033941422791007
123.90000000000001,-2.1038574919714046
123.901,-2.1043149682645117
123.902,-2.104766574198397
123.90300000000001,-2.1052123128414939
123.904,-2.1056521872906617
123.905,-2.1060862006711654
123.90600000000001,-2.1065143561366382
123.907,-2.1069366568690584
123.908,-2.1073531060787207
123.90900000000001,-2.1077637070042057
123.91,-2.108168462912352
123.911,-2.1085673770982245
123.91200000000001,-2.1089604528850909
123.913,-2.1093476936243865
123.914,-2.1097291026956868
123.91500000000001,-2.1101046835066777
123.916,-2.1104744394931245
123.917,-2.1108383741188446
123.91800000000001,-2.1111964908756722
123.919,-2.1115487932834327
123.92,-2.11189528488991
123.92100000000001,-2.1122359692708121
123.922,-2.1125708500297478
123.923,-2.1128999307981888
123.92400000000001,-2.1132232152354393
123.925,-2.1135407070286085
123.926,-2.1138524098925733
123.92700000000001,-2.1141583275699505
123.928,-2.1144584638310624
123.929,-2.1147528224739056
123.93000000000001,-2.115041407324119
123.931,-2.115324222234948
123.932,-2.1156012710872165
123.93299999999999,-2.1158725577892898
123.934,-2.116138086277044
123.935,-2.1163978605138323
123.93600000000001,-2.1166518844904489
123.937,-2.1169001622250985
123.938,-2.1171426977633629
123.93899999999999,-2.1173794951781626
123.94,-2.1176105585697265
123.941,-2.1178358920655587
123.94200000000001,-2.1180554998203971
123.943,-2.1182693860161876
123.944,-2.1184775548620425
123.94499999999999,-2.1186800105942085
123.946,-2.1188767574760319
123.947,-2.1190677997979188
123.94799999999999,-2.1192531418773068
123.949,-2.1194327880586243
123.95,-2.1196067427132528
123.95099999999999,-2.1197750102394983
123.952,-2.119937595062547
123.953,-2.1200945016344335
123.95399999999999,-2.1202457344340027
123.955,-2.120391297966874
123.956,-2.1205311967654028
123.95699999999999,-2.1206654353886458
123.958,-2.1207940184223206
123.959,-2.1209169504787706
123.95999999999999,-2.121034236196929
123.961,-2.121145880242274
123.962,-2.1212518873068
123.96299999999999,-2.1213522621089735
123.964,-2.1214470093936972
123.965,-2.1215361339322696
123.96599999999999,-2.1216196405223489
123.967,-2.1216975339879123
123.968,-2.1217698191792183
123.96899999999999,-2.1218365009727673
123.97,-2.1218975842712604
123.971,-2.1219530740035637
123.97199999999999,-2.1220029751246665
123.973,-2.1220472926156404
123.974,-2.1220860314836014
123.97499999999999,-2.1221191967616697
123.976,-2.1221467935089278
123.977,-2.1221688268103804
123.97799999999999,-2.1221853017769168
123.979,-2.1221962235452665
123.98,-2.1222015972779573
123.98099999999999,-2.1222014281632822
123.982,-2.1221957214152463
123.983,-2.1221844822735356
123.98399999999999,-2.12216771600347
123.985,-2.1221454278959619
123.986,-2.1221176232674779
123.98699999999999,-2.1220843074599904
123.988,-2.1220454858409425
123.989,-2.1220011638032008
123.98999999999999,-2.1219513467650133
123.991,-2.12189604016997
123.992,-2.1218352494869546
123.99299999999999,-2.1217689802101067
123.994,-2.1216972378587755
123.995,-2.1216200279774768
123.996,-2.1215373561358524
123.997,-2.1214492279286192
123.998,-2.1213556489755341
123.999,-2.1212566249213456
124,-2.1211521614357478
124.001,-2.1210422642133406
124.002,-2.1209269389735814
124.003,-2.1208061914607423
124.004,-2.1206800274438633
124.005,-2.1205484527167116
124.006,-2.1204114730977324
124.00700000000001,-2.120269094430006
124.008,-2.1201213225811992
124.009,-2.119968163443521
124.01000000000001,-2.1198096229336829
124.011,-2.1196457069928414
124.012,-2.1194764215865618
124.01300000000001,-2.1193017727047669
124.014,-2.1191217663616921
124.015,-2.1189364085958404
124.01600000000001,-2.118745705469931
124.017,-2.1185496630708576
124.018,-2.118348287509638
124.01900000000001,-2.1181415849213696
124.02,-2.1179295614651785
124.021,-2.1177122233241752
124.02200000000001,-2.1174895767054043
124.023,-2.1172616278398015
124.024,-2.1170283829821388
124.02500000000001,-2.1167898484109813
124.026,-2.1165460304286361
124.027,-2.1162969353611061
124.02800000000001,-2.1160425695580427
124.029,-2.1157829393926906
124.03,-2.1155180512618461
124.03100000000001,-2.1152479115858034
124.032,-2.1149725268083088
124.033,-2.1146919033965066
124.03400000000001,-2.1144060478408955
124.035,-2.1141149666552757
124.036,-2.1138186663766971
124.03700000000001,-2.1135171535654136
124.038,-2.1132104348048291
124.039,-2.1128985167014527
124.04000000000001,-2.11258140588484
124.041,-2.1122591090075495
124.042,-2.1119316327450894
124.04300000000001,-2.1115989837958664
124.044,-2.1112611688811374
124.045,-2.1109181947449485
124.04600000000001,-2.110570068154102
124.047,-2.1102167958980855
124.048,-2.1098583847890309
124.04900000000001,-2.1094948416616632
124.05,-2.1091261733732427
124.051,-2.1087523868035181
124.05199999999999,-2.1083734888546695
124.053,-2.1079894864512623
124.054,-2.1076003865401876
124.05500000000001,-2.1072061960906168
124.056,-2.1068069220939405
124.057,-2.1064025715637245
124.05799999999999,-2.1059931515356478
124.059,-2.1055786690674578
124.06,-2.1051591312389091
124.06100000000001,-2.1047345451517163
124.062,-2.1043049179294977
124.063,-2.1038702567177179
124.06399999999999,-2.1034305686836419
124.065,-2.1029858610162715
124.066,-2.102536140926301
124.06700000000001,-2.1020814156460532
124.068,-2.1016216924294318
124.069,-2.1011569785518622
124.06999999999999,-2.1006872813102397
124.071,-2.1002126080228738
124.072,-2.0997329660294306
124.07300000000001,-2.0992483626908807
124.074,-2.0987588053894433
124.075,-2.0982643015285283
124.07599999999999,-2.097764858532682
124.077,-2.0972604838475322
124.078,-2.0967511849397322
124.07899999999999,-2.0962369692969012
124.08,-2.0957178444275741
124.081,-2.0951938178611371
124.08199999999999,-2.0946648971477799
124.083,-2.0941310898584322
124.084,-2.0935924035847107
124.08499999999999,-2.0930488459388585
124.086,-2.0925004245536938
124.087,-2.0919471470825459
124.08799999999999,-2.0913890211992028
124.089,-2.0908260545978514
124.09,-2.0902582549930204
124.09099999999999,-2.0896856301195221
124.092,-2.0891081877323945
124.093,-2.0885259356068442
124.09399999999999,-2.0879388815381876
124.095,-2.0873470333417923
124.096,-2.0867503988530176
124.09699999999999,-2.0861489859271574
124.098,-2.0855428024393841
124.099,-2.0849318562846806
124.09999999999999,-2.084316155377794
124.101,-2.0836957076531659
124.102,-2.083070521064875
124.10299999999999,-2.082440603586587
124.104,-2.0818059632114809
124.105,-2.0811666079521989
124.10599999999999,-2.0805225458407843
124.107,-2.0798737849286195
124.108,-2.0792203332863695
124.10899999999999,-2.0785621990039176
124.11,-2.0778993901903098
124.111,-2.0772319149736895
124.11199999999999,-2.0765597815012415
124.113,-2.075882997939126
124.114,-2.0752015724724235
124.11499999999999,-2.0745155133050694
124.116,-2.0738248286597956
124.117,-2.0731295267780685
124.11799999999999,-2.0724296159200257
124.119,-2.0717251043644174
124.12,-2.0710160004085436
124.121,-2.0703023123681925
124.122,-2.0695840485775787
124.123,-2.0688612173892817
124.124,-2.0681338271741807
124.125,-2.0674018863213974
124.126,-2.0666654032382299
124.127,-2.0659243863500931
124.128,-2.0651788441004522
124.129,-2.0644287849507639
124.13,-2.0636742173804108
124.131,-2.0629151498866416
124.13200000000001,-2.0621515909845054
124.133,-2.061383549206786
124.134,-2.0606110331039469
124.13500000000001,-2.05983405124406
124.136,-2.0590526122127435
124.137,-2.0582667246131034
124.13800000000001,-2.0574763970656629
124.139,-2.0566816382083015
124.14,-2.0558824566961942
124.14100000000001,-2.0550788612017392
124.142,-2.0542708604145026
124.143,-2.0534584630411499
124.14400000000001,-2.0526416778053798
124.145,-2.0518205134478626
124.146,-2.0509949787261745
124.14700000000001,-2.0501650824147326
124.148,-2.0493308333047318
124.149,-2.0484922402040744
124.15000000000001,-2.0476493119373123
124.151,-2.0468020573455776
124.152,-2.0459504852865154
124.15300000000001,-2.0450946046342251
124.154,-2.0442344242791859
124.155,-2.0433699531281992
124.15600000000001,-2.0425012001043177
124.157,-2.0416281741467803
124.158,-2.0407508842109494
124.15900000000001,-2.0398693392682414
124.16,-2.0389835483060601
124.161,-2.0380935203277337
124.16200000000001,-2.0371992643524455
124.163,-2.0363007894151663
124.164,-2.0353981045665956
124.16500000000001,-2.0344912188730815
124.166,-2.0335801414165675
124.167,-2.0326648812945169
124.16800000000001,-2.0317454476198478
124.169,-2.0308218495208687
124.17,-2.0298940961412062
124.17100000000001,-2.0289621966397426
124.172,-2.028026160190548
124.173,-2.027085995982806
124.17400000000001,-2.0261417132207571
124.175,-2.0251933211236235
124.176,-2.0242408289255396
124.17699999999999,-2.0232842458754927
124.178,-2.0223235812372446
124.179,-2.0213588442892725
124.18000000000001,-2.020390044324698
124.181,-2.0194171906512119
124.182,-2.0184402925910176
124.18299999999999,-2.0174593594807551
124.184,-2.0164744006714326
124.185,-2.0154854255283614
124.18600000000001,-2.0144924434310831
124.187,-2.0134954637733049
124.188,-2.0124944959628288
124.18899999999999,-2.0114895494214791
124.19,-2.0104806335850398
124.191,-2.0094677579031837
124.19200000000001,-2.0084509318393957
124.193,-2.0074301648709159
124.194,-2.0064054664886601
124.19499999999999,-2.0053768461971542
124.196,-2.0043443135144674
124.197,-2.0033078779721345
124.19800000000001,-2.0022675491150954
124.199,-2.0012233365016199
124.2,-2.0001752497032368
124.20099999999999,-1.9991232983046685
124.202,-1.9980674919037567
124.203,-1.9970078401113955
124.20399999999999,-1.9959443525514604
124.205,-1.9948770388607326
124.206,-1.993805908688838
124.20699999999999,-1.9927309716981727
124.208,-1.9916522375638253
124.209,-1.9905697159735198
124.20999999999999,-1.9894834166275348
124.211,-1.9883933492386348
124.212,-1.9872995235320041
124.21299999999999,-1.9862019492451675
124.214,-1.9851006361279289
124.215,-1.983995593942292
124.21599999999999,-1.9828868324623936
124.217,-1.9817743614744332
124.218,-1.9806581907765963
124.21899999999999,-1.9795383301789913
124.22,-1.9784147895035717
124.221,-1.977287578584066
124.22199999999999,-1.9761567072659068
124.223,-1.9750221854061634
124.224,-1.9738840228734591
124.22499999999999,-1.9727422295479131
124.226,-1.971596815321059
124.227,-1.970447790095776
124.22799999999999,-1.9692951637862208
124.229,-1.9681389463177454
124.23,-1.9669791476268403
124.23099999999999,-1.9658157776610485
124.232,-1.9646488463788998
124.233,-1.9634783637498396
124.23399999999999,-1.9623043397541533
124.235,-1.9611267843828966
124.236,-1.9599457076378233
124.23699999999999,-1.9587611195313086
124.238,-1.9575730300862833
124.239,-1.9563814493361602
124.23999999999999,-1.9551863873247526
124.241,-1.9539878541062152
124.242,-1.9527858597449614
124.24299999999999,-1.9515804143155959
124.244,-1.9503715279028411
124.245,-1.9491592106014615
124.246,-1.9479434725161935
124.247,-1.9467243237616754
124.248,-1.9455017744623659
124.249,-1.9442758347524824
124.25,-1.9430465147759168
124.251,-1.9418138246861716
124.252,-1.940577774646284
124.253,-1.9393383748287474
124.254,-1.9380956354154493
124.255,-1.9368495665975858
124.256,-1.9356001785755983
124.25700000000001,-1.9343474815590975
124.258,-1.9330914857667836
124.259,-1.9318322014263858
124.26000000000001,-1.9305696387745768
124.261,-1.9293038080569049
124.262,-1.9280347195277248
124.26300000000001,-1.926762383450112
124.264,-1.9254868100958027
124.265,-1.9242080097451151
124.26600000000001,-1.9229259926868707
124.267,-1.9216407692183288
124.268,-1.9203523496451116
124.26900000000001,-1.9190607442811245
124.27,-1.9177659634484905
124.271,-1.9164680174774693
124.27200000000001,-1.9151669167063912
124.273,-1.9138626714815783
124.274,-1.9125552921572693
124.27500000000001,-1.9112447890955535
124.276,-1.90993117266629
124.277,-1.9086144532470339
124.27800000000001,-1.9072946412229719
124.279,-1.9059717469868316
124.28,-1.9046457809388264
124.28100000000001,-1.9033167534865711
124.282,-1.9019846750450071
124.283,-1.9006495560363339
124.28400000000001,-1.899311406889935
124.285,-1.897970238042298
124.286,-1.8966260599369495
124.28700000000001,-1.8952788830243716
124.288,-1.8939287177619382
124.289,-1.8925755746138351
124.29000000000001,-1.8912194640509836
124.291,-1.8898603965509757
124.292,-1.8884983825979931
124.29300000000001,-1.8871334326827327
124.294,-1.8857655573023393
124.295,-1.8843947669603227
124.29600000000001,-1.8830210721664953
124.297,-1.8816444834368884
124.298,-1.8802650112936794
124.29900000000001,-1.8788826662651252
124.3,-1.8774974588854836
124.301,-1.8761093996949332
124.30199999999999,-1.8747184992395143
124.303,-1.8733247680710403
124.304,-1.8719282167470341
124.30500000000001,-1.870528855830651
124.306,-1.8691266958906003
124.307,-1.867721747501081
124.30799999999999,-1.8663140212416995
124.309,-1.8649035276974004
124.31,-1.8634902774583928
124.31100000000001,-1.8620742811200732
124.312,-1.8606555492829551
124.313,-1.8592340925525963
124.31399999999999,-1.8578099215395212
124.315,-1.8563830468591487
124.316,-1.8549534791317246
124.31700000000001,-1.853521228982234
124.318,-1.8520863070403455
124.319,-1.8506487239403215
124.31999999999999,-1.8492084903209571
124.321,-1.8477656168255008
124.322,-1.846320114101577
124.32300000000001,-1.8448719928011226
124.324,-1.8434212635803093
124.325,-1.8419679370994637
124.32599999999999,-1.8405120240230057
124.327,-1.8390535350193629
124.328,-1.8375924807609103
124.32899999999999,-1.8361288719238882
124.33,-1.8346627191883278
124.331,-1.8331940332379859
124.33199999999999,-1.8317228247602682
124.333,-1.8302491044461509
124.334,-1.8287728829901164
124.33499999999999,-1.8272941710900747
124.336,-1.8258129794472933
124.337,-1.8243293187663228
124.33799999999999,-1.8228431997549221
124.339,-1.8213546331239923
124.34,-1.8198636295874975
124.34099999999999,-1.8183701998623918
124.342,-1.816874354668554
124.343,-1.8153761047287049
124.34399999999999,-1.8138754607683445
124.345,-1.8123724335156743
124.346,-1.810867033701522
124.34699999999999,-1.8093592720592759
124.348,-1.8078491593248109
124.349,-1.8063367062364093
124.34999999999999,-1.8048219235346994
124.351,-1.8033048219625745
124.352,-1.8017854122651271
124.35299999999999,-1.8002637051895725
124.354,-1.798739711485176
124.355,-1.7972134419031893
124.35599999999999,-1.7956849071967691
124.357,-1.7941541181209075
124.358,-1.7926210854323661
124.35899999999999,-1.7910858198895951
124.36,-1.7895483322526711
124.361,-1.7880086332832195
124.36199999999999,-1.7864667337443441
124.363,-1.7849226444005559
124.364,-1.7833763760177073
124.36499999999999,-1.781827939362908
124.366,-1.7802773452044702
124.367,-1.7787246043118192
124.36799999999999,-1.7771697274554425
124.369,-1.7756127254068041
124.37,-1.7740536089382755
124.371,-1.7724923888230744
124.372,-1.770929075835183
124.373,-1.7693636807492803
124.374,-1.7677962143406794
124.375,-1.766226687385243
124.376,-1.7646551106593269
124.377,-1.7630814949397027
124.378,-1.7615058510034856
124.379,-1.7599281896280716
124.38,-1.7583485215910597
124.381,-1.7567668576701874
124.38200000000001,-1.7551832086432606
124.383,-1.7535975852880785
124.384,-1.752009998382372
124.38500000000001,-1.7504204587037293
124.386,-1.748828977029524
124.387,-1.7472355641368551
124.38800000000001,-1.7456402308024637
124.389,-1.7440429878026804
124.39,-1.742443845913344
124.39100000000001,-1.7408428159097338
124.392,-1.7392399085665069
124.393,-1.7376351346576278
124.39400000000001,-1.7360285049562918
124.395,-1.7344200302348689
124.396,-1.7328097212648235
124.39700000000001,-1.7311975888166558
124.398,-1.7295836436598311
124.399,-1.7279678965627023
124.40000000000001,-1.7263503582924589
124.401,-1.7247310396150459
124.402,-1.7231099512950985
124.40300000000001,-1.7214871040958806
124.404,-1.7198625087792077
124.405,-1.718236176105389
124.40600000000001,-1.7166081168331568
124.407,-1.7149783417195912
124.408,-1.7133468615200671
124.40900000000001,-1.7117136869881799
124.41,-1.7100788288756736
124.411,-1.7084422979323883
124.41200000000001,-1.706804104906174
124.413,-1.7051642605428459
124.414,-1.7035227755861024
124.41500000000001,-1.7018796607774629
124.416,-1.7002349268562047
124.417,-1.6985885845592956
124.41800000000001,-1.6969406446213258
124.419,-1.6952911177744447
124.42,-1.6936400147482935
124.42100000000001,-1.6919873462699442
124.422,-1.6903331230638297
124.423,-1.6886773558516768
124.42400000000001,-1.6870200553524486
124.425,-1.6853612322822764
124.426,-1.6837008973543868
124.42699999999999,-1.6820390612790534
124.428,-1.6803757347635162
124.429,-1.6787109285119284
124.43000000000001,-1.6770446532252885
124.431,-1.6753769196013706
124.432,-1.6737077383346732
124.43299999999999,-1.6720371201163435
124.434,-1.6703650756341184
124.435,-1.6686916155722638
124.43600000000001,-1.6670167506115043
124.437,-1.6653404914289687
124.438,-1.6636628486981204
124.43899999999999,-1.6619838330886956
124.44,-1.6603034552666427
124.441,-1.6586217258940614
124.44200000000001,-1.6569386556291308
124.443,-1.6552542551260618
124.444,-1.6535685350350198
124.44499999999999,-1.6518815060020737
124.446,-1.650193178669134
124.447,-1.6485035636738785
124.44800000000001,-1.646812671649708
124.449,-1.6451205132256743
124.45,-1.6434270990264184
124.45099999999999,-1.641732439672118
124.452,-1.6400365457784165
124.453,-1.6383394279563706
124.45399999999999,-1.6366410968123861
124.455,-1.6349415629481547
124.456,-1.6332408369605993
124.45699999999999,-1.6315389294418137
124.458,-1.6298358509789943
124.459,-1.6281316121543932
124.45999999999999,-1.6264262235452476
124.461,-1.6247196957237269
124.462,-1.6230120392568739
124.46299999999999,-1.6213032647065377
124.464,-1.6195933826293256
124.465,-1.6178824035765398
124.46599999999999,-1.6161703380941135
124.467,-1.614457196722564
124.468,-1.6127429899969226
124.46899999999999,-1.6110277284466852
124.47,-1.6093114225957543
124.471,-1.6075940829623721
124.47199999999999,-1.6058757200590732
124.473,-1.6041563443926266
124.474,-1.6024359664639698
124.47499999999999,-1.6007145967681631
124.476,-1.5989922457943222
124.477,-1.5972689240255735
124.47799999999999,-1.5955446419389876
124.479,-1.5938194100055261
124.48,-1.5920932386899884
124.48099999999999,-1.5903661384509558
124.482,-1.5886381197407276
124.483,-1.5869091930052794
124.48399999999999,-1.5851793686841944
124.485,-1.5834486572106186
124.486,-1.5817170690112019
124.48699999999999,-1.5799846145060401
124.488,-1.5782513041086259
124.489,-1.5765171482257945
124.48999999999999,-1.5747821572576619
124.491,-1.5730463415975828
124.492,-1.5713097116320844
124.49299999999999,-1.5695722777408245
124.494,-1.5678340502965313
124.495,-1.5660950396649485
124.496,-1.5643552562047907
124.497,-1.5626147102676831
124.498,-1.5608734121981094
124.499,-1.5591313723333673
124.5,-1.5573886010035038
124.501,-1.555645108531275
124.502,-1.5539009052320898
124.503,-1.552156001413953
124.504,-1.5504104073774254
124.505,-1.5486641334155611
124.506,-1.5469171898138643
124.50700000000001,-1.5451695868502389
124.508,-1.5434213347949273
124.509,-1.5416724439104756
124.51000000000001,-1.5399229244516739
124.511,-1.5381727866655051
124.512,-1.5364220407911049
124.51300000000001,-1.5346706970596973
124.514,-1.5329187656945613
124.515,-1.5311662569109732
124.51600000000001,-1.5294131809161557
124.517,-1.5276595479092352
124.518,-1.5259053680811918
124.51900000000001,-1.5241506516148076
124.52,-1.522395408684623
124.521,-1.5206396494568855
124.52200000000001,-1.5188833840895037
124.523,-1.5171266227320048
124.524,-1.5153693755254745
124.52500000000001,-1.5136116526025241
124.526,-1.511853464087237
124.527,-1.5100948200951194
124.52800000000001,-1.5083357307330643
124.529,-1.5065762060992909
124.53,-1.5048162562833134
124.53100000000001,-1.5030558913658851
124.532,-1.5012951214189556
124.533,-1.4995339565056296
124.53400000000001,-1.4977724066801184
124.535,-1.4960104819876918
124.536,-1.4942481924646418
124.53700000000001,-1.4924855481382306
124.538,-1.4907225590266504
124.539,-1.4889592351389827
124.54000000000001,-1.4871955864751427
124.541,-1.4854316230258511
124.542,-1.4836673547725825
124.54300000000001,-1.4819027916875191
124.544,-1.4801379437335187
124.545,-1.4783728208640592
124.54600000000001,-1.4766074330232093
124.547,-1.4748417901455784
124.548,-1.4730759021562723
124.54900000000001,-1.4713097789708602
124.55,-1.4695434304953292
124.551,-1.4677768666260387
124.55199999999999,-1.4660100972496872
124.553,-1.4642431322432645
124.554,-1.4624759814740174
124.55500000000001,-1.4607086547994073
124.556,-1.458941162067064
124.557,-1.4571735131147574
124.55799999999999,-1.4554057177703492
124.559,-1.453637785851754
124.56,-1.4518697271669072
124.56100000000001,-1.4501015515137154
124.562,-1.4483332686800281
124.563,-1.4465648884435942
124.56399999999999,-1.4447964205720205
124.565,-1.4430278748227408
124.566,-1.4412592609429762
124.56700000000001,-1.4394905886696907
124.568,-1.4377218677295656
124.569,-1.4359531078389514
124.56999999999999,-1.4341843187038381
124.571,-1.4324155100198182
124.572,-1.4306466914720424
124.57300000000001,-1.4288778727351961
124.574,-1.4271090634734558
124.575,-1.4253402733404492
124.57599999999999,-1.4235715119792334
124.577,-1.4218027890222431
124.578,-1.4200341140912698
124.57899999999999,-1.4182654967974213
124.58,-1.4164969467410826
124.581,-1.4147284735118908
124.58199999999999,-1.4129600866886962
124.583,-1.4111917958395239
124.584,-1.4094236105215532
124.58499999999999,-1.4076555402810671
124.586,-1.4058875946534366
124.587,-1.4041197831630756
124.58799999999999,-1.4023521153234111
124.589,-1.4005846006368554
124.59,-1.3988172485947701
124.59099999999999,-1.3970500686774303
124.592,-1.395283070354004
124.593,-1.393516263082508
124.59399999999999,-1.3917496563097855
124.595,-1.3899832594714741
124.596,-1.3882170819919686
124.59699999999999,-1.3864511332843992
124.598,-1.3846854227505971
124.599,-1.3829199597810593
124.59999999999999,-1.3811547537549331
124.601,-1.3793898140399679
124.602,-1.3776251499925016
124.60299999999999,-1.3758607709574264
124.604,-1.3740966862681536
124.605,-1.3723329052465938
124.60599999999999,-1.3705694372031276
124.607,-1.3688062914365688
124.608,-1.3670434772341484
124.60899999999999,-1.3652810038714762
124.61,-1.363518880612522
124.611,-1.3617571167095857
124.61199999999999,-1.359995721403265
124.613,-1.3582347039224363
124.614,-1.3564740734842271
124.61499999999999,-1.354713839293979
124.616,-1.3529540105452424
124.617,-1.3511945964197276
124.61799999999999,-1.3494356060872972
124.619,-1.3476770487059331
124.62,-1.3459189334217077
124.621,-1.344161269368769
124.622,-1.3424040656693097
124.623,-1.3406473314335385
124.624,-1.3388910757596677
124.625,-1.3371353077338779
124.626,-1.335380036430301
124.627,-1.3336252709109981
124.628,-1.3318710202259261
124.629,-1.3301172934129282
124.63,-1.3283640994976986
124.631,-1.3266114474937714
124.63200000000001,-1.3248593464024929
124.633,-1.3231078052129925
124.634,-1.3213568329021765
124.63500000000001,-1.3196064384346944
124.636,-1.3178566307629191
124.637,-1.3161074188269326
124.63800000000001,-1.3143588115544933
124.639,-1.3126108178610305
124.64,-1.3108634466496119
124.64100000000001,-1.309116706810924
124.642,-1.30737060722326
124.643,-1.3056251567524972
124.64400000000001,-1.303880364252068
124.645,-1.3021362385629576
124.646,-1.3003927885136668
124.64700000000001,-1.2986500229202085
124.648,-1.2969079505860832
124.649,-1.2951665803022527
124.65000000000001,-1.2934259208471373
124.651,-1.2916859809865873
124.652,-1.2899467694738658
124.65300000000001,-1.2882082950496363
124.654,-1.2864705664419391
124.655,-1.2847335923661827
124.65600000000001,-1.2829973815251192
124.657,-1.2812619426088274
124.658,-1.2795272842947045
124.65900000000001,-1.2777934152474455
124.66,-1.2760603441190206
124.661,-1.274328079548674
124.66200000000001,-1.2725966301628917
124.663,-1.2708660045754012
124.664,-1.2691362113871498
124.66500000000001,-1.2674072591862853
124.666,-1.2656791565481504
124.667,-1.2639519120352638
124.66800000000001,-1.2622255341973037
124.669,-1.2605000315711008
124.67,-1.2587754126806152
124.67100000000001,-1.2570516860369325
124.672,-1.2553288601382464
124.673,-1.2536069434698405
124.67400000000001,-1.2518859445040857
124.675,-1.2501658717004207
124.676,-1.2484467335053377
124.67699999999999,-1.2467285383523803
124.678,-1.2450112946621177
124.679,-1.2432950108421454
124.68000000000001,-1.2415796952870686
124.681,-1.2398653563784856
124.682,-1.2381520024849868
124.68299999999999,-1.2364396419621384
124.684,-1.2347282831524677
124.685,-1.2330179343854626
124.68600000000001,-1.2313086039775505
124.687,-1.2296003002320977
124.688,-1.2278930314393941
124.68899999999999,-1.2261868058766423
124.69,-1.2244816318079537
124.691,-1.2227775174843365
124.69200000000001,-1.2210744711436812
124.693,-1.2193725010107637
124.694,-1.217671615297224
124.69499999999999,-1.2159718222015674
124.696,-1.2142731299091525
124.697,-1.2125755465921793
124.69800000000001,-1.2108790804096889
124.699,-1.2091837395075533
124.7,-1.2074895320184622
124.70099999999999,-1.2057964660619251
124.702,-1.2041045497442564
124.703,-1.2024137911585737
124.70399999999999,-1.2007241983847907
124.705,-1.1990357794896049
124.706,-1.1973485425265007
124.70699999999999,-1.1956624955357378
124.708,-1.1939776465443412
124.709,-1.1922940035661092
124.70999999999999,-1.1906115746015895
124.711,-1.1889303676380916
124.712,-1.1872503906496712
124.71299999999999,-1.1855716515971251
124.714,-1.1838941584279923
124.715,-1.1822179190765489
124.71599999999999,-1.1805429414637953
124.717,-1.1788692334974635
124.718,-1.1771968030720037
124.71899999999999,-1.1755256580685882
124.72,-1.173855806355105
124.721,-1.1721872557861484
124.72199999999999,-1.1705200142030265
124.723,-1.1688540894337522
124.724,-1.1671894892930366
124.72499999999999,-1.1655262215822981
124.726,-1.1638642940896438
124.727,-1.1622037145898845
124.72799999999999,-1.1605444908445195
124.729,-1.1588866306017389
124.73,-1.1572301415964243
124.73099999999999,-1.1555750315501458
124.732,-1.1539213081711552
124.733,-1.1522689791543961
124.73399999999999,-1.1506180521814897
124.735,-1.1489685349207435
124.736,-1.1473204350271506
124.73699999999999,-1.1456737601423788
124.738,-1.1440285178947838
124.739,-1.1423847158994009
124.73999999999999,-1.1407423617579444
124.741,-1.1391014630588137
124.742,-1.137462027377085
124.74299999999999,-1.1358240622745219
124.744,-1.1341875752995692
124.745,-1.1325525739873521
124.746,-1.1309190658596842
124.747,-1.1292870584250645
124.748,-1.1276565591786749
124.749,-1.1260275756023912
124.75,-1.124400115164774
124.751,-1.1227741853210773
124.752,-1.1211497935132524
124.753,-1.1195269471699389
124.754,-1.1179056537064811
124.755,-1.1162859205249174
124.756,-1.1146677550139938
124.75700000000001,-1.1130511645491603
124.758,-1.1114361564925714
124.759,-1.1098227381930976
124.76000000000001,-1.1082109169863215
124.761,-1.1066007001945413
124.762,-1.1049920951267802
124.76300000000001,-1.1033851090787814
124.764,-1.1017797493330184
124.765,-1.100176023158699
124.76600000000001,-1.0985739378117598
124.767,-1.0969735005348846
124.768,-1.0953747185575002
124.76900000000001,-1.0937775990957768
124.77,-1.0921821493526445
124.771,-1.090588376517786
124.77200000000001,-1.0889962877676502
124.773,-1.0874058902654542
124.774,-1.0858171911611818
124.77500000000001,-1.0842301975916024
124.776,-1.0826449166802656
124.777,-1.0810613555375068
124.77800000000001,-1.07947952126046
124.779,-1.077899420933057
124.78,-1.0763210616260357
124.78100000000001,-1.0747444503969483
124.782,-1.0731695942901609
124.783,-1.0715965003368668
124.78400000000001,-1.0700251755550914
124.785,-1.068455626949691
124.786,-1.0668878615123738
124.78700000000001,-1.0653218862216913
124.788,-1.063757708043056
124.789,-1.0621953339287467
124.79000000000001,-1.0606347708179067
124.791,-1.0590760256365641
124.792,-1.0575191052976325
124.79300000000001,-1.0559640167009137
124.794,-1.0544107667331166
124.795,-1.0528593622678528
124.79600000000001,-1.0513098101656544
124.797,-1.0497621172739766
124.798,-1.0482162904272045
124.79900000000001,-1.0466723364466652
124.8,-1.045130262140636
124.801,-1.0435900743043458
124.80199999999999,-1.0420517797199937
124.803,-1.0405153851567472
124.804,-1.0389808973707599
124.80500000000001,-1.0374483231051763
124.806,-1.0359176690901362
124.807,-1.034388942042791
124.80799999999999,-1.0328621486673133
124.809,-1.0313372956548925
124.81,-1.0298143896837637
124.81100000000001,-1.0282934374192001
124.812,-1.0267744455135324
124.813,-1.0252574206061564
124.81399999999999,-1.0237423693235361
124.815,-1.0222292982792243
124.816,-1.0207182140738642
124.81700000000001,-1.0192091232952001
124.818,-1.0177020325180912
124.819,-1.0161969483045163
124.81999999999999,-1.0146938772035894
124.821,-1.013192825751567
124.822,-1.011693800471855
124.82300000000001,-1.0101968078750261
124.824,-1.0087018544588271
124.825,-1.0072089467081835
124.82599999999999,-1.0057180910952219
124.827,-1.0042292940792688
124.828,-1.0027425621068684
124.82899999999999,-1.0012579016117944
124.83,-0.99977531901505223
124.831,-0.99829482072489939
124.83199999999999,-0.99681641313685387
124.833,-0.99534010263369854
124.834,-0.99386589558550464
124.83499999999999,-0.99239379834962771
124.836,-0.9909238172707352
124.837,-0.98945595868080571
124.83799999999999,-0.98799022889914412
124.839,-0.98652663423239262
124.84,-0.98506518097454832
124.84099999999999,-0.98360587540695876
124.842,-0.98214872379835516
124.843,-0.98069373240484459
124.84399999999999,-0.97924090746993342
124.845,-0.97779025522453744
124.846,-0.9763417818869865
124.84699999999999,-0.97489549366304717
124.848,-0.97345139674592751
124.849,-0.97200949731628805
124.84999999999999,-0.97056980154226069
124.851,-0.96913231557945256
124.852,-0.96769704557096436
124.85299999999999,-0.96626399764740278
124.854,-0.96483317792688494
124.855,-0.96340459251505728
124.85599999999999,-0.96197824750511174
124.857,-0.96055414897778357
124.858,-0.95913230300138241
124.85899999999999,-0.95771271563178806
124.86,-0.9562953929124729
124.861,-0.95488034087451346
124.86199999999999,-0.95346756553659651
124.863,-0.95205707290503849
124.864,-0.95064886897379808
124.86499999999999,-0.94924295972448047
124.866,-0.94783935112636275
124.867,-0.94643804913639284
124.86799999999999,-0.94503905969921354
124.869,-0.94364238874717299
124.87,-0.94224804220032699
124.871,-0.94085602596646711
124.872,-0.93946634594112555
124.873,-0.93807900800758381
124.874,-0.93669401803689845
124.875,-0.93531138188789653
124.876,-0.93393110540720548
124.877,-0.93255319442925622
124.878,-0.93117765477629466
124.879,-0.92980449225840545
124.88,-0.92843371267350938
124.881,-0.92706532180739076
124.88200000000001,-0.92569932543370248
124.883,-0.92433572931397889
124.884,-0.92297453919765238
124.88500000000001,-0.92161576082206664
124.886,-0.9202593999124824
124.887,-0.91890546218210112
124.88800000000001,-0.91755395333206791
124.889,-0.91620487905149139
124.89,-0.91485824501745738
124.89100000000001,-0.91351405689503118
124.892,-0.91217232033728846
124.893,-0.91083304098531048
124.89400000000001,-0.90949622446820721
124.895,-0.90816187640313129
124.896,-0.90683000239528144
124.89700000000001,-0.90550060803792742
124.898,-0.90417369891241517
124.899,-0.90284928058818181
124.90000000000001,-0.90152735862276978
124.901,-0.90020793856183989
124.902,-0.89889102593917913
124.90300000000001,-0.89757662627672408
124.904,-0.89626474508456244
124.905,-0.89495538786095263
124.90600000000001,-0.89364856009233873
124.907,-0.89234426725335281
124.908,-0.89104251480684304
124.90900000000001,-0.88974330820387304
124.91,-0.88844665288374103
124.911,-0.8871525542739942
124.91200000000001,-0.88586101779043502
124.913,-0.88457204883714291
124.914,-0.88328565280647986
124.91500000000001,-0.88200183507910501
124.916,-0.88072060102398808
124.917,-0.87944195599842534
124.91800000000001,-0.87816590534804384
124.919,-0.87689245440682395
124.92,-0.87562160849710247
124.92100000000001,-0.87435337292959392
124.922,-0.87308775300339925
124.923,-0.87182475400601378
124.92400000000001,-0.87056438121334911
124.925,-0.86930663988973955
124.926,-0.86805153528795409
124.92699999999999,-0.8667990726492123
124.928,-0.86554925720319242
124.929,-0.86430209416804959
124.93000000000001,-0.86305758875042327
124.931,-0.86181574614544854
124.932,-0.86057657153677414
124.93299999999999,-0.85934007009657076
124.934,-0.85810624698554072
124.935,-0.85687510735293748
124.93600000000001,-0.855646656336568
124.937,-0.85442089906281504
124.938,-0.85319784064664228
124.93899999999999,-0.85197748619160518
124.94,-0.85075984078986933
124.941,-0.84954490952221895
124.94200000000001,-0.84833269745806505
124.943,-0.84712320965546273
124.944,-0.84591645116111946
124.94499999999999,-0.84471242701041016
124.946,-0.84351114222738521
124.947,-0.8423126018247804
124.94800000000001,-0.841116810804036
124.949,-0.83992377415530162
124.95,-0.83873349685744747
124.95099999999999,-0.83754598387808066
124.952,-0.83636124017355051
124.953,-0.83517927068896491
124.95399999999999,-0.83400008035819839
124.955,-0.83282367410390301
124.956,-0.83165005683752202
124.95699999999999,-0.8304792334592983
124.958,-0.82931120885828458
124.959,-0.82814598791235905
124.95999999999999,-0.82698357548822932
124.961,-0.82582397644144878
124.962,-0.82466719561642599
124.96299999999999,-0.82351323784643127
124.964,-0.82236210795361153
124.965,-0.82121381074900301
124.96599999999999,-0.82006835103253106
124.967,-0.81892573359303455
124.968,-0.81778596320826435
124.96899999999999,-0.81664904464489985
124.97,-0.81551498265855782
124.971,-0.81438378199380135
124.97199999999999,-0.81325544738415023
124.973,-0.81212998355209143
124.974,-0.81100739520908893
124.97499999999999,-0.80988768705559189
124.976,-0.80877086378104601
124.977,-0.80765693006390216
124.97799999999999,-0.80654589057162784
124.979,-0.8054377499607126
124.98,-0.80433251287668117
124.98099999999999,-0.80323018395410184
124.982,-0.80213076781659254
124.983,-0.80103426907683639
124.98399999999999,-0.79994069233658271
124.985,-0.79885004218666356
124.986,-0.79776232320699769
124.98699999999999,-0.79667753996659985
124.988,-0.79559569702359156
124.989,-0.79451679892521021
124.98999999999999,-0.79344085020781163
124.991,-0.7923678553968867
124.992,-0.79129781900706364
124.99299999999999,-0.79023074554211936
124.994,-0.78916663949498878
124.995,-0.7881055053477648
124.996,-0.78704734757171946
124.997,-0.78599217062730176
124.998,-0.78493997896414625
124.999,-0.78389077702108767
125,-0.78284456922615997
125.001,-0.78180135999660982
125.002,-0.78076115373890298
125.003,-0.77972395484872803
125.004,-0.77868976771100973
125.005,-0.777658596699909
125.006,-0.77663044617883781
125.00700000000001,-0.77560532050046038
125.008,-0.77458322400670232
125.009,-0.77356416102875603
125.01000000000001,-0.77254813588709159
125.011,-0.77153515289145602
125.012,-0.77052521634088844
125.01300000000001,-0.7695183305237181
125.014,-0.76851449971757724
125.015,-0.76751372818940622
125.01600000000001,-0.76651602019545262
125.017,-0.76552137998129
125.018,-0.76452981178181167
125.01900000000001,-0.76354131982124318
125.02,-0.7625559083131479
125.021,-0.76157358146042831
125.02200000000001,-0.76059434345533705
125.023,-0.7596181984794792
125.024,-0.75864515070381655
125.02500000000001,-0.75767520428867563
125.026,-0.75670836338375391
125.027,-0.75574463212811838
125.02800000000001,-0.75478401465021805
125.029,-0.75382651506788223
125.03,-0.75287213748833126
125.03100000000001,-0.7519208860081783
125.032,-0.75097276471343033
125.033,-0.75002777767950057
125.03400000000001,-0.74908592897120507
125.035,-0.74814722264277189
125.036,-0.74721166273784156
125.03700000000001,-0.74627925328947442
125.038,-0.74534999832015181
125.039,-0.74442390184178286
125.04000000000001,-0.74350096785570363
125.041,-0.7425812003526846
125.042,-0.74166460331293416
125.04300000000001,-0.7407511807060978
125.044,-0.73984093649126603
125.045,-0.73893387461697513
125.04600000000001,-0.73802999902121047
125.047,-0.73712931363141032
125.048,-0.73623182236446549
125.04900000000001,-0.73533752912672878
125.05,-0.73444643781400942
125.051,-0.73355855231158018
125.05199999999999,-0.73267387649418003
125.053,-0.73179241422601371
125.054,-0.73091416936075693
125.05500000000001,-0.73003914574155671
125.056,-0.72916734720103116
125.057,-0.72829877756127592
125.05799999999999,-0.72743344063386406
125.059,-0.72657134021984382
125.06,-0.72571248010974776
125.06100000000001,-0.72485686408358552
125.062,-0.72400449591085236
125.063,-0.72315537935052698
125.06399999999999,-0.72230951815106992
125.065,-0.72146691605043101
125.066,-0.72062757677604516
125.06700000000001,-0.71979150404483327
125.068,-0.71895870156320596
125.069,-0.71812917302706092
125.06999999999999,-0.7173029221217837
125.071,-0.71647995252225138
125.072,-0.71566026789282655
125.07300000000001,-0.71484387188736309
125.074,-0.71403076814920452
125.075,-0.71322096031117921
125.07599999999999,-0.71241445199560838
125.077,-0.71161124681429833
125.078,-0.71081134836854409
125.07899999999999,-0.71001476024912669
125.08,-0.70922148603631396
125.081,-0.70843152929985753
125.08199999999999,-0.70764489359899629
125.083,-0.70686158248244801
125.084,-0.70608159948841509
125.08499999999999,-0.70530494814457945
125.086,-0.7045316319681022
125.087,-0.70376165446562289
125.08799999999999,-0.70299501913325546
125.089,-0.70223172945658852
125.09,-0.70147178891068462
125.09099999999999,-0.700715200960073
125.092,-0.69996196905875474
125.093,-0.69921209665019346
125.09399999999999,-0.69846558716731921
125.095,-0.69772244403252226
125.096,-0.69698267065765063
125.09699999999999,-0.69624627044400844
125.098,-0.69551324678235571
125.099,-0.69478360305289766
125.09999999999999,-0.69405734262529095
125.101,-0.6933344688586347
125.102,-0.69261498510146868
125.10299999999999,-0.69189889469177324
125.104,-0.69118620095695826
125.105,-0.69047690721386701
125.10599999999999,-0.68977101676877128
125.107,-0.68906853291736181
125.108,-0.6883694589447531
125.10899999999999,-0.68767379812547069
125.11,-0.68698155372345515
125.111,-0.68629272899205307
125.11199999999999,-0.6856073271740124
125.113,-0.68492535150148059
125.114,-0.68424680519599956
125.11499999999999,-0.68357169146849861
125.116,-0.68290001351929364
125.117,-0.68223177453807748
125.11799999999999,-0.68156697770391916
125.119,-0.68090562618525918
125.12,-0.68024772313989812
125.121,-0.67959327171499873
125.122,-0.67894227504707749
125.123,-0.67829473626199754
125.124,-0.67765065847496642
125.125,-0.67701004479052584
125.126,-0.67637289830255232
125.127,-0.67573922209424553
125.128,-0.67510901923812383
125.129,-0.67448229279602079
125.13,-0.67385904581907474
125.131,-0.67323928134772459
125.13200000000001,-0.67262300241170703
125.133,-0.67201021203004097
125.134,-0.67140091321102924
125.13500000000001,-0.67079510895225014
125.136,-0.67019280224054589
125.137,-0.66959399605202297
125.13800000000001,-0.66899869335203732
125.139,-0.6684068970951943
125.14,-0.66781861022533873
125.14100000000001,-0.66723383567554295
125.142,-0.66665257636810926
125.143,-0.66607483521455202
125.14400000000001,-0.66550061511559733
125.145,-0.66492991896117182
125.146,-0.66436274963039543
125.14700000000001,-0.66379910999157443
125.148,-0.66323900290219362
125.149,-0.6626824312089038
125.15000000000001,-0.66212939774752111
125.151,-0.66157990534301359
125.152,-0.66103395680949095
125.15300000000001,-0.66049155495020329
125.154,-0.65995270255752514
125.155,-0.65941740241295199
125.15600000000001,-0.65888565728708781
125.157,-0.65835746993963817
125.158,-0.6578328431194016
125.15900000000001,-0.65731177956425846
125.16,-0.65679428200116452
125.161,-0.65628035314613964
125.16200000000001,-0.65576999570425798
125.163,-0.65526321236964258
125.164,-0.65476000582545169
125.16500000000001,-0.654260378743869
125.166,-0.65376433378609722
125.167,-0.65327187360234729
125.16800000000001,-0.6527830008318245
125.169,-0.65229771810272708
125.17,-0.65181602803222516
125.17100000000001,-0.65133793322646116
125.172,-0.65086343628053256
125.173,-0.65039253977848444
125.17400000000001,-0.64992524629329895
125.175,-0.64946155838688513
125.176,-0.64900147861006641
125.17699999999999,-0.64854500950257254
125.178,-0.64809215359302663
125.179,-0.64764291339893765
125.18000000000001,-0.64719729142668581
125.181,-0.64675529017151379
125.182,-0.64631691211751541
125.18299999999999,-0.64588215973762453
125.184,-0.64545103549360316
125.185,-0.64502354183603283
125.18600000000001,-0.64459968120429667
125.187,-0.64417945602657833
125.188,-0.64376286871984179
125.18899999999999,-0.64334992168982308
125.19,-0.64294061733101882
125.191,-0.64253495802667426
125.19200000000001,-0.64213294614877103
125.193,-0.64173458405801709
125.194,-0.64133987410383053
125.19499999999999,-0.64094881862433473
125.196,-0.64056141994633919
125.197,-0.64017768038533118
125.19800000000001,-0.63979760224546234
125.199,-0.63942118781953872
125.2,-0.63904843938900469
125.20099999999999,-0.63867935922393348
125.202,-0.63831394958301269
125.203,-0.63795221271353519
125.20399999999999,-0.63759415085138271
125.205,-0.63723976622101419
125.206,-0.63688906103545539
125.20699999999999,-0.63654203749628335
125.208,-0.63619869779361438
125.209,-0.63585904410609317
125.20999999999999,-0.63552307860087587
125.211,-0.63519080343362089
125.212,-0.63486222074847465
125.21299999999999,-0.63453733267805656
125.214,-0.63421614134344972
125.215,-0.63389864885418357
125.21599999999999,-0.63358485730822334
125.217,-0.63327476879195632
125.218,-0.63296838538017641
125.21899999999999,-0.63266570913607523
125.22,-0.63236674211122201
125.221,-0.63207148634555788
125.22199999999999,-0.63177994386737502
125.223,-0.6314921166933074
125.224,-0.63120800682831657
125.22499999999999,-0.63092761626567651
125.226,-0.63065094698695989
125.227,-0.63037800096202623
125.22799999999999,-0.63010878014900717
125.229,-0.62984328649429
125.23,-0.62958152193250783
125.23099999999999,-0.62932348838652308
125.232,-0.62906918776741394
125.233,-0.62881862197445915
125.23399999999999,-0.62857179289512721
125.235,-0.62832870240505878
125.236,-0.62808935236805219
125.23699999999999,-0.62785374463605459
125.238,-0.62762188104914063
125.239,-0.62739376343550157
125.23999999999999,-0.6271693936114322
125.241,-0.6269487733813135
125.242,-0.6267319045376003
125.24299999999999,-0.62651878886080614
125.244,-0.62630942811948831
125.245,-0.62610382407023391
125.246,-0.62590197845764561
125.247,-0.6257038930143255
125.248,-0.62550956946086356
125.249,-0.62531900950581942
125.25,-0.62513221484570969
125.251,-0.62494918716499326
125.252,-0.62476992813605536
125.253,-0.6245944394191949
125.254,-0.62442272266260668
125.255,-0.62425477950237029
125.256,-0.62409061156243228
125.25700000000001,-0.62393022045459312
125.258,-0.62377360777848945
125.259,-0.62362077512158476
125.26000000000001,-0.62347172405914808
125.261,-0.62332645615424354
125.262,-0.62318497295771325
125.26300000000001,-0.62304727600816379
125.264,-0.62291336683195064
125.265,-0.62278324694316167
125.26600000000001,-0.62265691784360389
125.267,-0.62253438102278946
125.268,-0.62241563795791754
125.26900000000001,-0.62230069011386202
125.27,-0.62218953894315487
125.271,-0.62208218588597108
125.27200000000001,-0.62197863237011641
125.273,-0.62187887981100676
125.274,-0.62178292961165882
125.27500000000001,-0.62169078316267179
125.276,-0.62160244184221225
125.277,-0.62151790701600163
125.27800000000001,-0.62143718003729731
125.279,-0.6213602622468799
125.28,-0.62128715497303955
125.28100000000001,-0.62121785953155628
125.282,-0.62115237722569017
125.283,-0.62109070934616162
125.28400000000001,-0.62103285717113987
125.285,-0.62097882196622467
125.286,-0.62092860498443525
125.28700000000001,-0.62088220746619027
125.288,-0.62083963063929692
125.289,-0.62080087571893328
125.29000000000001,-0.62076594390763518
125.291,-0.62073483639527927
125.292,-0.62070755435906899
125.29300000000001,-0.62068409896351973
125.294,-0.62066447136044234
125.295,-0.62064867268892976
125.29600000000001,-0.62063670407534277
125.297,-0.62062856663329069
125.298,-0.62062426146362148
125.29900000000001,-0.62062378965440379
125.3,-0.62062715228091347
125.301,-0.62063435040561665
125.30199999999999,-0.62064538507815703
125.303,-0.62066025733534069
125.304,-0.62067896820111823
125.30500000000001,-0.62070151868657497
125.306,-0.62072790978991155
125.307,-0.62075814249643169
125.30799999999999,-0.62079221777852589
125.309,-0.62083013659565833
125.31,-0.62087189989435099
125.31100000000001,-0.62091750860816797
125.312,-0.62096696365770332
125.313,-0.62102026595056325
125.31399999999999,-0.62107741638135527
125.315,-0.62113841583167029
125.316,-0.62120326517006919
125.31700000000001,-0.62127196525206851
125.318,-0.62134451692012538
125.319,-0.62142092100362412
125.31999999999999,-0.62150117831885954
125.321,-0.62158528966902571
125.322,-0.62167325584419864
125.32300000000001,-0.62176507762132371
125.324,-0.62186075576420063
125.325,-0.62196029102346873
125.32599999999999,-0.62206368413659396
125.327,-0.62217093582785499
125.328,-0.62228204680832411
125.32899999999999,-0.62239701777586154
125.33,-0.62251584941509508
125.331,-0.62263854239740768
125.33199999999999,-0.62276509738092356
125.333,-0.62289551501049467
125.334,-0.62302979591768548
125.33499999999999,-0.62316794072076243
125.336,-0.62330995002467549
125.337,-0.62345582442104708
125.33799999999999,-0.62360556448815829
125.339,-0.62375917079093546
125.34,-0.62391664388093426
125.34099999999999,-0.62407798429632955
125.342,-0.62424319256189942
125.343,-0.62441226918901238
125.34399999999999,-0.62458521467561456
125.345,-0.62476202950621551
125.346,-0.62494271415187541
125.34699999999999,-0.62512726907018989
125.348,-0.62531569470528281
125.349,-0.62550799148778435
125.34999999999999,-0.62570415983482497
125.351,-0.62590420015001969
125.352,-0.62610811282345613
125.35299999999999,-0.62631589823167866
125.354,-0.62652755673767979
125.355,-0.6267430886908858
125.35599999999999,-0.62696249442714125
125.357,-0.62718577426870259
125.358,-0.62741292852421748
125.35899999999999,-0.62764395748872059
125.36,-0.62787886144361471
125.361,-0.62811764065666154
125.36199999999999,-0.62836029538196925
125.363,-0.62860682585997851
125.364,-0.6288572323174535
125.36499999999999,-0.6291115149674662
125.366,-0.62936967400938659
125.367,-0.62963170962887083
125.36799999999999,-0.62989762199784782
125.369,-0.63016741127450882
125.37,-0.63044107760329537
125.371,-0.63071862111488664
125.372,-0.63100004192619008
125.373,-0.63128534014032756
125.374,-0.63157451584662594
125.375,-0.63186756912060338
125.376,-0.63216450002396085
125.377,-0.63246530860456951
125.378,-0.63276999489645847
125.379,-0.63307855891980647
125.38,-0.63339100068092846
125.381,-0.63370732017226583
125.38200000000001,-0.63402751737237728
125.383,-0.6343515922459243
125.384,-0.6346795447436635
125.38500000000001,-0.63501137480243552
125.386,-0.63534708234515525
125.387,-0.63568666728079848
125.38800000000001,-0.63603012950439619
125.389,-0.63637746889701996
125.39,-0.6367286853257762
125.39100000000001,-0.63708377864379329
125.392,-0.63744274869021056
125.393,-0.63780559529017278
125.39400000000001,-0.63817231825481624
125.395,-0.63854291738126279
125.396,-0.63891739245260593
125.39700000000001,-0.63929574323790606
125.398,-0.63967796949217814
125.399,-0.6400640709563834
125.40000000000001,-0.64045404735742051
125.401,-0.64084789840811485
125.402,-0.64124562380721173
125.40300000000001,-0.64164722323936774
125.404,-0.64205269637513984
125.405,-0.6424620428709773
125.40600000000001,-0.64287526236921499
125.407,-0.6432923544980631
125.408,-0.64371331887159955
125.40900000000001,-0.64413815508976124
125.41,-0.64456686273833608
125.411,-0.64499944138895637
125.41200000000001,-0.64543589059908768
125.413,-0.64587620991202532
125.414,-0.64632039885688242
125.41500000000001,-0.64676845694858498
125.416,-0.64722038368786428
125.417,-0.64767617856124682
125.41800000000001,-0.64813584104105115
125.419,-0.6485993705853772
125.42,-0.64906676663810248
125.42100000000001,-0.64953802862887045
125.422,-0.65001315597308795
125.423,-0.65049214807191769
125.42400000000001,-0.65097500431226996
125.425,-0.65146172406679714
125.426,-0.65195230669388704
125.42699999999999,-0.65244675153765752
125.428,-0.6529450579279491
125.429,-0.65344722518032028
125.43000000000001,-0.65395325259603876
125.431,-0.65446313946207968
125.432,-0.65497688505111762
125.43299999999999,-0.65549448862151838
125.434,-0.65601594941734076
125.435,-0.65654126666832402
125.43600000000001,-0.65707043958988476
125.437,-0.65760346738311515
125.438,-0.65814034923477305
125.43899999999999,-0.65868108431727945
125.44,-0.65922567178871538
125.441,-0.65977411079281145
125.44200000000001,-0.66032640045895308
125.443,-0.66088253990216472
125.444,-0.66144252822311511
125.44499999999999,-0.66200636450810779
125.446,-0.66257404782907692
125.447,-0.66314557724358858
125.44800000000001,-0.66372095179483015
125.449,-0.6643001705116105
125.45,-0.66488323240835745
125.45099999999999,-0.66547013648511166
125.452,-0.66606088172752254
125.453,-0.66665546710685064
125.45399999999999,-0.66725389157995796
125.455,-0.66785615408931043
125.456,-0.66846225356297073
125.45699999999999,-0.6690721889145973
125.458,-0.66968595904344619
125.459,-0.67030356283435888
125.45999999999999,-0.67092499915777104
125.461,-0.67155026686970221
125.462,-0.67217936481175655
125.46299999999999,-0.67281229181112367
125.464,-0.67344904668057282
125.465,-0.6740896282184522
125.46599999999999,-0.67473403520868946
125.467,-0.67538226642078825
125.468,-0.67603432060982993
125.46899999999999,-0.67669019651646689
125.47,-0.67734989286692771
125.471,-0.67801340837301383
125.47199999999999,-0.67868074173209769
125.473,-0.67935189162712306
125.474,-0.68002685672660723
125.47499999999999,-0.68070563568463505
125.476,-0.68138822714086589
125.477,-0.68207462972052701
125.47799999999999,-0.68276484203441745
125.479,-0.68345886267890865
125.48,-0.68415669023594261
125.48099999999999,-0.68485832327303287
125.482,-0.68556376034326805
125.483,-0.68627299998530766
125.48399999999999,-0.68698604072338942
125.485,-0.68770288106732269
125.486,-0.68842351951249681
125.48699999999999,-0.68914795453987931
125.488,-0.68987618461601641
125.489,-0.69060820819303637
125.48999999999999,-0.69134402370865133
125.491,-0.69208362958615788
125.492,-0.69282702423444165
125.49299999999999,-0.69357420604797637
125.494,-0.6943251734068272
125.495,-0.69507992467665636
125.496,-0.69583845820872059
125.497,-0.69660077233987705
125.498,-0.69736686539258741
125.499,-0.69813673567491685
125.5,-0.69891038148054219
125.501,-0.69968780108875084
125.502,-0.7004689927644453
125.503,-0.70125395475815089
125.504,-0.70204268530601288
125.505,-0.70283518262980693
125.506,-0.70363144493693808
125.50700000000001,-0.70443147042044596
125.508,-0.70523525725901304
125.509,-0.7060428036169647
125.51000000000001,-0.70685410764427359
125.511,-0.70766916747656916
125.512,-0.70848798123513768
125.51300000000001,-0.7093105470269323
125.514,-0.71013686294456946
125.515,-0.71096692706634523
125.51600000000001,-0.71180073745623362
125.517,-0.7126382921638944
125.518,-0.71347958922467747
125.51900000000001,-0.71432462665963325
125.52,-0.71517340247551187
125.521,-0.71602591466477561
125.52200000000001,-0.716882161205602
125.523,-0.7177421400618893
125.524,-0.71860584918326875
125.52500000000001,-0.719473286505105
125.526,-0.72034444994850488
125.527,-0.72121933742032818
125.52800000000001,-0.72209794681318829
125.529,-0.72298027600546821
125.53,-0.72386632286131825
125.53100000000001,-0.72475608523067159
125.532,-0.72564956094924882
125.533,-0.72654674783856621
125.53400000000001,-0.72744764370594162
125.535,-0.72835224634450957
125.536,-0.72926055353322083
125.53700000000001,-0.73017256303685985
125.538,-0.7310882726060447
125.539,-0.7320076799772407
125.54000000000001,-0.7329307828727728
125.541,-0.73385757900082715
125.542,-0.7347880660554631
125.54300000000001,-0.73572224171662937
125.544,-0.73666010365016077
125.545,-0.73760164950780149
125.54600000000001,-0.73854687692720411
125.547,-0.73949578353194589
125.548,-0.74044836693153759
125.54900000000001,-0.74140462472143231
125.55,-0.74236455448303684
125.551,-0.74332815378372441
125.55199999999999,-0.74429542017684092
125.553,-0.74526635120172124
125.554,-0.74624094438369559
125.55500000000001,-0.74721919723410046
125.556,-0.74820110725029809
125.557,-0.74918667191567734
125.55799999999999,-0.75017588869966967
125.559,-0.7511687550577657
125.56,-0.75216526843151577
125.56100000000001,-0.75316542624855654
125.562,-0.75416922592261004
125.563,-0.75517666485350254
125.56399999999999,-0.75618774042717862
125.565,-0.75720245001570941
125.566,-0.75822079097730488
125.56700000000001,-0.75924276065633545
125.568,-0.7602683563833319
125.569,-0.76129757547501153
125.56999999999999,-0.76233041523428136
125.571,-0.76336687295025563
125.572,-0.76440694589827396
125.57300000000001,-0.7654506313399061
125.574,-0.76649792652297299
125.575,-0.76754882868155883
125.57599999999999,-0.76860333503602263
125.577,-0.76966144279301862
125.578,-0.77072314914550377
125.57899999999999,-0.77178845127275719
125.58,-0.7728573463403936
125.581,-0.77392983150037775
125.58199999999999,-0.7750059038910404
125.583,-0.77608556063709333
125.584,-0.77716879884964318
125.58499999999999,-0.77825561562621148
125.586,-0.77934600805074372
125.587,-0.78043997319362857
125.58799999999999,-0.78153750811171863
125.589,-0.78263860984833666
125.59,-0.78374327543329714
125.59099999999999,-0.78485150188292629
125.592,-0.7859632862000705
125.593,-0.78707862537412043
125.59399999999999,-0.7881975163810222
125.595,-0.78931995618329631
125.596,-0.79044594173005878
125.59699999999999,-0.7915754699570301
125.598,-0.79270853778655748
125.599,-0.79384514212763657
125.59999999999999,-0.79498527987591916
125.601,-0.796128947913739
125.602,-0.7972761431101264
125.60299999999999,-0.7984268623208246
125.604,-0.7995811023883147
125.605,-0.80073886014182438
125.60599999999999,-0.80190013239735458
125.607,-0.80306491595769414
125.608,-0.80423320761243677
125.60899999999999,-0.80540500413800731
125.61,-0.80658030229767053
125.611,-0.80775909884155783
125.61199999999999,-0.80894139050668423
125.613,-0.81012717401696732
125.614,-0.81131644608324549
125.61499999999999,-0.81250920340330302
125.616,-0.81370544266188038
125.617,-0.81490516053070472
125.61799999999999,-0.81610835366850354
125.619,-0.81731501872102341
125.62,-0.81852515232105794
125.621,-0.81973875108845917
125.622,-0.8209558116301644
125.623,-0.82217633054021522
125.624,-0.82340030439977618
125.625,-0.82462772977715959
125.626,-0.82585860322784321
125.627,-0.8270929212944933
125.628,-0.82833068050698677
125.629,-0.82957187738242655
125.63,-0.83081650842517552
125.631,-0.8320645701268643
125.63200000000001,-0.83331605896642236
125.633,-0.83457097141009795
125.634,-0.83582930391147747
125.63500000000001,-0.83709105291150887
125.636,-0.83835621483852973
125.637,-0.83962478610827818
125.63800000000001,-0.84089676312392769
125.639,-0.84217214227610104
125.64,-0.84345091994289745
125.64100000000001,-0.84473309248991524
125.642,-0.84601865627027295
125.643,-0.84730760762463175
125.64400000000001,-0.84859994288122653
125.645,-0.84989565835587799
125.646,-0.85119475035202674
125.64700000000001,-0.85249721516074772
125.648,-0.85380304906077942
125.649,-0.85511224831855137
125.65000000000001,-0.85642480918819663
125.651,-0.8577407279115874
125.652,-0.8590600007183542
125.65300000000001,-0.86038262382591046
125.654,-0.86170859343947925
125.655,-0.86303790575211325
125.65600000000001,-0.86437055694472509
125.657,-0.86570654318610896
125.658,-0.86704586063296629
125.65900000000001,-0.86838850542992829
125.66,-0.86973447370958967
125.661,-0.87108376159252232
125.66200000000001,-0.87243636518731049
125.663,-0.87379228059056924
125.664,-0.87515150388697405
125.66500000000001,-0.87651403114928816
125.666,-0.87787985843838301
125.667,-0.87924898180326849
125.66800000000001,-0.88062139728111843
125.669,-0.881997100897294
125.67,-0.88337608866537676
125.67100000000001,-0.88475835658718516
125.672,-0.88614390065280968
125.673,-0.88753271684063673
125.67400000000001,-0.88892480111737415
125.675,-0.89032014943807647
125.676,-0.89171875774617959
125.67699999999999,-0.89312062197351716
125.678,-0.89452573804035795
125.679,-0.89593410185542521
125.68000000000001,-0.89734570931592628
125.681,-0.89876055630758533
125.682,-0.90017863870466341
125.68299999999999,-0.90159995236998836
125.684,-0.90302449315498756
125.685,-0.90445225689970687
125.68600000000001,-0.90588323943284854
125.687,-0.9073174365717902
125.688,-0.90875484412261864
125.68899999999999,-0.91019545788015777
125.69,-0.91163927362799513
125.691,-0.91308628713850848
125.69200000000001,-0.91453649417290239
125.693,-0.91598989048122537
125.694,-0.91744647180240968
125.69499999999999,-0.91890623386429238
125.696,-0.92036917238364713
125.697,-0.92183528306621587
125.69800000000001,-0.92330456160673169
125.699,-0.92477700368895288
125.7,-0.92625260498569395
125.70099999999999,-0.92773136115884758
125.702,-0.92921326785942204
125.703,-0.93069832072756464
125.70399999999999,-0.93218651539259589
125.705,-0.93367784747303806
125.706,-0.93517231257664302
125.70699999999999,-0.93666990630042246
125.708,-0.93817062423068376
125.709,-0.93967446194304904
125.70999999999999,-0.94118141500249708
125.711,-0.94269147896338601
125.712,-0.94420464936948423
125.71299999999999,-0.94572092175400657
125.714,-0.94724029163963697
125.715,-0.9487627545385624
125.71599999999999,-0.95028830595250835
125.717,-0.95181694137276152
125.718,-0.95334865628020615
125.71899999999999,-0.95488344614535237
125.72,-0.95642130642836576
125.721,-0.95796223257910573
125.72199999999999,-0.95950622003714736
125.723,-0.96105326423181703
125.724,-0.96260336058222729
125.72499999999999,-0.96415650449729895
125.726,-0.9657126913758044
125.727,-0.96727191660638712
125.72799999999999,-0.96883417556759976
125.729,-0.97039946362794105
125.73,-0.97196777614587315
125.73099999999999,-0.97353910846986602
125.732,-0.97511345593842602
125.733,-0.97669081388012402
125.73399999999999,-0.97827117761363369
125.735,-0.97985454244775894
125.736,-0.98144090368146353
125.73699999999999,-0.98303025660391441
125.738,-0.98462259649450135
125.739,-0.98621791862287456
125.73999999999999,-0.98781621824898225
125.741,-0.98941749062309181
125.742,-0.99102173098583513
125.74299999999999,-0.99262893456822854
125.744,-0.99423909659171394
125.745,-0.99585221226819287
125.746,-0.99746827680005112
125.747,-0.9990872853801952
125.748,-1.0007092331920928
125.749,-1.0023341154097913
125.75,-1.0039619271979667
125.751,-1.0055926637119423
125.752,-1.0072263200977287
125.753,-1.0088628914920621
125.754,-1.0105023730224243
125.755,-1.0121447598070918
125.756,-1.0137900469551551
125.75700000000001,-1.0154382295665572
125.758,-1.017089302732135
125.759,-1.0187432615336398
125.76000000000001,-1.0204001010437764
125.761,-1.0220598163262433
125.762,-1.0237224024357521
125.76300000000001,-1.0253878544180774
125.764,-1.0270561673100767
125.765,-1.0287273361397304
125.76600000000001,-1.03040135592618
125.767,-1.0320782216797526
125.768,-1.0337579284019993
125.76900000000001,-1.0354404710857352
125.77,-1.0371258447150598
125.771,-1.0388140442654068
125.77200000000001,-1.0405050647035647
125.773,-1.0421989009877159
125.774,-1.0438955480674796
125.77500000000001,-1.0455950008839299
125.776,-1.0472972543696402
125.777,-1.0490023034487184
125.77800000000001,-1.0507101430368364
125.779,-1.0524207680412683
125.78,-1.0541341733609206
125.78100000000001,-1.0558503538863695
125.782,-1.0575693044998991
125.783,-1.0592910200755274
125.78400000000001,-1.0610154954790452
125.785,-1.0627427255680577
125.786,-1.0644727051920024
125.78700000000001,-1.0662054291922038
125.788,-1.0679408924018909
125.789,-1.0696790896462405
125.79000000000001,-1.0714200157424147
125.791,-1.0731636654995877
125.792,-1.074910033718983
125.79300000000001,-1.0766591151939164
125.794,-1.0784109047098169
125.795,-1.0801653970442751
125.79600000000001,-1.0819225869670677
125.797,-1.0836824692401967
125.798,-1.0854450386179293
125.79900000000001,-1.0872102898468237
125.8,-1.0889782176657672
125.801,-1.0907488168060182
125.80199999999999,-1.0925220819912291
125.803,-1.0942980079374955
125.804,-1.0960765893533766
125.80500000000001,-1.0978578209399386
125.806,-1.0996416973907939
125.807,-1.1014282133921254
125.80799999999999,-1.1032173636227274
125.809,-1.105009142754046
125.81,-1.1068035454502034
125.81100000000001,-1.1086005663680429
125.812,-1.1104002001571576
125.813,-1.1122024414599265
125.81399999999999,-1.1140072849115568
125.815,-1.115814725140108
125.816,-1.1176247567665345
125.81700000000001,-1.1194373744047232
125.818,-1.1212525726615177
125.819,-1.1230703461367701
125.81999999999999,-1.1248906894233586
125.821,-1.1267135971072333
125.822,-1.1285390637674546
125.82300000000001,-1.1303670839762174
125.824,-1.1321976522988944
125.825,-1.1340307632940725
125.82599999999999,-1.1358664115135808
125.827,-1.1377045915025352
125.828,-1.1395452977993652
125.82899999999999,-1.1413885249358535
125.83,-1.143234267437174
125.831,-1.1450825198219219
125.83199999999999,-1.1469332766021485
125.833,-1.1487865322834081
125.834,-1.1506422813647741
125.83499999999999,-1.1525005183388941
125.836,-1.1543612376920107
125.837,-1.1562244339040022
125.83799999999999,-1.1580901014484239
125.839,-1.1599582347925306
125.84,-1.1618288283973215
125.84099999999999,-1.1637018767175766
125.842,-1.1655773742018831
125.843,-1.167455315292681
125.84399999999999,-1.1693356944262905
125.845,-1.171218506032949
125.846,-1.1731037445368546
125.84699999999999,-1.1749914043561878
125.848,-1.1768814799031542
125.849,-1.1787739655840255
125.84999999999999,-1.18066885579916
125.851,-1.1825661449430538
125.852,-1.1844658274043651
125.85299999999999,-1.1863678975659504
125.854,-1.1882723498049084
125.855,-1.1901791784926052
125.85599999999999,-1.1920883779947111
125.857,-1.1939999426712451
125.858,-1.195913866876595
125.85899999999999,-1.1978301449595679
125.86,-1.1997487712634136
125.861,-1.2016697401258611
125.86199999999999,-1.2035930458791659
125.863,-1.205518682850127
125.864,-1.2074466453601336
125.86499999999999,-1.2093769277252007
125.866,-1.211309524255993
125.867,-1.213244429257877
125.86799999999999,-1.2151816370309394
125.869,-1.2171211418700298
125.87,-1.2190629380647988
125.871,-1.221007019899726
125.872,-1.2229533816541567
125.873,-1.2249020176023417
125.874,-1.2268529220134641
125.875,-1.2288060891516821
125.876,-1.2307615132761571
125.877,-1.2327191886410904
125.878,-1.2346791094957636
125.879,-1.2366412700845606
125.88,-1.2386056646470189
125.881,-1.2405722874178484
125.88200000000001,-1.2425411326269722
125.883,-1.2445121944995694
125.884,-1.2464854672560934
125.88500000000001,-1.2484609451123181
125.886,-1.2504386222793731
125.887,-1.252418492963765
125.88800000000001,-1.2544005513674306
125.889,-1.2563847916877546
125.89,-1.2583712081176122
125.89100000000001,-1.2603597948454053
125.892,-1.262350546055089
125.893,-1.2643434559262094
125.89400000000001,-1.2663385186339453
125.895,-1.2683357283491257
125.896,-1.270335079238283
125.89700000000001,-1.2723365654636702
125.898,-1.2743401811833033
125.899,-1.2763459205509993
125.90000000000001,-1.2783537777163989
125.901,-1.2803637468250075
125.902,-1.2823758220182317
125.90300000000001,-1.2843899974334032
125.904,-1.2864062672038246
125.905,-1.2884246254587919
125.90600000000001,-1.2904450663236346
125.907,-1.2924675839197499
125.908,-1.2944921723646319
125.90900000000001,-1.2965188257719056
125.91,-1.2985475382513678
125.911,-1.3005783039090073
125.91200000000001,-1.3026111168470538
125.913,-1.3046459711639953
125.914,-1.3066828609546222
125.91500000000001,-1.3087217803100597
125.916,-1.3107627233177948
125.917,-1.3128056840617128
125.91800000000001,-1.3148506566221352
125.919,-1.3168976350758426
125.92,-1.318946613496119
125.92100000000001,-1.3209975859527723
125.922,-1.3230505465121765
125.923,-1.325105489237304
125.92400000000001,-1.3271624081877524
125.925,-1.3292212974197799
125.926,-1.3312821509863426
125.92699999999999,-1.3333449629371183
125.928,-1.3354097273185492
125.929,-1.3374764381738615
125.93000000000001,-1.3395450895431105
125.931,-1.3416156754632071
125.932,-1.3436881899679474
125.93299999999999,-1.3457626270880483
125.934,-1.3478389808511821
125.935,-1.3499172452820019
125.93600000000001,-1.3519974144021809
125.937,-1.3540794822304381
125.938,-1.3561634427825702
125.93899999999999,-1.3582492900714933
125.94,-1.3603370181072609
125.941,-1.3624266208971032
125.94200000000001,-1.3645180924454596
125.943,-1.3666114267540053
125.944,-1.3687066178216896
125.94499999999999,-1.3708036596447593
125.946,-1.3729025462167936
125.947,-1.3750032715287412
125.94800000000001,-1.3771058295689413
125.949,-1.3792102143231593
125.95,-1.3813164197746224
125.95099999999999,-1.3834244399040423
125.952,-1.385534268689653
125.953,-1.3876459001072379
125.95399999999999,-1.3897593281301581
125.955,-1.3918745467293951
125.956,-1.3939915498735655
125.95699999999999,-1.3961103315289602
125.958,-1.398230885659578
125.959,-1.4003532062271462
125.95999999999999,-1.4024772871911628
125.961,-1.4046031225089157
125.962,-1.4067307061355185
125.96299999999999,-1.4088600320239442
125.964,-1.4109910941250465
125.965,-1.4131238863875943
125.96599999999999,-1.4152584027583075
125.967,-1.4173946371818738
125.968,-1.4195325836009924
125.96899999999999,-1.4216722359563934
125.97,-1.423813588186869
125.971,-1.4259566342293128
125.97199999999999,-1.4281013680187349
125.973,-1.4302477834882983
125.974,-1.4323958745693544
125.97499999999999,-1.4345456351914576
125.976,-1.4366970592824104
125.977,-1.4388501407682801
125.97799999999999,-1.4410048735734313
125.979,-1.4431612516205625
125.98,-1.4453192688307237
125.98099999999999,-1.4474789191233479
125.982,-1.4496401964162897
125.983,-1.4518030946258373
125.98399999999999,-1.4539676076667574
125.985,-1.4561337294523122
125.986,-1.4583014538942891
125.98699999999999,-1.4604707749030394
125.988,-1.462641686387492
125.989,-1.4648141822551879
125.98999999999999,-1.4669882564123151
125.991,-1.4691639027637211
125.992,-1.4713411152129585
125.99299999999999,-1.4735198876622979
125.994,-1.4757002140127613
125.995,-1.4778820881641554
125.996,-1.4800655040150887
125.997,-1.4822504554630036
125.998,-1.4844369364042107
125.999,-1.4866249407338998
126,-1.488814462346187
126.001,-1.4910054951341243
126.002,-1.4931980329897339
126.003,-1.4953920698040413
126.004,-1.4975875994670882
126.005,-1.4997846158679746
126.006,-1.5019831128948724
126.00700000000001,-1.5041830844350565
126.008,-1.5063845243749392
126.009,-1.5085874266000823
126.01000000000001,-1.5107917849952321
126.011,-1.5129975934443494
126.012,-1.5152048458306231
126.01300000000001,-1.5174135360365091
126.014,-1.5196236579437485
126.015,-1.5218352054333932
126.01600000000001,-1.5240481723858399
126.017,-1.5262625526808451
126.018,-1.5284783401975552
126.01900000000001,-1.5306955288145374
126.02,-1.5329141124097934
126.021,-1.5351340848607986
126.02200000000001,-1.5373554400445135
126.023,-1.5395781718374164
126.024,-1.5418022741155326
126.02500000000001,-1.5440277407544478
126.026,-1.5462545656293398
126.027,-1.5484827426150092
126.02800000000001,-1.5507122655858883
126.029,-1.5529431284160822
126.03,-1.5551753249793827
126.03100000000001,-1.5574088491492932
126.032,-1.5596436947990626
126.033,-1.5618798558016964
126.03400000000001,-1.564117326029987
126.035,-1.5663560993565435
126.036,-1.5685961696538022
126.03700000000001,-1.5708375307940645
126.038,-1.5730801766495079
126.039,-1.5753241010922185
126.04000000000001,-1.5775692979942142
126.041,-1.579815761227461
126.042,-1.5820634846639015
126.04300000000001,-1.5843124621754812
126.044,-1.586562687634163
126.045,-1.5888141549119605
126.04600000000001,-1.591066857880951
126.047,-1.5933207904133018
126.048,-1.5955759463813015
126.04900000000001,-1.5978323196573676
126.05,-1.6000899041140766
126.051,-1.6023486936241935
126.05199999999999,-1.6046086820606773
126.053,-1.6068698632967231
126.054,-1.6091322312057668
126.05500000000001,-1.6113957796615139
126.056,-1.6136605025379682
126.057,-1.6159263937094428
126.05799999999999,-1.6181934470505843
126.059,-1.6204616564364045
126.06,-1.6227310157422843
126.06100000000001,-1.6250015188440132
126.062,-1.6272731596177983
126.063,-1.6295459319402861
126.06399999999999,-1.6318198296885962
126.065,-1.6340948467403251
126.066,-1.6363709769735757
126.06700000000001,-1.6386482142669849
126.068,-1.6409265524997276
126.069,-1.6432059855515555
126.06999999999999,-1.6454865073028031
126.071,-1.6477681116344134
126.072,-1.6500507924279657
126.07300000000001,-1.6523345435656829
126.074,-1.6546193589304568
126.075,-1.6569052324058766
126.07599999999999,-1.6591921578762321
126.077,-1.6614801292265509
126.078,-1.6637691403426043
126.07899999999999,-1.6660591851109325
126.08,-1.66835025741887
126.081,-1.6706423511545538
126.08199999999999,-1.6729354602069471
126.083,-1.6752295784658666
126.084,-1.6775246998219866
126.08499999999999,-1.6798208181668737
126.086,-1.6821179273929912
126.087,-1.6844160213937263
126.08799999999999,-1.6867150940634117
126.089,-1.6890151392973352
126.09,-1.6913161509917618
126.09099999999999,-1.6936181230439598
126.092,-1.6959210493522034
126.093,-1.6982249238158094
126.09399999999999,-1.7005297403351374
126.095,-1.7028354928116178
126.096,-1.7051421751477749
126.09699999999999,-1.7074497812472291
126.098,-1.709758305014726
126.099,-1.7120677403561555
126.09999999999999,-1.7143780811785585
126.101,-1.7166893213901577
126.102,-1.7190014549003623
126.10299999999999,-1.7213144756197911
126.104,-1.7236283774602954
126.105,-1.7259431543349639
126.10599999999999,-1.7282588001581454
126.107,-1.7305753088454709
126.108,-1.73289267431386
126.10899999999999,-1.7352108904815471
126.11,-1.7375299512680904
126.111,-1.7398498505943873
126.11199999999999,-1.7421705823827047
126.113,-1.7444921405566762
126.114,-1.7468145190413282
126.11499999999999,-1.7491377117630993
126.116,-1.7514617126498448
126.117,-1.7537865156308663
126.11799999999999,-1.7561121146369136
126.119,-1.758438503600207
126.12,-1.7607656764544588
126.121,-1.7630936271348758
126.122,-1.7654223495781798
126.123,-1.7677518377226322
126.124,-1.7700820855080313
126.125,-1.7724130868757433
126.126,-1.7747448357687068
126.127,-1.7770773261314492
126.128,-1.7794105519101091
126.129,-1.7817445070524385
126.13,-1.7840791855078302
126.131,-1.7864145812273196
126.13200000000001,-1.7887506881636042
126.133,-1.7910875002710664
126.134,-1.7934250115057699
126.13500000000001,-1.7957632158254861
126.136,-1.7981021071897083
126.137,-1.8004416795596563
126.13800000000001,-1.8027819268983007
126.139,-1.8051228431703676
126.14,-1.8074644223423539
126.14100000000001,-1.8098066583825494
126.142,-1.8121495452610357
126.143,-1.8144930769497076
126.14400000000001,-1.8168372474222898
126.145,-1.8191820506543364
126.146,-1.8215274806232626
126.14700000000001,-1.8238735313083372
126.148,-1.8262201966907077
126.149,-1.8285674707534136
126.15000000000001,-1.8309153474813911
126.151,-1.8332638208614878
126.152,-1.8356128848824822
126.15300000000001,-1.8379625335350833
126.154,-1.8403127608119543
126.155,-1.8426635607077166
126.15600000000001,-1.8450149272189629
126.157,-1.8473668543442745
126.158,-1.8497193360842248
126.15900000000001,-1.8520723664413925
126.16,-1.8544259394203833
126.161,-1.8567800490278221
126.16200000000001,-1.8591346892723846
126.163,-1.861489854164792
126.164,-1.863845537717828
126.16500000000001,-1.8662017339463564
126.166,-1.8685584368673209
126.167,-1.8709156404997571
126.16800000000001,-1.873273338864816
126.169,-1.8756315259857557
126.17,-1.8779901958879668
126.17100000000001,-1.8803493425989732
126.172,-1.8827089601484457
126.173,-1.8850690425682162
126.17400000000001,-1.8874295838922794
126.175,-1.8897905781568058
126.176,-1.8921520194001595
126.17699999999999,-1.8945139016628918
126.178,-1.8968762189877681
126.179,-1.8992389654197637
126.18000000000001,-1.9016021350060777
126.181,-1.9039657217961494
126.182,-1.9063297198416553
126.18299999999999,-1.9086941231965242
126.184,-1.9110589259169517
126.185,-1.9134241220613946
126.18600000000001,-1.915789705690599
126.187,-1.9181556708675895
126.188,-1.9205220116576884
126.18899999999999,-1.9228887221285282
126.19,-1.9252557963500485
126.191,-1.9276232283945096
126.19200000000001,-1.9299910123365076
126.193,-1.9323591422529676
126.194,-1.9347276122231696
126.19499999999999,-1.9370964163287399
126.196,-1.9394655486536652
126.197,-1.941835003284309
126.19800000000001,-1.9442047743094051
126.199,-1.9465748558200702
126.2,-1.9489452419098194
126.20099999999999,-1.9513159266745586
126.202,-1.9536869042126086
126.203,-1.9560581686246961
126.20399999999999,-1.9584297140139681
126.205,-1.9608015344860079
126.206,-1.9631736241488218
126.20699999999999,-1.9655459771128623
126.208,-1.9679185874910323
126.209,-1.9702914493986814
126.20999999999999,-1.9726645569536299
126.211,-1.9750379042761566
126.212,-1.9774114854890146
126.21299999999999,-1.9797852947174439
126.214,-1.9821593260891626
126.215,-1.9845335737343812
126.21599999999999,-1.9869080317858145
126.217,-1.9892826943786721
126.218,-1.9916575556506819
126.21899999999999,-1.9940326097420795
126.22,-1.9964078507956224
126.221,-1.9987832729565993
126.22199999999999,-2.0011588703728238
126.223,-2.0035346371946487
126.224,-2.0059105675749715
126.22499999999999,-2.0082866556692323
126.226,-2.010662895635428
126.227,-2.0130392816341081
126.22799999999999,-2.0154158078283841
126.229,-2.0177924683839406
126.23,-2.0201692574690258
126.23099999999999,-2.0225461692544648
126.232,-2.0249231979136697
126.233,-2.0273003376226297
126.23399999999999,-2.0296775825599296
126.235,-2.0320549269067412
126.236,-2.0344323648468361
126.23699999999999,-2.0368098905665915
126.238,-2.0391874982549854
126.239,-2.0415651821036032
126.23999999999999,-2.0439429363066521
126.241,-2.0463207550609459
126.242,-2.048698632565928
126.24299999999999,-2.0510765630236589
126.244,-2.0534545406388283
126.245,-2.0558325596187603
126.246,-2.0582106141734089
126.247,-2.0605886985153647
126.248,-2.0629668068598641
126.249,-2.0653449334247793
126.25,-2.0677230724306375
126.251,-2.0701012181006075
126.252,-2.0724793646605111
126.253,-2.0748575063388293
126.254,-2.0772356373666945
126.255,-2.0796137519779041
126.256,-2.0819918444089129
126.25700000000001,-2.0843699088988412
126.258,-2.0867479396894786
126.259,-2.089125931025281
126.26000000000001,-2.0915038771533725
126.261,-2.0938817723235585
126.262,-2.0962596107883087
126.26300000000001,-2.0986373868027788
126.264,-2.1010150946247976
126.265,-2.1033927285148724
126.26600000000001,-2.1057702827361977
126.267,-2.1081477515546485
126.268,-2.1105251292387806
126.26900000000001,-2.112902410059843
126.27,-2.1152795882917657
126.271,-2.117656658211172
126.27200000000001,-2.1200336140973715
126.273,-2.1224104502323624
126.274,-2.1247871609008402
126.27500000000001,-2.1271637403901895
126.276,-2.1295401829904845
126.277,-2.1319164829945021
126.27800000000001,-2.134292634697704
126.279,-2.1366686323982553
126.28,-2.1390444703970113
126.28100000000001,-2.1414201429975219
126.282,-2.1437956445060404
126.283,-2.1461709692315099
126.28400000000001,-2.1485461114855706
126.285,-2.150921065582565
126.286,-2.1532958258395247
126.28700000000001,-2.1556703865761859
126.288,-2.1580447421149751
126.289,-2.1604188867810143
126.29000000000001,-2.1627928149021298
126.291,-2.1651665208088362
126.292,-2.167539998834342
126.29300000000001,-2.1699132433145589
126.294,-2.1722862485880832
126.295,-2.1746590089962128
126.29600000000001,-2.1770315188829321
126.297,-2.1794037725949176
126.298,-2.1817757644815439
126.29900000000001,-2.1841474888948675
126.3,-2.186518940189635
126.301,-2.1888901127232869
126.30199999999999,-2.1912610008559419
126.303,-2.1936315989504136
126.304,-2.196001901372191
126.30500000000001,-2.1983719024894475
126.306,-2.2007415966730446
126.307,-2.2031109782965155
126.30799999999999,-2.2054800417360725
126.309,-2.2078487813706111
126.31,-2.2102171915816902
126.31100000000001,-2.2125852667535542
126.312,-2.2149530012731087
126.313,-2.2173203895299292
126.31399999999999,-2.2196874259162653
126.315,-2.2220541048270226
126.316,-2.2244204206597731
126.31700000000001,-2.2267863678147517
126.318,-2.2291519406948455
126.319,-2.2315171337056041
126.31999999999999,-2.2338819412552251
126.321,-2.2362463577545557
126.322,-2.2386103776170989
126.32300000000001,-2.2409739952589947
126.324,-2.2433372050990288
126.325,-2.2457000015586299
126.32599999999999,-2.2480623790618575
126.327,-2.250424332035414
126.328,-2.2527858549086242
126.32899999999999,-2.2551469421134431
126.33,-2.2575075880844566
126.331,-2.2598677872588655
126.33199999999999,-2.2622275340764904
126.333,-2.264586822979771
126.334,-2.2669456484137527
126.33499999999999,-2.2693040048260977
126.336,-2.2716618866670655
126.337,-2.2740192883895176
126.33799999999999,-2.2763762044489191
126.339,-2.278732629303323
126.34,-2.2810885574133728
126.34099999999999,-2.2834439832423046
126.342,-2.2857989012559274
126.343,-2.2881533059226391
126.34399999999999,-2.290507191713405
126.345,-2.292860553101761
126.346,-2.2952133845638132
126.34699999999999,-2.2975656805782281
126.348,-2.2999174356262269
126.349,-2.3022686441915905
126.34999999999999,-2.3046193007606419
126.351,-2.3069693998222567
126.352,-2.3093189358678439
126.35299999999999,-2.3116679033913501
126.354,-2.3140162968892559
126.355,-2.3163641108605635
126.35599999999999,-2.3187113398067987
126.357,-2.3210579782320067
126.358,-2.32340402064274
126.35899999999999,-2.3257494615480629
126.36,-2.3280942954595374
126.361,-2.3304385168912232
126.36199999999999,-2.3327821203596759
126.363,-2.3351251003839346
126.364,-2.3374674514855167
126.36499999999999,-2.3398091681884239
126.366,-2.3421502450191216
126.367,-2.3444906765065463
126.36799999999999,-2.3468304571820902
126.369,-2.3491695815796012
126.37,-2.3515080442353797
126.371,-2.3538458396881667
126.372,-2.3561829624791382
126.373,-2.3585194071519093
126.374,-2.3608551682525154
126.375,-2.3631902403294176
126.376,-2.3655246179334872
126.377,-2.3678582956180052
126.378,-2.3701912679386594
126.379,-2.3725235294535274
126.38,-2.3748550747230857
126.381,-2.3771858983101888
126.38200000000001,-2.3795159947800704
126.383,-2.3818453587003403
126.384,-2.384173984640972
126.38500000000001,-2.3865018671742941
126.386,-2.3888290008749964
126.387,-2.3911553803201082
126.38800000000001,-2.3934810000890057
126.389,-2.3958058547633914
126.39,-2.3981299389272985
126.39100000000001,-2.4004532471670821
126.392,-2.4027757740714089
126.393,-2.4050975142312496
126.39400000000001,-2.4074184622398827
126.395,-2.4097386126928702
126.396,-2.4120579601880694
126.39700000000001,-2.4143764993256127
126.398,-2.4166942247079009
126.399,-2.4190111309396105
126.40000000000001,-2.4213272126276659
126.401,-2.423642464381246
126.402,-2.4259568808117775
126.40300000000001,-2.4282704565329167
126.404,-2.4305831861605576
126.405,-2.4328950643128096
126.40600000000001,-2.4352060856099955
126.407,-2.4375162446746543
126.408,-2.4398255361315164
126.40900000000001,-2.4421339546075043
126.41,-2.4444414947317332
126.411,-2.4467481511354849
126.41200000000001,-2.4490539184522206
126.413,-2.4513587913175563
126.414,-2.4536627643692617
126.41500000000001,-2.4559658322472582
126.416,-2.4582679895936019
126.417,-2.4605692310524763
126.41800000000001,-2.4628695512701952
126.419,-2.4651689448951792
126.42,-2.4674674065779625
126.42100000000001,-2.4697649309711727
126.422,-2.4720615127295256
126.423,-2.4743571465098291
126.42400000000001,-2.4766518269709552
126.425,-2.4789455487738445
126.426,-2.4812383065815
126.42699999999999,-2.4835300950589669
126.428,-2.4858209088733378
126.429,-2.4881107426937334
126.43000000000001,-2.4903995911912977
126.431,-2.4926874490391975
126.432,-2.4949743109125988
126.43299999999999,-2.4972601714886684
126.434,-2.499545025446567
126.435,-2.5018288674674301
126.43600000000001,-2.5041116922343738
126.437,-2.5063934944324719
126.438,-2.5086742687487531
126.43899999999999,-2.5109540098721999
126.44,-2.5132327124937248
126.441,-2.5155103713061697
126.44200000000001,-2.5177869810043036
126.443,-2.5200625362847973
126.444,-2.5223370318462308
126.44499999999999,-2.5246104623890728
126.446,-2.5268828226156748
126.447,-2.5291541072302692
126.44800000000001,-2.5314243109389487
126.449,-2.5336934284496615
126.45,-2.5359614544722104
126.45099999999999,-2.538228383718228
126.452,-2.5404942109011825
126.453,-2.5427589307363574
126.45399999999999,-2.5450225379408451
126.455,-2.5472850272335448
126.456,-2.5495463933351425
126.45699999999999,-2.5518066309681053
126.458,-2.5540657348566782
126.459,-2.5563236997268617
126.45999999999999,-2.5585805203064176
126.461,-2.560836191324845
126.462,-2.5630907075133793
126.46299999999999,-2.565344063604984
126.464,-2.5675962543343331
126.465,-2.5698472744378043
126.46599999999999,-2.5720971186534785
126.467,-2.5743457817211128
126.468,-2.5765932583821494
126.46899999999999,-2.5788395433796882
126.47,-2.5810846314584883
126.471,-2.5833285173649592
126.47199999999999,-2.5855711958471406
126.473,-2.5878126616546986
126.474,-2.5900529095389224
126.47499999999999,-2.5922919342526995
126.476,-2.5945297305505184
126.477,-2.5967662931884536
126.47799999999999,-2.5990016169241512
126.479,-2.6012356965168308
126.48,-2.6034685267272595
126.48099999999999,-2.6057001023177531
126.482,-2.6079304180521659
126.483,-2.6101594686958709
126.48399999999999,-2.6123872490157636
126.485,-2.6146137537802367
126.486,-2.616838977759179
126.48699999999999,-2.6190629157239651
126.488,-2.62128556244744
126.489,-2.6235069127039123
126.48999999999999,-2.6257269612691454
126.491,-2.6279457029203392
126.492,-2.6301631324361314
126.49299999999999,-2.6323792445965752
126.494,-2.6345940341831344
126.495,-2.6368074959786769
126.496,-2.6390196247674549
126.497,-2.6412304153350998
126.498,-2.6434398624686124
126.499,-2.6456479609563486
126.5,-2.6478547055880135
126.501,-2.6500600911546424
126.502,-2.6522641124485995
126.503,-2.654466764263562
126.504,-2.6566680413945098
126.505,-2.6588679386377163
126.506,-2.6610664507907345
126.50700000000001,-2.6632635726523861
126.508,-2.6654592990227597
126.509,-2.6676536247031839
126.51000000000001,-2.6698465444962283
126.511,-2.6720380532056924
126.512,-2.6742281456365857
126.51300000000001,-2.6764168165951299
126.514,-2.6786040608887305
126.515,-2.6807898733259816
126.51600000000001,-2.6829742487166506
126.517,-2.6851571818716606
126.518,-2.6873386676030835
126.51900000000001,-2.6895187007241361
126.52,-2.6916972760491529
126.521,-2.6938743883935921
126.52200000000001,-2.6960500325740115
126.523,-2.6982242034080617
126.524,-2.7003968957144799
126.52500000000001,-2.7025681043130705
126.526,-2.704737824024694
126.527,-2.706906049671268
126.52800000000001,-2.7090727760757378
126.529,-2.7112379980620807
126.53,-2.7134017104552841
126.53100000000001,-2.7155639080813367
126.532,-2.717724585767225
126.533,-2.7198837383409096
126.53400000000001,-2.7220413606313185
126.535,-2.7241974474683421
126.536,-2.7263519936828113
126.53700000000001,-2.7285049941064954
126.538,-2.730656443572081
126.539,-2.7328063369131685
126.54000000000001,-2.7349546689642583
126.541,-2.7371014345607372
126.542,-2.7392466285388668
126.54300000000001,-2.7413902457357784
126.544,-2.7435322809894496
126.545,-2.7456727291387057
126.54600000000001,-2.7478115850231983
126.547,-2.749948843483395
126.548,-2.7520844993605773
126.54900000000001,-2.7542185474968131
126.55,-2.7563509827349582
126.551,-2.7584817999186386
126.55199999999999,-2.7606109938922403
126.553,-2.7627385595008982
126.554,-2.764864491590481
126.55500000000001,-2.7669887850075816
126.556,-2.7691114345995098
126.557,-2.7712324352142734
126.55799999999999,-2.7733517817005664
126.559,-2.7754694689077661
126.56,-2.7775854916859117
126.56100000000001,-2.7796998448856973
126.562,-2.7818125233584574
126.563,-2.7839235219561562
126.56399999999999,-2.7860328355313797
126.565,-2.7881404589373169
126.566,-2.7902463870277492
126.56700000000001,-2.7923506146570478
126.568,-2.7944531366801444
126.569,-2.7965539479525399
126.56999999999999,-2.7986530433302748
126.571,-2.8007504176699234
126.572,-2.8028460658285912
126.57300000000001,-2.8049399826638868
126.574,-2.8070321630339183
126.575,-2.8091226017972861
126.57599999999999,-2.8112112938130602
126.577,-2.8132982339407793
126.578,-2.8153834170404259
126.57899999999999,-2.8174668379724261
126.58,-2.8195484915976339
126.581,-2.821628372777317
126.58199999999999,-2.8237064763731441
126.583,-2.8257827972471796
126.584,-2.8278573302618613
126.58499999999999,-2.8299300702800014
126.586,-2.8320010121647599
126.587,-2.8340701507796418
126.58799999999999,-2.8361374809884863
126.589,-2.8382029976554488
126.59,-2.8402666956449876
126.59099999999999,-2.8423285698218654
126.592,-2.844388615051118
126.593,-2.8464468261980596
126.59399999999999,-2.8485031981282569
126.595,-2.8505577257075236
126.596,-2.852610403801914
126.59699999999999,-2.8546612272776981
126.598,-2.8567101910013561
126.599,-2.8587572898395726
126.59999999999999,-2.8608025186592121
126.601,-2.8628458723273167
126.602,-2.8648873457110886
126.60299999999999,-2.8669269336778798
126.604,-2.8689646310951815
126.605,-2.87100043283061
126.60599999999999,-2.873034333751892
126.607,-2.8750663287268634
126.608,-2.8770964126234402
126.60899999999999,-2.8791245803096235
126.61,-2.8811508266534744
126.611,-2.8831751465231088
126.61199999999999,-2.8851975347866867
126.613,-2.8872179863123915
126.614,-2.8892364959684258
126.61499999999999,-2.8912530586230014
126.616,-2.8932676691443149
126.617,-2.8952803224005512
126.61799999999999,-2.8972910132598577
126.619,-2.8992997365903399
126.62,-2.9013064872600536
126.621,-2.9033112601369782
126.622,-2.905314050089018
126.623,-2.9073148519839869
126.624,-2.9093136606895902
126.625,-2.911310471073425
126.626,-2.9133052780029534
126.627,-2.9152980763454974
126.628,-2.9172888609682364
126.629,-2.9192776267381748
126.63,-2.9212643685221478
126.631,-2.9232490811868015
126.63200000000001,-2.9252317595985788
126.633,-2.9272123986237166
126.634,-2.929190993128223
126.63500000000001,-2.9311675379778706
126.636,-2.9331420280381879
126.637,-2.9351144581744393
126.63800000000001,-2.9370848232516211
126.639,-2.939053118134443
126.64,-2.9410193376873202
126.64100000000001,-2.9429834767743612
126.642,-2.9449455302593552
126.643,-2.9469054930057568
126.64400000000001,-2.9488633598766816
126.645,-2.9508191257348861
126.646,-2.9527727854427663
126.64700000000001,-2.9547243338623317
126.648,-2.9566737658552036
126.649,-2.9586210762826046
126.65000000000001,-2.9605662600053391
126.651,-2.9625093118837844
126.652,-2.9644502267778838
126.65300000000001,-2.9663889995471262
126.654,-2.9683256250505461
126.655,-2.9702600981466976
126.65600000000001,-2.9721924136936497
126.657,-2.9741225665489814
126.658,-2.9760505515697595
126.65900000000001,-2.9779763636125267
126.66,-2.9798999975333009
126.661,-2.9818214481875511
126.66200000000001,-2.9837407104301961
126.663,-2.9856577791155834
126.664,-2.9875726490974817
126.66500000000001,-2.9894853152290768
126.666,-2.991395772362945
126.667,-2.9933040153510522
126.66800000000001,-2.9952100390447427
126.669,-2.99711383829472
126.67,-2.9990154079510432
126.67100000000001,-3.0009147428631113
126.672,-3.0028118378796487
126.673,-3.0047066878487056
126.67400000000001,-3.0065992876176346
126.675,-3.0084896320330792
126.676,-3.0103777159409755
126.67699999999999,-3.0122635341865238
126.678,-3.0141470816141918
126.679,-3.0160283530676928
126.68000000000001,-3.0179073433899775
126.681,-3.0197840474232294
126.682,-3.021658460008843
126.68299999999999,-3.0235305759874169
126.684,-3.0254003901987492
126.685,-3.0272678974818135
126.68600000000001,-3.0291330926747575
126.687,-3.030995970614891
126.688,-3.0328565261386666
126.68899999999999,-3.0347147540816826
126.69,-3.0365706492786577
126.691,-3.0384242065634295
126.69200000000001,-3.0402754207689391
126.693,-3.0421242867272227
126.694,-3.0439707992694007
126.69499999999999,-3.0458149532256602
126.696,-3.0476567434252537
126.697,-3.0494961646964853
126.69800000000001,-3.0513332118666945
126.699,-3.0531678797622486
126.7,-3.0550001632085397
126.70099999999999,-3.0568300570299591
126.702,-3.0586575560499014
126.703,-3.0604826550907438
126.70399999999999,-3.0623053489738332
126.705,-3.0641256325194934
126.706,-3.0659435005469922
126.70699999999999,-3.0677589478745411
126.708,-3.0695719693192922
126.709,-3.0713825596973119
126.70999999999999,-3.073190713823585
126.711,-3.0749964265119929
126.712,-3.0767996925753081
126.71299999999999,-3.0786005068251914
126.714,-3.0803988640721647
126.715,-3.082194759125616
126.71599999999999,-3.0839881867937842
126.717,-3.0857791418837417
126.718,-3.0875676192013994
126.71899999999999,-3.0893536135514839
126.72,-3.0911371197375281
126.721,-3.0929181325618709
126.72199999999999,-3.0946966468256374
126.723,-3.0964726573287313
126.724,-3.0982461588698316
126.72499999999999,-3.1000171462463673
126.726,-3.1017856142545304
126.727,-3.1035515576892441
126.72799999999999,-3.1053149713441628
126.729,-3.1070758500116673
126.73,-3.1088341884828452
126.73099999999999,-3.1105899815474847
126.732,-3.1123432239940727
126.733,-3.1140939106097694
126.73399999999999,-3.1158420361804184
126.735,-3.117587595490519
126.736,-3.1193305833232272
126.73699999999999,-3.1210709944603461
126.738,-3.1228088236823135
126.739,-3.1245440657681898
126.73999999999999,-3.1262767154956608
126.741,-3.1280067676410122
126.742,-3.1297342169791351
126.74299999999999,-3.1314590582835082
126.744,-3.1331812863261876
126.745,-3.1349008958778111
126.746,-3.1366178817075676
126.747,-3.1383322385832089
126.748,-3.1400439612710334
126.749,-3.1417530445358683
126.75,-3.1434594831410774
126.751,-3.1451632718485394
126.752,-3.1468644054186456
126.753,-3.1485628786102899
126.754,-3.1502586861808588
126.755,-3.1519518228862298
126.756,-3.1536422834807492
126.75700000000001,-3.1553300627172378
126.758,-3.1570151553469792
126.759,-3.1586975561197046
126.76000000000001,-3.160377259783592
126.761,-3.1620542610852573
126.762,-3.1637285547697429
126.76300000000001,-3.1654001355805139
126.764,-3.1670689982594453
126.765,-3.1687351375468178
126.76600000000001,-3.1703985481813142
126.767,-3.1720592249000004
126.768,-3.1737171624383245
126.76900000000001,-3.1753723555301137
126.77,-3.1770247989075591
126.771,-3.1786744873012123
126.77200000000001,-3.1803214154399746
126.773,-3.1819655780510936
126.774,-3.1836069698601572
126.77500000000001,-3.1852455855910806
126.776,-3.1868814199660997
126.777,-3.1885144677057746
126.77800000000001,-3.1901447235289653
126.779,-3.1917721821528433
126.78,-3.1933968382928706
126.78100000000001,-3.1950186866627961
126.782,-3.1966377219746587
126.783,-3.1982539389387652
126.78400000000001,-3.1998673322636941
126.785,-3.2014778966562893
126.786,-3.2030856268216459
126.78700000000001,-3.2046905174631153
126.788,-3.2062925632822874
126.789,-3.2078917589789913
126.79000000000001,-3.2094880992512897
126.791,-3.2110815787954685
126.792,-3.2126721923060315
126.79300000000001,-3.2142599344757028
126.794,-3.2158447999954061
126.795,-3.217426783554278
126.79600000000001,-3.2190058798396413
126.797,-3.220582083537014
126.798,-3.2221553893301036
126.79900000000001,-3.2237257919007942
126.8,-3.2252932859291428
126.801,-3.2268578660933835
126.80199999999999,-3.2284195270699083
126.803,-3.2299782635332752
126.804,-3.2315340701561919
126.80500000000001,-3.2330869416095167
126.806,-3.2346368725622598
126.807,-3.2361838576815627
126.80799999999999,-3.2377278916327086
126.809,-3.2392689690791134
126.81,-3.2408070846823138
126.81100000000001,-3.2423422331019771
126.812,-3.2438744089958842
126.813,-3.2454036070199321
126.81399999999999,-3.2469298218281275
126.815,-3.2484530480725873
126.816,-3.2499732804035233
126.81700000000001,-3.2514905134692542
126.818,-3.25300474191619
126.819,-3.2545159603888338
126.81999999999999,-3.2560241635297764
126.821,-3.2575293459796901
126.822,-3.2590315023773364
126.82300000000001,-3.260530627359548
126.824,-3.2620267155612366
126.825,-3.2635197616153864
126.82599999999999,-3.2650097601530459
126.827,-3.2664967058033398
126.828,-3.2679805931934487
126.82899999999999,-3.2694614169486163
126.83,-3.2709391716921483
126.831,-3.2724138520454051
126.83199999999999,-3.2738854526277996
126.833,-3.2753539680568
126.834,-3.2768193929479232
126.83499999999999,-3.2782817219147353
126.836,-3.279740949568847
126.837,-3.2811970705199136
126.83799999999999,-3.2826500793756379
126.839,-3.2840999707417589
126.84,-3.2855467392220574
126.84099999999999,-3.2869903794183548
126.842,-3.2884308859305085
126.843,-3.2898682533564148
126.84399999999999,-3.2913024762920031
126.845,-3.2927335493312371
126.846,-3.2941614670661203
126.84699999999999,-3.295586224086684
126.848,-3.2970078149809945
126.849,-3.2984262343351518
126.84999999999999,-3.2998414767332886
126.851,-3.3012535367575695
126.852,-3.3026624089881924
126.85299999999999,-3.3040680880033841
126.854,-3.3054705683794112
126.855,-3.3068698446905684
126.85599999999999,-3.3082659115091841
126.857,-3.309658763405626
126.858,-3.3110483949482901
126.85899999999999,-3.3124348007036142
126.86,-3.3138179752360704
126.861,-3.3151979131081681
126.86199999999999,-3.3165746088804586
126.863,-3.3179480571115341
126.864,-3.3193182523580251
126.86499999999999,-3.3206851891746116
126.866,-3.3220488621140158
126.867,-3.3234092657270091
126.86799999999999,-3.3247663945624102
126.869,-3.3261202431670926
126.87,-3.327470806085985
126.871,-3.328818077862068
126.872,-3.3301620530363847
126.873,-3.3315027261480425
126.874,-3.3328400917342069
126.875,-3.3341741443301189
126.876,-3.3355048784690853
126.877,-3.3368322886824893
126.878,-3.3381563694997913
126.879,-3.3394771154485325
126.88,-3.3407945210543426
126.881,-3.3421085808409345
126.88200000000001,-3.3434192893301176
126.883,-3.3447266410417988
126.884,-3.3460306304939853
126.88500000000001,-3.3473312522027872
126.886,-3.3486285006824317
126.887,-3.3499223704452543
126.88800000000001,-3.351212856001716
126.889,-3.3524999518603993
126.89,-3.3537836525280165
126.89100000000001,-3.3550639525094201
126.892,-3.3563408463075994
126.893,-3.3576143284236899
126.89400000000001,-3.3588843933569841
126.895,-3.3601510356049293
126.896,-3.3614142496631412
126.89700000000001,-3.3626740300254019
126.898,-3.3639303711836734
126.899,-3.3651832676281037
126.90000000000001,-3.366432713847026
126.901,-3.3676787043269769
126.902,-3.3689212335526966
126.90300000000001,-3.3701602960071342
126.904,-3.371395886171463
126.905,-3.3726279985250804
126.90600000000001,-3.3738566275456181
126.907,-3.3750817677089535
126.908,-3.3763034134892145
126.90900000000001,-3.3775215593587826
126.91,-3.3787361997883147
126.911,-3.3799473292467397
126.91200000000001,-3.3811549422012721
126.913,-3.3823590331174205
126.914,-3.383559596458996
126.91500000000001,-3.3847566266881226
126.916,-3.3859501182652463
126.917,-3.3871400656491422
126.91800000000001,-3.3883264632969303
126.919,-3.3895093056640793
126.92,-3.390688587204421
126.92100000000001,-3.3918643023701573
126.922,-3.3930364456118709
126.923,-3.3942050113785429
126.92400000000001,-3.395369994117555
126.925,-3.3965313882747017
126.926,-3.3976891882942089
126.92699999999999,-3.3988433886187339
126.928,-3.3999939836893915
126.929,-3.40114096794575
126.93000000000001,-3.402284335825855
126.931,-3.4034240817662376
126.932,-3.4045602002019262
126.93299999999999,-3.4056926855664558
126.934,-3.4068215322918927
126.935,-3.407946734808831
126.93600000000001,-3.4090682875464204
126.937,-3.4101861849323716
126.938,-3.4113004213929687
126.93899999999999,-3.4124109913530893
126.94,-3.4135178892362137
126.941,-3.4146211094644388
126.94200000000001,-3.4157206464584982
126.943,-3.4168164946377684
126.944,-3.4179086484202901
126.94499999999999,-3.4189971022227801
126.946,-3.4200818504606456
126.947,-3.4211628875480047
126.94800000000001,-3.4222402078976932
126.949,-3.4233138059212909
126.95,-3.4243836760291284
126.95099999999999,-3.4254498126303092
126.952,-3.4265122101327239
126.953,-3.4275708629430643
126.95399999999999,-3.4286257654668462
126.955,-3.4296769121084205
126.956,-3.4307242972709973
126.95699999999999,-3.4317679153566503
126.958,-3.432807760766353
126.959,-3.433843827899981
126.95999999999999,-3.4348761111563402
126.961,-3.4359046049331741
126.962,-3.4369293036271942
126.96299999999999,-3.437950201634095
126.964,-3.4389672933485667
126.965,-3.4399805731643212
126.96599999999999,-3.4409900354741123
126.967,-3.4419956746697484
126.968,-3.4429974851421199
126.96899999999999,-3.4439954612812156
126.97,-3.4449895974761402
126.971,-3.4459798881151427
126.97199999999999,-3.4469663275856295
126.973,-3.4479489102741883
126.974,-3.4489276305666117
126.97499999999999,-3.4499024828479139
126.976,-3.4508734615023595
126.977,-3.4518405609134746
126.97799999999999,-3.4528037754640777
126.979,-3.4537630995363018
126.98,-3.4547185275116119
126.98099999999999,-3.4556700537708323
126.982,-3.4566176726941693
126.983,-3.4575613786612283
126.98399999999999,-3.4585011660510503
126.985,-3.4594370292421215
126.986,-3.4603689626124057
126.98699999999999,-3.4612969605393666
126.988,-3.4622210173999952
126.989,-3.4631411275708261
126.98999999999999,-3.4640572854279736
126.991,-3.4649694853471478
126.992,-3.4658777217036874
126.99299999999999,-3.4667819888725773
126.994,-3.4676822812284831
126.995,-3.4685785931457738
126.996,-3.4694709189985451
126.997,-3.4703592531606482
126.998,-3.4712435900057237
126.999,-3.4721239239072181
127,-3.473000249238416
127.001,-3.4738725603724707
127.002,-3.4747408516824274
127.003,-3.475605117541253
127.004,-3.4764653523218656
127.005,-3.4773215503971677
127.006,-3.4781737061400628
127.00700000000001,-3.4790218139234952
127.008,-3.4798658681204806
127.009,-3.4807058631041254
127.01000000000001,-3.4815417932476693
127.011,-3.4823736529245073
127.012,-3.4832014365082227
127.01300000000001,-3.4840251383726186
127.014,-3.4848447528917483
127.015,-3.485660274439947
127.01600000000001,-3.4864716973918659
127.017,-3.4872790161224985
127.018,-3.488082225007215
127.01900000000001,-3.4888813184218028
127.02,-3.489676290742485
127.021,-3.4904671363459636
127.02200000000001,-3.491253849609453
127.023,-3.4920364249107037
127.024,-3.4928148566280508
127.02500000000001,-3.4935891391404352
127.026,-3.4943592668274439
127.027,-3.4951252340693482
127.02800000000001,-3.4958870352471272
127.029,-3.4966446647425173
127.03,-3.4973981169380384
127.03100000000001,-3.4981473862170285
127.032,-3.4988924669636896
127.033,-3.4996333535631137
127.03400000000001,-3.500370040401322
127.035,-3.50110252186531
127.036,-3.5018307923430703
127.03700000000001,-3.5025548462236449
127.038,-3.5032746778971515
127.039,-3.5039902817548261
127.04000000000001,-3.5047016521890639
127.041,-3.5054087835934542
127.042,-3.5061116703628188
127.04300000000001,-3.5068103068932563
127.044,-3.5075046875821752
127.045,-3.5081948068283384
127.04600000000001,-3.5088806590319028
127.047,-3.5095622385944547
127.048,-3.5102395399190573
127.04900000000001,-3.5109125574102906
127.05,-3.5115812854742843
127.051,-3.512245718518773
127.05199999999999,-3.5129058509531261
127.053,-3.5135616771883988
127.054,-3.5142131916373662
127.05500000000001,-3.5148603887145717
127.056,-3.5155032628363738
127.057,-3.5161418084209766
127.05799999999999,-3.5167760198884848
127.059,-3.517405891660947
127.06,-3.5180314181623937
127.06100000000001,-3.5186525938188855
127.062,-3.5192694130585571
127.063,-3.5198818703116665
127.06399999999999,-3.5204899600106345
127.065,-3.5210936765900929
127.066,-3.5216930144869321
127.06700000000001,-3.5222879681403456
127.068,-3.5228785319918772
127.069,-3.523464700485468
127.06999999999999,-3.5240464680675045
127.071,-3.5246238291868632
127.072,-3.525196778294966
127.07300000000001,-3.5257653098458173
127.074,-3.5263294182960641
127.075,-3.5268890981050345
127.07599999999999,-3.5274443437347935
127.077,-3.5279951496501933
127.078,-3.5285415103189188
127.07899999999999,-3.5290834202115371
127.08,-3.5296208738015533
127.081,-3.5301538655654587
127.08199999999999,-3.5306823899827782
127.083,-3.5312064415361286
127.084,-3.5317260147112646
127.08499999999999,-3.5322411039971353
127.086,-3.5327517038859297
127.087,-3.5332578088731377
127.08799999999999,-3.5337594134575983
127.089,-3.5342565121415532
127.09,-3.5347490994307003
127.09099999999999,-3.5352371698342515
127.092,-3.5357207178649803
127.093,-3.5361997380392811
127.09399999999999,-3.536674224877224
127.095,-3.537144172902607
127.096,-3.5376095766430162
127.09699999999999,-3.5380704306298756
127.098,-3.5385267293985105
127.099,-3.5389784674881959
127.09999999999999,-3.5394256394422214
127.101,-3.5398682398079448
127.102,-3.5403062631368449
127.10299999999999,-3.5407397039845891
127.104,-3.5411685569110825
127.105,-3.5415928164805335
127.10599999999999,-3.5420124772615065
127.107,-3.5424275338269862
127.108,-3.5428379807544315
127.10899999999999,-3.543243812625843
127.11,-3.5436450240278159
127.111,-3.5440416095516025
127.11199999999999,-3.5444335637931768
127.113,-3.5448208813532891
127.114,-3.5452035568375342
127.11499999999999,-3.5455815848564054
127.116,-3.5459549600253655
127.117,-3.5463236769649029
127.11799999999999,-3.5466877303005977
127.119,-3.547047114663179
127.12,-3.547401824688599
127.121,-3.5477518550180851
127.122,-3.5480972002982138
127.123,-3.5484378551809668
127.124,-3.5487738143238015
127.125,-3.5491050723897173
127.126,-3.5494316240473114
127.127,-3.5497534639708563
127.128,-3.5500705868403593
127.129,-3.5503829873416302
127.13,-3.5506906601663504
127.131,-3.5509936000121347
127.13200000000001,-3.5512918015826025
127.133,-3.5515852595874495
127.134,-3.5518739687425045
127.13500000000001,-3.5521579237698093
127.136,-3.552437119397684
127.137,-3.5527115503607893
127.13800000000001,-3.5529812114002088
127.139,-3.5532460972635049
127.14,-3.5535062027048019
127.14100000000001,-3.5537615224848458
127.142,-3.5540120513710831
127.143,-3.5542577841377239
127.14400000000001,-3.5544987155658223
127.145,-3.5547348404433423
127.146,-3.5549661535652315
127.14700000000001,-3.5551926497334922
127.148,-3.5554143237572586
127.149,-3.5556311704528634
127.15000000000001,-3.5558431846439178
127.151,-3.5560503611613807
127.152,-3.5562526948436366
127.15300000000001,-3.5564501805365638
127.154,-3.5566428130936183
127.155,-3.5568305873759019
127.15600000000001,-3.557013498252239
127.157,-3.5571915405992565
127.158,-3.5573647093014547
127.15900000000001,-3.5575329992512845
127.16,-3.5576964053492302
127.161,-3.5578549225038785
127.16200000000001,-3.5580085456320028
127.163,-3.5581572696586341
127.164,-3.5583010895171472
127.16500000000001,-3.5584400001493339
127.166,-3.558573996505483
127.167,-3.5587030735444585
127.16800000000001,-3.5588272262337841
127.169,-3.5589464495497127
127.17,-3.5590607384773212
127.17100000000001,-3.559170088010577
127.172,-3.5592744931524289
127.173,-3.5593739489148812
127.17400000000001,-3.5594684503190828
127.175,-3.5595579923953968
127.176,-3.5596425701834997
127.17699999999999,-3.5597221787324487
127.178,-3.5597968131007756
127.179,-3.5598664683565588
127.18000000000001,-3.5599311395775186
127.181,-3.5599908218510929
127.182,-3.560045510274525
127.18299999999999,-3.5600951999549477
127.184,-3.5601398860094662
127.185,-3.5601795635652462
127.18600000000001,-3.5602142277595976
127.187,-3.560243873740061
127.188,-3.5602684966644915
127.18899999999999,-3.5602880917011515
127.19,-3.5603026540287881
127.191,-3.5603121788367309
127.19200000000001,-3.5603166613249684
127.193,-3.560316096704248
127.194,-3.5603104801961507
127.19499999999999,-3.5602998070331919
127.196,-3.5602840724589009
127.197,-3.5602632717279161
127.19800000000001,-3.5602374001060717
127.199,-3.5602064528704878
127.2,-3.5601704253096589
127.20099999999999,-3.5601293127235483
127.202,-3.5600831104236748
127.203,-3.560031813733207
127.20399999999999,-3.5599754179870513
127.205,-3.5599139185319451
127.206,-3.5598473107265507
127.20699999999999,-3.5597755899415442
127.208,-3.5596987515597101
127.209,-3.5596167909760323
127.20999999999999,-3.5595297035977951
127.211,-3.5594374848446626
127.212,-3.5593401301487844
127.21299999999999,-3.5592376349548847
127.214,-3.5591299947203598
127.215,-3.5590172049153694
127.21599999999999,-3.5588992610229337
127.217,-3.558776158539029
127.218,-3.5586478929726808
127.21899999999999,-3.5585144598460663
127.22,-3.5583758546946016
127.221,-3.5582320730670469
127.22199999999999,-3.5580831105255961
127.223,-3.5579289626459816
127.224,-3.5577696250175648
127.22499999999999,-3.557605093243438
127.226,-3.557435362940522
127.227,-3.5572604297396624
127.22799999999999,-3.5570802892857349
127.229,-3.5568949372377339
127.23,-3.556704369268878
127.23099999999999,-3.5565085810667147
127.232,-3.5563075683332084
127.233,-3.5561013267848502
127.23399999999999,-3.5558898521527551
127.235,-3.5556731401827619
127.236,-3.5554511866355369
127.23699999999999,-3.5552239872866722
127.238,-3.5549915379267887
127.239,-3.5547538343616418
127.23999999999999,-3.5545108724122128
127.241,-3.5542626479148276
127.242,-3.554009156721246
127.24299999999999,-3.5537503946987665
127.244,-3.5534863577303408
127.245,-3.5532170417146616
127.246,-3.5529424425662781
127.247,-3.5526625562156964
127.248,-3.5523773786094823
127.249,-3.5520869057103699
127.25,-3.5517911334973604
127.251,-3.5514900579658364
127.252,-3.5511836751276595
127.253,-3.5508719810112819
127.254,-3.5505549716618447
127.255,-3.5502326431412943
127.256,-3.5499049915284813
127.25700000000001,-3.5495720129192736
127.258,-3.5492337034266548
127.259,-3.5488900591808412
127.26000000000001,-3.5485410763293843
127.261,-3.5481867510372789
127.262,-3.5478270794870728
127.26300000000001,-3.5474620578789731
127.264,-3.5470916824309588
127.265,-3.5467159493788847
127.26600000000001,-3.5463348549765943
127.267,-3.5459483954960302
127.268,-3.5455565672273379
127.26900000000001,-3.5451593664789796
127.27,-3.5447567895778489
127.271,-3.5443488328693715
127.27200000000001,-3.5439354927176234
127.273,-3.5435167655054389
127.274,-3.5430926476345221
127.27500000000001,-3.5426631355255576
127.276,-3.5422282256183255
127.277,-3.5417879143718056
127.27800000000001,-3.5413421982642999
127.279,-3.5408910737935337
127.28,-3.5404345374767794
127.28100000000001,-3.5399725858509599
127.282,-3.5395052154727638
127.283,-3.5390324229187651
127.28400000000001,-3.5385542047855267
127.285,-3.5380705576897213
127.286,-3.5375814782682413
127.28700000000001,-3.5370869631783153
127.288,-3.5365870090976186
127.289,-3.5360816127243919
127.29000000000001,-3.5355707707775559
127.291,-3.5350544799968207
127.292,-3.534532737142809
127.29300000000001,-3.5340055389971625
127.294,-3.5334728823626649
127.295,-3.5329347640633508
127.29600000000001,-3.5323911809446304
127.297,-3.5318421298733949
127.298,-3.5312876077381414
127.29900000000001,-3.5307276114490844
127.3,-3.5301621379382757
127.301,-3.5295911841597158
127.30199999999999,-3.5290147470894784
127.303,-3.5284328237258218
127.304,-3.5278454110893041
127.30500000000001,-3.5272525062229114
127.306,-3.5266541061921646
127.307,-3.5260502080852394
127.30799999999999,-3.5254408090130909
127.309,-3.5248259061095615
127.31,-3.5242054965315086
127.31100000000001,-3.5235795774589138
127.312,-3.5229481460950138
127.313,-3.5223111996664063
127.31399999999999,-3.5216687354231762
127.315,-3.5210207506390141
127.316,-3.5203672426113326
127.31700000000001,-3.5197082086613887
127.318,-3.5190436461344028
127.319,-3.5183735523996749
127.31999999999999,-3.5176979248507103
127.321,-3.5170167609053364
127.322,-3.5163300580058192
127.32300000000001,-3.5156378136189899
127.324,-3.5149400252363625
127.325,-3.5142366903742528
127.32599999999999,-3.5135278065738995
127.327,-3.5128133714015868
127.328,-3.5120933824487652
127.32899999999999,-3.5113678373321688
127.33,-3.5106367336939379
127.331,-3.5099000692017435
127.33199999999999,-3.5091578415489066
127.333,-3.5084100484545147
127.334,-3.5076566876635504
127.33499999999999,-3.5068977569470103
127.336,-3.5061332541020223
127.337,-3.5053631769519771
127.33799999999999,-3.5045875233466397
127.339,-3.5038062911622765
127.34,-3.5030194783017787
127.34099999999999,-3.5022270826947808
127.342,-3.5014291022977826
127.343,-3.5006255350942745
127.34399999999999,-3.4998163790948582
127.345,-3.4990016323373703
127.346,-3.4981812928869997
127.34699999999999,-3.4973553588364186
127.348,-3.496523828305897
127.349,-3.4956866994434308
127.34999999999999,-3.4948439704248608
127.351,-3.4939956394539977
127.352,-3.4931417047627429
127.35299999999999,-3.4922821646112143
127.354,-3.4914170172878669
127.355,-3.490546261109615
127.35599999999999,-3.4896698944219589
127.357,-3.4887879155991013
127.358,-3.4879003230440784
127.35899999999999,-3.4870071151888751
127.36,-3.4861082904945544
127.361,-3.4852038474513782
127.36199999999999,-3.4842937845789268
127.363,-3.4833781004262288
127.364,-3.4824567935718775
127.36499999999999,-3.4815298626241584
127.366,-3.4805973062211728
127.367,-3.4796591230309564
127.36799999999999,-3.4787153117516061
127.369,-3.4777658711114059
127.37,-3.4768107998689377
127.371,-3.4758500968132213
127.372,-3.4748837607638268
127.373,-3.4739117905709982
127.374,-3.4729341851157813
127.375,-3.4719509433101403
127.376,-3.4709620640970877
127.377,-3.4699675464508029
127.378,-3.4689673893767545
127.379,-3.4679615919118278
127.38,-3.4669501531244404
127.381,-3.4659330721146726
127.38200000000001,-3.4649103480143881
127.383,-3.463881979987351
127.384,-3.4628479672293553
127.38500000000001,-3.4618083089683456
127.386,-3.4607630044645381
127.387,-3.459712053010545
127.38800000000001,-3.4586554539314935
127.389,-3.4575932065851562
127.39,-3.4565253103620606
127.39100000000001,-3.4554517646856238
127.392,-3.4543725690122664
127.393,-3.4532877228315391
127.39400000000001,-3.4521972256662403
127.395,-3.4511010770725457
127.396,-3.4499992766401171
127.39700000000001,-3.4488918239922355
127.398,-3.4477787187859228
127.399,-3.4466599607120521
127.40000000000001,-3.4455355494954794
127.401,-3.444405484895162
127.402,-3.4432697667042773
127.40300000000001,-3.4421283947503469
127.404,-3.4409813688953532
127.405,-3.4398286890358656
127.40600000000001,-3.4386703551031581
127.407,-3.4375063670633277
127.408,-3.4363367249174162
127.40900000000001,-3.435161428701536
127.41,-3.4339804784869763
127.411,-3.4327938743803399
127.41200000000001,-3.4316016165236465
127.413,-3.4304037050944678
127.414,-3.4292001403060333
127.41500000000001,-3.4279909224073561
127.416,-3.426776051683353
127.417,-3.4255555284549613
127.41800000000001,-3.4243293530792518
127.419,-3.4230975259495597
127.42,-3.4218600474955916
127.42100000000001,-3.4206169181835482
127.422,-3.4193681385162442
127.423,-3.4181137090332201
127.42400000000001,-3.4168536303108636
127.425,-3.41558790296253
127.426,-3.4143165276386456
127.42699999999999,-3.4130395050268483
127.428,-3.4117568358520773
127.429,-3.4104685208767074
127.43000000000001,-3.4091745609006625
127.431,-3.4078749567615239
127.432,-3.4065697093346525
127.43299999999999,-3.4052588195333064
127.434,-3.4039422883087438
127.435,-3.4026201166503562
127.43600000000001,-3.4012923055857649
127.437,-3.3999588561809473
127.438,-3.3986197695403497
127.43899999999999,-3.397275046806993
127.44,-3.3959246891625972
127.441,-3.3945686978276863
127.44200000000001,-3.3932070740617055
127.443,-3.3918398191631352
127.444,-3.3904669344695977
127.44499999999999,-3.3890884213579735
127.446,-3.3877042812445173
127.447,-3.3863145155849579
127.44800000000001,-3.3849191258746187
127.449,-3.3835181136485311
127.45,-3.3821114804815342
127.45099999999999,-3.3806992279883947
127.452,-3.3792813578239098
127.453,-3.3778578716830268
127.45399999999999,-3.3764287713009411
127.455,-3.3749940584532103
127.456,-3.3735537349558666
127.45699999999999,-3.3721078026655196
127.458,-3.3706562634794626
127.459,-3.3691991193357906
127.45999999999999,-3.3677363722134928
127.461,-3.3662680241325735
127.462,-3.3647940771541514
127.46299999999999,-3.3633145333805632
127.464,-3.3618293949554778
127.465,-3.3603386640639954
127.46599999999999,-3.3588423429327499
127.467,-3.3573404338300268
127.468,-3.355832939065849
127.46899999999999,-3.3543198609920943
127.47,-3.3528012020025977
127.471,-3.3512769645332474
127.47199999999999,-3.3497471510620898
127.473,-3.3482117641094407
127.474,-3.3466708062379711
127.47499999999999,-3.3451242800528265
127.476,-3.3435721882017089
127.477,-3.3420145333749933
127.47799999999999,-3.3404513183058238
127.479,-3.3388825457702045
127.48,-3.337308218587109
127.48099999999999,-3.33572833961858
127.482,-3.334142911769812
127.483,-3.3325519379892725
127.48399999999999,-3.3309554212687789
127.485,-3.3293533646436084
127.486,-3.3277457711925886
127.48699999999999,-3.3261326440381924
127.488,-3.3245139863466404
127.489,-3.3228898013279902
127.48999999999999,-3.3212600922362276
127.491,-3.3196248623693734
127.492,-3.3179841150695606
127.49299999999999,-3.3163378537231405
127.494,-3.314686081760772
127.495,-3.3130288026575063
127.496,-3.3113660199328887
127.497,-3.3096977371510468
127.498,-3.3080239579207724
127.499,-3.3063446858956254
127.5,-3.3046599247740107
127.501,-3.3029696782992755
127.502,-3.3012739502597972
127.503,-3.2995727444890632
127.504,-3.2978660648657687
127.505,-3.2961539153138926
127.506,-3.2944362998027943
127.50700000000001,-3.2927132223472957
127.508,-3.2909846870077577
127.509,-3.2892506978901781
127.51000000000001,-3.2875112591462687
127.511,-3.2857663749735351
127.512,-3.2840160496153668
127.51300000000001,-3.2822602873611131
127.514,-3.280499092546171
127.515,-3.2787324695520597
127.51600000000001,-3.2769604228065021
127.517,-3.2751829567835089
127.518,-3.2734000760034552
127.51900000000001,-3.2716117850331545
127.52,-3.2698180884859451
127.521,-3.2680189910217581
127.52200000000001,-3.2662144973471996
127.523,-3.2644046122156327
127.524,-3.2625893404272337
127.52500000000001,-3.2607686868290857
127.526,-3.2589426563152499
127.527,-3.2571112538268223
127.52800000000001,-3.2552744843520327
127.529,-3.2534323529262892
127.53,-3.2515848646322745
127.53100000000001,-3.2497320245999997
127.532,-3.2478738380068797
127.533,-3.2460103100778048
127.53400000000001,-3.2441414460852074
127.535,-3.2422672513491255
127.536,-3.2403877312372815
127.53700000000001,-3.2385028911651323
127.538,-3.2366127365959527
127.539,-3.2347172730408897
127.54000000000001,-3.2328165060590259
127.541,-3.2309104412574499
127.542,-3.228999084291321
127.54300000000001,-3.2270824408639158
127.544,-3.2251605167267106
127.545,-3.2232333176794259
127.54600000000001,-3.2213008495700963
127.547,-3.2193631182951283
127.548,-3.2174201297993497
127.54900000000001,-3.2154718900760826
127.55,-3.2135184051671914
127.551,-3.2115596811631337
127.55199999999999,-3.2095957242030337
127.553,-3.2076265404747155
127.554,-3.2056521362147739
127.55500000000001,-3.2036725177086218
127.556,-3.2016876912905379
127.557,-3.1996976633437244
127.55799999999999,-3.1977024403003607
127.559,-3.1957020286416418
127.56,-3.1936964348978423
127.56100000000001,-3.1916856656483499
127.562,-3.1896697275217272
127.563,-3.187648627195752
127.56399999999999,-3.1856223713974572
127.565,-3.1835909669031892
127.566,-3.1815544205386455
127.56700000000001,-3.1795127391789104
127.568,-3.1774659297485179
127.569,-3.1754139992214712
127.56999999999999,-3.1733569546213003
127.571,-3.1712948030210963
127.572,-3.1692275515435449
127.57300000000001,-3.1671552073609779
127.574,-3.165077777695402
127.575,-3.1629952698185333
127.57599999999999,-3.160907691051845
127.577,-3.1588150487665874
127.578,-3.1567173503838344
127.57899999999999,-3.1546146033745144
127.58,-3.1525068152594344
127.581,-3.150393993609323
127.58199999999999,-3.1482761460448576
127.583,-3.1461532802366849
127.584,-3.1440254039054683
127.58499999999999,-3.1418925248218965
127.586,-3.1397546508067244
127.587,-3.137611789730796
127.58799999999999,-3.1354639495150627
127.589,-3.1333111381306176
127.59,-3.1311533635987163
127.59099999999999,-3.1289906339907918
127.592,-3.1268229574284896
127.593,-3.1246503420836738
127.59399999999999,-3.1224727961784597
127.595,-3.1202903279852281
127.596,-3.1181029458266352
127.59699999999999,-3.1159106580756442
127.598,-3.1137134731555323
127.599,-3.1115113995399009
127.59999999999999,-3.109304445752707
127.601,-3.1070926203682552
127.602,-3.1048759320112258
127.60299999999999,-3.1026543893566814
127.604,-3.1004280011300702
127.605,-3.0981967761072475
127.60599999999999,-3.0959607231144757
127.607,-3.0937198510284314
127.608,-3.0914741687762177
127.60899999999999,-3.0892236853353605
127.61,-3.0869684097338248
127.611,-3.0847083510500091
127.61199999999999,-3.0824435184127448
127.613,-3.080173921001311
127.614,-3.0778995680454244
127.61499999999999,-3.0756204688252353
127.616,-3.0733366326713405
127.617,-3.071048068964763
127.61799999999999,-3.0687547871369629
127.619,-3.0664567966698293
127.62,-3.0641541070956615
127.621,-3.0618467279971817
127.622,-3.0595346690075189
127.623,-3.0572179398101906
127.624,-3.0548965501391132
127.625,-3.0525705097785671
127.626,-3.0502398285632086
127.627,-3.0479045163780416
127.628,-3.0455645831584026
127.629,-3.0432200388899582
127.63,-3.0408708936086728
127.631,-3.0385171574008067
127.63200000000001,-3.0361588404028881
127.633,-3.033795952801694
127.634,-3.0314285048342353
127.63500000000001,-3.0290565067877342
127.636,-3.0266799689995905
127.637,-3.0242989018573772
127.63800000000001,-3.0219133157987965
127.639,-3.0195232213116698
127.64,-3.017128628933901
127.64100000000001,-3.0147295492534507
127.642,-3.0123259929083064
127.643,-3.0099179705864598
127.64400000000001,-3.0075054930258593
127.645,-3.0050885710143982
127.646,-3.0026672153898604
127.64700000000001,-3.000241437039902
127.648,-2.9978112469020122
127.649,-2.9953766559634634
127.65000000000001,-2.9929376752612917
127.651,-2.9904943158822501
127.652,-2.9880465889627619
127.65300000000001,-2.9855945056888915
127.654,-2.9831380772962879
127.655,-2.9806773150701575
127.65600000000001,-2.9782122303452079
127.657,-2.9757428345056001
127.658,-2.9732691389849126
127.65900000000001,-2.9707911552660873
127.66,-2.9683088948813743
127.661,-2.9658223694122929
127.66200000000001,-2.9633315904895694
127.663,-2.9608365697930923
127.664,-2.9583373190518607
127.66500000000001,-2.9558338500439123
127.666,-2.9533261745962878
127.667,-2.9508143045849655
127.66800000000001,-2.948298251934796
127.669,-2.9457780286194568
127.67,-2.9432536466613741
127.67100000000001,-2.94072511813168
127.672,-2.9381924551501353
127.673,-2.9356556698850667
127.67400000000001,-2.9331147745533102
127.675,-2.9305697814201377
127.676,-2.9280207027991842
127.67699999999999,-2.9254675510523955
127.678,-2.9229103385899355
127.679,-2.9203490778701351
127.68000000000001,-2.9177837813994105
127.681,-2.9152144617321847
127.682,-2.9126411314708252
127.68299999999999,-2.9100638032655608
127.684,-2.9074824898143978
127.685,-2.9048972038630572
127.68600000000001,-2.9023079582048803
127.687,-2.8997147656807556
127.688,-2.8971176391790401
127.68899999999999,-2.8945165916354609
127.69,-2.8919116360330506
127.691,-2.8893027854020508
127.69200000000001,-2.886690052819822
127.693,-2.8840734514107655
127.694,-2.8814529943462253
127.69499999999999,-2.8788286948444037
127.696,-2.8762005661702714
127.697,-2.8735686216354619
127.69800000000001,-2.8709328745981928
127.699,-2.8682933384631681
127.7,-2.8656500266814673
127.70099999999999,-2.863002952750469
127.702,-2.8603521302137329
127.703,-2.8576975726609151
127.70399999999999,-2.8550392937276605
127.705,-2.8523773070954919
127.706,-2.8497116264917253
127.70699999999999,-2.8470422656893488
127.708,-2.8443692385069186
127.709,-2.8416925588084636
127.70999999999999,-2.8390122405033589
127.711,-2.8363282975462325
127.712,-2.8336407439368467
127.71299999999999,-2.8309495937199802
127.714,-2.8282548609853286
127.715,-2.8255565598673806
127.71599999999999,-2.8228547045452963
127.717,-2.8201493092428107
127.718,-2.8174403882280883
127.71899999999999,-2.8147279558136278
127.72,-2.812012026356129
127.721,-2.8092926142563668
127.72199999999999,-2.8065697339590825
127.723,-2.8038433999528496
127.724,-2.8011136267699417
127.72499999999999,-2.7983804289862251
127.726,-2.7956438212210095
127.727,-2.7929038181369332
127.72799999999999,-2.7901604344398327
127.729,-2.7874136848785933
127.73,-2.7846635842450405
127.73099999999999,-2.7819101473737913
127.732,-2.7791533891421181
127.733,-2.7763933244698205
127.73399999999999,-2.7736299683190762
127.735,-2.7708633356943166
127.736,-2.7680934416420757
127.73699999999999,-2.7653203012508438
127.738,-2.7625439296509433
127.739,-2.7597643420143685
127.73999999999999,-2.7569815535546409
127.741,-2.7541955795266775
127.742,-2.7514064352266221
127.74299999999999,-2.7486141359917147
127.744,-2.7458186972001348
127.745,-2.743020134270842
127.746,-2.7402184626634369
127.747,-2.7374136978780053
127.748,-2.7346058554549444
127.749,-2.73179495097484
127.75,-2.728981000058277
127.751,-2.7261640183657008
127.752,-2.723344021597252
127.753,-2.7205210254925998
127.754,-2.7176950458307916
127.755,-2.7148660984300723
127.756,-2.7120341991477392
127.75700000000001,-2.709199363879967
127.758,-2.7063616085616315
127.759,-2.70352094916616
127.76000000000001,-2.7006774017053505
127.761,-2.6978309822291959
127.762,-2.6949817068257289
127.76300000000001,-2.6921295916208305
127.764,-2.6892746527780691
127.765,-2.6864169064985237
127.76600000000001,-2.6835563690205921
127.767,-2.6806930566198357
127.768,-2.6778269856087897
127.76900000000001,-2.674958172336769
127.77,-2.6720866331897195
127.771,-2.6692123845899989
127.77200000000001,-2.6663354429962216
127.773,-2.6634558249030613
127.774,-2.6605735468410581
127.77500000000001,-2.6576886253764469
127.776,-2.6548010771109594
127.777,-2.651910918681633
127.77800000000001,-2.6490181667606243
127.779,-2.6461228380550139
127.78,-2.6432249493066191
127.78100000000001,-2.6403245172917931
127.782,-2.6374215588212246
127.783,-2.6345160907397589
127.78400000000001,-2.6316081299261849
127.785,-2.6286976932930335
127.786,-2.6257847977863955
127.78700000000001,-2.6228694603856941
127.788,-2.61995169810351
127.789,-2.617031527985362
127.79000000000001,-2.6141089671094955
127.791,-2.6111840325866971
127.792,-2.6082567415600719
127.79300000000001,-2.6053271112048337
127.794,-2.6023951587281111
127.795,-2.5994609013687162
127.79600000000001,-2.5965243563969542
127.797,-2.593585541114396
127.798,-2.5906444728536626
127.79900000000001,-2.587701168978223
127.8,-2.5847556468821713
127.801,-2.5818079239900014
127.80199999999999,-2.5788580177564047
127.803,-2.5759059456660314
127.804,-2.5729517252332905
127.80500000000001,-2.5699953740021151
127.806,-2.5670369095457355
127.807,-2.5640763494664678
127.80799999999999,-2.5611137113954863
127.809,-2.5581490129925823
127.81,-2.5551822719459616
127.81100000000001,-2.5522135059719901
127.812,-2.5492427328149878
127.813,-2.5462699702469833
127.81399999999999,-2.5432952360674834
127.815,-2.5403185481032482
127.816,-2.5373399242080543
127.81700000000001,-2.5343593822624486
127.818,-2.5313769401735344
127.819,-2.5283926158747105
127.81999999999999,-2.5254064273254526
127.821,-2.5224183925110677
127.822,-2.5194285294424437
127.82300000000001,-2.5164368561558259
127.824,-2.5134433907125655
127.825,-2.5104481511988688
127.82599999999999,-2.5074511557255725
127.827,-2.5044524224278764
127.828,-2.5014519694651147
127.82899999999999,-2.4984498150205043
127.83,-2.4954459773008812
127.831,-2.4924404745364752
127.83199999999999,-2.4894333249806477
127.833,-2.4864245469096318
127.834,-2.4834141586222982
127.83499999999999,-2.480402178439884
127.836,-2.4773886247057524
127.837,-2.4743735157851328
127.83799999999999,-2.471356870064854
127.839,-2.468338705953105
127.84,-2.4653190418791673
127.84099999999999,-2.4622978962931477
127.842,-2.4592752876657364
127.843,-2.4562512344879268
127.84399999999999,-2.4532257552707675
127.845,-2.4501988685450966
127.846,-2.4471705928612644
127.84699999999999,-2.4441409467888886
127.848,-2.4411099489165764
127.849,-2.4380776178516559
127.84999999999999,-2.4350439722199182
127.851,-2.4320090306653341
127.852,-2.4289728118498024
127.85299999999999,-2.4259353344528662
127.854,-2.4228966171714408
127.855,-2.419856678719551
127.85599999999999,-2.4168155378280547
127.857,-2.4137732132443572
127.858,-2.410729723732155
127.85899999999999,-2.4076850880711413
127.86,-2.4046393250567473
127.861,-2.4015924534998518
127.86199999999999,-2.3985444922265007
127.863,-2.3954954600776421
127.864,-2.3924453759088351
127.86499999999999,-2.3893942585899617
127.866,-2.3863421270049683
127.867,-2.3832890000515539
127.86799999999999,-2.3802348966409106
127.869,-2.3771798356974303
127.87,-2.3741238361584101
127.871,-2.3710669169737795
127.872,-2.3680090971058148
127.873,-2.3649503955288331
127.874,-2.3618908312289264
127.875,-2.3588304232036528
127.876,-2.3557691904617659
127.877,-2.3527071520229077
127.878,-2.3496443269173186
127.879,-2.3465807341855616
127.88,-2.3435163928782017
127.881,-2.3404513220555367
127.88200000000001,-2.3373855407872948
127.883,-2.3343190681523271
127.884,-2.3312519232383293
127.88500000000001,-2.3281841251415387
127.886,-2.3251156929664267
127.887,-2.3220466458254183
127.88800000000001,-2.3189770028385723
127.889,-2.3159067831333031
127.89,-2.3128360058440687
127.89100000000001,-2.3097646901120608
127.892,-2.3066928550849237
127.893,-2.303620519916441
127.89400000000001,-2.3005477037662212
127.895,-2.2974744257994182
127.896,-2.2944007051864039
127.89700000000001,-2.2913265611024776
127.898,-2.2882520127275576
127.899,-2.2851770792458641
127.90000000000001,-2.282101779845628
127.901,-2.2790261337187756
127.902,-2.2759501600606127
127.90300000000001,-2.2728738780695341
127.904,-2.2697973069466917
127.905,-2.2667204658957045
127.90600000000001,-2.2636433741223385
127.907,-2.2605660508341883
127.908,-2.2574885152403832
127.90900000000001,-2.2544107865512588
127.91,-2.2513328839780482
127.911,-2.2482548267325759
127.91200000000001,-2.2451766340269277
127.913,-2.2420983250731554
127.914,-2.2390199190829492
127.91500000000001,-2.2359414352673195
127.916,-2.2328628928362919
127.917,-2.229784310998586
127.91800000000001,-2.2267057089612852
127.919,-2.2236271059295447
127.92,-2.2205485211062439
127.92100000000001,-2.217469973691693
127.922,-2.2143914828833022
127.923,-2.2113130678752548
127.92400000000001,-2.2082347478582034
127.925,-2.2051565420189383
127.926,-2.202078469540063
127.92699999999999,-2.19900054959969
127.928,-2.1959228013710943
127.929,-2.1928452440224131
127.93000000000001,-2.1897678967163143
127.931,-2.1866907786096648
127.932,-2.1836139088532209
127.93299999999999,-2.1805373065913027
127.934,-2.1774609909614524
127.935,-2.1743849810941365
127.93600000000001,-2.1713092961123928
127.937,-2.1682339551315311
127.938,-2.1651589772587898
127.93899999999999,-2.1620843815930093
127.94,-2.1590101872243199
127.941,-2.1559364132338037
127.94200000000001,-2.1528630786931622
127.943,-2.1497902026644069
127.944,-2.146717804199509
127.94499999999999,-2.1436459023400927
127.946,-2.1405745161170957
127.947,-2.1375036645504344
127.94800000000001,-2.1344333666486888
127.949,-2.1313636414087682
127.95,-2.1282945078155722
127.95099999999999,-2.1252259848416788
127.952,-2.1221580914469924
127.953,-2.1190908465784375
127.95399999999999,-2.1160242691696118
127.955,-2.1129583781404557
127.956,-2.1098931923969313
127.95699999999999,-2.1068287308306877
127.958,-2.1037650123187177
127.959,-2.100702055723048
127.95999999999999,-2.0976398798903855
127.961,-2.0945785036518036
127.962,-2.0915179458224027
127.96299999999999,-2.0884582252009691
127.964,-2.0853993605696606
127.965,-2.0823413706936638
127.96599999999999,-2.0792842743208557
127.967,-2.0762280901814871
127.968,-2.0731728369878319
127.96899999999999,-2.0701185334338708
127.97,-2.0670651981949497
127.971,-2.0640128499274404
127.97199999999999,-2.0609615072684218
127.973,-2.0579111888353419
127.974,-2.0548619132256705
127.97499999999999,-2.0518136990165918
127.976,-2.048766564764644
127.977,-2.0457205290054077
127.97799999999999,-2.0426756102531645
127.979,-2.0396318270005542
127.98,-2.0365891977182571
127.98099999999999,-2.0335477408546536
127.982,-2.0305074748354843
127.983,-2.0274684180635325
127.98399999999999,-2.0244305889182703
127.985,-2.021394005755544
127.986,-2.0183586869072361
127.98699999999999,-2.0153246506809173
127.988,-2.0122919153595364
127.989,-2.0092604992010732
127.98999999999999,-2.0062304204382033
127.991,-2.0032016972779796
127.992,-2.0001743479014777
127.99299999999999,-1.9971483904634884
127.994,-1.9941238430921682
127.995,-1.9911007238887042
127.996,-1.9880790509269981
127.997,-1.9850588422533226
127.998,-1.9820401158859855
127.999,-1.9790228898150124
128,-1.9760071820017973
128.001,-1.9729930103787909
128.00200000000001,-1.9699803928491435
128.00299999999999,-1.96696934728641
128.00399999999999,-1.9639598915341794
128.005,-1.960952043405765
128.006,-1.9579458206838871
128.00700000000001,-1.9549412411203098
128.00800000000001,-1.9519383224355358
128.00900000000001,-1.948937082318462
128.00999999999999,-1.9459375384260749
128.011,-1.9429397083830868
128.012,-1.9399436097816265
128.01300000000001,-1.9369492601809197
128.01400000000001,-1.9339566771069363
128.01499999999999,-1.9309658780520729
128.01599999999999,-1.9279768804748452
128.017,-1.9249897017995261
128.018,-1.9220043594158331
128.01900000000001,-1.9190208706786238
128.02000000000001,-1.9160392529075285
128.02100000000002,-1.913059523386647
128.02199999999999,-1.9100816993642389
128.023,-1.9071057980523602
128.024,-1.9041318366265672
128.02500000000001,-1.9011598322255772
128.02600000000001,-1.8981898019509655
128.02699999999999,-1.8952217628668104
128.02799999999999,-1.8922557319993891
128.029,-1.8892917263368652
128.03,-1.8863297628289368
128.03100000000001,-1.8833698583865339
128.03200000000001,-1.8804120298815064
128.03299999999999,-1.8774562941462776
128.03399999999999,-1.8745026679735342
128.035,-1.8715511681159254
128.036,-1.8686018112857108
128.03700000000001,-1.8656546141544585
128.03800000000001,-1.8627095933527378
128.03899999999999,-1.8597667654697752
128.03999999999999,-1.8568261470531562
128.041,-1.8538877546084933
128.042,-1.8509516045991385
128.04300000000001,-1.8480177134458295
128.04400000000001,-1.8450860975263939
128.04499999999999,-1.842156773175448
128.04599999999999,-1.8392297566840521
128.047,-1.8363050642994121
128.048,-1.8333827122245838
128.04900000000001,-1.8304627166181289
128.05000000000001,-1.8275450935938156
128.05099999999999,-1.8246298592203272
128.05199999999999,-1.8217170295209204
128.053,-1.8188066204731281
128.054,-1.8158986480084667
128.05500000000001,-1.8129931280120997
128.05600000000001,-1.8100900763225469
128.05699999999999,-1.8071895087313665
128.05799999999999,-1.8042914409828752
128.059,-1.8013958887738024
128.06,-1.7985028677530106
128.06100000000001,-1.7956123935211967
128.06200000000001,-1.7927244816305656
128.06299999999999,-1.789839147584539
128.06399999999999,-1.7869564068374681
128.065,-1.7840762747943049
128.066,-1.7811987668103109
128.06700000000001,-1.7783238981907803
128.06800000000001,-1.7754516841907049
128.06899999999999,-1.7725821400144928
128.06999999999999,-1.7697152808156849
128.071,-1.7668511216966309
128.072,-1.7639896777082114
128.07300000000001,-1.7611309638495314
128.07400000000001,-1.7582749950676506
128.07499999999999,-1.755421786257255
128.07599999999999,-1.7525713522603843
128.077,-1.7497237078661496
128.078,-1.7468788678104179
128.07900000000001,-1.7440368467755361
128.08000000000001,-1.7411976593900529
128.08099999999999,-1.7383613202284041
128.08199999999999,-1.7355278438106434
128.083,-1.7326972446021636
128.084,-1.729869537013387
128.08500000000001,-1.7270447353994949
128.08600000000001,-1.7242228540601563
128.08699999999999,-1.7214039072392191
128.08799999999999,-1.7185879091244449
128.089,-1.7157748738472205
128.09,-1.7129648154822981
128.09100000000001,-1.7101577480474861
128.09200000000001,-1.707353685503386
128.09299999999999,-1.7045526417531303
128.09399999999999,-1.7017546306420792
128.095,-1.6989596659575565
128.096,-1.6961677614285944
128.09700000000001,-1.6933789307256291
128.09800000000001,-1.6905931874602453
128.09899999999999,-1.6878105451849197
128.09999999999999,-1.685031017392721
128.101,-1.6822546175170574
128.102,-1.679481358931423
128.10300000000001,-1.676711254949101
128.10399999999998,-1.6739443188229219
128.10499999999999,-1.6711805637449832
128.10599999999999,-1.6684200028464138
128.107,-1.6656626491970727
128.108,-1.6629085158053116
128.10900000000001,-1.6601576156177265
128.11000000000001,-1.6574099615188675
128.11099999999999,-1.6546655663309988
128.11199999999999,-1.6519244428138555
128.113,-1.649186603664361
128.114,-1.6464520615163838
128.11500000000001,-1.6437208289405028
128.11599999999999,-1.6409929184437253
128.11699999999999,-1.6382683424692492
128.11799999999999,-1.6355471133962298
128.119,-1.632829243539506
128.12,-1.6301147451493629
128.12100000000001,-1.6274036304112864
128.12200000000001,-1.624695911445734
128.12299999999999,-1.6219916003078623
128.124,-1.6192907089872977
128.125,-1.6165932494079152
128.126,-1.6138992334275635
128.12700000000001,-1.6112086728378472
128.12799999999999,-1.6085215793638992
128.12899999999999,-1.6058379646641185
128.13,-1.6031578403299509
128.131,-1.6004812178856678
128.13200000000001,-1.5978081087881062
128.13300000000001,-1.5951385244264593
128.13400000000001,-1.5924724761220341
128.13499999999999,-1.5898099751280463
128.136,-1.5871510326293623
128.137,-1.5844956597422888
128.13800000000001,-1.5818438675143627
128.13900000000001,-1.5791956669241005
128.13999999999999,-1.5765510688807931
128.14099999999999,-1.5739100842242943
128.142,-1.5712727237247812
128.143,-1.5686389980825455
128.14400000000001,-1.5660089179277936
128.14500000000001,-1.5633824938204053
128.14600000000002,-1.5607597362497334
128.14699999999999,-1.5581406556344046
128.148,-1.5555252623220834
128.149,-1.5529135665892837
128.15000000000001,-1.5503055786411464
128.15100000000001,-1.5477013086112565
128.15199999999999,-1.5451007665614109
128.15299999999999,-1.5425039624814256
128.154,-1.5399109062889487
128.155,-1.5373216078292378
128.15600000000001,-1.5347360768749669
128.15700000000001,-1.5321543231260488
128.15799999999999,-1.5295763562094093
128.15899999999999,-1.5270021856788067
128.16,-1.5244318210146524
128.161,-1.5218652716237935
128.16200000000001,-1.5193025468393357
128.16300000000001,-1.5167436559204659
128.16399999999999,-1.5141886080522429
128.16499999999999,-1.5116374123454286
128.166,-1.509090077836291
128.167,-1.5065466134864445
128.16800000000001,-1.504007028182641
128.16900000000001,-1.5014713307366021
128.16999999999999,-1.4989395298848591
128.17099999999999,-1.4964116342885441
128.172,-1.4938876525332321
128.173,-1.4913675931287838
128.17400000000001,-1.4888514645091404
128.17500000000001,-1.4863392750321736
128.17599999999999,-1.483831032979527
128.17699999999999,-1.481326746556423
128.178,-1.4788264238915123
128.179,-1.4763300730367215
128.18000000000001,-1.4738377019670663
128.18100000000001,-1.4713493185805089
128.18199999999999,-1.4688649306977868
128.18299999999999,-1.4663845460622782
128.184,-1.4639081723398166
128.185,-1.4614358171185491
128.18600000000001,-1.4589674879088042
128.18700000000001,-1.4565031921429028
128.18799999999999,-1.4540429371750345
128.18899999999999,-1.4515867302811136
128.19,-1.4491345786586145
128.191,-1.4466864894264346
128.19200000000001,-1.4442424696247693
128.19300000000001,-1.4418025262149416
128.19399999999999,-1.4393666660792805
128.19499999999999,-1.4369348960209907
128.196,-1.4345072227639926
128.197,-1.4320836529528111
128.19800000000001,-1.4296641931524259
128.19900000000001,-1.4272488498481628
128.19999999999999,-1.4248376294455389
128.20099999999999,-1.4224305382701443
128.202,-1.4200275825675353
128.203,-1.4176287685030795
128.20400000000001,-1.4152341021618473
128.20500000000001,-1.4128435895485065
128.20599999999999,-1.4104572365871757
128.20699999999999,-1.4080750491213205
128.208,-1.4056970329136493
128.209,-1.4033231936459796
128.21000000000001,-1.4009535369191308
128.21100000000001,-1.3985880682528316
128.21199999999999,-1.3962267930855861
128.21299999999999,-1.3938697167745828
128.214,-1.3915168445955817
128.215,-1.3891681817428239
128.21600000000001,-1.3868237333289146
128.21700000000001,-1.384483504384725
128.21799999999999,-1.3821474998593137
128.21899999999999,-1.3798157246198031
128.22,-1.3774881834512973
128.221,-1.3751648810568031
128.22200000000001,-1.3728458220571138
128.22300000000001,-1.3705310109907303
128.22399999999999,-1.3682204523137891
128.22499999999999,-1.3659141503999512
128.226,-1.3636121095403309
128.227,-1.361314333943423
128.22800000000001,-1.3590208277350022
128.22899999999998,-1.3567315949580607
128.22999999999999,-1.3544466395727193
128.23099999999999,-1.3521659654561748
128.232,-1.349889576402596
128.233,-1.3476174761230701
128.23400000000001,-1.345349668245545
128.23500000000001,-1.3430861563147329
128.23599999999999,-1.3408269437920624
128.23699999999999,-1.3385720340556218
128.238,-1.3363214304000754
128.239,-1.3340751360366168
128.24000000000001,-1.3318331540929176
128.24099999999999,-1.3295954876130514
128.24199999999999,-1.3273621395574484
128.24299999999999,-1.3251331128028552
128.244,-1.3229084101422597
128.245,-1.3206880342848573
128.24600000000001,-1.3184719878559965
128.24700000000001,-1.3162602733971456
128.24799999999999,-1.31405289336583
128.249,-1.3118498501356004
128.25,-1.3096511459960027
128.251,-1.3074567831525155
128.25200000000001,-1.3052667637265316
128.25299999999999,-1.3030810897553249
128.25399999999999,-1.3008997631920058
128.255,-1.2987227859054915
128.256,-1.2965501596804951
128.25700000000001,-1.294381886217473
128.25800000000001,-1.2922179671326162
128.25900000000001,-1.2900584039578156
128.25999999999999,-1.2879031981406592
128.261,-1.28575235104439
128.262,-1.2836058639478953
128.26300000000001,-1.2814637380457055
128.26400000000001,-1.279325974447955
128.26499999999999,-1.2771925741803847
128.26599999999999,-1.2750635381843376
128.267,-1.2729388673167321
128.268,-1.2708185623500625
128.26900000000001,-1.2687026239724106
128.27000000000001,-1.2665910527874151
128.27100000000002,-1.2644838493142831
128.27199999999999,-1.2623810139878027
128.273,-1.260282547158325
128.274,-1.2581884490917778
128.27500000000001,-1.2560987199696705
128.27600000000001,-1.2540133598891134
128.27699999999999,-1.2519323688628055
128.27799999999999,-1.2498557468190603
128.279,-1.2477834936018282
128.28,-1.2457156089706889
128.28100000000001,-1.2436520926008829
128.28200000000001,-1.2415929440833418
128.28299999999999,-1.2395381629246824
128.28399999999999,-1.2374877485472462
128.285,-1.2354417002891351
128.286,-1.233400017404211
128.28700000000001,-1.2313626990621427
128.28800000000001,-1.2293297443484412
128.28899999999999,-1.2273011522644726
128.28999999999999,-1.2252769217275079
128.291,-1.2232570515707506
128.292,-1.2212415405433885
128.29300000000001,-1.2192303873106141
128.29400000000001,-1.217223590453673
128.29499999999999,-1.2152211484699234
128.29599999999999,-1.2132230597728555
128.297,-1.2112293226921522
128.298,-1.2092399354737484
128.29900000000001,-1.2072548962798582
128.30000000000001,-1.2052742031890424
128.30099999999999,-1.2032978541962704
128.30199999999999,-1.2013258472129571
128.303,-1.1993581800670312
128.304,-1.1973948505030068
128.30500000000001,-1.1954358561820215
128.30600000000001,-1.1934811946819204
128.30699999999999,-1.191530863497307
128.30799999999999,-1.1895848600396304
128.309,-1.1876431816372324
128.31,-1.1857058255354285
128.31100000000001,-1.1837727888965905
128.31200000000001,-1.1818440688002039
128.31299999999999,-1.17991966224295
128.31399999999999,-1.1779995661387992
128.315,-1.1760837773190702
128.316,-1.1741722925325204
128.31700000000001,-1.1722651084454412
128.31800000000001,-1.1703622216417231
128.31899999999999,-1.1684636286229564
128.31999999999999,-1.1665693258085239
128.321,-1.1646793095356811
128.322,-1.1627935760596559
128.32300000000001,-1.1609121215537395
128.32400000000001,-1.1590349421093951
128.32499999999999,-1.1571620337363386
128.32599999999999,-1.1552933923626472
128.327,-1.1534290138348728
128.328,-1.151568893918123
128.32900000000001,-1.1497130282961827
128.33000000000001,-1.1478614125716249
128.33099999999999,-1.1460140422659033
128.33199999999999,-1.144170912819475
128.333,-1.1423320195919189
128.334,-1.140497357862035
128.33500000000001,-1.138666922827968
128.33600000000001,-1.1368407096073359
128.33699999999999,-1.1350187132373315
128.33799999999999,-1.1332009286748546
128.339,-1.1313873507966317
128.34,-1.1295779743993535
128.34100000000001,-1.1277727941997797
128.34200000000001,-1.1259718048348835
128.34299999999999,-1.1241750008619844
128.34399999999999,-1.1223823767588677
128.345,-1.1205939269239242
128.346,-1.1188096456762955
128.34700000000001,-1.1170295272559949
128.34800000000001,-1.1152535658240534
128.34899999999999,-1.1134817554626735
128.34999999999999,-1.1117140901753468
128.351,-1.1099505638870166
128.352,-1.1081911704442242
128.35300000000001,-1.1064359036152442
128.35399999999998,-1.1046847570902443
128.35499999999999,-1.1029377244814296
128.35599999999999,-1.1011947993232101
128.357,-1.0994559750723338
128.358,-1.097721245108054
128.35900000000001,-1.0959906027322972
128.36000000000001,-1.0942640411698012
128.36099999999999,-1.0925415535682896
128.36199999999999,-1.0908231329986398
128.363,-1.0891087724550337
128.364,-1.0873984648551298
128.36500000000001,-1.0856922030402407
128.36599999999999,-1.0839899797754855
128.36699999999999,-1.0822917877499714
128.36799999999999,-1.0805976195769704
128.369,-1.0789074677940822
128.37,-1.0772213248634182
128.37100000000001,-1.0755391831717749
128.37200000000001,-1.0738610350308255
128.37299999999999,-1.0721868726772805
128.374,-1.0705166882730821
128.375,-1.0688504739055971
128.376,-1.0671882215877833
128.37700000000001,-1.0655299232583859
128.37799999999999,-1.0638755707821381
128.37899999999999,-1.0622251559499307
128.38,-1.0605786704790146
128.381,-1.0589361060132028
128.38200000000001,-1.0572974541230491
128.38300000000001,-1.0556627063060569
128.38400000000001,-1.0540318539868676
128.38499999999999,-1.0524048885174802
128.386,-1.0507818011774273
128.387,-1.0491625831739915
128.38800000000001,-1.0475472256424172
128.38900000000001,-1.0459357196461005
128.38999999999999,-1.044328056176804
128.39099999999999,-1.0427242261548739
128.392,-1.0411242204294391
128.393,-1.0395280297786218
128.39400000000001,-1.0379356449097705
128.39500000000001,-1.0363470564596509
128.39600000000002,-1.0347622549946722
128.39699999999999,-1.0331812310111197
128.398,-1.0316039749353463
128.399,-1.030030477124015
128.40000000000001,-1.0284607278643101
128.40100000000001,-1.0268947173741774
128.40199999999999,-1.0253324358025255
128.40299999999999,-1.0237738732294683
128.404,-1.0222190196665562
128.405,-1.0206678650569934
128.40600000000001,-1.0191203992758746
128.40700000000001,-1.017576612130427
128.40799999999999,-1.0160364933602266
128.40899999999999,-1.0145000326374436
128.41,-1.0129672195670858
128.411,-1.0114380436872212
128.41200000000001,-1.0099124944692262
128.41300000000001,-1.0083905613180324
128.41399999999999,-1.006872233572355
128.41499999999999,-1.0053575005049469
128.416,-1.0038463513228366
128.417,-1.0023387751675863
128.41800000000001,-1.0008347611155255
128.41900000000001,-0.9993342981780039
128.41999999999999,-0.99783737530165284
128.42099999999999,-0.99634398136861968
128.422,-0.99485410519683026
128.423,-0.99336773554024793
128.42400000000001,-0.99188486108911667
128.42500000000001,-0.99040547047022431
128.42599999999999,-0.98892955224716661
128.42699999999999,-0.98745709492059541
128.428,-0.98598808692848339
128.429,-0.98452251664639456
128.43000000000001,-0.98306037238773281
128.43100000000001,-0.98160164240401604
128.43199999999999,-0.98014631488513593
128.43299999999999,-0.97869437795963532
128.434,-0.97724581969496371
128.435,-0.97580062809775003
128.43600000000001,-0.9743587911140823
128.43700000000001,-0.97292029662976565
128.43799999999999,-0.97148513247059975
128.43899999999999,-0.97005328640266353
128.44,-0.9686247461325741
128.441,-0.96719949930776994
128.44200000000001,-0.96577753351679552
128.44300000000001,-0.96435883628956887
128.44399999999999,-0.96294339509766225
128.44499999999999,-0.96153119735459713
128.446,-0.96012223041610834
128.447,-0.95871648158043621
128.44800000000001,-0.95731393808860787
128.44900000000001,-0.95591458712473232
128.44999999999999,-0.95451841581627117
128.45099999999999,-0.95312541123433381
128.452,-0.95173556039397433
128.453,-0.95034885025446647
128.45400000000001,-0.9489652677196001
128.45500000000001,-0.9475847996379817
128.45599999999999,-0.94620743280331399
128.45699999999999,-0.94483315395469325
128.458,-0.94346194977691611
128.459,-0.94209380690075784
128.46000000000001,-0.94072871190327778
128.46100000000001,-0.93936665130812402
128.46199999999999,-0.9380076115858188
128.46299999999999,-0.93665157915406638
128.464,-0.93529854037805116
128.465,-0.93394848157074972
128.46600000000001,-0.93260138899321365
128.46700000000001,-0.93125724885488981
128.46799999999999,-0.92991604731392363
128.46899999999999,-0.92857777047745427
128.47,-0.92724240440193018
128.471,-0.92590993509342046
128.47200000000001,-0.9245803485079086
128.47300000000001,-0.9232536305516128
128.47399999999999,-0.92192976708130037
128.47499999999999,-0.9206087439045848
128.476,-0.91929054678024491
128.477,-0.91797516141854618
128.47800000000001,-0.91666257348153735
128.47899999999998,-0.91535276858337755
128.47999999999999,-0.91404573229064567
128.48099999999999,-0.91274145012266428
128.482,-0.91143990755180482
128.483,-0.9101410900038116
128.48400000000001,-0.90884498285812687
128.48500000000001,-0.90755157144819798
128.48599999999999,-0.90626084106180138
128.48699999999999,-0.90497277694137301
128.488,-0.90368736428431673
128.489,-0.90240458824333125
128.49000000000001,-0.90112443392674013
128.49099999999999,-0.89984688639880528
128.49199999999999,-0.89857193068005581
128.49299999999999,-0.89729955174762011
128.494,-0.89602973453553936
128.495,-0.89476246393510328
128.49600000000001,-0.89349772479517153
128.49700000000001,-0.892235501922514
128.49799999999999,-0.89097578008212197
128.499,-0.88971854399754879
128.5,-0.88846377835124346
128.501,-0.8872114677848677
128.50200000000001,-0.88596159689963805
128.50299999999999,-0.88471415025666
128.50399999999999,-0.88346911237724979
128.505,-0.8822264677432734
128.506,-0.8809862007974878
128.50700000000001,-0.87974829594386184
128.50800000000001,-0.87851273754791859
128.50900000000001,-0.8772795099370696
128.50999999999999,-0.87604859740095753
128.511,-0.87481998419177942
128.512,-0.87359365452463167
128.51300000000001,-0.87236959257785573
128.51400000000001,-0.87114778249335822
128.51499999999999,-0.86992820837696239
128.51599999999999,-0.86871085429875083
128.517,-0.86749570429339085
128.518,-0.86628274236048464
128.51900000000001,-0.86507195246491464
128.52000000000001,-0.86386331853717135
128.52100000000002,-0.86265682447370362
128.52199999999999,-0.86145245413726335
128.523,-0.86025019135724012
128.524,-0.85905001993000685
128.52500000000001,-0.85785192361926721
128.52600000000001,-0.8566558861563992
128.52699999999999,-0.85546189124079142
128.52799999999999,-0.85426992254019329
128.529,-0.8530799636910662
128.53,-0.85189199829891571
128.53100000000001,-0.85070600993864565
128.53200000000001,-0.84952198215490604
128.53299999999999,-0.84833989846243152
128.53399999999999,-0.84715974234639424
128.535,-0.84598149726275207
128.536,-0.84480514663858974
128.53700000000001,-0.84363067387246871
128.53800000000001,-0.84245806233478304
128.53899999999999,-0.84128729536809466
128.53999999999999,-0.8401183562874911
128.541,-0.83895122838092884
128.542,-0.83778589490959199
128.54300000000001,-0.83662233910822703
128.54400000000001,-0.8354605441855022
128.54499999999999,-0.83430049332435896
128.54599999999999,-0.83314216968235422
128.547,-0.83198555639201299
128.548,-0.83083063656118683
128.54900000000001,-0.82967739327339252
128.55000000000001,-0.82852580958816735
128.55099999999999,-0.82737586854142708
128.55199999999999,-0.82622755314580609
128.553,-0.8250808463910122
128.554,-0.82393573124418573
128.55500000000001,-0.82279219065023912
128.55600000000001,-0.82165020753221607
128.55699999999999,-0.82050976479164062
128.55799999999999,-0.81937084530887283
128.559,-0.81823343194345599
128.56,-0.81709750753446753
128.56100000000001,-0.81596305490088039
128.56200000000001,-0.81483005684190579
128.56299999999999,-0.81369849613734546
128.56399999999999,-0.81256835554795603
128.565,-0.81143961781578522
128.566,-0.81031226566453185
128.56700000000001,-0.80918628179990448
128.56800000000001,-0.80806164890996224
128.56899999999999,-0.80693834966547096
128.56999999999999,-0.80581636672026535
128.571,-0.80469568271158565
128.572,-0.80357628026044003
128.57300000000001,-0.80245814197195253
128.57400000000001,-0.80134125043572513
128.57499999999999,-0.80022558822617351
128.57599999999999,-0.79911113790289123
128.577,-0.79799788201100119
128.578,-0.7968858030815027
128.57900000000001,-0.79577488363162407
128.58000000000001,-0.7946651061651826
128.58099999999999,-0.79355645317292478
128.58199999999999,-0.79244890713288196
128.583,-0.79134245051073171
128.584,-0.7902370657601312
128.58500000000001,-0.78913273532308115
128.58600000000001,-0.78802944163027777
128.58699999999999,-0.78692716710145416
128.58799999999999,-0.78582589414573811
128.589,-0.78472560516200041
128.59,-0.78362628253920941
128.59100000000001,-0.78252790865677402
128.59200000000001,-0.78143046588489651
128.59299999999999,-0.78033393658492844
128.59399999999999,-0.77923830310970943
128.595,-0.7781435478039207
128.596,-0.7770496530044444
128.59700000000001,-0.77595660104069242
128.59800000000001,-0.7748643742349699
128.59899999999999,-0.77377295490282383
128.59999999999999,-0.77268232535337966
128.601,-0.77159246788969771
128.602,-0.7705033648091224
128.60300000000001,-0.76941499840362249
128.60399999999998,-0.76832735096014093
128.60499999999999,-0.76724040476094002
128.60599999999999,-0.7661541420839546
128.607,-0.7650685452031285
128.608,-0.76398359638875912
128.60900000000001,-0.76289927790785761
128.61000000000001,-0.76181557202447348
128.61099999999999,-0.76073246100005132
128.61199999999999,-0.75964992709377643
128.613,-0.75856795256290743
128.614,-0.75748651966312674
128.61500000000001,-0.75640561064888745
128.61599999999999,-0.75532520777374568
128.61699999999999,-0.75424529329070755
128.61799999999999,-0.75316584945257437
128.619,-0.75208685851227597
128.62,-0.75100830272321684
128.62100000000001,-0.74993016433961124
128.62200000000001,-0.74885242561683318
128.62299999999999,-0.74777506881174238
128.624,-0.7466980761830283
128.625,-0.74562142999155578
128.626,-0.74454511250069078
128.62700000000001,-0.74346910597664095
128.62799999999999,-0.74239339268880156
128.62899999999999,-0.7413179549100769
128.63,-0.74024277491722579
128.631,-0.73916783499119654
128.63200000000001,-0.73809311741745587
128.63300000000001,-0.73701860448632683
128.63400000000001,-0.73594427849331834
128.63499999999999,-0.73487012173946875
128.636,-0.73379611653166255
128.637,-0.73272224518297135
128.63800000000001,-0.73164849001298848
128.63900000000001,-0.73057483334814699
128.63999999999999,-0.72950125752205841
128.64099999999999,-0.72842774487584594
128.642,-0.72735427775846062
128.643,-0.72628083852701608
128.64400000000001,-0.72520740954712193
128.64500000000001,-0.72413397319319828
128.64600000000002,-0.72306051184880649
128.64699999999999,-0.72198700790698311
128.648,-0.72091344377054944
128.649,-0.71983980185244478
128.65000000000001,-0.71876606457604808
128.65100000000001,-0.71769221437550335
128.65199999999999,-0.71661823369603428
128.65299999999999,-0.71554410499426879
128.654,-0.71446981073856652
128.655,-0.71339533340932459
128.65600000000001,-0.71232065549930712
128.65700000000001,-0.71124575951396296
128.65799999999999,-0.71017062797173702
128.65899999999999,-0.70909524340438923
128.66,-0.7080195883573186
128.661,-0.70694364538986521
128.66200000000001,-0.70586739707563084
128.66300000000001,-0.70479082600279797
128.66399999999999,-0.70371391477443312
128.66499999999999,-0.7026366460088036
128.666,-0.70155900233968604
128.667,-0.700480966416686
128.66800000000001,-0.69940252090553301
128.66900000000001,-0.69832364848839856
128.66999999999999,-0.69724433186420587
128.67099999999999,-0.69616455374892905
128.672,-0.69508429687590279
128.673,-0.69400354399613451
128.67400000000001,-0.69292227787859684
128.67500000000001,-0.69184048131053766
128.67599999999999,-0.69075813709778755
128.67699999999999,-0.68967522806505199
128.678,-0.68859173705621479
128.679,-0.68750764693464883
128.68000000000001,-0.68642294058349829
128.68100000000001,-0.68533760090598927
128.68199999999999,-0.68425161082572106
128.68299999999999,-0.68316495328697036
128.684,-0.68207761125497512
128.685,-0.68098956771623631
128.68600000000001,-0.67990080567881528
128.68700000000001,-0.67881130817261792
128.68799999999999,-0.67772105824968798
128.68899999999999,-0.67663003898450891
128.69,-0.67553823347427566
128.691,-0.67444562483919768
128.69200000000001,-0.67335219622278353
128.69300000000001,-0.67225793079212348
128.69399999999999,-0.67116281173817716
128.69499999999999,-0.67006682227606662
128.696,-0.66896994564534573
128.697,-0.66787216511029546
128.69800000000001,-0.66677346396019765
128.69900000000001,-0.66567382550962573
128.69999999999999,-0.66457323309871286
128.70099999999999,-0.66347167009343666
128.702,-0.66236911988590175
128.703,-0.66126556589460717
128.70400000000001,-0.66016099156472552
128.70500000000001,-0.6590553803683854
128.70599999999999,-0.65794871580493253
128.70699999999999,-0.65684098140120772
128.708,-0.65573216071182694
128.709,-0.65462223731943547
128.71000000000001,-0.65351119483498854
128.71100000000001,-0.65239901689801982
128.71199999999999,-0.65128568717690294
128.71299999999999,-0.65017118936912088
128.714,-0.64905550720152849
128.715,-0.64793862443062578
128.71600000000001,-0.6468205248428065
128.71700000000001,-0.64570119225462763
128.71799999999999,-0.64458061051307669
128.71899999999999,-0.64345876349581543
128.72,-0.6423356351114492
128.721,-0.64121120929978725
128.72200000000001,-0.64008547003208682
128.72300000000001,-0.63895840131131543
128.72399999999999,-0.63782998717241013
128.72499999999999,-0.63670021168251889
128.726,-0.63556905894125559
128.727,-0.63443651308096161
128.72800000000001,-0.63330255826693649
128.72899999999998,-0.63216717869769989
128.72999999999999,-0.63103035860522994
128.73099999999999,-0.62989208225522153
128.732,-0.62875233394731389
128.733,-0.62761109801534409
128.73400000000001,-0.62646835882759366
128.73500000000001,-0.62532410078701595
128.73599999999999,-0.62417830833148713
128.73699999999999,-0.62303096593404339
128.738,-0.62188205810311237
128.739,-0.62073156938275309
128.74000000000001,-0.61957948435289678
128.74099999999999,-0.61842578762957046
128.74199999999999,-0.6172704638651314
128.74299999999999,-0.61611349774851076
128.744,-0.61495487400542537
128.745,-0.61379457739861887
128.74600000000001,-0.61263259272808268
128.74700000000001,-0.61146890483129468
128.74799999999999,-0.61030349858342547
128.749,-0.60913635889757611
128.75,-0.60796747072500157
128.751,-0.60679681905532101
128.75200000000001,-0.60562438891674608
128.75299999999999,-0.60445016537630492
128.75399999999999,-0.60327413354004511
128.755,-0.60209627855326242
128.756,-0.60091658560071382
128.75700000000001,-0.59973503990682808
128.75800000000001,-0.59855162673591811
128.75900000000001,-0.59736633139239592
128.75999999999999,-0.59617913922098409
128.761,-0.59499003560691799
128.762,-0.59379900597615554
128.76300000000001,-0.59260603579559179
128.76400000000001,-0.59141111057325146
128.76499999999999,-0.59021421585849598
128.76599999999999,-0.58901533724223731
128.767,-0.5878144603571207
128.768,-0.58661157087773719
128.76900000000001,-0.58540665452082064
128.77000000000001,-0.5841996970454405
128.77100000000002,-0.58299068425319789
128.77199999999999,-0.58177960198842948
128.773,-0.58056643613838732
128.774,-0.57935117263343927
128.77500000000001,-0.57813379744725535
128.77600000000001,-0.57691429659700677
128.77699999999999,-0.57569265614353871
128.77799999999999,-0.5744688621915659
128.779,-0.57324290088986252
128.78,-0.57201475843143523
128.78100000000001,-0.57078442105371086
128.78200000000001,-0.56955187503872584
128.78299999999999,-0.56831710671329183
128.78399999999999,-0.56708010244918039
128.785,-0.56584084866330964
128.786,-0.56459933181790467
128.78700000000001,-0.56335553842068087
128.78800000000001,-0.56210945502502163
128.78899999999999,-0.56086106823013993
128.78999999999999,-0.55961036468125569
128.791,-0.55835733106976149
128.792,-0.55710195413339991
128.79300000000001,-0.55584422065641736
128.79400000000001,-0.55458411746973291
128.79499999999999,-0.55332163145111379
128.79599999999999,-0.55205674952532202
128.797,-0.55078945866428086
128.798,-0.54951974588724617
128.79900000000001,-0.54824759826094749
128.80000000000001,-0.54697300289975193
128.80099999999999,-0.54569594696583001
128.80199999999999,-0.5444164176692956
128.803,-0.54313440226836329
128.804,-0.54184988806950984
128.80500000000001,-0.54056286242761098
128.80600000000001,-0.53927331274609802
128.80699999999999,-0.53798122647710245
128.80799999999999,-0.53668659112160944
128.809,-0.53538939422959408
128.81,-0.53408962340016575
128.81100000000001,-0.53278726628172168
128.81200000000001,-0.53148231057207129
128.81299999999999,-0.53017474401858566
128.81399999999999,-0.52886455441834057
128.815,-0.52755172961824115
128.816,-0.52623625751516168
128.81700000000001,-0.52491812605608912
128.81800000000001,-0.52359732323824182
128.81899999999999,-0.52227383710920772
128.81999999999999,-0.52094765576708035
128.821,-0.51961876736057422
128.822,-0.51828716008916276
128.82300000000001,-0.51695282220319827
128.82400000000001,-0.51561574200404636
128.82499999999999,-0.51427590784419386
128.82599999999999,-0.51293330812738125
128.827,-0.51158793130872604
128.828,-0.51023976589483178
128.82900000000001,-0.50888880044390883
128.83000000000001,-0.50753502356590152
128.83099999999999,-0.50617842392258849
128.83199999999999,-0.50481899022770149
128.833,-0.50345671124704683
128.834,-0.50209157579860153
128.83500000000001,-0.50072357275262913
128.83600000000001,-0.4993526910317978
128.83699999999999,-0.49797891961127161
128.83799999999999,-0.49660224751882365
128.839,-0.49522266383493974
128.84,-0.49384015769292677
128.84100000000001,-0.49245471827900233
128.84200000000001,-0.49106633483240192
128.84299999999999,-0.4896749966454842
128.84399999999999,-0.48828069306381361
128.845,-0.48688341348626729
128.846,-0.48548314736513143
128.84700000000001,-0.48407988420618553
128.84800000000001,-0.48267361356879668
128.84899999999999,-0.48126432506602512
128.84999999999999,-0.47985200836468955
128.851,-0.47843665318547091
128.852,-0.47701824930300085
128.85300000000001,-0.47559678654593596
128.85399999999998,-0.47417225479704972
128.85499999999999,-0.47274464399331051
128.85599999999999,-0.47131394412597361
128.857,-0.46988014524064703
128.858,-0.46844323743737493
128.85900000000001,-0.46700321087072549
128.86000000000001,-0.46556005574985238
128.86099999999999,-0.46411376233857138
128.86199999999999,-0.46266432095544974
128.863,-0.46121172197385563
128.864,-0.45975595582204287
128.86500000000001,-0.45829701298322312
128.86599999999999,-0.45683488399562067
128.86699999999999,-0.45536955945254698
128.86799999999999,-0.45390103000247495
128.869,-0.4524292863490843
128.87,-0.45095431925134
128.87100000000001,-0.44947611952354349
128.87200000000001,-0.44799467803540671
128.87299999999999,-0.44650998571209333
128.874,-0.4450220335342876
128.875,-0.44353081253825388
128.876,-0.44203631381587949
128.87700000000001,-0.44053852851473663
128.87799999999999,-0.43903744783813936
128.87899999999999,-0.43753306304518358
128.88,-0.43602536545080128
128.881,-0.43451434642581777
128.88200000000001,-0.43299999739698647
128.88300000000001,-0.43148230984704017
128.88400000000001,-0.42996127531473471
128.88499999999999,-0.4284368853949021
128.886,-0.426909131738476
128.887,-0.42537800605254117
128.88800000000001,-0.42384350010038319
128.88900000000001,-0.42230560570150788
128.88999999999999,-0.42076431473168652
128.89099999999999,-0.41921961912300443
128.892,-0.41767151086387333
128.893,-0.41611998199907796
128.89400000000001,-0.41456502462981371
128.89500000000001,-0.41300663091370204
128.89600000000002,-0.41144479306482906
128.89699999999999,-0.40987950335378032
128.898,-0.40831075410765494
128.899,-0.4067385377100986
128.90000000000001,-0.40516284660132584
128.90100000000001,-0.40358367327815492
128.90199999999999,-0.40200101029401047
128.90299999999999,-0.4004148502589564
128.904,-0.39882518583972204
128.905,-0.39723200975970641
128.90600000000001,-0.39563531479899983
128.90700000000001,-0.39403509379441437
128.90799999999999,-0.39243133963947763
128.90899999999999,-0.39082404528445702
128.91,-0.38921320373638069
128.911,-0.38759880805903191
128.91200000000001,-0.385980851372969
128.91300000000001,-0.38435932685554031
128.91399999999999,-0.38273422774087962
128.91499999999999,-0.38110554731991853
128.916,-0.3794732789403924
128.917,-0.37783741600685206
128.91800000000001,-0.37619795198065087
128.91900000000001,-0.37455488037995799
128.91999999999999,-0.37290819477976322
128.92099999999999,-0.37125788881186461
128.922,-0.36960395616487385
128.923,-0.36794639058421963
128.92400000000001,-0.36628518587213132
128.92500000000001,-0.36462033588764153
128.92599999999999,-0.36295183454658597
128.92699999999999,-0.36127967582158427
128.928,-0.3596038537420353
128.929,-0.35792436239412018
128.93000000000001,-0.35624119592077419
128.93100000000001,-0.3545543485216851
128.93199999999999,-0.35286381445327752
128.93299999999999,-0.3511695880287069
128.934,-0.34947166361783288
128.935,-0.34777003564720599
128.93600000000001,-0.34606469860006395
128.93700000000001,-0.3443556470162954
128.93799999999999,-0.34264287549242867
128.93899999999999,-0.34092637868161924
128.94,-0.33920615129361409
128.941,-0.33748218809473507
128.94200000000001,-0.33575448390786511
128.94300000000001,-0.33402303361241037
128.94399999999999,-0.33228783214427549
128.94499999999999,-0.33054887449585246
128.946,-0.3288061557159726
128.947,-0.32705967090989119
128.94800000000001,-0.32530941523925061
128.94900000000001,-0.32355538392206074
128.94999999999999,-0.32179757223265248
128.95099999999999,-0.32003597550165175
128.952,-0.31827058911595418
128.953,-0.31650140851867414
128.95400000000001,-0.31472842920911626
128.95500000000001,-0.31295164674274922
128.95599999999999,-0.31117105673114998
128.95699999999999,-0.3093866548419707
128.958,-0.30759843679891374
128.959,-0.30580639838166801
128.96000000000001,-0.3040105354258773
128.96100000000001,-0.30221084382311048
128.96199999999999,-0.30040731952079403
128.96299999999999,-0.29859995852218235
128.964,-0.29678875688630713
128.965,-0.29497371072794076
128.96600000000001,-0.29315481621753192
128.96700000000001,-0.29133206958116731
128.96799999999999,-0.28950546710052938
128.96899999999999,-0.28767500511282673
128.97,-0.28584068001075735
128.971,-0.28400248824245933
128.97200000000001,-0.28216042631144522
128.97300000000001,-0.28031449077655057
128.97399999999999,-0.2784646782518968
128.97499999999999,-0.27661098540680829
128.976,-0.27475340896577216
128.977,-0.27289194570838515
128.97800000000001,-0.27102659246927896
128.97899999999998,-0.26915734613807196
128.97999999999999,-0.26728420365930461
128.98099999999999,-0.26540716203239001
128.982,-0.26352621831153344
128.983,-0.26164136960567652
128.98400000000001,-0.25975261307844755
128.98500000000001,-0.25785994594807482
128.98599999999999,-0.2559633654873319
128.98699999999999,-0.25406286902348119
128.988,-0.25215845393818681
128.989,-0.25025011766745764
128.99000000000001,-0.24833785770158912
128.99099999999999,-0.24642167158507
128.99199999999999,-0.24450155691652808
128.99299999999999,-0.2425775113486649
128.994,-0.24064953258816502
128.995,-0.23871761839563677
128.99600000000001,-0.23678176658553229
128.99700000000001,-0.23484197502608672
128.99799999999999,-0.23289824163922357
128.999,-0.23095056440048856
129,-0.22899894133898258
129.001,-0.22704337053726487
129.00200000000001,-0.22508385013128529
129.00299999999999,-0.22312037831031684
129.00399999999999,-0.22115295331685181
129.005,-0.21918157344653777
129.006,-0.21720623704810083
129.00700000000001,-0.21522694252324803
129.00800000000001,-0.21324368832659624
129.00900000000001,-0.2112564729655817
129.00999999999999,-0.20926529500039259
129.011,-0.20727015304386309
129.012,-0.20527104576139443
129.01300000000001,-0.20326797187088608
129.01400000000001,-0.2012609301426227
129.01499999999999,-0.19924991939920056
129.01599999999999,-0.19723493851544971
129.017,-0.1952159864183225
129.018,-0.19319306208681675
129.01900000000001,-0.19116616455189617
129.02000000000001,-0.18913529289637776
129.02100000000002,-0.18710044625485189
129.02199999999999,-0.18506162381360147
129.023,-0.18301882481048626
129.024,-0.18097204853486759
129.02500000000001,-0.17892129432750248
129.02600000000001,-0.17686656158047021
129.02699999999999,-0.17480784973704877
129.02799999999999,-0.17274515829163573
129.029,-0.17067848678965936
129.03,-0.16860783482746378
129.03100000000001,-0.16653320205221711
129.03200000000001,-0.16445458816183112
129.03299999999999,-0.16237199290483606
129.03399999999999,-0.16028541608029367
129.035,-0.15819485753771012
129.036,-0.15610031717691242
129.03700000000001,-0.15400179494795951
129.03800000000001,-0.15189929085105214
129.03899999999999,-0.1497928049364079
129.03999999999999,-0.14768233730417535
129.041,-0.1455678881043222
129.042,-0.14344945753654881
129.04300000000001,-0.14132704585016087
129.04400000000001,-0.13920065334397513
129.04499999999999,-0.13707028036622737
129.04599999999999,-0.13493592731444493
129.047,-0.1327975946353519
129.048,-0.13065528282477201
129.04900000000001,-0.12850899242750269
129.05000000000001,-0.12635872403721604
129.05099999999999,-0.12420447829636538
129.05199999999999,-0.12204625589605145
129.053,-0.11988405757592857
129.054,-0.11771788412410222
129.05500000000001,-0.115547736377002
129.05600000000001,-0.11337361521928413
129.05699999999999,-0.11119552158371282
129.05799999999999,-0.10901345645106664
129.059,-0.10682742085000407
129.06,-0.10463741585696196
129.06100000000001,-0.10244344259605609
129.06200000000001,-0.10024550223894702
129.06299999999999,-0.098043596004735889
129.06399999999999,-0.095837725159864773
129.065,-0.09362789101798108
129.066,-0.091414094939831658
129.06700000000001,-0.089196338333163538
129.06800000000001,-0.086974622652584488
129.06899999999999,-0.084748949399459317
129.06999999999999,-0.082519320121808182
129.071,-0.080285736414165587
129.072,-0.078048199917478689
129.07300000000001,-0.075806712318987168
129.07400000000001,-0.073561275352118871
129.07499999999999,-0.071311890796351696
129.07599999999999,-0.069058560477104347
129.077,-0.066801286265635085
129.078,-0.064540070078896061
129.07900000000001,-0.062274913879430738
129.08000000000001,-0.060005819675262861
129.08099999999999,-0.057732789519759464
129.08199999999999,-0.05545582551151651
129.083,-0.053174929794258974
129.084,-0.050890104556694071
129.08500000000001,-0.048601352032397793
129.08600000000001,-0.046308674499718538
129.08699999999999,-0.044012074281623015
129.08799999999999,-0.041711553745594765
129.089,-0.039407115303504936
129.09,-0.03709876141151125
129.09100000000001,-0.034786494569903681
129.09200000000001,-0.032470317323003428
129.09299999999999,-0.030150232259049892
129.09399999999999,-0.027826242010054569
129.095,-0.025498349251689589
129.096,-0.023166556703180685
129.09700000000001,-0.020830867127158204
129.09800000000001,-0.018491283329546082
129.09899999999999,-0.01614780815945327
129.09999999999999,-0.013800444509024512
129.101,-0.011449195313327998
129.102,-0.0090940635502487766
129.10300000000001,-0.0067350522403366586
129.10399999999998,-0.004372164446697635
129.10499999999999,-0.0020054032748673123
129.10599999999999,0.00036522812730210852
129.107,0.0027397265697852724
129.108,0.0051180888205040187
129.10900000000001,0.0075003116054301877
129.11000000000001,0.0098863916087397197
129.11099999999999,0.012276325472925231
129.11199999999999,0.01467010979890615
129.113,0.017067741146179483
129.114,0.019469216032934167
129.11500000000001,0.021874530936158543
129.11599999999999,0.024283682291796893
129.11699999999999,0.026696666494857135
129.11799999999999,0.029113479899526507
129.119,0.031534118819320112
129.12,0.033958579527188837
129.12100000000001,0.036386858255657906
129.12200000000001,0.038818951196930573
129.12299999999999,0.04125485450304045
129.124,0.043694564285965853
129.125,0.046138076617739054
129.126,0.048585387530602819
129.12700000000001,0.051036493017119655
129.12799999999999,0.05349138903028483
129.12899999999999,0.05595007148367781
129.13,0.058412536251577274
129.131,0.060878779169070807
129.13200000000001,0.063348796032208554
129.13300000000001,0.065822582598112245
129.13400000000001,0.06830013458510753
129.13499999999999,0.070781447672831677
129.136,0.073266517502388773
129.137,0.075755339676460309
129.13800000000001,0.078247909759416645
129.13900000000001,0.080744223277469773
129.13999999999999,0.083244275718787453
129.14099999999999,0.085748062533600899
129.142,0.088255579134362883
129.143,0.090766820895853861
129.14400000000001,0.093281783155297671
129.14500000000001,0.095800461212511179
129.14600000000002,0.098322850330019085
129.14699999999999,0.10084894573316183
129.148,0.10337874261024904
129.149,0.10591223611266876
129.15000000000001,0.1084494213550169
129.15100000000001,0.11099029341520739
129.15199999999999,0.11353484733462205
129.15299999999999,0.11608307811822138
129.154,0.11863498073465717
129.155,0.12119055011642188
129.15600000000001,0.12374978115996105
129.15700000000001,0.12631266872578051
129.15799999999999,0.1288792076386005
129.15899999999999,0.13144939268746669
129.16,0.13402321862585498
129.161,0.13660068017182891
129.16200000000001,0.13918177200814186
129.16300000000001,0.14176648878235421
129.16399999999999,0.14435482510697661
129.16499999999999,0.14694677555958036
129.166,0.14954233468292588
129.167,0.15214149698506563
129.16800000000001,0.15474425693949856
129.16900000000001,0.15735060898527542
129.16999999999999,0.15996054752710243
129.17099999999999,0.16257406693550158
129.172,0.16519116154690838
129.173,0.16781182566378261
129.17400000000001,0.17043605355475888
129.17500000000001,0.1730638394547519
129.17599999999999,0.17569517756506059
129.17699999999999,0.17833006205352242
129.178,0.18096848705461621
129.179,0.18361044666956583
129.18000000000001,0.18625593496649251
129.18100000000001,0.18890494598051299
129.18199999999999,0.19155747371386833
129.18299999999999,0.19421351213602467
129.184,0.19687305518381959
129.185,0.19953609676156936
129.18600000000001,0.20220263074116707
129.18700000000001,0.20487265096223428
129.18799999999999,0.2075461512322232
129.18899999999999,0.21022312532651988
129.19,0.21290356698858637
129.191,0.21558746993007083
129.19200000000001,0.21827482783090191
129.19300000000001,0.22096563433943905
129.19399999999999,0.22365988307257267
129.19499999999999,0.22635756761582448
129.196,0.22905868152349251
129.197,0.23176321831874747
129.19800000000001,0.23447117149375707
129.19900000000001,0.23718253450977933
129.19999999999999,0.23989730079730864
129.20099999999999,0.24261546375617571
129.202,0.24533701675564035
129.203,0.24806195313454116
129.20400000000001,0.250790266201393
129.20500000000001,0.25352194923447824
129.20599999999999,0.25625699548199599
129.20699999999999,0.25899539816215622
129.208,0.26173715046327617
129.209,0.26448224554392064
129.21000000000001,0.2672306765330017
129.21100000000001,0.26998243652986953
129.21199999999999,0.27273751860445516
129.21299999999999,0.27549591579735999
129.214,0.27825762111997521
129.215,0.28102262755456997
129.21600000000001,0.28379092805443196
129.21700000000001,0.2865625155439584
129.21799999999999,0.28933738291875022
129.21899999999999,0.29211552304575128
129.22,0.29489692876333606
129.221,0.29768159288140694
129.22200000000001,0.30046950818152607
129.22300000000001,0.30326066741700841
129.22399999999999,0.30605506331301457
129.22499999999999,0.30885268856668069
129.226,0.31165353584721278
129.227,0.31445759779597426
129.22800000000001,0.31726486702661982
129.22899999999998,0.32007533612518002
129.22999999999999,0.32288899765017542
129.23099999999999,0.32570584413269477
129.232,0.32852586807653417
129.233,0.33134906195827729
129.23400000000001,0.33417541822738683
129.23500000000001,0.33700492930633219
129.23599999999999,0.33983758759067806
129.23699999999999,0.34267338544916814
129.238,0.34551231522385351
129.239,0.34835436923018137
129.24000000000001,0.3511995397570733
129.24099999999999,0.35404781906705618
129.24199999999999,0.35689919939634862
129.24299999999999,0.35975367295493799
129.244,0.36261123192671163
129.245,0.36547186846952839
129.24600000000001,0.36833557471533229
129.24700000000001,0.37120234277022313
129.24799999999999,0.37407216471458171
129.249,0.37694503260315182
129.25,0.37982093846511877
129.251,0.38269987430423202
129.25200000000001,0.3855818320988873
129.25299999999999,0.38846680380219945
129.25399999999999,0.39135478134212875
129.255,0.39424575662155581
129.256,0.39713972151836119
129.25700000000001,0.40003666788553982
129.25800000000001,0.4029365875512807
129.25900000000001,0.40583947231906015
129.25999999999999,0.4087453139677133
129.261,0.41165410425155313
129.262,0.41456583490044574
129.26300000000001,0.41748049761988182
129.26400000000001,0.42039808409109258
129.26499999999999,0.42331858597112615
129.26599999999999,0.42624199489291548
129.267,0.42916830246539694
129.268,0.43209750027358074
129.26900000000001,0.4350295798786179
129.27000000000001,0.43796453281791825
129.27100000000002,0.44090235060522009
129.27199999999999,0.44384302473065507
129.273,0.44678654666086604
129.274,0.44973290783906483
129.27500000000001,0.4526820996851284
129.27600000000001,0.45563411359565698
129.27699999999999,0.45858894094408842
129.27799999999999,0.46154657308076219
129.279,0.46450700133298395
129.28,0.46747021700513547
129.28100000000001,0.4704362113787377
129.28200000000001,0.47340497571251849
129.28299999999999,0.47637650124251363
129.28399999999999,0.47935077918213453
129.285,0.48232780072222936
129.286,0.48530755703118755
129.28700000000001,0.48829003925500225
129.28800000000001,0.49127523851733002
129.28899999999999,0.49426314591959475
129.28999999999999,0.49725375254104454
129.291,0.50024704943883402
129.292,0.50324302764807527
129.29300000000001,0.50624167818194432
129.29400000000001,0.50924299203173629
129.29499999999999,0.51224696016692217
129.29599999999999,0.51525357353524859
129.297,0.51826282306279792
129.298,0.52127469965403739
129.29900000000001,0.52428919419192188
129.30000000000001,0.52730629753794944
129.30099999999999,0.53032600053220769
129.30199999999999,0.53334829399348171
129.303,0.53637316871929852
129.304,0.53940061548598139
129.30500000000001,0.54243062504874651
129.30600000000001,0.54546318814174799
129.30699999999999,0.54849829547815365
129.30799999999999,0.55153593775019072
129.309,0.55457610562923509
129.31,0.55761878976586621
129.31100000000001,0.56066398078991053
129.31200000000001,0.56371166931053596
129.31299999999999,0.56676184591629886
129.31399999999999,0.56981450117518895
129.315,0.57286962563472121
129.316,0.57592720982198076
129.31700000000001,0.57898724424366788
129.31800000000001,0.58204971938618777
129.31899999999999,0.5851146257156925
129.31999999999999,0.58818195367812498
129.321,0.59125169369930686
129.322,0.59432383618497586
129.32300000000001,0.59739837152085085
129.32400000000001,0.60047529007266842
129.32499999999999,0.60355458218626845
129.32599999999999,0.60663623818763424
129.327,0.60972024838293137
129.328,0.6128066030585908
129.32900000000001,0.61589529248134789
129.33000000000001,0.61898630689828016
129.33099999999999,0.62207963653689036
129.33199999999999,0.62517527160513886
129.333,0.62827320229148365
129.334,0.63137341876496178
129.33500000000001,0.63447591117522117
129.33600000000001,0.63758066965255433
129.33699999999999,0.64068768430798206
129.33799999999999,0.64379694523327702
129.339,0.64690844250102364
129.34,0.65002216616464481
129.34100000000001,0.65313810625847912
129.34200000000001,0.65625625279781286
129.34299999999999,0.65937659577890662
129.34399999999999,0.66249912517907639
129.345,0.66562383095671862
129.346,0.66875070305134088
129.34700000000001,0.67187973138363533
129.34800000000001,0.67501090585550672
129.34899999999999,0.67814421635009992
129.34999999999999,0.68127965273187074
129.351,0.68441720484661595
129.352,0.68755686252149184
129.35300000000001,0.69069861556509315
129.35399999999998,0.69384245376746767
129.35499999999999,0.69698836690016686
129.35599999999999,0.70013634471626363
129.357,0.70328637695042384
129.358,0.70643845331892452
129.35900000000001,0.70959256351967892
129.36000000000001,0.71274869723230205
129.36099999999999,0.71590684411813399
129.36199999999999,0.71906699382025674
129.363,0.72222913596356486
129.364,0.72539326015477745
129.36500000000001,0.72855935598246546
129.36599999999999,0.73172741301710809
129.36699999999999,0.73489742081111831
129.36799999999999,0.73806936889885333
129.369,0.74124324679667986
129.37,0.74441904400298808
129.37100000000001,0.74759674999822834
129.37200000000001,0.75077635424492351
129.37299999999999,0.75395784618773032
129.374,0.75714121525345313
129.375,0.76032645085105588
129.376,0.76351354237172453
129.37700000000001,0.76670247918887879
129.37799999999999,0.76989325065818104
129.37899999999999,0.77308584611760001
129.38,0.77628025488741814
129.381,0.77947646627024247
129.38200000000001,0.78267446955106212
129.38300000000001,0.78587425399725364
129.38400000000001,0.78907580885861583
129.38499999999999,0.79227912336736894
129.386,0.79548418673821741
129.387,0.79869098816835238
129.38800000000001,0.80189951683745742
129.38900000000001,0.8051097619077674
129.38999999999999,0.80832171252407048
129.39099999999999,0.81153535781371633
129.392,0.81475068688666785
129.393,0.81796768883550364
129.39400000000001,0.82118635273542706
129.39500000000001,0.82440666764431159
129.39600000000002,0.82762862260271053
129.39699999999999,0.8308522066338524
129.398,0.83407740874369929
129.399,0.83730421792093668
129.40000000000001,0.84053262313700472
129.40100000000001,0.8437626133460927
129.40199999999999,0.84699417748518879
129.40299999999999,0.85022730447407713
129.404,0.85346198321534206
129.405,0.85669820259441121
129.40600000000001,0.8599359514795557
129.40700000000001,0.86317521872188929
129.40799999999999,0.86641599315541273
129.40899999999999,0.86965826359701182
129.41,0.87290201884645513
129.411,0.87614724768643892
129.41200000000001,0.87939393888258111
129.41300000000001,0.88264208118341902
129.41399999999999,0.88589166332045322
129.41499999999999,0.88914267400813607
129.416,0.89239510194389204
129.417,0.89564893580810878
129.41800000000001,0.89890416426417818
129.41900000000001,0.9021607759584902
129.41999999999999,0.90541875952042261
129.42099999999999,0.90867810356238721
129.422,0.91193879667981781
129.423,0.9152008274511636
129.42400000000001,0.91846418443792865
129.42500000000001,0.92172885618466349
129.42599999999999,0.92499483121895354
129.42699999999999,0.92826209805146132
129.428,0.93153064517591444
129.429,0.93480046106909143
129.43000000000001,0.93807153419086831
129.43100000000001,0.94134385298419332
129.43199999999999,0.94461740587510779
129.43299999999999,0.94789218127272168
129.434,0.95116816756926204
129.435,0.95444535314004808
129.43600000000001,0.95772372634348502
129.43700000000001,0.96100327552109599
129.43799999999999,0.96428398899751322
129.43899999999999,0.96756585508045756
129.44,0.97084886206077758
129.441,0.97413299821243315
129.44200000000001,0.97741825179247943
129.44300000000001,0.98070461104110418
129.44399999999999,0.98399206418160734
129.44499999999999,0.98728059942038593
129.446,0.99057020494697134
129.447,0.99386086893400094
129.44800000000001,0.99715257953723446
129.44900000000001,1.0004453248955225
129.44999999999999,1.0037390931308483
129.45099999999999,1.0070338723483041
129.452,1.0103296506360731
129.453,1.0136264160654607
129.45400000000001,1.0169241566908802
129.45500000000001,1.0202228605498234
129.45599999999999,1.0235225156629024
129.45699999999999,1.0268231100338241
129.458,1.0301246316493655
129.459,1.0334270684794147
129.46000000000001,1.0367304084769424
129.46100000000001,1.0400346395779816
129.46199999999999,1.0433397497016563
129.46299999999999,1.0466457267501612
129.464,1.0499525586087599
129.465,1.0532602331457577
129.46600000000001,1.0565687382125368
129.46700000000001,1.0598780616435288
129.46799999999999,1.0631881912561894
129.46899999999999,1.0664991148510334
129.47,1.0698108202116052
129.471,1.0731232951044607
129.47200000000001,1.0764365272791876
129.47300000000001,1.079750504468389
129.47399999999999,1.0830652143876565
129.47499999999999,1.0863806447355921
129.476,1.0896967831937929
129.477,1.0930136174268181
129.47800000000001,1.0963311350822211
129.47899999999998,1.0996493237905152
129.47999999999999,1.1029681711651782
129.48099999999999,1.1062876648026205
129.482,1.1096077922822132
129.483,1.1129285411662564
129.48400000000001,1.1162498989999623
129.48500000000001,1.1195718533114709
129.48599999999999,1.1228943916118315
129.48699999999999,1.1262175013949705
129.488,1.1295411701377187
129.489,1.1328653852997865
129.49000000000001,1.1361901343237344
129.49099999999999,1.1395154046349965
129.49199999999999,1.1428411836418557
129.49299999999999,1.1461674587354165
129.494,1.1494942172896279
129.495,1.1528214466612501
129.49600000000001,1.1561491341898562
129.49700000000001,1.1594772671977993
129.49799999999999,1.1628058329902333
129.499,1.1661348188550886
129.5,1.169464212063045
129.501,1.1727939998675478
129.50200000000001,1.1761241695047877
129.50299999999999,1.1794547081936693
129.50399999999999,1.1827856031358341
129.505,1.1861168415156307
129.506,1.1894484105000922
129.50700000000001,1.1927802972389498
129.50800000000001,1.1961124888646073
129.50900000000001,1.1994449724921377
129.50999999999999,1.202777735219247
129.511,1.2061107641262985
129.512,1.2094440462762859
129.51300000000001,1.2127775687148024
129.51400000000001,1.2161113184700625
129.51499999999999,1.2194452825528757
129.51599999999999,1.2227794479566163
129.517,1.2261138016572453
129.518,1.2294483306132831
129.51900000000001,1.2327830217657811
129.52000000000001,1.2361178620383395
129.52100000000002,1.2394528383370869
129.52199999999999,1.2427879375506428
129.523,1.2461231465501434
129.524,1.2494584521892111
129.52500000000001,1.2527938413039501
129.52600000000001,1.2561293007129088
129.52699999999999,1.2594648172171095
129.52799999999999,1.2628003776000174
129.529,1.2661359686275069
129.53,1.2694715770478915
129.53100000000001,1.2728071895918927
129.53200000000001,1.276142792972609
129.53299999999999,1.2794783738855409
129.53399999999999,1.2828139190085635
129.535,1.2861494150018959
129.536,1.2894848485081263
129.53700000000001,1.2928202061521832
129.53800000000001,1.2961554745413051
129.53899999999999,1.2994906402650694
129.53999999999999,1.3028256898953501
129.541,1.3061606099863283
129.542,1.3094953870744535
129.54300000000001,1.3128300076784636
129.54400000000001,1.3161644582993679
129.54499999999999,1.319498725420408
129.54599999999999,1.3228327955070913
129.547,1.3261666550071585
129.548,1.3295002903505577
129.54900000000001,1.3328336879494698
129.55000000000001,1.3361668341982802
129.55099999999999,1.3394997154735537
129.55199999999999,1.3428323181340596
129.553,1.3461646285207429
129.554,1.3494966329567002
129.55500000000001,1.3528283177472082
129.55600000000001,1.3561596691796804
129.55699999999999,1.359490673523688
129.55799999999999,1.3628213170309125
129.559,1.366151585935178
129.56,1.3694814664524309
129.56100000000001,1.3728109447807064
129.56200000000001,1.376140007100159
129.56299999999999,1.3794686395730396
129.56399999999999,1.3827968283436691
129.565,1.3861245595384646
129.566,1.3894518192659184
129.56700000000001,1.3927785936165722
129.56800000000001,1.3961048686630453
129.56899999999999,1.399430630460011
129.56999999999999,1.4027558650441754
129.571,1.4060805584343039
129.572,1.4094046966311939
129.57300000000001,1.4127282656176812
129.57400000000001,1.4160512513586099
129.57499999999999,1.4193736398008663
129.57599999999999,1.4226954168733554
129.577,1.4260165684869746
129.578,1.4293370805346539
129.57900000000001,1.4326569388913271
129.58000000000001,1.4359761294139139
129.58099999999999,1.4392946379413525
129.58199999999999,1.4426124502945776
129.583,1.445929552276501
129.584,1.4492459296720468
129.58500000000001,1.4525615682481252
129.58600000000001,1.4558764537536231
129.58699999999999,1.4591905719194314
129.58799999999999,1.4625039084584186
129.589,1.4658164490654504
129.59,1.4691281794173561
129.59100000000001,1.4724390851729718
129.59200000000001,1.4757491519731194
129.59299999999999,1.4790583654405873
129.59399999999999,1.4823667111801737
129.595,1.4856741747786635
129.596,1.4889807418048138
129.59700000000001,1.4922863978093952
129.59800000000001,1.4955911283251719
129.59899999999999,1.4988949188668892
129.59999999999999,1.5021977549313124
129.601,1.5054996219972088
129.602,1.5088005055253402
129.60300000000001,1.5121003909584974
129.60399999999998,1.5153992637214837
129.60499999999999,1.5186971092211303
129.60599999999999,1.5219939128462814
129.607,1.5252896599678292
129.608,1.5285843359387088
129.60900000000001,1.5318779260938857
129.61000000000001,1.5351704157503949
129.61099999999999,1.5384617902073341
129.61199999999999,1.5417520347458527
129.613,1.5450411346291979
129.614,1.5483290751026995
129.61500000000001,1.5516158413937693
129.61599999999999,1.5549014187119403
129.61699999999999,1.5581857922488633
129.61799999999999,1.561468947178295
129.619,1.5647508686561489
129.62,1.5680315418204804
129.62100000000001,1.5713109517915136
129.62200000000001,1.5745890836716256
129.62299999999999,1.577865922545397
129.624,1.5811414534796109
129.625,1.5844156615232401
129.626,1.5876885317075096
129.62700000000001,1.5909600490458793
129.62799999999999,1.5942301985340546
129.62899999999999,1.5974989651500278
129.63,1.6007663338540841
129.631,1.6040322895887935
129.63200000000001,1.60729681727907
129.63300000000001,1.6105599018321608
129.63400000000001,1.6138215281376804
129.63499999999999,1.6170816810676034
129.636,1.6203403454763188
129.637,1.6235975062006349
129.63800000000001,1.6268531480597783
129.63900000000001,1.6301072558554535
129.63999999999999,1.633359814371846
129.64099999999999,1.6366108083756243
129.642,1.6398602226160008
129.643,1.643108041824735
129.64400000000001,1.6463542507161413
129.64500000000001,1.6495988339871483
129.64600000000002,1.6528417763173033
129.64699999999999,1.6560830623687854
129.648,1.6593226767864606
129.649,1.6625606041978886
129.65000000000001,1.6657968292133596
129.65100000000001,1.6690313364259035
129.65199999999999,1.6722641104113447
129.65299999999999,1.6754951357283212
129.654,1.6787243969182923
129.655,1.681951878505604
129.65600000000001,1.6851775649975047
129.65700000000001,1.6884014408841557
129.65799999999999,1.6916234906387024
129.65899999999999,1.6948436987172828
129.66,1.6980620495590482
129.661,1.7012785275862319
129.66200000000001,1.7044931172041626
129.66300000000001,1.7077058028012857
129.66399999999999,1.7109165687492291
129.66499999999999,1.7141253994028238
129.666,1.717332279100142
129.667,1.7205371921625221
129.66800000000001,1.7237401228946347
129.66900000000001,1.7269410555845055
129.66999999999999,1.7301399745035368
129.67099999999999,1.7333368639065867
129.672,1.7365317080319866
129.673,1.7397244911015686
129.67400000000001,1.7429151973207411
129.67500000000001,1.7461038108785161
129.67599999999999,1.7492903159475315
129.67699999999999,1.7524746966841365
129.678,1.7556569372284092
129.679,1.7588370217041955
129.68000000000001,1.7620149342191809
129.68100000000001,1.7651906588649213
129.68199999999999,1.7683641797168956
129.68299999999999,1.7715354808345389
129.684,1.7747045462613169
129.685,1.7778713600247662
129.68600000000001,1.7810359061365193
129.68700000000001,1.7841981685924004
129.68799999999999,1.7873581313724509
129.68899999999999,1.7905157784409673
129.69,1.7936710937465934
129.691,1.7968240612223481
129.69200000000001,1.7999746647856716
129.69300000000001,1.80312288833851
129.69399999999999,1.8062687157673563
129.69499999999999,1.8094121309432887
129.696,1.8125531177220635
129.697,1.8156916599441497
129.69800000000001,1.8188277414348017
129.69900000000001,1.8219613460040911
129.69999999999999,1.825092457447008
129.70099999999999,1.8282210595435004
129.702,1.831347136058521
129.703,1.8344706707421237
129.70400000000001,1.8375916473295124
129.70500000000001,1.8407100495410811
129.70599999999999,1.8438258610825224
129.70699999999999,1.8469390656448703
129.708,1.8500496469045511
129.709,1.8531575885234837
129.71000000000001,1.8562628741491358
129.71100000000001,1.8593654874145673
129.71199999999999,1.8624654119385422
129.71299999999999,1.8655626313255702
129.714,1.8686571291659946
129.715,1.8717488890360348
129.71600000000001,1.8748378944979014
129.71700000000001,1.8779241290998456
129.71799999999999,1.8810075763762217
129.71899999999999,1.8840882198475928
129.72,1.8871660430207902
129.721,1.8902410293889758
129.72200000000001,1.8933131624317516
129.72300000000001,1.8963824256152191
129.72399999999999,1.8994488023920479
129.72499999999999,1.9025122762015796
129.726,1.9055728304699024
129.727,1.9086304486099097
129.72800000000001,1.9116851140214148
129.72899999999998,1.9147368100912163
129.72999999999999,1.9177855201931902
129.73099999999999,1.920831227688355
129.732,1.923873915924986
129.733,1.9269135682386929
129.73400000000001,1.9299501679524824
129.73500000000001,1.9329836983768809
129.73599999999999,1.9360141428100137
129.73699999999999,1.9390414845376727
129.738,1.9420657068334366
129.739,1.9450867929587528
129.74000000000001,1.9481047261630131
129.74099999999999,1.9511194896836717
129.74199999999999,1.9541310667463301
129.74299999999999,1.9571394405648155
129.744,1.9601445943413034
129.745,1.9631465112663991
129.74600000000001,1.9661451745192413
129.74700000000001,1.9691405672675781
129.74799999999999,1.9721326726679038
129.749,1.9751214738655367
129.75,1.978106953994704
129.751,1.9810890961786827
129.75200000000001,1.9840678835298755
129.75299999999999,1.9870432991499061
129.75399999999999,1.99001532612975
129.755,1.9929839475498277
129.756,1.995949146480092
129.75700000000001,1.9989109059801664
129.75800000000001,2.001869209099433
129.75900000000001,2.0048240388771488
129.75999999999999,2.0077753783425383
129.761,2.0107232105149282
129.762,2.0136675184038486
129.76300000000001,2.0166082850091298
129.76400000000001,2.0195454933210399
129.76499999999999,2.0224791263203863
129.76599999999999,2.0254091669786174
129.767,2.0283355982579634
129.768,2.0312584031115422
129.76900000000001,2.0341775644834561
129.77000000000001,2.037093065308941
129.77100000000002,2.0400048885144764
129.77199999999999,2.0429130170178804
129.773,2.0458174337284678
129.774,2.0487181215471444
129.77500000000001,2.0516150633665462
129.77600000000001,2.054508242071138
129.77699999999999,2.0573976405373684
129.77799999999999,2.0602832416337811
129.779,2.063165028221122
129.78,2.066042983152498
129.78100000000001,2.0689170892734934
129.78200000000001,2.0717873294222722
129.78299999999999,2.0746536864297491
129.78399999999999,2.0775161431196976
129.785,2.0803746823088685
129.786,2.0832292868071489
129.78700000000001,2.0860799394176843
129.78800000000001,2.0889266229369929
129.78899999999999,2.0917693201551328
129.78999999999999,2.0946080138558139
129.791,2.0974426868165486
129.792,2.100273321808765
129.79300000000001,2.1030999015979752
129.79400000000001,2.1059224089439019
129.79499999999999,2.1087408266005991
129.79599999999999,2.1115551373166261
129.797,2.1143653238351705
129.798,2.1171713688941778
129.79900000000001,2.119973255226522
129.80000000000001,2.1227709655601394
129.80099999999999,2.1255644826181532
129.80199999999999,2.1283537891190512
129.803,2.1311388677768175
129.804,2.1339197013010645
129.80500000000001,2.1366962723972129
129.80600000000001,2.1394685637666169
129.80699999999999,2.1422365581067275
129.80799999999999,2.1450002381112241
129.809,2.1477595864701922
129.81,2.150514585870265
129.81100000000001,2.1532652189947603
129.81200000000001,2.1560114685238632
129.81299999999999,2.1587533171347704
129.81399999999999,2.1614907475018263
129.815,2.164223742296715
129.816,2.1669522841885964
129.81700000000001,2.1696763558442589
129.81800000000001,2.1723959399282995
129.81899999999999,2.1751110191032756
129.81999999999999,2.1778215760298494
129.821,2.1805275933669765
129.822,2.183229053772056
129.82300000000001,2.1859259399010971
129.82400000000001,2.1886182344088674
129.82499999999999,2.1913059199490879
129.82599999999999,2.1939889791745841
129.827,2.196667394737438
129.828,2.1993411492891859
129.82900000000001,2.2020102254809713
129.83000000000001,2.2046746059637017
129.83099999999999,2.2073342733882497
129.83199999999999,2.2099892104056029
129.833,2.2126393996670322
129.834,2.215284823824283
129.83500000000001,2.217925465529742
129.83600000000001,2.2205613074365944
129.83699999999999,2.2231923321990288
129.83799999999999,2.2258185224723932
129.839,2.2284398609133853
129.84,2.231056330180206
129.84100000000001,2.2336679129327717
129.84200000000001,2.2362745918328768
129.84299999999999,2.2388763495443609
129.84399999999999,2.2414731687333194
129.845,2.244065032068268
129.846,2.2466519222203156
129.84700000000001,2.2492338218633732
129.84800000000001,2.2518107136743257
129.84899999999999,2.2543825803332065
129.84999999999999,2.2569494045234015
129.851,2.2595111689318337
129.852,2.2620678562491303
129.85300000000001,2.264619449169841
129.85399999999998,2.2671659303926082
129.85499999999999,2.2697072826203661
129.85599999999999,2.2722434885605152
129.857,2.2747745309251384
129.858,2.277300392431183
129.85900000000001,2.2798210558006367
129.86000000000001,2.2823365037607521
129.86099999999999,2.2848467190442285
129.86199999999999,2.2873516843893884
129.863,2.2898513825404065
129.864,2.2923457962474916
129.86500000000001,2.2948349082670703
129.86599999999999,2.2973187013620149
129.86699999999999,2.2997971583018257
129.86799999999999,2.3022702618628199
129.869,2.3047379948283608
129.87,2.3072003399890391
129.87100000000001,2.3096572801428823
129.87200000000001,2.312108798095549
129.87299999999999,2.3145548766605493
129.874,2.3169954986594417
129.875,2.3194306469220232
129.876,2.3218603042865644
129.87700000000001,2.3242844535999994
129.87799999999999,2.3267030777181223
129.87899999999999,2.3291161595058258
129.88,2.3315236818372882
129.881,2.3339256275961779
129.88200000000001,2.3363219796758861
129.88300000000001,2.338712720979724
129.88400000000001,2.3410978344211379
129.88499999999999,2.3434773029239127
129.886,2.3458511094224006
129.887,2.348219236861731
129.88800000000001,2.3505816681980107
129.88900000000001,2.3529383863985611
129.88999999999999,2.3552893744421248
129.89099999999999,2.3576346153190699
129.892,2.3599740920316314
129.893,2.3623077875941161
129.89400000000001,2.3646356850331127
129.89500000000001,2.3669577673877304
129.89600000000002,2.3692740177098131
129.89699999999999,2.3715844190641429
129.898,2.3738889545286881
129.899,2.3761876071948098
129.90000000000001,2.378480360167492
129.90100000000001,2.3807671965655461
129.90199999999999,2.3830480995218681
129.90299999999999,2.3853230521836384
129.904,2.3875920377125475
129.905,2.3898550392850368
129.90600000000001,2.3921120400925182
129.90700000000001,2.3943630233415893
129.90799999999999,2.3966079722542832
129.90899999999999,2.3988468700682852
129.91,2.4010797000371515
129.911,2.4033064454305628
129.91200000000001,2.4055270895345413
129.91300000000001,2.4077416156516711
129.91399999999999,2.4099500071013491
129.91499999999999,2.4121522472200119
129.916,2.4143483193613617
129.917,2.4165382068965982
129.91800000000001,2.4187218932146664
129.91900000000001,2.4208993617224821
129.91999999999999,2.4230705958451559
129.92099999999999,2.425235579026253
129.922,2.4273942947280163
129.923,2.4295467264315866
129.92400000000001,2.4316928576372749
129.92500000000001,2.4338326718647791
129.92599999999999,2.4359661526534109
129.92699999999999,2.4380932835623637
129.928,2.4402140481709349
129.929,2.4423284300787573
129.93000000000001,2.4444364129060601
129.93100000000001,2.4465379802938978
129.93199999999999,2.4486331159043955
129.93299999999999,2.4507218034209806
129.934,2.4528040265486419
129.935,2.4548797690141679
129.93600000000001,2.4569490145663715
129.93700000000001,2.4590117469763633
129.93799999999999,2.4610679500377808
129.93899999999999,2.4631176075670238
129.94,2.4651607034035217
129.941,2.4671972214099678
129.94200000000001,2.469227145472555
129.94300000000001,2.4712504595012441
129.94399999999999,2.4732671474300001
129.94499999999999,2.475277193217031
129.946,2.4772805808450542
129.947,2.4792772943215335
129.94800000000001,2.4812673176789328
129.94900000000001,2.4832506349749539
129.94999999999999,2.4852272302928049
129.95099999999999,2.4871970877414418
129.952,2.4891601914558086
129.953,2.4911165255971075
129.95400000000001,2.4930660743530431
129.95500000000001,2.495008821938058
129.95599999999999,2.4969447525936137
129.95699999999999,2.4988738505884274
129.958,2.5007961002187136
129.959,2.5027114858084651
129.96000000000001,2.504619991709689
129.96100000000001,2.5065216023026515
129.96199999999999,2.5084163019961583
129.96299999999999,2.5103040752277908
129.964,2.5121849064641681
129.965,2.5140587802011916
129.96600000000001,2.5159256809643189
129.96700000000001,2.5177855933088096
129.96799999999999,2.5196385018199758
129.96899999999999,2.5214843911134515
129.97,2.5233232458354458
129.971,2.5251550506629896
129.97200000000001,2.5269797903042086
129.97300000000001,2.5287974494985774
129.97399999999999,2.5306080130171633
129.97499999999999,2.5324114656629084
129.976,2.5342077922708715
129.977,2.5359969777084888
129.97800000000001,2.5377790068758408
129.97899999999998,2.539553864705907
129.97999999999999,2.5413215361648271
129.98099999999999,2.5430820062521535
129.982,2.5448352600011259
129.983,2.5465812824789231
129.98400000000001,2.548320058786917
129.98500000000001,2.5500515740609502
129.98599999999999,2.5517758134715858
129.98699999999999,2.5534927622243666
129.988,2.5552024055600868
129.989,2.5569047287550486
129.99000000000001,2.5585997171213148
129.99099999999999,2.5602873560069903
129.99199999999999,2.5619676307964716
129.99299999999999,2.5636405269107048
129.994,2.5653060298074624
129.995,2.5669641249815953
129.99600000000001,2.5686147979653042
129.99700000000001,2.5702580343283863
129.99799999999999,2.571893819678519
129.999,2.5735221396615149
130,2.5751429799615759
130.001,2.5767563263015725
130.00200000000001,2.5783621644432992
130.00299999999999,2.5799604801877343
130.00399999999999,2.5815512593753134
130.005,2.5831344878861895
130.006,2.5847101516404911
130.00700000000001,2.5862782365985932
130.00800000000001,2.5878387287613838
130.00900000000001,2.5893916141705215
130.00999999999999,2.5909368789086966
130.011,2.5924745090999091
130.012,2.5940044909097248
130.01300000000001,2.5955268105455311
130.01400000000001,2.5970414542568205
130.01499999999999,2.5985484083354446
130.01599999999999,2.6000476591158681
130.017,2.6015391929754559
130.018,2.6030229963347251
130.01900000000001,2.6044990556576004
130.02000000000001,2.6059673574516982
130.02100000000002,2.6074278882685809
130.02199999999999,2.6088806347040152
130.023,2.6103255833982497
130.024,2.6117627210362686
130.02500000000001,2.6131920343480664
130.02600000000001,2.6146135101088963
130.02699999999999,2.6160271351395514
130.02799999999999,2.6174328963066218
130.029,2.6188307805227526
130.03,2.6202207747469188
130.03100000000001,2.6216028659846859
130.03200000000001,2.6229770412884639
130.03299999999999,2.6243432877577857
130.03399999999999,2.625701592539567
130.035,2.6270519428283556
130.036,2.6283943258666169
130.03700000000001,2.6297287289449849
130.03800000000001,2.6310551394025192
130.03899999999999,2.6323735446269843
130.03999999999999,2.6336839320550989
130.041,2.634986289172808
130.042,2.6362806035155337
130.04300000000001,2.6375668626684488
130.04400000000001,2.6388450542667385
130.04499999999999,2.6401151659958502
130.04599999999999,2.641377185591768
130.047,2.6426311008412759
130.048,2.6438768995822
130.04900000000001,2.6451145697036944
130.05000000000001,2.6463440991464879
130.05099999999999,2.6475654759031437
130.05199999999999,2.6487786880183264
130.053,2.6499837235890613
130.054,2.6511805707649883
130.05500000000001,2.6523692177486291
130.05600000000001,2.6535496527956419
130.05699999999999,2.654721864215086
130.05799999999999,2.655885840369669
130.059,2.6570415696760192
130.06,2.65818904060494
130.06100000000001,2.659328241681659
130.06200000000001,2.6604591614860977
130.06299999999999,2.661581788653125
130.06399999999999,2.6626961118728061
130.065,2.6638021198906747
130.066,2.6648998015079783
130.06700000000001,2.6659891455819338
130.06800000000001,2.6670701410259894
130.06899999999999,2.6681427768100807
130.06999999999999,2.6692070419608735
130.071,2.6702629255620352
130.072,2.6713104167544772
130.07300000000001,2.6723495047366135
130.07400000000001,2.6733801787646119
130.07499999999999,2.6744024281526491
130.07599999999999,2.6754162422731667
130.077,2.6764216105571119
130.078,2.677418522494202
130.07900000000001,2.6784069676331721
130.08000000000001,2.6793869355820177
130.08099999999999,2.6803584160082612
130.08199999999999,2.6813213986391879
130.083,2.6822758732620997
130.084,2.6832218297245687
130.08500000000001,2.6841592579346822
130.08600000000001,2.6850881478612876
130.08699999999999,2.6860084895342453
130.08799999999999,2.6869202730446804
130.089,2.6878234885452152
130.09,2.6887181262502255
130.09100000000001,2.6896041764360867
130.09200000000001,2.6904816294414164
130.09299999999999,2.6913504756673161
130.09399999999999,2.6922107055776223
130.095,2.6930623096991466
130.096,2.6939052786219113
130.09700000000001,2.6947396029994075
130.09800000000001,2.6955652735488265
130.09899999999999,2.6963822810512976
130.09999999999999,2.6971906163521395
130.101,2.6979902703610956
130.102,2.698781234052567
130.10300000000001,2.6995634984658645
130.10399999999998,2.7003370547054355
130.10499999999999,2.7011018939411082
130.10599999999999,2.7018580074083252
130.107,2.7026053864083837
130.108,2.7033440223086656
130.10900000000001,2.7040739065428778
130.11000000000001,2.7047950306112849
130.11099999999999,2.7055073860809427
130.11199999999999,2.706210964585932
130.113,2.7069057578275899
130.114,2.7075917575747468
130.11500000000001,2.7082689556639443
130.11599999999999,2.708937343999684
130.11699999999999,2.7095969145546426
130.11799999999999,2.7102476593699065
130.119,2.7108895705552021
130.12,2.7115226402891195
130.12100000000001,2.7121468608193418
130.12200000000001,2.7127622244628671
130.12299999999999,2.7133687236062403
130.124,2.7139663507057752
130.125,2.7145550982877724
130.126,2.7151349589487541
130.12700000000001,2.7157059253556763
130.12799999999999,2.716267990246152
130.12899999999999,2.7168211464286784
130.13,2.7173653867828502
130.131,2.7179007042595784
130.13200000000001,2.7184270918813156
130.13300000000001,2.7189445427422636
130.13400000000001,2.7194530500086005
130.13499999999999,2.7199526069186892
130.136,2.7204432067832931
130.137,2.7209248429857951
130.13800000000001,2.7213975089824038
130.13900000000001,2.7218611983023724
130.13999999999999,2.7223159045482093
130.14099999999999,2.7227616213958816
130.142,2.7231983425950372
130.143,2.723626061969203
130.14400000000001,2.7240447734159967
130.14500000000001,2.7244544709073382
130.14600000000002,2.7248551484896484
130.14699999999999,2.7252468002840593
130.148,2.7256294204866167
130.149,2.7260030033684872
130.15000000000001,2.7263675432761549
130.15100000000001,2.7267230346316258
130.15199999999999,2.7270694719326309
130.15299999999999,2.727406849752823
130.154,2.7277351627419746
130.155,2.72805440562618
130.15600000000001,2.7283645732080473
130.15700000000001,2.7286656603668966
130.15799999999999,2.7289576620589555
130.15899999999999,2.7292405733175529
130.16,2.7295143892533087
130.161,2.7297791050543299
130.16200000000001,2.7300347159863998
130.16300000000001,2.7302812173931659
130.16399999999999,2.7305186046963317
130.16499999999999,2.7307468733958449
130.166,2.7309660190700797
130.167,2.7311760373760254
130.16800000000001,2.7313769240494725
130.16900000000001,2.7315686749051937
130.16999999999999,2.7317512858371282
130.17099999999999,2.7319247528185615
130.172,2.7320890719023088
130.173,2.7322442392208868
130.17400000000001,2.732390250986704
130.17500000000001,2.7325271034922256
130.17599999999999,2.7326547931101581
130.17699999999999,2.7327733162936196
130.178,2.7328826695763158
130.179,2.7329828495727102
130.18000000000001,2.7330738529781997
130.18100000000001,2.7331556765692806
130.18199999999999,2.7332283172037197
130.18299999999999,2.7332917718207246
130.184,2.7333460374411067
130.185,2.7333911111674469
130.18600000000001,2.733426990184268
130.18700000000001,2.7334536717581872
130.18799999999999,2.7334711532380838
130.18899999999999,2.7334794320552631
130.19,2.7334785057236113
130.191,2.7334683718397548
130.19200000000001,2.7334490280832227
130.19300000000001,2.7334204722165953
130.19399999999999,2.733382702085668
130.19499999999999,2.7333357156195959
130.196,2.7332795108310539
130.197,2.7332140858163849
130.19800000000001,2.7331394387557491
130.19900000000001,2.7330555679132775
130.19999999999999,2.7329624716372134
130.20099999999999,2.7328601483600621
130.202,2.7327485965987384
130.203,2.732627814954705
130.20400000000001,2.7324978021141209
130.20500000000001,2.7323585568479776
130.20599999999999,2.732210078012244
130.20699999999999,2.7320523645480002
130.208,2.7318854154815804
130.209,2.7317092299247072
130.21000000000001,2.7315238070746215
130.21100000000001,2.7313291462142253
130.21199999999999,2.7311252467122067
130.21299999999999,2.7309121080231731
130.214,2.7306897296877826
130.215,2.7304581113328705
130.21600000000001,2.7302172526715767
130.21700000000001,2.7299671535034715
130.21799999999999,2.7297078137146786
130.21899999999999,2.7294392332780033
130.22,2.7291614122530445
130.221,2.7288743507863251
130.22200000000001,2.7285780491114049
130.22300000000001,2.7282725075490002
130.22399999999999,2.7279577265070976
130.22499999999999,2.7276337064810741
130.226,2.727300448053803
130.227,2.7269579518957734
130.22800000000001,2.726606218765196
130.22899999999998,2.7262452495081129
130.22999999999999,2.725875045058507
130.23099999999999,2.7254956064384062
130.232,2.725106934757993
130.233,2.7247090312157018
130.23400000000001,2.724301897098325
130.23500000000001,2.7238855337811119
130.23599999999999,2.7234599427278701
130.23699999999999,2.7230251254910627
130.238,2.7225810837119013
130.239,2.7221278191204439
130.24000000000001,2.7216653335356931
130.24099999999999,2.7211936288656782
130.24199999999999,2.7207127071075501
130.24299999999999,2.7202225703476781
130.244,2.7197232207617215
130.245,2.7192146606147301
130.24600000000001,2.7186968922612245
130.24700000000001,2.7181699181452745
130.24799999999999,2.7176337408005891
130.249,2.7170883628505877
130.25,2.7165337870084887
130.251,2.7159700160773781
130.25200000000001,2.7153970529502893
130.25299999999999,2.7148149006102789
130.25399999999999,2.7142235621304942
130.255,2.7136230406742476
130.256,2.713013339495093
130.25700000000001,2.7123944619368765
130.25800000000001,2.7117664114338216
130.25900000000001,2.7111291915105826
130.25999999999999,2.710482805782314
130.261,2.7098272579547307
130.262,2.709162551824166
130.26300000000001,2.7084886912776343
130.26400000000001,2.7078056802928891
130.26499999999999,2.7071135229384735
130.26599999999999,2.7064122233737788
130.267,2.7057017858490973
130.268,2.7049822147056704
130.26900000000001,2.7042535143757456
130.27000000000001,2.7035156893826109
130.27100000000002,2.7027687443406543
130.27199999999999,2.7020126839554042
130.273,2.7012475130235711
130.274,2.700473236433091
130.27500000000001,2.699689859163164
130.27600000000001,2.6988973862842971
130.27699999999999,2.6980958229583329
130.27799999999999,2.6972851744384938
130.279,2.6964654460694106
130.28,2.6956366432871577
130.28100000000001,2.6947987716192787
130.28200000000001,2.6939518366848216
130.28299999999999,2.6930958441943611
130.28399999999999,2.6922307999500252
130.285,2.6913567098455253
130.286,2.6904735798661674
130.28700000000001,2.6895814160888816
130.28800000000001,2.6886802246822428
130.28899999999999,2.6877700119064794
130.28999999999999,2.6868507841134939
130.291,2.6859225477468796
130.292,2.6849853093419327
130.29300000000001,2.6840390755256593
130.29400000000001,2.683083853016786
130.29499999999999,2.682119648625775
130.29599999999999,2.6811464692548164
130.297,2.6801643218978448
130.298,2.67917321364054
130.29900000000001,2.6781731516603204
130.30000000000001,2.6771641432263489
130.30099999999999,2.6761461956995345
130.30199999999999,2.6751193165325216
130.303,2.6740835132696787
130.304,2.6730387935471143
130.30500000000001,2.6719851650926412
130.30600000000001,2.6709226357257805
130.30699999999999,2.669851213357747
130.30799999999999,2.66877090599144
130.309,2.6676817217214146
130.31,2.6665836687338755
130.31100000000001,2.6654767553066612
130.31200000000001,2.6643609898092095
130.31299999999999,2.6632363807025468
130.31399999999999,2.6621029365392643
130.315,2.6609606659634828
130.316,2.6598095777108335
130.31700000000001,2.6586496806084305
130.31800000000001,2.6574809835748332
130.31899999999999,2.656303495620016
130.31999999999999,2.6551172258453413
130.321,2.6539221834435125
130.322,2.6527183776985455
130.32300000000001,2.6515058179857238
130.32400000000001,2.650284513771564
130.32499999999999,2.6490544746137661
130.32599999999999,2.6478157101611712
130.327,2.646568230153723
130.328,2.6453120444224085
130.32900000000001,2.6440471628892146
130.33000000000001,2.6427735955670828
130.33099999999999,2.6414913525598429
130.33199999999999,2.6402004440621654
130.333,2.6389008803595173
130.334,2.6375926718280804
130.33500000000001,2.6362758289347079
130.33600000000001,2.6349503622368649
130.33699999999999,2.6336162823825529
130.33799999999999,2.6322736001102549
130.339,2.6309223262488639
130.34,2.6295624717176249
130.34100000000001,2.6281940475260459
130.34200000000001,2.6268170647738449
130.34299999999999,2.6254315346508701
130.34399999999999,2.6240374684370202
130.345,2.6226348775021711
130.346,2.6212237733061055
130.34700000000001,2.6198041673984167
130.34800000000001,2.6183760714184388
130.34899999999999,2.6169394970951627
130.34999999999999,2.6154944562471427
130.351,2.6140409607824169
130.352,2.6125790226984176
130.35300000000001,2.6111086540818804
130.35399999999998,2.6096298671087466
130.35499999999999,2.6081426740440747
130.35599999999999,2.6066470872419512
130.357,2.6051431191453798
130.358,2.6036307822861859
130.35900000000001,2.6021100892849307
130.36000000000001,2.6005810528507856
130.36099999999999,2.5990436857814401
130.36199999999999,2.5974980009630042
130.363,2.5959440113698848
130.364,2.5943817300646796
130.36500000000001,2.5928111701980834
130.36599999999999,2.5912323450087502
130.36699999999999,2.5896452678231916
130.36799999999999,2.5880499520556688
130.369,2.5864464112080574
130.37,2.584834658869736
130.37100000000001,2.5832147087174673
130.37200000000001,2.5815865745152777
130.37299999999999,2.5799502701143218
130.374,2.5783058094527607
130.375,2.576653206555644
130.376,2.5749924755347657
130.37700000000001,2.5733236305885354
130.37799999999999,2.5716466860018579
130.37899999999999,2.5699616561459804
130.38,2.568268555478364
130.381,2.5665673985425568
130.38200000000001,2.5648581999680307
130.38300000000001,2.5631409744700573
130.38400000000001,2.5614157368495545
130.38499999999999,2.5596825019929574
130.386,2.5579412848720509
130.387,2.5561921005438304
130.38800000000001,2.554434964150361
130.38900000000001,2.5526698909186099
130.38999999999999,2.5508968961602951
130.39099999999999,2.549115995271753
130.392,2.5473272037337455
130.393,2.5455305371113255
130.39400000000001,2.5437260110536788
130.39500000000001,2.5419136412939456
130.39600000000002,2.5400934436490652
130.39699999999999,2.5382654340196211
130.398,2.5364296283896564
130.399,2.5345860428265174
130.40000000000001,2.5327346934806725
130.40100000000001,2.5308755965855618
130.40199999999999,2.5290087684573965
130.40299999999999,2.5271342254949993
130.404,2.5252519841796328
130.405,2.523362061074804
130.40600000000001,2.5214644728260924
130.40700000000001,2.5195592361609815
130.40799999999999,2.5176463678886529
130.40899999999999,2.5157258848998088
130.41,2.5137978041665003
130.411,2.5118621427419172
130.41200000000001,2.5099189177602081
130.41300000000001,2.5079681464362977
130.41399999999999,2.5060098460656737
130.41499999999999,2.5040440340242083
130.416,2.502070727767951
130.417,2.500089944832947
130.41800000000001,2.4981017028350179
130.41900000000001,2.496106019469563
130.41999999999999,2.4941029125113801
130.42099999999999,2.4920923998144278
130.422,2.4900744993116368
130.423,2.4880492290147087
130.42400000000001,2.4860166070138923
130.42500000000001,2.4839766514777732
130.42599999999999,2.4819293806530798
130.42699999999999,2.4798748128644461
130.428,2.4778129665142052
130.429,2.4757438600821833
130.43000000000001,2.4736675121254614
130.43100000000001,2.4715839412781668
130.43199999999999,2.4694931662512434
130.43299999999999,2.467395205832247
130.434,2.4652900788850922
130.435,2.4631778043498418
130.43600000000001,2.461058401242489
130.43700000000001,2.458931888654702
130.43799999999999,2.456798285753607
130.43899999999999,2.4546576117815659
130.44,2.4525098860559185
130.441,2.4503551279687601
130.44200000000001,2.4481933569867107
130.44300000000001,2.4460245926506619
130.44399999999999,2.4438488545755344
130.44499999999999,2.4416661624500628
130.446,2.4394765360365178
130.447,2.4372799951704809
130.44800000000001,2.4350765597605895
130.44900000000001,2.4328662497883053
130.44999999999999,2.430649085307639
130.45099999999999,2.4284250864449137
130.452,2.4261942733985218
130.453,2.4239566664386492
130.45400000000001,2.421712285907029
130.45500000000001,2.4194611522167015
130.45599999999999,2.4172032858517261
130.45699999999999,2.4149387073669364
130.458,2.4126674373876895
130.459,2.4103894966095796
130.46000000000001,2.4081049057981878
130.46100000000001,2.4058136857888268
130.46199999999999,2.4035158574862456
130.46299999999999,2.4012114418643851
130.464,2.3989004599660899
130.465,2.3965829329028638
130.46600000000001,2.3942588818545674
130.46700000000001,2.391928328069151
130.46799999999999,2.3895912928624008
130.46899999999999,2.3872477976176292
130.47,2.384897863785413
130.471,2.3825415128833232
130.47200000000001,2.3801787664956224
130.47300000000001,2.3778096462729903
130.47399999999999,2.3754341739322529
130.47499999999999,2.3730523712560769
130.476,2.3706642600926866
130.477,2.3682698623555956
130.47800000000001,2.3658692000232882
130.47899999999998,2.3634622951389472
130.47999999999999,2.3610491698101526
130.48099999999999,2.3586298462086046
130.482,2.3562043465698004
130.483,2.3537726931927572
130.48400000000001,2.3513349084397217
130.48500000000001,2.3488910147358468
130.48599999999999,2.3464410345689046
130.48699999999999,2.3439849904889978
130.488,2.3415229051082331
130.489,2.3390548011004211
130.49000000000001,2.3365807012007984
130.49099999999999,2.3341006282056802
130.49199999999999,2.3316146049721738
130.49299999999999,2.329122654417882
130.494,2.3266247995205602
130.495,2.32412106331783
130.49600000000001,2.3216114689068506
130.49700000000001,2.3190960394440285
130.49799999999999,2.3165747981446656
130.499,2.314047768282669
130.5,2.3115149731902327
130.501,2.3089764362574998
130.50200000000001,2.3064321809322554
130.50299999999999,2.3038822307196125
130.50399999999999,2.3013266091816686
130.505,2.2987653399371877
130.506,2.2961984466612981
130.50700000000001,2.2936259530851304
130.50800000000001,2.2910478829955099
130.50900000000001,2.2884642602346212
130.50999999999999,2.2858751086996945
130.511,2.2832804523426455
130.512,2.2806803151697594
130.51300000000001,2.2780747212413703
130.51400000000001,2.2754636946714961
130.51499999999999,2.2728472596275222
130.51599999999999,2.2702254403298729
130.517,2.2675982610516474
130.518,2.2649657461182966
130.51900000000001,2.2623279199072925
