timestamp,signal
102,3.331767935393934
102.001,3.3313368831061956
102.002,3.3309043182800102
102.003,3.3304702639225363
102.004,3.3300347430746715
102.005,3.3295977788106317
102.006,3.3291593942375597
102.00700000000001,3.3287196124951111
102.008,3.3282784567550467
102.009,3.3278359502208312
102.01000000000001,3.3273921161272235
102.011,3.3269469777398588
102.012,3.3265005583548493
102.01300000000001,3.3260528812983678
102.014,3.3256039699262394
102.015,3.3251538476235249
102.01600000000001,3.3247025378041095
102.017,3.3242500639102919
102.018,3.3237964494123613
102.01900000000001,3.3233417178081925
102.02,3.3228858926228226
102.021,3.3224289974080361
102.02200000000001,3.3219710557419435
102.023,3.3215120912285698
102.024,3.3210521274974316
102.02500000000001,3.3205911882031103
102.026,3.3201292970248453
102.027,3.3196664776661011
102.02800000000001,3.3192027538541482
102.029,3.3187381493396426
102.03,3.3182726878961972
102.03100000000001,3.317806393319962
102.032,3.3173392894292002
102.033,3.3168714000638539
102.03400000000001,3.3164027490851264
102.035,3.3159333603750483
102.036,3.315463257836059
102.03700000000001,3.3149924653905667
102.038,3.3145210069805255
102.039,3.3140489065670042
102.04000000000001,3.3135761881297556
102.041,3.3131028756667873
102.042,3.3126289931939272
102.04300000000001,3.3121545647443869
102.044,3.3116796143683409
102.045,3.3112041661324785
102.04600000000001,3.3107282441195784
102.047,3.3102518724280694
102.048,3.3097750751715966
102.04900000000001,3.3092978764785843
102.05,3.3088203004917989
102.051,3.3083423713679103
102.05200000000001,3.3078641132770552
102.053,3.3073855504023988
102.054,3.306906706939694
102.05500000000001,3.3064276070968366
102.056,3.3059482750934395
102.057,3.3054687351603707
102.05800000000001,3.304989011539329
102.059,3.3045091284823944
102.06,3.3040291102515824
102.06100000000001,3.3035489811184084
102.062,3.3030687653634363
102.063,3.3025884872758371
102.06399999999999,3.3021081711529447
102.065,3.3016278412998084
102.066,3.3011475220287458
102.06699999999999,3.3006672376589004
102.068,3.3001870125157913
102.069,3.2997068709308635
102.06999999999999,3.2992268372410423
102.071,3.2987469357882881
102.072,3.2982671909191388
102.07299999999999,3.297787626984265
102.074,3.2973082683380226
102.075,3.2968291393379969
102.07599999999999,3.296350264344551
102.077,3.2958716677203812
102.078,3.2953933738300569
102.07899999999999,3.2949154070395745
102.08,3.2944377917158953
102.081,3.2939605522265074
102.08199999999999,3.2934837129389556
102.083,3.2930072982203953
102.084,3.2925313324371377
102.08499999999999,3.292055839954195
102.086,3.2915808451348214
102.087,3.2911063723400584
102.08799999999999,3.2906324459282814
102.089,3.2901590902547371
102.09,3.2896863296710976
102.09099999999999,3.2892141885249884
102.092,3.2887426911595403
102.093,3.2882718619129263
102.09399999999999,3.2878017251179119
102.095,3.2873323051013785
102.096,3.2868636261838833
102.09699999999999,3.2863957126791896
102.098,3.2859285888938068
102.099,3.2854622791265333
102.09999999999999,3.2849968076679925
102.101,3.284532198800179
102.102,3.2840684767959836
102.10299999999999,3.2836056659187474
102.104,3.2831437904217888
102.105,3.2826828745479499
102.10599999999999,3.2822229425291227
102.107,3.2817640185858004
102.108,3.281306126926602
102.10899999999999,3.2808492917478191
102.11,3.2803935372329422
102.111,3.2799388875522086
102.11199999999999,3.2794853668621249
102.113,3.2790329993050173
102.114,3.2785818090085561
102.11499999999999,3.2781318200852949
102.116,3.2776830566322088
102.117,3.2772355427302244
102.11799999999999,3.2767893024437544
102.119,3.2763443598202402
102.12,3.275900738889673
102.121,3.2754584636641395
102.122,3.2750175581373515
102.123,3.2745780462841791
102.124,3.2741399520601857
102.125,3.2737032994011592
102.126,3.2732681122226492
102.127,3.2728344144194987
102.128,3.2724022298653721
102.129,3.2719715824122981
102.13,3.2715424958901957
102.131,3.2711149941064086
102.13200000000001,3.2706891008452352
102.133,3.2702648398674676
102.134,3.2698422349099201
102.13500000000001,3.2694213096849545
102.136,3.2690020878800343
102.137,3.268584593157227
102.13800000000001,3.2681688491527612
102.139,3.2677548794765485
102.14,3.2673427077117112
102.14100000000001,3.2669323574141256
102.142,3.2665238521119457
102.143,3.2661172153051372
102.14400000000001,3.2657124704650133
102.145,3.2653096410337601
102.146,3.2649087504239729
102.14700000000001,3.2645098220181903
102.148,3.2641128791684206
102.149,3.263717945195677
102.15000000000001,3.2633250433895129
102.151,3.2629341970075458
102.152,3.2625454292750007
102.15300000000001,3.2621587633842313
102.154,3.2617742224942603
102.155,3.2613918297303091
102.15600000000001,3.2610116081833289
102.157,3.2606335809095364
102.158,3.260257770929941
102.15900000000001,3.259884201229891
102.16,3.2595128947585854
102.161,3.2591438744286285
102.16200000000001,3.2587771631155507
102.163,3.2584127836573393
102.164,3.2580507588539849
102.16500000000001,3.2576911114670031
102.166,3.2573338642189751
102.167,3.2569790397930807
102.16800000000001,3.2566266608326253
102.169,3.2562767499405889
102.17,3.2559293296791467
102.17100000000001,3.2555844225692074
102.172,3.2552420510899562
102.173,3.2549022376783823
102.17400000000001,3.2545650047288124
102.175,3.2542303745924541
102.176,3.2538983695769246
102.17700000000001,3.2535690119457943
102.178,3.2532423239181187
102.179,3.252918327667973
102.18000000000001,3.2525970453239923
102.181,3.2522784989689124
102.182,3.2519627106390967
102.18300000000001,3.2516497023240905
102.184,3.2513394959661421
102.185,3.2510321134597522
102.18600000000001,3.2507275766512103
102.187,3.2504259073381321
102.188,3.2501271272690033
102.18899999999999,3.2498312581427125
102.19,3.2495383216081022
102.191,3.249248339263497
102.19199999999999,3.2489613326562554
102.193,3.2486773232823039
102.194,3.2483963325856871
102.19499999999999,3.2481183819580988
102.196,3.2478434927384354
102.197,3.2475716862123338
102.19799999999999,3.247302983611716
102.199,3.2470374061143348
102.2,3.2467749748433108
102.20099999999999,3.2465157108666949
102.202,3.2462596351969872
102.203,3.246006768790715
102.20399999999999,3.2457571325479484
102.205,3.2455107473118692
102.206,3.24526763386831
102.20699999999999,3.2450278129452998
102.208,3.2447913052126189
102.209,3.2445581312813454
102.20999999999999,3.2443283117033976
102.211,3.2441018669711017
102.212,3.2438788175167228
102.21299999999999,3.2436591837120314
102.214,3.2434429858678433
102.215,3.2432302442335876
102.21599999999999,3.2430209789968405
102.217,3.242815210282894
102.218,3.2426129581543042
102.21899999999999,3.2424142426104501
102.22,3.2422190835870839
102.221,3.2420275009558917
102.22199999999999,3.2418395145240475
102.223,3.2416551440337749
102.224,3.241474409161901
102.22499999999999,3.2412973295194187
102.226,3.2411239246510437
102.227,3.2409542140347796
102.22799999999999,3.2407882170814721
102.229,3.2406259531343786
102.23,3.2404674414687227
102.23099999999999,3.240312701291268
102.232,3.24016175173987
102.233,3.2400146118830517
102.23399999999999,3.2398713007195648
102.235,3.2397318371779527
102.236,3.2395962401161253
102.23699999999999,3.2394645283209198
102.238,3.2393367205076786
102.239,3.2392128353198069
102.23999999999999,3.2390928913283545
102.241,3.2389769070315815
102.242,3.2388649008545314
102.24299999999999,3.2387568911486029
102.244,3.2386528961911285
102.245,3.2385529341849466
102.246,3.2384570232579728
102.247,3.2383651814627865
102.248,3.2382774267761998
102.249,3.2381937770988403
102.25,3.2381142502547302
102.251,3.2380388639908624
102.252,3.2379676359767906
102.253,3.2379005838042052
102.254,3.2378377249865129
102.255,3.2377790769584345
102.256,3.2377246570755736
102.25700000000001,3.2376744826140174
102.258,3.2376285707699135
102.259,3.2375869386590646
102.26000000000001,3.2375496033165145
102.261,3.2375165816961391
102.262,3.2374878906702382
102.26300000000001,3.2374635470291304
102.264,3.2374435674807414
102.265,3.2374279686502034
102.26600000000001,3.2374167670794476
102.267,3.2374099792268041
102.268,3.237407621466597
102.26900000000001,3.2374097100887447
102.27,3.2374162612983635
102.271,3.2374272912153592
102.27200000000001,3.2374428158740391
102.273,3.2374628512227144
102.274,3.2374874131233042
102.27500000000001,3.2375165173509317
102.276,3.2375501795935504
102.277,3.2375884154515382
102.27800000000001,3.23763124043731
102.279,3.2376786699749278
102.28,3.2377307193997251
102.28100000000001,3.2377874039578969
102.282,3.237848738806131
102.283,3.2379147390112237
102.28400000000001,3.2379854195496898
102.285,3.238060795307387
102.286,3.2381408810791292
102.28700000000001,3.2382256915683092
102.288,3.2383152413865335
102.289,3.238409545053222
102.29000000000001,3.2385086169952562
102.291,3.2386124715465896
102.292,3.2387211229478847
102.29300000000001,3.2388345853461344
102.294,3.2389528727943029
102.295,3.2390759992509421
102.29600000000001,3.2392039785798437
102.297,3.2393368245496541
102.298,3.2394745508335281
102.29900000000001,3.2396171710087502
102.3,3.2397646985563888
102.301,3.2399171468609231
102.30200000000001,3.2400745292098927
102.303,3.2402368587935384
102.304,3.2404041487044477
102.30500000000001,3.2405764119372003
102.306,3.2407536613880121
102.307,3.2409359098543917
102.30800000000001,3.2411231700347884
102.309,3.2413154545282388
102.31,3.2415127758340256
102.31100000000001,3.2417151463513312
102.312,3.241922578378901
102.313,3.2421350841146865
102.31399999999999,3.242352675655523
102.315,3.242575364996775
102.316,3.2428031640320145
102.31699999999999,3.2430360845526711
102.318,3.2432741382477079
102.319,3.2435173367032872
102.31999999999999,3.2437656914024413
102.321,3.2440192137247355
102.322,3.2442779149459504
102.32299999999999,3.2445418062377565
102.324,3.2448108986673825
102.325,3.2450852031972981
102.32599999999999,3.2453647306848938
102.327,3.2456494918821615
102.328,3.2459394974353759
102.32899999999999,3.2462347578847801
102.33,3.2465352836642754
102.331,3.2468410851011011
102.33199999999999,3.2471521724155337
102.333,3.2474685557205691
102.334,3.2477902450216263
102.33499999999999,3.2481172502162354
102.336,3.2484495810937353
102.337,3.2487872473349735
102.33799999999999,3.2491302585120083
102.339,3.2494786240878053
102.34,3.2498323534159512
102.34099999999999,3.2501914557403491
102.342,3.2505559401949351
102.343,3.25092581580338
102.34399999999999,3.2513010914788114
102.345,3.2516817760235157
102.346,3.2520678781286594
102.34699999999999,3.2524594063740078
102.348,3.252856369227636
102.349,3.2532587750456625
102.34999999999999,3.2536666320719623
102.351,3.2540799484378935
102.352,3.2544987321620238
102.35299999999999,3.2549229911498654
102.354,3.255352733193599
102.355,3.2557879659718041
102.35599999999999,3.2562286970492025
102.357,3.2566749338763885
102.358,3.2571266837895716
102.35899999999999,3.2575839540103089
102.36,3.2580467516452596
102.361,3.2585150836859196
102.36199999999999,3.2589889570083739
102.363,3.2594683783730405
102.364,3.2599533544244279
102.36499999999999,3.2604438916908811
102.366,3.2609399965843417
102.367,3.2614416754001008
102.36799999999999,3.2619489343165586
102.369,3.2624617793949904
102.37,3.2629802165792978
102.371,3.2635042516957933
102.372,3.2640338904529478
102.373,3.2645691384411712
102.374,3.2651100011325851
102.375,3.2656564838807873
102.376,3.2662085919206385
102.377,3.2667663303680321
102.378,3.2673297042196832
102.379,3.2678987183528996
102.38,3.268473377525376
102.381,3.2690536863749786
102.38200000000001,3.2696396494195303
102.383,3.2702312710566068
102.384,3.2708285555633281
102.38500000000001,3.2714315070961528
102.386,3.2720401296906809
102.387,3.2726544272614455
102.38800000000001,3.2732744036017238
102.389,3.2739000623833383
102.39,3.2745314071564637
102.39100000000001,3.2751684413494333
102.392,3.2758111682685569
102.393,3.2764595910979311
102.39400000000001,3.2771137128992547
102.395,3.2777735366116474
102.396,3.2784390650514719
102.39700000000001,3.2791103009121558
102.398,3.2797872467640197
102.399,3.2804699050540997
102.40000000000001,3.2811582781059814
102.401,3.2818523681196292
102.402,3.2825521771712336
102.40300000000001,3.2832577072130231
102.404,3.2839689600731323
102.405,3.2846859374554214
102.40600000000001,3.2854086409393326
102.407,3.2861370719797374
102.408,3.2868712319067739
102.40900000000001,3.287611121925718
102.41,3.2883567431168137
102.411,3.2891080964351538
102.41200000000001,3.2898651827105168
102.413,3.2906280026472436
102.414,3.2913965568240982
102.41500000000001,3.2921708456941254
102.416,3.2929508695845287
102.417,3.2937366286965397
102.41800000000001,3.2945281231052883
102.419,3.2953253527596877
102.42,3.2961283174822937
102.42100000000001,3.2969370169692107
102.422,3.2977514507899555
102.423,3.2985716183873568
102.42400000000001,3.2993975190774334
102.425,3.3002291520492917
102.426,3.3010665163650179
102.42700000000001,3.3019096109595769
102.428,3.302758434640702
102.429,3.3036129860888077
102.43000000000001,3.3044732638568899
102.431,3.3053392663704257
102.432,3.306210991927292
102.43300000000001,3.3070884386976691
102.434,3.3079716047239645
102.435,3.308860487920716
102.43600000000001,3.3097550860745266
102.437,3.3106553968439756
102.438,3.3115614177595418
102.43899999999999,3.3124731462235451
102.44,3.3133905795100578
102.441,3.3143137147648538
102.44199999999999,3.315242549005327
102.443,3.3161770791204432
102.444,3.3171173018706734
102.44499999999999,3.3180632138879416
102.446,3.3190148116755598
102.447,3.3199720916081916
102.44799999999999,3.3209350499317916
102.449,3.321903682763562
102.45,3.32287798609191
102.45099999999999,3.3238579557764099
102.452,3.3248435875477571
102.453,3.3258348770077357
102.45399999999999,3.3268318196291933
102.455,3.3278344107559952
102.456,3.3288426456030118
102.45699999999999,3.3298565192560869
102.458,3.3308760266720139
102.459,3.3319011626785189
102.45999999999999,3.3329319219742435
102.461,3.3339682991287343
102.462,3.3350102885824269
102.46299999999999,3.3360578846466349
102.464,3.3371110815035538
102.465,3.3381698732062484
102.46599999999999,3.339234253678661
102.467,3.340304216715603
102.468,3.3413797559827709
102.46899999999999,3.3424608650167515
102.47,3.3435475372250201
102.471,3.3446397658859808
102.47199999999999,3.3457375441489541
102.473,3.3468408650342143
102.474,3.3479497214330043
102.47499999999999,3.3490641061075626
102.476,3.3501840116911454
102.477,3.3513094306880684
102.47799999999999,3.3524403554737243
102.479,3.3535767782946344
102.48,3.3547186912684697
102.48099999999999,3.3558660863841121
102.482,3.3570189555016814
102.483,3.3581772903525917
102.48399999999999,3.3593410825395988
102.485,3.3605103235368516
102.486,3.3616850046899467
102.48699999999999,3.3628651172159958
102.488,3.3640506522036695
102.489,3.3652416006132762
102.48999999999999,3.3664379532768245
102.491,3.3676397008980894
102.492,3.3688468340526856
102.49299999999999,3.3700593431881485
102.494,3.3712772186240056
102.495,3.3725004505518545
102.496,3.3737290290354611
102.497,3.3749629440108295
102.498,3.3762021852862976
102.499,3.3774467425426362
102.5,3.3786966053331291
102.501,3.3799517630836906
102.502,3.381212205092945
102.503,3.3824779205323461
102.504,3.3837488984462736
102.505,3.3850251277521535
102.506,3.3863065972405604
102.50700000000001,3.3875932955753312
102.508,3.388885211293692
102.509,3.3901823328063765
102.51000000000001,3.3914846483977374
102.511,3.3927921462258945
102.512,3.3941048143228434
102.51300000000001,3.3954226405945995
102.514,3.3967456128213289
102.515,3.3980737186574892
102.51600000000001,3.3994069456319638
102.517,3.4007452811482137
102.518,3.402088712484419
102.51900000000001,3.4034372267936259
102.52,3.404790811103906
102.521,3.406149452318509
102.52200000000001,3.4075131372160135
102.523,3.4088818524504942
102.524,3.4102555845516891
102.52500000000001,3.411634319925156
102.526,3.4130180448524507
102.527,3.4144067454912959
102.52800000000001,3.4158004078757527
102.529,3.4171990179164036
102.53,3.4186025614005331
102.53100000000001,3.4200110239923074
102.532,3.4214243912329634
102.533,3.4228426485410006
102.53400000000001,3.424265781212366
102.535,3.4256937744206546
102.536,3.4271266132173146
102.53700000000001,3.4285642825318234
102.538,3.4300067671719239
102.539,3.4314540518238053
102.54000000000001,3.4329061210523237
102.541,3.4343629593012173
102.542,3.4358245508933081
102.54300000000001,3.4372908800307327
102.544,3.4387619307951587
102.545,3.4402376871480076
102.54600000000001,3.4417181329306787
102.547,3.4432032518647846
102.548,3.4446930275523782
102.54900000000001,3.4461874434761866
102.55,3.4476864829998526
102.551,3.4491901293681764
102.55200000000001,3.4506983657073516
102.553,3.4522111750252202
102.554,3.453728540211511
102.55500000000001,3.4552504440381044
102.556,3.4567768691592766
102.557,3.4583077981119619
102.55800000000001,3.4598432133160104
102.559,3.4613830970744512
102.56,3.4629274315737621
102.56100000000001,3.4644761988841326
102.562,3.46602938095974
102.563,3.4675869596390179
102.56399999999999,3.4691489166449401
102.565,3.4707152335852971
102.566,3.4722858919529749
102.56699999999999,3.473860873126247
102.568,3.47544015836906
102.569,3.4770237288313179
102.56999999999999,3.4786115655491878
102.571,3.4802036494453903
102.572,3.4817999613294912
102.57299999999999,3.4834004818982169
102.574,3.4850051917357501
102.575,3.4866140713140403
102.57599999999999,3.488227100993111
102.577,3.4898442610213767
102.578,3.4914655315359555
102.57899999999999,3.4930908925629902
102.58,3.4947203240179627
102.581,3.4963538057060255
102.58199999999999,3.4979913173223256
102.583,3.4996328384523263
102.584,3.5012783485721561
102.58499999999999,3.5029278270489232
102.586,3.5045812531410663
102.587,3.5062386059986883
102.58799999999999,3.5078998646639041
102.589,3.5095650080711769
102.59,3.5112340150476742
102.59099999999999,3.5129068643136154
102.592,3.5145835344826262
102.593,3.5162640040620925
102.59399999999999,3.5179482514535163
102.595,3.5196362549528866
102.596,3.5213279927510284
102.59699999999999,3.5230234429339857
102.598,3.5247225834833733
102.599,3.5264253922767637
102.59999999999999,3.5281318470880532
102.601,3.5298419255878368
102.602,3.5315556053437884
102.60299999999999,3.5332728638210558
102.604,3.5349936783826212
102.605,3.5367180262897095
102.60599999999999,3.538445884702166
102.607,3.5401772306788519
102.608,3.5419120411780414
102.60899999999999,3.543650293057814
102.61,3.5453919630764581
102.611,3.5471370278928749
102.61199999999999,3.5488854640669727
102.613,3.5506372480600907
102.614,3.5523923562353934
102.61499999999999,3.5541507648582904
102.616,3.5559124500968524
102.617,3.5576773880222241
102.61799999999999,3.5594455546090469
102.619,3.5612169257358799
102.62,3.562991477185621
102.621,3.5647691846459431
102.622,3.5665500237097127
102.623,3.5683339698754306
102.624,3.5701209985476607
102.625,3.5719110850374678
102.626,3.5737042045628602
102.627,3.5755003322492263
102.628,3.5772994431297809
102.629,3.5791015121460097
102.63,3.5809065141481202
102.631,3.5827144238954922
102.63200000000001,3.5845252160571315
102.633,3.5863388652121211
102.634,3.588155345850085
102.63500000000001,3.5899746323716446
102.636,3.5917966990888859
102.637,3.593621520225815
102.63800000000001,3.5954490699188373
102.639,3.5972793222172159
102.64,3.5991122510835512
102.64100000000001,3.6009478303942482
102.642,3.6027860339400037
102.643,3.6046268354262692
102.64400000000001,3.606470208473743
102.645,3.608316126618849
102.646,3.6101645633142212
102.64700000000001,3.6120154919291911
102.648,3.6138688857502839
102.649,3.6157247179816947
102.65000000000001,3.6175829617457991
102.651,3.6194435900836366
102.652,3.6213065759554182
102.65300000000001,3.6231718922410137
102.654,3.6250395117404715
102.655,3.6269094071745069
102.65600000000001,3.6287815511850186
102.657,3.6306559163355905
102.658,3.6325324751120061
102.65900000000001,3.634411199922762
102.66,3.6362920630995799
102.661,3.6381750368979251
102.66200000000001,3.6400600934975218
102.663,3.6419472050028814
102.664,3.6438363434438168
102.66500000000001,3.6457274807759701
102.666,3.6476205888813427
102.667,3.6495156395688193
102.66800000000001,3.6514126045746984
102.669,3.653311455563232
102.67,3.6552121641271524
102.67100000000001,3.6571147017882089
102.672,3.6590190399977098
102.673,3.6609251501370625
102.67400000000001,3.662833003518311
102.675,3.6647425713846875
102.676,3.6666538249111467
102.67700000000001,3.6685667352049292
102.678,3.6704812733060939
102.679,3.672397410188081
102.68000000000001,3.6743151167582591
102.681,3.6762343638584865
102.682,3.6781551222656619
102.68300000000001,3.6800773626922796
102.684,3.6820010557870013
102.685,3.6839261721352079
102.68600000000001,3.6858526822595667
102.687,3.6877805566205941
102.688,3.689709765617228
102.68899999999999,3.6916402795873902
102.69,3.6935720688085611
102.691,3.6955051034983493
102.69199999999999,3.6974393538150654
102.693,3.699374789858302
102.694,3.7013113816694991
102.69499999999999,3.7032490992325338
102.696,3.7051879124742957
102.697,3.7071277912652691
102.69799999999999,3.7090687054201155
102.699,3.7110106246982575
102.7,3.7129535188044676
102.70099999999999,3.7148973573894528
102.702,3.7168421100504494
102.703,3.7187877463318015
102.70399999999999,3.7207342357255699
102.705,3.7226815476721118
102.706,3.7246296515606803
102.70699999999999,3.726578516730024
102.708,3.7285281124689833
102.709,3.7304784080170847
102.70999999999999,3.7324293725651465
102.711,3.7343809752558839
102.712,3.7363331851845016
102.71299999999999,3.7382859713993071
102.714,3.7402393029023155
102.715,3.7421931486498563
102.71599999999999,3.7441474775531782
102.717,3.7461022584790644
102.718,3.7480574602504388
102.71899999999999,3.7500130516469845
102.72,3.7519690014057492
102.721,3.753925278221768
102.72199999999999,3.7558818507486746
102.723,3.7578386875993157
102.724,3.7597957573463798
102.72499999999999,3.7617530285230067
102.726,3.7637104696234074
102.727,3.7656680491034962
102.72799999999999,3.7676257353815039
102.729,3.7695834968386031
102.73,3.7715413018195374
102.73099999999999,3.7734991186332429
102.732,3.775456915553475
102.733,3.7774146608194465
102.73399999999999,3.7793723226364406
102.735,3.7813298691764468
102.736,3.7832872685788042
102.73699999999999,3.785244488950811
102.738,3.7872014983683826
102.739,3.7891582648766597
102.73999999999999,3.7911147564906651
102.741,3.793070941195924
102.742,3.7950267869491094
102.74299999999999,3.796982261678675
102.744,3.7989373332854974
102.745,3.8008919696435051
102.746,3.8028461386003363
102.747,3.8047998079779584
102.748,3.8067529455733284
102.749,3.8087055191590178
102.75,3.8106574964838744
102.751,3.8126088452736475
102.752,3.8145595332316384
102.753,3.8165095280393571
102.754,3.8184587973571498
102.755,3.820407308824854
102.756,3.8223550300624494
102.75700000000001,3.8243019286706961
102.758,3.8262479722317879
102.759,3.8281931283100032
102.76000000000001,3.8301373644523515
102.761,3.8320806481892236
102.762,3.834022947035038
102.76300000000001,3.8359642284889004
102.764,3.837904460035249
102.765,3.8398436091445074
102.76600000000001,3.8417816432737375
102.767,3.8437185298672913
102.768,3.8456542363574702
102.76900000000001,3.8475887301651648
102.77,3.8495219787005253
102.771,3.8514539493636049
102.77200000000001,3.853384609545019
102.773,3.8553139266266001
102.774,3.8572418679820499
102.77500000000001,3.8591684009775991
102.776,3.8610934929726657
102.777,3.8630171113205014
102.77800000000001,3.8649392233688609
102.779,3.8668597964606448
102.78,3.8687787979345725
102.78100000000001,3.8706961951258254
102.782,3.8726119553667155
102.783,3.8745260459873307
102.78400000000001,3.8764384343162055
102.785,3.878349087680971
102.786,3.8802579734090132
102.78700000000001,3.882165058828134
102.788,3.8840703112672115
102.789,3.8859736980568504
102.79000000000001,3.8878751865300449
102.791,3.8897747440228434
102.792,3.8916723378749891
102.79300000000001,3.8935679354306014
102.794,3.895461504038817
102.795,3.8973530110544505
102.79600000000001,3.899242423838662
102.797,3.9011297097596067
102.798,3.9030148361930923
102.79900000000001,3.9048977705232426
102.8,3.9067784801431529
102.801,3.9086569324555471
102.80200000000001,3.9105330948734309
102.803,3.9124069348207602
102.804,3.9142784197330842
102.80500000000001,3.9161475170582136
102.806,3.9180141942568758
102.807,3.9198784188033597
102.80800000000001,3.921740158186191
102.809,3.9235993799087652
102.81,3.925456051490027
102.81100000000001,3.9273101404651038
102.812,3.9291616143859782
102.813,3.9310104408221322
102.81399999999999,3.9328565873611971
102.815,3.9347000216096228
102.816,3.9365407111933157
102.81699999999999,3.9383786237583003
102.818,3.9402137269713684
102.819,3.9420459885207269
102.81999999999999,3.9438753761166616
102.821,3.9457018574921721
102.822,3.9475254004036326
102.82299999999999,3.9493459726314404
102.824,3.9511635419806606
102.825,3.9529780762816804
102.82599999999999,3.9547895433908549
102.827,3.9565979111911505
102.828,3.9584031475927945
102.82899999999999,3.9602052205339291
102.83,3.962004097981243
102.831,3.9637997479306222
102.83199999999999,3.9655921384078008
102.833,3.9673812374689907
102.834,3.9691670132015382
102.83499999999999,3.9709494337245523
102.836,3.9727284671895591
102.837,3.9745040817811326
102.83799999999999,3.9762762457175382
102.839,3.9780449272513678
102.84,3.9798100946701842
102.84099999999999,3.9815717162971493
102.842,3.9833297604916682
102.843,3.9850841956500194
102.84399999999999,3.986834990205991
102.845,3.9885821126315157
102.846,3.9903255314372936
102.84699999999999,3.9920652151734375
102.848,3.9938011324300948
102.849,3.9955332518380802
102.84999999999999,3.9972615420694986
102.851,3.998985971838378
102.852,4.0007065099012982
102.85299999999999,4.0024231250580069
102.854,4.0041357861520481
102.855,4.0058444620713898
102.85599999999999,4.0075491217490411
102.857,4.0092497341636699
102.858,4.0109462683402315
102.85899999999999,4.0126386933505795
102.86,4.0143269783140818
102.861,4.0160110923982479
102.86199999999999,4.0176910048193273
102.863,4.019366684842935
102.864,4.0210381017846641
102.86499999999999,4.0227052250106876
102.866,4.0243680239383748
102.867,4.026026468036898
102.86799999999999,4.0276805268278437
102.869,4.0293301698858102
102.87,4.0309753668390158
102.871,4.0326160873699077
102.872,4.0342523012157514
102.873,4.0358839781692408
102.874,4.0375110880790963
102.875,4.0391336008506551
102.876,4.04075148644647
102.877,4.0423647148869133
102.878,4.0439732562507542
102.879,4.0455770806757565
102.88,4.0471761583592798
102.881,4.0487704595588445
102.88200000000001,4.0503599545927429
102.883,4.0519446138406012
102.884,4.0535244077439838
102.88500000000001,4.0550993068069667
102.886,4.0566692815967089
102.887,4.0582343027440446
102.88800000000001,4.0597943409440624
102.889,4.0613493669566596
102.89,4.0628993516071397
102.89100000000001,4.0644442657867721
102.892,4.0659840804533642
102.893,4.0675187666318298
102.89400000000001,4.0690482954147607
102.895,4.0705726379629805
102.896,4.0720917655061202
102.89700000000001,4.0736056493431771
102.898,4.0751142608430628
102.899,4.0766175714451798
102.90000000000001,4.0781155526599617
102.901,4.079608176069434
102.902,4.0810954133277688
102.90300000000001,4.0825772361618311
102.904,4.0840536163717225
102.905,4.0855245258313442
102.90600000000001,4.0869899364889237
102.907,4.088449820367563
102.908,4.0899041495657888
102.90900000000001,4.0913528962580781
102.91,4.0927960326954018
102.911,4.094233531205755
102.91200000000001,4.0956653641946996
102.913,4.0970915041458822
102.914,4.0985119236215697
102.91500000000001,4.0999265952631792
102.916,4.1013354917917937
102.917,4.10273858600869
102.91800000000001,4.1041358507958599
102.919,4.1055272591165259
102.92,4.1069127840156581
102.92100000000001,4.1082923986204856
102.922,4.1096660761410151
102.923,4.1110337898705334
102.92400000000001,4.1123955131861205
102.925,4.1137512195491457
102.926,4.1151008825057849
102.92700000000001,4.1164444756875067
102.928,4.1177819728115814
102.929,4.1191133476815711
102.93000000000001,4.1204385741878307
102.931,4.1217576263079865
102.932,4.1230704781074419
102.93300000000001,4.1243771037398522
102.934,4.1256774774476188
102.935,4.1269715735623587
102.93600000000001,4.1282593665054002
102.937,4.129540830788252
102.938,4.1308159410130783
102.93899999999999,4.1320846718731712
102.94,4.1333469981534279
102.941,4.1346028947308122
102.94199999999999,4.135852336574823
102.943,4.1370952987479575
102.944,4.1383317564061715
102.94499999999999,4.1395616847993377
102.946,4.1407850592717041
102.947,4.1420018552623441
102.94799999999999,4.1432120483056112
102.949,4.1444156140315815
102.95,4.1456125281665068
102.95099999999999,4.1468027665332547
102.952,4.1479863050517469
102.953,4.1491631197394074
102.95399999999999,4.150333186711582
102.955,4.1514964821819875
102.956,4.1526529824631329
102.95699999999999,4.1538026639667498
102.958,4.1549455032042228
102.959,4.1560814767870022
102.95999999999999,4.1572105614270365
102.961,4.1583327339371747
102.962,4.1594479712315984
102.96299999999999,4.160556250326219
102.964,4.1616575483391003
102.965,4.1627518424908514
102.96599999999999,4.1638391101050489
102.967,4.164919328608617
102.968,4.1659924755322448
102.96899999999999,4.167058528510772
102.97,4.1681174652835837
102.971,4.1691692636950117
102.97199999999999,4.1702139016946971
102.973,4.1712513573380061
102.974,4.1722816087863945
102.97499999999999,4.173304634307784
102.976,4.1743204122769511
102.977,4.1753289211758968
102.97799999999999,4.176330139594211
102.979,4.1773240462294527
102.98,4.1783106198875029
102.98099999999999,4.1792898394829381
102.982,4.180261684039384
102.983,4.181226132689873
102.98399999999999,4.1821831646772027
102.985,4.1831327593542751
102.986,4.1840748961844678
102.98699999999999,4.1850095547419528
102.988,4.1859367147120565
102.989,4.1868563558915985
102.98999999999999,4.1877684581892147
102.991,4.1886730016257143
102.992,4.1895699663343855
102.99299999999999,4.1904593325613391
102.994,4.1913410806658344
102.995,4.1922151911205896
102.996,4.193081644512116
102.997,4.1939404215410194
102.998,4.1947915030223228
102.999,4.1956348698857786
103,4.1964705031761627
103.001,4.1972983840535969
103.002,4.1981184937938334
103.003,4.1989308137885644
103.004,4.1997353255457126
103.005,4.2005320106897228
103.006,4.2013208509618583
103.00700000000001,4.2021018282204734
103.008,4.2028749244413115
103.009,4.2036401217177719
103.01000000000001,4.2043974022612005
103.011,4.2051467484011482
103.012,4.2058881425856596
103.01300000000001,4.2066215673815215
103.014,4.2073470054745457
103.015,4.2080644396698217
103.01600000000001,4.208773852891972
103.017,4.2094752281854149
103.018,4.2101685487146154
103.01900000000001,4.2108537977643259
103.02,4.2115309587398517
103.021,4.2122000151672738
103.02200000000001,4.2128609506936971
103.023,4.2135137490874923
103.024,4.2141583942385221
103.02500000000001,4.214794870158376
103.026,4.2154231609805919
103.027,4.2160432509608965
103.02800000000001,4.216655124477402
103.029,4.2172587660308425
103.03,4.2178541602447899
103.03100000000001,4.21844129186585
103.032,4.2190201457638876
103.033,4.2195907069322232
103.03400000000001,4.2201529604878374
103.035,4.2207068916715684
103.036,4.2212524858483125
103.03700000000001,4.2217897285072139
103.038,4.2223186052618553
103.039,4.2228391018504414
103.04000000000001,4.2233512041359837
103.041,4.2238548981064836
103.042,4.2243501698751089
103.04300000000001,4.2248370056803601
103.044,4.225315391886256
103.045,4.2257853149824811
103.04600000000001,4.2262467615845667
103.047,4.2266997184340456
103.048,4.2271441723986092
103.04900000000001,4.2275801104722612
103.05,4.2280075197754678
103.051,4.2284263875553174
103.05200000000001,4.2288367011856494
103.053,4.2292384481672061
103.054,4.2296316161277661
103.05500000000001,4.2300161928222817
103.056,4.2303921661330177
103.057,4.230759524069664
103.05800000000001,4.2311182547694797
103.059,4.2314683464974037
103.06,4.2318097876461751
103.06100000000001,4.2321425667364538
103.062,4.2324666724169298
103.063,4.2327820934644382
103.06399999999999,4.2330888187840561
103.065,4.2333868374092107
103.066,4.2336761385017843
103.06699999999999,4.2339567113522012
103.068,4.2342285453795334
103.069,4.2344916301315756
103.06999999999999,4.2347459552849473
103.071,4.2349915106451661
103.072,4.2352282861467332
103.07299999999999,4.2354562718532112
103.074,4.2356754579572975
103.075,4.2358858347808921
103.07599999999999,4.2360873927751719
103.077,4.2362801225206486
103.078,4.2364640147272334
103.07899999999999,4.2366390602342996
103.08,4.2368052500107289
103.081,4.2369625751549638
103.08199999999999,4.2371110268950689
103.083,4.2372505965887619
103.084,4.2373812757234575
103.08499999999999,4.2375030559163172
103.086,4.2376159289142752
103.087,4.2377198865940731
103.08799999999999,4.2378149209622888
103.089,4.2379010241553647
103.09,4.2379781884396301
103.09099999999999,4.2380464062113221
103.092,4.2381056699965987
103.093,4.2381559724515574
103.09399999999999,4.23819730636224
103.095,4.2382296646446456
103.096,4.2382530403447278
103.09699999999999,4.2382674266384051
103.098,4.2382728168315484
103.099,4.2382692043599786
103.09999999999999,4.2382565827894672
103.101,4.2382349458157043
103.102,4.2382042872643098
103.10299999999999,4.2381646010907916
103.104,4.2381158813805397
103.105,4.2380581223487974
103.10599999999999,4.2379913183406233
103.107,4.2379154638308867
103.108,4.237830553424204
103.10899999999999,4.2377365818549215
103.11,4.2376335439870694
103.111,4.237521434814318
103.11199999999999,4.2374002494599337
103.113,4.2372699831767271
103.114,4.2371306313470027
103.11499999999999,4.2369821894825019
103.116,4.2368246532243496
103.117,4.2366580183429825
103.11799999999999,4.2364822807380973
103.119,4.236297436438571
103.12,4.2361034816023988
103.121,4.2359004125166129
103.122,4.2356882255972153
103.123,4.2354669173890871
103.124,4.2352364845659123
103.125,4.2349969239300931
103.126,4.2347482324126551
103.127,4.2344904070731593
103.128,4.2342234450996052
103.129,4.2339473438083353
103.13,4.2336621006439303
103.131,4.2333677131791108
103.13200000000001,4.2330641791146206
103.133,4.2327514962791293
103.134,4.2324296626291096
103.13500000000001,4.2320986762487287
103.136,4.2317585353497176
103.137,4.2314092382712669
103.13800000000001,4.2310507834798843
103.139,4.2306831695692795
103.14,4.2303063952602278
103.14100000000001,4.2299204594004376
103.142,4.2295253609644154
103.143,4.2291210990533266
103.14400000000001,4.2287076728948492
103.145,4.2282850818430298
103.146,4.2278533253781454
103.14700000000001,4.2274124031065359
103.148,4.2269623147604625
103.149,4.2265030601979507
103.15000000000001,4.2260346394026236
103.151,4.2255570524835431
103.152,4.2250702996750498
103.15300000000001,4.2245743813365877
103.154,4.2240692979525383
103.155,4.2235550501320454
103.15600000000001,4.2230316386088385
103.157,4.2224990642410534
103.158,4.2219573280110536
103.15900000000001,4.2214064310252413
103.16,4.2208463745138731
103.161,4.2202771598308644
103.16200000000001,4.2196987884536084
103.163,4.2191112619827669
103.164,4.2185145821420811
103.16500000000001,4.2179087507781645
103.166,4.2172937698603095
103.167,4.216669641480264
103.16800000000001,4.2160363678520394
103.169,4.2153939513116914
103.17,4.2147423943171001
103.17100000000001,4.2140816994477639
103.172,4.2134118694045748
103.173,4.2127329070095927
103.17400000000001,4.2120448152058279
103.175,4.2113475970570073
103.176,4.2106412557473458
103.17700000000001,4.2099257945813147
103.178,4.2092012169834065
103.179,4.2084675264978983
103.18000000000001,4.2077247267886078
103.181,4.2069728216386544
103.182,4.2062118149502083
103.18300000000001,4.2054417107442497
103.184,4.2046625131603115
103.185,4.2038742264562359
103.18600000000001,4.2030768550079021
103.187,4.2022704033089893
103.188,4.2014548759707013
103.18899999999999,4.2006302777215057
103.19,4.1997966134068792
103.191,4.1989538879890258
103.19199999999999,4.1981021065466138
103.193,4.1972412742745027
103.194,4.1963713964834728
103.19499999999999,4.1954924785999363
103.196,4.1946045261656675
103.197,4.1937075448375243
103.19799999999999,4.1928015403871459
103.199,4.1918865187006862
103.2,4.1909624857785177
103.20099999999999,4.1900294477349354
103.202,4.1890874107978657
103.203,4.1881363813085768
103.20399999999999,4.1871763657213732
103.205,4.186207370603297
103.206,4.1852294026338326
103.20699999999999,4.1842424686045847
103.208,4.1832465754189947
103.209,4.1822417300920094
103.20999999999999,4.1812279397497853
103.211,4.1802052116293629
103.212,4.1791735530783667
103.21299999999999,4.1781329715546693
103.214,4.1770834746260874
103.215,4.1760250699700414
103.21599999999999,4.1749577653732528
103.217,4.1738815687314013
103.218,4.1727964880488058
103.21899999999999,4.1717025314380862
103.22,4.1705997071198375
103.221,4.1694880234222946
103.22199999999999,4.1683674887809907
103.223,4.1672381117384214
103.224,4.1660999009437072
103.22499999999999,4.1649528651522489
103.226,4.1637970132253788
103.227,4.1626323541300216
103.22799999999999,4.161458896938341
103.229,4.1602766508273881
103.23,4.159085625078756
103.23099999999999,4.1578858290782188
103.232,4.1566772723153793
103.233,4.1554599643833035
103.23399999999999,4.1542339149781773
103.235,4.1529991338989278
103.236,4.1517556310468686
103.23699999999999,4.150503416425332
103.238,4.1492425001393034
103.239,4.1479728923950496
103.23999999999999,4.1466946034997516
103.241,4.1454076438611303
103.242,4.1441120239870717
103.24299999999999,4.1428077544852533
103.244,4.1414948460627672
103.245,4.1401733095257347
103.246,4.1388431557789325
103.247,4.1375043958254052
103.248,4.1361570407660864
103.249,4.1348011017994066
103.25,4.1334365902209083
103.251,4.1320635174228579
103.252,4.1306818948938568
103.253,4.129291734218441
103.254,4.1278930470766975
103.255,4.1264858452438604
103.256,4.1250701405899219
103.25700000000001,4.1236459450792271
103.258,4.1222132707700769
103.259,4.1207721298143252
103.26000000000001,4.1193225344569777
103.261,4.1178644970357903
103.262,4.1163980299808554
103.26300000000001,4.1149231458141982
103.264,4.1134398571493751
103.265,4.1119481766910537
103.26600000000001,4.1104481172346041
103.267,4.1089396916656931
103.268,4.1074229129598541
103.26900000000001,4.1058977941820958
103.27,4.1043643484864587
103.271,4.1028225891156174
103.27200000000001,4.1012725294004513
103.273,4.0997141827596284
103.274,4.0981475626991806
103.27500000000001,4.0965726828120781
103.276,4.0949895567778141
103.277,4.0933981983619727
103.27800000000001,4.0917986214158004
103.279,4.0901908398757838
103.28,4.0885748677632145
103.28100000000001,4.0869507191837675
103.282,4.0853184083270611
103.283,4.0836779494662281
103.28400000000001,4.0820293569574844
103.285,4.0803726452396889
103.286,4.0787078288339149
103.28700000000001,4.0770349223430085
103.288,4.0753539404511496
103.289,4.07366489792342
103.29000000000001,4.0719678096053569
103.291,4.0702626904225152
103.292,4.0685495553800237
103.29300000000001,4.0668284195621478
103.294,4.0650992981318383
103.295,4.0633622063302903
103.29600000000001,4.0616171594765058
103.297,4.0598641729668286
103.298,4.0581032622745168
103.29900000000001,4.056334442949284
103.3,4.0545577306168523
103.301,4.0527731409785055
103.30200000000001,4.0509806898106318
103.303,4.0491803929642813
103.304,4.0473722663647109
103.30500000000001,4.0455563260109235
103.306,4.0437325879752271
103.307,4.0419010684027761
103.30800000000001,4.0400617835111099
103.309,4.0382147495897058
103.31,4.0363599829995191
103.31100000000001,4.034497500172523
103.312,4.0326273176112588
103.313,4.0307494518883704
103.31399999999999,4.0288639196461489
103.315,4.026970737596069
103.316,4.0250699225183375
103.31699999999999,4.0231614912614226
103.318,4.0212454607415991
103.319,4.0193218479424866
103.31999999999999,4.0173906699145832
103.321,4.0154519437748064
103.322,4.0135056867060257
103.32299999999999,4.0115519159566082
103.324,4.009590648839942
103.325,4.0076219027339812
103.32599999999999,4.0056456950807728
103.327,4.0036620433860026
103.328,4.0016709652185156
103.32899999999999,3.9996724782098649
103.33,3.9976666000538277
103.331,3.9956533485059547
103.33199999999999,3.9936327413830934
103.333,3.9916047965629229
103.334,3.9895695319834896
103.33499999999999,3.9875269656427301
103.336,3.9854771155980107
103.337,3.983419999965661
103.33799999999999,3.9813556369204965
103.339,3.9792840446953521
103.34,3.9772052415806192
103.34099999999999,3.9751192459237679
103.342,3.9730260761288845
103.343,3.9709257506561926
103.34399999999999,3.9688182880215939
103.345,3.9667037067961921
103.346,3.9645820256058215
103.34699999999999,3.962453263130584
103.348,3.9603174381043678
103.349,3.9581745693143864
103.34999999999999,3.9560246756007054
103.351,3.9538677758557697
103.352,3.9517038890239347
103.35299999999999,3.9495330341009982
103.354,3.9473552301337271
103.355,3.9451704962193865
103.35599999999999,3.9429788515052708
103.357,3.9407803151882366
103.358,3.938574906514221
103.35899999999999,3.9363626447777884
103.36,3.9341435493216474
103.361,3.9319176395361861
103.36199999999999,3.9296849348590008
103.363,3.9274454547744266
103.364,3.9251992188130682
103.36499999999999,3.9229462465513327
103.366,3.9206865576109564
103.367,3.9184201716585436
103.36799999999999,3.9161471084050845
103.369,3.9138673876055003
103.37,3.9115810290581674
103.371,3.909288052604456
103.372,3.9069884781282562
103.373,3.9046823255555099
103.374,3.9023696148537503
103.375,3.9000503660316337
103.376,3.8977245991384706
103.377,3.89539233426376
103.378,3.8930535915367246
103.379,3.8907083911258438
103.38,3.8883567532383987
103.381,3.8859986981199945
103.38200000000001,3.8836342460541031
103.383,3.8812634173615983
103.384,3.878886232400296
103.38500000000001,3.8765027115644877
103.386,3.8741128752844816
103.387,3.8717167440261369
103.38800000000001,3.8693143382904083
103.389,3.8669056786128833
103.39,3.8644907855633193
103.39100000000001,3.8620696797451899
103.392,3.8596423817952212
103.393,3.8572089123829354
103.39400000000001,3.8547692922101966
103.395,3.8523235420107493
103.396,3.849871682549761
103.39700000000001,3.8474137346233732
103.398,3.8449497190582393
103.399,3.8424796567110757
103.40000000000001,3.840003568468207
103.401,3.8375214752451079
103.402,3.8350333979859563
103.40300000000001,3.8325393576631832
103.404,3.8300393752770194
103.405,3.8275334718550393
103.40600000000001,3.8250216684517255
103.407,3.8225039861480052
103.408,3.8199804460508169
103.40900000000001,3.81745106929265
103.41,3.8149158770311127
103.411,3.8123748904484707
103.41200000000001,3.8098281307512192
103.413,3.8072756191696238
103.414,3.8047173769572975
103.41500000000001,3.8021534253907285
103.416,3.7995837857688786
103.417,3.7970084794127077
103.41800000000001,3.7944275276647561
103.419,3.7918409518886973
103.42,3.7892487734689038
103.42100000000001,3.78665101381001
103.422,3.78404769433648
103.423,3.7814388364921658
103.42400000000001,3.7788244617398838
103.425,3.7762045915609725
103.426,3.7735792474548688
103.42700000000001,3.7709484509386773
103.428,3.7683122235467339
103.429,3.7656705868301845
103.43000000000001,3.76302356235656
103.431,3.7603711717093402
103.432,3.7577134364875393
103.43300000000001,3.7550503783052758
103.434,3.7523820187913515
103.435,3.7497083795888333
103.43600000000001,3.7470294823546242
103.437,3.7443453487590528
103.438,3.7416560004854498
103.43899999999999,3.7389614592297367
103.44,3.7362617467000012
103.441,3.7335568846160907
103.44199999999999,3.7308468947091917
103.443,3.7281317987214262
103.444,3.7254116184054338
103.44499999999999,3.7226863755239625
103.446,3.719956091849463
103.447,3.717220789163683
103.44799999999999,3.7144804892572516
103.449,3.7117352139292876
103.45,3.7089849849869845
103.45099999999999,3.7062298242452174
103.452,3.7034697535261385
103.453,3.7007047946587717
103.45399999999999,3.6979349694786254
103.455,3.6951602998272888
103.456,3.6923808075520359
103.45699999999999,3.6895965145054346
103.458,3.68680744254495
103.459,3.6840136135325627
103.45999999999999,3.6812150493343614
103.461,3.6784117718201665
103.462,3.6756038028631455
103.46299999999999,3.6727911643394187
103.464,3.6699738781276761
103.465,3.6671519661087997
103.46599999999999,3.6643254501654754
103.467,3.6614943521818208
103.468,3.6586586940429981
103.46899999999999,3.6558184976348391
103.47,3.6529737848434758
103.471,3.6501245775549584
103.47199999999999,3.6472708976548853
103.473,3.6444127670280331
103.474,3.6415502075579838
103.47499999999999,3.6386832411267633
103.476,3.635811889614466
103.477,3.6329361748988935
103.47799999999999,3.6300561188551947
103.479,3.6271717433554942
103.48,3.6242830702685449
103.48099999999999,3.6213901214593571
103.482,3.6184929187888493
103.483,3.6155914841134882
103.48399999999999,3.6126858392849321
103.485,3.6097760061496889
103.486,3.6068620065487504
103.48699999999999,3.6039438623172586
103.488,3.6010215952841431
103.489,3.5980952272717861
103.48999999999999,3.5951647800956721
103.491,3.5922302755640469
103.492,3.5892917354775786
103.49299999999999,3.5863491816290107
103.494,3.5834026358028375
103.495,3.5804521197749528
103.496,3.5774976553123263
103.497,3.5745392641726648
103.498,3.5715769681040852
103.499,3.5686107888447856
103.5,3.5656407481227106
103.501,3.5626668676552322
103.502,3.5596891691488235
103.503,3.556707674298738
103.504,3.553722404788684
103.505,3.5507333822905141
103.506,3.5477406284638899
103.50700000000001,3.5447441649559961
103.508,3.541744013401197
103.509,3.5387401954207407
103.51000000000001,3.5357327326224475
103.511,3.5327216466003968
103.512,3.5297069589346224
103.51300000000001,3.5266886911908086
103.514,3.5236668649199858
103.515,3.5206415016582318
103.51600000000001,3.517612622926368
103.517,3.5145802502296659
103.518,3.5115444050575455
103.51900000000001,3.5085051088832895
103.52,3.5054623831637439
103.521,3.5024162493390305
103.52200000000001,3.4993667288322561
103.523,3.4963138430492311
103.524,3.4932576133781801
103.52500000000001,3.4901980611894565
103.526,3.4871352078352649
103.527,3.4840690746493879
103.52800000000001,3.4809996829468917
103.529,3.4779270540238683
103.53,3.4748512091571486
103.53100000000001,3.4717721696040416
103.532,3.4686899566020521
103.533,3.4656045913686251
103.53400000000001,3.4625160951008667
103.535,3.4594244889752934
103.536,3.4563297941475559
103.53700000000001,3.453232031752191
103.538,3.450131222902348
103.539,3.4470273886895546
103.54000000000001,3.4439205501834342
103.541,3.4408107284314751
103.542,3.4376979444587636
103.54300000000001,3.4345822192677504
103.544,3.4314635738379922
103.545,3.428342029125905
103.54600000000001,3.4252176060645265
103.547,3.4220903255632784
103.548,3.4189602085077118
103.54900000000001,3.4158272757592876
103.55,3.4126915481551228
103.551,3.4095530465077752
103.55200000000001,3.4064117916049952
103.553,3.403267804209503
103.554,3.4001211050587621
103.55500000000001,3.3969717148647529
103.556,3.3938196543137451
103.557,3.3906649440660743
103.55800000000001,3.3875076047559283
103.559,3.3843476569911237
103.56,3.3811851213528934
103.56100000000001,3.378020018395667
103.562,3.3748523686468581
103.563,3.3716821926066638
103.56399999999999,3.3685095107478449
103.565,3.3653343435155234
103.566,3.3621567113269779
103.56699999999999,3.3589766345714436
103.568,3.3557941336099026
103.569,3.352609228774897
103.56999999999999,3.349421940370326
103.571,3.3462322886712474
103.572,3.3430402939236936
103.57299999999999,3.3398459763444697
103.574,3.3366493561209754
103.575,3.3334504534110141
103.57599999999999,3.330249288342602
103.577,3.3270458810137926
103.578,3.3238402514924905
103.57899999999999,3.320632419816282
103.58,3.3174224059922395
103.581,3.3142102299967635
103.58199999999999,3.3109959117754029
103.583,3.3077794712426836
103.584,3.3045609282819384
103.58499999999999,3.301340302745138
103.586,3.2981176144527335
103.587,3.2948928831934836
103.58799999999999,3.2916661287242972
103.589,3.2884373707700756
103.59,3.2852066290235489
103.59099999999999,3.2819739231451308
103.592,3.2787392727627518
103.593,3.2755026974717176
103.59399999999999,3.2722642168345533
103.595,3.2690238503808633
103.596,3.2657816176071734
103.59699999999999,3.2625375379768009
103.598,3.2592916309196953
103.599,3.2560439158323202
103.59999999999999,3.2527944120774954
103.601,3.2495431389842704
103.602,3.2462901158477888
103.60299999999999,3.2430353619291568
103.604,3.2397788964553111
103.605,3.2365207386188897
103.60599999999999,3.2332609075781082
103.607,3.2299994224566371
103.608,3.226736302343471
103.60899999999999,3.2234715662928157
103.61,3.2202052333239632
103.611,3.2169373224211872
103.61199999999999,3.2136678525336118
103.613,3.2103968425751073
103.614,3.2071243114241792
103.61499999999999,3.2038502779238596
103.616,3.200574760881596
103.617,3.1972977790691495
103.61799999999999,3.1940193512224861
103.619,3.1907394960416879
103.62,3.1874582321908349
103.621,3.1841755782979244
103.622,3.1808915529547623
103.623,3.1776061747168791
103.624,3.1743194621034334
103.625,3.1710314335971179
103.626,3.1677421076440764
103.627,3.1644515026538165
103.628,3.1611596369991264
103.629,3.1578665290159882
103.63,3.1545721970034966
103.631,3.1512766592237842
103.63200000000001,3.1479799339019472
103.633,3.1446820392259554
103.634,3.1413829933465993
103.63500000000001,3.1380828143774018
103.636,3.1347815203945557
103.637,3.1314791294368569
103.63800000000001,3.1281756595056311
103.639,3.1248711285646822
103.64,3.1215655545402163
103.64100000000001,3.1182589553207878
103.642,3.1149513487572431
103.643,3.1116427526626564
103.64400000000001,3.1083331848122819
103.645,3.1050226629434943
103.646,3.1017112047557411
103.64700000000001,3.0983988279104904
103.648,3.0950855500311887
103.649,3.0917713887032008
103.65000000000001,3.0884563614737854
103.651,3.085140485852031
103.652,3.0818237793088352
103.65300000000001,3.0785062592768488
103.654,3.0751879431504476
103.655,3.0718688482856944
103.65600000000001,3.0685489920003057
103.657,3.0652283915736196
103.658,3.0619070642465598
103.65900000000001,3.0585850272216155
103.66,3.0552622976628157
103.661,3.0519388926956865
103.66200000000001,3.0486148294072519
103.663,3.04529012484599
103.664,3.0419647960218281
103.66500000000001,3.038638859906118
103.666,3.0353123334316181
103.667,3.0319852334924793
103.66800000000001,3.0286575769442368
103.669,3.0253293806037864
103.67,3.0220006612493875
103.67100000000001,3.0186714356206448
103.672,3.0153417204185078
103.673,3.0120115323052601
103.67400000000001,3.0086808879045228
103.675,3.0053498038012441
103.676,3.0020182965417073
103.67700000000001,2.9986863826335233
103.678,2.9953540785456436
103.679,2.9920214007083539
103.68000000000001,2.9886883655132919
103.681,2.9853549893134423
103.682,2.9820212884231592
103.68300000000001,2.9786872791181644
103.684,2.9753529776355694
103.685,2.9720184001738841
103.68600000000001,2.968683562893033
103.687,2.9653484819143729
103.688,2.9620131733207171
103.68899999999999,2.958677653156339
103.69,2.9553419374270162
103.691,2.9520060421000354
103.69199999999999,2.9486699831042271
103.693,2.9453337763299849
103.694,2.9419974376293005
103.69499999999999,2.9386609828157866
103.696,2.9353244276647121
103.697,2.9319877879130298
103.69799999999999,2.9286510792594136
103.699,2.9253143173642928
103.7,2.9219775178498879
103.70099999999999,2.9186406963002449
103.702,2.9153038682612831
103.703,2.9119670492408281
103.70399999999999,2.9086302547086595
103.705,2.9052935000965481
103.706,2.9019568007983083
103.70699999999999,2.8986201721698373
103.708,2.8952836295291693
103.709,2.8919471881565206
103.70999999999999,2.8886108632943408
103.711,2.8852746701473664
103.712,2.8819386238826712
103.71299999999999,2.8786027396297227
103.714,2.8752670324804375
103.715,2.8719315174892399
103.71599999999999,2.8685962096731159
103.717,2.8652611240116816
103.718,2.8619262754472348
103.71899999999999,2.8585916788848209
103.72,2.8552573491923035
103.721,2.8519233012004159
103.72199999999999,2.8485895497028384
103.723,2.8452561094562627
103.724,2.8419229951804614
103.72499999999999,2.8385902215583534
103.726,2.8352578032360785
103.727,2.8319257548230725
103.72799999999999,2.8285940908921381
103.729,2.8252628259795198
103.73,2.8219319745849765
103.73099999999999,2.8186015511718687
103.732,2.8152715701672277
103.733,2.8119420459618358
103.73399999999999,2.8086129929103141
103.735,2.8052844253311959
103.736,2.8019563575070192
103.73699999999999,2.7986288036843985
103.738,2.7953017780741218
103.739,2.79197529485123
103.73999999999999,2.7886493681551112
103.741,2.7853240120895788
103.742,2.7819992407229739
103.74299999999999,2.7786750680882415
103.744,2.7753515081830415
103.745,2.7720285749698212
103.746,2.7687062823759221
103.747,2.7653846442936749
103.748,2.7620636745804874
103.749,2.7587433870589488
103.75,2.7554237955169292
103.751,2.7521049137076679
103.752,2.7487867553498853
103.753,2.74546933412788
103.754,2.7421526636916282
103.755,2.7388367576568902
103.756,2.7355216296053131
103.75700000000001,2.7322072930845351
103.758,2.7288937616082927
103.759,2.7255810486565273
103.76000000000001,2.7222691676754893
103.761,2.7189581320778551
103.762,2.7156479552428254
103.76300000000001,2.7123386505162492
103.764,2.7090302312107197
103.765,2.7057227106057007
103.76600000000001,2.7024161019476276
103.767,2.6991104184500325
103.768,2.6958056732936484
103.76900000000001,2.6925018796265352
103.77,2.6891990505641852
103.771,2.6858971991896476
103.77200000000001,2.6825963385536462
103.773,2.6792964816746951
103.774,2.6759976415392193
103.77500000000001,2.6726998311016756
103.776,2.6694030632846739
103.777,2.6661073509791007
103.77800000000001,2.6628127070442327
103.779,2.6595191443078749
103.78,2.6562266755664732
103.78100000000001,2.6529353135852429
103.782,2.6496450710982935
103.783,2.6463559608087555
103.78400000000001,2.6430679953889067
103.785,2.6397811874803021
103.786,2.6364955496938944
103.78700000000001,2.6332110946101763
103.788,2.6299278347792954
103.789,2.6266457827211926
103.79000000000001,2.6233649509257311
103.791,2.6200853518528282
103.792,2.6168069979325863
103.79300000000001,2.6135299015654256
103.794,2.610254075122215
103.795,2.6069795309444124
103.79600000000001,2.6037062813441905
103.797,2.6004343386045772
103.798,2.5971637149795885
103.79900000000001,2.5938944226943677
103.8,2.5906264739453135
103.801,2.5873598809002294
103.80200000000001,2.5840946556984474
103.803,2.5808308104509807
103.804,2.5775683572406405
103.80500000000001,2.5743073081222039
103.806,2.571047675122526
103.807,2.5677894702406956
103.80800000000001,2.5645327054481704
103.809,2.5612773926889187
103.81,2.5580235438795556
103.81100000000001,2.5547711709094956
103.812,2.5515202856410775
103.813,2.5482708999097259
103.81399999999999,2.545023025524078
103.815,2.5417766742661358
103.816,2.5385318578914031
103.81699999999999,2.5352885881290366
103.818,2.5320468766819815
103.819,2.5288067352271235
103.81999999999999,2.5255681754154256
103.821,2.5223312088720808
103.822,2.519095847196652
103.82299999999999,2.5158621019632226
103.824,2.5126299847205331
103.825,2.50939950699214
103.82599999999999,2.5061706802765484
103.827,2.5029435160473694
103.828,2.4997180257534612
103.82899999999999,2.4964942208190828
103.83,2.4932721126440258
103.831,2.4900517126037833
103.83199999999999,2.4868330320496805
103.833,2.4836160823090312
103.834,2.4804008746852797
103.83499999999999,2.4771874204581583
103.836,2.4739757308838222
103.837,2.4707658171950144
103.83799999999999,2.4675576906011987
103.839,2.4643513622887201
103.84,2.461146843420944
103.84099999999999,2.4579441451384163
103.842,2.454743278559
103.843,2.4515442547780379
103.84399999999999,2.4483470848684852
103.845,2.4451517798810798
103.846,2.4419583508444682
103.84699999999999,2.4387668087653771
103.848,2.435577164628747
103.849,2.4323894293978894
103.84999999999999,2.4292036140146323
103.851,2.4260197293994739
103.852,2.422837786451729
103.85299999999999,2.4196577960496812
103.854,2.4164797690507274
103.855,2.4133037162915327
103.85599999999999,2.4101296485881769
103.857,2.4069575767363052
103.858,2.4037875115112777
103.85899999999999,2.4006194636683174
103.86,2.397453443942656
103.861,2.3942894630496951
103.86199999999999,2.3911275316851381
103.863,2.3879676605251561
103.864,2.3848098602265222
103.86499999999999,2.3816541414267696
103.866,2.3785005147443363
103.867,2.3753489907787153
103.86799999999999,2.3721995801105993
103.869,2.3690522933020342
103.87,2.3659071408965606
103.871,2.3627641334193679
103.872,2.3596232813774356
103.873,2.3564845952596891
103.874,2.3533480855371351
103.875,2.3502137626630191
103.876,2.3470816370729652
103.877,2.3439517191851267
103.878,2.3408240194003311
103.879,2.3376985481022241
103.88,2.3345753156574189
103.881,2.3314543324156349
103.88200000000001,2.3283356087098523
103.883,2.3252191548564496
103.884,2.322104981155352
103.88500000000001,2.3189930978901692
103.886,2.3158835153283506
103.887,2.3127762437213173
103.88800000000001,2.3096712933046137
103.889,2.3065686742980427
103.89,2.3034683969058185
103.89100000000001,2.3003704713166964
103.892,2.297274907704125
103.893,2.2941817162263796
103.89400000000001,2.2910909070267111
103.895,2.2880024902334806
103.896,2.2849164759603022
103.89700000000001,2.2818328743061782
103.898,2.2787516953556479
103.899,2.2756729491789169
103.90000000000001,2.2725966458320008
103.901,2.2695227953568615
103.902,2.2664514077815463
103.90300000000001,2.2633824931203219
103.904,2.2603160613738154
103.905,2.2572521225291449
103.90600000000001,2.2541906865600589
103.907,2.2511317634270744
103.908,2.2480753630776031
103.90900000000001,2.2450214954460921
103.91,2.2419701704541555
103.911,2.238921398010707
103.91200000000001,2.2358751880120926
103.913,2.2328315503422247
103.914,2.2297904948727103
103.91500000000001,2.2267520314629796
103.916,2.2237161699604284
103.917,2.2206829202005296
103.91800000000001,2.2176522920069774
103.919,2.214624295191808
103.92,2.2115989395555293
103.92100000000001,2.2085762348872504
103.922,2.2055561909648027
103.923,2.2025388175548728
103.92400000000001,2.1995241244131218
103.925,2.1965121212843139
103.926,2.193502817902437
103.92700000000001,2.1904962239908312
103.928,2.187492349262306
103.929,2.1844912034192649
103.93000000000001,2.1814927961538282
103.931,2.1784971371479491
103.932,2.1755042360735413
103.93300000000001,2.1725141025925869
103.934,2.1695267463572661
103.935,2.1665421770100717
103.93600000000001,2.1635604041839183
103.937,2.1605814375022701
103.938,2.157605286579253
103.93899999999999,2.1546319610197617
103.94,2.1516614704195871
103.941,2.1486938243655151
103.94199999999999,2.1457290324354545
103.943,2.1427671041985343
103.944,2.1398080492152252
103.94499999999999,2.1368518770374409
103.946,2.1338985972086593
103.947,2.1309482192640172
103.94799999999999,2.1280007527304292
103.949,2.1250562071266876
103.95,2.1221145919635731
103.95099999999999,2.1191759167439579
103.952,2.1162401909629081
103.953,2.1133074241077909
103.95399999999999,2.1103776256583768
103.955,2.1074508050869398
103.956,2.104526971858359
103.95699999999999,2.1016061354302167
103.958,2.098688305252904
103.959,2.0957734907697096
103.95999999999999,2.0928617014169291
103.961,2.089952946623947
103.962,2.0870472358133463
103.96299999999999,2.0841445784009953
103.964,2.0812449837961418
103.965,2.0783484614015078
103.96599999999999,2.0754550206133815
103.967,2.07256467082171
103.968,2.0696774214101832
103.96899999999999,2.0667932817563281
103.97,2.0639122612315974
103.971,2.0610343692014523
103.97199999999999,2.0581596150254549
103.973,2.0552880080573446
103.974,2.0524195576451336
103.97499999999999,2.0495542731311813
103.976,2.046692163852279
103.977,2.0438332391397314
103.97799999999999,2.0409775083194401
103.979,2.0381249807119786
103.98,2.0352756656326707
103.98099999999999,2.0324295723916701
103.982,2.0295867102940353
103.983,2.0267470886398069
103.98399999999999,2.0239107167240782
103.985,2.0210776038370675
103.986,2.0182477592641992
103.98699999999999,2.0154211922861633
103.988,2.0125979121789932
103.989,2.0097779282141288
103.98999999999999,2.0069612496584917
103.991,2.0041478857745449
103.992,2.0013378458203626
103.99299999999999,1.9985311390496925
103.994,1.9957277747120217
103.995,1.9929277620526378
103.996,1.9901311103126909
103.997,1.9873378287292511
103.998,1.9845479265353734
103.999,1.9817614129601493
104,1.9789782972287702
104.001,1.9761985885625757
104.002,1.973422296179117
104.003,1.9706494292922003
104.004,1.9678799971119534
104.005,1.9651140088448593
104.006,1.9623514736938219
104.00700000000001,1.959592400858206
104.008,1.9568367995338907
104.009,1.9540846789133108
104.01000000000001,1.9513360481855062
104.011,1.9485909165361641
104.012,1.945849293147667
104.01300000000001,1.9431111871991265
104.014,1.9403766078664333
104.015,1.9376455643222874
104.01600000000001,1.9349180657362504
104.017,1.9321941212747662
104.018,1.9294737401012099
104.01900000000001,1.9267569313759156
104.02,1.924043704256218
104.021,1.9213340678964763
104.02200000000001,1.9186280314481103
104.023,1.9159256040596282
104.024,1.913226794876663
104.02500000000001,1.9105316130419889
104.026,1.9078400676955574
104.027,1.9051521679745163
104.02800000000001,1.9024679230132406
104.029,1.8997873419433469
104.03,1.897110433893725
104.03100000000001,1.8944372079905483
104.032,1.8917676733573026
104.033,1.8891018391147951
104.03400000000001,1.8864397143811811
104.035,1.8837813082719692
104.036,1.881126629900046
104.03700000000001,1.8784756883756786
104.038,1.8758284928065363
104.039,1.8731850522976949
104.04000000000001,1.8705453759516479
104.041,1.8679094728683157
104.042,1.8652773521450507
104.04300000000001,1.8626490228766435
104.044,1.8600244941553283
104.045,1.857403775070785
104.04600000000001,1.8547868747101397
104.047,1.8521738021579695
104.048,1.8495645664962974
104.04900000000001,1.8469591768045901
104.05,1.8443576421597605
104.051,1.8417599716361548
104.05200000000001,1.8391661743055558
104.053,1.8365762592371673
104.054,1.8339902354976108
104.05500000000001,1.8314081121509136
104.056,1.828829898258503
104.057,1.826255602879185
104.05799999999999,1.8236852350691373
104.059,1.8211188038818937
104.06,1.8185563183683264
104.06100000000001,1.81599778757663
104.062,1.8134432205523021
104.063,1.8108926263381213
104.06399999999999,1.8083460139741341
104.065,1.8058033924976207
104.066,1.8032647709430782
104.06700000000001,1.8007301583421929
104.068,1.7981995637238204
104.069,1.7956729961139453
104.06999999999999,1.7931504645356648
104.071,1.7906319780091486
104.072,1.7881175455516156
104.07299999999999,1.7856071761772929
104.074,1.7831008788973883
104.075,1.780598662720049
104.07599999999999,1.778100536650332
104.077,1.7756065096901565
104.078,1.773116590838272
104.07899999999999,1.7706307890902133
104.08,1.7681491134382625
104.081,1.7656715728714008
104.08199999999999,1.763198176375266
104.083,1.7607289329321052
104.084,1.7582638515207334
104.08499999999999,1.7558029411164746
104.086,1.7533462106911206
104.087,1.7508936692128731
104.08799999999999,1.7484453256462982
104.089,1.7460011889522677
104.09,1.7435612680879014
104.09099999999999,1.7411255720065171
104.092,1.7386941096575703
104.093,1.7362668899865921
104.09399999999999,1.7338439219351329
104.095,1.7314252144406947
104.096,1.7290107764366791
104.09699999999999,1.7266006168523091
104.098,1.7241947446125745
104.099,1.7217931686381562
104.09999999999999,1.7193958978453683
104.101,1.7170029411460774
104.102,1.7146143074476368
104.10299999999999,1.7122300056528164
104.104,1.7098500446597256
104.105,1.7074744333617415
104.10599999999999,1.7051031806474284
104.107,1.7027362954004621
104.108,1.7003737864995578
104.10899999999999,1.6980156628183778
104.11,1.6956619332254581
104.111,1.6933126065841271
104.11199999999999,1.6909676917524163
104.113,1.6886271975829787
104.114,1.686291132922999
104.11499999999999,1.6839595066141078
104.116,1.6816323274922977
104.117,1.6793096043878228
104.11799999999999,1.6769913461251136
104.119,1.6746775615226799
104.12,1.6723682593930236
104.121,1.6700634485425345
104.122,1.6677631377713991
104.123,1.6654673358735002
104.124,1.663176051636321
104.125,1.6608892938408371
104.126,1.6586070712614225
104.127,1.6563293926657412
104.128,1.6540562668146435
104.129,1.6517877024620651
104.13,1.6495237083549128
104.131,1.6472642932329609
104.13200000000001,1.6450094658287369
104.133,1.64275923486742
104.134,1.6405136090667196
104.13500000000001,1.6382725971367647
104.136,1.6360362077799908
104.137,1.6338044496910245
104.13800000000001,1.6315773315565649
104.139,1.6293548620552651
104.14,1.6271370498576108
104.14100000000001,1.6249239036258061
104.142,1.6227154320136434
104.143,1.6205116436663873
104.14400000000001,1.6183125472206421
104.145,1.6161181513042346
104.146,1.6139284645360812
104.14700000000001,1.6117434955260612
104.148,1.6095632528748869
104.149,1.6073877451739769
104.15000000000001,1.6052169810053178
104.151,1.6030509689413353
104.152,1.6008897175447578
104.15300000000001,1.598733235368484
104.154,1.5965815309554432
104.155,1.5944346128384583
104.15600000000001,1.5922924895401054
104.157,1.5901551695725766
104.158,1.5880226614375372
104.15900000000001,1.5858949736259804
104.16,1.5837721146180845
104.161,1.5816540928830736
104.16200000000001,1.5795409168790631
104.163,1.5774325950529162
104.164,1.5753291358400938
104.16500000000001,1.573230547664509
104.166,1.5711368389383709
104.167,1.5690480180620359
104.16800000000001,1.5669640934238496
104.169,1.5648850734000015
104.17,1.5628109663543612
104.17100000000001,1.5607417806383248
104.172,1.5586775245906561
104.173,1.5566182065373297
104.17400000000001,1.5545638347913706
104.175,1.5525144176526897
104.176,1.5504699634079233
104.17700000000001,1.548430480330274
104.178,1.5463959766793396
104.179,1.5443664607009513
104.18000000000001,1.5423419406270016
104.181,1.5403224246752889
104.182,1.5383079210493333
104.18299999999999,1.5362984379382145
104.184,1.5342939835164016
104.185,1.5322945659435776
104.18600000000001,1.5303001933644689
104.187,1.5283108739086653
104.188,1.5263266156904525
104.18899999999999,1.5243474268086299
104.19,1.5223733153463344
104.191,1.5204042893708651
104.19200000000001,1.5184403569334939
104.193,1.5164815260692985
104.194,1.5145278047969692
104.19499999999999,1.5125792011186321
104.196,1.5106357230196599
104.197,1.5086973784684981
104.19799999999999,1.5067641754164631
104.199,1.5048361217975694
104.2,1.5029132255283324
104.20099999999999,1.500995494507587
104.202,1.4990829366162894
104.203,1.4971755597173328
104.20399999999999,1.4952733716553506
104.205,1.4933763802565299
104.206,1.4914845933284111
104.20699999999999,1.489598018659696
104.208,1.4877166640200494
104.209,1.4858405371599082
104.20999999999999,1.4839696458102791
104.211,1.4821039976825361
104.212,1.48024360046823
104.21299999999999,1.4783884618388807
104.214,1.4765385894457816
104.215,1.4746939909197883
104.21599999999999,1.4728546738711215
104.217,1.4710206458891659
104.218,1.4691919145422561
104.21899999999999,1.467368487377477
104.22,1.4655503719204539
104.221,1.4637375756751463
104.22199999999999,1.4619301061236363
104.223,1.4601279707259245
104.224,1.4583311769197089
104.22499999999999,1.4565397321201892
104.226,1.4547536437198372
104.227,1.4529729190881993
104.22799999999999,1.4511975655716665
104.229,1.4494275904932747
104.23,1.4476630011524811
104.23099999999999,1.4459038048249475
104.232,1.444150008762322
104.233,1.4424016201920273
104.23399999999999,1.4406586463170385
104.235,1.438921094315655
104.236,1.4371889713412926
104.23699999999999,1.4354622845222549
104.238,1.4337410409615154
104.239,1.4320252477364859
104.23999999999999,1.4303149118988032
104.241,1.4286100404740987
104.242,1.4269106404617742
104.24299999999999,1.4252167188347746
104.244,1.423528282539364
104.245,1.4218453384948964
104.246,1.420167893593586
104.247,1.4184959547002811
104.248,1.4168295286522326
104.249,1.4151686222588635
104.25,1.4135132423015384
104.251,1.41186339553333
104.252,1.4102190886787906
104.253,1.4085803284337111
104.254,1.4069471214648983
104.255,1.4053194744099287
104.256,1.4036973938769206
104.25700000000001,1.4020808864442946
104.258,1.4004699586605427
104.259,1.3988646170439822
104.26000000000001,1.3972648680825226
104.261,1.3956707182334278
104.262,1.3940821739230782
104.26300000000001,1.3924992415467248
104.264,1.3909219274682569
104.265,1.3893502380199525
104.26600000000001,1.3877841795022463
104.267,1.3862237581834771
104.268,1.3846689802996561
104.26900000000001,1.3831198520542123
104.27,1.3815763796177603
104.271,1.3800385691278438
104.27200000000001,1.3785064266887028
104.273,1.3769799583710154
104.274,1.3754591702116663
104.27500000000001,1.3739440682134856
104.276,1.3724346583450113
104.277,1.3709309465402371
104.27800000000001,1.3694329386983699
104.279,1.3679406406835737
104.28,1.3664540583247236
104.28100000000001,1.3649731974151598
104.282,1.3634980637124341
104.283,1.3620286629380576
104.28400000000001,1.360565000777253
104.285,1.3591070828787006
104.286,1.3576549148542929
104.28700000000001,1.3562085022788721
104.288,1.3547678506899854
104.289,1.3533329655876258
104.29000000000001,1.3519038524339893
104.291,1.3504805166532055
104.292,1.3490629636310936
104.29300000000001,1.3476511987149067
104.294,1.3462452272130774
104.295,1.3448450543949564
104.29600000000001,1.3434506854905608
104.297,1.3420621256903187
104.298,1.3406793801448154
104.29900000000001,1.3393024539645262
104.3,1.3379313522195697
104.301,1.3365660799394452
104.30200000000001,1.3352066421127762
104.303,1.3338530436870548
104.304,1.3325052895683769
104.30500000000001,1.3311633846211863
104.306,1.329827333668022
104.307,1.3284971414892499
104.30799999999999,1.3271728128228069
104.309,1.3258543523639408
104.31,1.3245417647649544
104.31100000000001,1.3232350546349365
104.312,1.3219342265395102
104.313,1.320639285000565
104.31399999999999,1.3193502344960033
104.315,1.3180670794594715
104.316,1.3167898242801059
104.31700000000001,1.3155184733022629
104.318,1.3142530308252689
104.319,1.3129935011031471
104.31999999999999,1.3117398883443592
104.321,1.3104921967115484
104.322,1.3092504303212704
104.32299999999999,1.3080145932437339
104.324,1.3067846895025361
104.325,1.3055607230744037
104.32599999999999,1.3043426978889279
104.327,1.3031306178283
104.328,1.3019244867270516
104.32899999999999,1.3007243083717883
104.33,1.2995300865009309
104.331,1.298341824804446
104.33199999999999,1.2971595269235896
104.333,1.2959831964506368
104.334,1.2948128369286276
104.33499999999999,1.2936484518510933
104.336,1.2924900446617995
104.337,1.2913376187544807
104.33799999999999,1.2901911774725809
104.339,1.2890507241089797
104.34,1.2879162619057432
104.34099999999999,1.2867877940538484
104.342,1.2856653236929281
104.343,1.2845488539110013
104.34399999999999,1.2834383877442159
104.345,1.28233392817658
104.346,1.2812354781397055
104.34699999999999,1.2801430405125371
104.348,1.2790566181210963
104.349,1.2779762137382111
104.34999999999999,1.2769018300832649
104.351,1.2758334698219214
104.352,1.2747711355658704
104.35299999999999,1.2737148298725587
104.354,1.2726645552449372
104.355,1.2716203141311904
104.35599999999999,1.2705821089244773
104.357,1.2695499419626703
104.358,1.2685238155280938
104.35899999999999,1.2675037318472624
104.36,1.2664896930906187
104.361,1.2654817013722734
104.36199999999999,1.2644797587497458
104.363,1.2634838672237003
104.364,1.2624940287376885
104.36499999999999,1.2615102451778859
104.366,1.2605325183728389
104.367,1.2595608500931978
104.36799999999999,1.2585952420514617
104.369,1.2576356959017163
104.37,1.2566822132393798
104.371,1.2557347956009424
104.372,1.2547934444637063
104.373,1.2538581612455273
104.374,1.2529289473045642
104.375,1.2520058039390123
104.376,1.2510887323868538
104.377,1.2501777338255986
104.378,1.2492728093720264
104.379,1.2483739600819368
104.38,1.247481186949885
104.381,1.2465944909089359
104.38200000000001,1.2457138728304036
104.383,1.2448393335236012
104.384,1.2439708737355817
104.38500000000001,1.2431084941508943
104.386,1.2422521953913177
104.387,1.2414019780156202
104.38800000000001,1.2405578425193029
104.389,1.2397197893343475
104.39,1.2388878188289636
104.39100000000001,1.238061931307346
104.392,1.2372421270094125
104.393,1.2364284061105673
104.39400000000001,1.235620768721442
104.395,1.2348192148876513
104.396,1.2340237445895468
104.39700000000001,1.2332343577419622
104.398,1.232451054193977
104.399,1.2316738337286623
104.40000000000001,1.2309026960628366
104.401,1.2301376408468201
104.402,1.2293786676641951
104.40300000000001,1.228625776031556
104.404,1.227878965398266
104.405,1.227138235146219
104.40600000000001,1.2264035845895933
104.407,1.2256750129746119
104.408,1.2249525194792996
104.40900000000001,1.2242361032132456
104.41,1.2235257632173615
104.411,1.2228214984636445
104.41200000000001,1.2221233078549347
104.413,1.2214311902246833
104.414,1.2207451443367123
104.41500000000001,1.2200651688849788
104.416,1.2193912624933392
104.417,1.2187234237153144
104.41800000000001,1.2180616510338578
104.419,1.217405942861119
104.42,1.2167562975382133
104.42100000000001,1.2161127133349892
104.422,1.2154751884497959
104.423,1.2148437210092571
104.42400000000001,1.2142183090680383
104.425,1.213598950608616
104.426,1.2129856435410569
104.42700000000001,1.212378385702783
104.428,1.2117771748583515
104.429,1.2111820086992247
104.43000000000001,1.2105928848435499
104.431,1.2100098008359315
104.432,1.2094327541472101
104.43299999999999,1.2088617421742427
104.434,1.208296762239677
104.435,1.2077378115917341
104.43600000000001,1.2071848874039879
104.437,1.20663798677515
104.438,1.2060971067288462
104.43899999999999,1.205562244213408
104.44,1.2050333961016466
104.441,1.204510559190648
104.44200000000001,1.2039937302015531
104.443,1.2034829057793486
104.444,1.2029780824926526
104.44499999999999,1.2024792568335037
104.446,1.2019864252171544
104.447,1.2014995839818576
104.44799999999999,1.2010187293886636
104.449,1.2005438576212084
104.45,1.2000749647855107
104.45099999999999,1.1996120469097684
104.452,1.1991550999441514
104.453,1.1987041197605992
104.45399999999999,1.198259102152625
104.455,1.197820042835106
104.456,1.1973869374440917
104.45699999999999,1.1969597815366013
104.458,1.1965385705904263
104.459,1.1961233000039388
104.45999999999999,1.195713965095889
104.461,1.1953105611052182
104.462,1.1949130831908614
104.46299999999999,1.1945215264315574
104.464,1.1941358858256577
104.465,1.1937561562909378
104.46599999999999,1.1933823326644084
104.467,1.1930144097021282
104.468,1.1926523820790182
104.46899999999999,1.1922962443886747
104.47,1.1919459911431922
104.471,1.1916016167729737
104.47199999999999,1.1912631156265532
104.473,1.1909304819704147
104.474,1.1906037099888167
104.47499999999999,1.1902827937836089
104.476,1.1899677273740616
104.477,1.1896585046966877
104.47799999999999,1.1893551196050691
104.479,1.1890575658696882
104.48,1.188765837177749
104.48099999999999,1.1884799271330149
104.482,1.1881998292556388
104.483,1.1879255369819908
104.48399999999999,1.187657043664498
104.485,1.1873943425714788
104.486,1.1871374268869768
104.48699999999999,1.1868862897106016
104.488,1.1866409240573683
104.489,1.1864013228575363
104.48999999999999,1.1861674789564547
104.491,1.1859393851144029
104.492,1.1857170340064362
104.49299999999999,1.1855004182222331
104.494,1.185289530265943
104.495,1.1850843625560346
104.496,1.1848849074251466
104.497,1.1846911571199399
104.498,1.1845031038009513
104.499,1.1843207395424469
104.5,1.184144056332282
104.501,1.1839730460717535
104.502,1.1838077005754637
104.503,1.1836480115711805
104.504,1.1834939706996952
104.505,1.1833455695146915
104.506,1.1832027994826091
104.50700000000001,1.1830656519825087
104.508,1.182934118305941
104.509,1.182808189656817
104.51000000000001,1.1826878571512798
104.511,1.1825731118175751
104.512,1.1824639445959282
104.51300000000001,1.1823603463384158
104.514,1.1822623078088488
104.515,1.182169819682648
104.51600000000001,1.1820828725467241
104.517,1.1820014568993611
104.518,1.1819255631501009
104.51900000000001,1.1818551816196248
104.52,1.1817903025396463
104.521,1.181730916052794
104.52200000000001,1.1816770122125053
104.523,1.181628580982915
104.524,1.1815856122387522
104.52500000000001,1.1815480957652333
104.526,1.181516021257959
104.527,1.1814893783228118
104.52800000000001,1.1814681564758587
104.529,1.1814523451432466
104.53,1.1814419336611162
104.53100000000001,1.1814369112754968
104.532,1.1814372671422155
104.533,1.1814429903268096
104.53400000000001,1.181454069804434
104.535,1.1814704944597714
104.536,1.1814922530869481
104.53700000000001,1.1815193343894492
104.538,1.1815517269800342
104.539,1.1815894193806564
104.54000000000001,1.1816324000223841
104.541,1.18168065724532
104.542,1.1817341792985301
104.54300000000001,1.181792954339963
104.544,1.1818569704363842
104.545,1.1819262155632995
104.54600000000001,1.1820006776048906
104.547,1.1820803443539436
104.548,1.1821652035117887
104.54900000000001,1.1822552426882305
104.55,1.1823504494014929
104.551,1.1824508110781542
104.55200000000001,1.1825563150530904
104.553,1.1826669485694192
104.554,1.1827826987784473
104.55500000000001,1.1829035527396141
104.556,1.1830294974204436
104.557,1.1831605196964945
104.55799999999999,1.1832966063513133
104.559,1.1834377440763908
104.56,1.183583919471114
104.56100000000001,1.1837351190427312
104.562,1.1838913292063087
104.563,1.1840525362846914
104.56399999999999,1.184218726508472
104.565,1.1843898860159516
104.566,1.1845660008531151
104.56700000000001,1.1847470569735921
104.568,1.184933040238636
104.569,1.1851239364170933
104.56999999999999,1.1853197311853845
104.571,1.1855204101274759
104.572,1.1857259587348621
104.57299999999999,1.185936362406548
104.574,1.1861516064490329
104.575,1.1863716760762932
104.57599999999999,1.186596556409772
104.577,1.186826232478368
104.578,1.1870606892184281
104.57899999999999,1.1872999114737393
104.58,1.1875438839955226
104.581,1.1877925914424332
104.58199999999999,1.1880460183805619
104.583,1.1883041492834296
104.584,1.1885669685319962
104.58499999999999,1.1888344604146641
104.586,1.1891066091272859
104.587,1.189383398773175
104.58799999999999,1.1896648133631151
104.589,1.1899508368153728
104.59,1.1902414529557177
104.59099999999999,1.1905366455174351
104.592,1.1908363981413486
104.593,1.1911406943758402
104.59399999999999,1.1914495176768762
104.595,1.1917628514080303
104.596,1.1920806788405107
104.59699999999999,1.1924029831531953
104.598,1.1927297474326586
104.599,1.1930609546732078
104.59999999999999,1.1933965877769181
104.601,1.1937366295536722
104.602,1.1940810627212004
104.60299999999999,1.1944298699051212
104.604,1.1947830336389891
104.605,1.195140536364337
104.60599999999999,1.1955023604307302
104.607,1.1958684880958117
104.608,1.1962389015253603
104.60899999999999,1.1966135827933411
104.61,1.1969925138819668
104.611,1.197375676681754
104.61199999999999,1.1977630529915866
104.613,1.198154624518778
104.614,1.1985503728791373
104.61499999999999,1.1989502795970399
104.616,1.1993543261054922
104.617,1.199762493746207
104.61799999999999,1.2001747637696811
104.619,1.2005911173352644
104.62,1.2010115355112438
104.621,1.2014359992749233
104.622,1.2018644895127064
104.623,1.2022969870201798
104.624,1.2027334725022047
104.625,1.2031739265730017
104.626,1.2036183297562475
104.627,1.2040666624851633
104.628,1.2045189051026155
104.629,1.2049750378612103
104.63,1.2054350409233994
104.631,1.2058988943615745
104.63200000000001,1.2063665781581816
104.633,1.2068380722058198
104.634,1.2073133563073577
104.63500000000001,1.2077924101760376
104.636,1.2082752134355952
104.637,1.2087617456203728
104.63800000000001,1.2092519861754383
104.639,1.2097459144567044
104.64,1.2102435097310513
104.64100000000001,1.2107447511764529
104.642,1.2112496178821031
104.643,1.2117580888485442
104.64400000000001,1.2122701429878
104.645,1.2127857591235049
104.646,1.2133049159910485
104.64700000000001,1.2138275922377044
104.648,1.2143537664227775
104.649,1.2148834170177412
104.65000000000001,1.2154165224063875
104.651,1.2159530608849707
104.652,1.2164930106623546
104.65300000000001,1.217036349860172
104.654,1.2175830565129699
104.655,1.2181331085683709
104.65600000000001,1.21868648388723
104.657,1.2192431602437916
104.658,1.2198031153258613
104.65900000000001,1.2203663267349607
104.66,1.2209327719865029
104.661,1.2215024285099549
104.66200000000001,1.2220752736490179
104.663,1.2226512846617921
104.664,1.2232304387209616
104.66500000000001,1.2238127129139655
104.666,1.224398084243185
104.667,1.2249865296261238
104.66800000000001,1.2255780258955924
104.669,1.2261725497998965
104.67,1.2267700780030295
104.67100000000001,1.227370587084863
104.672,1.2279740535413379
104.673,1.2285804537846681
104.67400000000001,1.2291897641435314
104.675,1.2298019608632786
104.676,1.2304170201061322
104.67700000000001,1.231034917951392
104.678,1.2316556303956476
104.679,1.2322791333529828
104.68000000000001,1.2329054026551938
104.681,1.2335344140519982
104.682,1.2341661432112594
104.68299999999999,1.2348005657191987
104.684,1.2354376570806227
104.685,1.2360773927191424
104.68600000000001,1.2367197479774048
104.687,1.2373646981173154
104.688,1.2380122183202744
104.68899999999999,1.2386622836874064
104.69,1.2393148692397977
104.691,1.2399699499187307
104.69200000000001,1.2406275005859269
104.693,1.2412874960237885
104.694,1.241949910935642
104.69499999999999,1.2426147199459843
104.696,1.2432818976007329
104.697,1.2439514183674751
104.69799999999999,1.2446232566357247
104.699,1.2452973867171728
104.7,1.2459737828459523
104.70099999999999,1.2466524191788897
104.702,1.2473332697957766
104.703,1.248016308699627
104.70399999999999,1.2487015098169476
104.705,1.2493888469980063
104.706,1.2500782940171054
104.70699999999999,1.2507698245728514
104.708,1.2514634122884354
104.709,1.2521590307119055
104.70999999999999,1.2528566533164565
104.711,1.253556253500701
104.712,1.2542578045889625
104.71299999999999,1.2549612798315612
104.714,1.2556666524051017
104.715,1.256373895412763
104.71599999999999,1.2570829818845981
104.717,1.2577938847778234
104.718,1.258506576977122
104.71899999999999,1.2592210312949403
104.72,1.2599372204717965
104.721,1.2606551171765765
104.72199999999999,1.2613746940068518
104.723,1.262095923489178
104.724,1.2628187780794164
104.72499999999999,1.2635432301630405
104.726,1.2642692520554555
104.727,1.2649968160023171
104.72799999999999,1.2657258941798486
104.729,1.266456458695165
104.73,1.2671884815866015
104.73099999999999,1.2679219348240351
104.732,1.2686567903092145
104.733,1.2693930198760979
104.73399999999999,1.2701305952911757
104.735,1.2708694882538165
104.736,1.2716096703965996
104.73699999999999,1.2723511132856553
104.738,1.2730937884210103
104.739,1.2738376672369272
104.73999999999999,1.2745827211022545
104.741,1.275328921320777
104.742,1.2760762391315623
104.74299999999999,1.2768246457093151
104.744,1.2775741121647362
104.745,1.2783246095448735
104.746,1.2790761088334885
104.747,1.2798285809514125
104.748,1.2805819967569108
104.749,1.2813363270460507
104.75,1.2820915425530715
104.751,1.2828476139507488
104.752,1.2836045118507693
104.753,1.2843622068041096
104.754,1.2851206693014039
104.755,1.2858798697733314
104.756,1.2866397785909902
104.75700000000001,1.2874003660662843
104.758,1.2881616024523055
104.759,1.2889234579437239
104.76000000000001,1.2896859026771714
104.761,1.2904489067316385
104.762,1.2912124401288645
104.76300000000001,1.2919764728337328
104.764,1.2927409747546672
104.765,1.2935059157440354
104.76600000000001,1.2942712655985453
104.767,1.2950369940596487
104.768,1.2958030708139523
104.76900000000001,1.2965694654936195
104.77,1.2973361476767822
104.771,1.2981030868879482
104.77200000000001,1.2988702525984228
104.773,1.2996376142267199
104.774,1.3004051411389737
104.77500000000001,1.3011728026493694
104.776,1.3019405680205567
104.777,1.302708406464077
104.77800000000001,1.3034762871407852
104.779,1.3042441791612829
104.78,1.3050120515863388
104.78100000000001,1.3057798734273316
104.782,1.3065476136466736
104.783,1.3073152411582509
104.78400000000001,1.308082724827857
104.785,1.3088500334736388
104.786,1.3096171358665287
104.78700000000001,1.3103840007306931
104.788,1.311150596743976
104.789,1.3119168925383471
104.79000000000001,1.3126828567003475
104.791,1.3134484577715426
104.792,1.314213664248973
104.79300000000001,1.3149784445856121
104.794,1.3157427671908182
104.795,1.3165066004307919
104.79600000000001,1.3172699126290444
104.797,1.3180326720668489
104.798,1.3187948469837085
104.79900000000001,1.3195564055778244
104.8,1.3203173160065584
104.801,1.3210775463869064
104.80200000000001,1.3218370647959639
104.803,1.3225958392714046
104.804,1.3233538378119516
104.80500000000001,1.3241110283778537
104.806,1.3248673788913654
104.807,1.325622857237224
104.80799999999999,1.3263774312631342
104.809,1.3271310687802498
104.81,1.3278837375636579
104.81100000000001,1.3286354053528682
104.812,1.3293860398523007
104.813,1.3301356087317742
104.81399999999999,1.3308840796270014
104.815,1.3316314201400825
104.816,1.3323775978399952
104.81700000000001,1.3331225802630995
104.818,1.3338663349136326
104.819,1.3346088292642098
104.81999999999999,1.3353500307563251
104.821,1.33608990680086
104.822,1.3368284247785824
104.82299999999999,1.3375655520406595
104.824,1.3383012559091636
104.825,1.3390355036775838
104.82599999999999,1.339768262611335
104.827,1.3404994999482756
104.828,1.3412291828992213
104.82899999999999,1.3419572786484599
104.83,1.3426837543542729
104.831,1.3434085771494528
104.83199999999999,1.3441317141418256
104.833,1.344853132414775
104.834,1.3455727990277644
104.83499999999999,1.3462906810168647
104.836,1.3470067453952823
104.837,1.3477209591538895
104.83799999999999,1.3484332892617488
104.839,1.3491437026666513
104.84,1.3498521662956497
104.84099999999999,1.3505586470555928
104.842,1.3512631118336593
104.843,1.3519655274978986
104.84399999999999,1.3526658608977693
104.845,1.353364078864683
104.846,1.3540601482125392
104.84699999999999,1.3547540357382781
104.848,1.3554457082224176
104.849,1.3561351324296074
104.84999999999999,1.3568222751091705
104.851,1.3575071029956551
104.852,1.3581895828093842
104.85299999999999,1.3588696812570125
104.854,1.3595473650320704
104.855,1.3602226008155271
104.85599999999999,1.3608953552763401
104.857,1.3615655950720205
104.858,1.3622332868491813
104.85899999999999,1.3628983972441049
104.86,1.3635608928833016
104.861,1.364220740384072
104.86199999999999,1.3648779063550716
104.863,1.3655323573968716
104.864,1.366184060102531
104.86499999999999,1.3668329810581605
104.866,1.3674790868434903
104.867,1.368122344032441
104.86799999999999,1.3687627191936957
104.869,1.3694001788912695
104.87,1.3700346896850841
104.871,1.370666218131541
104.872,1.3712947307840997
104.873,1.371920194193851
104.874,1.3725425749100966
104.875,1.3731618394809273
104.876,1.373777954453804
104.877,1.3743908863761365
104.878,1.3750006017958676
104.879,1.3756070672620551
104.88,1.3762102493254553
104.881,1.3768101145391116
104.88200000000001,1.3774066294589364
104.883,1.377999760644302
104.884,1.3785894746586229
104.88500000000001,1.3791757380699536
104.886,1.3797585174515721
104.887,1.3803377793825726
104.88800000000001,1.3809134904484592
104.889,1.3814856172417369
104.89,1.3820541263625068
104.89100000000001,1.3826189844190604
104.892,1.3831801580284746
104.893,1.3837376138172108
104.89400000000001,1.38429131842171
104.895,1.3848412384889888
104.896,1.3853873406772443
104.89700000000001,1.3859295916564522
104.898,1.3864679581089643
104.899,1.3870024067301134
104.90000000000001,1.387532904228816
104.901,1.3880594173281722
104.902,1.3885819127660732
104.90300000000001,1.3891003572958032
104.904,1.3896147176866473
104.905,1.3901249607244979
104.90600000000001,1.3906310532124575
104.907,1.3911329619714499
104.908,1.3916306538408305
104.90900000000001,1.3921240956789882
104.91,1.3926132543639627
104.911,1.3930980967940481
104.91200000000001,1.3935785898884112
104.913,1.3940547005876942
104.914,1.3945263958546366
104.91500000000001,1.3949936426746787
104.916,1.3954564080565812
104.917,1.395914659033036
104.91800000000001,1.3963683626612826
104.919,1.3968174860237212
104.92,1.3972619962285284
104.92100000000001,1.3977018604102769
104.922,1.3981370457305475
104.923,1.3985675193785445
104.92400000000001,1.3989932485717205
104.925,1.3994142005563894
104.926,1.399830342608344
104.92700000000001,1.4002416420334778
104.928,1.4006480661684
104.929,1.401049582381062
104.93000000000001,1.4014461580713702
104.931,1.4018377606718109
104.932,1.4022243576480689
104.93299999999999,1.4026059164996481
104.934,1.4029824047604977
104.935,1.4033537899996253
104.93600000000001,1.4037200398217298
104.937,1.4040811218678124
104.938,1.4044370038158083
104.93899999999999,1.4047876533812049
104.94,1.4051330383176639
104.941,1.4054731264176508
104.94200000000001,1.4058078855130498
104.943,1.4061372834757964
104.944,1.4064612882184933
104.94499999999999,1.4067798676950405
104.946,1.4070929899012574
104.947,1.4074006228755049
104.94799999999999,1.4077027346993143
104.949,1.4079992934980092
104.95,1.4082902674413309
104.95099999999999,1.4085756247440622
104.952,1.4088553336666552
104.953,1.4091293625158534
104.95399999999999,1.4093976796453163
104.955,1.4096602534562481
104.956,1.4099170523980202
104.95699999999999,1.410168044968795
104.958,1.410413199716154
104.959,1.4106524852377191
104.95999999999999,1.4108858701817821
104.961,1.411113323247926
104.962,1.4113348131876498
104.96299999999999,1.4115503088049972
104.964,1.4117597789571765
104.965,1.4119631925551852
104.96599999999999,1.4121605185644408
104.967,1.4123517260053942
104.968,1.4125367839541645
104.96899999999999,1.4127156615431553
104.97,1.4128883279616842
104.971,1.4130547524565991
104.97199999999999,1.4132149043329072
104.973,1.4133687529543959
104.974,1.4135162677442579
104.97499999999999,1.4136574181857076
104.976,1.4137921738226082
104.977,1.413920504260096
104.97799999999999,1.4140423791651928
104.979,1.4141577682674353
104.98,1.4142666413594926
104.98099999999999,1.4143689682977874
104.982,1.4144647190031154
104.983,1.4145538634612644
104.98399999999999,1.4146363717236357
104.985,1.4147122139078632
104.986,1.4147813601984258
104.98699999999999,1.4148437808472747
104.988,1.4148994461744406
104.989,1.4149483265686613
104.98999999999999,1.4149903924879901
104.991,1.4150256144604136
104.992,1.4150539630844698
104.99299999999999,1.4150754090298592
104.994,1.4150899230380625
104.995,1.4150974759229529
104.996,1.4150980385714065
104.997,1.4150915819439187
104.998,1.4150780770752172
104.999,1.415057495074866
105,1.4150298071278828
105.001,1.414994984495348
105.002,1.4149529985150093
105.003,1.4149038206018956
105.004,1.414847422248922
105.005,1.4147837750274972
105.006,1.4147128505881308
105.00700000000001,1.4146346206610363
105.008,1.4145490570567376
105.009,1.4144561316666739
105.01000000000001,1.4143558164638002
105.011,1.4142480835031916
105.012,1.4141329049226452
105.01300000000001,1.4140102529432772
105.014,1.4138800998701258
105.015,1.4137424180927498
105.01600000000001,1.4135971800858242
105.017,1.4134443584097411
105.018,1.4132839257112009
105.01900000000001,1.4131158547238103
105.02,1.4129401182686765
105.021,1.4127566892549992
105.02200000000001,1.4125655406806636
105.023,1.4123666456328294
105.024,1.4121599772885247
105.02500000000001,1.411945508915232
105.026,1.411723213871475
105.027,1.4114930656074089
105.02800000000001,1.4112550376654061
105.029,1.411009103680636
105.03,1.4107552373816543
105.03100000000001,1.4104934125909825
105.032,1.4102236032256887
105.033,1.4099457832979696
105.03400000000001,1.4096599269157286
105.035,1.4093660082831496
105.036,1.4090640017012821
105.03700000000001,1.4087538815686078
105.038,1.408435622381619
105.039,1.4081091987353926
105.04000000000001,1.4077745853241543
105.041,1.4074317569418575
105.042,1.4070806884827483
105.04300000000001,1.4067213549419306
105.044,1.4063537314159373
105.045,1.4059777931032902
105.04600000000001,1.4055935153050667
105.047,1.4052008734254615
105.048,1.4047998429723441
105.04900000000001,1.4043903995578231
105.05,1.4039725188987995
105.051,1.4035461768175246
105.05200000000001,1.4031113492421565
105.053,1.402668012207311
105.054,1.4022161418546149
105.05500000000001,1.4017557144332531
105.056,1.4012867063005272
105.057,1.4008090939223883
105.05799999999999,1.4003228538739951
105.059,1.3998279628402508
105.06,1.399324397616351
105.06100000000001,1.3988121351083191
105.062,1.3982911523335511
105.063,1.397761426421348
105.06399999999999,1.397222934613457
105.065,1.3966756542646035
105.066,1.3961195628430239
105.06700000000001,1.3955546379309949
105.068,1.3949808572253688
105.069,1.3943981985380929
105.06999999999999,1.3938066397967432
105.071,1.3932061590450435
105.072,1.3925967344433903
105.07299999999999,1.3919783442693707
105.074,1.391350966918286
105.075,1.3907145809036638
105.07599999999999,1.3900691648577772
105.077,1.3894146975321551
105.078,1.3887511577980933
105.07899999999999,1.388078524647169
105.08,1.3873967771917455
105.081,1.3867058946654747
105.08199999999999,1.3860058564238069
105.083,1.3852966419444912
105.084,1.3845782308280721
105.08499999999999,1.3838506027983932
105.086,1.3831137377030895
105.087,1.3823676155140809
105.08799999999999,1.3816122163280689
105.089,1.3808475203670243
105.09,1.3800735079786737
105.09099999999999,1.3792901596369873
105.092,1.3784974559426639
105.093,1.3776953776236125
105.09399999999999,1.3768839055354303
105.095,1.3760630206618831
105.096,1.3752327041153796
105.09699999999999,1.3743929371374468
105.098,1.3735437010991978
105.099,1.3726849775018057
105.09999999999999,1.3718167479769687
105.101,1.3709389942873731
105.102,1.37005169832716
105.10299999999999,1.3691548421223834
105.104,1.3682484078314696
105.105,1.3673323777456732
105.10599999999999,1.3664067342895299
105.107,1.3654714600213091
105.108,1.3645265376334665
105.10899999999999,1.3635719499530854
105.11,1.3626076799423232
105.111,1.3616337106988576
105.11199999999999,1.3606500254563232
105.113,1.3596566075847498
105.114,1.3586534405909996
105.11499999999999,1.3576405081191978
105.116,1.356617793951165
105.117,1.3555852820068472
105.11799999999999,1.354542956344738
105.119,1.353490801162303
105.12,1.3524288007964056
105.121,1.3513569397237186
105.122,1.3502752025611464
105.123,1.3491835740662328
105.124,1.348082039137581
105.125,1.3469705828152532
105.126,1.3458491902811809
105.127,1.3447178468595702
105.128,1.3435765380172999
105.129,1.3424252493643256
105.13,1.3412639666540664
105.131,1.3400926757838076
105.13200000000001,1.3389113627950864
105.133,1.337720013874085
105.134,1.3365186153520112
105.13500000000001,1.3353071537054835
105.136,1.3340856155569121
105.137,1.3328539876748797
105.13800000000001,1.3316122569745128
105.139,1.3303604105178519
105.14,1.3290984355142277
105.14100000000001,1.327826319320627
105.142,1.3265440494420546
105.143,1.325251613531895
105.14400000000001,1.3239489993922733
105.145,1.3226361949744154
105.146,1.3213131883789924
105.14700000000001,1.3199799678564796
105.148,1.3186365218074989
105.149,1.3172828387831712
105.15000000000001,1.3159189074854507
105.151,1.3145447167674715
105.152,1.3131602556338784
105.15300000000001,1.3117655132411703
105.154,1.3103604788980188
105.155,1.3089451420656086
105.15600000000001,1.3075194923579554
105.157,1.3060835195422322
105.158,1.3046372135390885
105.15900000000001,1.3031805644229668
105.16,1.3017135624224139
105.161,1.3002361979204027
105.16200000000001,1.2987484614546261
105.163,1.2972503437178129
105.164,1.295741835558021
105.16500000000001,1.2942229279789506
105.166,1.2926936121402288
105.167,1.2911538793577042
105.16800000000001,1.289603721103743
105.169,1.2880431290075141
105.17,1.2864720948552724
105.17100000000001,1.2848906105906395
105.172,1.2832986683148861
105.173,1.2816962602872075
105.17400000000001,1.2800833789249901
105.175,1.2784600168040869
105.176,1.276826166659081
105.17700000000001,1.2751818213835535
105.178,1.2735269740303339
105.179,1.2718616178117703
105.18000000000001,1.2701857460999681
105.181,1.2684993524270594
105.182,1.2668024304854359
105.18299999999999,1.2650949741279998
105.184,1.2633769773684034
105.185,1.2616484343812926
105.18600000000001,1.2599093395025336
105.187,1.258159687229454
105.188,1.2563994722210672
105.18899999999999,1.254628689298299
105.19,1.2528473334442087
105.191,1.2510553998042135
105.19200000000001,1.2492528836862993
105.193,1.2474397805612392
105.194,1.2456160860627974
105.19499999999999,1.2437817959879418
105.196,1.2419369062970411
105.197,1.2400814131140767
105.19799999999999,1.2382153127268238
105.199,1.2363386015870583
105.2,1.2344512763107385
105.20099999999999,1.2325533336782026
105.202,1.2306447706343404
105.203,1.2287255842887852
105.20399999999999,1.2267957719160791
105.205,1.2248553309558639
105.206,1.222904259013037
105.20699999999999,1.2209425538579248
105.208,1.2189702134264455
105.209,1.2169872358202751
105.20999999999999,1.2149936193069997
105.211,1.2129893623202683
105.212,1.2109744634599511
105.21299999999999,1.2089489214922817
105.214,1.2069127353500015
105.215,1.2048659041325023
105.21599999999999,1.2028084271059631
105.217,1.2007403037034856
105.218,1.1986615335252233
105.21899999999999,1.1965721163385106
105.22,1.194472052077985
105.221,1.1923613408457081
105.22199999999999,1.1902399829112864
105.223,1.1881079787119804
105.224,1.1859653288528162
105.22499999999999,1.1838120341066982
105.226,1.1816480954145028
105.227,1.1794735138851875
105.22799999999999,1.1772882907958824
105.229,1.1750924275919881
105.23,1.1728859258872604
105.23099999999999,1.1706687874639015
105.232,1.1684410142726387
105.233,1.1662026084328099
105.23399999999999,1.1639535722324359
105.235,1.1616939081282902
105.236,1.1594236187459761
105.23699999999999,1.1571427068799869
105.238,1.1548511754937696
105.239,1.1525490277197825
105.23999999999999,1.1502362668595525
105.241,1.1479128963837282
105.242,1.1455789199321267
105.24299999999999,1.1432343413137738
105.244,1.1408791645069543
105.245,1.1385133936592482
105.246,1.136137033087556
105.247,1.1337500872781423
105.248,1.1313525608866528
105.249,1.1289444587381487
105.25,1.1265257858271169
105.251,1.1240965473174918
105.252,1.1216567485426701
105.253,1.1192063950055178
105.254,1.1167454923783784
105.255,1.1142740465030772
105.256,1.1117920633909122
105.25700000000001,1.109299549222664
105.258,1.1067965103485793
105.259,1.1042829532883545
105.26000000000001,1.1017588847311339
105.261,1.0992243115354818
105.262,1.0966792407293662
105.26300000000001,1.0941236795101279
105.264,1.0915576352444578
105.265,1.0889811154683569
105.26600000000001,1.0863941278871112
105.267,1.083796680375239
105.268,1.0811887809764591
105.26900000000001,1.0785704379036367
105.27,1.0759416595387392
105.271,1.0733024544327778
105.27200000000001,1.0706528313057511
105.273,1.067992799046585
105.274,1.0653223667130731
105.27500000000001,1.0626415435317971
105.276,1.0599503388980689
105.277,1.0572487623758442
105.27800000000001,1.0545368236976509
105.279,1.0518145327645083
105.28,1.0490818996458322
105.28100000000001,1.0463389345793561
105.282,1.0435856479710335
105.283,1.0408220503949397
105.28400000000001,1.0380481525931788
105.285,1.0352639654757712
105.286,1.0324695001205573
105.28700000000001,1.0296647677730759
105.288,1.0268497798464584
105.289,1.0240245479213075
105.29000000000001,1.0211890837455802
105.291,1.0183433992344548
105.292,1.015487506470212
105.29300000000001,1.0126214177020967
105.294,1.0097451453461892
105.295,1.0068587019852595
105.29600000000001,1.0039621003686265
105.297,1.0010553534120163
105.298,0.99813847419741086
105.29900000000001,0.99521147597289472
105.3,0.99227437215249603
105.301,0.98932717631602696
105.30200000000001,0.98636990220892917
105.303,0.98340256374209667
105.304,0.98042517499170678
105.30500000000001,0.97743775019904855
105.306,0.97444030377034929
105.307,0.9714328502765821
105.30799999999999,0.96841540445329288
105.309,0.96538798120040603
105.31,0.96235059558203706
105.31100000000001,0.95930326282629297
105.312,0.95624599832507373
105.313,0.9531788176338778
105.31399999999999,0.95010173647158913
105.315,0.94701477072027029
105.316,0.94391793642495081
105.31700000000001,0.9408112497934078
105.318,0.93769472719595637
105.319,0.93456838516521534
105.31999999999999,0.9314322403958859
105.321,0.9282863097445222
105.322,0.92513061022930088
105.32299999999999,0.92196515902977683
105.324,0.91878997348665004
105.325,0.91560507110151845
105.32599999999999,0.91241046953663596
105.327,0.90920618661465435
105.328,0.90599224031837511
105.32899999999999,0.90276864879048979
105.33,0.89953543033332539
105.331,0.89629260340856853
105.33199999999999,0.89304018663701124
105.333,0.88977819879826603
105.334,0.88650665883050928
105.33499999999999,0.88322558583018829
105.336,0.87993499905174644
105.337,0.87663491790733894
105.33799999999999,0.87332536196654753
105.339,0.87000635095608314
105.34,0.86667790475949613
105.34099999999999,0.86334004341687698
105.342,0.85999278712456118
105.343,0.85663615623481237
105.34399999999999,0.85327017125552485
105.345,0.84989485284990929
105.346,0.84651022183618108
105.34699999999999,0.84311629918723607
105.348,0.83971310603033711
105.349,0.83630066364678224
105.34999999999999,0.832878993471589
105.351,0.82944811709314981
105.352,0.82600805625290619
105.35299999999999,0.82255883284500775
105.354,0.81910046891597821
105.355,0.81563298666436301
105.35599999999999,0.81215640844038606
105.357,0.80867075674560041
105.358,0.80517605423253502
105.35899999999999,0.80167232370433528
105.36,0.79815958811440302
105.361,0.79463787056603818
105.36199999999999,0.79110719431207177
105.363,0.78756758275448635
105.364,0.78401905944405881
105.36499999999999,0.78046164807996998
105.366,0.77689537250944096
105.367,0.77332025672733562
105.36799999999999,0.76973632487578514
105.369,0.76614360124379632
105.37,0.76254211026686369
105.371,0.75893187652656735
105.372,0.75531292475018441
105.373,0.75168527981027911
105.374,0.74804896672430976
105.375,0.7444040106542118
105.376,0.74075043690599185
105.377,0.73708827092931606
105.378,0.73341753831709178
105.379,0.72973826480505188
105.38,0.7260504762713289
105.381,0.72235419873602957
105.38200000000001,0.71864945836081007
105.383,0.7149362814484459
105.384,0.71121469444239249
105.38500000000001,0.70748472392635176
105.386,0.70374639662382932
105.387,0.69999973939770066
105.38800000000001,0.69624477924975126
105.389,0.69248154332023892
105.39,0.68871005888743531
105.39100000000001,0.68493035336718
105.392,0.6811424543124116
105.393,0.67734638941271719
105.39400000000001,0.67354218649386022
105.395,0.66972987351732738
105.396,0.66590947857984628
105.39700000000001,0.66208102991291962
105.398,0.6582445558823502
105.399,0.65440008498776914
105.40000000000001,0.65054764586214464
105.401,0.6466872672713071
105.402,0.64281897811345945
105.40300000000001,0.6389428074186958
105.404,0.63505878434850027
105.405,0.63116693819526026
105.40600000000001,0.62726729838176487
105.407,0.62335989446071505
105.408,0.61944475611420735
105.40900000000001,0.61552191315324123
105.41,0.61159139551720498
105.411,0.60765323327337173
105.41200000000001,0.60370745661637981
105.413,0.59975409586772388
105.414,0.59579318147522908
105.41500000000001,0.59182474401254392
105.416,0.5878488141785998
105.417,0.58386542279710341
105.41800000000001,0.57987460081599029
105.419,0.57587637930691371
105.42,0.57187078946469638
105.42100000000001,0.56785786260679627
105.422,0.56383763017277633
105.423,0.55981012372376004
105.42400000000001,0.55577537494188389
105.425,0.55173341562975597
105.426,0.54768427770990713
105.42700000000001,0.54362799322424227
105.428,0.53956459433348303
105.429,0.53549411331661467
105.43000000000001,0.53141658257032831
105.431,0.52733203460846401
105.432,0.52324050206144124
105.43299999999999,0.51914201767569934
105.434,0.51503661431312664
105.435,0.51092432495049889
105.43600000000001,0.50680518267889685
105.437,0.5026792207031392
105.438,0.49854647234120031
105.43899999999999,0.49440697102364384
105.44,0.49026075029302496
105.441,0.48610784380332128
105.44200000000001,0.48194828531933642
105.443,0.47778210871612825
105.444,0.47360934797840071
105.44499999999999,0.46943003719992338
105.446,0.46524421058293242
105.447,0.46105190243754413
105.44799999999999,0.45685314718114234
105.449,0.45264797933778955
105.45,0.44843643353761498
105.45099999999999,0.44421854451622345
105.452,0.43999434711407659
105.453,0.43576387627588731
105.45399999999999,0.43152716705001337
105.455,0.42728425458784414
105.456,0.42303517414317993
105.45699999999999,0.41877996107162296
105.458,0.41451865082995232
105.459,0.41025127897551328
105.45999999999999,0.40597788116558431
105.461,0.40169849315675865
105.462,0.39741315080431527
105.46299999999999,0.39312189006159914
105.464,0.38882474697937819
105.465,0.3845217577052229
105.46599999999999,0.38021295848286552
105.467,0.37589838565157374
105.468,0.37157807564550327
105.46899999999999,0.36725206499306506
105.47,0.36292039031628254
105.471,0.35858308833015662
105.47199999999999,0.3542401958420085
105.473,0.34989174975084469
105.474,0.34553778704670468
105.47499999999999,0.34117834481001763
105.476,0.33681346021094472
105.477,0.33244317050872962
105.47799999999999,0.3280675130510452
105.479,0.32368652527334163
105.48,0.31930024469818186
105.48099999999999,0.31490870893458978
105.482,0.31051195567738343
105.483,0.30611002270652277
105.48399999999999,0.30170294788643914
105.485,0.29729076916537178
105.486,0.29287352457470217
105.48699999999999,0.28845125222829338
105.488,0.28402399032180758
105.489,0.27959177713204908
105.48999999999999,0.27515465101628167
105.491,0.27071265041156689
105.492,0.2662658138340801
105.49299999999999,0.26181417987843836
105.494,0.25735778721702285
105.495,0.25289667459930631
105.496,0.24843088085115972
105.497,0.24396044487418667
105.498,0.2394854056450294
105.499,0.23500580221469702
105.5,0.23052167370786847
105.501,0.22603305932221629
105.502,0.22153999832771509
105.503,0.21704253006595164
105.504,0.21254069394944686
105.505,0.20803452946095158
105.506,0.20352407615276169
105.50700000000001,0.19900937364602456
105.508,0.19449046163005146
105.509,0.18996737986161172
105.51000000000001,0.1854401681642468
105.511,0.18090886642756576
105.512,0.17637351460656103
105.51300000000001,0.17183415272089531
105.514,0.16729082085420643
105.515,0.16274355915341154
105.51600000000001,0.15819240782800725
105.517,0.15363740714935625
105.518,0.14907859744999652
105.51900000000001,0.14451601912292822
105.52,0.13994971262092093
105.521,0.13537971845579511
105.52200000000001,0.13080607719772341
105.523,0.12622882947451997
105.524,0.12164801597094077
105.52500000000001,0.11706367742796375
105.526,0.11247585464208942
105.527,0.10788458846462046
105.52800000000001,0.10328991980096702
105.529,0.098691889609921701
105.53,0.094090538902950271
105.53100000000001,0.089485908743485387
105.532,0.08487804024620893
105.533,0.080266974576339911
105.53400000000001,0.075652752948919266
105.535,0.071035416628094983
105.536,0.066415006926412667
105.53700000000001,0.061791565204092236
105.538,0.057165132868314483
105.539,0.052535751372506323
105.54000000000001,0.047903462215625026
105.541,0.043268306941437018
105.542,0.038630327137801457
105.54300000000001,0.033989564435952135
105.544,0.02934606050978239
105.545,0.024699857075123899
105.54600000000001,0.02005099588902215
105.547,0.015399518749026675
105.548,0.010745467492468297
105.54900000000001,0.0060888839957355945
105.55,0.0014298101735558122
105.551,-0.0032317120217226769
105.55200000000001,-0.0078956406008487967
105.553,-0.012561933538396519
105.554,-0.017230548773481513
105.55500000000001,-0.021901444210485788
105.556,-0.026574577719767234
105.557,-0.031249907138396482
105.55799999999999,-0.035927390270867776
105.559,-0.040606984889826836
105.56,-0.045288648736782622
105.56100000000001,-0.049972339522838971
105.562,-0.054658014929411913
105.563,-0.059345632608951315
105.56399999999999,-0.064035150185655865
105.565,-0.068726525256206927
105.566,-0.073419715390480977
105.56700000000001,-0.078114678132273352
105.568,-0.082811371000013123
105.569,-0.087509751487494292
105.56999999999999,-0.092209777064590104
105.571,-0.096911405177976806
105.572,-0.10161459325184474
105.57299999999999,-0.10631929868863121
105.574,-0.11102547886973368
105.575,-0.11573309115622976
105.57599999999999,-0.12044209288959207
105.577,-0.12515244139241716
105.578,-0.12986409396913745
105.57899999999999,-0.13457700790674121
105.58,-0.13929114047548569
105.581,-0.14400644892962378
105.58199999999999,-0.14872289050811416
105.583,-0.15344042243534406
105.584,-0.15815900192183457
105.58499999999999,-0.16287858616496892
105.586,-0.16759913234970192
105.587,-0.17232059764927793
105.58799999999999,-0.17704293922593495
105.589,-0.18176611423163419
105.59,-0.18649007980876409
105.59099999999999,-0.19121479309085543
105.592,-0.19594021120328764
105.593,-0.20066629126400937
105.59399999999999,-0.20539299038424758
105.595,-0.21012026566921349
105.596,-0.21484807421881136
105.59699999999999,-0.21957637312835465
105.598,-0.22430511948927001
105.599,-0.22903427038980517
105.59999999999999,-0.2337637829157333
105.601,-0.23849361415106185
105.602,-0.24322372117874042
105.60299999999999,-0.24795406108136087
105.604,-0.25268459094185786
105.605,-0.25741526784422231
105.60599999999999,-0.26214604887419446
105.607,-0.26687689111997037
105.608,-0.27160775167289436
105.60899999999999,-0.27633858762816721
105.61,-0.28106935608554201
105.611,-0.28580001415002088
105.61199999999999,-0.29053051893254522
105.613,-0.29526082755070554
105.614,-0.29999089712942212
105.61499999999999,-0.30472068480165099
105.616,-0.3094501477090591
105.617,-0.31417924300273603
105.61799999999999,-0.31890792784387201
105.619,-0.32363615940445151
105.62,-0.3283638948679346
105.621,-0.33309109142995558
105.622,-0.33781770629900149
105.623,-0.34254369669710083
105.624,-0.34726901986049813
105.625,-0.35199363304034931
105.626,-0.35671749350339632
105.627,-0.36144055853264628
105.628,-0.36616278542805381
105.629,-0.37088413150719357
105.63,-0.37560455410594223
105.631,-0.38032401057915127
105.63200000000001,-0.385042458301322
105.633,-0.38975985466726892
105.634,-0.39447615709280703
105.63500000000001,-0.39919132301540949
105.636,-0.40390530989487983
105.637,-0.40861807521401527
105.63800000000001,-0.41332957647927837
105.639,-0.41803977122145936
105.64,-0.42274861699633703
105.64100000000001,-0.4274560713853347
105.642,-0.43216209199619593
105.643,-0.43686663646362367
105.64400000000001,-0.4415696624499551
105.645,-0.44627112764579807
105.646,-0.45097098977070138
105.64700000000001,-0.45566920657379828
105.648,-0.4603657358344635
105.649,-0.46506053536294756
105.65000000000001,-0.46975356300104548
105.651,-0.47444477662272611
105.652,-0.47913413413478545
105.65300000000001,-0.48382159347748044
105.654,-0.48850711262518076
105.655,-0.4931906495870001
105.65600000000001,-0.49787216240743948
105.657,-0.50255160916701258
105.658,-0.50722894798289464
105.65900000000001,-0.51190413700954451
105.66,-0.5165771344393405
105.661,-0.52124789850320308
105.66200000000001,-0.52591638747122926
105.663,-0.53058255965331413
105.664,-0.53524637339977899
105.66500000000001,-0.5399077871019804
105.666,-0.5445667591929475
105.667,-0.54922324814798806
105.66800000000001,-0.55387721248531141
105.669,-0.55852861076663407
105.67,-0.56317740159780283
105.67100000000001,-0.56782354362939902
105.672,-0.57246699555735314
105.673,-0.57710771612353595
105.67400000000001,-0.58174566411638629
105.675,-0.58638079837149626
105.676,-0.59101307777222301
105.67700000000001,-0.59564246125027576
105.678,-0.60026890778632558
105.679,-0.60489237641059301
105.68000000000001,-0.60951282620344494
105.681,-0.61413021629597764
105.682,-0.61874450587061824
105.68299999999999,-0.62335565416170136
105.684,-0.62796362045605969
105.685,-0.63256836409359984
105.68600000000001,-0.6371698444678916
105.687,-0.64176802102674235
105.688,-0.64636285327277565
105.68899999999999,-0.65095430076399563
105.69,-0.65554232311437743
105.691,-0.6601268799944211
105.69200000000001,-0.66470793113172921
105.693,-0.66928543631156434
105.694,-0.67385935537742125
105.69499999999999,-0.67842964823158436
105.696,-0.68299627483568837
105.697,-0.68755919521126763
105.69799999999999,-0.69211836944032512
105.699,-0.69667375766587347
105.7,-0.70122532009249217
105.70099999999999,-0.7057730169868679
105.702,-0.71031680867834956
105.703,-0.71485665555948574
105.70399999999999,-0.71939251808657223
105.705,-0.72392435678017897
105.706,-0.72845213222570238
105.70699999999999,-0.73297580507388849
105.708,-0.7374953360413713
105.709,-0.74201068591119668
105.70999999999999,-0.74652181553335628
105.711,-0.75102868582531113
105.712,-0.75553125777251273
105.71299999999999,-0.76002949242892059
105.714,-0.76452335091752932
105.715,-0.76901279443087667
105.71599999999999,-0.77349778423156201
105.717,-0.77797828165275074
105.718,-0.78245424809869002
105.71899999999999,-0.78692564504521312
105.72,-0.79139243404024295
105.721,-0.79585457670428839
105.72199999999999,-0.80031203473095291
105.723,-0.80476476988742551
105.724,-0.80921274401497512
105.72499999999999,-0.81365591902944223
105.726,-0.8180942569217291
105.727,-0.82252771975828975
105.72799999999999,-0.82695626968160918
105.729,-0.83137986891068516
105.73,-0.83579847974151411
105.73099999999999,-0.84021206454756192
105.732,-0.84462058578024257
105.733,-0.84902400596938521
105.73399999999999,-0.85342228772370854
105.735,-0.85781539373128801
105.736,-0.86220328676001989
105.73699999999999,-0.86658592965807313
105.738,-0.87096328535436973
105.739,-0.8753353168590241
105.73999999999999,-0.87970198726380633
105.741,-0.88406325974258748
105.742,-0.8884190975517976
105.74299999999999,-0.8927694640308671
105.744,-0.89711432260267476
105.745,-0.90145363677398149
105.746,-0.9057873701358834
105.747,-0.91011548636423689
105.748,-0.91443794922009858
105.749,-0.91875472255015389
105.75,-0.9230657702871502
105.751,-0.92737105645032103
105.752,-0.9316705451458116
105.753,-0.93596420056709939
105.754,-0.9402519869954109
105.755,-0.94453386880014167
105.756,-0.94880981043927148
105.75700000000001,-0.9530797764597736
105.758,-0.95734373149801566
105.759,-0.96160164028018236
105.76000000000001,-0.96585346762266777
105.761,-0.97009917843247828
105.762,-0.97433873770763013
105.76300000000001,-0.97857211053754956
105.764,-0.98279926210346247
105.765,-0.9870201576787897
105.76600000000001,-0.99123476262952526
105.767,-0.99544304241463299
105.768,-0.99964496258642743
105.76900000000001,-1.0038404887909511
105.77,-1.00802958676835
105.771,-1.0122122223532561
105.77200000000001,-1.0163883614751574
105.773,-1.020557970158769
105.774,-1.0247210145243932
105.77500000000001,-1.028877460788298
105.776,-1.0330272752630694
105.777,-1.0371704243579756
105.77800000000001,-1.0413068745793226
105.779,-1.04543659253081
105.78,-1.0495595449138859
105.78100000000001,-1.0536756985280933
105.782,-1.0577850202714145
105.783,-1.0618874771406246
105.78400000000001,-1.0659830362316274
105.785,-1.0700716647397965
105.786,-1.0741533299603101
105.78700000000001,-1.0782279992884902
105.788,-1.0822956402201314
105.789,-1.0863562203518327
105.79000000000001,-1.0904097073813184
105.791,-1.0944560691077709
105.792,-1.0984952734321503
105.79300000000001,-1.1025272883575097
105.794,-1.1065520819893142
105.795,-1.1105696225357566
105.79600000000001,-1.1145798783080703
105.797,-1.1185828177208383
105.798,-1.1225784092922928
105.79900000000001,-1.1265666216446324
105.8,-1.1305474235043131
105.801,-1.1345207837023583
105.80200000000001,-1.1384866711746406
105.803,-1.1424450549621943
105.804,-1.1463959042114937
105.80500000000001,-1.1503391881747533
105.806,-1.1542748762102002
105.807,-1.1582029377823777
105.80799999999999,-1.1621233424624156
105.809,-1.1660360599283135
105.81,-1.1699410599652151
105.81100000000001,-1.1738383124656879
105.812,-1.1777277874299958
105.813,-1.1816094549663678
105.81399999999999,-1.185483285291262
105.815,-1.18934924872964
105.816,-1.1932073157152239
105.81700000000001,-1.1970574567907595
105.818,-1.2008996426082699
105.819,-1.2047338439293218
105.81999999999999,-1.2085600316252683
105.821,-1.212378176677513
105.822,-1.216188250177741
105.82299999999999,-1.2199902233281856
105.824,-1.223784067441859
105.825,-1.2275697539428032
105.82599999999999,-1.2313472543663213
105.827,-1.2351165403592255
105.828,-1.2388775836800643
105.82899999999999,-1.2426303561993612
105.83,-1.2463748298998398
105.831,-1.2501109768766592
105.83199999999999,-1.2538387693376367
105.833,-1.2575581796034763
105.834,-1.2612691801079792
105.83499999999999,-1.2649717433982803
105.836,-1.268665842135055
105.837,-1.2723514490927395
105.83799999999999,-1.2760285371597375
105.839,-1.2796970793386411
105.84,-1.2833570487464363
105.84099999999999,-1.2870084186147068
105.842,-1.2906511622898416
105.843,-1.2942852532332387
105.84399999999999,-1.2979106650215049
105.845,-1.3015273713466564
105.846,-1.3051353460163089
105.84699999999999,-1.3087345629538811
105.848,-1.3123249961987842
105.849,-1.3159066199066114
105.84999999999999,-1.3194794083493209
105.851,-1.3230433359154361
105.852,-1.3265983771102183
105.85299999999999,-1.3301445065558575
105.854,-1.3336816989916409
105.855,-1.3372099292741484
105.85599999999999,-1.3407291723774177
105.857,-1.3442394033931242
105.858,-1.3477405975307482
105.85899999999999,-1.3512327301177538
105.86,-1.3547157765997526
105.861,-1.3581897125406777
105.86199999999999,-1.3616545136229363
105.863,-1.3651101556475891
105.864,-1.3685566145345023
105.86499999999999,-1.371993866322512
105.866,-1.3754218871695771
105.867,-1.378840653352944
105.86799999999999,-1.3822501412692965
105.869,-1.3856503274349099
105.87,-1.3890411884857992
105.871,-1.3924227011778756
105.872,-1.395794842387091
105.873,-1.3991575891095822
105.874,-1.4025109184618176
105.875,-1.4058548076807411
105.876,-1.4091892341239118
105.877,-1.412514175269648
105.878,-1.4158296087171598
105.879,-1.4191355121866853
105.88,-1.4224318635196327
105.881,-1.4257186406787097
105.88200000000001,-1.4289958217480552
105.883,-1.4322633849333657
105.884,-1.4355213085620357
105.88500000000001,-1.4387695710832755
105.886,-1.4420081510682412
105.887,-1.4452370272101551
105.88800000000001,-1.4484561783244372
105.889,-1.4516655833488188
105.89,-1.4548652213434707
105.89100000000001,-1.4580550714911116
105.892,-1.4612351130971364
105.893,-1.4644053255897296
105.89400000000001,-1.4675656885199782
105.895,-1.470716181561984
105.896,-1.4738567845129826
105.89700000000001,-1.4769874772934493
105.898,-1.4801082399472136
105.899,-1.483219052641557
105.90000000000001,-1.486319895667338
105.901,-1.4894107494390854
105.902,-1.4924915944951094
105.90300000000001,-1.4955624114975981
105.904,-1.4986231812327317
105.905,-1.5016738846107782
105.90600000000001,-1.5047145026661948
105.907,-1.507745016557724
105.908,-1.5107654075684995
105.90900000000001,-1.5137756571061383
105.91,-1.5167757467028424
105.911,-1.5197656580154848
105.91200000000001,-1.5227453728257152
105.913,-1.5257148730400487
105.914,-1.5286741406899576
105.91500000000001,-1.5316231579319608
105.916,-1.5345619070477232
105.917,-1.5374903704441383
105.91800000000001,-1.5404085306534205
105.919,-1.5433163703331889
105.92,-1.5462138722665619
105.92100000000001,-1.5491010193622392
105.922,-1.5519777946545887
105.923,-1.5548441813037297
105.92400000000001,-1.5577001625956199
105.925,-1.5605457219421393
105.926,-1.5633808428811724
105.92700000000001,-1.5662055090766851
105.928,-1.5690197043188165
105.929,-1.5718234125239507
105.93000000000001,-1.5746166177348044
105.931,-1.5773993041204968
105.932,-1.5801714559766391
105.93299999999999,-1.5829330577254075
105.934,-1.585684093915622
105.935,-1.5884245492228231
105.93600000000001,-1.5911544084493481
105.937,-1.5938736565244134
105.938,-1.5965822785041812
105.93899999999999,-1.5992802595718394
105.94,-1.60196758503768
105.941,-1.6046442403391663
105.94200000000001,-1.6073102110410165
105.943,-1.6099654828352647
105.944,-1.6126100415413489
105.94499999999999,-1.6152438731061722
105.946,-1.6178669636041842
105.947,-1.6204792992374444
105.94799999999999,-1.6230808663357046
105.949,-1.6256716513564748
105.95,-1.6282516408850947
105.95099999999999,-1.6308208216348064
105.952,-1.6333791804468278
105.953,-1.6359267042904204
105.95399999999999,-1.6384633802629631
105.955,-1.6409891955900175
105.956,-1.6435041376254074
105.95699999999999,-1.6460081938512812
105.958,-1.6485013518781897
105.959,-1.6509835994451478
105.95999999999999,-1.6534549244197116
105.961,-1.655915314798047
105.962,-1.6583647587050023
105.96299999999999,-1.6608032443941694
105.964,-1.6632307602479672
105.965,-1.6656472947777028
105.96599999999999,-1.6680528366236476
105.967,-1.6704473745550981
105.968,-1.6728308974704618
105.96899999999999,-1.6752033943973139
105.97,-1.6775648544924786
105.971,-1.6799152670420892
105.97199999999999,-1.6822546214616718
105.973,-1.684582907296208
105.974,-1.68690011422021
105.97499999999999,-1.6892062320377885
105.976,-1.6915012506827334
105.977,-1.6937851602185761
105.97799999999999,-1.6960579508386697
105.979,-1.6983196128662561
105.98,-1.7005701367545445
105.98099999999999,-1.7028095130867824
105.982,-1.7050377325763302
105.983,-1.7072547860667329
105.98399999999999,-1.7094606645317996
105.985,-1.7116553590756753
105.986,-1.7138388609329174
105.98699999999999,-1.7160111614685705
105.988,-1.7181722521782437
105.989,-1.7203221246881906
105.98999999999999,-1.7224607707553798
105.991,-1.7245881822675782
105.992,-1.7267043512434272
105.99299999999999,-1.7288092698325237
105.994,-1.7309029303154972
105.995,-1.7329853251040883
105.996,-1.7350564467412346
105.997,-1.7371162879011479
105.998,-1.7391648413893981
105.999,-1.7412021001429903
106,-1.7432280572304568
106.001,-1.7452427058519349
106.002,-1.7472460393392482
106.003,-1.7492380511560031
106.004,-1.7512187348976598
106.005,-1.7531880842916334
106.006,-1.7551460931973684
106.00700000000001,-1.7570927556064311
106.008,-1.7590280656426076
106.009,-1.7609520175619751
106.01000000000001,-1.7628646057530053
106.011,-1.7647658247366564
106.012,-1.7666556691664521
106.01300000000001,-1.7685341338285914
106.014,-1.7704012136420251
106.015,-1.7722569036585616
106.01600000000001,-1.7741011990629614
106.017,-1.7759340951730256
106.018,-1.7777555874396973
106.01900000000001,-1.7795656714471644
106.02,-1.7813643429129453
106.021,-1.7831515976880057
106.02200000000001,-1.7849274317568438
106.023,-1.7866918412375934
106.024,-1.7884448223821419
106.02500000000001,-1.7901863715762123
106.026,-1.7919164853394802
106.027,-1.7936351603256786
106.02800000000001,-1.7953423933226957
106.029,-1.7970381812526941
106.03,-1.7987225211722084
106.03100000000001,-1.8003954102722588
106.032,-1.8020568458784645
106.033,-1.8037068254511477
106.03400000000001,-1.8053453465854494
106.035,-1.8069724070114492
106.036,-1.8085880045942626
106.03700000000001,-1.8101921373341787
106.038,-1.8117848033667563
106.039,-1.8133660009629518
106.04000000000001,-1.8149357285292407
106.041,-1.8164939846077264
106.042,-1.8180407678762691
106.04300000000001,-1.8195760771486098
106.044,-1.8210999113744815
106.045,-1.8226122696397469
106.04600000000001,-1.8241131511665156
106.047,-1.8256025553132682
106.048,-1.8270804815749937
106.04900000000001,-1.8285469295833081
106.05,-1.8300018991065874
106.051,-1.8314453900501007
106.05199999999999,-1.8328774024561363
106.053,-1.8342979365041452
106.054,-1.8357069925108609
106.05500000000001,-1.8371045709304441
106.056,-1.8384906723546206
106.057,-1.839865297512812
106.05799999999999,-1.8412284472722764
106.059,-1.8425801226382545
106.06,-1.8439203247541009
106.06100000000001,-1.8452490549014342
106.062,-1.8465663145002755
106.063,-1.8478721051091935
106.06399999999999,-1.8491664284254554
106.065,-1.8504492862851634
106.066,-1.8517206806634112
106.06700000000001,-1.8529806136744322
106.068,-1.8542290875717429
106.069,-1.8554661047483059
106.06999999999999,-1.8566916677366692
106.071,-1.8579057792091285
106.072,-1.8591084419778803
106.07300000000001,-1.8602996589951779
106.074,-1.8614794333534819
106.075,-1.8626477682856351
106.07599999999999,-1.8638046671649977
106.077,-1.864950133505632
106.078,-1.8660841709624458
106.07899999999999,-1.8672067833313615
106.08,-1.8683179745494871
106.081,-1.8694177486952674
106.08199999999999,-1.8705061099886575
106.083,-1.8715830627912922
106.084,-1.872648611606649
106.08499999999999,-1.8737027610802175
106.086,-1.8747455159996751
106.087,-1.8757768812950497
106.08799999999999,-1.8767968620389024
106.089,-1.87780546344649
106.09,-1.8788026908759481
106.09099999999999,-1.8797885498284634
106.092,-1.8807630459484472
106.093,-1.8817261850237208
106.09399999999999,-1.8826779729856837
106.095,-1.8836184159094997
106.096,-1.8845475200142803
106.09699999999999,-1.8854652916632575
106.098,-1.8863717373639708
106.099,-1.8872668637684538
106.09999999999999,-1.8881506776734107
106.101,-1.8890231860204088
106.102,-1.8898843958960625
106.10299999999999,-1.8907343145322166
106.104,-1.8915729493061397
106.105,-1.8924003077407101
106.10599999999999,-1.8932163975046046
106.107,-1.8940212264124914
106.108,-1.8948148024252187
106.10899999999999,-1.8955971336500115
106.11,-1.8963682283406589
106.111,-1.8971280948977096
106.11199999999999,-1.8978767418686697
106.113,-1.8986141779481933
106.114,-1.8993404119782806
106.11499999999999,-1.9000554529484761
106.116,-1.9007593099960614
106.117,-1.9014519924062601
106.11799999999999,-1.9021335096124294
106.119,-1.9028038711962623
106.12,-1.9034630868879918
106.121,-1.904111166566584
106.122,-1.9047481202599441
106.123,-1.9053739581451166
106.124,-1.9059886905484884
106.125,-1.9065923279459926
106.126,-1.9071848809633085
106.127,-1.9077663603760657
106.128,-1.9083367771100561
106.129,-1.9088961422414257
106.13,-1.9094444669968906
106.131,-1.9099817627539393
106.13200000000001,-1.9105080410410336
106.133,-1.9110233135378243
106.134,-1.9115275920753485
106.13500000000001,-1.9120208886362406
106.136,-1.9125032153549442
106.137,-1.9129745845179089
106.13800000000001,-1.9134350085638065
106.139,-1.9138845000837374
106.14,-1.9143230718214346
106.14100000000001,-1.9147507366734762
106.142,-1.9151675076894921
106.143,-1.9155733980723697
106.14400000000001,-1.9159684211784715
106.145,-1.9163525905178285
106.146,-1.916725919754364
106.14700000000001,-1.9170884227060925
106.148,-1.9174401133453312
106.149,-1.917781005798908
106.15000000000001,-1.9181111143483709
106.151,-1.9184304534301944
106.152,-1.9187390376359885
106.15300000000001,-1.9190368817127061
106.154,-1.9193240005628502
106.155,-1.9196004092446823
106.15600000000001,-1.9198661229724285
106.157,-1.9201211571164878
106.158,-1.9203655272036335
106.15900000000001,-1.9205992489172268
106.16,-1.9208223380974152
106.161,-1.9210348107413424
106.16200000000001,-1.9212366830033525
106.163,-1.9214279711951889
106.164,-1.9216086917862045
106.16500000000001,-1.9217788614035627
106.166,-1.9219384968324367
106.167,-1.9220876150162138
106.16800000000001,-1.9222262330566988
106.169,-1.9223543682143085
106.17,-1.9224720379082774
106.17100000000001,-1.922579259716849
106.172,-1.9226760513774821
106.173,-1.9227624307870428
106.17400000000001,-1.9228384160020009
106.175,-1.9229040252386265
106.176,-1.9229592768731836
106.17699999999999,-1.9230041894421246
106.178,-1.923038781642276
106.179,-1.9230630723310433
106.18000000000001,-1.9230770805265835
106.181,-1.9230808254080085
106.182,-1.9230743263155647
106.18299999999999,-1.9230576027508206
106.184,-1.9230306743768535
106.185,-1.9229935610184321
106.18600000000001,-1.922946282662199
106.187,-1.9228888594568507
106.188,-1.9228213117133177
106.18899999999999,-1.9227436599049439
106.19,-1.9226559246676611
106.191,-1.9225581268001632
106.19200000000001,-1.9224502872640825
106.193,-1.9223324271841582
106.194,-1.9222045678484061
106.19499999999999,-1.9220667307082908
106.196,-1.9219189373788872
106.197,-1.9217612096390486
106.19800000000001,-1.9215935694315649
106.199,-1.9214160388633288
106.2,-1.9212286402054903
106.20099999999999,-1.9210313958936165
106.202,-1.9208243285278415
106.203,-1.9206074608730253
106.20399999999999,-1.9203808158589002
106.205,-1.9201444165802197
106.206,-1.9198982862969047
106.20699999999999,-1.9196424484341863
106.208,-1.9193769265827512
106.209,-1.9191017444988749
106.20999999999999,-1.9188169261045618
106.211,-1.9185224954876798
106.212,-1.9182184769020896
106.21299999999999,-1.9179048947677779
106.214,-1.9175817736709766
106.215,-1.9172491383642971
106.21599999999999,-1.9169070137668405
106.217,-1.9165554249643262
106.218,-1.9161943972091984
106.21899999999999,-1.9158239559207455
106.22,-1.9154441266852076
106.221,-1.9150549352558832
106.22199999999999,-1.9146564075532355
106.223,-1.9142485696649896
106.224,-1.913831447846235
106.22499999999999,-1.9134050685195154
106.226,-1.9129694582749246
106.227,-1.9125246438701939
106.22799999999999,-1.9120706522307762
106.229,-1.9116075104499288
106.23,-1.9111352457887933
106.23099999999999,-1.9106538856764659
106.232,-1.9101634577100741
106.233,-1.9096639896548431
106.23399999999999,-1.9091555094441597
106.235,-1.9086380451796359
106.236,-1.9081116251311614
106.23699999999999,-1.9075762777369634
106.238,-1.9070320316036486
106.239,-1.9064789155062596
106.23999999999999,-1.9059169583883062
106.241,-1.9053461893618115
106.242,-1.9047666377073436
106.24299999999999,-1.9041783328740456
106.244,-1.903581304479663
106.245,-1.9029755823105623
106.246,-1.9023611963217562
106.247,-1.9017381766369101
106.248,-1.9011065535483573
106.249,-1.9004663575170997
106.25,-1.8998176191728113
106.251,-1.8991603693138346
106.252,-1.8984946389071733
106.253,-1.8978204590884786
106.254,-1.8971378611620309
106.255,-1.8964468766007216
106.256,-1.8957475370460257
106.25700000000001,-1.8950398743079706
106.258,-1.8943239203650983
106.259,-1.8935997073644302
106.26000000000001,-1.8928672676214153
106.261,-1.8921266336198868
106.262,-1.8913778380120017
106.26300000000001,-1.8906209136181809
106.264,-1.8898558934270493
106.265,-1.8890828105953597
106.26600000000001,-1.8883016984479188
106.267,-1.8875125904775101
106.268,-1.8867155203448041
106.26900000000001,-1.8859105218782664
106.27,-1.885097629074068
106.271,-1.8842768760959712
106.27200000000001,-1.8834482972752382
106.273,-1.8826119271105046
106.274,-1.8817678002676685
106.27500000000001,-1.8809159515797642
106.276,-1.8800564160468334
106.277,-1.8791892288357883
106.27800000000001,-1.8783144252802737
106.279,-1.8774320408805178
106.28,-1.8765421113031808
106.28100000000001,-1.8756446723811984
106.282,-1.8747397601136093
106.283,-1.8738274106654
106.28400000000001,-1.8729076603673125
106.285,-1.8719805457156729
106.286,-1.8710461033721992
106.28700000000001,-1.8701043701638023
106.288,-1.8691553830823988
106.289,-1.868199179284687
106.29000000000001,-1.8672357960919448
106.291,-1.866265270989808
106.292,-1.8652876416280446
106.29300000000001,-1.8643029458203162
106.294,-1.8633112215439509
106.295,-1.8623125069396862
106.29600000000001,-1.861306840311425
106.297,-1.8602942601259767
106.298,-1.8592748050127843
106.29900000000001,-1.8582485137636642
106.3,-1.8572154253325184
106.301,-1.8561755788350534
106.30199999999999,-1.8551290135484901
106.303,-1.8540757689112559
106.304,-1.8530158845226943
106.30500000000001,-1.8519494001427366
106.306,-1.8508763556915919
106.307,-1.8497967912494151
106.30799999999999,-1.8487107470559789
106.309,-1.847618263510326
106.31,-1.8465193811704277
106.31100000000001,-1.8454141407528217
106.312,-1.8443025831322604
106.313,-1.84318474934133
106.31399999999999,-1.8420606805700777
106.315,-1.8409304181656314
106.316,-1.8397940036318048
106.31700000000001,-1.8386514786286952
106.318,-1.8375028849722856
106.319,-1.836348264634021
106.31999999999999,-1.8351876597403955
106.321,-1.8340211125725197
106.322,-1.8328486655656804
106.32300000000001,-1.8316703613089056
106.324,-1.8304862425445061
106.325,-1.8292963521676147
106.32599999999999,-1.8281007332257266
106.327,-1.8268994289182157
106.328,-1.8256924825958607
106.32899999999999,-1.8244799377603476
106.33,-1.823261838063774
106.331,-1.8220382273081437
106.33199999999999,-1.8208091494448544
106.333,-1.8195746485741684
106.334,-1.8183347689446929
106.33499999999999,-1.8170895549528312
106.336,-1.8158390511422466
106.337,-1.814583302203306
106.33799999999999,-1.8133223529725087
106.339,-1.8120562484319294
106.34,-1.8107850337086342
106.34099999999999,-1.8095087540740915
106.342,-1.8082274549435813
106.343,-1.8069411818755887
106.34399999999999,-1.8056499805711992
106.345,-1.8043538968734736
106.346,-1.8030529767668209
106.34699999999999,-1.8017472663763645
106.348,-1.8004368119673004
106.349,-1.799121659944235
106.34999999999999,-1.7978018568505374
106.351,-1.7964774493676583
106.352,-1.7951484843144614
106.35299999999999,-1.7938150086465317
106.354,-1.7924770694554826
106.355,-1.7911347139682521
106.35599999999999,-1.7897879895463953
106.357,-1.788436943685358
106.358,-1.7870816240137555
106.35899999999999,-1.7857220782926257
106.36,-1.7843583544146957
106.361,-1.7829905004036197
106.36199999999999,-1.7816185644132156
106.363,-1.7802425947267
106.364,-1.7788626397559058
106.36499999999999,-1.777478748040485
106.366,-1.776090968247132
106.367,-1.7746993491687519
106.36799999999999,-1.7733039397236701
106.369,-1.771904788954795
106.37,-1.7705019460287905
106.371,-1.7690954602352349
106.372,-1.7676853809857749
106.373,-1.766271757813263
106.374,-1.7648546403708989
106.375,-1.7634340784313418
106.376,-1.7620101218858422
106.377,-1.7605828207433387
106.378,-1.7591522251295588
106.379,-1.7577183852861149
106.38,-1.7562813515695761
106.381,-1.754841174450551
106.38200000000001,-1.7533979045127479
106.383,-1.7519515924520228
106.384,-1.7505022890754387
106.38500000000001,-1.7490500453003004
106.386,-1.7475949121531738
106.387,-1.7461369407689213
106.38800000000001,-1.7446761823897023
106.389,-1.7432126883639814
106.39,-1.7417465101455258
106.39100000000001,-1.7402776992923825
106.392,-1.7388063074658664
106.393,-1.7373323864295205
106.39400000000001,-1.7358559880480764
106.395,-1.7343771642864163
106.396,-1.7328959672084974
106.39700000000001,-1.731412448976303
106.398,-1.7299266618487599
106.399,-1.7284386581806535
106.40000000000001,-1.7269484904215417
106.401,-1.7254562111146547
106.402,-1.7239618728957735
106.40300000000001,-1.7224655284921362
106.404,-1.7209672307212878
106.405,-1.7194670324899604
106.40600000000001,-1.7179649867929285
106.407,-1.7164611467118509
106.408,-1.7149555654141195
106.40900000000001,-1.713448296151687
106.41,-1.7119393922598873
106.411,-1.7104289071562593
106.41200000000001,-1.7089168943393416
106.413,-1.7074034073874822
106.414,-1.7058884999576229
106.41500000000001,-1.704372225784079
106.416,-1.702854638677318
106.417,-1.7013357925227226
106.41800000000001,-1.6998157412793438
106.419,-1.6982945389786586
106.42,-1.6967722397232994
106.42100000000001,-1.6952488976857973
106.422,-1.693724567107302
106.423,-1.6921993022962916
106.42400000000001,-1.6906731576272958
106.425,-1.6891461875395823
106.426,-1.6876184465358564
106.42699999999999,-1.6860899891809449
106.428,-1.6845608701004666
106.429,-1.6830311439795134
106.43000000000001,-1.6815008655613011
106.431,-1.679970089645821
106.432,-1.6784388710884957
106.43299999999999,-1.6769072647988088
106.434,-1.6753753257389332
106.435,-1.673843108922364
106.43600000000001,-1.6723106694125189
106.437,-1.6707780623213591
106.438,-1.6692453428079823
106.43899999999999,-1.6677125660772112
106.44,-1.6661797873781865
106.441,-1.6646470620029454
106.44200000000001,-1.6631144452849773
106.443,-1.6615819925978084
106.444,-1.6600497593535357
106.44499999999999,-1.6585178010013935
106.446,-1.6569861730262865
106.447,-1.655454930947321
106.44800000000001,-1.6539241303163428
106.449,-1.6523938267164482
106.45,-1.6508640757604987
106.45099999999999,-1.6493349330896352
106.452,-1.6478064543717681
106.453,-1.6462786953000768
106.45399999999999,-1.6447517115914976
106.455,-1.6432255589851934
106.456,-1.6417002932410398
106.45699999999999,-1.6401759701380854
106.458,-1.6386526454730079
106.459,-1.6371303750585799
106.45999999999999,-1.6356092147221031
106.461,-1.6340892203038593
106.462,-1.6325704476555445
106.46299999999999,-1.6310529526386894
106.464,-1.6295367911230922
106.465,-1.628022018985233
106.46599999999999,-1.6265086921066783
106.467,-1.6249968663724985
106.468,-1.6234865976696498
106.46899999999999,-1.621977941885387
106.47,-1.6204709549056369
106.471,-1.6189656926133855
106.47199999999999,-1.6174622108870556
106.473,-1.6159605655988758
106.474,-1.6144608126132485
106.47499999999999,-1.612963007785108
106.476,-1.6114672069582756
106.477,-1.6099734659638121
106.47799999999999,-1.6084818406183641
106.479,-1.6069923867224927
106.48,-1.6055051600590247
106.48099999999999,-1.6040202163913715
106.482,-1.6025376114618555
106.483,-1.6010574009900371
106.48399999999999,-1.5995796406710183
106.485,-1.5981043861737694
106.486,-1.596631693139424
106.48699999999999,-1.595161617179583
106.488,-1.5936942138746197
106.489,-1.5922295387719665
106.48999999999999,-1.5907676473844043
106.491,-1.589308595188355
106.492,-1.5878524376221539
106.49299999999999,-1.5863992300843359
106.494,-1.5849490279319038
106.495,-1.5835018864785999
106.496,-1.5820578609931744
106.497,-1.5806170066976435
106.498,-1.5791793787655548
106.499,-1.5777450323202389
106.5,-1.5763140224330632
106.501,-1.5748864041216823
106.502,-1.5734622323482865
106.503,-1.5720415620178381
106.504,-1.5706244479763207
106.505,-1.5692109450089675
106.506,-1.5678011078385063
106.50700000000001,-1.566394991123385
106.508,-1.5649926494560005
106.509,-1.5635941373609319
106.51000000000001,-1.5621995092931615
106.511,-1.5608088196362913
106.512,-1.5594221227007781
106.51300000000001,-1.5580394727221363
106.514,-1.5566609238591647
106.515,-1.5552865301921586
106.51600000000001,-1.5539163457211145
106.517,-1.5525504243639539
106.518,-1.5511888199547266
106.51900000000001,-1.5498315862418104
106.52,-1.5484787768861343
106.521,-1.5471304454593677
106.52200000000001,-1.5457866454421354
106.523,-1.5444474302222155
106.524,-1.5431128530927396
106.52500000000001,-1.541782967250398
106.526,-1.540457825793639
106.527,-1.5391374817208634
106.52800000000001,-1.5378219879286319
106.529,-1.5365113972098539
106.53,-1.5352057622519941
106.53100000000001,-1.5339051356352693
106.532,-1.5326095698308366
106.533,-1.5313191171990015
106.53400000000001,-1.5300338299874159
106.535,-1.5287537603292631
106.536,-1.527478960241474
106.53700000000001,-1.5262094816229073
106.538,-1.5249453762525644
106.539,-1.5236866957877808
106.54000000000001,-1.5224334917624223
106.541,-1.5211858155850939
106.542,-1.5199437185373443
106.54300000000001,-1.5187072517718532
106.544,-1.5174764663106532
106.545,-1.5162514130433231
106.54600000000001,-1.5150321427251998
106.547,-1.5138187059755905
106.548,-1.5126111532759676
106.54900000000001,-1.5114095349681971
106.55,-1.5102139012527442
106.551,-1.5090243021868834
106.55199999999999,-1.5078407876829276
106.553,-1.5066634075064347
106.554,-1.5054922112744362
106.55500000000001,-1.5043272484536634
106.556,-1.503168568358765
106.557,-1.5020162201505434
106.55799999999999,-1.5008702528341844
106.559,-1.4997307152574857
106.56,-1.4985976561091059
106.56100000000001,-1.4974711239167915
106.562,-1.4963511670456322
106.563,-1.4952378336962997
106.56399999999999,-1.4941311719032997
106.565,-1.4930312295332251
106.566,-1.4919380542830172
106.56700000000001,-1.4908516936782199
106.568,-1.4897721950712461
106.569,-1.4886996056396515
106.56999999999999,-1.4876339723844001
106.571,-1.4865753421281487
106.572,-1.4855237615135155
106.57300000000001,-1.4844792770013804
106.574,-1.4834419348691634
106.575,-1.4824117812091253
106.57599999999999,-1.4813888619266651
106.577,-1.4803732227386242
106.578,-1.479364909171593
106.57899999999999,-1.4783639665602317
106.58,-1.4773704400455796
106.581,-1.4763843745733904
106.58199999999999,-1.4754058148924543
106.583,-1.4744348055529379
106.584,-1.4734713909047221
106.58499999999999,-1.4725156150957504
106.586,-1.4715675220703845
106.587,-1.4706271555677597
106.58799999999999,-1.4696945591201476
106.589,-1.4687697760513339
106.59,-1.467852849474991
106.59099999999999,-1.4669438222930595
106.592,-1.4660427371941498
106.593,-1.4651496366519203
106.59399999999999,-1.4642645629234998
106.595,-1.4633875580478883
106.596,-1.4625186638443748
106.59699999999999,-1.4616579219109662
106.598,-1.4608053736228155
106.599,-1.4599610601306623
106.59999999999999,-1.45912502235928
106.601,-1.458297301005929
106.602,-1.4574779365388197
106.60299999999999,-1.456666969195582
106.604,-1.4558644389817403
106.605,-1.4550703856692042
106.60599999999999,-1.4542848487947557
106.607,-1.4535078676585556
106.608,-1.4527394813226544
106.60899999999999,-1.4519797286095038
106.61,-1.4512286481004919
106.611,-1.4504862781344769
106.61199999999999,-1.449752656806325
106.613,-1.4490278219654735
106.614,-1.4483118112144873
106.61499999999999,-1.447604661907627
106.616,-1.446906411149441
106.617,-1.446217095793338
106.61799999999999,-1.4455367524402039
106.619,-1.4448654174369984
106.62,-1.444203126875375
106.621,-1.4435499165903143
106.622,-1.442905822158755
106.623,-1.4422708788982446
106.624,-1.4416451218655957
106.625,-1.4410285858555558
106.626,-1.4404213053994814
106.627,-1.4398233147640314
106.628,-1.439234647949855
106.629,-1.4386553386903149
106.63,-1.4380854204501961
106.631,-1.4375249264244383
106.63200000000001,-1.4369738895368802
106.633,-1.4364323424390086
106.634,-1.4359003175087199
106.63500000000001,-1.4353778468490983
106.636,-1.4348649622871954
106.637,-1.4343616953728322
106.63800000000001,-1.4338680773774017
106.639,-1.4333841392926905
106.64,-1.4329099118297095
106.64100000000001,-1.4324454254175374
106.642,-1.4319907102021689
106.643,-1.431545796045389
106.64400000000001,-1.4311107125236437
106.645,-1.4306854889269349
106.646,-1.4302701542577163
106.64700000000001,-1.4298647372298139
106.648,-1.4294692662673478
106.649,-1.4290837695036722
106.65000000000001,-1.4287082747803275
106.651,-1.4283428096460002
106.652,-1.4279874013555056
106.65300000000001,-1.427642076868767
106.654,-1.427306862849828
106.655,-1.4269817856658595
106.65600000000001,-1.4266668713861894
106.657,-1.4263621457813436
106.658,-1.4260676343220966
106.65900000000001,-1.4257833621785445
106.66,-1.4255093542191779
106.661,-1.4252456350099778
106.66200000000001,-1.4249922288135242
106.663,-1.4247491595881123
106.664,-1.4245164509868919
106.66500000000001,-1.4242941263570059
106.666,-1.424082208738763
106.667,-1.4238807208647986
106.66800000000001,-1.4236896851592769
106.669,-1.4235091237370852
106.67,-1.4233390584030503
106.67100000000001,-1.4231795106511771
106.672,-1.4230305016638809
106.673,-1.4228920523112571
106.67400000000001,-1.4227641831503495
106.675,-1.4226469144244378
106.676,-1.4225402660623392
106.67699999999999,-1.4224442576777279
106.678,-1.4223589085684609
106.679,-1.4222842377159304
106.68000000000001,-1.4222202637844146
106.681,-1.42216700512046
106.682,-1.422124479752267
106.68299999999999,-1.4220927053890957
106.684,-1.4220716994206883
106.685,-1.4220614789166925
106.68600000000001,-1.4220620606261229
106.687,-1.4220734609768186
106.688,-1.4220956960749236
106.68899999999999,-1.4221287817043806
106.69,-1.4221727333264416
106.691,-1.4222275660791905
106.69200000000001,-1.422293294777087
106.693,-1.4223699339105176
106.694,-1.4224574976453681
106.69499999999999,-1.4225559998226123
106.696,-1.422665453957908
106.697,-1.4227858732412211
106.69800000000001,-1.4229172705364486
106.699,-1.4230596583810802
106.7,-1.4232130489858497
106.70099999999999,-1.4233774542344211
106.702,-1.4235528856830828
106.703,-1.4237393545604582
106.70399999999999,-1.4239368717672329
106.705,-1.4241454478758977
106.706,-1.4243650931305063
106.70699999999999,-1.4245958174464481
106.708,-1.4248376304102459
106.709,-1.4250905412793515
106.70999999999999,-1.4253545589819758
106.711,-1.4256296921169251
106.712,-1.4259159489534552
106.71299999999999,-1.4262133374311401
106.714,-1.4265218651597609
106.715,-1.4268415394192093
106.71599999999999,-1.4271723671594019
106.717,-1.4275143550002209
106.718,-1.4278675092314612
106.71899999999999,-1.428231835812797
106.72,-1.4286073403737691
106.721,-1.4289940282137832
106.72199999999999,-1.4293919043021241
106.723,-1.4298009732779899
106.724,-1.4302212394505396
106.72499999999999,-1.4306527067989609
106.726,-1.4310953789725454
106.727,-1.4315492592907904
106.72799999999999,-1.4320143507435139
106.729,-1.4324906559909825
106.73,-1.4329781773640555
106.73099999999999,-1.4334769168643535
106.732,-1.4339868761644334
106.733,-1.4345080566079853
106.73399999999999,-1.4350404592100463
106.735,-1.4355840846572225
106.736,-1.4361389333079417
106.73699999999999,-1.4367050051927102
106.738,-1.4372823000143904
106.739,-1.4378708171484931
106.73999999999999,-1.4384705556434931
106.741,-1.4390815142211495
106.742,-1.4397036912768506
106.74299999999999,-1.4403370848799746
106.744,-1.4409816927742627
106.745,-1.4416375123782137
106.746,-1.4423045407854878
106.747,-1.4429827747653359
106.748,-1.4436722107630371
106.749,-1.4443728449003532
106.75,-1.4450846729760101
106.751,-1.4458076904661785
106.752,-1.4465418925249818
106.753,-1.4472872739850247
106.754,-1.4480438293579172
106.755,-1.4488115528348446
106.756,-1.4495904382871254
106.75700000000001,-1.4503804792668007
106.758,-1.4511816690072448
106.759,-1.4519940004237695
106.76000000000001,-1.4528174661142694
106.761,-1.4536520583598702
106.762,-1.4544977691255885
106.76300000000001,-1.4553545900610276
106.764,-1.4562225125010586
106.765,-1.4571015274665491
106.76600000000001,-1.4579916256650878
106.767,-1.4588927974917261
106.768,-1.4598050330297452
106.76900000000001,-1.4607283220514335
106.77,-1.461662654018876
106.771,-1.4626080180847643
106.77200000000001,-1.4635644030932207
106.773,-1.464531797580638
106.774,-1.4655101897765379
106.77500000000001,-1.4664995676044339
106.776,-1.4674999186827247
106.777,-1.4685112303255972
106.77800000000001,-1.4695334895439318
106.779,-1.47056668304625
106.78,-1.4716107972396482
106.78100000000001,-1.4726658182307675
106.782,-1.4737317318267751
106.783,-1.4748085235363453
106.78400000000001,-1.475896178570677
106.785,-1.4769946818445163
106.786,-1.478104017977186
106.78700000000001,-1.4792241712936498
106.788,-1.4803551258255705
106.789,-1.4814968653123943
106.79000000000001,-1.4826493732024519
106.791,-1.4838126326540642
106.792,-1.4849866265366714
106.79300000000001,-1.4861713374319736
106.794,-1.4873667476350831
106.795,-1.4885728391556987
106.79600000000001,-1.4897895937192831
106.797,-1.491016992768265
106.798,-1.4922550174632501
106.79900000000001,-1.4935036486842455
106.8,-1.4947628670319024
106.801,-1.4960326528287697
106.80199999999999,-1.4973129861205574
106.803,-1.498603846677427
106.804,-1.4999052139952771
106.80500000000001,-1.5012170672970595
106.806,-1.5025393855341016
106.807,-1.5038721473874368
106.80799999999999,-1.505215331269159
106.809,-1.5065689153237858
106.81,-1.507932877429631
106.81100000000001,-1.5093071952002013
106.812,-1.510691845985586
106.813,-1.5120868068738853
106.81399999999999,-1.513492054692634
106.815,-1.5149075660102391
106.816,-1.5163333171374385
106.81700000000001,-1.5177692841287684
106.818,-1.5192154427840352
106.819,-1.5206717686498203
106.81999999999999,-1.5221382370209704
106.821,-1.5236148229421178
106.822,-1.5251015012092213
106.82300000000001,-1.5265982463710883
106.824,-1.5281050327309376
106.825,-1.5296218343479679
106.82599999999999,-1.5311486250389272
106.827,-1.5326853783797034
106.828,-1.5342320677069261
106.82899999999999,-1.5357886661195757
106.83,-1.5373551464806108
106.831,-1.5389314814185973
106.83199999999999,-1.5405176433293586
106.833,-1.5421136043776322
106.834,-1.5437193364987336
106.83499999999999,-1.5453348114002428
106.836,-1.5469600005636861
106.837,-1.5485948752462402
106.83799999999999,-1.5502394064824492
106.839,-1.5518935650859353
106.84,-1.5535573216511391
106.84099999999999,-1.5552306465550645
106.842,-1.556913509959021
106.843,-1.5586058818103987
106.84399999999999,-1.5603077318444352
106.845,-1.5620190295859957
106.846,-1.5637397443513765
106.84699999999999,-1.5654698452500961
106.848,-1.5672093011867123
106.849,-1.5689580808626511
106.84999999999999,-1.5707161527780189
106.851,-1.5724834852334657
106.852,-1.5742600463320153
106.85299999999999,-1.5760458039809362
106.854,-1.5778407258936049
106.855,-1.5796447795913779
106.85599999999999,-1.5814579324054843
106.857,-1.5832801514789159
106.858,-1.5851114037683245
106.85899999999999,-1.5869516560459442
106.86,-1.5888008749014961
106.861,-1.5906590267441212
106.86199999999999,-1.5925260778043184
106.863,-1.5944019941358825
106.864,-1.5962867416178532
106.86499999999999,-1.59818028595648
106.866,-1.6000825926871771
106.867,-1.6019936271765085
106.86799999999999,-1.6039133546241575
106.869,-1.6058417400649161
106.87,-1.6077787483706887
106.871,-1.609724344252478
106.872,-1.6116784922624046
106.873,-1.6136411567957198
106.874,-1.6156123020928175
106.875,-1.6175918922412789
106.876,-1.6195798911778887
106.877,-1.6215762626906847
106.878,-1.6235809704210056
106.879,-1.6255939778655342
106.88,-1.6276152483783672
106.881,-1.6296447451730658
106.88200000000001,-1.6316824313247302
106.883,-1.6337282697720845
106.884,-1.6357822233195354
106.88500000000001,-1.6378442546392706
106.886,-1.6399143262733546
106.887,-1.641992400635802
106.88800000000001,-1.6440784400147035
106.889,-1.6461724065743084
106.89,-1.6482742623571423
106.89100000000001,-1.6503839692861253
106.892,-1.6525014891666798
106.893,-1.654626783688854
106.89400000000001,-1.656759814429458
106.895,-1.6589005428541745
106.896,-1.6610489303197125
106.89700000000001,-1.6632049380759284
106.898,-1.6653685272679686
106.899,-1.6675396589384266
106.90000000000001,-1.6697182940294719
106.901,-1.671904393385006
106.902,-1.6740979177528277
106.90300000000001,-1.6762988277867672
106.904,-1.678507084048865
106.905,-1.6807226470115169
106.90600000000001,-1.6829454770596455
106.907,-1.6851755344928727
106.908,-1.6874127795276701
106.90900000000001,-1.6896571722995435
106.91,-1.6919086728652044
106.911,-1.6941672412047313
106.91200000000001,-1.6964328372237647
106.913,-1.6987054207556636
106.914,-1.7009849515636983
106.91500000000001,-1.7032713893432276
106.916,-1.7055646937238738
106.917,-1.7078648242717094
106.91800000000001,-1.7101717404914427
106.919,-1.7124854018285893
106.92,-1.7148057676716744
106.92100000000001,-1.7171327973544015
106.922,-1.7194664501578407
106.923,-1.7218066853126268
106.92400000000001,-1.7241534620011241
106.925,-1.7265067393596261
106.926,-1.7288664764805384
106.92699999999999,-1.7312326324145575
106.928,-1.7336051661728666
106.929,-1.735984036729304
106.93000000000001,-1.7383692030225573
106.931,-1.7407606239583477
106.932,-1.7431582584116043
106.93299999999999,-1.7455620652286423
106.934,-1.7479720032293575
106.935,-1.7503880312093829
106.93600000000001,-1.7528101079422851
106.937,-1.7552381921817248
106.938,-1.7576722426636355
106.93899999999999,-1.7601122181084008
106.94,-1.7625580772230107
106.941,-1.7650097787032391
106.94200000000001,-1.7674672812358072
106.943,-1.7699305435005419
106.944,-1.7723995241725439
106.94499999999999,-1.7748741819243368
106.946,-1.777354475428025
106.947,-1.7798403633574549
106.94800000000001,-1.7823318043903487
106.949,-1.7848287572104558
106.95,-1.7873311805097105
106.95099999999999,-1.789839032990346
106.952,-1.7923522733670543
106.953,-1.7948708603691028
106.95399999999999,-1.7973947527424645
106.955,-1.7999239092519601
106.956,-1.8024582886833538
106.95699999999999,-1.8049978498454893
106.958,-1.8075425515723968
106.959,-1.810092352725396
106.95999999999999,-1.8126472121952124
106.961,-1.8152070889040661
106.962,-1.8177719418077667
106.96299999999999,-1.8203417298978171
106.964,-1.8229164122034802
106.965,-1.8254959477938701
106.96599999999999,-1.8280802957800284
106.967,-1.8306694153169869
106.968,-1.8332632656058392
106.96899999999999,-1.8358618058957932
106.97,-1.8384649954862262
106.971,-1.8410727937287445
106.97199999999999,-1.8436851600292015
106.973,-1.8463020538497523
106.974,-1.8489234347108829
106.97499999999999,-1.8515492621934222
106.976,-1.8541794959405715
106.977,-1.8568140956599097
106.97799999999999,-1.8594530211253917
106.979,-1.8620962321793675
106.98,-1.8647436887345445
106.98099999999999,-1.8673953507759939
106.982,-1.8700511783631215
106.983,-1.8727111316316329
106.98399999999999,-1.8753751707955082
106.985,-1.878043256148944
106.986,-1.880715348068307
106.98699999999999,-1.8833914070140882
106.988,-1.8860713935328157
106.989,-1.8887552682589877
106.98999999999999,-1.8914429919170035
106.991,-1.8941345253230546
106.992,-1.8968298293870411
106.99299999999999,-1.8995288651144546
106.994,-1.9022315936082685
106.995,-1.9049379760708252
106.996,-1.9076479738056888
106.997,-1.9103615482195127
106.998,-1.9130786608239025
106.999,-1.9157992732372378
107,-1.9185233471865257
107.001,-1.9212508445092173
107.002,-1.9239817271550235
107.003,-1.926715957187733
107.004,-1.9294534967869936
107.005,-1.9321943082501205
107.006,-1.9349383539938636
107.00700000000001,-1.9376855965561754
107.008,-1.94043599859799
107.009,-1.9431895229049505
107.01000000000001,-1.9459461323891647
107.011,-1.9487057900909421
107.012,-1.9514684591804952
107.01300000000001,-1.9542341029596775
107.014,-1.9570026848636606
107.015,-1.9597741684626411
107.01600000000001,-1.9625485174635207
107.017,-1.9653256957115706
107.018,-1.9681056671920929
107.01900000000001,-1.9708883960320829
107.02,-1.97367384650185
107.021,-1.9764619830166648
107.02200000000001,-1.9792527701383591
107.023,-1.9820461725769474
107.024,-1.9848421551922204
107.02500000000001,-1.9876406829953255
107.026,-1.9904417211503422
107.027,-1.9932452349758536
107.02800000000001,-1.996051189946483
107.029,-1.9988595516944565
107.03,-2.0016702860111089
107.03100000000001,-2.0044833588484128
107.032,-2.0072987363204922
107.033,-2.0101163847051051
107.03400000000001,-2.0129362704451284
107.035,-2.0157583601500413
107.036,-2.0185826205973663
107.03700000000001,-2.0214090187341363
107.038,-2.0242375216783151
107.039,-2.0270680967202268
107.04000000000001,-2.0299007113239766
107.041,-2.0327353331288354
107.042,-2.0355719299506334
107.04300000000001,-2.0384104697831429
107.044,-2.0412509207994294
107.045,-2.0440932513532135
107.04600000000001,-2.0469374299801988
107.047,-2.0497834253994016
107.048,-2.0526312065144712
107.04900000000001,-2.0554807424149777
107.05,-2.058332002377707
107.051,-2.0611849558679434
107.05199999999999,-2.0640395725407092
107.053,-2.0668958222420462
107.054,-2.0697536750102241
107.05500000000001,-2.0726131010769731
107.056,-2.0754740708687085
107.057,-2.078336555007708
107.05799999999999,-2.0812005243133029
107.059,-2.0840659498030627
107.06,-2.0869328026939282
107.06100000000001,-2.0898010544033836
107.062,-2.0926706765505685
107.063,-2.0955416409573999
107.06399999999999,-2.0984139196496905
107.065,-2.1012874848582195
107.066,-2.1041623090198236
107.06700000000001,-2.1070383647784663
107.068,-2.1099156249862734
107.069,-2.1127940627045811
107.06999999999999,-2.1156736512049599
107.071,-2.1185543639702153
107.072,-2.1214361746954014
107.07300000000001,-2.1243190572887851
107.074,-2.1272029858728212
107.075,-2.1300879347851183
107.07599999999999,-2.1329738785793606
107.077,-2.1358607920262536
107.078,-2.1387486501144242
107.07899999999999,-2.1416374280513204
107.08,-2.1445271012641127
107.081,-2.1474176454005445
107.08199999999999,-2.150309036329797
107.083,-2.1532012501433435
107.084,-2.1560942631557571
107.08499999999999,-2.15898805190555
107.086,-2.1618825931559478
107.087,-2.164777863895698
107.08799999999999,-2.1676738413398344
107.089,-2.1705705029304307
107.09,-2.1734678263373475
107.09099999999999,-2.1763657894589707
107.092,-2.1792643704229064
107.093,-2.1821635475867058
107.09399999999999,-2.1850632995385331
107.095,-2.1879636050978428
107.096,-2.1908644433160478
107.09699999999999,-2.1937657934771444
107.098,-2.1966676350983532
107.099,-2.199569947930736
107.09999999999999,-2.2024727119597851
107.101,-2.2053759074060206
107.102,-2.2082795147255512
107.10299999999999,-2.2111835146106325
107.104,-2.2140878879902237
107.105,-2.2169926160304891
107.10599999999999,-2.2198976801353325
107.107,-2.2228030619468906
107.108,-2.2257087433460105
107.10899999999999,-2.2286147064527273
107.11,-2.2315209336267134
107.111,-2.2344274074677171
107.11199999999999,-2.2373341108160005
107.113,-2.2402410267527344
107.114,-2.2431481386004037
107.11499999999999,-2.2460554299231954
107.116,-2.2489628845273497
107.117,-2.2518704864615291
107.11799999999999,-2.2547782200171458
107.119,-2.2576860697286891
107.12,-2.2605940203740396
107.121,-2.2635020569747542
107.122,-2.2664101647963504
107.123,-2.2693183293485779
107.124,-2.2722265363856553
107.125,-2.2751347719065254
107.126,-2.2780430221550576
107.127,-2.2809512736202642
107.128,-2.2838595130365014
107.129,-2.2867677273836264
107.13,-2.2896759038871863
107.131,-2.2925840300185434
107.13200000000001,-2.2954920934950223
107.133,-2.2984000822800392
107.134,-2.3013079845831816
107.13500000000001,-2.3042157888603221
107.136,-2.3071234838136898
107.137,-2.3100310583919224
107.13800000000001,-2.3129385017901321
107.139,-2.3158458034499212
107.14,-2.3187529530594078
107.14100000000001,-2.3216599405532383
107.142,-2.3245667561125685
107.143,-2.3274733901650331
107.14400000000001,-2.3303798333847299
107.145,-2.3332860766921435
107.146,-2.336192111254098
107.14700000000001,-2.3390979284836533
107.148,-2.3420035200400289
107.149,-2.344908877828491
107.15000000000001,-2.3478139940002212
107.151,-2.3507188609521812
107.152,-2.3536234713269684
107.15300000000001,-2.3565278180126361
107.154,-2.3594318941425274
107.155,-2.3623356930950683
107.15600000000001,-2.3652392084935663
107.157,-2.3681424342059882
107.158,-2.3710453643447229
107.15900000000001,-2.3739479932663223
107.16,-2.3768503155712555
107.161,-2.3797523261036098
107.16200000000001,-2.3826540199508162
107.163,-2.3855553924433313
107.164,-2.3884564391543215
107.16500000000001,-2.3913571558993367
107.166,-2.3942575387359479
107.167,-2.3971575839633976
107.16800000000001,-2.4000572881222295
107.169,-2.4029566479938809
107.17,-2.4058556606003059
107.17100000000001,-2.4087543232035387
107.172,-2.4116526333052732
107.173,-2.4145505886464314
107.17400000000001,-2.417448187206686
107.175,-2.4203454272040039
107.176,-2.4232423070941724
107.17699999999999,-2.4261388255702778
107.178,-2.4290349815622259
107.179,-2.4319307742361933
107.18000000000001,-2.4348262029941092
107.181,-2.4377212674731057
107.182,-2.440615967544943
107.18299999999999,-2.4435103033154455
107.184,-2.4464042751239159
107.185,-2.4492978835425205
107.18600000000001,-2.4521911293756951
107.187,-2.4550840136594982
107.188,-2.4579765376609828
107.18899999999999,-2.4608687028775451
107.19,-2.4637605110362522
107.191,-2.4666519640931659
107.19200000000001,-2.4695430642326626
107.193,-2.4724338138667079
107.194,-2.4753242156341697
107.19499999999999,-2.4782142724000629
107.196,-2.481103987254822
107.197,-2.483993363513552
107.19800000000001,-2.4868824047152525
107.199,-2.48977111462204
107.2,-2.4926594972183751
107.20099999999999,-2.4955475567102336
107.202,-2.498435297524316
107.203,-2.5013227243072027
107.20399999999999,-2.5042098419245251
107.205,-2.5070966554601197
107.206,-2.5099831702151487
107.20699999999999,-2.512869391707242
107.208,-2.5157553256696032
107.209,-2.5186409780501111
107.20999999999999,-2.5215263550104181
107.211,-2.5244114629250145
107.212,-2.5272963083803024
107.21299999999999,-2.5301808981736595
107.214,-2.5330652393124717
107.215,-2.5359493390131673
107.21599999999999,-2.538833204700242
107.217,-2.541716844005264
107.218,-2.5446002647658812
107.21899999999999,-2.5474834750247943
107.22,-2.550366483028744
107.221,-2.5532492972274765
107.22199999999999,-2.5561319262726903
107.223,-2.5590143790169777
107.224,-2.5618966645127772
107.22499999999999,-2.5647787920112615
107.226,-2.5676607709612833
107.227,-2.5705426110082472
107.22799999999999,-2.5734243219930111
107.229,-2.5763059139507689
107.23,-2.5791873971099104
107.23099999999999,-2.5820687818908783
107.232,-2.5849500789050253
107.233,-2.5878312989534407
107.23399999999999,-2.5907124530257857
107.235,-2.5935935522991
107.236,-2.5964746081366119
107.23699999999999,-2.5993556320865459
107.238,-2.6022366358808897
107.239,-2.6051176314341813
107.23999999999999,-2.6079986308422778
107.241,-2.6108796463811066
107.242,-2.6137606905054156
107.24299999999999,-2.6166417758475049
107.244,-2.6195229152159585
107.245,-2.6224041215943688
107.246,-2.6252854081400332
107.247,-2.6281667881826558
107.248,-2.6310482752230513
107.249,-2.6339298829318021
107.25,-2.6368116251479545
107.251,-2.6396935158776609
107.252,-2.6425755692928408
107.253,-2.6454577997298312
107.254,-2.6483402216880139
107.255,-2.6512228498284447
107.256,-2.6541056989724696
107.25700000000001,-2.656988784100335
107.258,-2.6598721203497946
107.259,-2.6627557230146901
107.26000000000001,-2.6656396075435382
107.261,-2.6685237895381135
107.262,-2.6714082847520042
107.26300000000001,-2.6742931090891822
107.264,-2.677178278602538
107.265,-2.6800638094924354
107.26600000000001,-2.6829497181052471
107.267,-2.6858360209318679
107.268,-2.6887227346062423
107.26900000000001,-2.691609875903878
107.27,-2.6944974617403372
107.271,-2.6973855091697461
107.27200000000001,-2.7002740353832668
107.273,-2.7031630577075867
107.274,-2.7060525936033941
107.27500000000001,-2.7089426606638338
107.276,-2.7118332766129649
107.277,-2.7147244593042275
107.27800000000001,-2.7176162267188606
107.279,-2.7205085969643648
107.28,-2.7234015882729086
107.28100000000001,-2.7262952189997622
107.282,-2.7291895076217205
107.283,-2.7320844727354925
107.28400000000001,-2.7349801330561139
107.285,-2.7378765074153542
107.286,-2.7407736147600787
107.28700000000001,-2.7436714741506569
107.288,-2.7465701047593218
107.289,-2.7494695258685451
107.29000000000001,-2.7523697568694065
107.291,-2.7552708172599401
107.292,-2.7581727266434877
107.29300000000001,-2.761075504727057
107.294,-2.7639791713196398
107.295,-2.7668837463305689
107.29600000000001,-2.7697892497678223
107.297,-2.7726957017363576
107.298,-2.775603122436435
107.29900000000001,-2.7785115321619149
107.3,-2.7814209512985615
107.301,-2.7843314003223649
107.30199999999999,-2.7872428997978052
107.303,-2.79015547037617
107.304,-2.7930691327938164
107.30500000000001,-2.7959839078704616
107.306,-2.7988998165074612
107.307,-2.8018168796860663
107.30799999999999,-2.8047351184656937
107.309,-2.8076545539821924
107.31,-2.8105752074460844
107.31100000000001,-2.8134971001408289
107.312,-2.8164202534210636
107.313,-2.8193446887108378
107.31399999999999,-2.822270427501866
107.315,-2.8251974913517444
107.316,-2.8281259018821854
107.31700000000001,-2.8310556807772582
107.318,-2.8339868497815757
107.319,-2.8369194306985444
107.31999999999999,-2.839853445388556
107.321,-2.8427889157672026
107.322,-2.8457258638034895
107.32300000000001,-2.848664311518021
107.324,-2.851604280981213
107.325,-2.8545457943114823
107.32599999999999,-2.8574888736734323
107.327,-2.8604335412760511
107.328,-2.8633798193708899
107.32899999999999,-2.866327730250239
107.33,-2.8692772962453232
107.331,-2.8722285397244591
107.33199999999999,-2.875181483091235
107.333,-2.8781361487826858
107.334,-2.8810925592674477
107.33499999999999,-2.8840507370439386
107.336,-2.8870107046385032
107.337,-2.8899724846035766
107.33799999999999,-2.8929360995158584
107.339,-2.8959015719744361
107.34,-2.8988689245989598
107.34099999999999,-2.9018381800277941
107.342,-2.9048093609161429
107.343,-2.9077824899342239
107.34399999999999,-2.9107575897653928
107.345,-2.9137346831042854
107.346,-2.9167137926549764
107.34699999999999,-2.9196949411290962
107.348,-2.9226781512439746
107.349,-2.9256634457207897
107.34999999999999,-2.9286508472826775
107.351,-2.9316403786528888
107.352,-2.9346320625529008
107.35299999999999,-2.9376259217005547
107.354,-2.940621978808196
107.355,-2.9436202565807807
107.35599999999999,-2.9466207777140134
107.357,-2.949623564892486
107.358,-2.952628640787772
107.35899999999999,-2.9556360280565848
107.36,-2.9586457493388734
107.361,-2.9616578272559653
107.36199999999999,-2.9646722844086808
107.363,-2.9676891433754569
107.364,-2.9707084267104626
107.36499999999999,-2.9737301569417416
107.366,-2.9767543565693027
107.367,-2.9797810480632734
107.36799999999999,-2.9828102538619969
107.369,-2.985841996370163
107.37,-2.988876297956939
107.371,-2.9919131809540747
107.372,-2.9949526676540366
107.373,-2.9979947803081299
107.374,-3.0010395411246122
107.375,-3.0040869722668364
107.376,-3.0071370958513524
107.377,-3.0101899339460485
107.378,-3.0132455085682741
107.379,-3.01630384168296
107.38,-3.0193649552007615
107.381,-3.02242887097617
107.38200000000001,-3.0254956108056477
107.383,-3.0285651964257747
107.384,-3.0316376495113575
107.38500000000001,-3.0347129916735787
107.386,-3.0377912444581341
107.387,-3.0408724293433562
107.38800000000001,-3.0439565677383689
107.389,-3.0470436809812158
107.39,-3.0501337903370036
107.39100000000001,-3.0532269169960622
107.392,-3.0563230820720659
107.393,-3.0594223066001951
107.39400000000001,-3.0625246115352951
107.395,-3.0656300177500042
107.396,-3.0687385460329368
107.39700000000001,-3.0718502170868147
107.398,-3.074965051526644
107.399,-3.0780830698778705
107.40000000000001,-3.0812042925745446
107.401,-3.0843287399574835
107.402,-3.0874564322724574
107.40300000000001,-3.0905873896683373
107.404,-3.0937216321952987
107.405,-3.0968591798029736
107.40600000000001,-3.1000000523386473
107.407,-3.103144269545449
107.408,-3.1062918510605209
107.40900000000001,-3.1094428164132215
107.41,-3.1125971850233265
107.411,-3.1157549761992085
107.41200000000001,-3.1189162091360596
107.413,-3.1220809029140795
107.414,-3.1252490764966909
107.41500000000001,-3.1284207487287627
107.416,-3.1315959383348084
107.417,-3.134774663917212
107.41800000000001,-3.1379569439544706
107.419,-3.1411427967993917
107.42,-3.1443322406773588
107.42100000000001,-3.1475252936845424
107.422,-3.1507219737861529
107.423,-3.15392229881469
107.42400000000001,-3.1571262864681864
107.425,-3.1603339543084581
107.426,-3.1635453197593861
107.42699999999999,-3.1667604001051495
107.428,-3.1699792124885215
107.429,-3.1732017739091263
107.43000000000001,-3.176428101221723
107.431,-3.1796582111344991
107.432,-3.1828921202073417
107.43299999999999,-3.1861298448501421
107.434,-3.1893714013211016
107.435,-3.1926168057250197
107.43600000000001,-3.1958660740116227
107.437,-3.1991192219738611
107.438,-3.2023762652462433
107.43899999999999,-3.2056372193031657
107.44,-3.2089020994572324
107.441,-3.2121709208575959
107.44200000000001,-3.215443698488317
107.443,-3.2187204471666959
107.444,-3.2220011815416423
107.44499999999999,-3.2252859160920258
107.446,-3.2285746651250515
107.447,-3.2318674427746394
107.44800000000001,-3.2351642629997976
107.449,-3.2384651395830044
107.45,-3.2417700861286272
107.45099999999999,-3.2450791160612882
107.452,-3.2483922426243055
107.453,-3.2517094788780794
107.45399999999999,-3.2550308376985266
107.455,-3.2583563317755142
107.456,-3.2616859736112773
107.45699999999999,-3.2650197755188719
107.458,-3.2683577496206242
107.459,-3.2716999078465774
107.45999999999999,-3.2750462619329648
107.461,-3.2783968234206724
107.462,-3.2817516036537171
107.46299999999999,-3.2851106137777419
107.464,-3.288473864738493
107.465,-3.2918413672803277
107.46599999999999,-3.2952131319447289
107.467,-3.2985891690688058
107.468,-3.3019694887838327
107.46899999999999,-3.3053541010137653
107.47,-3.3087430154737869
107.471,-3.3121362416688647
107.47199999999999,-3.3155337888922887
107.473,-3.31893566622424
107.474,-3.3223418825303765
107.47499999999999,-3.3257524464603865
107.476,-3.3291673664466055
107.477,-3.3325866507025932
107.47799999999999,-3.3360103072217382
107.479,-3.3394383437758921
107.48,-3.342870767913972
107.48099999999999,-3.3463075869605912
107.482,-3.3497488080147235
107.483,-3.3531944379483152
107.48399999999999,-3.3566444834049798
107.485,-3.3600989507986396
107.486,-3.3635578463122044
107.48699999999999,-3.3670211758962765
107.488,-3.3704889452678186
107.489,-3.3739611599088692
107.48999999999999,-3.3774378250652659
107.491,-3.380918945745345
107.492,-3.3844045267186966
107.49299999999999,-3.3878945725148886
107.494,-3.3913890874222181
107.495,-3.3948880754864939
107.496,-3.3983915405097784
107.497,-3.4018994860491798
107.498,-3.4054119154156539
107.499,-3.4089288316727786
107.5,-3.4124502376355901
107.501,-3.4159761358693834
107.502,-3.41950652868855
107.503,-3.4230414181554267
107.504,-3.4265808060791252
107.505,-3.4301246940144181
107.506,-3.4336730832605924
107.50700000000001,-3.4372259748603335
107.508,-3.4407833695986296
107.509,-3.4443452680016589
107.51000000000001,-3.44791167033571
107.511,-3.451482576606117
107.512,-3.4550579865561697
107.51300000000001,-3.4586378996660874
107.514,-3.4622223151519527
107.515,-3.4658112319646897
107.51600000000001,-3.4694046487890495
107.517,-3.4730025640425852
107.518,-3.4766049758746589
107.51900000000001,-3.4802118821654644
107.52,-3.4838232805250295
107.521,-3.4874391682922719
107.52200000000001,-3.4910595425340309
107.523,-3.4946844000441253
107.524,-3.49831373734244
107.52500000000001,-3.5019475506739814
107.526,-3.5055858360079837
107.527,-3.5092285890370181
107.52800000000001,-3.5128758051760878
107.529,-3.5165274795617809
107.53,-3.520183607051389
107.53100000000001,-3.5238441822220654
107.532,-3.5275091993699936
107.533,-3.5311786525095545
107.53400000000001,-3.534852535372512
107.535,-3.5385308414072236
107.536,-3.542213563777834
107.53700000000001,-3.5459006953635215
107.538,-3.5495922287577084
107.539,-3.5532881562673211
107.54000000000001,-3.5569884699120617
107.541,-3.5606931614236608
107.542,-3.5644022222451666
107.54300000000001,-3.5681156435302603
107.544,-3.5718334161425389
107.545,-3.5755555306548654
107.54600000000001,-3.5792819773486824
107.547,-3.5830127462133703
107.548,-3.5867478269456128
107.54900000000001,-3.5904872089487583
107.55,-3.594230881332213
107.551,-3.5979788329108517
107.55199999999999,-3.6017310522044066
107.553,-3.6054875274369143
107.554,-3.6092482465361408
107.55500000000001,-3.6130131971330397
107.556,-3.6167823665612184
107.557,-3.6205557418564078
107.55799999999999,-3.6243333097559578
107.559,-3.6281150566983551
107.56,-3.6319009688227122
107.56100000000001,-3.635691031968328
107.562,-3.6394852316742123
107.563,-3.6432835531786472
107.56399999999999,-3.6470859814187744
107.565,-3.6508925010301585
107.566,-3.6547030963463909
107.56700000000001,-3.658517751398719
107.568,-3.662336449915645
107.569,-3.6661591753225924
107.56999999999999,-3.6699859107415338
107.571,-3.6738166389906723
107.572,-3.6776513425841282
107.57300000000001,-3.6814900037316143
107.574,-3.6853326043381558
107.575,-3.6891791260038209
107.57599999999999,-3.6930295500234362
107.577,-3.6968838573863594
107.578,-3.7007420287762236
107.57899999999999,-3.7046040445707233
107.58,-3.7084698848414184
107.581,-3.7123395293535189
107.58199999999999,-3.716212957565717
107.583,-3.7200901486300322
107.584,-3.7239710813916305
107.58499999999999,-3.7278557343887271
107.586,-3.731744085852426
107.587,-3.7356361137066307
107.58799999999999,-3.7395317955679559
107.589,-3.743431108745634
107.59,-3.7473340302414484
107.59099999999999,-3.7512405367497035
107.592,-3.7551506046571594
107.593,-3.7590642100430371
107.59399999999999,-3.7629813286789884
107.595,-3.7669019360291123
107.596,-3.7708260072499837
107.59699999999999,-3.7747535171906779
107.598,-3.7786844403928179
107.599,-3.7826187510906597
107.59999999999999,-3.786556423211147
107.601,-3.7904974303740251
107.602,-3.7944417458919406
107.60299999999999,-3.7983893427705548
107.604,-3.802340193708714
107.605,-3.8062942710985643
107.60599999999999,-3.8102515470257394
107.607,-3.8142119932695531
107.608,-3.8181755813031639
107.60899999999999,-3.8221422822938256
107.61,-3.8261120671030824
107.611,-3.8300849062870217
107.61199999999999,-3.8340607700965448
107.613,-3.8380396284776128
107.614,-3.8420214510715445
107.61499999999999,-3.846006207215328
107.616,-3.8499938659419115
107.617,-3.8539843959805613
107.61799999999999,-3.857977765757183
107.619,-3.8619739433946956
107.62,-3.8659728967134073
107.621,-3.8699745932313987
107.622,-3.8739790001649266
107.623,-3.8779860844288581
107.624,-3.881995812637081
107.625,-3.8860081511029843
107.626,-3.8900230658398929
107.627,-3.8940405225615642
107.628,-3.8980604866826822
107.629,-3.9020829233193575
107.63,-3.9061077972896654
107.631,-3.9101350731141697
107.63200000000001,-3.9141647150164838
107.633,-3.9181966869238498
107.634,-3.9222309524677037
107.63500000000001,-3.926267474984285
107.636,-3.9303062175152546
107.637,-3.9343471428083108
107.63800000000001,-3.9383902133178488
107.639,-3.9424353912056058
107.64,-3.9464826383413336
107.64100000000001,-3.9505319163035084
107.642,-3.9545831863800065
107.643,-3.958636409568832
107.64400000000001,-3.9626915465788652
107.645,-3.9667485578305874
107.646,-3.9708074034568575
107.64700000000001,-3.9748680433036827
107.648,-3.978930436931015
107.649,-3.9829945436135636
107.65000000000001,-3.987060322341601
107.651,-3.9911277318218108
107.652,-3.9951967304781442
107.65300000000001,-3.9992672764526693
107.654,-4.0033393276064757
107.655,-4.0074128415205452
107.65600000000001,-4.011487775496672
107.657,-4.0155640865584035
107.658,-4.0196417314519497
107.65900000000001,-4.0237206666471614
107.66,-4.0278008483384937
107.661,-4.0318822324459775
107.66200000000001,-4.0359647746162413
107.663,-4.0400484302234956
107.664,-4.0441331543705754
107.66500000000001,-4.0482189018899923
107.666,-4.0523056273449658
107.667,-4.0563932850305058
107.66800000000001,-4.0604818289745115
107.669,-4.0645712129388389
107.67,-4.0686613904204494
107.67100000000001,-4.0727523146525098
107.672,-4.0768439386055428
107.673,-4.0809362149885997
107.67400000000001,-4.0850290962504081
107.675,-4.0891225345805591
107.676,-4.09321648191073
107.67699999999999,-4.0973108899158657
107.678,-4.1014057100154284
107.679,-4.1055008933746295
107.68000000000001,-4.1095963909056792
107.681,-4.1136921532690733
107.682,-4.1177881308748603
107.68299999999999,-4.1218842738839374
107.684,-4.1259805322093817
107.685,-4.1300768555177427
107.68600000000001,-4.1341731932304162
107.687,-4.1382694945249661
107.688,-4.1423657083365004
107.68899999999999,-4.1464617833590642
107.69,-4.1505576680470124
107.691,-4.154653310616423
107.69200000000001,-4.158748659046525
107.693,-4.1628436610811193
107.694,-4.166938264230037
107.69499999999999,-4.171032415770588
107.696,-4.1751260627490376
107.697,-4.1792191519821085
107.69800000000001,-4.1833116300584514
107.699,-4.1874034433401821
107.7,-4.1914945379643989
107.70099999999999,-4.1955848598447165
107.702,-4.199674354672835
107.703,-4.2037629679200768
107.70399999999999,-4.2078506448389863
107.705,-4.2119373304649201
107.706,-4.2160229696176375
107.70699999999999,-4.2201075069029184
107.708,-4.2241908867142079
107.709,-4.2282730532342327
107.70999999999999,-4.2323539504366776
107.711,-4.2364335220878351
107.712,-4.240511711748284
107.71299999999999,-4.2445884627745984
107.714,-4.2486637183210245
107.715,-4.2527374213412106
107.71599999999999,-4.2568095145899383
107.717,-4.2608799406248412
107.718,-4.2649486418081874
107.71899999999999,-4.2690155603086026
107.72,-4.2730806381028774
107.721,-4.2771438169777447
107.72199999999999,-4.2812050385316676
107.723,-4.2852642441766546
107.724,-4.2893213751400934
107.72499999999999,-4.293376372466561
107.726,-4.2974291770196853
107.727,-4.3014797294839928
107.72799999999999,-4.3055279703667688
107.729,-4.3095738399999579
107.73,-4.3136172785420204
107.73099999999999,-4.3176582259798542
107.732,-4.3216966221307072
107.733,-4.3257324066440779
107.73399999999999,-4.3297655190036721
107.735,-4.3337958985293277
107.736,-4.33782348437897
107.73699999999999,-4.3418482155505931
107.738,-4.3458700308842069
107.739,-4.3498888690638431
107.73999999999999,-4.3539046686195437
107.741,-4.3579173679293586
107.742,-4.3619269052213721
107.74299999999999,-4.3659332185757194
107.744,-4.3699362459266222
107.745,-4.3739359250644476
107.746,-4.3779321936377338
107.747,-4.3819249891552783
107.748,-4.385914248988211
107.749,-4.3898999103720548
107.75,-4.3938819104088527
107.751,-4.3978601860692343
107.752,-4.4018346741945429
107.753,-4.4058053114989661
107.754,-4.40977203457164
107.755,-4.4137347798788102
107.756,-4.4176934837659623
107.75700000000001,-4.4216480824599778
107.758,-4.4255985120713124
107.759,-4.4295447085961541
107.76000000000001,-4.4334866079186037
107.761,-4.4374241458128747
107.762,-4.441357257945473
107.76300000000001,-4.4452858798774262
107.764,-4.4492099470664694
107.765,-4.4531293948692818
107.76600000000001,-4.4570441585437202
107.767,-4.460954173251042
107.768,-4.4648593740581468
107.76900000000001,-4.4687596959398572
107.77,-4.4726550737811301
107.771,-4.4765454423793685
107.77200000000001,-4.4804307364466647
107.773,-4.4843108906120897
107.774,-4.4881858394239877
107.77500000000001,-4.4920555173522576
107.776,-4.4959198587906499
107.777,-4.4997787980591042
107.77800000000001,-4.503632269406018
107.779,-4.5074802070106088
107.78,-4.5113225449852035
107.78100000000001,-4.515159217377601
107.782,-4.5189901581733949
107.783,-4.5228153012983201
107.78400000000001,-4.526634580620593
107.785,-4.5304479299532989
107.786,-4.5342552830567122
107.78700000000001,-4.5380565736406959
107.788,-4.5418517353670564
107.789,-4.5456407018519176
107.79000000000001,-4.5494234066681258
107.791,-4.5531997833476137
107.792,-4.5569697653837959
107.79300000000001,-4.5607332862339849
107.794,-4.5644902793217685
107.795,-4.568240678039432
107.79600000000001,-4.5719844157503635
107.797,-4.5757214257914622
107.798,-4.5794516414755755
107.79900000000001,-4.5831749960939039
107.8,-4.5868914229184297
107.801,-4.590600855204368
107.80199999999999,-4.5943032261925678
107.803,-4.5979984691119853
107.804,-4.6016865171820998
107.80500000000001,-4.6053673036153615
107.806,-4.60904076161966
107.807,-4.612706824400747
107.80799999999999,-4.6163654251647035
107.809,-4.6200164971204103
107.81,-4.6236599734819732
107.81100000000001,-4.6272957874712271
107.812,-4.6309238723201602
107.813,-4.6345441612734026
107.81399999999999,-4.6381565875907036
107.815,-4.6417610845493735
107.816,-4.6453575854467815
107.81700000000001,-4.6489460236028268
107.818,-4.652526332362398
107.819,-4.6560984450978768
107.81999999999999,-4.6596622952115911
107.821,-4.663217816138312
107.822,-4.6667649413477363
107.82300000000001,-4.6703036043469579
107.824,-4.6738337386829532
107.825,-4.6773552779450851
107.82599999999999,-4.6808681557675573
107.827,-4.6843723058319231
107.828,-4.6878676618695581
107.82899999999999,-4.6913541576641498
107.83,-4.6948317270541962
107.831,-4.6983003039354703
107.83199999999999,-4.7017598222635133
107.833,-4.7052102160561375
107.834,-4.7086514193958848
107.83499999999999,-4.7120833664325348
107.836,-4.7155059913855686
107.837,-4.7189192285466657
107.83799999999999,-4.7223230122821853
107.839,-4.7257172770356437
107.84,-4.7291019573301876
107.84099999999999,-4.7324769877710944
107.842,-4.7358423030482237
107.843,-4.739197837938514
107.84399999999999,-4.7425435273084409
107.845,-4.7458793061164943
107.846,-4.7492051094156622
107.84699999999999,-4.7525208723558725
107.848,-4.7558265301864742
107.849,-4.7591220182587133
107.84999999999999,-4.7624072720281561
107.851,-4.7656822270571952
107.852,-4.7689468190174624
107.85299999999999,-4.7722009836923025
107.854,-4.775444656979225
107.855,-4.7786777748923379
107.85599999999999,-4.7819002735647951
107.857,-4.785112089251248
107.858,-4.7883131583302561
107.85899999999999,-4.7915034173067479
107.86,-4.7946828028144228
107.861,-4.7978512516181908
107.86199999999999,-4.8010087006165971
107.863,-4.8041550868442187
107.864,-4.8072903474740905
107.86499999999999,-4.8104144198201144
107.866,-4.8135272413394468
107.867,-4.8166287496349156
107.86799999999999,-4.8197188824573951
107.869,-4.8227975777082008
107.87,-4.8258647734414799
107.871,-4.8289204078665753
107.872,-4.831964419350399
107.873,-4.8349967464198134
107.874,-4.8380173277639669
107.875,-4.8410261022366745
107.876,-4.8440230088587484
107.877,-4.8470079868203415
107.878,-4.8499809754833016
107.879,-4.8529419143834742
107.88,-4.8558907432330525
107.881,-4.8588274019228752
107.88200000000001,-4.8617518305247467
107.883,-4.8646639692937397
107.884,-4.8675637586704879
107.88500000000001,-4.8704511392834746
107.886,-4.8733260519513264
107.887,-4.8761884376850704
107.88800000000001,-4.879038237690418
107.889,-4.8818753933700147
107.89,-4.884699846325689
107.89100000000001,-4.8875115383607115
107.892,-4.8903104114820195
107.893,-4.8930964079024397
107.89400000000001,-4.8958694700429266
107.895,-4.8986295405347526
107.896,-4.901376562221734
107.89700000000001,-4.9041104781624023
107.898,-4.9068312316322009
107.899,-4.9095387661256717
107.90000000000001,-4.912233025358602
107.901,-4.9149139532701946
107.902,-4.9175814940252245
107.90300000000001,-4.9202355920161631
107.904,-4.9228761918653268
107.905,-4.9255032384269803
107.90600000000001,-4.9281166767894566
107.907,-4.9307164522772648
107.908,-4.933302510453176
107.90900000000001,-4.9358747971202934
107.91,-4.938433258324153
107.911,-4.9409778403547531
107.91200000000001,-4.9435084897486297
107.913,-4.9460251532908792
107.914,-4.9485277780171986
107.91500000000001,-4.95101631121591
107.916,-4.9534907004299464
107.917,-4.9559508934588754
107.91800000000001,-4.958396838360871
107.919,-4.9608284834546863
107.92,-4.9632457773216325
107.92100000000001,-4.9656486688075123
107.922,-4.9680371070245712
107.923,-4.9704110413534348
107.92400000000001,-4.9727704214450057
107.925,-4.9751151972223839
107.926,-4.9774453188827614
107.92699999999999,-4.9797607368992969
107.928,-4.9820614020229907
107.929,-4.9843472652845362
107.93000000000001,-4.986618277996171
107.931,-4.9888743917535114
107.932,-4.991115558437361
107.93299999999999,-4.9933417302155281
107.934,-4.9955528595446212
107.935,-4.9977488991718202
107.93600000000001,-4.9999298021366609
107.937,-5.0020955217727714
107.938,-5.0042460117096326
107.93899999999999,-5.0063812258743008
107.94,-5.0085011184931165
107.941,-5.0106056440934168
107.94200000000001,-5.0126947575052236
107.943,-5.0147684138629076
107.944,-5.01682656860687
107.94499999999999,-5.0188691774851693
107.946,-5.0208961965551664
107.947,-5.022907582185149
107.94800000000001,-5.0249032910559208
107.949,-5.0268832801624077
107.95,-5.0288475068152323
107.95099999999999,-5.0307959286422728
107.952,-5.0327285035902163
107.953,-5.0346451899260858
107.95399999999999,-5.0365459462387649
107.955,-5.0384307314405072
107.956,-5.0402995047684103
107.95699999999999,-5.0421522257859088
107.958,-5.0439888543842253
107.959,-5.0458093507838111
107.95999999999999,-5.0476136755357883
107.961,-5.0494017895233547
107.962,-5.0511736539631844
107.96299999999999,-5.0529292304068179
107.964,-5.0546684807420217
107.965,-5.0563913671941494
107.96599999999999,-5.058097852327478
107.967,-5.059787899046527
107.968,-5.0614614705973651
107.96899999999999,-5.0631185305689037
107.97,-5.0647590428941625
107.971,-5.0663829718515503
107.97199999999999,-5.0679902820660807
107.973,-5.0695809385106125
107.974,-5.0711549065070622
107.97499999999999,-5.0727121517275977
107.976,-5.074252640195807
107.977,-5.0757763382878727
107.97799999999999,-5.0772832127337075
107.979,-5.0787732306180953
107.98,-5.080246359381789
107.98099999999999,-5.0817025668226172
107.982,-5.08314182109656
107.983,-5.0845640907188141
107.98399999999999,-5.0859693445648357
107.985,-5.0873575518713716
107.986,-5.0887286822374689
107.98699999999999,-5.0900827056254814
107.988,-5.0914195923620289
107.989,-5.0927393131389778
107.98999999999999,-5.0940418390143787
107.991,-5.0953271414133878
107.992,-5.0965951921291897
107.99299999999999,-5.0978459633238806
107.994,-5.0990794275293485
107.995,-5.1002955576481348
107.996,-5.1014943269542679
107.997,-5.102675709094096
107.998,-5.1038396780870912
107.999,-5.1049862083266371
108,-5.1061152745807998
108.001,-5.1072268519930892
108.002,-5.1083209160831871
108.003,-5.1093974427476754
108.004,-5.1104564082607311
108.005,-5.1114977892748126
108.006,-5.1125215628213274
108.00700000000001,-5.113527706311281
108.008,-5.1145161975359077
108.009,-5.1154870146672815
108.01000000000001,-5.116440136258916
108.011,-5.1173755412463384
108.012,-5.1182932089476552
108.01300000000001,-5.1191931190640858
108.014,-5.1200752516804933
108.015,-5.1209395872658909
108.01600000000001,-5.1217861066739259
108.017,-5.1226147911433548
108.018,-5.123425622298492
108.01900000000001,-5.1242185821496502
108.02,-5.1249936530935489
108.021,-5.1257508179137243
108.02200000000001,-5.126490059780898
108.023,-5.1272113622533428
108.024,-5.1279147092772357
108.02500000000001,-5.1286000851869806
108.026,-5.1292674747055029
108.027,-5.1299168629445626
108.02800000000001,-5.1305482354050129
108.029,-5.1311615779770587
108.03,-5.1317568769404875
108.03100000000001,-5.1323341189648968
108.032,-5.1328932911098875
108.033,-5.1334343808252489
108.03400000000001,-5.1339573759511214
108.035,-5.1344622647181444
108.036,-5.1349490357475789
108.03700000000001,-5.1354176780514251
108.038,-5.1358681810325102
108.039,-5.1363005344845591
108.04000000000001,-5.1367147285922572
108.041,-5.1371107539312808
108.042,-5.1374886014683225
108.04300000000001,-5.1378482625610893
108.044,-5.1381897289582863
108.045,-5.1385129927995861
108.04600000000001,-5.1388180466155706
108.047,-5.1391048833276667
108.048,-5.1393734962480542
108.04900000000001,-5.1396238790795588
108.05,-5.1398560259155337
108.051,-5.1400699312397116
108.05199999999999,-5.1402655899260479
108.053,-5.1404429972385408
108.054,-5.1406021488310421
108.05500000000001,-5.1407430407470329
108.056,-5.1408656694194068
108.057,-5.1409700316702089
108.05799999999999,-5.1410561247103717
108.059,-5.1411239461394409
108.06,-5.14117349394526
108.06100000000001,-5.1412047665036624
108.062,-5.1412177625781217
108.063,-5.1412124813194122
108.06399999999999,-5.1411889222652274
108.065,-5.1411470853397905
108.066,-5.1410869708534515
108.06700000000001,-5.1410085795022633
108.068,-5.1409119123675344
108.069,-5.1407969709153756
108.06999999999999,-5.1406637569962212
108.071,-5.1405122728443349
108.072,-5.1403425210773035
108.07300000000001,-5.1401545046955022
108.074,-5.1399482270815557
108.075,-5.1397236919997713
108.07599999999999,-5.139480903595568
108.077,-5.1392198663948703
108.078,-5.1389405853034997
108.07899999999999,-5.1386430656065523
108.08,-5.1383273129677356
108.081,-5.1379933334287271
108.08199999999999,-5.1376411334084713
108.083,-5.137270719702502
108.084,-5.1368820994822215
108.08499999999999,-5.1364752802941629
108.086,-5.1360502700592665
108.087,-5.1356070770720921
108.08799999999999,-5.135145710000053
108.089,-5.1346661778826226
108.09,-5.1341684901305156
108.09099999999999,-5.133652656524867
108.092,-5.1331186872163856
108.093,-5.132566592724495
108.09399999999999,-5.1319963839364533
108.095,-5.1314080721064723
108.096,-5.1308016688548017
108.09699999999999,-5.1301771861668062
108.098,-5.1295346363920347
108.099,-5.1288740322432513
108.09999999999999,-5.1281953867954808
108.101,-5.1274987134850152
108.102,-5.1267840261084148
108.10299999999999,-5.1260513388214939
108.104,-5.1253006661382825
108.105,-5.124532022929988
108.10599999999999,-5.1237454244239338
108.107,-5.1229408862024748
108.108,-5.1221184242019122
108.10899999999999,-5.1212780547113868
108.11,-5.120419794371756
108.111,-5.1195436601744584
108.11199999999999,-5.1186496694603658
108.113,-5.1177378399186138
108.114,-5.1168081895854307
108.11499999999999,-5.1158607368429312
108.116,-5.1148955004179193
108.117,-5.1139124993806648
108.11799999999999,-5.1129117531436608
108.119,-5.1118932814603806
108.12,-5.1108571044240092
108.121,-5.1098032424661692
108.122,-5.1087317163556278
108.123,-5.107642547196984
108.124,-5.1065357564293663
108.125,-5.1054113658250877
108.126,-5.1042693974882987
108.127,-5.1031098738536409
108.128,-5.1019328176848608
108.129,-5.100738252073441
108.13,-5.0995262004371815
108.131,-5.0982966865188066
108.13200000000001,-5.0970497343845391
108.133,-5.0957853684226491
108.134,-5.0945036133420274
108.13500000000001,-5.0932044941707071
108.136,-5.0918880362543941
108.137,-5.0905542652549913
108.13800000000001,-5.089203207149084
108.139,-5.0878348882264399
108.14,-5.0864493350884938
108.14100000000001,-5.0850465746467917
108.142,-5.0836266341214706
108.143,-5.0821895410396856
108.14400000000001,-5.080735323234042
108.145,-5.079264008841025
108.146,-5.0777756262993945
108.14700000000001,-5.0762702043485959
108.148,-5.0747477720271394
108.149,-5.0732083586709713
108.15000000000001,-5.071651993911849
108.151,-5.0700787076756857
108.152,-5.0684885301808951
108.15300000000001,-5.0668814919367335
108.154,-5.0652576237416023
108.155,-5.0636169566813818
108.15600000000001,-5.0619595221277169
108.157,-5.0602853517363133
108.158,-5.0585944774452249
108.15900000000001,-5.0568869314731177
108.16,-5.0551627463175315
108.161,-5.0534219547531425
108.16200000000001,-5.0516645898299917
108.163,-5.0498906848717295
108.164,-5.0481002734738398
108.16500000000001,-5.0462933895018427
108.166,-5.0444700670895166
108.167,-5.0426303406370874
108.16800000000001,-5.0407742448094108
108.169,-5.03890181453417
108.17,-5.037013085000023
108.17100000000001,-5.0351080916547879
108.172,-5.0331868702035862
108.173,-5.0312494566069805
108.17400000000001,-5.0292958870791349
108.175,-5.027326198085925
108.176,-5.0253404263430683
108.17699999999999,-5.0233386088142407
108.178,-5.0213207827091786
108.179,-5.0192869854817834
108.18000000000001,-5.0172372548282134
108.181,-5.0151716286849606
108.182,-5.0130901452269399
108.18299999999999,-5.010992842865555
108.184,-5.0088797602467618
108.185,-5.0067509362491283
108.18600000000001,-5.0046064099818794
108.187,-5.0024462207829554
108.188,-5.0002704082170313
108.18899999999999,-4.9980790120735676
108.19,-4.9958720723648167
108.191,-4.993649629323861
108.19200000000001,-4.9914117234026127
108.193,-4.9891583952698335
108.194,-4.9868896858091256
108.19499999999999,-4.9846056361169397
108.196,-4.9823062875005641
108.197,-4.9799916814761005
108.19800000000001,-4.9776618597664646
108.199,-4.9753168642993515
108.2,-4.9729567372051999
108.20099999999999,-4.9705815208151805
108.202,-4.9681912576591349
108.203,-4.9657859904635533
108.20399999999999,-4.9633657621495217
108.205,-4.9609306158306588
108.206,-4.9584805948110811
108.20699999999999,-4.9560157425833378
108.208,-4.9535361028263383
108.209,-4.9510417194033041
108.20999999999999,-4.9485326363596824
108.211,-4.9460088979210814
108.212,-4.9434705484912049
108.21299999999999,-4.9409176326497439
108.214,-4.9383501951503233
108.215,-4.9357682809184062
108.21599999999999,-4.9331719350491952
108.217,-4.9305612028055616
108.218,-4.9279361296159303
108.21899999999999,-4.9252967610722056
108.22,-4.9226431429276607
108.221,-4.9199753210948325
108.22199999999999,-4.9172933416434335
108.223,-4.9145972507982414
108.224,-4.9118870949369828
108.22499999999999,-4.9091629205882477
108.226,-4.9064247744293565
108.227,-4.9036727032842675
108.22799999999999,-4.9009067541214604
108.229,-4.8981269740518094
108.23,-4.8953334103264936
108.23099999999999,-4.8925261103348667
108.232,-4.8897051216023355
108.233,-4.8868704917882644
108.23399999999999,-4.8840222686838342
108.235,-4.881160500209945
108.236,-4.8782852344150909
108.23699999999999,-4.8753965194732318
108.238,-4.8724944036816957
108.239,-4.8695789354590513
108.23999999999999,-4.8666501633429764
108.241,-4.8637081359881709
108.242,-4.8607529021642097
108.24299999999999,-4.8577845107534472
108.244,-4.8548030107488982
108.245,-4.8518084512521087
108.246,-4.8488008814710604
108.247,-4.8457803507180532
108.248,-4.8427469084075838
108.249,-4.8397006040542507
108.25,-4.8366414872706285
108.251,-4.8335696077651749
108.252,-4.8304850153401251
108.253,-4.8273877598893717
108.254,-4.8242778913963837
108.255,-4.8211554599320845
108.256,-4.818020515652778
108.25700000000001,-4.8148731087980368
108.258,-4.8117132896886092
108.259,-4.8085411087243335
108.26000000000001,-4.8053566163820571
108.261,-4.8021598632135287
108.262,-4.7989508998433381
108.26300000000001,-4.7957297769668212
108.264,-4.7924965453479942
108.265,-4.7892512558174785
108.26600000000001,-4.7859939592704146
108.267,-4.7827247066644176
108.268,-4.7794435490175058
108.26900000000001,-4.7761505374060249
108.27,-4.7728457229626198
108.271,-4.7695291568741567
108.27200000000001,-4.7662008903796931
108.273,-4.762860974768425
108.274,-4.7595094613776396
108.27500000000001,-4.7561464015906978
108.276,-4.752771846834988
108.277,-4.7493858485798945
108.27800000000001,-4.7459884583347964
108.279,-4.7425797276470218
108.28,-4.7391597080998613
108.28100000000001,-4.7357284513105409
108.282,-4.7322860089282228
108.283,-4.7288324326320108
108.28400000000001,-4.7253677741289639
108.285,-4.7218920851520796
108.286,-4.7184054174583547
108.28700000000001,-4.7149078228267678
108.288,-4.7113993530563336
108.289,-4.7078800599641335
108.29000000000001,-4.7043499953833381
108.291,-4.7008092111612783
108.292,-4.6972577591574822
108.29300000000001,-4.6936956912417296
108.294,-4.6901230592921355
108.295,-4.6865399151931948
108.29600000000001,-4.6829463108338798
108.297,-4.6793422981057198
108.298,-4.6757279289008729
108.29900000000001,-4.6721032551102519
108.3,-4.6684683286216089
108.301,-4.6648232013176356
108.30199999999999,-4.6611679250741149
108.303,-4.6575025517580029
108.304,-4.6538271332255929
108.30500000000001,-4.6501417213206429
108.306,-4.646446367872505
108.307,-4.6427411246943091
108.30799999999999,-4.6390260435810973
108.309,-4.6353011763079994
108.31,-4.6315665746284189
108.31100000000001,-4.6278222902721931
108.312,-4.6240683749438123
108.313,-4.6203048803205959
108.31399999999999,-4.6165318580509069
108.315,-4.612749359752371
108.316,-4.6089574370100941
108.31700000000001,-4.6051561413748896
108.318,-4.6013455243615322
108.319,-4.597525637446978
108.31999999999999,-4.5936965320686571
108.321,-4.5898582596227122
108.322,-4.5860108714622694
108.32300000000001,-4.5821544188957386
108.324,-4.5782889531850959
108.325,-4.5744145255441637
108.32599999999999,-4.5705311871369556
108.327,-4.5666389890759564
108.328,-4.5627379824204759
108.32899999999999,-4.5588282181749671
108.33,-4.5549097472873719
108.331,-4.5509826206474839
108.33199999999999,-4.547046889085304
108.333,-4.5431026033694035
108.334,-4.539149814205329
108.33499999999999,-4.5351885722339587
108.336,-4.5312189280299435
108.337,-4.5272409321000833
108.33799999999999,-4.5232546348817539
108.339,-4.5192600867413502
108.34,-4.515257337972713
108.34099999999999,-4.5112464387955704
108.342,-4.5072274393540201
108.343,-4.5032003897149675
108.34399999999999,-4.4991653398666323
108.345,-4.495122339717021
108.346,-4.4910714390924174
108.34699999999999,-4.4870126877359207
108.348,-4.4829461353059381
108.349,-4.4788718313747138
108.34999999999999,-4.4747898254268925
108.351,-4.4707001668580357
108.352,-4.4666029049732137
108.35299999999999,-4.4624980889855603
108.354,-4.4583857680148471
108.355,-4.4542659910860909
108.35599999999999,-4.45013880712815
108.357,-4.4460042649723306
108.358,-4.4418624133510223
108.35899999999999,-4.4377133008963172
108.36,-4.4335569761386733
108.361,-4.4293934875055623
108.36199999999999,-4.4252228833201226
108.363,-4.4210452117998607
108.364,-4.4168605210553329
108.36499999999999,-4.412668859088825
108.366,-4.408470273793097
108.367,-4.4042648129500686
108.36799999999999,-4.4000525242295865
108.369,-4.3958334551881446
108.37,-4.3916076532676422
108.371,-4.3873751657941629
108.372,-4.3831360399767441
108.373,-4.37889032290615
108.374,-4.374638061553707
108.375,-4.3703793027700755
108.376,-4.3661140932841089
108.377,-4.3618424797016644
108.378,-4.3575645085044439
108.379,-4.3532802260488754
108.38,-4.3489896785649584
108.381,-4.344692912155157
108.38200000000001,-4.3403899727932878
108.383,-4.33608090632341
108.384,-4.3317657584587614
108.38500000000001,-4.3274445747806745
108.386,-4.3231174007375035
108.387,-4.3187842816435911
108.38800000000001,-4.3144452626782099
108.389,-4.3101003888845577
108.39,-4.3057497051687275
108.39100000000001,-4.3013932562986863
108.392,-4.2970310869033224
108.393,-4.2926632414714359
108.39400000000001,-4.2882897643507611
108.395,-4.2839106997470493
108.396,-4.2795260917230653
108.39700000000001,-4.2751359841977088
108.398,-4.2707404209450575
108.399,-4.2663394455934647
108.40000000000001,-4.2619331016246651
108.401,-4.2575214323728856
108.402,-4.2531044810239589
108.40300000000001,-4.2486822906144823
108.404,-4.2442549040309379
108.405,-4.2398223640088801
108.40600000000001,-4.2353847131320919
108.407,-4.2309419938317596
108.408,-4.2264942483856922
108.40900000000001,-4.222041518917516
108.41,-4.2175838473958773
108.411,-4.2131212756337071
108.41200000000001,-4.2086538452874294
108.413,-4.2041815978562393
108.414,-4.1997045746813679
108.41500000000001,-4.1952228169453338
108.416,-4.1907363656712651
108.417,-4.1862452617221937
108.41800000000001,-4.1817495458003364
108.419,-4.1772492584464791
108.42,-4.1727444400392493
108.42100000000001,-4.1682351307945122
108.422,-4.1637213707647147
108.423,-4.1592031998382399
108.42400000000001,-4.1546806577388242
108.425,-4.1501537840249298
108.426,-4.1456226180891473
108.42699999999999,-4.1410871991576403
108.428,-4.1365475662895399
108.429,-4.1320037583764204
108.43000000000001,-4.1274558141417366
108.431,-4.1229037721402815
108.432,-4.1183476707576769
108.43299999999999,-4.1137875482098645
108.434,-4.1092234425425822
108.435,-4.1046553916309083
108.43600000000001,-4.1000834331787477
108.437,-4.0955076047184011
108.438,-4.0909279436100956
108.43899999999999,-4.0863444870415302
108.44,-4.0817572720274669
108.441,-4.0771663354092995
108.44200000000001,-4.0725717138546376
108.443,-4.067973443856931
108.444,-4.063371561735055
108.44499999999999,-4.0587661036329648
108.446,-4.0541571055193169
108.447,-4.049544603187111
108.44800000000001,-4.0449286322533684
108.449,-4.0403092281587911
108.45,-4.0356864261674321
108.45099999999999,-4.0310602613664184
108.452,-4.0264307686656178
108.453,-4.0217979827973904
108.45399999999999,-4.017161938316292
108.455,-4.0125226695988045
108.456,-4.007880210843112
108.45699999999999,-4.0032345960688405
108.458,-3.998585859116818
108.459,-3.9939340336488871
108.45999999999999,-3.9892791531476588
108.461,-3.9846212509163457
108.462,-3.9799603600785676
108.46299999999999,-3.9752965135781526
108.464,-3.9706297441790044
108.465,-3.9659600844649345
108.46599999999999,-3.9612875668395029
108.467,-3.9566122235259131
108.468,-3.9519340865668622
108.46899999999999,-3.9472531878244479
108.47,-3.9425695589800607
108.471,-3.9378832315342778
108.47199999999999,-3.933194236806806
108.473,-3.9285026059363988
108.474,-3.923808369880784
108.47499999999999,-3.9191115594166419
108.476,-3.9144122051395285
108.477,-3.9097103374638786
108.47799999999999,-3.9050059866229754
108.479,-3.9002991826689182
108.48,-3.8955899554726572
108.48099999999999,-3.8908783347239888
108.482,-3.8861643499315579
108.483,-3.8814480304229231
108.48399999999999,-3.8767294053445598
108.485,-3.8720085036619385
108.486,-3.8672853541595722
108.48699999999999,-3.8625599854410728
108.488,-3.8578324259292534
108.489,-3.8531027038662047
108.48999999999999,-3.8483708473133817
108.491,-3.8436368841517337
108.492,-3.8389008420817938
108.49299999999999,-3.8341627486238306
108.494,-3.8294226311179704
108.495,-3.8246805167243312
108.496,-3.8199364324231997
108.497,-3.815190405015179
108.498,-3.8104424611213541
108.499,-3.8056926271834959
108.5,-3.8009409294642165
108.501,-3.7961873940472057
108.502,-3.7914320468374174
108.503,-3.7866749135612783
108.504,-3.7819160197669368
108.505,-3.7771553908244693
108.506,-3.7723930519261506
108.50700000000001,-3.7676290280866915
108.508,-3.7628633441434838
108.509,-3.7580960247568949
108.51000000000001,-3.7533270944105377
108.511,-3.7485565774115295
108.512,-3.7437844978908279
108.51300000000001,-3.7390108798034949
108.514,-3.7342357469290297
108.515,-3.7294591228716789
108.51600000000001,-3.7246810310607517
108.517,-3.7199014947509736
108.518,-3.7151205370228211
108.51900000000001,-3.7103381807828524
108.52,-3.705554448764099
108.521,-3.7007693635263967
108.52200000000001,-3.6959829474567867
108.523,-3.6911952227698834
108.524,-3.6864062115082485
108.52500000000001,-3.6816159355428177
108.526,-3.6768244165732828
108.527,-3.6720316761284959
108.52800000000001,-3.6672377355669146
108.529,-3.6624426160769912
108.53,-3.6576463386776394
108.53100000000001,-3.6528489242186559
108.532,-3.6480503933811543
108.533,-3.6432507666780483
108.53400000000001,-3.6384500644544979
108.535,-3.6336483068883578
108.536,-3.628845513990691
108.53700000000001,-3.6240417056062095
108.538,-3.6192369014137897
108.539,-3.6144311209269615
108.54000000000001,-3.6096243834943875
108.541,-3.6048167083003988
108.542,-3.6000081143655018
108.54300000000001,-3.5951986205468769
108.544,-3.5903882455389367
108.545,-3.5855770078738258
108.54600000000001,-3.5807649259219905
108.547,-3.5759520178927056
108.548,-3.5711383018346217
108.54900000000001,-3.5663237956363343
108.55,-3.5615085170269447
108.551,-3.5566924835766121
108.55199999999999,-3.5518757126971563
108.553,-3.5470582216426036
108.554,-3.5422400275098025
108.55500000000001,-3.537421147239006
108.556,-3.5326015976144474
108.557,-3.5277813952649759
108.55799999999999,-3.522960556664644
108.559,-3.5181390981333154
108.56,-3.513317035837304
108.56100000000001,-3.5084943857899704
108.562,-3.5036711638523759
108.563,-3.4988473857339022
108.56399999999999,-3.4940230669928827
108.565,-3.4891982230372633
108.566,-3.4843728691252416
108.56700000000001,-3.4795470203659078
108.568,-3.4747206917199294
108.569,-3.4698938980001812
108.56999999999999,-3.4650666538724408
108.571,-3.4602389738560477
108.572,-3.4554108723245647
108.57300000000001,-3.4505823635064812
108.574,-3.4457534614858947
108.575,-3.4409241802031709
108.57599999999999,-3.4360945334556843
108.577,-3.4312645348984634
108.578,-3.4264341980449311
108.57899999999999,-3.4216035362675972
108.58,-3.4167725627987497
108.581,-3.4119412907311966
108.58199999999999,-3.4071097330189666
108.583,-3.4022779024780174
108.584,-3.3974458117869917
108.58499999999999,-3.3926134734879061
108.586,-3.3877808999869128
108.587,-3.3829481035550266
108.58799999999999,-3.3781150963288393
108.589,-3.3732818903112944
108.59,-3.3684484973724169
108.59099999999999,-3.363614929250045
108.592,-3.3587811975506154
108.593,-3.3539473137498761
108.59399999999999,-3.3491132891936779
108.595,-3.3442791350987209
108.596,-3.3394448625532998
108.59699999999999,-3.3346104825181002
108.598,-3.3297760058269499
108.599,-3.3249414431875777
108.59999999999999,-3.3201068051824145
108.601,-3.3152721022693417
108.602,-3.3104373447824917
108.60299999999999,-3.3056025429330163
108.604,-3.3007677068098622
108.605,-3.2959328463805773
108.60599999999999,-3.2910979714920878
108.607,-3.2862630918714717
108.608,-3.281428217126785
108.60899999999999,-3.2765933567478207
108.61,-3.2717585201069284
108.611,-3.2669237164598077
108.61199999999999,-3.2620889549462904
108.613,-3.257254244591167
108.614,-3.2524195943049801
108.61499999999999,-3.2475850128848132
108.616,-3.2427505090151314
108.617,-3.2379160912685481
108.61799999999999,-3.2330817681066724
108.619,-3.2282475478809016
108.62,-3.223413438833223
108.621,-3.2185794490970534
108.622,-3.2137455866980411
108.623,-3.2089118595548687
108.624,-3.2040782754800992
108.625,-3.1992448421809625
108.626,-3.1944115672602038
108.627,-3.1895784582168893
108.628,-3.1847455224472174
108.629,-3.1799127672453715
108.63,-3.1750801998043041
108.631,-3.1702478272165946
108.63200000000001,-3.1654156564752585
108.633,-3.1605836944745618
108.634,-3.1557519480108684
108.63500000000001,-3.1509204237834592
108.636,-3.1460891283953396
108.637,-3.141258068354102
108.63800000000001,-3.1364272500727135
108.639,-3.1315966798703774
108.64,-3.126766363973347
108.64100000000001,-3.1219363085157394
108.642,-3.1171065195403926
108.643,-3.1122770029996767
108.64400000000001,-3.1074477647563152
108.645,-3.1026188105842336
108.646,-3.0977901461693662
108.64700000000001,-3.0929617771105016
108.648,-3.088133708920108
108.649,-3.0833059470251412
108.65000000000001,-3.078478496767898
108.651,-3.0736513634068356
108.652,-3.06882455211738
108.65300000000001,-3.0639980679927854
108.654,-3.059171916044924
108.655,-3.0543461012051409
108.65600000000001,-3.0495206283250682
108.657,-3.0446955021774338
108.658,-3.0398707274569121
108.65900000000001,-3.0350463087809305
108.66,-3.0302222506904823
108.661,-3.0253985576509765
108.66200000000001,-3.0205752340530219
108.663,-3.01575228421328
108.664,-3.0109297123752645
108.66500000000001,-3.0061075227101512
108.666,-3.0012857193176159
108.667,-2.996464306226641
108.66800000000001,-2.9916432873963128
108.669,-2.9868226667166655
108.67,-2.9820024480094554
108.67100000000001,-2.9771826350290103
108.672,-2.972363231463012
108.673,-2.9675442409333042
108.67400000000001,-2.9627256669967132
108.675,-2.9579075131458468
108.676,-2.9530897828098848
108.67699999999999,-2.9482724793554036
108.678,-2.94345560608715
108.679,-2.9386391662488647
108.68000000000001,-2.933823163024067
108.681,-2.9290075995368383
108.682,-2.9241924788526421
108.68299999999999,-2.9193778039790979
108.684,-2.9145635778667618
108.685,-2.9097498034099436
108.68600000000001,-2.9049364834474605
108.687,-2.9001236207634444
108.688,-2.8953112180881186
108.68899999999999,-2.890499278098563
108.69,-2.885687803419513
108.691,-2.8808767966241264
108.69200000000001,-2.8760662602347469
108.693,-2.8712561967236989
108.694,-2.8664466085140292
108.69499999999999,-2.8616374979802979
108.696,-2.8568288674493374
108.697,-2.8520207192009939
108.69800000000001,-2.8472130554689214
108.699,-2.8424058784413195
108.7,-2.8375991902616815
108.70099999999999,-2.8327929930295737
108.702,-2.8279872888013542
108.703,-2.8231820795909481
108.70399999999999,-2.8183773673705845
108.705,-2.8135731540715194
108.706,-2.8087694415848099
108.70699999999999,-2.8039662317620322
108.708,-2.7991635264160077
108.709,-2.7943613273215653
108.70999999999999,-2.7895596362162336
108.711,-2.7847584548009978
108.712,-2.7799577847410157
108.71299999999999,-2.7751576276663239
108.714,-2.770357985172577
108.715,-2.765558858821755
108.71599999999999,-2.7607602501428654
108.717,-2.7559621606326759
108.718,-2.7511645917563925
108.71899999999999,-2.7463675449483889
108.72,-2.7415710216128995
108.721,-2.7367750231247023
108.72199999999999,-2.7319795508298337
108.723,-2.7271846060462765
108.724,-2.7223901900646279
108.72499999999999,-2.7175963041488207
108.726,-2.7128029495367665
108.727,-2.7080101274410668
108.72799999999999,-2.7032178390496755
108.729,-2.69842608552656
108.73,-2.6936348680123929
108.73099999999999,-2.6888441876252118
108.732,-2.6840540454610595
108.733,-2.6792644425946812
108.73399999999999,-2.674475380080144
108.735,-2.6696868589515188
108.736,-2.664898880223519
108.73699999999999,-2.6601114448921304
108.738,-2.6553245539352823
108.739,-2.6505382083134723
108.73999999999999,-2.6457524089703894
108.741,-2.6409671568335793
108.742,-2.6361824528150306
108.74299999999999,-2.6313982978118404
108.744,-2.6266146927068159
108.745,-2.6218316383690818
108.746,-2.6170491356547192
108.747,-2.6122671854073714
108.748,-2.6074857884588241
108.749,-2.6027049456296529
108.75,-2.5979246577297834
108.751,-2.5931449255591144
108.752,-2.5883657499081059
108.753,-2.5835871315583492
108.754,-2.5788090712831839
108.755,-2.5740315698482465
108.756,-2.5692546280120769
108.75700000000001,-2.5644782465266855
108.758,-2.5597024261380987
108.759,-2.5549271675869685
108.76000000000001,-2.5501524716091035
108.761,-2.5453783389360352
108.762,-2.5406047702955874
108.76300000000001,-2.5358317664124015
108.764,-2.5310593280085163
108.765,-2.5262874558038919
108.76600000000001,-2.5215161505169443
108.767,-2.5167454128651014
108.768,-2.5119752435653337
108.76900000000001,-2.5072056433346521
108.77,-2.5024366128906816
108.771,-2.4976681529521367
108.77200000000001,-2.4929002642393723
108.773,-2.4881329474748837
108.774,-2.4833662033837998
108.77500000000001,-2.4786000326944242
108.776,-2.473834436138711
108.777,-2.4690694144527572
108.77800000000001,-2.464304968377327
108.779,-2.4595410986583017
108.78,-2.4547778060472023
108.78100000000001,-2.450015091301653
108.782,-2.4452529551858504
108.783,-2.440491398471059
108.78400000000001,-2.4357304219360718
108.785,-2.4309700263676621
108.786,-2.4262102125610765
108.78700000000001,-2.421450981320457
108.788,-2.4166923334593271
108.789,-2.4119342698010282
108.79000000000001,-2.4071767911791504
108.791,-2.4024198984380059
108.792,-2.3976635924330507
108.79300000000001,-2.3929078740313052
108.794,-2.3881527441118169
108.795,-2.3833982035660508
108.79600000000001,-2.3786442532983436
108.797,-2.3738908942263026
108.798,-2.3691381272812193
108.79900000000001,-2.3643859534084903
108.8,-2.359634373568027
108.801,-2.3548833887346294
108.80199999999999,-2.3501329998984222
108.803,-2.3453832080652179
108.804,-2.3406340142569291
108.80500000000001,-2.3358854195119481
108.806,-2.3311374248855143
108.807,-2.326390031450114
108.80799999999999,-2.3216432402958529
108.809,-2.316897052530801
108.81,-2.3121514692813947
108.81100000000001,-2.3074064916927668
108.812,-2.3026621209291314
108.813,-2.2979183581741269
108.81399999999999,-2.2931752046311535
108.815,-2.2884326615237427
108.816,-2.2836907300958931
108.81700000000001,-2.2789494116123894
108.818,-2.2742087073591701
108.819,-2.2694686186436246
108.81999999999999,-2.2647291467949486
108.821,-2.2599902931644511
108.822,-2.2552520591258682
108.82300000000001,-2.2505144460756936
108.824,-2.2457774554334864
108.825,-2.2410410886421559
108.82599999999999,-2.2363053471683014
108.827,-2.2315702325024751
108.828,-2.2268357461595061
108.82899999999999,-2.2221018896787812
108.83,-2.2173686646245176
108.831,-2.2126360725860703
108.83199999999999,-2.2079041151782053
108.833,-2.2031727940413566
108.834,-2.1984421108419285
108.83499999999999,-2.1937120672725321
108.836,-2.188982665052281
108.837,-2.1842539059270312
108.83799999999999,-2.1795257916696351
108.839,-2.1747983240802107
108.84,-2.170071504986383
108.84099999999999,-2.1653453362435147
108.842,-2.16061981973498
108.843,-2.1558949573723618
108.84399999999999,-2.1511707510957225
108.845,-2.1464472028738171
108.846,-2.1417243147043048
108.84699999999999,-2.1370020886140035
108.848,-2.1322805266590903
108.849,-2.127559630925306
108.84999999999999,-2.1228394035281948
108.851,-2.11811984661328
108.852,-2.113400962356295
108.85299999999999,-2.1086827529633734
108.854,-2.1039652206712307
108.855,-2.0992483677473857
108.85599999999999,-2.0945321964903303
108.857,-2.0898167092297113
108.858,-2.0851019083265374
108.85899999999999,-2.0803877961733197
108.86,-2.0756743751942883
108.861,-2.0709616478455333
108.86199999999999,-2.0662496166151758
108.863,-2.0615382840235474
108.864,-2.0568276526233449
108.86499999999999,-2.0521177249997669
108.866,-2.0474085037707024
108.867,-2.0426999915868462
108.86799999999999,-2.0379921911318708
108.869,-2.0332851051225633
108.87,-2.0285787363089458
108.871,-2.0238730874744402
108.872,-2.0191681614359873
108.873,-2.0144639610441644
108.874,-2.0097604891833347
108.875,-2.0050577487717449
108.876,-2.0003557427616658
108.877,-1.9956544741395015
108.878,-1.9909539459258794
108.879,-1.9862541611758007
108.88,-1.9815551229787014
108.881,-1.9768568344585904
108.88200000000001,-1.9721592987741317
108.883,-1.9674625191187325
108.884,-1.9627664987206519
108.88500000000001,-1.9580712408430863
108.886,-1.9533767487842368
108.887,-1.9486830258774221
108.88800000000001,-1.943990075491127
108.889,-1.9392979010291032
108.89,-1.9346065059304318
108.89100000000001,-1.9299158936695837
108.892,-1.9252260677565032
108.893,-1.9205370317366655
108.89400000000001,-1.9158487891911229
108.895,-1.9111613437365904
108.896,-1.9064746990254653
108.89700000000001,-1.9017888587459084
108.898,-1.8971038266218823
108.899,-1.8924196064131773
108.90000000000001,-1.8877362019154844
108.901,-1.8830536169604148
108.902,-1.8783718554155331
108.90300000000001,-1.8736909211844077
108.904,-1.8690108182066167
108.905,-1.8643315504578
108.90600000000001,-1.8596531219496679
108.907,-1.8549755367300149
108.908,-1.8502987988827617
108.90900000000001,-1.8456229125279549
108.91,-1.840947881821769
108.911,-1.836273710956545
108.91200000000001,-1.8316004041607659
108.913,-1.8269279656990822
108.914,-1.8222563998723103
108.91500000000001,-1.8175857110174132
108.916,-1.8129159035075177
108.917,-1.8082469817519045
108.91800000000001,-1.8035789501959749
108.919,-1.7989118133212736
108.92,-1.7942455756454407
108.92100000000001,-1.7895802417222164
108.922,-1.7849158161414163
108.923,-1.7802523035288871
108.92400000000001,-1.7755897085465151
108.925,-1.7709280358921724
108.926,-1.7662672902996905
108.92699999999999,-1.7616074765388359
108.928,-1.7569485994152567
108.929,-1.7522906637704643
108.93000000000001,-1.747633674481782
108.931,-1.7429776364622889
108.932,-1.7383225546607965
108.93299999999999,-1.7336684340617909
108.934,-1.7290152796853653
108.935,-1.7243630965871979
108.93600000000001,-1.7197118898584629
108.937,-1.7150616646257952
108.938,-1.7104124260512268
108.93899999999999,-1.7057641793321021
108.94,-1.701116929701042
108.941,-1.6964706824258622
108.94200000000001,-1.6918254428094917
108.943,-1.687181216189926
108.944,-1.6825380079401198
108.94499999999999,-1.6778958234679455
108.946,-1.6732546682160898
108.947,-1.6686145476619694
108.94800000000001,-1.6639754673176668
108.949,-1.659337432729834
108.95,-1.6547004494795923
108.95099999999999,-1.6500645231824682
108.952,-1.6454296594882716
108.953,-1.6407958640810256
108.95399999999999,-1.6361631426788625
108.955,-1.6315315010339086
108.956,-1.6269009449322103
108.95699999999999,-1.622271480193616
108.958,-1.6176431126716624
108.959,-1.613015848253498
108.95999999999999,-1.6083896928597317
108.961,-1.6037646524443601
108.962,-1.5991407329946403
108.96299999999999,-1.59451794053096
108.964,-1.5898962811067474
108.965,-1.5852757608083388
108.96599999999999,-1.5806563857548468
108.967,-1.576038162098067
108.968,-1.5714210960223216
108.96899999999999,-1.566805193744357
108.97,-1.5621904615132076
108.971,-1.5575769056100581
108.97199999999999,-1.5529645323481258
108.973,-1.5483533480725225
108.974,-1.5437433591601062
108.97499999999999,-1.5391345720193716
108.976,-1.5345269930902776
108.977,-1.5299206288441392
108.97799999999999,-1.5253154857834712
108.979,-1.5207115704418304
108.98,-1.5161088893836978
108.98099999999999,-1.5115074492043203
108.982,-1.5069072565295447
108.983,-1.5023083180157029
108.98399999999999,-1.4977106403494207
108.985,-1.4931142302474965
108.986,-1.4885190944567377
108.98699999999999,-1.4839252397537845
108.988,-1.4793326729449814
108.989,-1.4747414008662056
108.98999999999999,-1.4701514303826917
108.991,-1.4655627683888963
108.992,-1.4609754218083117
108.99299999999999,-1.4563893975933124
108.994,-1.4518047027249912
108.995,-1.44722134421297
108.996,-1.4426393290952615
108.997,-1.4380586644380764
108.998,-1.4334793573356501
108.999,-1.4289014149100909
109,-1.4243248443111722
109.001,-1.4197496527161881
109.002,-1.4151758473297642
109.003,-1.4106034353836612
109.004,-1.406032424136628
109.005,-1.4014628208741886
109.006,-1.3968946329084808
109.00700000000001,-1.3923278675780728
109.008,-1.3877625322477554
109.009,-1.383198634308382
109.01000000000001,-1.3786361811766743
109.011,-1.3740751802950171
109.012,-1.3695156391312961
109.01300000000001,-1.3649575651786812
109.014,-1.3604009659554577
109.015,-1.3558458490048202
109.01600000000001,-1.3512922218946699
109.017,-1.3467400922174466
109.018,-1.3421894675899113
109.01900000000001,-1.3376403556529453
109.02,-1.3330927640713792
109.021,-1.3285467005337552
109.02200000000001,-1.3240021727521643
109.023,-1.3194591884620273
109.024,-1.3149177554218818
109.02500000000001,-1.3103778814132048
109.026,-1.305839574240196
109.027,-1.3013028417295582
109.02800000000001,-1.2967676917303264
109.029,-1.2922341321136219
109.03,-1.2877021707724789
109.03100000000001,-1.2831718156216172
109.032,-1.2786430745972308
109.033,-1.2741159556567916
109.03400000000001,-1.2695904667788362
109.035,-1.2650666159627315
109.036,-1.260544411228504
109.03700000000001,-1.2560238606165806
109.038,-1.2515049721876139
109.039,-1.2469877540222494
109.04000000000001,-1.2424722142208997
109.041,-1.237958360903554
109.042,-1.2334462022095452
109.04300000000001,-1.2289357462973267
109.044,-1.2244270013442771
109.045,-1.2199199755464489
109.04600000000001,-1.2154146771183849
109.047,-1.210911114292877
109.048,-1.2064092953207368
109.04900000000001,-1.2019092284705999
109.05,-1.1974109220286917
109.051,-1.1929143842985899
109.05199999999999,-1.1884196236010329
109.053,-1.1839266482736628
109.054,-1.1794354666708307
109.05500000000001,-1.1749460871633564
109.056,-1.1704585181382958
109.057,-1.1659727679987346
109.05799999999999,-1.1614888451635568
109.059,-1.1570067580671977
109.06,-1.1525265151594501
109.06100000000001,-1.1480481249052046
109.062,-1.1435715957842481
109.063,-1.1390969362910233
109.06399999999999,-1.1346241549343883
109.065,-1.1301532602374129
109.066,-1.1256842607371329
109.06700000000001,-1.1212171649843121
109.068,-1.116751981543239
109.069,-1.1122887189914592
109.06999999999999,-1.107827385919582
109.071,-1.1033679909310294
109.072,-1.0989105426417907
109.07300000000001,-1.0944550496802221
109.074,-1.0900015206867972
109.075,-1.0855499643138629
109.07599999999999,-1.0811003892254312
109.077,-1.0766528040969225
109.078,-1.0722072176149526
109.07899999999999,-1.0677636384770894
109.08,-1.0633220753916075
109.081,-1.0588825370772734
109.08199999999999,-1.0544450322631107
109.083,-1.0500095696881391
109.084,-1.0455761581011744
109.08499999999999,-1.0411448062605633
109.086,-1.0367155229339748
109.087,-1.0322883168981511
109.08799999999999,-1.0278631969386589
109.089,-1.0234401718496846
109.09,-1.0190192504337761
109.09099999999999,-1.0146004415016052
109.092,-1.0101837538717544
109.093,-1.0057691963704467
109.09399999999999,-1.001356777831343
109.095,-0.99694650709529065
109.096,-0.99253839301007274
109.09699999999999,-0.98813244443020198
109.098,-0.98372867021666599
109.099,-0.97932707923668338
109.09999999999999,-0.97492768036348887
109.101,-0.97053048247607498
109.102,-0.96613549445897418
109.10299999999999,-0.96174272520201376
109.104,-0.95735218360006791
109.105,-0.95296387855284315
109.10599999999999,-0.94857781896463167
109.107,-0.9441940137440622
109.108,-0.93981247180389427
109.10899999999999,-0.93543320206074054
109.11,-0.93105621343487199
109.111,-0.9266815148499552
109.11199999999999,-0.92230911523281955
109.113,-0.91793902351323098
109.114,-0.91357124862365324
109.11499999999999,-0.90920579949899449
109.116,-0.90484268507640453
109.117,-0.90048191429500146
109.11799999999999,-0.89612349609566855
109.119,-0.89176743942080583
109.12,-0.88741375321407912
109.121,-0.88306244642021714
109.122,-0.87871352798475477
109.123,-0.87436700685379254
109.124,-0.87002289197378802
109.125,-0.86568119229129226
109.126,-0.86134191675273619
109.127,-0.85700507430419393
109.128,-0.85267067389112949
109.129,-0.84833872445819558
109.13,-0.84400923494896574
109.131,-0.83968221430573131
109.13200000000001,-0.8353576714692541
109.133,-0.83103561537852266
109.134,-0.82671605497054568
109.13500000000001,-0.82239899918010662
109.136,-0.81808445693951648
109.137,-0.81377243717841752
109.13800000000001,-0.80946294882351089
109.139,-0.80515600079836258
109.14,-0.8008516020231542
109.14100000000001,-0.79654976141444034
109.142,-0.79225048788495089
109.143,-0.78795379034333635
109.14400000000001,-0.78365967769394118
109.145,-0.77936815883658495
109.146,-0.77507924266632033
109.14700000000001,-0.77079293807321603
109.148,-0.76650925394212832
109.149,-0.76222819915245743
109.15000000000001,-0.75794978257793977
109.151,-0.75367401308641713
109.152,-0.74940089953959199
109.15300000000001,-0.74513045079283113
109.154,-0.74086267569490605
109.155,-0.73659758308780088
109.15600000000001,-0.73233518180646728
109.157,-0.72807548067859407
109.158,-0.72381848852440467
109.15900000000001,-0.71956421415642213
109.16,-0.71531266637923074
109.161,-0.71106385398928496
109.16200000000001,-0.70681778577465282
109.163,-0.70257447051482247
109.164,-0.69833391698046698
109.16500000000001,-0.69409613393321345
109.166,-0.68986113012544426
109.167,-0.68562891430006778
109.16800000000001,-0.68139949519028098
109.169,-0.67717288151938382
109.17,-0.67294908200052661
109.17100000000001,-0.66872810533651672
109.172,-0.66450996021959308
109.173,-0.66029465533119458
109.17400000000001,-0.6560821993417647
109.175,-0.65187260091053223
109.176,-0.64766586868526854
109.17699999999999,-0.64346201130211511
109.178,-0.63926103738532802
109.179,-0.63506295554709302
109.18000000000001,-0.63086777438730224
109.181,-0.62667550249332726
109.182,-0.6224861484398283
109.18299999999999,-0.61829972078853512
109.184,-0.61411622808801869
109.185,-0.60993567887351108
109.18600000000001,-0.60575808166666079
109.187,-0.60158344497535343
109.188,-0.59741177729348871
109.18899999999999,-0.59324308710075713
109.19,-0.58907738286246258
109.191,-0.58491467302929745
109.19200000000001,-0.58075496603712184
109.193,-0.57659827030679223
109.194,-0.57244459424391858
109.19499999999999,-0.56829394623868557
109.196,-0.56414633466564124
109.197,-0.56000176788347689
109.19800000000001,-0.55586025423484875
109.199,-0.55172180204616272
109.2,-0.54758641962736432
109.20099999999999,-0.54345411527175791
109.202,-0.53932489725577748
109.203,-0.53519877383881775
109.20399999999999,-0.53107575326301493
109.205,-0.5269558437530435
109.206,-0.52283905351593596
109.20699999999999,-0.51872539074087531
109.208,-0.51461486359898834
109.209,-0.51050748024317216
109.20999999999999,-0.50640324880787002
109.211,-0.50230217740890315
109.212,-0.49820427414326518
109.21299999999999,-0.49410954708891536
109.214,-0.49001800430460984
109.215,-0.48592965382969483
109.21599999999999,-0.48184450368390974
109.217,-0.47776256186721444
109.218,-0.47368383635957556
109.21899999999999,-0.4696083351207993
109.22,-0.46553606609033271
109.221,-0.46146703718706439
109.22199999999999,-0.45740125630915573
109.223,-0.45333873133384894
109.224,-0.44927947011726471
109.22499999999999,-0.44522348049424376
109.226,-0.44117077027813528
109.227,-0.43712134726063501
109.22799999999999,-0.43307521921158981
109.229,-0.4290323938788112
109.23,-0.42499287898790672
109.23099999999999,-0.42095668224209304
109.232,-0.4169238113220039
109.233,-0.41289427388553335
109.23399999999999,-0.40886807756763022
109.235,-0.40484522998014255
109.236,-0.40082573871163557
109.23699999999999,-0.39680961132719372
109.238,-0.39279685536827535
109.239,-0.38878747835252325
109.23999999999999,-0.38478148777357657
109.241,-0.38077889110092639
109.242,-0.37677969577971387
109.24299999999999,-0.37278390923057803
109.244,-0.36879153884947907
109.245,-0.3648025920075148
109.246,-0.36081707605076829
109.247,-0.35683499830013815
109.248,-0.35285636605114501
109.249,-0.34888118657380163
109.25,-0.34490946711240877
109.251,-0.34094121488541956
109.252,-0.33697643708526021
109.253,-0.33301514087815326
109.254,-0.32905733340398541
109.255,-0.32510302177610656
109.256,-0.32115221308120218
109.25700000000001,-0.31720491437911208
109.258,-0.31326113270266276
109.259,-0.30932087505753364
109.26000000000001,-0.30538414842207978
109.261,-0.30145095974716352
109.262,-0.29752131595602899
109.26300000000001,-0.29359522394410947
109.264,-0.28967269057889727
109.265,-0.28575372269978327
109.26600000000001,-0.28183832711788426
109.267,-0.27792651061591694
109.268,-0.27401827994803046
109.26900000000001,-0.27011364183964848
109.27,-0.26621260298733523
109.271,-0.26231517005862487
109.27200000000001,-0.25842134969189245
109.273,-0.2545311484961954
109.274,-0.25064457305111393
109.27500000000001,-0.24676162990662809
109.276,-0.24288232558296008
109.277,-0.23900666657041353
109.27800000000001,-0.23513465932926014
109.279,-0.23126631028956252
109.28,-0.22740162585106316
109.28100000000001,-0.22354061238302275
109.282,-0.21968327622407258
109.283,-0.21582962368209602
109.28400000000001,-0.21197966103407895
109.285,-0.20813339452595464
109.286,-0.20429083037249801
109.28700000000001,-0.20045197475715559
109.288,-0.19661683383193612
109.289,-0.19278541371726132
109.29000000000001,-0.1889577205018243
109.291,-0.18513376024247769
109.292,-0.1813135389640807
109.29300000000001,-0.17749706265937326
109.294,-0.1736843372888523
109.295,-0.16987536878062459
109.29600000000001,-0.16607016303029581
109.297,-0.16226872590083374
109.298,-0.15847106322243065
109.29900000000001,-0.15467718079239434
109.3,-0.15088708437501269
109.301,-0.1471007797014201
109.30199999999999,-0.1433182724694968
109.303,-0.13953956834371023
109.304,-0.13576467295502886
109.30500000000001,-0.13199359190078164
109.306,-0.12822633074452405
109.307,-0.12446289501595159
109.30799999999999,-0.12070329021075188
109.309,-0.11694752179049206
109.31,-0.11319559518251587
109.31100000000001,-0.10944751577980194
109.312,-0.10570328894087255
109.313,-0.10196291998966633
109.31399999999999,-0.098226414215418445
109.315,-0.094493776872560553
109.316,-0.090765013180604259
109.31700000000001,-0.087040128324014199
109.318,-0.083319127452129105
109.319,-0.079602015679013816
109.31999999999999,-0.075888798083382225
109.321,-0.072179479708477379
109.322,-0.068474065561950903
109.32300000000001,-0.064772560615780295
109.324,-0.06107496980615168
109.325,-0.057381298033342909
109.32599999999999,-0.053691550161650947
109.327,-0.05000573101925232
109.328,-0.046323845398128394
109.32899999999999,-0.042645898053959241
109.33,-0.038971893706003513
109.331,-0.035301837037026829
109.33199999999999,-0.031635732693191199
109.333,-0.027973585283944113
109.334,-0.024315399381948266
109.33499999999999,-0.020661179522959094
109.336,-0.017010930205752284
109.337,-0.013364655892017629
109.33799999999999,-0.0097223610062573407
109.339,-0.0060840499357147637
109.34,-0.0024497270302710206
109.34099999999999,0.0011806033976542452
109.342,0.0048069370731732564
109.343,0.0084292697590400145
109.34399999999999,0.012047597255718689
109.345,0.01566191540148143
109.346,0.019272220072502733
109.34699999999999,0.022878507182924279
109.348,0.026480772684951859
109.349,0.030079012568948627
109.34999999999999,0.033673222863495278
109.351,0.037263399635492966
109.352,0.040849538990230916
109.35299999999999,0.044431637071469243
109.354,0.048009690061527555
109.355,0.051583694181352668
109.35599999999999,0.055153645690593778
109.357,0.058719540887698818
109.358,0.06228137610996265
109.35899999999999,0.065839147733626202
109.36,0.069392852173936204
109.361,0.072942485885219011
109.36199999999999,0.076488045360965984
109.363,0.080029527133886447
109.364,0.083566927775989841
109.36499999999999,0.087100243898657448
109.366,0.090629472152698121
109.367,0.094154609228435326
109.36799999999999,0.097675651855754997
109.369,0.10119259680418002
109.37,0.10470544088294464
109.371,0.10821418094104052
109.372,0.11171881386729288
109.373,0.1152193365904266
109.374,0.1187157460791084
109.375,0.12220803934203495
109.376,0.12569621342797077
109.377,0.12918026542581262
109.378,0.13266019246466298
109.379,0.13613599171386082
109.38,0.13960766038306527
109.381,0.14307519572228922
109.38200000000001,0.14653859502196509
109.383,0.14999785561300238
109.384,0.1534529748668314
109.38500000000001,0.15690395019545689
109.386,0.16035077905151829
109.387,0.16379345892832853
109.38800000000001,0.16723198735993405
109.389,0.17066636192115381
109.39,0.17409658022762897
109.39100000000001,0.17752263993588258
109.392,0.18094453874334615
109.393,0.18436227438841746
109.39400000000001,0.18777584465050412
109.395,0.1911852473500586
109.396,0.19459048034863491
109.39700000000001,0.19799154154891674
109.398,0.20138842889475983
109.399,0.20478114037124706
109.40000000000001,0.20816967400470876
109.401,0.21155402786276767
109.402,0.21493420005438413
109.40300000000001,0.21831018872987662
109.404,0.22168199208097872
109.405,0.22504960834084997
109.40600000000001,0.22841303578412564
109.407,0.231772272726949
109.408,0.23512731752699889
109.40900000000001,0.23847816858351634
109.41,0.24182482433735286
109.411,0.24516728327097626
109.41200000000001,0.24850554390852253
109.413,0.25183960481580481
109.414,0.25516946460034917
109.41500000000001,0.25849512191142865
109.416,0.26181657544006964
109.417,0.26513382391908791
109.41800000000001,0.26844686612311996
109.419,0.27175570086862588
109.42,0.27506032701393157
109.42100000000001,0.27836074345923412
109.422,0.28165694914662875
109.423,0.28494894306013463
109.42400000000001,0.28823672422569924
109.425,0.29152029171122373
109.426,0.29479964462658748
109.42699999999999,0.29807478212364402
109.428,0.30134570339626165
109.429,0.30461240768031239
109.43000000000001,0.30787489425370118
109.431,0.31113316243638145
109.432,0.31438721159034977
109.43299999999999,0.31763704111966895
109.434,0.3208826504704847
109.435,0.32412403913101417
109.43600000000001,0.32736120663157842
109.437,0.33059415254458935
109.438,0.33382287648456432
109.43899999999999,0.33704737810814189
109.44,0.34026765711407025
109.441,0.34348371324321669
109.44200000000001,0.3466955462785849
109.443,0.34990315604528954
109.444,0.3531065424105907
109.44499999999999,0.3563057052838684
109.446,0.359500644616631
109.447,0.36269136040252525
109.44800000000001,0.36587785267731743
109.449,0.36906012151889878
109.45,0.37223816704729074
109.45099999999999,0.37541198942462239
109.452,0.37858158885514503
109.453,0.38174696558520993
109.45399999999999,0.38490811990326823
109.455,0.38806505213987452
109.456,0.39121776266765806
109.45699999999999,0.3943662519013269
109.458,0.39751052029766165
109.459,0.40065056835548818
109.45999999999999,0.40378639661568849
109.461,0.40691800566116743
109.462,0.41004539611684976
109.46299999999999,0.41316856864967577
109.464,0.41628752396856417
109.465,0.41940226282441029
109.46599999999999,0.4225127860100808
109.467,0.4256190943603666
109.468,0.42872118875199838
109.46899999999999,0.43181907010360132
109.47,0.43491273937569086
109.471,0.43800219757065051
109.47199999999999,0.44108744573270542
109.473,0.44416848494790107
109.474,0.44724531634409015
109.47499999999999,0.4503179410908964
109.476,0.45338636039970082
109.477,0.4564505755236079
109.47799999999999,0.45951058775742415
109.479,0.46256639843763869
109.48,0.46561800894237848
109.48099999999999,0.46866542069139339
109.482,0.4717086351460329
109.483,0.47474765380919393
109.48399999999999,0.47778247822531705
109.485,0.48081310998033344
109.486,0.4838395507016453
109.48699999999999,0.48686180205809304
109.488,0.48987986575991349
109.489,0.49289374355870885
109.48999999999999,0.49590343724742381
109.491,0.49890894866028823
109.492,0.50191027967279744
109.49299999999999,0.50490743220166912
109.494,0.50790040820479621
109.495,0.5108892096812343
109.496,0.51387383867112968
109.497,0.51685429725569532
109.498,0.51983058755717892
109.499,0.52280271173879878
109.5,0.52577067200472194
109.501,0.52873447060000478
109.502,0.53169410981055676
109.503,0.5346495919631018
109.504,0.5376009194251159
109.505,0.54054809460479802
109.506,0.54349111995101285
109.50700000000001,0.54642999795324076
109.508,0.54936473114154394
109.509,0.55229532208650056
109.51000000000001,0.55522177339915935
109.511,0.55814408773100244
109.512,0.56106226777386614
109.51300000000001,0.56397631625992228
109.514,0.56688623596159449
109.515,0.56979202969152487
109.51600000000001,0.5726937003025141
109.517,0.57559125068746164
109.518,0.57848468377931406
109.51900000000001,0.58137400255101213
109.52,0.5842592100154258
109.521,0.58714030922530402
109.52200000000001,0.59001730327320789
109.523,0.59289019529145759
109.524,0.59575898845207464
109.52500000000001,0.59862368596671223
109.526,0.60148429108659829
109.527,0.60434080710248161
109.52800000000001,0.60719323734455055
109.529,0.61004158518239238
109.53,0.61288585402490781
109.53100000000001,0.61572604732025704
109.532,0.61856216855580048
109.533,0.6213942212580148
109.53400000000001,0.62422220899244052
109.535,0.62704613536361653
109.536,0.62986600401498993
109.53700000000001,0.63268181862888073
109.538,0.63549358292638236
109.539,0.6383013006673055
109.54000000000001,0.64110497565010882
109.541,0.6439046117118199
109.542,0.64670021272796596
109.54300000000001,0.64949178261250773
109.544,0.65227932531775257
109.545,0.65506284483429611
109.54600000000001,0.65784234519093143
109.547,0.66061783045458289
109.548,0.66338930473023305
109.54900000000001,0.6661567721608368
109.55,0.66892023692724556
109.551,0.67167970324814186
109.55199999999999,0.67443517537994113
109.553,0.67718665761672914
109.554,0.67993415429017046
109.55500000000001,0.68267766976943123
109.556,0.68541720846110921
109.557,0.68815277480913073
109.55799999999999,0.69088437329468033
109.559,0.69361200843612658
109.56,0.69633568478891905
109.56100000000001,0.69905540694552037
109.562,0.7017711795353101
109.563,0.7044830072245043
109.56399999999999,0.70719089471607299
109.565,0.70989484674964576
109.566,0.7125948681014278
109.56700000000001,0.71529096358411759
109.568,0.71798313804680602
109.569,0.72067139637490163
109.56999999999999,0.72335574349002818
109.571,0.72603618434994188
109.572,0.72871272394844078
109.57300000000001,0.7313853673152706
109.574,0.73405411951602839
109.575,0.73671898565208505
109.57599999999999,0.73937997086046914
109.577,0.74203708031380211
109.578,0.74469031922017481
109.57899999999999,0.74733969282306845
109.58,0.7499852064012642
109.581,0.75262686526873179
109.58199999999999,0.75526467477454107
109.583,0.75789864030277254
109.584,0.76052876727240193
109.58499999999999,0.76315506113722109
109.586,0.76577752738572435
109.587,0.76839617154101503
109.58799999999999,0.77101099916071281
109.589,0.77362201583683854
109.59,0.77622922719572274
109.59099999999999,0.77883263889790766
109.592,0.78143225663803406
109.593,0.78402808614475084
109.59399999999999,0.78662013318060353
109.595,0.78920840354193067
109.596,0.79179290305877048
109.59699999999999,0.79437363759474189
109.598,0.79695061304694681
109.599,0.79952383534587157
109.59999999999999,0.80209331045526278
109.601,0.80465904437204072
109.602,0.8072210431261766
109.60299999999999,0.80977931278059279
109.604,0.81233385943105985
109.605,0.81488468920607304
109.60599999999999,0.81743180826675443
109.607,0.81997522280674584
109.608,0.82251493905208828
109.60899999999999,0.82505096326112204
109.61,0.82758330172436745
109.611,0.83011196076441651
109.61199999999999,0.83263694673582789
109.613,0.83515826602500343
109.614,0.83767592505007782
109.61499999999999,0.84018993026081645
109.616,0.84270028813848508
109.617,0.84520700519575098
109.61799999999999,0.84771008797655578
109.619,0.85020954305600571
109.62,0.85270537704026506
109.621,0.85519759656642202
109.622,0.85768620830238329
109.623,0.86017121894676363
109.624,0.86265263522875135
109.625,0.86513046390801085
109.626,0.86760471177454401
109.627,0.87007538564858611
109.628,0.87254249238048809
109.629,0.8750060388505827
109.63,0.87746603196908191
109.631,0.87992247867594453
109.63200000000001,0.88237538594075993
109.633,0.88482476076263272
109.634,0.88727061017005115
109.63500000000001,0.88971294122076938
109.636,0.89215176100169269
109.637,0.89458707662874137
109.63800000000001,0.89701889524674394
109.639,0.89944722402929833
109.64,0.90187207017865401
109.64100000000001,0.90429344092559871
109.642,0.90671134352931393
109.643,0.9091257852772654
109.64400000000001,0.91153677348507789
109.645,0.91394431549639599
109.646,0.91634841868277817
109.64700000000001,0.91874909044355224
109.648,0.92114633820569813
109.649,0.92354016942372463
109.65000000000001,0.92593059157953217
109.651,0.92831761218229003
109.652,0.93070123876831579
109.65300000000001,0.93308147890093052
109.654,0.93545834017034846
109.655,0.93783183019353555
109.65600000000001,0.94020195661408223
109.657,0.94256872710208306
109.658,0.94493214935399283
109.65900000000001,0.94729223109250649
109.66,0.94964898006642784
109.661,0.95200240405053171
109.66200000000001,0.95435251084544448
109.663,0.95669930827750016
109.664,0.95904280419861609
109.66500000000001,0.96138300648616415
109.666,0.96371992304283016
109.667,0.96605356179648294
109.66800000000001,0.96838393070005213
109.669,0.97071103773137613
109.67,0.97303489089309103
109.67100000000001,0.97535549821247747
109.672,0.97767286774133444
109.673,0.97998700755585344
109.67400000000001,0.98229792575646813
109.675,0.9846056304677282
109.676,0.98691012983817128
109.67699999999999,0.98921143204017192
109.678,0.99150954526982038
109.679,0.99380447774677916
109.68000000000001,0.99609623771414646
109.681,0.99838483343833029
109.682,1.0006702732088972
109.68299999999999,1.0029525653384461
109.684,1.0052317181624699
109.685,1.0075077400392141
109.68600000000001,1.0097806393495465
109.687,1.0120504244968103
109.688,1.0143171039066963
109.68899999999999,1.0165806860271005
109.69,1.0188411793279823
109.691,1.0210985923012317
109.69200000000001,1.0233529334605325
109.693,1.025604211341212
109.694,1.0278524345001216
109.69499999999999,1.0300976115154765
109.696,1.0323397509867278
109.697,1.0345788615344282
109.69800000000001,1.0368149518000778
109.699,1.0390480304459955
109.7,1.041278106155179
109.70099999999999,1.0435051876311541
109.702,1.0457292835978491
109.703,1.0479504027994426
109.70399999999999,1.0501685540002261
109.705,1.0523837459844707
109.706,1.0545959875562756
109.70699999999999,1.0568052875394263
109.708,1.0590116547772708
109.709,1.0612150981325541
109.70999999999999,1.0634156264872983
109.711,1.0656132487426422
109.712,1.067807973818713
109.71299999999999,1.0699998106544835
109.714,1.0721887682076197
109.715,1.0743748554543513
109.71599999999999,1.0765580813893205
109.717,1.0787384550254435
109.718,1.0809159853937722
109.71899999999999,1.0830906815433421
109.72,1.085262552541032
109.721,1.0874316074714343
109.72199999999999,1.0895978554366932
109.723,1.0917613055563702
109.724,1.0939219669673101
109.72499999999999,1.0960798488234766
109.726,1.0982349602958339
109.727,1.1003873105721855
109.72799999999999,1.1025369088570325
109.729,1.1046837643714456
109.73,1.1068278863529011
109.73099999999999,1.1089692840551488
109.732,1.1111079667480701
109.733,1.1132439437175261
109.73399999999999,1.1153772242652231
109.735,1.1175078177085627
109.736,1.1196357333804954
109.73699999999999,1.1217609806293904
109.738,1.1238835688188755
109.739,1.1260035073277004
109.73999999999999,1.128120805549599
109.741,1.1302354728931301
109.742,1.1323475187815524
109.74299999999999,1.1344569526526633
109.744,1.1365637839586644
109.745,1.1386680221660181
109.746,1.1407696767552975
109.747,1.1428687572210463
109.748,1.1449652730716389
109.749,1.1470592338291252
109.75,1.1491506490290992
109.751,1.1512395282205468
109.752,1.1533258809657001
109.753,1.1554097168399049
109.754,1.1574910454314637
109.755,1.1595698763415023
109.756,1.1616462191838151
109.75700000000001,1.1637200835847312
109.758,1.1657914791829658
109.759,1.1678604156294763
109.76000000000001,1.1699269025873165
109.761,1.1719909497315049
109.762,1.1740525667488608
109.76300000000001,1.1761117633378797
109.764,1.1781685492085767
109.765,1.1802229340823485
109.76600000000001,1.1822749276918332
109.767,1.1843245397807605
109.768,1.1863717801038069
109.76900000000001,1.1884166584264648
109.77,1.190459184524884
109.771,1.192499368185739
109.77200000000001,1.1945372192060817
109.773,1.1965727473931955
109.774,1.1986059625644627
109.77500000000001,1.2006368745472111
109.776,1.2026654931785747
109.777,1.2046918283053523
109.77800000000001,1.2067158897838646
109.779,1.2087376874798155
109.78,1.2107572312681376
109.78100000000001,1.2127745310328615
109.782,1.2147895966669748
109.783,1.2168024380722695
109.78400000000001,1.218813065159208
109.785,1.2208214878467838
109.786,1.2228277160623682
109.78700000000001,1.2248317597415834
109.788,1.2268336288281485
109.789,1.2288333332737478
109.79000000000001,1.2308308830378851
109.791,1.2328262880877399
109.792,1.2348195583980306
109.79300000000001,1.2368107039508804
109.794,1.2387997347356572
109.795,1.2407866607488602
109.79600000000001,1.2427714919939503
109.797,1.2447542384812336
109.798,1.2467349102277123
109.79900000000001,1.2487135172569419
109.8,1.2506900695988954
109.801,1.2526645772898282
109.80199999999999,1.2546370503721267
109.803,1.2566074988941842
109.804,1.2585759329102491
109.80500000000001,1.2605423624802909
109.806,1.2625067976698692
109.807,1.2644692485499804
109.80799999999999,1.2664297251969308
109.809,1.2683882376921987
109.81,1.2703447961222871
109.81100000000001,1.2722994105785996
109.812,1.274252091157289
109.813,1.2762028479591294
109.81399999999999,1.2781516910893809
109.815,1.2800986306576436
109.816,1.2820436767777257
109.81700000000001,1.2839868395675131
109.818,1.2859281291488232
109.819,1.2878675556472765
109.81999999999999,1.2898051291921573
109.821,1.2917408599162776
109.822,1.2936747579558467
109.82300000000001,1.2956068334503326
109.824,1.2975370965423212
109.825,1.2994655573774003
109.82599999999999,1.3013922261040014
109.827,1.3033171128732877
109.828,1.305240227839003
109.82899999999999,1.3071615811573472
109.83,1.3090811829868456
109.831,1.3109990434882057
109.83199999999999,1.3129151728241939
109.833,1.3148295811594997
109.834,1.3167422786606
109.83499999999999,1.3186532754956373
109.836,1.320562581834273
109.837,1.3224702078475672
109.83799999999999,1.3243761637078486
109.839,1.3262804595885742
109.84,1.3281831056642046
109.84099999999999,1.3300841121100755
109.842,1.3319834891022639
109.843,1.333881246817461
109.84399999999999,1.3357773954328405
109.845,1.3376719451259267
109.846,1.3395649060744765
109.84699999999999,1.3414562884563397
109.848,1.3433461024493314
109.849,1.3452343582311141
109.84999999999999,1.3471210659790602
109.851,1.3490062358701245
109.852,1.3508898780807252
109.85299999999999,1.3527720027866079
109.854,1.3546526201627274
109.855,1.3565317403831147
109.85599999999999,1.358409373620753
109.857,1.3602855300474588
109.858,1.3621602198337432
109.85899999999999,1.3640334531487026
109.86,1.3659052401598828
109.861,1.3677755910331573
109.86199999999999,1.3696445159326087
109.863,1.3715120250203987
109.864,1.3733781284566451
109.86499999999999,1.3752428363993068
109.866,1.3771061590040496
109.867,1.3789681064241375
109.86799999999999,1.3808286888102961
109.869,1.3826879163105996
109.87,1.3845457990703554
109.871,1.3864023472319666
109.872,1.3882575709348282
109.873,1.3901114803151979
109.874,1.3919640855060766
109.875,1.3938153966370979
109.876,1.3956654238343935
109.877,1.3975141772204864
109.878,1.3993616669141757
109.879,1.4012079030303997
109.88,1.403052895680144
109.881,1.4048966549703037
109.88200000000001,1.4067391910035756
109.883,1.4085805138783423
109.884,1.4104206336885525
109.88500000000001,1.4122595605236055
109.886,1.4140973044682421
109.887,1.4159338756024202
109.88800000000001,1.4177692840012104
109.889,1.4196035397346702
109.89,1.4214366528677398
109.89100000000001,1.4232686334601268
109.892,1.4250994915661872
109.893,1.4269292372348219
109.89400000000001,1.4287578805093588
109.895,1.4305854314274389
109.896,1.4324119000209139
109.89700000000001,1.4342372963157253
109.898,1.4360616303317975
109.899,1.4378849120829318
109.90000000000001,1.4397071515766879
109.901,1.4415283588142813
109.902,1.4433485437904756
109.90300000000001,1.4451677164934633
109.904,1.4469858869047711
109.905,1.4488030649991468
109.90600000000001,1.4506192607444421
109.907,1.4524344841015262
109.908,1.454248745024159
109.90900000000001,1.4560620534588948
109.91,1.457874419344984
109.911,1.459685852614244
109.91200000000001,1.4614963631909865
109.913,1.4633059609918826
109.914,1.4651146559258774
109.91500000000001,1.4669224578940843
109.916,1.4687293767896734
109.917,1.4705354224977785
109.91800000000001,1.4723406048953867
109.919,1.4741449338512451
109.92,1.4759484192257508
109.92100000000001,1.4777510708708563
109.922,1.479552898629962
109.923,1.4813539123378292
109.92400000000001,1.4831541218204602
109.925,1.4849535368950169
109.926,1.4867521673697177
109.92699999999999,1.488550023043731
109.928,1.4903471137070889
109.929,1.4921434491405798
109.93000000000001,1.493939039115658
109.931,1.4957338933943416
109.932,1.4975280217291269
109.93299999999999,1.4993214338628715
109.934,1.5011141395287289
109.935,1.5029061484500255
109.93600000000001,1.5046974703401848
109.937,1.506488114902623
109.938,1.5082780918306593
109.93899999999999,1.5100674108074297
109.94,1.5118560815057789
109.941,1.5136441135881817
109.94200000000001,1.5154315167066472
109.943,1.5172183005026239
109.944,1.5190044746069162
109.94499999999999,1.5207900486395891
109.946,1.5225750322098754
109.947,1.5243594349160969
109.94800000000001,1.5261432663455636
109.949,1.5279265360744922
109.95,1.5297092536679204
109.95099999999999,1.5314914286796073
109.952,1.5332730706519642
109.953,1.5350541891159519
109.95399999999999,1.5368347935910003
109.955,1.5386148935849309
109.956,1.5403944985938578
109.95699999999999,1.54217361810211
109.958,1.5439522615821484
109.959,1.5457304384944801
109.95999999999999,1.547508158287576
109.961,1.5492854303977857
109.962,1.5510622642492535
109.96299999999999,1.5528386692538487
109.964,1.5546146548110653
109.965,1.5563902303079549
109.96599999999999,1.558165405119043
109.967,1.5599401886062463
109.968,1.5617145901187985
109.96899999999999,1.5634886189931616
109.97,1.5652622845529565
109.971,1.5670355961088842
109.97199999999999,1.5688085629586417
109.973,1.5705811943868486
109.974,1.5723534996649757
109.97499999999999,1.5741254880512567
109.976,1.5758971687906249
109.977,1.57766855111463
109.97799999999999,1.5794396442413641
109.979,1.5812104573753922
109.98,1.582980999707674
109.98099999999999,1.5847512804154893
109.982,1.5865213086623706
109.983,1.5882910935980243
109.98399999999999,1.590060644358267
109.985,1.5918299700649432
109.986,1.5935990798258595
109.98699999999999,1.5953679827347229
109.988,1.5971366878710529
109.989,1.5989052043001255
109.98999999999999,1.6006735410729034
109.991,1.6024417072259558
109.992,1.6042097117814067
109.99299999999999,1.6059775637468556
109.994,1.6077452721153107
109.995,1.6095128458651322
109.996,1.6112802939599526
109.997,1.6130476253486199
109.998,1.6148148489651315
109.999,1.6165819737285636
110,1.6183490085430163
110.001,1.6201159622975392
110.002,1.6218828438660799
110.003,1.6236496621074048
110.004,1.6254164258650539
110.005,1.6271831439672724
110.006,1.6289498252269383
110.00700000000001,1.6307164784415211
110.008,1.6324831123930093
110.009,1.6342497358478516
110.01000000000001,1.6360163575568922
110.011,1.6377829862553273
110.012,1.6395496306626325
110.01300000000001,1.6413162994825057
110.014,1.6430830014028164
110.015,1.6448497450955459
110.01600000000001,1.6466165392167245
110.017,1.6483833924063824
110.018,1.650150313288496
110.01900000000001,1.6519173104709166
110.02,1.6536843925453368
110.021,1.6554515680872295
110.02200000000001,1.6572188456557759
110.023,1.6589862337938386
110.024,1.6607537410278952
110.02500000000001,1.6625213758679886
110.026,1.664289146807663
110.027,1.6660570623239375
110.02800000000001,1.6678251308772345
110.029,1.6695933609113296
110.03,1.6713617608533147
110.03100000000001,1.6731303391135417
110.032,1.6748991040855588
110.033,1.6766680641460874
110.03400000000001,1.6784372276549604
110.035,1.6802066029550655
110.036,1.6819761983723156
110.03700000000001,1.683746022215594
110.038,1.6855160827766986
110.039,1.6872863883303117
110.03999999999999,1.6890569471339467
110.041,1.6908277674279049
110.042,1.6925988574352182
110.04300000000001,1.69437022536163
110.044,1.6961418793955318
110.045,1.6979138277079193
110.04599999999999,1.6996860784523653
110.047,1.7014586397649651
110.048,1.70323151976429
110.04900000000001,1.7050047265513566
110.05,1.7067782682095896
110.051,1.7085521528047569
110.05199999999999,1.7103263883849604
110.053,1.7121009829805764
110.054,1.7138759446042156
110.05500000000001,1.7156512812506985
110.056,1.7174270008970036
110.057,1.7192031115022397
110.05799999999999,1.7209796210075923
110.059,1.7227565373363056
110.06,1.7245338683936375
110.06100000000001,1.7263116220668158
110.062,1.7280898062250158
110.063,1.7298684287193198
110.06399999999999,1.7316474973826717
110.065,1.7334270200298603
110.066,1.7352070044574792
110.06700000000001,1.736987458443878
110.068,1.7387683897491519
110.069,1.7405498061150992
110.06999999999999,1.7423317152651792
110.071,1.7441141249044967
110.072,1.7458970427197622
110.07300000000001,1.747680476379263
110.074,1.7494644335328222
110.075,1.7512489218117877
110.07599999999999,1.753033948828989
110.077,1.7548195221787033
110.078,1.7566056494366431
110.07900000000001,1.758392338159918
110.08,1.7601795958869979
110.081,1.7619674301376991
110.08199999999999,1.7637558484131577
110.083,1.765544858195784
110.084,1.767334466949257
110.08500000000001,1.7691246821184943
110.086,1.7709155111296044
110.087,1.7727069613898947
110.08799999999999,1.7744990402878256
110.089,1.7762917551929918
110.09,1.7780851134560907
110.09099999999999,1.7798791224089117
110.092,1.7816737893643073
110.093,1.7834691216161564
110.09399999999999,1.7852651264393691
110.095,1.7870618110898451
110.096,1.7888591828044471
110.09699999999999,1.7906572488009989
110.098,1.7924560162782526
110.099,1.7942554924158611
110.09999999999999,1.7960556843743745
110.101,1.7978565992952102
110.102,1.7996582443006273
110.10299999999999,1.8014606264937214
110.104,1.8032637529583981
110.105,1.8050676307593574
110.10599999999999,1.8068722669420652
110.107,1.8086776685327535
110.108,1.8104838425383916
110.10899999999999,1.812290795946665
110.11,1.814098535725972
110.111,1.8159070688254011
110.11199999999999,1.8177164021747063
110.113,1.8195265426843075
110.114,1.8213374972452678
110.11499999999999,1.8231492727292693
110.116,1.8249618759886186
110.117,1.8267753138562206
110.11799999999999,1.8285895931455558
110.119,1.8304047206506877
110.12,1.8322207031462354
110.121,1.8340375473873705
110.122,1.8358552601097848
110.123,1.8376738480297057
110.124,1.8394933178438704
110.125,1.8413136762295035
110.126,1.8431349298443305
110.127,1.8449570853265533
110.128,1.8467801492948293
110.129,1.8486041283482866
110.13,1.8504290290664969
110.131,1.8522548580094624
110.13200000000001,1.8540816217176244
110.133,1.8559093267118389
110.134,1.8577379794933813
110.13500000000001,1.8595675865439159
110.136,1.8613981543255154
110.137,1.8632296892806428
110.13800000000001,1.8650621978321271
110.139,1.8668956863831903
110.14,1.8687301613174134
110.14100000000001,1.8705656289987354
110.142,1.872402095771458
110.143,1.8742395679602364
110.14400000000001,1.8760780518700555
110.145,1.8779175537862551
110.146,1.8797580799745091
110.14700000000001,1.8815996366808112
110.148,1.8834422301314904
110.149,1.8852858665331973
110.15000000000001,1.8871305520729078
110.151,1.8889762929178966
110.152,1.8908230952157661
110.15300000000001,1.8926709650944282
110.154,1.8945199086620939
110.155,1.8963699320072878
110.15600000000001,1.8982210411988381
110.157,1.9000732422858664
110.158,1.9019265412978048
110.15900000000001,1.9037809442443852
110.16,1.9056364571156292
110.161,1.9074930858818648
110.16200000000001,1.9093508364937195
110.163,1.9112097148821103
110.164,1.9130697269582608
110.16499999999999,1.914930878613688
110.166,1.9167931757202168
110.167,1.918656624129961
110.16800000000001,1.9205212296753436
110.169,1.922386998169094
110.17,1.9242539354042361
110.17099999999999,1.9261220471541103
110.172,1.9279913391723675
110.173,1.9298618171929594
110.17400000000001,1.9317334869301619
110.175,1.933606354078572
110.176,1.935480424313091
110.17699999999999,1.9373557032889597
110.178,1.9392321966417447
110.179,1.9411099099873348
110.18000000000001,1.9429888489219636
110.181,1.9448690190222009
110.182,1.9467504258449666
110.18299999999999,1.9486330749275176
110.184,1.9505169717874762
110.185,1.952402121922824
110.18600000000001,1.9542885308118949
110.187,1.9561762039134085
110.188,1.9580651466664549
110.18899999999999,1.9599553644904986
110.19,1.9618468627854044
110.191,1.9637396469314279
110.19200000000001,1.9656337222892182
110.193,1.967529094199842
110.194,1.9694257679847817
110.19499999999999,1.9713237489459301
110.196,1.9732230423656212
110.197,1.9751236535066239
110.19800000000001,1.9770255876121516
110.199,1.9789288499058633
110.2,1.980833445591887
110.20099999999999,1.9827393798548214
110.202,1.9846466578597313
110.203,1.9865552847521779
110.20400000000001,1.9884652656582182
110.205,1.9903766056844021
110.206,1.9922893099178007
110.20699999999999,1.9942033834260111
110.208,1.9961188312571494
110.209,1.9980356584398824
110.21000000000001,1.9999538699834289
110.211,2.001873470877559
110.212,2.0037944660926219
110.21299999999999,2.0057168605795459
110.214,2.0076406592698541
110.215,2.0095658670756591
110.21599999999999,2.011492488889699
110.217,2.0134205295853338
110.218,2.0153499940165482
110.21899999999999,2.0172808870179795
110.22,2.0192132134049259
110.221,2.0211469779733386
110.22199999999999,2.0230821854998613
110.223,2.0250188407418275
110.224,2.0269569484372623
110.22499999999999,2.0288965133049142
110.226,2.0308375400442595
110.227,2.0327800333355026
110.22799999999999,2.0347239978396057
110.229,2.0366694381982948
110.23,2.0386163590340698
110.23099999999999,2.0405647649502083
110.232,2.0425146605308013
110.233,2.0444660503407497
110.23399999999999,2.0464189389257692
110.235,2.048373330812427
110.236,2.0503292305081393
110.23699999999999,2.0522866425011772
110.238,2.0542455712607004
110.239,2.0562060212367568
110.23999999999999,2.0581679968602926
110.241,2.0601315025431788
110.242,2.0620965426782192
110.24299999999999,2.0640631216391512
110.244,2.0660312437806816
110.245,2.0680009134384871
110.246,2.0699721349292317
110.247,2.0719449125505727
110.248,2.0739192505811865
110.249,2.0758951532807828
110.25,2.0778726248901007
110.251,2.0798516696309473
110.252,2.0818322917061982
110.253,2.0838144952998077
110.254,2.0857982845768341
110.255,2.0877836636834548
110.256,2.0897706367469633
110.25700000000001,2.0917592078758043
110.258,2.0937493811595775
110.259,2.095741160669061
110.26000000000001,2.097734550456205
110.261,2.0997295545541719
110.262,2.1017261769773437
110.26300000000001,2.103724421721318
110.264,2.105724292762952
110.265,2.1077257940603618
110.26600000000001,2.1097289295529289
110.267,2.1117337031613341
110.268,2.113740118787566
110.26900000000001,2.1157481803149207
110.27,2.1177578916080408
110.271,2.1197692565129187
110.27200000000001,2.1217822788569012
110.273,2.1237969624487265
110.274,2.1258133110785238
110.27500000000001,2.1278313285178365
110.276,2.1298510185196222
110.277,2.1318723848182897
110.27800000000001,2.1338954311297047
110.279,2.1359201611511898
110.28,2.1379465785615661
110.28100000000001,2.1399746870211551
110.282,2.1420044901717845
110.283,2.1440359916368208
110.28400000000001,2.1460691950211781
110.285,2.1481041039113209
110.286,2.1501407218753004
110.28700000000001,2.1521790524627589
110.288,2.1542190992049344
110.289,2.1562608656146955
110.28999999999999,2.1583043551865444
110.291,2.1603495713966376
110.292,2.1623965177027884
110.29300000000001,2.1644451975444987
110.294,2.1664956143429692
110.295,2.1685477715010979
110.29599999999999,2.1706016724035222
110.297,2.1726573204166169
110.298,2.1747147188885028
110.29900000000001,2.1767738711490829
110.3,2.1788347805100399
110.301,2.1808974502648479
110.30199999999999,2.1829618836888063
110.303,2.1850280840390415
110.304,2.1870960545545137
110.30500000000001,2.1891657984560484
110.306,2.191237318946341
110.307,2.1933106192099756
110.30799999999999,2.1953857024134282
110.309,2.1974625717050986
110.31,2.1995412302153134
110.31100000000001,2.2016216810563352
110.312,2.2037039273223931
110.313,2.2057879720896856
110.31399999999999,2.2078738184163886
110.315,2.209961469342685
110.316,2.2120509278907727
110.31700000000001,2.214142197064862
110.318,2.216235279851217
110.319,2.2183301792181558
110.31999999999999,2.2204268981160515
110.321,2.2225254394773688
110.322,2.2246258062166637
110.32300000000001,2.2267280012306023
110.324,2.2288320273979623
110.325,2.2309378875796626
110.32599999999999,2.2330455846187731
110.327,2.2351551213405085
110.328,2.2372665005522703
110.32900000000001,2.2393797250436434
110.33,2.2414947975863986
110.331,2.2436117209345317
110.33199999999999,2.2457304978242578
110.333,2.2478511309740195
110.334,2.2499736230845166
110.33500000000001,2.2520979768387095
110.336,2.2542241949018171
110.337,2.2563522799213578
110.33799999999999,2.258482234527138
110.339,2.2606140613312773
110.34,2.2627477629282038
110.34099999999999,2.2648833418946865
110.342,2.2670208007898363
110.343,2.269160142155108
110.34399999999999,2.2713013685143322
110.345,2.2734444823737121
110.346,2.2755894862218309
110.34699999999999,2.2777363825296781
110.348,2.2798851737506536
110.349,2.2820358623205612
110.34999999999999,2.2841884506576489
110.351,2.2863429411626046
110.352,2.2884993362185519
110.35299999999999,2.2906576381910906
110.354,2.2928178494282818
110.355,2.2949799722606712
110.35599999999999,2.2971440090012871
110.357,2.2993099619456641
110.358,2.3014778333718455
110.35899999999999,2.3036476255403855
110.36,2.3058193406943701
110.361,2.3079929810594275
110.36199999999999,2.3101685488437176
110.363,2.3123460462379626
110.364,2.3145254754154494
110.36499999999999,2.3167068385320255
110.366,2.3188901377261271
110.367,2.3210753751187796
110.36799999999999,2.3232625528135875
110.369,2.3254516728967767
110.37,2.327642737437174
110.371,2.3298357484862318
110.372,2.3320307080780154
110.373,2.3342276182292352
110.374,2.336426480939243
110.375,2.3386272981900222
110.376,2.3408300719462249
110.377,2.3430348041551645
110.378,2.3452414967468047
110.379,2.3474501516337987
110.38,2.3496607707114765
110.381,2.3518733558578444
110.38200000000001,2.3540879089336073
110.383,2.3563044317821662
110.384,2.3585229262296261
110.38500000000001,2.3607433940847886
110.386,2.3629658371391815
110.387,2.3651902571670442
110.38800000000001,2.367416655925334
110.389,2.369645035153741
110.39,2.3718753965746897
110.39100000000001,2.3741077418933285
110.392,2.3763420727975539
110.393,2.3785783909580109
110.39400000000001,2.3808166980280761
110.395,2.3830569956438894
110.396,2.3852992854243475
110.39700000000001,2.3875435689710889
110.398,2.3897898478685278
110.399,2.3920381236838355
110.40000000000001,2.3942883979669514
110.401,2.3965406722505769
110.402,2.3987949480501922
110.40300000000001,2.4010512268640483
110.404,2.4033095101731647
110.405,2.4055697994413427
110.40600000000001,2.4078320961151665
110.407,2.4100964016239845
110.408,2.4123627173799385
110.40900000000001,2.4146310447779529
110.41,2.4169013851957186
110.411,2.4191737399937261
110.41200000000001,2.4214481105152443
110.413,2.4237244980863171
110.414,2.42600290401578
110.41499999999999,2.4282833295952502
110.416,2.4305657760991308
110.417,2.4328502447845932
110.41800000000001,2.4351367368916077
110.419,2.4374252536429175
110.42,2.439715796244037
110.42099999999999,2.4420083658832707
110.422,2.4443029637316984
110.423,2.4465995909431597
110.42400000000001,2.4488982486542836
110.425,2.4511989379844663
110.426,2.453501660035859
110.42699999999999,2.4558064158933917
110.428,2.4581132066247577
110.429,2.4604220332803952
110.43000000000001,2.4627328968935132
110.431,2.4650457984800695
110.432,2.4673607390387717
110.43299999999999,2.4696777195510649
110.434,2.4719967409811465
110.435,2.4743178042759495
110.43600000000001,2.4766409103651328
110.437,2.478966060161087
110.438,2.4812932545589348
110.43899999999999,2.4836224944365002
110.44,2.4859537806543313
110.441,2.4882871140556899
110.44200000000001,2.4906224954665226
110.443,2.4929599256954855
110.444,2.4952994055339239
110.44499999999999,2.4976409357558573
110.446,2.499984517117992
110.447,2.502330150359704
110.44800000000001,2.5046778362030291
110.449,2.5070275753526596
110.45,2.50937936849594
110.45099999999999,2.511733216302857
110.452,2.5140891194260249
110.453,2.5164470785006889
110.45400000000001,2.5188070941447176
110.455,2.5211691669585736
110.456,2.5235332975253337
110.45699999999999,2.5258994864106645
110.458,2.528267734162807
110.459,2.5306380413125842
110.46000000000001,2.5330104083733858
110.461,2.535384835841143
110.462,2.537761324194344
110.46299999999999,2.5401398738940077
110.464,2.5425204853836814
110.465,2.5449031590894116
110.46599999999999,2.5472878954197649
110.467,2.5496746947657973
110.468,2.5520635575010311
110.46899999999999,2.5544544839814751
110.47,2.5568474745455929
110.471,2.5592425295142833
110.47199999999999,2.561639649190893
110.473,2.5640388338611899
110.474,2.5664400837933363
110.47499999999999,2.5688433992379074
110.476,2.5712487804278634
110.477,2.5736562275785202
110.47799999999999,2.5760657408875662
110.479,2.5784773205350291
110.48,2.5808909666832709
110.48099999999999,2.5833066794769608
110.482,2.5857244590430826
110.483,2.5881443054909052
110.48399999999999,2.5905662189119631
110.485,2.5929901993800599
110.486,2.5954162469512454
110.48699999999999,2.5978443616637845
110.488,2.6002745435381689
110.489,2.6027067925770919
110.48999999999999,2.6051411087654111
110.491,2.6075774920701678
110.492,2.6100159424405507
110.49299999999999,2.6124564598078712
110.494,2.6148990440855737
110.495,2.6173436951691911
110.496,2.6197904129363536
110.497,2.6222391972467372
110.498,2.6246900479420847
110.499,2.6271429648461684
110.5,2.6295979477647622
110.501,2.6320549964856457
110.502,2.6345141107785817
110.503,2.6369752903952706
110.504,2.6394385350693739
110.505,2.6419038445164684
110.506,2.6443712184340256
110.50700000000001,2.6468406565014084
110.508,2.6493121583798418
110.509,2.6517857237124005
110.51000000000001,2.6542613521239655
110.511,2.6567390432212403
110.512,2.6592187965927101
110.51300000000001,2.6617006118086097
110.514,2.6641844884209323
110.515,2.6666704259633915
110.51600000000001,2.669158423951389
110.517,2.671648481882019
110.518,2.6741405992340366
110.51900000000001,2.6766347754678184
110.52,2.6791310100253702
110.521,2.6816293023302924
110.52200000000001,2.6841296517877398
110.523,2.6866320577844318
110.524,2.689136519688609
110.52500000000001,2.6916430368500204
110.526,2.6941516085998791
110.527,2.6966622342508733
110.52800000000001,2.6991749130971212
110.529,2.7016896444141421
110.53,2.7042064274588551
110.53100000000001,2.7067252614695376
110.532,2.7092461456657975
110.533,2.7117690792485707
110.53400000000001,2.7142940614000808
110.535,2.716821091283808
110.536,2.7193501680444832
110.53700000000001,2.7218812908080539
110.538,2.7244144586816499
110.539,2.7269496707535739
110.53999999999999,2.7294869260932693
110.541,2.7320262237512964
110.542,2.7345675627592922
110.54300000000001,2.7371109421299677
110.544,2.7396563608570768
110.545,2.7422038179153634
110.54599999999999,2.7447533122605723
110.547,2.747304842829406
110.548,2.7498584085394837
110.54900000000001,2.7524140082893398
110.55,2.7549716409583884
110.551,2.7575313054068786
110.55199999999999,2.7600930004758912
110.553,2.7626567249873051
110.554,2.7652224777437513
110.55500000000001,2.7677902575286097
110.556,2.7703600631059695
110.557,2.772931893220604
110.55799999999999,2.775505746597926
110.559,2.7780816219439894
110.56,2.7806595179454408
110.56100000000001,2.783239433269483
110.562,2.7858213665638702
110.563,2.7884053164568638
110.56399999999999,2.7909912815571931
110.565,2.7935792604540493
110.566,2.7961692517170471
110.56700000000001,2.7987612538961746
110.568,2.8013552655217966
110.569,2.803951285104608
110.56999999999999,2.8065493111355919
110.571,2.8091493420860094
110.572,2.8117513764073676
110.57300000000001,2.8143554125313752
110.574,2.8169614488699133
110.575,2.8195694838150209
110.57599999999999,2.8221795157388545
110.577,2.8247915429936405
110.578,2.8274055639116749
110.57900000000001,2.8300215768052737
110.58,2.8326395799667323
110.581,2.8352595716683169
110.58199999999999,2.8378815501622228
110.583,2.840505513680526
110.584,2.8431314604351785
110.58500000000001,2.845759388617966
110.586,2.8483892964004576
110.587,2.8510211819340032
110.58799999999999,2.8536550433496828
110.589,2.856290878758279
110.59,2.8589286862502323
110.59099999999999,2.8615684638956322
110.592,2.8642102097441695
110.593,2.8668539218250926
110.59399999999999,2.8694995981471991
110.595,2.8721472366987859
110.596,2.8747968354476137
110.59699999999999,2.8774483923408871
110.598,2.8801019053052141
110.599,2.8827573722465596
110.59999999999999,2.885414791050235
110.601,2.8880741595808526
110.602,2.8907354756822818
110.60299999999999,2.8933987371776348
110.604,2.8960639418692162
110.605,2.8987310875385059
110.60599999999999,2.9014001719460967
110.607,2.9040711928316885
110.608,2.9067441479140457
110.60899999999999,2.9094190348909437
110.61,2.9120958514391617
110.611,2.9147745952144408
110.61199999999999,2.9174552638514246
110.613,2.920137854963663
110.614,2.9228223661435528
110.61499999999999,2.9255087949622975
110.616,2.9281971389698942
110.617,2.9308873956950876
110.61799999999999,2.9335795626453187
110.619,2.9362736373067175
110.62,2.9389696171440547
110.621,2.9416674996007046
110.622,2.9443672820985984
110.623,2.9470689620382164
110.624,2.9497725367985366
110.625,2.952478003736982
110.626,2.955185360189422
110.627,2.957894603470109
110.628,2.9606057308716429
110.629,2.963318739664953
110.63,2.9660336270992507
110.631,2.9687503904019814
110.63200000000001,2.9714690267788151
110.633,2.9741895334135902
110.634,2.9769119074682875
110.63500000000001,2.9796361460829792
110.636,2.9823622463758128
110.637,2.9850902054429698
110.63800000000001,2.9878200203586052
110.639,2.9905516881748495
110.64,2.9932852059217518
110.64100000000001,2.9960205706072309
110.642,2.9987577792170681
110.643,3.0014968287148531
110.64400000000001,3.0042377160419402
110.645,3.0069804381174325
110.646,3.0097249918381355
110.64700000000001,3.0124713740785061
110.648,3.0152195816906429
110.649,3.0179696115042334
110.65000000000001,3.0207214603265222
110.651,3.0234751249422613
110.652,3.0262306021136984
110.65300000000001,3.028987888580525
110.654,3.0317469810598272
110.655,3.0345078762460811
110.65600000000001,3.0372705708110956
110.657,3.0400350614039646
110.658,3.04280134465106
110.65900000000001,3.0455694171559777
110.66,3.0483392754994916
110.661,3.0511109162395389
110.66200000000001,3.0538843359111767
110.663,3.0566595310265261
110.664,3.0594364980747653
110.66499999999999,3.0622152335220747
110.666,3.0649957338116116
110.667,3.0677779953634472
110.66800000000001,3.0705620145745693
110.669,3.073347787818828
110.67,3.0761353114468779
110.67099999999999,3.0789245817861817
110.672,3.0817155951409503
110.673,3.0845083477920956
110.67400000000001,3.0873028359972294
110.675,3.0900990559905983
110.676,3.0928970039830479
110.67699999999999,3.0956966761620044
110.678,3.0984980686914332
110.679,3.1013011777117803
110.68000000000001,3.1041059993399704
110.681,3.1069125296693536
110.682,3.1097207647696705
110.68299999999999,3.1125307006870062
110.684,3.1153423334437789
110.685,3.1181556590386883
110.68600000000001,3.1209706734466724
110.687,3.1237873726188923
110.688,3.1266057524826887
110.68899999999999,3.129425808941527
110.69,3.1322475378749961
110.691,3.1350709351387547
110.69200000000001,3.1378959965644828
110.693,3.1407227179598758
110.694,3.1435510951085939
110.69499999999999,3.1463811237702153
110.696,3.1492127996802264
110.697,3.1520461185499706
110.69800000000001,3.1548810760666237
110.699,3.1577176678931367
110.7,3.1605558896682311
110.70099999999999,3.163395737006355
110.702,3.1662372054976258
110.703,3.1690802907078335
110.70400000000001,3.1719249881783829
110.705,3.1747712934262546
110.706,3.1776192019439939
110.70699999999999,3.1804687091996637
110.708,3.1833198106367968
110.709,3.1861725016743909
110.71000000000001,3.1890267777068608
110.711,3.1918826341039916
110.712,3.19474006621093
110.71299999999999,3.1975990693481395
110.714,3.2004596388113717
110.715,3.2033217698716108
110.71599999999999,3.2061854577750779
110.717,3.2090506977431792
110.718,3.2119174849724583
110.71899999999999,3.2147858146345976
110.72,3.2176556818763635
110.721,3.2205270818195655
110.72199999999999,3.2234000095610549
110.723,3.2262744601726725
110.724,3.2291504287012063
110.72499999999999,3.23202791016839
110.726,3.2349068995708508
110.727,3.2377873918800719
110.72799999999999,3.2406693820423853
110.729,3.243552864978922
110.73,3.2464378355855921
110.73099999999999,3.2493242887330331
110.732,3.2522122192666103
110.733,3.2551016220063747
110.73399999999999,3.2579924917470051
110.735,3.2608848232578271
110.736,3.2637786112827536
110.73699999999999,3.2666738505402444
110.738,3.26957053572331
110.739,3.2724686614994627
110.73999999999999,3.2753682225106737
110.741,3.2782692133733757
110.742,3.2811716286784187
110.74299999999999,3.2840754629910243
110.744,3.2869807108507905
110.745,3.2898873667716395
110.746,3.2927954252418039
110.747,3.2957048807237745
110.748,3.2986157276543078
110.749,3.3015279604443801
110.75,3.3044415734791444
110.751,3.3073565611179352
110.752,3.3102729176942267
110.753,3.3131906375155897
110.754,3.3161097148636975
110.755,3.3190301439942833
110.756,3.3219519191370988
110.75700000000001,3.3248750344959155
110.758,3.3277994842484881
110.759,3.3307252625465282
110.76000000000001,3.3336523635156672
110.761,3.3365807812554582
110.762,3.3395105098393345
110.76300000000001,3.3424415433145729
110.764,3.3453738757022999
110.765,3.3483075009974508
110.76600000000001,3.3512424131687286
110.767,3.3541786061586176
110.768,3.3571160738833377
110.76900000000001,3.3600548102328096
110.77,3.3629948090706638
110.771,3.3659360642341976
110.77200000000001,3.3688785695343433
110.773,3.3718223187556715
110.774,3.3747673056563534
110.77500000000001,3.3777135239681457
110.776,3.3806609673963521
110.777,3.383609629619829
110.77800000000001,3.386559504290954
110.779,3.389510585035584
110.78,3.3924628654530684
110.78100000000001,3.3954163391162204
110.782,3.3983709995712674
110.783,3.4013268403378767
110.78400000000001,3.4042838549091083
110.785,3.4072420367513923
110.786,3.4102013793045334
110.78700000000001,3.4131618759816762
110.788,3.4161235201692772
110.789,3.419086305227113
110.78999999999999,3.4220502244882445
110.791,3.4250152712590101
110.792,3.4279814388189846
110.79300000000001,3.4309487204210001
110.794,3.4339171092911043
110.795,3.4368865986285373
110.79599999999999,3.4398571816057446
110.797,3.4428288513683425
110.798,3.4458016010350914
110.79900000000001,3.4487754236979082
110.8,3.4517503124218409
110.801,3.4547262602450353
110.80199999999999,3.4577032601787483
110.803,3.460681305207328
110.804,3.4636603882881767
110.80500000000001,3.4666405023517726
110.806,3.4696216403016331
110.807,3.4726037950143152
110.80799999999999,3.4755869593393838
110.809,3.4785711260994256
110.81,3.4815562880900277
110.81100000000001,3.4845424380797478
110.812,3.4875295688101335
110.813,3.4905176729956997
110.81399999999999,3.4935067433238967
110.815,3.4964967724551403
110.816,3.4994877530227768
110.81700000000001,3.5024796776330644
110.818,3.5054725388651926
110.819,3.5084663292712603
110.81999999999999,3.5114610413762524
110.821,3.5144566676780569
110.822,3.5174532006474424
110.82300000000001,3.5204506327280596
110.824,3.5234489563364146
110.825,3.5264481638618914
110.82599999999999,3.5294482476667319
110.827,3.5324492000860115
110.828,3.5354510134276689
110.82900000000001,3.5384536799724815
110.83,3.5414571919740494
110.831,3.5444615416588183
110.83199999999999,3.5474667212260576
110.833,3.5504727228478492
110.834,3.5534795386691087
110.83500000000001,3.5564871608075679
110.836,3.5594955813537572
110.837,3.5625047923710351
110.83799999999999,3.5655147858955649
110.839,3.5685255539363245
110.84,3.5715370884750799
110.84099999999999,3.574549381466424
110.842,3.5775624248377529
110.843,3.5805762104892542
110.84399999999999,3.5835907302939356
110.845,3.586605976097613
110.846,3.5896219397188975
110.84699999999999,3.5926386129492229
110.848,3.5956559875528331
110.849,3.5986740552667742
110.84999999999999,3.6016928078009212
110.851,3.6047122368379689
110.852,3.6077323340334253
110.85299999999999,3.6107530910156296
110.854,3.6137744993857579
110.855,3.6167965507178206
110.85599999999999,3.6198192365586568
110.857,3.6228425484279647
110.858,3.6258664778182981
110.85899999999999,3.6288910161950501
110.86,3.6319161549964951
110.861,3.6349418856337818
110.86199999999999,3.6379681994909205
110.863,3.6409950879248258
110.864,3.644022542265307
110.86499999999999,3.6470505538150624
110.866,3.6500791138497215
110.867,3.6531082136178332
110.86799999999999,3.6561378443408676
110.869,3.6591679972132507
110.87,3.6621986634023607
110.871,3.6652298340485441
110.872,3.6682615002651087
110.873,3.6712936531383704
110.874,3.6743262837276429
110.875,3.6773593830652418
110.876,3.6803929421565247
110.877,3.6834269519798912
110.878,3.6864614034867822
110.879,3.6894962876017239
110.88,3.6925315952223299
110.881,3.6955673172192984
110.88200000000001,3.6986034444364613
110.883,3.7016399676907774
110.884,3.7046768777723633
110.88500000000001,3.7077141654444876
110.886,3.7107518214436181
110.887,3.7137898364794317
110.88800000000001,3.7168282012348044
110.889,3.7198669063658745
110.89,3.7229059425020434
110.89100000000001,3.7259453002459724
110.892,3.7289849701736442
110.893,3.7320249428343653
110.89400000000001,3.7350652087507603
110.895,3.7381057584188495
110.896,3.7411465823080299
110.89700000000001,3.7441876708611002
110.898,3.7472290144943026
110.899,3.7502706035973379
110.90000000000001,3.7533124285333876
110.901,3.7563544796391275
110.902,3.7593967472247778
110.90300000000001,3.7624392215741178
110.904,3.7654818929444902
110.905,3.7685247515668649
110.90600000000001,3.7715677876458482
110.907,3.7746109913596921
110.908,3.7776543528603526
110.90900000000001,3.7806978622735112
110.91,3.7837415096985785
110.911,3.7867852852087553
110.91200000000001,3.7898291788510559
110.913,3.7928731806463105
110.914,3.7959172805892338
110.91499999999999,3.7989614686484376
110.916,3.8020057347664649
110.917,3.8050500688598108
110.91800000000001,3.8080944608189773
110.919,3.8111389005084959
110.92,3.8141833777669456
110.92099999999999,3.8172278824070158
110.922,3.8202724042155278
110.923,3.8233169329534515
110.92400000000001,3.8263614583559731
110.925,3.8294059701325178
110.926,3.8324504579667682
110.92699999999999,3.8354949115167321
110.928,3.838539320414764
110.929,3.8415836742675902
110.93000000000001,3.8446279626563804
110.931,3.8476721751367542
110.932,3.8507163012388483
110.93299999999999,3.8537603304673178
110.934,3.8568042523014219
110.935,3.8598480561950437
110.93600000000001,3.8628917315767115
110.937,3.8659352678496823
110.938,3.8689786543919578
110.93899999999999,3.8720218805563205
110.94,3.875064935670399
110.941,3.8781078090367096
110.94200000000001,3.8811504899326712
110.943,3.8841929676106881
110.944,3.887235231298181
110.94499999999999,3.8902772701976147
110.946,3.8933190734865777
110.947,3.896360630317802
110.94800000000001,3.8994019298192342
110.949,3.9024429610940476
110.95,3.9054837132207316
110.95099999999999,3.9085241752531203
110.952,3.9115643362204322
110.953,3.9146041851273434
110.95400000000001,3.917643710954029
110.955,3.9206829026561927
110.956,3.9237217491651553
110.95699999999999,3.9267602393878889
110.958,3.9297983622070536
110.959,3.9328361064810764
110.96000000000001,3.9358734610442028
110.961,3.9389104147065206
110.962,3.9419469562540543
110.96299999999999,3.9449830744487953
110.964,3.9480187580287716
110.965,3.9510539957080786
110.96599999999999,3.9540887761769721
110.967,3.9571230881019046
110.968,3.9601569201255717
110.96899999999999,3.963190260867
110.97,3.9662230989215885
110.971,3.9692554228611527
110.97199999999999,3.9722872212340183
110.973,3.9753184825650623
110.974,3.9783491953557624
110.97499999999999,3.9813793480842836
110.976,3.9844089292055314
110.977,3.9874379271511913
110.97799999999999,3.990466330329828
110.979,3.9934941271269269
110.98,3.9965213059049658
110.98099999999999,3.9995478550034633
110.982,4.0025737627390692
110.983,4.0055990174056202
110.98399999999999,4.0086236072741848
110.985,4.0116475205931641
110.986,4.0146707455883455
110.98699999999999,4.0176932704629484
110.988,4.020715083397727
110.989,4.0237361725510263
110.98999999999999,4.0267565260588265
110.991,4.0297761320348577
110.992,4.0327949785706414
110.99299999999999,4.0358130537355494
110.994,4.038830345576911
110.995,4.0418468421200586
110.996,4.0448625313684134
110.997,4.047877401303535
110.998,4.0508914398852278
110.999,4.0539046350515955
111,4.0569169747191056
111.001,4.0599284467826937
111.002,4.0629390391158182
111.003,4.0659487395705272
111.004,4.0689575359775629
111.005,4.0719654161464245
111.006,4.0749723678654259
111.00700000000001,4.0779783789018103
111.008,4.0809834370018079
111.009,4.0839875298907193
111.01000000000001,4.0869906452729774
111.011,4.0899927708322634
111.012,4.0929938942315642
111.01300000000001,4.0959940031132431
111.014,4.0989930850991518
111.015,4.1019911277906953
111.01600000000001,4.1049881187688984
111.017,4.1079840455945247
111.018,4.1109788958081372
111.01900000000001,4.1139726569301747
111.02,4.1169653164610649
111.021,4.1199568618812918
111.02200000000001,4.1229472806514682
111.023,4.1259365602124527
111.024,4.1289246879854167
111.02500000000001,4.1319116513719392
111.026,4.1348974377540806
111.027,4.1378820344944929
111.02800000000001,4.1408654289364977
111.029,4.1438476084041636
111.03,4.1468285602024251
111.03100000000001,4.1498082716171485
111.032,4.1527867299152259
111.033,4.1557639223446756
111.03400000000001,4.1587398361347416
111.035,4.1617144584959513
111.036,4.1646877766202506
111.03700000000001,4.1676597776810764
111.038,4.1706304488334416
111.039,4.1735997772140525
111.03999999999999,4.1765677499413894
111.041,4.1795343541158125
111.042,4.1824995768196311
111.04300000000001,4.1854634051172388
111.044,4.1884258260551928
111.045,4.191386826662292
111.04599999999999,4.1943463939497123
111.047,4.1973045149110861
111.048,4.200261176522587
111.04900000000001,4.2032163657430592
111.05,4.2061700695141058
111.051,4.2091222747601709
111.05199999999999,4.2120729683886706
111.053,4.2150221372900845
111.054,4.2179697683380368
111.05500000000001,4.220915848389434
111.056,4.223860364284544
111.057,4.226803302847113
111.05799999999999,4.2297446508844505
111.059,4.2326843951875599
111.06,4.2356225225312327
111.06100000000001,4.2385590196741365
111.062,4.2414938733589524
111.063,4.2444270703124678
111.06399999999999,4.2473585972456691
111.065,4.2502884408538746
111.066,4.2532165878168335
111.06700000000001,4.256143024798817
111.068,4.2590677384487599
111.069,4.2619907154003469
111.06999999999999,4.2649119422721204
111.071,4.2678314056676152
111.072,4.2707490921754454
111.07300000000001,4.2736649883694344
111.074,4.2765790808087001
111.075,4.2794913560378021
111.07599999999999,4.2824018005868361
111.077,4.2853104009715368
111.078,4.2882171436934211
111.07900000000001,4.2911220152398828
111.08,4.2940250020842985
111.081,4.2969260906861706
111.08199999999999,4.2998252674912294
111.083,4.3027225189315335
111.084,4.3056178314256197
111.08500000000001,4.3085111913785976
111.086,4.3114025851822637
111.087,4.3142919992152411
111.08799999999999,4.3171794198430842
111.089,4.3200648334184057
111.09,4.3229482262809711
111.09099999999999,4.3258295847578596
111.092,4.3287088951635635
111.093,4.3315861438000942
111.09399999999999,4.3344613169571362
111.095,4.3373344009121526
111.096,4.3402053819304953
111.09699999999999,4.3430742462655552
111.098,4.3459409801588702
111.099,4.3488055698402404
111.09999999999999,4.351668001527873
111.101,4.3545282614285004
111.102,4.357386335737492
111.10299999999999,4.3602422106389964
111.104,4.3630958723060669
111.105,4.3659473069007806
111.10599999999999,4.3687965005743585
111.107,4.3716434394673183
111.108,4.3744881097095849
111.10899999999999,4.3773304974206111
111.11,4.3801705887095261
111.111,4.3830083696752631
111.11199999999999,4.3858438264066626
111.113,4.388676944982639
111.114,4.3915077114722951
111.11499999999999,4.3943361119350364
111.116,4.3971621324207408
111.117,4.3999857589698621
111.11799999999999,4.4028069776135554
111.119,4.4056257743738474
111.12,4.4084421352637344
111.121,4.4112560462873365
111.122,4.4140674934400108
111.123,4.4168764627085126
111.124,4.4196829400711168
111.125,4.4224869114977432
111.126,4.4252883629501145
111.127,4.4280872803818854
111.128,4.4308836497387576
111.129,4.4336774569586499
111.13,4.4364686879718258
111.131,4.4392573287010082
111.13200000000001,4.4420433650615516
111.133,4.4448267829615631
111.134,4.4476075683020504
111.13500000000001,4.4503857069770358
111.136,4.45316118487374
111.137,4.4559339878726894
111.13800000000001,4.4587041018478599
111.139,4.4614715126668347
111.14,4.4642362061909395
111.14100000000001,4.4669981682753637
111.142,4.4697573847693386
111.143,4.4725138415162613
111.14400000000001,4.4752675243538249
111.145,4.4780184191141901
111.146,4.4807665116241147
111.14700000000001,4.4835117877050905
111.148,4.4862542331735025
111.149,4.4889938338407704
111.15000000000001,4.4917305755134951
111.151,4.4944644439935857
111.152,4.4971954250784396
111.15300000000001,4.4999235045610702
111.154,4.5026486682302407
111.155,4.5053709018706405
111.15600000000001,4.5080901912630207
111.157,4.5108065221843257
111.158,4.5135198804078716
111.15900000000001,4.5162302517034787
111.16,4.5189376218376101
111.161,4.521641976573548
111.16200000000001,4.5243433016715304
111.163,4.5270415828888835
111.164,4.5297368059802068
111.16499999999999,4.5324289566975002
111.166,4.5351180207903301
111.167,4.5378039840059579
111.16800000000001,4.5404868320895204
111.169,4.5431665507841714
111.17,4.545843125831218
111.17099999999999,4.5485165429703054
111.172,4.5511867879395478
111.173,4.5538538464756799
111.17400000000001,4.5565177043142322
111.175,4.5591783471896692
111.176,4.561835760835538
111.17699999999999,4.5644899309846441
111.178,4.5671408433691978
111.179,4.5697884837209539
111.18000000000001,4.5724328377713954
111.181,4.5750738912518738
111.182,4.5777116298937708
111.18299999999999,4.5803460394286413
111.184,4.5829771055883972
111.185,4.5856048141054488
111.18600000000001,4.5882291507128539
111.187,4.5908501011444978
111.188,4.5934676511352448
111.18899999999999,4.5960817864210748
111.19,4.5986924927392803
111.191,4.6012997558286042
111.19200000000001,4.6039035614293864
111.193,4.6065038952837583
111.194,4.6091007431357811
111.19499999999999,4.6116940907316009
111.196,4.6142839238196247
111.197,4.6168702281506784
111.19800000000001,4.6194529894781651
111.199,4.6220321935582174
111.2,4.624607826149882
111.20099999999999,4.6271798730152707
111.202,4.6297483199197069
111.203,4.632313152631915
111.20400000000001,4.6348743569241773
111.205,4.6374319185724753
111.206,4.6399858233566809
111.20699999999999,4.6425360570607168
111.208,4.6450826054726937
111.209,4.6476254543851097
111.21000000000001,4.6501645895950041
111.211,4.6526999969040954
111.212,4.6552316621189922
111.21299999999999,4.6577595710513258
111.214,4.6602837095179304
111.215,4.6628040633409897
111.21599999999999,4.6653206183482352
111.217,4.6678333603730895
111.218,4.6703422752548294
111.21899999999999,4.6728473488387703
111.22,4.6753485669764308
111.221,4.6778459155256717
111.22199999999999,4.6803393803509064
111.223,4.6828289473232418
111.224,4.6853146023206449
111.22499999999999,4.6877963312281237
111.226,4.6902741199378957
111.227,4.6927479543495352
111.22799999999999,4.6952178203701695
111.229,4.697683703914632
111.23,4.7001455909056409
111.23099999999999,4.7026034672739474
111.232,4.7050573189585343
111.233,4.7075071319067714
111.23399999999999,4.7099528920745746
111.235,4.7123945854265967
111.236,4.7148321979363921
111.23699999999999,4.7172657155865663
111.238,4.7196951243689824
111.239,4.722120410284905
111.23999999999999,4.7245415593451723
111.241,4.7269585575703834
111.242,4.7293713909910666
111.24299999999999,4.7317800456478212
111.244,4.7341845075915341
111.245,4.7365847628835214
111.246,4.7389807975957146
111.247,4.7413725978108143
111.248,4.743760149622485
111.249,4.7461434391355208
111.25,4.748522452466001
111.251,4.7508971757414891
111.252,4.7532675951011907
111.253,4.755633696696119
111.254,4.7579954666892856
111.255,4.7603528912558719
111.256,4.7627059565833791
111.25700000000001,4.7650546488718293
111.258,4.7673989543339284
111.259,4.7697388591952405
111.26000000000001,4.7720743496943516
111.261,4.7744054120830599
111.262,4.7767320326265503
111.26300000000001,4.7790541976035383
111.264,4.7813718933064893
111.265,4.7836851060417604
111.26600000000001,4.7859938221297824
111.267,4.788298027905241
111.268,4.7905977097172494
111.26900000000001,4.7928928539295086
111.27,4.7951834469205075
111.271,4.7974694750836822
111.27200000000001,4.7997509248275803
111.273,4.8020277825760642
111.274,4.8043000347684615
111.27500000000001,4.8065676678597571
111.276,4.8088306683207476
111.277,4.8110890226382415
111.27800000000001,4.8133427173152201
111.279,4.8155917388710066
111.28,4.8178360738414598
111.28100000000001,4.8200757087791413
111.282,4.8223106302534768
111.283,4.8245408248509563
111.28400000000001,4.826766279175299
111.285,4.8289869798476168
111.286,4.8312029135066092
111.28700000000001,4.8334140668087349
111.288,4.8356204264283704
111.289,4.8378219790580088
111.28999999999999,4.8400187114084261
111.291,4.8422106102088565
111.292,4.8443976622071592
111.29300000000001,4.8465798541700131
111.294,4.8487571728830874
111.295,4.8509296051511948
111.29599999999999,4.8530971377985042
111.297,4.8552597576686933
111.298,4.8574174516251185
111.29900000000001,4.8595702065510178
111.3,4.8617180093496639
111.301,4.8638608469445384
111.30199999999999,4.8659987062795249
111.303,4.8681315743190821
111.304,4.8702594380483948
111.30500000000001,4.8723822844735816
111.306,4.8745001006218578
111.307,4.876612873541708
111.30799999999999,4.8787205903030557
111.309,4.8808232379974603
111.31,4.882920803738279
111.31100000000001,4.8850132746608326
111.312,4.8871006379226012
111.313,4.8891828807033919
111.31399999999999,4.8912599902055023
111.315,4.8933319536539175
111.316,4.8953987582964693
111.31700000000001,4.8974603914040138
111.318,4.8995168402706133
111.319,4.9015680922137097
111.31999999999999,4.9036141345742879
111.321,4.9056549547170665
111.322,4.907690540030667
111.32300000000001,4.9097208779277874
111.324,4.9117459558453724
111.325,4.9137657612447967
111.32599999999999,4.9157802816120411
111.327,4.9177895044578479
111.328,4.9197934173179254
111.32900000000001,4.9217920077530968
111.33,4.9237852633494779
111.331,4.9257731717186699
111.33199999999999,4.927755720497915
111.333,4.9297328973502692
111.334,4.9317046899647874
111.33500000000001,4.9336710860566981
111.336,4.9356320733675538
111.337,4.9375876396654377
111.33799999999999,4.9395377727451129
111.339,4.9414824604282046
111.34,4.9434216905633654
111.34099999999999,4.9453554510264626
111.342,4.9472837297207422
111.343,4.9492065145769901
111.34399999999999,4.9511237935537284
111.345,4.9530355546373741
111.346,4.9549417858424007
111.34699999999999,4.9568424752115314
111.348,4.9587376108159047
111.349,4.9606271807552274
111.34999999999999,4.9625111731579743
111.351,4.964389576181544
111.352,4.9662623780124244
111.35299999999999,4.9681295668663754
111.354,4.9699911309885989
111.355,4.9718470586539052
111.35599999999999,4.9736973381668736
111.357,4.9755419578620455
111.358,4.9773809061040755
111.35899999999999,4.9792141712879037
111.36,4.9810417418389346
111.361,4.9828636062132023
111.36199999999999,4.9846797528975273
111.363,4.9864901704097067
111.364,4.9882948472986683
111.36499999999999,4.9900937721446379
111.366,4.9918869335593179
111.367,4.9936743201860523
111.36799999999999,4.9954559206999827
111.369,4.9972317238082313
111.37,4.9990017182500637
111.371,5.0007658927970544
111.372,5.0025242362532447
111.373,5.004276737455327
111.374,5.006023385272802
111.375,5.007764168608138
111.376,5.00949907639695
111.377,5.0112280976081616
111.378,5.0129512212441565
111.379,5.0146684363409655
111.38,5.016379731968418
111.381,5.018085097230303
111.38200000000001,5.0197845212645458
111.383,5.0214779932433657
111.384,5.0231655023734376
111.38500000000001,5.0248470378960519
111.386,5.0265225890872918
111.387,5.0281921452581848
111.38800000000001,5.0298556957548612
111.389,5.0315132299587297
111.39,5.0331647372866311
111.39100000000001,5.0348102071909961
111.392,5.0364496291600176
111.393,5.0380829927178041
111.39400000000001,5.0397102874245396
111.395,5.0413315028766439
111.396,5.0429466287069458
111.39700000000001,5.0445556545848165
111.398,5.0461585702163543
111.399,5.0477553653445328
111.40000000000001,5.049346029749362
111.401,5.0509305532480333
111.402,5.0525089256951023
111.40300000000001,5.0540811369826342
111.404,5.0556471770403446
111.405,5.0572070358357886
111.40600000000001,5.0587607033744968
111.407,5.0603081697001269
111.408,5.06184942489464
111.40900000000001,5.0633844590784403
111.41,5.0649132624105304
111.411,5.066435825088675
111.41200000000001,5.0679521373495522
111.413,5.0694621894688972
111.414,5.0709659717616704
111.41499999999999,5.0724634745822073
111.416,5.073954688324366
111.417,5.07543960342168
111.41800000000001,5.0769182103475119
111.419,5.0783904996152174
111.42,5.0798564617782702
111.42099999999999,5.0813160874304328
111.422,5.08276936720591
111.423,5.0842162917794784
111.42400000000001,5.0856568518666583
111.425,5.0870910382238508
111.426,5.088518841648483
111.42699999999999,5.0899402529791704
111.428,5.0913552630958563
111.429,5.092763862919953
111.43000000000001,5.0941660434145009
111.431,5.0955617955843122
111.432,5.0969511104761125
111.43299999999999,5.0983339791786868
111.434,5.0997103928230265
111.435,5.1010803425824855
111.43600000000001,5.1024438196729012
111.437,5.1038008153527539
111.438,5.1051513209233166
111.43899999999999,5.1064953277287763
111.44,5.1078328271563986
111.441,5.1091638106366615
111.44200000000001,5.1104882696433851
111.443,5.1118061956938963
111.444,5.1131175803491553
111.44499999999999,5.1144224152138884
111.446,5.1157206919367448
111.447,5.1170124022104275
111.44800000000001,5.1182975377718343
111.449,5.1195760904021865
111.45,5.1208480519271795
111.45099999999999,5.1221134142171199
111.452,5.1233721691870482
111.453,5.1246243087968892
111.45400000000001,5.1258698250515859
111.455,5.127108710001222
111.456,5.1283409557411757
111.45699999999999,5.1295665544122411
111.458,5.1307854982007637
111.459,5.131997779338775
111.46000000000001,5.1332033901041338
111.461,5.134402322820633
111.462,5.1355945698581635
111.46299999999999,5.1367801236328212
111.464,5.1379589766070533
111.465,5.1391311212897701
111.46599999999999,5.1402965502364939
111.467,5.1414552560494773
111.468,5.1426072313778279
111.46899999999999,5.1437524689176488
111.47,5.1448909614121581
111.471,5.1460227016518099
111.47199999999999,5.1471476824744302
111.473,5.1482658967653405
111.474,5.1493773374574756
111.47499999999999,5.150481997531517
111.476,5.1515798700160156
111.477,5.1526709479875015
111.47799999999999,5.15375522457063
111.479,5.1548326929382808
111.48,5.1559033463116997
111.48099999999999,5.1569671779605972
111.482,5.1580241812032908
111.483,5.1590743494068123
111.48399999999999,5.160117675987026
111.485,5.1611541544087531
111.486,5.1621837781858888
111.48699999999999,5.1632065408815135
111.488,5.1642224361080169
111.489,5.1652314575272111
111.48999999999999,5.1662335988504431
111.491,5.1672288538387141
111.492,5.1682172163027946
111.49299999999999,5.1691986801033289
111.494,5.1701732391509587
111.495,5.1711408874064322
111.496,5.1721016188807143
111.497,5.1730554276350915
111.498,5.174002307781298
111.499,5.1749422534816132
111.5,5.1758752589489703
111.501,5.1768013184470725
111.502,5.1777204262904979
111.503,5.1786325768447989
111.504,5.1795377645266241
111.505,5.1804359838038101
111.506,5.1813272291954906
111.50700000000001,5.1822114952722051
111.508,5.1830887766560032
111.509,5.183959068020541
111.51000000000001,5.1848223640911835
111.511,5.1856786596451165
111.512,5.1865279495114427
111.51300000000001,5.1873702285712735
111.514,5.1882054917578433
111.515,5.1890337340565988
111.51600000000001,5.1898549505053024
111.517,5.1906691361941242
111.518,5.1914762862657504
111.51900000000001,5.1922763959154627
111.52,5.1930694603912517
111.521,5.1938554749938994
111.52200000000001,5.1946344350770781
111.523,5.1954063360474461
111.524,5.1961711733647373
111.52500000000001,5.1969289425418559
111.526,5.1976796391449591
111.527,5.1984232587935653
111.52800000000001,5.1991597971606289
111.529,5.1998892499726335
111.53,5.2006116130096842
111.53100000000001,5.2013268821055956
111.532,5.2020350531479682
111.533,5.2027361220782913
111.53400000000001,5.2034300848920179
111.535,5.2041169376386485
111.536,5.2047966764218252
111.53700000000001,5.2054692973994054
111.538,5.2061347967835481
111.539,5.2067931708407986
111.53999999999999,5.2074444158921658
111.541,5.2080885283132057
111.542,5.2087255045340957
111.54300000000001,5.2093553410397213
111.544,5.2099780343697519
111.545,5.2105935811187134
111.54599999999999,5.2112019779360725
111.547,5.2118032215263081
111.548,5.2123973086489812
111.54900000000001,5.2129842361188281
111.55,5.2135640008058122
111.551,5.2141365996352071
111.55199999999999,5.2147020295876745
111.553,5.215260287699321
111.554,5.2158113710617853
111.55500000000001,5.2163552768222932
111.556,5.2168920021837364
111.557,5.2174215444047389
111.55799999999999,5.217943900799721
111.559,5.2184590687389685
111.56,5.2189670456487018
111.56100000000001,5.2194678290111325
111.562,5.219961416364538
111.563,5.220447805303321
111.56399999999999,5.2209269934780655
111.565,5.2213989785956079
111.566,5.2218637584191008
111.56700000000001,5.2223213307680583
111.568,5.2227716935184318
111.569,5.2232148446026621
111.56999999999999,5.2236507820097318
111.571,5.224079503785231
111.572,5.2245010080314165
111.57300000000001,5.2249152929072524
111.574,5.2253223566284808
111.575,5.2257221974676646
111.57599999999999,5.2261148137542488
111.577,5.2265002038746058
111.578,5.2268783662720955
111.57900000000001,5.2272492994471023
111.58,5.227613001957101
111.581,5.2279694724166923
111.58199999999999,5.2283187094976649
111.583,5.2286607119290238
111.584,5.2289954784970583
111.58500000000001,5.2293230080453679
111.586,5.2296432994749233
111.587,5.229956351744101
111.58799999999999,5.2302621638687317
111.589,5.2305607349221344
111.59,5.2308520640351688
111.59099999999999,5.2311361503962699
111.592,5.2314129932514861
111.593,5.2316825919045229
111.59399999999999,5.231944945716779
111.595,5.2322000541073832
111.596,5.2324479165532303
111.59699999999999,5.2326885325890204
111.598,5.2329219018072886
111.599,5.2331480238584405
111.59999999999999,5.2333668984507868
111.601,5.2335785253505751
111.602,5.2337829043820205
111.60299999999999,5.2339800354273374
111.604,5.2341699184267672
111.605,5.2343525533786028
111.60599999999999,5.2345279403392322
111.607,5.2346960794231459
111.608,5.2348569708029737
111.60899999999999,5.2350106147095135
111.61,5.2351570114317445
111.611,5.2352961613168594
111.61199999999999,5.2354280647702849
111.613,5.2355527222556999
111.614,5.2356701342950656
111.61499999999999,5.2357803014686368
111.616,5.2358832244149802
111.617,5.2359789038310014
111.61799999999999,5.2360673404719567
111.619,5.2361485351514698
111.62,5.2362224887415465
111.621,5.2362892021725935
111.622,5.2363486764334279
111.623,5.2364009125712956
111.624,5.2364459116918765
111.625,5.2364836749592998
111.626,5.2365142035961574
111.627,5.2365374988835063
111.628,5.2365535621608847
111.629,5.2365623948263123
111.63,5.2365639983363037
111.631,5.2365583742058686
111.63200000000001,5.2365455240085241
111.633,5.2365254493762903
111.634,5.2364981519996991
111.63500000000001,5.2364636336278014
111.636,5.2364218960681512
111.637,5.2363729411868265
111.63800000000001,5.2363167709084175
111.639,5.2362533872160295
111.64,5.2361827921512774
111.64100000000001,5.2361049878142829
111.642,5.2360199763636786
111.643,5.2359277600165921
111.64400000000001,5.235828341048645
111.645,5.2357217217939542
111.646,5.2356079046451045
111.64700000000001,5.2354868920531654
111.648,5.2353586865276593
111.649,5.2352232906365677
111.65000000000001,5.2350807070063121
111.651,5.2349309383217388
111.652,5.2347739873261174
111.65300000000001,5.234609856821117
111.654,5.2344385496667964
111.655,5.2342600687815857
111.65600000000001,5.2340744171422724
111.657,5.2338815977839817
111.658,5.2336816138001598
111.65900000000001,5.2334744683425551
111.66,5.2332601646211971
111.661,5.2330387059043746
111.66200000000001,5.2328100955186132
111.663,5.2325743368486597
111.664,5.232331433337448
111.66499999999999,5.2320813884860771
111.666,5.2318242058537923
111.667,5.2315598890579533
111.66800000000001,5.2312884417740069
111.669,5.2310098677354588
111.67,5.2307241707338461
111.67099999999999,5.2304313546187053
111.672,5.2301314232975447
111.673,5.2298243807358036
111.67400000000001,5.2295102309568362
111.675,5.2291889780418588
111.676,5.2288606261299266
111.67699999999999,5.2285251794179004
111.678,5.2281826421603972
111.679,5.2278330186697666
111.68000000000001,5.2274763133160453
111.681,5.2271125305269219
111.682,5.2267416747876911
111.68299999999999,5.2263637506412204
111.684,5.2259787626879
111.685,5.2255867155856048
111.68600000000001,5.2251876140496529
111.687,5.2247814628527562
111.688,5.2243682668249756
111.68899999999999,5.2239480308536814
111.69,5.2235207598834936
111.691,5.2230864589162431
111.69200000000001,5.2226451330109223
111.693,5.2221967872836297
111.694,5.2217414269075233
111.69499999999999,5.2212790571127687
111.696,5.2208096831864834
111.697,5.2203333104726868
111.69800000000001,5.2198499443722426
111.699,5.2193595903428047
111.7,5.2188622538987621
111.70099999999999,5.2183579406111766
111.702,5.2178466561077368
111.703,5.2173284060726823
111.70400000000001,5.2168031962467536
111.705,5.2162710324271346
111.706,5.2157319204673831
111.70699999999999,5.2151858662773654
111.708,5.2146328758232094
111.709,5.2140729551272251
111.71000000000001,5.2135061102678399
111.711,5.2129323473795406
111.712,5.2123516726527983
111.71299999999999,5.2117640923340058
111.714,5.2111696127254055
111.715,5.2105682401850233
111.71599999999999,5.2099599811265955
111.717,5.2093448420194903
111.718,5.2087228293886545
111.71899999999999,5.2080939498145158
111.72,5.207458209932927
111.721,5.2068156164350858
111.72199999999999,5.2061661760674536
111.723,5.2055098956316845
111.724,5.2048467819845472
111.72499999999999,5.2041768420378407
111.726,5.2035000827583238
111.727,5.2028165111676268
111.72799999999999,5.2021261343421736
111.729,5.2014289594131
111.73,5.200724993566169
111.73099999999999,5.2000142440416894
111.732,5.199296718134427
111.733,5.1985724231935198
111.73399999999999,5.1978413666224013
111.735,5.1971035558786953
111.736,5.1963589984741407
111.73699999999999,5.1956077019745006
111.738,5.1948496739994656
111.739,5.1940849222225713
111.73999999999999,5.193313454371105
111.741,5.1925352782260079
111.742,5.1917504016217837
111.74299999999999,5.1909588324464098
111.744,5.1901605786412333
111.745,5.1893556482008814
111.746,5.1885440491731636
111.747,5.1877257896589715
111.748,5.1869008778121826
111.749,5.1860693218395566
111.75,5.1852311300006448
111.751,5.1843863106076755
111.752,5.1835348720254624
111.753,5.1826768226712989
111.754,5.1818121710148537
111.755,5.1809409255780627
111.756,5.1800630949350355
111.75700000000001,5.1791786877119312
111.758,5.1782877125868687
111.759,5.1773901782898069
111.76000000000001,5.1764860936024419
111.761,5.1755754673580991
111.762,5.1746583084416145
111.76300000000001,5.1737346257892316
111.764,5.1728044283884866
111.765,5.1718677252780934
111.76600000000001,5.1709245255478349
111.767,5.1699748383384438
111.768,5.1690186728414895
111.76900000000001,5.1680560382992606
111.77,5.1670869440046516
111.771,5.1661113993010357
111.77200000000001,5.1651294135821617
111.773,5.1641409962920237
111.774,5.1631461569247374
111.77500000000001,5.1621449050244284
111.776,5.1611372501851118
111.777,5.1601232020505563
111.77800000000001,5.1591027703141714
111.779,5.1580759647188845
111.78,5.1570427950570137
111.78100000000001,5.1560032711701291
111.782,5.1549574029489529
111.783,5.153905200333206
111.78400000000001,5.1528466733114948
111.785,5.1517818319211797
111.786,5.1507106862482432
111.78700000000001,5.1496332464271557
111.788,5.1485495226407574
111.789,5.1474595251201096
111.78999999999999,5.146363264144374
111.791,5.14526075004067
111.792,5.1441519931839572
111.79300000000001,5.1430370039968754
111.794,5.1419157929496251
111.795,5.1407883705598341
111.79599999999999,5.1396547473924086
111.797,5.1385149340593959
111.798,5.1373689412198589
111.79900000000001,5.1362167795797218
111.8,5.1350584598916313
111.801,5.1338939929548291
111.80199999999999,5.1327233896149931
111.803,5.1315466607640996
111.804,5.1303638173402923
111.80500000000001,5.1291748703277174
111.806,5.1279798307563942
111.807,5.126778709702065
111.80799999999999,5.1255715182860477
111.809,5.1243582676750918
111.81,5.1231389690812232
111.81100000000001,5.1219136337616087
111.812,5.1206822730183941
111.813,5.1194448981985561
111.81399999999999,5.1182015206937663
111.815,5.1169521519402199
111.816,5.1156968034184906
111.81700000000001,5.1144354866533908
111.818,5.113168213213795
111.819,5.111894994712503
111.81999999999999,5.1106158428060828
111.821,5.1093307691947096
111.822,5.1080397856220108
111.82300000000001,5.1067429038749115
111.824,5.1054401357834793
111.825,5.1041314932207591
111.82599999999999,5.1028169881026173
111.827,5.1014966323875903
111.828,5.1001704380767094
111.82900000000001,5.0988384172133472
111.83,5.0975005818830637
111.831,5.0961569442134289
111.83199999999999,5.0948075163738693
111.833,5.0934523105755094
111.834,5.0920913390709925
111.83500000000001,5.0907246141543245
111.836,5.0893521481607182
111.837,5.0879739534664035
111.83799999999999,5.0865900424884849
111.839,5.0852004276847538
111.84,5.0838051215535423
111.84099999999999,5.0824041366335342
111.842,5.0809974855036009
111.843,5.0795851807826446
111.84399999999999,5.0781672351294116
111.845,5.0767436612423227
111.846,5.0753144718593166
111.84699999999999,5.0738796797576624
111.848,5.0724392977537827
111.849,5.0709933387031043
111.84999999999999,5.0695418154998579
111.851,5.0680847410769125
111.852,5.0666221284056094
111.85299999999999,5.0651539904955714
111.854,5.0636803403945336
111.855,5.0622011911881648
111.85599999999999,5.0607165559999006
111.857,5.0592264479907421
111.858,5.0577308803590935
111.85899999999999,5.0562298663405878
111.86,5.054723419207888
111.861,5.0532115522705183
111.86199999999999,5.0516942788746917
111.863,5.0501716124031066
111.864,5.0486435662747802
111.86499999999999,5.0471101539448657
111.866,5.0455713889044622
111.867,5.0440272846804302
111.86799999999999,5.0424778548352203
111.869,5.0409231129666718
111.87,5.039363072707836
111.871,5.0377977477267875
111.872,5.0362271517264459
111.873,5.0346512984443725
111.874,5.0330702016525972
111.875,5.0314838751574307
111.876,5.0298923327992595
111.877,5.0282955884523766
111.878,5.0266936560247846
111.879,5.0250865494579982
111.88,5.0234742827268644
111.881,5.0218568698393691
111.88200000000001,5.0202343248364425
111.883,5.0186066617917682
111.884,5.0169738948115867
111.88500000000001,5.0153360380345209
111.886,5.0136931056313561
111.887,5.0120451118048601
111.88800000000001,5.0103920707895968
111.889,5.0087339968517153
111.89,5.0070709042887627
111.89100000000001,5.0054028074294914
111.892,5.0037297206336584
111.893,5.0020516582918235
111.89400000000001,5.0003686348251692
111.895,4.9986806646852884
111.896,4.9969877623539842
111.89700000000001,4.9952899423430948
111.898,4.9935872191942634
111.899,4.9918796074787615
111.90000000000001,4.9901671217972767
111.901,4.9884497767797313
111.902,4.9867275870850536
111.90300000000001,4.9850005674010029
111.904,4.9832687324439586
111.905,4.9815320969587118
111.90600000000001,4.9797906757182728
111.907,4.9780444835236732
111.908,4.976293535203749
111.90900000000001,4.9745378456149432
111.91,4.9727774296411127
111.911,4.9710123021933112
111.91200000000001,4.9692424782095843
111.913,4.9674679726547861
111.914,4.9656888005203452
111.91499999999999,4.9639049768240788
111.916,4.9621165166099788
111.917,4.9603234349480179
111.91800000000001,4.958525746933927
111.919,4.9567234676889935
111.92,4.9549166123598694
111.92099999999999,4.9531051961183428
111.922,4.9512892341611368
111.923,4.949468741709719
111.92400000000001,4.9476437340100627
111.925,4.9458142263324634
111.926,4.9439802339713248
111.92699999999999,4.9421417722449412
111.928,4.940298856495291
111.929,4.9384515020878395
111.93000000000001,4.9365997244113125
111.931,4.9347435388774938
111.932,4.9328829609210096
111.93299999999999,4.9310180059991362
111.934,4.9291486895915622
111.935,4.9272750272001904
111.93600000000001,4.9253970343489382
111.937,4.9235147265835009
111.938,4.921628119471154
111.93899999999999,4.9197372286005505
111.94,4.9178420695814848
111.941,4.9159426580446963
111.94200000000001,4.9140390096416615
111.943,4.9121311400443606
111.944,4.9102190649450774
111.94499999999999,4.9083028000561937
111.946,4.906382361109956
111.947,4.9044577638582751
111.94800000000001,4.9025290240725043
111.949,4.9005961575432373
111.95,4.8986591800800774
111.95099999999999,4.8967181075114299
111.952,4.8947729556842976
111.953,4.892823740464042
111.95400000000001,4.8908704777341852
111.955,4.8889131833962027
111.956,4.8869518733692789
111.95699999999999,4.8849865635901146
111.958,4.8830172700127097
111.959,4.881044008608133
111.96000000000001,4.8790667953643148
111.961,4.8770856462858427
111.962,4.8751005773937166
111.96299999999999,4.8731116047251541
111.964,4.8711187443333639
111.965,4.8691220122873426
111.96599999999999,4.8671214246716348
111.967,4.8651169975861297
111.968,4.8631087471458514
111.96899999999999,4.861096689480723
111.97,4.8590808407353556
111.971,4.8570612170688454
111.97199999999999,4.8550378346545333
111.973,4.8530107096797916
111.974,4.8509798583458306
111.97499999999999,4.8489452968674449
111.976,4.8469070414728153
111.977,4.8448651084032948
111.97799999999999,4.8428195139131729
111.979,4.8407702742694694
111.98,4.8387174057517157
111.98099999999999,4.8366609246517358
111.982,4.8346008472734203
111.983,4.8325371899325162
111.98399999999999,4.830469968956411
111.985,4.8283992006838998
111.986,4.8263249014649769
111.98699999999999,4.824247087660626
111.988,4.8221657756425804
111.989,4.8200809817931134
111.98999999999999,4.8179927225048322
111.991,4.8159010141804419
111.992,4.813805873232524
111.99299999999999,4.8117073160833455
111.994,4.809605359164606
111.995,4.8075000189172377
111.996,4.8053913117911833
111.997,4.8032792542451794
111.998,4.8011638627465345
111.999,4.7990451537709022
112,4.7969231438020863
112.001,4.7947978493317986
112.002,4.7926692868594429
112.003,4.7905374728919163
112.004,4.788402423943368
112.005,4.7862641565349859
112.006,4.7841226871947962
112.00700000000001,4.7819780324574177
112.008,4.7798302088638591
112.009,4.7776792329613
112.01000000000001,4.7755251213028744
112.011,4.773367890447445
112.012,4.7712075569593857
112.01300000000001,4.7690441374083807
112.014,4.7668776483691815
112.015,4.764708106421403
112.01600000000001,4.7625355281493134
112.017,4.7603599301415978
112.018,4.7581813289911494
112.01900000000001,4.7559997412948682
112.02,4.753815183653411
