timestamp,signal
117,9.3760551780748838
117.001,9.377097050658282
117.002,9.3781324986390757
117.003,9.3791614903464282
117.004,9.3801839941457796
117.005,9.3811999784393088
117.006,9.3822094116664907
117.00700000000001,9.3832122623045535
117.008,9.3842084988690271
117.009,9.3851980899142102
117.01000000000001,9.3861810040337001
117.011,9.3871572098608773
117.012,9.3881266760694118
117.01300000000001,9.3890893713737746
117.014,9.3900452645297179
117.015,9.3909943243348
117.01600000000001,9.3919365196288531
117.017,9.3928718192945144
117.018,9.3938001922577001
117.01900000000001,9.3947216074881101
117.02,9.39563603399972
117.021,9.3965434408512873
117.02200000000001,9.3974437971468241
117.023,9.3983370720361137
117.024,9.3992232347151941
117.02500000000001,9.4001022544268409
117.026,9.4009741004610738
117.027,9.4018387421556309
117.02800000000001,9.4026961488964691
117.029,9.4035462901182534
117.03,9.4043891353048306
117.03100000000001,9.405224653989734
117.032,9.4060528157566541
117.033,9.4068735902399396
117.03400000000001,9.4076869471250557
117.035,9.4084928561490972
117.036,9.4092912871012473
117.03700000000001,9.410082209823269
117.038,9.4108655942099855
117.039,9.4116414102097572
117.04000000000001,9.4124096278249638
117.041,9.4131702171124658
117.042,9.413923148184109
117.04300000000001,9.4146683912071705
117.044,9.4154059164048522
117.045,9.4161356940567504
117.04600000000001,9.4168576944993241
117.047,9.4175718881263641
117.048,9.4182782453894731
117.04900000000001,9.4189767367985251
117.05,9.4196673329221383
117.051,9.4203500043881405
117.05200000000001,9.4210247218840362
117.053,9.4216914561574718
117.054,9.4223501780166998
117.05500000000001,9.4230008583310347
117.056,9.4236434680313295
117.057,9.4242779781104158
117.05800000000001,9.4249043596235893
117.059,9.4255225836890375
117.06,9.4261326214883212
117.06100000000001,9.4267344442668204
117.062,9.4273280233341907
117.063,9.4279133300648148
117.06399999999999,9.4284903358982568
117.065,9.4290590123397227
117.066,9.4296193309604845
117.06699999999999,9.4301712633983659
117.068,9.4307147813581498
117.069,9.4312498566120642
117.06999999999999,9.431776461000192
117.071,9.432294566430949
117.072,9.432804144881489
117.07299999999999,9.4333051683981886
117.074,9.4337976090970432
117.075,9.4342814391641419
117.07599999999999,9.434756630856084
117.077,9.4352231565004239
117.078,9.4356809884961077
117.07899999999999,9.4361300993138997
117.08,9.4365704614968244
117.081,9.4370020476605916
117.08199999999999,9.4374248304940203
117.083,9.4378387827594885
117.084,9.4382438772933419
117.08499999999999,9.4386400870063216
117.086,9.4390273848839925
117.087,9.439405743987173
117.08799999999999,9.439775137452342
117.089,9.4401355384920755
117.09,9.4404869203954505
117.09099999999999,9.4408292565284846
117.092,9.4411625203345189
117.093,9.4414866853346702
117.09399999999999,9.4418017251282169
117.095,9.4421076133930271
117.096,9.4424043238859632
117.09699999999999,9.4426918304432856
117.098,9.4429701069810807
117.099,9.4432391274956338
117.09999999999999,9.4434988660638712
117.101,9.4437492968437464
117.102,9.4439903940746355
117.10299999999999,9.4442221320777406
117.104,9.4444444852565095
117.105,9.4446574280970061
117.10599999999999,9.4448609351683199
117.107,9.4450549811229614
117.108,9.4452395406972478
117.10899999999999,9.44541458871171
117.11,9.4455801000714619
117.111,9.4457360497666087
117.11199999999999,9.4458824128726171
117.113,9.4460191645507194
117.114,9.4461462800482749
117.11499999999999,9.4462637346991816
117.116,9.446371503924226
117.117,9.4464695632314815
117.11799999999999,9.4465578882166881
117.119,9.446636454563615
117.12,9.4467052380444496
117.121,9.4467642145201616
117.122,9.4468133599408688
117.123,9.4468526503462336
117.124,9.4468820618657983
117.125,9.4469015707193726
117.126,9.4469111532173926
117.127,9.4469107857612826
117.128,9.4469004448438216
117.129,9.4468801070495036
117.13,9.4468497490548877
117.131,9.4468093476289621
117.13200000000001,9.4467588796335047
117.133,9.4466983220234244
117.134,9.4466276518471215
117.13500000000001,9.4465468462468323
117.136,9.4464558824589879
117.137,9.4463547378145556
117.13800000000001,9.4462433897393723
117.139,9.4461218157545073
117.14,9.4459899934765996
117.14100000000001,9.4458479006181832
117.142,9.445695514988051
117.143,9.4455328144915676
117.14400000000001,9.4453597771310172
117.145,9.445176381005929
117.146,9.4449826043134344
117.14700000000001,9.4447784253485469
117.148,9.4445638225045432
117.149,9.4443387742732607
117.15000000000001,9.4441032592454253
117.151,9.4438572561109737
117.152,9.4436007436593865
117.15300000000001,9.4433337007799985
117.154,9.4430561064623095
117.155,9.4427679397963136
117.15600000000001,9.4424691799728073
117.157,9.4421598062837031
117.158,9.4418397981223379
117.15900000000001,9.4415091349837823
117.16,9.4411677964651535
117.161,9.4408157622659044
117.16200000000001,9.4404530121881489
117.163,9.4400795261369428
117.164,9.4396952841206083
117.16500000000001,9.439300266251001
117.166,9.4388944527438312
117.167,9.438477823918948
117.16800000000001,9.4380503602006307
117.169,9.4376120421178857
117.17,9.4371628503047251
117.17100000000001,9.4367027655004669
117.172,9.4362317685500088
117.173,9.4357498404041174
117.17400000000001,9.4352569621197091
117.175,9.4347531148601256
117.176,9.4342382798954159
117.17700000000001,9.433712438602619
117.178,9.4331755724660216
117.179,9.4326276630774331
117.18000000000001,9.4320686921364771
117.181,9.4314986414508297
117.182,9.4309174929365156
117.18300000000001,9.4303252286181394
117.184,9.4297218306291803
117.185,9.4291072812122341
117.18600000000001,9.4284815627192788
117.187,9.4278446576119297
117.188,9.4271965484616924
117.18899999999999,9.4265372179502176
117.19,9.425866648869567
117.191,9.4251848241224288
117.19199999999999,9.4244917267223958
117.193,9.4237873397942078
117.194,9.4230716465739732
117.19499999999999,9.4223446304094374
117.196,9.4216062747602027
117.197,9.4208565631979848
117.19799999999999,9.4200954794068288
117.199,9.4193230071833547
117.2,9.4185391304369936
117.20099999999999,9.4177438331902046
117.202,9.4169370995787123
117.203,9.4161189138517365
117.20399999999999,9.4152892603722016
117.205,9.4144481236169781
117.206,9.4135954881770889
117.20699999999999,9.4127313387579292
117.208,9.4118556601794907
117.209,9.410968437376571
117.20999999999999,9.4100696553989813
117.211,9.4091592994117672
117.212,9.4082373546954177
117.21299999999999,9.4073038066460537
117.214,9.4063586407756539
117.215,9.4054018427122479
117.21599999999999,9.4044333982001209
117.217,9.4034532931000001
117.218,9.4024615133892731
117.21899999999999,9.4014580451621637
117.22,9.4004428746299311
117.221,9.3994159881210724
117.22199999999999,9.3983773720814838
117.223,9.3973270130746762
117.224,9.3962648977819399
117.22499999999999,9.3951910130025436
117.226,9.3941053456539017
117.227,9.393007882771764
117.22799999999999,9.3918986115103777
117.229,9.390777519142679
117.23,9.3896445930604582
117.23099999999999,9.3884998207745358
117.232,9.3873431899149118
117.233,9.3861746882309607
117.23399999999999,9.384994303591581
117.235,9.3838020239853552
117.236,9.3825978375207253
117.23699999999999,9.3813817324261315
117.238,9.3801536970501811
117.239,9.37891371986181
117.23999999999999,9.377661789450416
117.241,9.3763978945260327
117.242,9.3751220239194559
117.24299999999999,9.3738341665824052
117.244,9.372534311587664
117.245,9.3712224481292221
117.246,9.3698985655224174
117.247,9.3685626532040747
117.248,9.367214700732637
117.249,9.3658546977883201
117.25,9.3644826341732035
117.251,9.3630984998114055
117.252,9.3617022847491977
117.253,9.360293979155113
117.254,9.358873573320091
117.255,9.357441057657601
117.256,9.3559964227037451
117.25700000000001,9.354539659117389
117.258,9.3530707576802836
117.259,9.3515897092971674
117.26000000000001,9.3500965049958769
117.261,9.3485911359274763
117.262,9.347073593366348
117.26300000000001,9.3455438687102994
117.264,9.3440019534806833
117.265,9.3424478393224781
117.26600000000001,9.3408815180044016
117.267,9.3393029814190065
117.268,9.3377122215827839
117.26900000000001,9.3361092306362359
117.27,9.3344940008439945
117.271,9.3328665245948876
117.27200000000001,9.3312267944020491
117.273,9.3295748029029895
117.274,9.3279105428596836
117.27500000000001,9.3262340071586518
117.276,9.3245451888110473
117.277,9.3228440809527235
117.27800000000001,9.3211306768443194
117.279,9.3194049698713233
117.28,9.3176669535441583
117.28100000000001,9.3159166214982303
117.282,9.3141539674940326
117.283,9.3123789854171619
117.28400000000001,9.3105916692784323
117.285,9.3087920132138962
117.286,9.306980011484935
117.28700000000001,9.3051556584783004
117.288,9.3033189487061598
117.289,9.3014698768061841
117.29000000000001,9.2996084375415666
117.291,9.2977346258010858
117.292,9.295848436599158
117.29300000000001,9.2939498650758718
117.294,9.2920389064970355
117.295,9.2901155562542233
117.29600000000001,9.2881798098648147
117.297,9.2862316629720194
117.298,9.2842711113449425
117.29900000000001,9.2822981508785727
117.3,9.2803127775938652
117.301,9.2783149876377262
117.30200000000001,9.2763047772830678
117.303,9.2742821429288274
117.304,9.2722470810999962
117.30500000000001,9.270199588447614
117.306,9.268139661748835
117.307,9.2660672979068988
117.30800000000001,9.2639824939511843
117.309,9.2618852470371937
117.31,9.2597755544465805
117.31100000000001,9.2576534135871604
117.312,9.2555188219929097
117.313,9.2533717773239719
117.31399999999999,9.2512122773666761
117.315,9.2490403200335205
117.316,9.2468559033631763
117.31699999999999,9.2446590255204946
117.318,9.2424496847964956
117.319,9.2402278796083621
117.31999999999999,9.2379936084994316
117.321,9.2357468701391934
117.322,9.233487663323265
117.32299999999999,9.2312159869733819
117.324,9.2289318401373883
117.325,9.2266352219892145
117.32599999999999,9.2243261318288567
117.327,9.2220045690823547
117.328,9.2196705333017643
117.32899999999999,9.217324024165146
117.33,9.2149650414765247
117.331,9.2125935851658607
117.33199999999999,9.2102096552890238
117.333,9.2078132520277496
117.334,9.2054043756896267
117.33499999999999,9.2029830267080275
117.336,9.200549205642103
117.337,9.198102913176708
117.33799999999999,9.1956441501223818
117.339,9.1931729174152998
117.34,9.1906892161172173
117.34099999999999,9.1881930474154281
117.342,9.1856844126227113
117.343,9.1831633131772783
117.34399999999999,9.1806297506427263
117.345,9.1780837267079622
117.346,9.1755252431871686
117.34699999999999,9.172954302019722
117.348,9.1703709052701505
117.349,9.1677750551280521
117.34999999999999,9.1651667539080428
117.351,9.1625460040496769
117.352,9.1599128081173848
117.35299999999999,9.1572671688004004
117.354,9.1546090889126859
117.355,9.1519385713928596
117.35599999999999,9.1492556193041139
117.357,9.1465602358341425
117.358,9.1438524242950514
117.35899999999999,9.1411321881232848
117.36,9.1383995308795374
117.361,9.1356544562486626
117.36199999999999,9.1328969680395886
117.363,9.1301270701852335
117.364,9.1273447667424072
117.36499999999999,9.1245500618917124
117.366,9.1217429599374622
117.367,9.1189234653075708
117.36799999999999,9.1160915825534641
117.369,9.1132473163499661
117.37,9.1103906714952085
117.371,9.1075216529105205
117.372,9.1046402656403203
117.373,9.1017465148520085
117.374,9.0988404058358636
117.375,9.0959219440049157
117.376,9.0929911348948487
117.377,9.0900479841638724
117.378,9.0870924975926144
117.379,9.0841246810839973
117.38,9.0811445406631126
117.381,9.0781520824771071
117.38200000000001,9.0751473127950568
117.383,9.0721302380078228
117.384,9.0691008646279645
117.38500000000001,9.0660591992895601
117.386,9.0630052487481052
117.387,9.0599390198803782
117.38800000000001,9.056860519684296
117.389,9.0537697552787826
117.39,9.0506667339036291
117.39100000000001,9.0475514629193512
117.392,9.0444239498070544
117.393,9.0412842021682867
117.39400000000001,9.0381322277248746
117.395,9.034968034318819
117.396,9.0317916299121066
117.39700000000001,9.028603022586573
117.398,9.0254022205437536
117.399,9.0221892321047292
117.40000000000001,9.0189640657099606
117.401,9.0157267299191446
117.402,9.012477233411051
117.40300000000001,9.0092155849833553
117.404,9.005941793552477
117.405,9.0026558681534272
117.40600000000001,8.9993578179396376
117.407,8.9960476521827815
117.408,8.9927253802726117
117.40900000000001,8.9893910117168048
117.41,8.9860445561407651
117.411,8.9826860232874672
117.41200000000001,8.9793154230172672
117.413,8.9759327653077445
117.414,8.9725380602534948
117.41500000000001,8.9691313180659815
117.416,8.9657125490733289
117.417,8.9622817637201528
117.41800000000001,8.9588389725673654
117.419,8.9553841862919867
117.42,8.9519174156869799
117.42100000000001,8.9484386716610249
117.422,8.9449479652383523
117.423,8.9414453075585474
117.42400000000001,8.9379307098763405
117.425,8.934404183561421
117.426,8.9308657400982501
117.42700000000001,8.9273153910858341
117.428,8.9237531482375516
117.429,8.9201790233809302
117.43000000000001,8.9165930284574468
117.431,8.9129951755223349
117.432,8.9093854767443581
117.43300000000001,8.9057639444056136
117.434,8.9021305909013169
117.435,8.8984854287395958
117.43600000000001,8.894828470541265
117.437,8.8911597290396216
117.438,8.887479217080223
117.43899999999999,8.8837869476206741
117.44,8.8800829337304048
117.441,8.8763671885904412
117.44199999999999,8.8726397254932046
117.443,8.8689005578422631
117.444,8.8651496991521181
117.44499999999999,8.8613871630479775
117.446,8.8576129632655274
117.447,8.8538271136506967
117.44799999999999,8.8500296281594348
117.449,8.8462205208574627
117.45,8.8423998059200706
117.45099999999999,8.8385674976318391
117.452,8.8347236103864333
117.453,8.8308681586863607
117.45399999999999,8.8270011571427229
117.455,8.8231226204749724
117.456,8.8192325635106794
117.45699999999999,8.8153310011852835
117.458,8.81141794854185
117.459,8.8074934207308129
117.45999999999999,8.8035574330097432
117.461,8.7996100007430815
117.462,8.7956511394019063
117.46299999999999,8.7916808645636699
117.464,8.7876991919119334
117.465,8.7837061372361358
117.46599999999999,8.7797017164313278
117.467,8.7756859454978997
117.468,8.7716588405413489
117.46899999999999,8.7676204177719921
117.47,8.7635706935047271
117.471,8.759509684158747
117.47199999999999,8.7554374062573004
117.473,8.7513538764274053
117.474,8.7472591113995826
117.47499999999999,8.7431531280076182
117.476,8.7390359431882398
117.477,8.7349075739808928
117.47799999999999,8.7307680375274526
117.479,8.7266173510719405
117.48,8.7224555319602608
117.48099999999999,8.7182825976399236
117.482,8.714098565659766
117.483,8.7099034536696713
117.48399999999999,8.7056972794202938
117.485,8.7014800607627691
117.486,8.6972518156484409
117.48699999999999,8.6930125621285761
117.488,8.6887623183540761
117.489,8.6845011025751937
117.48999999999999,8.6802289331412403
117.491,8.6759458285003159
117.492,8.671651807198991
117.49299999999999,8.6673468878820383
117.494,8.6630310892921294
117.495,8.6587044302695535
117.496,8.6543669297519035
117.497,8.6500186067738056
117.498,8.6456594804665983
117.499,8.6412895700580528
117.5,8.6369088948720592
117.501,8.6325174743283473
117.502,8.6281153279421581
117.503,8.6237024753239666
117.504,8.6192789361791586
117.505,8.6148447303077482
117.506,8.6103998776040438
117.50700000000001,8.6059443980563657
117.508,8.6014783117467264
117.509,8.5970016388505268
117.51000000000001,8.592514399636249
117.511,8.588016614465122
117.512,8.5835083037908468
117.51300000000001,8.5789894881592552
117.514,8.5744601882080023
117.515,8.569920424666261
117.51600000000001,8.5653702183543903
117.517,8.5608095901836307
117.518,8.5562385611557783
117.51900000000001,8.5516571523628624
117.52,8.5470653849868405
117.521,8.5424632802992537
117.52200000000001,8.5378508596609279
117.523,8.5332281445216402
117.524,8.5285951564197777
117.52500000000001,8.5239519169820408
117.526,8.5192984479231004
117.527,8.5146347710452748
117.52800000000001,8.5099609082382006
117.529,8.505276881478494
117.53,8.5005827128294396
117.53100000000001,8.4958784244406473
117.532,8.4911640385477121
117.533,8.4864395774719039
117.53400000000001,8.4817050636198115
117.535,8.4769605194830149
117.536,8.4722059676377537
117.53700000000001,8.4674414307445822
117.538,8.4626669315480445
117.539,8.4578824928763208
117.54000000000001,8.4530881376408882
117.541,8.4482838888362082
117.542,8.4434697695393393
117.54300000000001,8.438645802909635
117.544,8.4338120121883762
117.545,8.4289684206984408
117.54600000000001,8.4241150518439589
117.547,8.4192519291099508
117.548,8.4143790760619996
117.54900000000001,8.4094965163458966
117.55,8.4046042736872977
117.551,8.399702371891351
117.55200000000001,8.3947908348423894
117.553,8.3898696865035447
117.554,8.3849389509164123
117.55500000000001,8.3799986522006886
117.556,8.3750488145538302
117.557,8.3700894622506965
117.55800000000001,8.365120619643184
117.559,8.3601423111598905
117.56,8.3551545613057456
117.56100000000001,8.3501573946616503
117.562,8.3451508358841373
117.563,8.3401349097049948
117.56399999999999,8.3351096409309164
117.565,8.3300750544431352
117.566,8.3250311751970791
117.56699999999999,8.3199780282219891
117.568,8.3149156386205672
117.569,8.3098440315686126
117.56999999999999,8.3047632323146647
117.571,8.2996732661796333
117.572,8.2945741585564239
117.57299999999999,8.2894659349095949
117.574,8.2843486207749724
117.575,8.2792222417592942
117.57599999999999,8.2740868235398377
117.577,8.2689423918640514
117.578,8.2637889725491913
117.57899999999999,8.258626591481951
117.58,8.2534552746180836
117.581,8.2482750479820357
117.58199999999999,8.2430859376665833
117.583,8.2378879698324603
117.584,8.2326811707079628
117.58499999999999,8.2274655665886112
117.586,8.2222411838367488
117.587,8.217008048881187
117.58799999999999,8.21176618821681
117.589,8.206515628404226
117.59,8.2012563960693665
117.59099999999999,8.1959885179031264
117.592,8.1907120206609765
117.593,8.1854269311625956
117.59399999999999,8.1801332762914853
117.595,8.1748310829946007
117.596,8.1695203782819483
117.59699999999999,8.1642011892262421
117.598,8.1588735429624943
117.599,8.1535374666876468
117.59999999999999,8.1481929876601882
117.601,8.1428401331997762
117.602,8.1374789306868447
117.60299999999999,8.1321094075622327
117.604,8.1267315913267986
117.605,8.1213455095410332
117.60599999999999,8.1159511898246741
117.607,8.1105486598563328
117.608,8.1051379473731
117.60899999999999,8.0997190801701624
117.61,8.0942920861004097
117.611,8.088856993074069
117.61199999999999,8.0834138290582995
117.613,8.0779626220768073
117.614,8.0725034002094702
117.61499999999999,8.0670361915919404
117.616,8.0615610244152514
117.617,8.0560779269254503
117.61799999999999,8.0505869274231738
117.619,8.0450880542633012
117.62,8.0395813358545318
117.621,8.0340668006590139
117.622,8.0285444771919376
117.623,8.0230143940211676
117.624,8.0174765797668233
117.625,8.0119310631009135
117.626,8.0063778727469312
117.627,8.0008170374794609
117.628,7.9952485861237985
117.629,7.9896725475555392
117.63,7.9840889507002029
117.631,7.9784978245328233
117.63200000000001,7.972899198077581
117.633,7.9672931004073781
117.634,7.9616795606434643
117.63500000000001,7.956058607955045
117.636,7.9504302715588615
117.637,7.9447945807188294
117.63800000000001,7.9391515647456252
117.639,7.9335012529962832
117.64,7.9278436748738255
117.64100000000001,7.9221788598268361
117.642,7.916506837349095
117.643,7.9108276369791515
117.64400000000001,7.9051412882999497
117.645,7.8994478209384233
117.646,7.8937472645651106
117.64700000000001,7.888039648893729
117.648,7.8823250036808084
117.649,7.8766033587252764
117.65000000000001,7.8708747438680629
117.651,7.8651391889917122
117.652,7.8593967240199678
117.65300000000001,7.8536473789174011
117.654,7.8478911836889687
117.655,7.8421281683796682
117.65600000000001,7.8363583630740941
117.657,7.8305817978960679
117.658,7.8247985030082283
117.65900000000001,7.8190085086116241
117.66,7.8132118449453341
117.661,7.8074085422860531
117.66200000000001,7.8015986309476961
117.663,7.7957821412810056
117.664,7.7899591036731444
117.66500000000001,7.7841295485472912
117.666,7.7782935063622602
117.667,7.7724510076120801
117.66800000000001,7.7666020828256066
117.669,7.7607467625661197
117.67,7.7548850774309237
117.67100000000001,7.7490170580509492
117.672,7.7431427350903466
117.673,7.7372621392460967
117.67400000000001,7.7313753012475939
117.675,7.725482251856274
117.676,7.7195830218651817
117.67700000000001,7.71367764209859
117.678,7.707766143411602
117.679,7.701848556689745
117.68000000000001,7.6959249128485556
117.681,7.6899952428332128
117.682,7.6840595776181093
117.68300000000001,7.6781179482064648
117.684,7.672170385629915
117.685,7.666216920948143
117.68600000000001,7.6602575852484271
117.687,7.6542924096452865
117.688,7.6483214252800646
117.68899999999999,7.6423446633205234
117.69,7.6363621549604588
117.691,7.63037393141928
117.69199999999999,7.6243800239416331
117.693,7.6183804637969903
117.694,7.6123752822792419
117.69499999999999,7.6063645107063191
117.696,7.6003481804197719
117.697,7.59432632278439
117.69799999999999,7.5882989691877807
117.699,7.5822661510399971
117.7,7.5762278997731194
117.70099999999999,7.5701842468408671
117.702,7.5641352237181909
117.703,7.5580808619008817
117.70399999999999,7.5520211929051815
117.705,7.5459562482673572
117.706,7.539886059543333
117.70699999999999,7.5338106583082727
117.708,7.5277300761561996
117.709,7.5216443446995829
117.70999999999999,7.5155534955689465
117.711,7.5094575604124749
117.712,7.5033565708956154
117.71299999999999,7.4972505587006797
117.714,7.4911395555264502
117.715,7.4850235930877762
117.71599999999999,7.478902703115196
117.717,7.4727769173545173
117.718,7.4666462675664409
117.71899999999999,7.4605107855261572
117.72,7.4543705030229521
117.721,7.4482254518598126
117.72199999999999,7.4420756638530356
117.723,7.4359211708318291
117.724,7.4297620046379169
117.72499999999999,7.4235981971251555
117.726,7.4174297801591198
117.727,7.4112567856167413
117.72799999999999,7.4050792453858847
117.729,7.3988971913649699
117.73,7.392710655462583
117.73099999999999,7.3865196695970798
117.732,7.3803242656961796
117.733,7.3741244756966093
117.73399999999999,7.3679203315436741
117.735,7.3617118651908928
117.736,7.3554991085995987
117.73699999999999,7.349282093738541
117.738,7.3430608525835126
117.739,7.3368354171169479
117.73999999999999,7.3306058193275359
117.741,7.3243720912098418
117.742,7.3181342647638949
117.74299999999999,7.3118923719948281
117.744,7.3056464449124725
117.745,7.2993965155309812
117.746,7.2931426158684314
117.747,7.2868847779464492
117.748,7.2806230337898103
117.749,7.2743574154260742
117.75,7.2680879548851696
117.751,7.2618146841990452
117.752,7.2555376354012555
117.753,7.2492568405265914
117.754,7.2429723316106926
117.755,7.2366841406896736
117.756,7.2303922997997123
117.75700000000001,7.2240968409767135
117.758,7.2177977962558852
117.759,7.2114951976713773
117.76000000000001,7.2051890772558966
117.761,7.1988794670403315
117.762,7.1925663990533568
117.76300000000001,7.1862499053210787
117.764,7.1799300178666297
117.765,7.1736067687098064
117.76600000000001,7.167280189866684
117.767,7.1609503133492467
117.768,7.1546171711650004
117.76900000000001,7.1482807953165999
117.77,7.1419412178014774
117.771,7.1355984706114644
117.77200000000001,7.1292525857324076
117.773,7.1229035951438071
117.774,7.1165515308184375
117.77500000000001,7.1101964247219716
117.776,7.1038383088126071
117.777,7.0974772150407013
117.77800000000001,7.0911131753483865
117.779,7.0847462216692243
117.78,7.078376385927788
117.78100000000001,7.0720037000393479
117.782,7.0656281959094542
117.783,7.0592499054335995
117.78400000000001,7.0528688604968348
117.785,7.0464850929734055
117.786,7.0400986347263839
117.78700000000001,7.0337095176072939
117.788,7.0273177734557688
117.789,7.0209234340991511
117.79000000000001,7.0145265313521623
117.791,7.0081270970164997
117.792,7.0017251628805166
117.79300000000001,6.9953207607188244
117.794,6.988913922291939
117.795,6.9825046793459276
117.79600000000001,6.9760930636120371
117.797,6.9696791068063408
117.798,6.9632628406293691
117.79900000000001,6.9568442967657589
117.8,6.9504235068838849
117.801,6.9440005026355145
117.80200000000001,6.9375753156554349
117.803,6.9311479775611069
117.804,6.9247185199523091
117.80500000000001,6.9182869744107673
117.806,6.9118533724998201
117.807,6.9054177457640478
117.80800000000001,6.8989801257289347
117.809,6.8925405439004876
117.81,6.8860990317649247
117.81100000000001,6.8796556207882844
117.812,6.8732103424160993
117.813,6.866763228073042
117.81399999999999,6.860314309162554
117.815,6.8538636170665335
117.816,6.8474111831449562
117.81699999999999,6.8409570387355405
117.818,6.8345012151534004
117.819,6.8280437436907011
117.81999999999999,6.821584655616304
117.821,6.8151239821754341
117.822,6.8086617545893304
117.82299999999999,6.8021980040548975
117.824,6.7957327617443752
117.825,6.7892660588049871
117.82599999999999,6.7827979263586027
117.827,6.7763283955013929
117.828,6.7698574973034962
117.82899999999999,6.7633852628086917
117.83,6.7569117230340296
117.831,6.7504369089695153
117.83199999999999,6.7439608515777767
117.833,6.7374835817937218
117.834,6.731005130524192
117.83499999999999,6.7245255286476553
117.836,6.7180448070138432
117.837,6.7115629964434405
117.83799999999999,6.7050801277277454
117.839,6.6985962316283327
117.84,6.6921113388767317
117.84099999999999,6.6856254801740942
117.842,6.6791386861908677
117.843,6.6726509875664632
117.84399999999999,6.6661624149089374
117.845,6.659672998794651
117.846,6.6531827697679589
117.84699999999999,6.6466917583408698
117.848,6.6401999949927522
117.849,6.6337075101699678
117.84999999999999,6.6272143342855934
117.851,6.6207204977190628
117.852,6.6142260308158729
117.85299999999999,6.6077309638872563
117.854,6.6012353272098494
117.855,6.5947391510254008
117.85599999999999,6.5882424655404233
117.857,6.5817453009259133
117.858,6.5752476873170025
117.85899999999999,6.568749654812656
117.86,6.5622512334753722
117.861,6.5557524533308449
117.86199999999999,6.5492533443676813
117.863,6.5427539365370571
117.864,6.5362542597524378
117.86499999999999,6.5297543438892465
117.866,6.5232542187845759
117.867,6.5167539142368547
117.86799999999999,6.5102534600055737
117.869,6.5037528858109503
117.87,6.4972522213336443
117.871,6.4907514962144504
117.872,6.4842507400539802
117.873,6.4777499824123801
117.874,6.471249252809022
117.875,6.4647485807222012
117.876,6.4582479955888399
117.877,6.4517475268041906
117.878,6.4452472037215305
117.879,6.4387470556518789
117.88,6.4322471118636919
117.881,6.4257474015825675
117.88200000000001,6.4192479539909542
117.883,6.4127487982278701
117.884,6.4062499633885821
117.88500000000001,6.3997514785243439
117.886,6.3932533726420964
117.887,6.3867556747041707
117.88800000000001,6.3802584136280167
117.889,6.3737616182858989
117.89,6.3672653175046214
117.89100000000001,6.3607695400652382
117.892,6.3542743147027672
117.893,6.3477796701059237
117.89400000000001,6.3412856349168134
117.895,6.3347922377306638
117.896,6.3282995070955472
117.89700000000001,6.3218074715120967
117.898,6.3153161594332303
117.899,6.3088255992638693
117.90000000000001,6.3023358193606605
117.901,6.2958468480317205
117.902,6.2893587135363287
117.90300000000001,6.2828714440846873
117.904,6.276385067837623
117.905,6.2698996129063289
117.90600000000001,6.2634151073520918
117.907,6.2569315791860358
117.908,6.250449056368808
117.90900000000001,6.2439675668103778
117.91,6.2374871383697279
117.911,6.2310077988545824
117.91200000000001,6.224529576021185
117.913,6.2180524975739875
117.914,6.2115765911654215
117.91500000000001,6.2051018843956154
117.916,6.1986284048121618
117.917,6.1921561799098193
117.91800000000001,6.1856852371302899
117.919,6.1792156038619446
117.92,6.1727473074395718
117.92100000000001,6.1662803751441189
117.922,6.1598148342024484
117.923,6.1533507117870645
117.92400000000001,6.1468880350158841
117.925,6.1404268309519789
117.926,6.1339671266033164
117.92700000000001,6.1275089489225198
117.928,6.121052324806616
117.929,6.1145972810968026
117.93000000000001,6.1081438445781817
117.931,6.1016920419795273
117.932,6.095241899973038
117.93300000000001,6.0887934451741028
117.934,6.0823467041410488
117.935,6.0759017033749068
117.93600000000001,6.0694584693191711
117.937,6.0630170283595621
117.938,6.0565774068237896
117.93899999999999,6.0501396309813131
117.94,6.043703727043118
117.941,6.0372697211614685
117.94199999999999,6.0308376394296772
117.943,6.0244075078818806
117.944,6.0179793524928087
117.94499999999999,6.011553199177543
117.946,6.0051290737913021
117.947,5.9987070021292119
117.94799999999999,5.9922870099260734
117.949,5.9858691228561387
117.95,5.9794533665328977
117.95099999999999,5.9730397665088404
117.952,5.9666283482752434
117.953,5.9602191372619462
117.95399999999999,5.9538121588371382
117.955,5.9474074383071294
117.956,5.9410050009161424
117.95699999999999,5.9346048718460978
117.958,5.928207076216383
117.959,5.9218116390836588
117.95999999999999,5.9154185854416301
117.961,5.9090279402208452
117.962,5.9026397282884826
117.96299999999999,5.8962539744481361
117.964,5.8898707034396125
117.965,5.8834899399387215
117.96599999999999,5.8771117085570665
117.967,5.8707360338418493
117.968,5.8643629402756616
117.96899999999999,5.8579924522762656
117.97,5.8516245941964282
117.971,5.8452593903236849
117.97199999999999,5.8388968648801551
117.973,5.8325370420223575
117.974,5.8261799458409822
117.97499999999999,5.8198256003607263
117.976,5.8134740295400693
117.977,5.8071252572711067
117.97799999999999,5.8007793073793437
117.979,5.7944362036234978
117.98,5.7880959696953287
117.98099999999999,5.7817586292194179
117.982,5.7754242057530174
117.983,5.7690927227858335
117.98399999999999,5.7627642037398594
117.985,5.7564386719691747
117.986,5.7501161507597764
117.98699999999999,5.7437966633293893
117.988,5.7374802328272843
117.989,5.7311668823341027
117.98999999999999,5.7248566348616787
117.991,5.7185495133528459
117.992,5.7122455406812858
117.99299999999999,5.7059447396513328
117.994,5.6996471329978053
117.995,5.6933527433858373
117.996,5.6870615934107018
117.997,5.6807737055976428
117.998,5.6744891024017026
117.999,5.6682078062075476
118,5.6619298393293249
118.001,5.6556552240104629
118.002,5.6493839824235348
118.003,5.6431161366700735
118.004,5.6368517087804282
118.005,5.6305907207135864
118.006,5.6243331943570141
118.00700000000001,5.6180791515265263
118.008,5.6118286139660771
118.009,5.6055816033476518
118.01000000000001,5.5993381412710761
118.011,5.5930982492638908
118.012,5.5868619487811753
118.01300000000001,5.5806292612054076
118.014,5.5744002078463026
118.015,5.5681748099406825
118.01600000000001,5.5619530886523023
118.017,5.555735065071735
118.018,5.5495207602161756
118.01900000000001,5.5433101950293526
118.02,5.5371033903813522
118.021,5.5309003670684707
118.02200000000001,5.5247011458130935
118.023,5.5185057472635428
118.024,5.5123141919939425
118.02500000000001,5.5061265005040667
118.026,5.4999426932192215
118.027,5.493762790490111
118.02800000000001,5.4875868125926779
118.029,5.4814147797279986
118.03,5.4752467120221269
118.03100000000001,5.4690826295259853
118.032,5.4629225522152147
118.033,5.4567664999900689
118.03400000000001,5.4506144926752658
118.035,5.4444665500198592
118.036,5.4383226916971452
118.03700000000001,5.4321829373045034
118.038,5.4260473063632908
118.039,5.419915818318719
118.04000000000001,5.4137884925397248
118.041,5.4076653483188739
118.042,5.4015464048722155
118.04300000000001,5.3954316813391756
118.044,5.3893211967824541
118.045,5.3832149701878951
118.04600000000001,5.3771130204643729
118.047,5.3710153664436948
118.048,5.3649220268804765
118.04900000000001,5.3588330204520407
118.05,5.3527483657582966
118.051,5.3466680813216438
118.05200000000001,5.3405921855868712
118.053,5.3345206969210377
118.054,5.3284536336133712
118.05500000000001,5.3223910138751798
118.056,5.316332855839736
118.057,5.3102791775621814
118.05800000000001,5.3042299970194176
118.059,5.2981853321100356
118.06,5.2921452006541898
118.06100000000001,5.2861096203935212
118.062,5.2800786089910492
118.063,5.2740521840310954
118.06399999999999,5.2680303630191698
118.065,5.2620131633819067
118.066,5.2560006024669512
118.06699999999999,5.2499926975428828
118.068,5.2439894657991282
118.069,5.2379909243458709
118.06999999999999,5.2319970902139747
118.071,5.2260079803548791
118.072,5.220023611640551
118.07299999999999,5.2140440008633693
118.074,5.2080691647360755
118.075,5.2020991198916668
118.07599999999999,5.1961338828833341
118.077,5.1901734701843782
118.078,5.1842178981881517
118.07899999999999,5.1782671832079661
118.08,5.1723213414770139
118.081,5.1663803891483226
118.08199999999999,5.1604443422946566
118.083,5.1545132169084713
118.084,5.148587028901833
118.08499999999999,5.1426657941063443
118.086,5.1367495282730875
118.087,5.1308382470725746
118.08799999999999,5.1249319660946391
118.089,5.1190307008484321
118.09,5.1131344667623164
118.09099999999999,5.1072432791838267
118.092,5.101357153379606
118.093,5.0954761045353401
118.09399999999999,5.0896001477557178
118.095,5.083729298064366
118.096,5.0778635704037924
118.09699999999999,5.0720029796353412
118.098,5.066147540539129
118.099,5.0602972678140166
118.09999999999999,5.0544521760775218
118.101,5.0486122798658126
118.102,5.0427775936336374
118.10299999999999,5.0369481317542775
118.104,5.0311239085195165
118.105,5.0253049381395876
118.10599999999999,5.0194912347431178
118.107,5.0136828123771124
118.108,5.0078796850069089
118.10899999999999,5.0020818665161197
118.11,4.9962893707066094
118.111,4.9905022112984661
118.11199999999999,4.9847204019299358
118.113,4.9789439561574316
118.114,4.9731728874554584
118.11499999999999,4.9674072092166046
118.116,4.96164693475151
118.117,4.9558920772888175
118.11799999999999,4.9501426499751862
118.119,4.9443986658752159
118.12,4.9386601379714374
118.121,4.9329270791643154
118.122,4.927199502272174
118.123,4.9214774200312217
118.124,4.9157608450955017
118.125,4.9100497900368758
118.126,4.9043442673450155
118.127,4.8986442894273701
118.128,4.8929498686091559
118.129,4.8872610171333459
118.13,4.8815777471606481
118.131,4.8759000707694895
118.13200000000001,4.8702279999560183
118.133,4.8645615466340626
118.134,4.8589007226351608
118.13500000000001,4.8532455397085208
118.136,4.8475960095210198
118.137,4.8419521436572097
118.13800000000001,4.8363139536192925
118.139,4.8306814508271341
118.14,4.8250546466182502
118.14100000000001,4.8194335522478031
118.142,4.813818178888603
118.143,4.808208537631117
118.14400000000001,4.8026046394834552
118.145,4.7970064953713791
118.146,4.7914141161383075
118.14700000000001,4.7858275125453265
118.148,4.7802466952711775
118.149,4.7746716749122786
118.15000000000001,4.769102461982726
118.151,4.7635390669143156
118.152,4.7579815000565304
118.15300000000001,4.7524297716765691
118.154,4.7468838919593548
118.155,4.7413438710075493
118.15600000000001,4.7358097188415584
118.157,4.7302814453995623
118.158,4.7247590605375258
118.15900000000001,4.7192425740292077
118.16,4.7137319955661905
118.161,4.7082273347579076
118.16200000000001,4.7027286011316356
118.163,4.6972358041325553
118.164,4.6917489531237475
118.16500000000001,4.6862680573862097
118.166,4.6807931261189353
118.167,4.6753241684388627
118.16800000000001,4.6698611933809655
118.169,4.664404209898251
118.17,4.6589532268618026
118.17100000000001,4.653508253060803
118.172,4.648069297202575
118.173,4.6426363679125977
118.17400000000001,4.6372094737345684
118.175,4.631788623130408
118.176,4.6263738244803214
118.17700000000001,4.6209650860828173
118.178,4.6155624161547628
118.179,4.6101658228314104
118.18000000000001,4.6047753141664529
118.181,4.5993908981320377
118.182,4.5940125826188449
118.18300000000001,4.5886403754361123
118.184,4.5832742843116705
118.185,4.5779143168920182
118.18600000000001,4.5725604807423412
118.187,4.5672127833465765
118.188,4.5618712321074604
118.18899999999999,4.5565358343465636
118.19,4.5512065973043665
118.191,4.5458835281403029
118.19199999999999,4.5405666339327908
118.193,4.5352559216793349
118.194,4.5299513982965287
118.19499999999999,4.5246530706201522
118.196,4.5193609454052144
118.197,4.5140750293260012
118.19799999999999,4.5087953289761558
118.199,4.503521850868724
118.2,4.498254601436221
118.20099999999999,4.4929935870307087
118.202,4.4877388139238263
118.203,4.4824902883068898
118.20399999999999,4.4772480162909378
118.205,4.472012003906805
118.206,4.4667822571051943
118.20699999999999,4.4615587817567341
118.208,4.4563415836520548
118.209,4.4511306685018734
118.20999999999999,4.4459260419370423
118.211,4.4407277095086304
118.212,4.4355356766880103
118.21299999999999,4.4303499488669154
118.214,4.4251705313575354
118.215,4.4199974293925681
118.21599999999999,4.4148306481253226
118.217,4.4096701926297843
118.218,4.4045160679006958
118.21899999999999,4.3993682788536503
118.22,4.3942268303251542
118.221,4.3890917270727261
118.22199999999999,4.3839629737749792
118.223,4.3788405750317008
118.224,4.3737245353639391
118.22499999999999,4.3686148592140928
118.226,4.3635115509459972
118.227,4.3584146148450209
118.22799999999999,4.3533240551181525
118.229,4.3482398758940768
118.23,4.3431620812232907
118.23099999999999,4.3380906750781776
118.232,4.3330256613531191
118.233,4.3279670438645717
118.23399999999999,4.3229148263511714
118.235,4.317869012473837
118.236,4.3128296058158551
118.23699999999999,4.307796609882983
118.238,4.3027700281035646
118.239,4.2977498638286029
118.23999999999999,4.292736120331881
118.241,4.2877288008100649
118.242,4.2827279083827996
118.24299999999999,4.2777334460928138
118.244,4.2727454169060355
118.245,4.2677638237116771
118.246,4.2627886693223758
118.247,4.2578199564742683
118.248,4.2528576878271256
118.249,4.2479018659644456
118.25,4.2429524933935774
118.251,4.2380095725458187
118.252,4.2330731057765458
118.253,4.2281430953653185
118.254,4.2232195435159898
118.255,4.2183024523568342
118.256,4.2133918239406523
118.25700000000001,4.2084876602449075
118.258,4.2035899631718063
118.259,4.198698734548465
118.26000000000001,4.1938139761270001
118.261,4.1889356895846479
118.262,4.1840638765239184
118.26300000000001,4.1791985384726686
118.264,4.1743396768842729
118.265,4.169487293137724
118.26600000000001,4.1646413885377527
118.267,4.1598019643149868
118.268,4.1549690216260302
118.26900000000001,4.1501425615536363
118.27,4.1453225851068165
118.271,4.1405090932209649
118.27200000000001,4.135702086758009
118.273,4.1309015665065196
118.274,4.1261075331818553
118.27500000000001,4.1213199874262934
118.276,4.1165389298091757
118.277,4.1117643608270189
118.27800000000001,4.1069962809036795
118.279,4.1022346903904623
118.28,4.0974795895662854
118.28100000000001,4.0927309786378032
118.282,4.0879888577395391
118.283,4.0832532269340565
118.28400000000001,4.078524086212056
118.285,4.0738014354925625
118.286,4.0690852746230313
118.28700000000001,4.0643756033795189
118.288,4.059672421466809
118.289,4.0549757285185652
118.29000000000001,4.0502855240974807
118.291,4.0456018076954265
118.292,4.0409245787335841
118.29300000000001,4.0362538365626115
118.294,4.0315895804627875
118.295,4.0269318096441626
118.29600000000001,4.0222805232466978
118.297,4.0176357203404454
118.298,4.0129973999256627
118.29900000000001,4.008365560933008
118.3,4.0037402022236552
118.301,3.9991213225894842
118.30200000000001,3.9945089207532063
118.303,3.9899029953685443
118.304,3.985303545020376
118.30500000000001,3.9807105682249078
118.306,3.9761240634298027
118.307,3.9715440290143857
118.30800000000001,3.9669704632897616
118.309,3.9624033644989987
118.31,3.9578427308172945
118.31100000000001,3.9532885603521293
118.312,3.9487408511434237
118.313,3.9441996011637204
118.31399999999999,3.9396648083183341
118.315,3.9351364704455354
118.316,3.9306145853166909
118.31699999999999,3.9260991506364573
118.318,3.9215901640429398
118.319,3.9170876231078489
118.31999999999999,3.9125915253366883
118.321,3.9081018681689241
118.322,3.9036186489781408
118.32299999999999,3.8991418650722287
118.324,3.8946715136935501
118.325,3.8902075920191108
118.32599999999999,3.8857500971607384
118.327,3.8812990261652573
118.328,3.8768543760146685
118.32899999999999,3.8724161436263089
118.33,3.8679843258530471
118.331,3.8635589194834492
118.33199999999999,3.8591399212419719
118.333,3.8547273277891185
118.334,3.8503211357216398
118.33499999999999,3.8459213415727089
118.336,3.8415279418120973
118.337,3.8371409328463622
118.33799999999999,3.8327603110190176
118.339,3.8283860726107481
118.34,3.8240182138395435
118.34099999999999,3.8196567308609395
118.342,3.8153016197681553
118.343,3.8109528765923142
118.34399999999999,3.8066104973026023
118.345,3.8022744778064843
118.346,3.7979448139498637
118.34699999999999,3.7936215015172903
118.348,3.7893045362321458
118.349,3.7849939137568298
118.34999999999999,3.7806896296929522
118.351,3.7763916795815198
118.352,3.7721000589031433
118.35299999999999,3.7678147630782157
118.354,3.7635357874671032
118.355,3.7592631273703576
118.35599999999999,3.754996778028886
118.357,3.7507367346241667
118.358,3.7464829922784384
118.35899999999999,3.7422355460548911
118.36,3.737994390957863
118.361,3.7337595219330519
118.36199999999999,3.7295309338676912
118.363,3.7253086215907794
118.364,3.7210925798732384
118.36499999999999,3.7168828034281587
118.366,3.7126792869109648
118.367,3.7084820249196286
118.36799999999999,3.704291011994878
118.369,3.7001062426203952
118.37,3.6959277112230078
118.371,3.6917554121729128
118.372,3.6875893397838611
118.373,3.6834294883133851
118.374,3.6792758519629754
118.375,3.6751284248783085
118.376,3.6709872011494524
118.377,3.666852174811055
118.378,3.6627233398425783
118.379,3.6586006901684791
118.38,3.6544842196584404
118.381,3.6503739221275726
118.38200000000001,3.64626979133662
118.383,3.6421718209921652
118.384,3.638080004746858
118.38500000000001,3.6339943361996179
118.386,3.6299148088958368
118.387,3.6258414163276078
118.38800000000001,3.6217741519339262
118.389,3.6177130091009029
118.39,3.6136579811619978
118.39100000000001,3.6096090613981979
118.392,3.6055662430382731
118.393,3.60152951925896
118.39400000000001,3.5974988831851928
118.395,3.5934743278903216
118.396,3.589455846396326
118.39700000000001,3.5854434316740211
118.398,3.5814370766433044
118.399,3.5774367741733335
118.40000000000001,3.5734425170827961
118.401,3.5694542981400788
118.402,3.5654721100635243
118.40300000000001,3.5614959455216226
118.404,3.557525797133267
118.405,3.5535616574679425
118.40600000000001,3.5496035190459643
118.407,3.5456513743386955
118.408,3.5417052157687765
118.40900000000001,3.5377650357103332
118.41,3.5338308264892202
118.411,3.5299025803832369
118.41200000000001,3.5259802896223409
118.413,3.5220639463888914
118.414,3.5181535428178687
118.41500000000001,3.5142490709970855
118.416,3.5103505229674403
118.417,3.5064578907231208
118.41800000000001,3.5025711662118399
118.419,3.498690341335073
118.42,3.4948154079482681
118.42100000000001,3.490946357861088
118.422,3.4870831828376305
118.423,3.4832258745966604
118.42400000000001,3.4793744248118528
118.425,3.4755288251119931
118.426,3.4716890670812388
118.42700000000001,3.4678551422593351
118.428,3.464027042141844
118.429,3.4602047581803843
118.43000000000001,3.4563882817828602
118.431,3.4525776043136918
118.432,3.4487727170940476
118.43300000000001,3.4449736114020877
118.434,3.4411802784731829
118.435,3.4373927095001608
118.43600000000001,3.4336108956335263
118.437,3.4298348279817161
118.438,3.4260644976113195
118.43899999999999,3.4222998955473063
118.44,3.4185410127732987
118.441,3.4147878402317517
118.44199999999999,3.4110403688242434
118.443,3.4072985894116816
118.444,3.4035624928145389
118.44499999999999,3.3998320698131175
118.446,3.3961073111477527
118.447,3.3923882075190734
118.44799999999999,3.3886747495882408
118.449,3.3849669279771706
118.45,3.3812647332687926
118.45099999999999,3.3775681560072708
118.452,3.3738771866982558
118.453,3.3701918158091284
118.45399999999999,3.3665120337692249
118.455,3.3628378309700828
118.456,3.3591691977657039
118.45699999999999,3.355506124472754
118.458,3.3518486013708375
118.459,3.348196618702735
118.45999999999999,3.3445501666746247
118.461,3.3409092354563548
118.462,3.3372738151816654
118.46299999999999,3.3336438959484282
118.464,3.3300194678189157
118.465,3.3264005208200058
118.46599999999999,3.3227870449434644
118.467,3.3191790301461719
118.468,3.3155764663503557
118.46899999999999,3.3119793434438569
118.47,3.3083876512803596
118.471,3.3048013796796463
118.47199999999999,3.301220518427832
118.473,3.2976450572776215
118.474,3.2940749859485421
118.47499999999999,3.290510294127206
118.476,3.2869509714675371
118.477,3.2833970075910393
118.47799999999999,3.2798483920870201
118.479,3.2763051145128528
118.48,3.2727671643942235
118.48099999999999,3.2692345312253681
118.482,3.2657072044693249
118.483,3.262185173558195
118.48399999999999,3.2586684278933582
118.485,3.2551569568457612
118.486,3.2516507497561316
118.48699999999999,3.2481497959352468
118.488,3.2446540846641767
118.489,3.2411636051945316
118.48999999999999,3.2376783467487025
118.491,3.2341982985201341
118.492,3.2307234496735484
118.49299999999999,3.2272537893452156
118.494,3.2237893066431784
118.495,3.2203299906475258
118.496,3.2168758304106317
118.497,3.2134268149574066
118.498,3.2099829332855498
118.499,3.2065441743658001
118.5,3.2031105271421758
118.501,3.199681980532243
118.502,3.1962585234273542
118.503,3.1928401446928998
118.504,3.1894268331685653
118.505,3.1860185776685745
118.506,3.1826153669819495
118.50700000000001,3.1792171898727593
118.508,3.1758240350803595
118.509,3.1724358913196675
118.51000000000001,3.1690527472813903
118.511,3.1656745916322939
118.512,3.1623014130154434
118.51300000000001,3.1589332000504586
118.514,3.1555699413337734
118.515,3.1522116254388837
118.51600000000001,3.1488582409165859
118.517,3.1455097762952526
118.518,3.1421662200810694
118.51900000000001,3.1388275607582869
118.52,3.1354937867894934
118.521,3.1321648866158296
118.52200000000001,3.1288408486572865
118.523,3.1255216613129244
118.524,3.1222073129611312
118.52500000000001,3.118897791959899
118.526,3.1155930866470416
118.527,3.1122931853404703
118.52800000000001,3.1089980763384495
118.529,3.1057077479198325
118.53,3.1024221883443239
118.53100000000001,3.0991413858527399
118.532,3.0958653286672546
118.533,3.0925940049916432
118.53400000000001,3.0893274030115507
118.535,3.0860655108947399
118.536,3.0828083167913447
118.53700000000001,3.0795558088341224
118.538,3.0763079751387052
118.539,3.0730648038038622
118.54000000000001,3.0698262829117335
118.541,3.0665924005281102
118.542,3.0633631447026648
118.54300000000001,3.0601385034692075
118.544,3.0569184648459666
118.545,3.053703016835795
118.54600000000001,3.0504921474264668
118.547,3.0472858445909043
118.548,3.0440840962874307
118.54900000000001,3.0408868904600506
118.55,3.037694215038675
118.551,3.0345060579393714
118.55200000000001,3.0313224070646494
118.553,3.0281432503036805
118.554,3.024968575532565
118.55500000000001,3.0217983706145879
118.556,3.0186326234004581
118.557,3.0154713217285805
118.55800000000001,3.0123144534252879
118.559,3.0091620063051101
118.56,3.0060139681710276
118.56100000000001,3.0028703268146981
118.562,2.9997310700167441
118.563,2.9965961855469816
118.56399999999999,2.9934656611646782
118.565,2.9903394846188123
118.566,2.9872176436483096
118.56699999999999,2.9841001259823168
118.568,2.980986919340431
118.569,2.9778780114329679
118.56999999999999,2.9747733899612046
118.571,2.9716730426176365
118.572,2.9685769570862162
118.57299999999999,2.9654851210426334
118.574,2.9623975221545322
118.575,2.9593141480817784
118.57599999999999,2.9562349864767166
118.577,2.9531600249844074
118.578,2.9500892512428916
118.57899999999999,2.9470226528834296
118.58,2.94396021753075
118.581,2.9409019328033179
118.58199999999999,2.9378477863135601
118.583,2.9347977656681419
118.584,2.9317518584681914
118.58499999999999,2.9287100523095657
118.586,2.9256723347830991
118.587,2.9226386934748372
118.58799999999999,2.9196091159663102
118.589,2.9165835898347714
118.59,2.9135621026534229
118.59099999999999,2.9105446419917116
118.592,2.9075311954155367
118.593,2.9045217504875169
118.59399999999999,2.9015162947672364
118.595,2.8985148158114864
118.596,2.8955173011745172
118.59699999999999,2.8925237384083027
118.598,2.8895341150627427
118.599,2.8865484186859653
118.59999999999999,2.8835666368245287
118.601,2.8805887570236965
118.602,2.8776147668276733
118.60299999999999,2.8746446537798458
118.604,2.8716784054230371
118.605,2.8687160092997614
118.60599999999999,2.8657574529524394
118.607,2.8628027239236826
118.608,2.8598518097565071
118.60899999999999,2.8569046979945902
118.61,2.8539613761825215
118.611,2.8510218318660412
118.61199999999999,2.8480860525922758
118.613,2.8451540259100039
118.614,2.8422257393698755
118.61499999999999,2.8393011805246684
118.616,2.8363803369295404
118.617,2.8334631961422496
118.61799999999999,2.8305497457234119
118.619,2.8276399732367494
118.62,2.8247338662493138
118.621,2.8218314123317421
118.622,2.8189325990584964
118.623,2.8160374140080981
118.624,2.8131458447633841
118.625,2.810257878911727
118.626,2.8073735040452936
118.627,2.8044927077612787
118.628,2.8016154776621378
118.629,2.7987418013558418
118.63,2.7958716664561001
118.631,2.7930050605826064
118.63200000000001,2.7901419713612921
118.633,2.787282386424534
118.634,2.7844262934114123
118.63500000000001,2.7815736799679569
118.636,2.7787245337473618
118.637,2.7758788424102385
118.63800000000001,2.7730365936248429
118.639,2.770197775067325
118.64,2.7673623744219484
118.64100000000001,2.7645303793813363
118.642,2.7617017776467128
118.643,2.7588765569281199
118.64400000000001,2.756054704944662
118.645,2.7532362094247556
118.646,2.7504210581063342
118.64700000000001,2.7476092387370996
118.648,2.7448007390747526
118.649,2.7419955468872277
118.65000000000001,2.7391936499529268
118.651,2.7363950360609333
118.652,2.7335996930112767
118.65300000000001,2.7308076086151369
118.654,2.7280187706950851
118.655,2.7252331670853147
118.65600000000001,2.722450785631874
118.657,2.7196716141928858
118.658,2.716895640638791
118.65900000000001,2.7141228528525732
118.66,2.7113532387299757
118.661,2.7085867861797532
118.66200000000001,2.7058234831238734
118.663,2.7030633174977625
118.664,2.7003062772505309
118.66500000000001,2.6975523503451968
118.666,2.6948015247589008
118.667,2.692053788483161
118.66800000000001,2.6893091295240636
118.669,2.6865675359025163
118.67,2.6838289956544674
118.67100000000001,2.6810934968311044
118.672,2.678361027499117
118.673,2.6756315757408951
118.67400000000001,2.6729051296547621
118.675,2.6701816773551825
118.676,2.6674612069730084
118.67700000000001,2.6647437066556798
118.678,2.6620291645674574
118.679,2.6593175688896458
118.68000000000001,2.6566089078207944
118.681,2.6539031695769411
118.682,2.6512003423918156
118.68300000000001,2.6485004145170703
118.684,2.6458033742224933
118.685,2.643109209796215
118.68600000000001,2.6404179095449454
118.687,2.6377294617941809
118.688,2.6350438548884263
118.68899999999999,2.6323610771913959
118.69,2.6296811170862506
118.691,2.627003962975798
118.69199999999999,2.6243296032827068
118.693,2.6216580264497344
118.694,2.6189892209399299
118.69499999999999,2.6163231752368481
118.696,2.6136598778447633
118.697,2.6109993172888744
118.69799999999999,2.6083414821155411
118.699,2.6056863608924599
118.7,2.6030339422089095
118.70099999999999,2.600384214675926
118.702,2.5977371669265445
118.703,2.5950927876159868
118.70399999999999,2.5924510654218902
118.705,2.5898119890444842
118.706,2.5871755472068334
118.70699999999999,2.5845417286550139
118.708,2.5819105221583514
118.709,2.5792819165095944
118.70999999999999,2.5766559005251444
118.711,2.5740324630452438
118.712,2.5714115929342056
118.71299999999999,2.5687932790805714
118.714,2.5661775103973712
118.715,2.5635642758222779
118.71599999999999,2.5609535643178432
118.717,2.5583453648716739
118.718,2.5557396664966645
118.71899999999999,2.5531364582311507
118.72,2.5505357291391619
118.721,2.5479374683105771
118.72199999999999,2.5453416648613585
118.723,2.5427483079337132
118.724,2.5401573866963352
118.72499999999999,2.5375688903445623
118.726,2.534982808100593
118.727,2.5323991292136814
118.72799999999999,2.5298178429603291
118.729,2.5272389386444774
118.73,2.5246624055977041
118.73099999999999,2.5220882331794288
118.732,2.5195164107770793
118.733,2.5169469278063148
118.73399999999999,2.5143797737111959
118.735,2.5118149379643837
118.736,2.5092524100673304
118.73699999999999,2.5066921795504697
118.738,2.5041342359734027
118.739,2.5015785689250962
118.73999999999999,2.4990251680240538
118.741,2.4964740229185316
118.742,2.4939251232866928
118.74299999999999,2.4913784588368126
118.744,2.4888340193074683
118.745,2.4862917944677028
118.746,2.4837517741172435
118.747,2.4812139480866469
118.748,2.4786783062375202
118.749,2.476144838462667
118.75,2.4736135346863004
118.751,2.4710843848642114
118.752,2.4685573789839421
118.753,2.4660325070649809
118.754,2.4635097591589341
118.755,2.4609891253497134
118.756,2.4584705957536834
118.75700000000001,2.4559541605198971
118.758,2.4534398098302086
118.759,2.4509275338994976
118.76000000000001,2.4484173229758146
118.761,2.4459091673405844
118.762,2.4434030573087471
118.76300000000001,2.4408989832289576
118.764,2.4383969354837589
118.765,2.4358969044897307
118.76600000000001,2.4333988806976845
118.767,2.4309028545928273
118.768,2.4284088166949274
118.76900000000001,2.4259167575584901
118.77,2.4234266677729348
118.771,2.4209385379627388
118.77200000000001,2.4184523587876234
118.773,2.4159681209427295
118.774,2.4134858151587513
118.77500000000001,2.4110054322021468
118.776,2.4085269628752601
118.777,2.4060503980165113
118.77800000000001,2.4035757285005581
118.779,2.40110294523845
118.78,2.398632039177786
118.78100000000001,2.3961630013029085
118.782,2.3936958226350087
118.783,2.3912304942323495
118.78400000000001,2.3887670071903786
118.785,2.3863053526419007
118.786,2.3838455217572494
118.78700000000001,2.3813875057444234
118.788,2.3789312958492572
118.789,2.3764768833555765
118.79000000000001,2.3740242595853451
118.791,2.371573415898828
118.792,2.3691243436947338
118.79300000000001,2.3666770344103858
118.794,2.3642314795218629
118.795,2.3617876705441514
118.79600000000001,2.3593455990312928
118.797,2.3569052565765536
118.798,2.3544666348125394
118.79900000000001,2.3520297254113842
118.8,2.3495945200848714
118.801,2.3471610105845842
118.80200000000001,2.3447291887020651
118.803,2.342299046268947
118.804,2.3398705751571125
118.80500000000001,2.3374437672788306
118.806,2.3350186145868883
118.807,2.3325951090747621
118.80800000000001,2.3301732427767377
118.809,2.3277530077680635
118.81,2.3253343961650774
118.81100000000001,2.3229174001253661
118.812,2.3205020118478838
118.813,2.3180882235731151
118.81399999999999,2.3156760275831831
118.815,2.313265416202019
118.816,2.3108563817954693
118.81699999999999,2.3084489167714444
118.818,2.3060430135800658
118.819,2.3036386647137745
118.81999999999999,2.3012358627074856
118.821,2.298834600138707
118.822,2.2964348696276788
118.82299999999999,2.2940366638375052
118.824,2.2916399754742862
118.825,2.2892447972872261
118.82599999999999,2.2868511220688008
118.827,2.2844589426548549
118.828,2.2820682519247337
118.82899999999999,2.279679042801428
118.83,2.2772913082516708
118.831,2.2749050412860905
118.83199999999999,2.2725202349593174
118.833,2.2701368823701107
118.834,2.2677549766614908
118.83499999999999,2.2653745110208452
118.836,2.2629954786800592
118.837,2.2606178729156405
118.83799999999999,2.2582416870488253
118.839,2.2558669144457144
118.84,2.2534935485173686
118.84099999999999,2.2511215827199518
118.842,2.248751010554833
118.843,2.2463818255686943
118.84399999999999,2.2440140213536646
118.845,2.2416475915474257
118.846,2.2392825298333112
118.84699999999999,2.2369188299404534
118.848,2.2345564856438558
118.849,2.2321954907645276
118.84999999999999,2.2298358391695987
118.851,2.2274775247724015
118.852,2.2251205415326067
118.85299999999999,2.2227648834563283
118.854,2.2204105445962026
118.855,2.2180575190515417
118.85599999999999,2.2157058009683945
118.857,2.2133553845396787
118.858,2.2110062640052712
118.85899999999999,2.2086584336521118
118.86,2.2063118878143237
118.861,2.2039666208732904
118.86199999999999,2.2016226272577621
118.863,2.1992799014439721
118.864,2.196938437955712
118.86499999999999,2.1945982313644494
118.866,2.1922592762894229
118.867,2.1899215673977199
118.86799999999999,2.1875850994043953
118.869,2.1852498670725535
118.87,2.1829158652134497
118.871,2.1805830886865811
118.872,2.1782515323997762
118.873,2.1759211913092855
118.874,2.1735920604198848
118.875,2.1712641347849555
118.876,2.1689374095065719
118.877,2.166611879735588
118.878,2.1642875406717392
118.879,2.1619643875637249
118.88,2.1596424157092748
118.881,2.1573216204552654
118.88200000000001,2.1550019971977799
118.883,2.152683541382205
118.884,2.1503662485033064
118.88500000000001,2.1480501141053181
118.886,2.1457351337820221
118.887,2.1434213031768237
118.88800000000001,2.1411086179828294
118.889,2.1387970739429383
118.89,2.1364866668499123
118.89100000000001,2.1341773925464489
118.892,2.1318692469252634
118.893,2.1295622259291713
118.89400000000001,2.1272563255511372
118.895,2.1249515418343896
118.896,2.122647870872453
118.89700000000001,2.1203453088092492
118.898,2.1180438518391482
118.899,2.1157434962070605
118.90000000000001,2.1134442382084888
118.901,2.1111460741895955
118.902,2.1088490005472948
118.90300000000001,2.1065530137292927
118.904,2.1042581102341726
118.905,2.1019642866114472
118.90600000000001,2.0996715394616339
118.907,2.0973798654363072
118.908,2.0950892612381802
118.90900000000001,2.09279972362115
118.91,2.0905112493903673
118.911,2.0882238354022986
118.91200000000001,2.0859374785647806
118.913,2.0836521758370772
118.914,2.0813679242299559
118.91500000000001,2.079084720805715
118.916,2.0768025626782762
118.917,2.0745214470132063
118.91800000000001,2.0722413710277978
118.919,2.069962331991114
118.92,2.0676843272240308
118.92100000000001,2.0654073540993121
118.922,2.0631314100416471
118.923,2.0608564925276935
118.92400000000001,2.0585825990861557
118.925,2.0563097272978079
118.926,2.0540378747955463
118.92700000000001,2.0517670392644498
118.928,2.0494972184418194
118.929,2.0472284101172149
118.93000000000001,2.0449606121325212
118.931,2.0426938223819651
118.932,2.040428038812192
118.93300000000001,2.0381632594222792
118.934,2.0358994822637904
118.935,2.0336367054408266
118.93600000000001,2.0313749271100372
118.937,2.029114145480698
118.938,2.0268543588147168
118.93899999999999,2.0245955654266901
118.94,2.0223377636839337
118.941,2.0200809520065226
118.94199999999999,2.0178251288673144
118.943,2.0155702927920043
118.944,2.0133164423591423
118.94499999999999,2.0110635762001685
118.946,2.0088116929994575
118.947,2.0065607914943304
118.94799999999999,2.0043108704751043
118.949,2.0020619287851038
118.95,1.9998139653207039
118.95099999999999,1.997566979031359
118.952,1.9953209689196147
118.953,1.9930759340411512
118.95399999999999,1.9908318735047947
118.955,1.9885887864725542
118.956,1.9863466721596428
118.95699999999999,1.9841055298344892
118.958,1.9818653588187809
118.959,1.979626158487469
118.95999999999999,1.9773879282687874
118.961,1.9751506676442925
118.962,1.972914376148863
118.96299999999999,1.9706790533707221
118.964,1.9684446989514592
118.965,1.9662113125860485
118.96599999999999,1.9639788940228535
118.967,1.9617474430636617
118.968,1.9595169595636768
118.96899999999999,1.9572874434315457
118.97,1.9550588946293703
118.971,1.9528313131727062
118.97199999999999,1.9506046991306079
118.973,1.9483790526255884
118.974,1.9461543738336742
118.97499999999999,1.9439306629843847
118.976,1.9417079203607632
118.977,1.939486146299362
118.97799999999999,1.9372653411902596
118.979,1.9350455054770683
118.98,1.9328266396569354
118.98099999999999,1.9306087442805455
118.982,1.9283918199521226
118.983,1.9261758673294476
118.98399999999999,1.9239608871238301
118.985,1.9217468801001392
118.986,1.9195338470767798
118.98699999999999,1.9173217889257193
118.988,1.9151107065724498
118.989,1.9129006009960179
118.98999999999999,1.9106914732290026
118.991,1.9084833243575203
118.992,1.9062761555212138
118.99299999999999,1.9040699679132533
118.994,1.9018647627803262
118.995,1.8996605414226249
118.996,1.8974573051938517
118.997,1.8952550555011936
118.998,1.8930537938053313
118.999,1.890853521620413
119,1.8886542405140494
119.001,1.8864559521073092
119.002,1.8842586580746903
119.003,1.8820623601441175
119.004,1.8798670600969327
119.005,1.8776727597678615
119.006,1.8754794610450274
119.00700000000001,1.8732871658698955
119.008,1.8710958762372956
119.009,1.8689055941953767
119.01000000000001,1.8667163218455967
119.011,1.8645280613427073
119.012,1.8623408148947309
119.01300000000001,1.8601545847629284
119.014,1.8579693732618026
119.015,1.8557851827590461
119.01600000000001,1.8536020156755382
119.017,1.8514198744853196
119.018,1.8492387617155517
119.01900000000001,1.8470586799465121
119.02,1.8448796318115521
119.021,1.8427016199970763
119.02200000000001,1.8405246472425176
119.023,1.8383487163402976
119.024,1.8361738301358095
119.02500000000001,1.8339999915273872
119.026,1.8318272034662604
119.027,1.8296554689565392
119.02800000000001,1.8274847910551695
119.029,1.8253151728719135
119.03,1.823146617569305
119.03100000000001,1.8209791283626098
119.032,1.8188127085198165
119.033,1.8166473613615572
119.03400000000001,1.8144830902611191
119.035,1.8123198986443683
119.036,1.8101577899897361
119.03700000000001,1.8079967678281683
119.038,1.8058368357430834
119.039,1.8036779973703352
119.04000000000001,1.8015202563981876
119.041,1.7993636165672404
119.042,1.797208081670421
119.04300000000001,1.7950536555529037
119.044,1.7929003421121119
119.045,1.7907481452976235
119.04600000000001,1.7885970691111694
119.047,1.7864471176065462
119.048,1.78429829488962
119.04900000000001,1.7821506051182241
119.05,1.7800040525021439
119.051,1.7778586413030597
119.05200000000001,1.7757143758345038
119.053,1.7735712604617953
119.054,1.7714292996020056
119.05500000000001,1.7692884977238776
119.056,1.7671488593478222
119.057,1.7650103890458142
119.05799999999999,1.7628730914413737
119.059,1.7607369712094878
119.06,1.7586020330765735
119.06100000000001,1.7564682818204096
119.062,1.7543357222700884
119.063,1.7522043593059475
119.06399999999999,1.750074197859524
119.065,1.7479452429134881
119.066,1.7458174995015847
119.06700000000001,1.7436909727085719
119.068,1.7415656676701692
119.069,1.7394415895729807
119.06999999999999,1.7373187436544504
119.071,1.7351971352027811
119.072,1.7330767695568787
119.07299999999999,1.7309576521063057
119.074,1.728839788291183
119.075,1.7267231836021426
119.07599999999999,1.7246078435802716
119.077,1.7224937738170201
119.078,1.7203809799541594
119.07899999999999,1.718269467683692
119.08,1.7161592427477994
119.081,1.7140503109387566
119.08199999999999,1.711942678098888
119.083,1.7098363501204585
119.084,1.7077313329456434
119.08499999999999,1.7056276325664168
119.086,1.703525255024521
119.087,1.7014242064113394
119.08799999999999,1.6993244928678883
119.089,1.6972261205846833
119.09,1.6951290958016967
119.09099999999999,1.6930334248082659
119.092,1.6909391139430416
119.093,1.6888461695938699
119.09399999999999,1.6867545981977508
119.095,1.6846644062407481
119.096,1.6825756002579013
119.09699999999999,1.6804881868331583
119.098,1.6784021725992868
119.099,1.6763175642377997
119.09999999999999,1.6742343684788645
119.101,1.6721525921012355
119.102,1.6700722419321599
119.10299999999999,1.6679933248472911
119.104,1.6659158477706175
119.105,1.6638398176743701
119.10599999999999,1.6617652415789348
119.107,1.6596921265527742
119.108,1.6576204797123346
119.10899999999999,1.6555503082219618
119.11,1.6534816192938155
119.111,1.6514144201877718
119.11199999999999,1.6493487182113546
119.113,1.6472845207196174
119.114,1.6452218351150762
119.11499999999999,1.6431606688476179
119.116,1.6411010294143948
119.117,1.6390429243597411
119.11799999999999,1.6369863612750843
119.119,1.6349313477988445
119.12,1.6328778916163547
119.121,1.6308260004597401
119.122,1.6287756821078594
119.123,1.6267269443861736
119.124,1.6246797951666854
119.125,1.6226342423678088
119.126,1.6205902939543027
119.127,1.6185479579371409
119.128,1.6165072423734512
119.129,1.6144681553663907
119.13,1.6124307050650557
119.131,1.6103948996643758
119.13200000000001,1.6083607474050239
119.133,1.6063282565733086
119.134,1.6042974355010802
119.13500000000001,1.602268292565608
119.136,1.6002408361895133
119.137,1.5982150748406325
119.13800000000001,1.5961910170319342
119.139,1.5941686713214065
119.14,1.5921480463119539
119.14100000000001,1.5901291506512982
119.142,1.5881119930318675
119.143,1.5860965821906823
119.14400000000001,1.5840829269092704
119.145,1.5820710360135393
119.146,1.5800609183736745
119.14700000000001,1.5780525829040417
119.148,1.5760460385630632
119.149,1.5740412943531215
119.15000000000001,1.5720383593204343
119.151,1.5700372425549591
119.152,1.5680379531902819
119.15300000000001,1.5660405004034965
119.154,1.5640448934150959
119.155,1.5620511414888707
119.15600000000001,1.5600592539317713
119.157,1.5580692400938345
119.158,1.556081109368032
119.15900000000001,1.5540948711901703
119.16,1.5521105350387867
119.161,1.5501281104350235
119.16200000000001,1.5481476069424989
119.163,1.5461690341672292
119.164,1.5441924017574737
119.16500000000001,1.5422177194036391
119.166,1.540244996838152
119.167,1.5382742438353505
119.16800000000001,1.5363054702113619
119.169,1.53433868582398
119.17,1.5323739005725461
119.17100000000001,1.5304111243978404
119.172,1.5284503672819392
119.173,1.5264916392481318
119.17400000000001,1.5245349503607581
119.175,1.522580310725111
119.176,1.5206277304873068
119.17700000000001,1.5186772198341698
119.178,1.5167287889931005
119.179,1.5147824482319674
119.18000000000001,1.5128382078589526
119.181,1.510896078222471
119.182,1.5089560697110074
119.18299999999999,1.5070181927530089
119.184,1.5050824578167685
119.185,1.5031488754102726
119.18600000000001,1.5012174560810982
119.187,1.4992882104162872
119.188,1.4973611490421936
119.18899999999999,1.4954362826243912
119.19,1.493513621867516
119.191,1.4915931775151461
119.19200000000001,1.489674960349699
119.193,1.48775898119226
119.194,1.4858452509024787
119.19499999999999,1.4839337803784358
119.196,1.4820245805565089
119.197,1.4801176624112473
119.19799999999999,1.4782130369552349
119.199,1.4763107152389605
119.2,1.4744107083506894
119.20099999999999,1.4725130274163285
119.202,1.4706176835992961
119.203,1.4687246881003804
119.20399999999999,1.4668340521576153
119.205,1.4649457870461493
119.206,1.4630599040781094
119.20699999999999,1.4611764146024488
119.208,1.4592953300048399
119.209,1.4574166617075202
119.20999999999999,1.4555404211691656
119.211,1.4536666198847559
119.212,1.4517952693854306
119.21299999999999,1.4499263812383509
119.214,1.4480599670465817
119.215,1.4461960384489259
119.21599999999999,1.4443346071198133
119.217,1.4424756847691504
119.218,1.4406192831421798
119.21899999999999,1.4387654140193409
119.22,1.4369140892161461
119.221,1.4350653205830217
119.22199999999999,1.4332191200051787
119.223,1.4313754994024714
119.224,1.4295344707292581
119.22499999999999,1.427696045974264
119.226,1.4258602371604261
119.227,1.4240270563447703
119.22799999999999,1.422196515618255
119.229,1.4203686271056304
119.23,1.4185434029653221
119.23099999999999,1.4167208553892492
119.232,1.4149009966027051
119.233,1.413083838864214
119.23399999999999,1.4112693944653725
119.235,1.409457675730734
119.236,1.4076486950176323
119.23699999999999,1.4058424647160579
119.238,1.4040389972485121
119.239,1.4022383050698464
119.23999999999999,1.4004404006671447
119.241,1.3986452965595522
119.242,1.3968530052981381
119.24299999999999,1.3950635394657644
119.244,1.3932769116769079
119.245,1.3914931345775488
119.246,1.3897122208450037
119.247,1.3879341831877732
119.248,1.3861590343454184
119.249,1.3843867870883866
119.25,1.3826174542178835
119.251,1.3808510485657155
119.252,1.3790875829941402
119.253,1.3773270703957221
119.254,1.3755695236931849
119.255,1.3738149558392563
119.256,1.3720633798165278
119.25700000000001,1.3703148086372932
119.258,1.3685692553434061
119.259,1.3668267330061354
119.26000000000001,1.3650872547260042
119.261,1.363350833632637
119.262,1.361617482884631
119.26300000000001,1.3598872156693724
119.264,1.3581600452029117
119.265,1.3564359847298026
119.26600000000001,1.3547150475229484
119.267,1.3529972468834555
119.268,1.3512825961404711
119.26900000000001,1.349571108651042
119.27,1.3478627977999662
119.271,1.3461576769996104
119.27200000000001,1.3444557596898021
119.273,1.3427570593376332
119.274,1.3410615894373399
119.27500000000001,1.3393693635101318
119.276,1.3376803951040299
119.277,1.3359946977937429
119.27800000000001,1.3343122851804827
119.279,1.3326331708918204
119.28,1.3309573685815432
119.28100000000001,1.3292848919294755
119.282,1.327615754641347
119.283,1.3259499704486342
119.28400000000001,1.3242875531083822
119.285,1.322628516403074
119.286,1.3209728741404783
119.28700000000001,1.3193206401534614
119.288,1.3176718282998721
119.289,1.3160264524623491
119.29000000000001,1.3143845265481964
119.291,1.3127460644891984
119.292,1.3111110802414816
119.29300000000001,1.3094795877853544
119.294,1.307851601125144
119.295,1.3062271342890457
119.29600000000001,1.3046062013289619
119.297,1.3029888163203487
119.298,1.301374993362048
119.29900000000001,1.2997647465761502
119.3,1.2981580901078029
119.301,1.296555038125091
119.30200000000001,1.2949556048188602
119.303,1.2933598044025463
119.304,1.2917676511120399
119.30500000000001,1.2901791592055054
119.306,1.2885943429632469
119.307,1.2870132166875372
119.30799999999999,1.2854357947024466
119.309,1.283862091353698
119.31,1.282292121008515
119.31100000000001,1.2807258980554357
119.312,1.2791634369041849
119.313,1.2776047519854898
119.31399999999999,1.2760498577509287
119.315,1.2744987686727796
119.316,1.2729514992438486
119.31700000000001,1.2714080639773127
119.318,1.2698684774065621
119.319,1.2683327540850311
119.31999999999999,1.2668009085860596
119.321,1.2652729555027074
119.322,1.2637489094476047
119.32299999999999,1.2622287850527925
119.324,1.260712596969561
119.325,1.2592003598682837
119.32599999999999,1.2576920884382661
119.327,1.2561877973875712
119.328,1.2546875014428771
119.32899999999999,1.2531912153492877
119.33,1.2516989538702048
119.331,1.2502107317871409
119.33199999999999,1.2487265638995675
119.333,1.2472464650247577
119.334,1.2457704499976103
119.33499999999999,1.2442985336705041
119.336,1.242830730913127
119.337,1.2413670566123185
119.33799999999999,1.2399075256718992
119.339,1.2384521530125221
119.34,1.237000953571497
119.34099999999999,1.2355539423026423
119.342,1.2341111341761084
119.343,1.2326725441782225
119.34399999999999,1.2312381873113287
119.345,1.2298080785936141
119.346,1.2283822330589758
119.34699999999999,1.2269606657568128
119.348,1.2255433917519034
119.349,1.2241304261242167
119.34999999999999,1.2227217839687741
119.351,1.2213174803954572
119.352,1.2199175305288772
119.35299999999999,1.2185219495081787
119.354,1.2171307524869026
119.355,1.2157439546328164
119.35599999999999,1.2143615711277504
119.357,1.2129836171674171
119.358,1.2116101079612902
119.35899999999999,1.2102410587323904
119.36,1.20887648471717
119.361,1.2075164011653134
119.36199999999999,1.2061608233395951
119.363,1.2048097665157029
119.364,1.2034632459820909
119.36499999999999,1.2021212770398038
119.366,1.2007838750023119
119.367,1.1994510551953546
119.36799999999999,1.1981228329567839
119.369,1.1967992236363836
119.37,1.1954802425957161
119.371,1.1941659052079612
119.372,1.1928562268577516
119.373,1.1915512229409997
119.374,1.190250908864751
119.375,1.1889553000470097
119.376,1.1876644119165753
119.377,1.1863782599128816
119.378,1.1850968594858384
119.379,1.1838202260956658
119.38,1.1825483752127175
119.381,1.1812813223173362
119.38200000000001,1.1800190828996802
119.383,1.1787616724595655
119.384,1.1775091065062993
119.38500000000001,1.1762614005585161
119.386,1.1750185701440106
119.387,1.1737806307995888
119.38800000000001,1.1725475980708879
119.389,1.171319487512225
119.39,1.1700963146864263
119.39100000000001,1.1688780951646656
119.392,1.1676648445263087
119.393,1.1664565783587404
119.39400000000001,1.1652533122572055
119.395,1.164055061824643
119.396,1.1628618426715307
119.39700000000001,1.1616736704157153
119.398,1.1604905606822444
119.399,1.1593125291032196
119.40000000000001,1.1581395913176198
119.401,1.156971762971142
119.402,1.1558090597160426
119.40300000000001,1.1546514972109676
119.404,1.1534990911207956
119.405,1.1523518571164721
119.40600000000001,1.1512098108748459
119.407,1.1500729680785113
119.408,1.1489413444156387
119.40900000000001,1.1478149555798183
119.41,1.1466938172698939
119.411,1.1455779451898029
119.41200000000001,1.1444673550484104
119.413,1.1433620625593515
119.414,1.1422620834408579
119.41500000000001,1.1411674334156179
119.416,1.140078128210591
119.417,1.1389941835568542
119.41800000000001,1.1379156151894483
119.419,1.1368424388471994
119.42,1.1357746702725735
119.42100000000001,1.1347123252115001
119.422,1.1336554194132238
119.423,1.1326039686301288
119.42400000000001,1.1315579886175942
119.425,1.1305174951338086
119.426,1.1294825039396339
119.42700000000001,1.1284530307984315
119.428,1.1274290914758911
119.429,1.1264107017398926
119.43000000000001,1.125397877360317
119.431,1.1243906341089189
119.432,1.123388987759129
119.43299999999999,1.1223929540859221
119.434,1.1214025488656327
119.435,1.1204177878758208
119.43600000000001,1.119438686895081
119.437,1.1184652617029076
119.438,1.117497528079515
119.43899999999999,1.1165355018056855
119.44,1.1155791986626198
119.441,1.1146286344317462
119.44200000000001,1.1136838248945915
119.443,1.1127447858326041
119.444,1.1118115330269986
119.44499999999999,1.110884082258595
119.446,1.1099624493076579
119.447,1.109046649953733
119.44799999999999,1.1081366999754978
119.449,1.1072326151505947
119.45,1.1063344112554643
119.45099999999999,1.1054421040651985
119.452,1.1045557093533798
119.453,1.103675242891909
119.45399999999999,1.1028007204508636
119.455,1.1019321577983241
119.456,1.1010695707002183
119.45699999999999,1.1002129749201717
119.458,1.0993623862193389
119.459,1.0985178203562425
119.45999999999999,1.0976792930866233
119.461,1.0968468201632762
119.462,1.0960204173358932
119.46299999999999,1.0952001003509073
119.464,1.0943858849513248
119.465,1.0935777868765766
119.46599999999999,1.0927758218623622
119.467,1.0919800056404878
119.468,1.0911903539386922
119.46899999999999,1.0904068824805235
119.47,1.089629606985147
119.471,1.0888585431672071
119.47199999999999,1.0880937067366745
119.473,1.0873351133986695
119.474,1.0865827788533153
119.47499999999999,1.0858367187955886
119.476,1.0850969489151461
119.477,1.0843634848961792
119.47799999999999,1.0836363424172604
119.479,1.0829155371511643
119.48,1.0822010847647461
119.48099999999999,1.0814930009187524
119.482,1.0807913012676844
119.483,1.0800960014596355
119.48399999999999,1.0794071171361352
119.485,1.0787246639319936
119.486,1.0780486574751464
119.48699999999999,1.0773791133864952
119.488,1.0767160472797634
119.489,1.0760594747613177
119.48999999999999,1.0754094114300425
119.491,1.0747658728771621
119.492,1.0741288746860913
119.49299999999999,1.0734984324322874
119.494,1.0728745616830904
119.495,1.0722572779975568
119.496,1.0716465969263347
119.497,1.0710425340114735
119.498,1.0704451047863004
119.499,1.0698543247752448
119.5,1.0692702094936897
119.501,1.068692774447829
119.502,1.0681220351344991
119.503,1.0675580070410333
119.504,1.0670007056450983
119.505,1.0664501464145626
119.506,1.0659063448073165
119.50700000000001,1.0653693162711375
119.508,1.0648390762435256
119.509,1.0643156401515645
119.51000000000001,1.0637990234117509
119.511,1.0632892414298589
119.512,1.0627863096007768
119.51300000000001,1.0622902433083512
119.514,1.0618010579252564
119.515,1.0613187688128103
119.51600000000001,1.0608433913208528
119.517,1.0603749407875769
119.518,1.0599134325393711
119.51900000000001,1.0594588818906916
119.52,1.0590113041438924
119.521,1.0585707145890706
119.52200000000001,1.0581371285039323
119.523,1.0577105611536286
119.524,1.0572910277906111
119.52500000000001,1.056878543654473
119.526,1.0564731239718124
119.527,1.0560747839560689
119.52800000000001,1.0556835388073731
119.529,1.055299403712415
119.53,1.0549223938442707
119.53100000000001,1.0545525243622595
119.532,1.0541898104118059
119.533,1.0538342671242815
119.53400000000001,1.0534859096168487
119.535,1.0531447529923168
119.536,1.0528108123390085
119.53700000000001,1.052484102730574
119.538,1.0521646392258845
119.539,1.051852436868862
119.54000000000001,1.0515475106883208
119.541,1.051249875697837
119.542,1.0509595468955997
119.54300000000001,1.0506765392642541
119.544,1.0504008677707497
119.545,1.0501325473662138
119.54600000000001,1.0498715929857787
119.547,1.0496180195484439
119.548,1.0493718419569433
119.54900000000001,1.0491330750975747
119.55,1.048901733840061
119.551,1.0486778330374174
119.55200000000001,1.0484613875257744
119.553,1.0482524121242685
119.554,1.0480509216348681
119.55500000000001,1.0478569308422339
119.556,1.0476704545135733
119.557,1.0474915073985041
119.55799999999999,1.0473201042288911
119.559,1.0471562597187198
119.56,1.0469999885639336
119.56100000000001,1.0468513054422925
119.562,1.0467102250132438
119.563,1.0465767619177535
119.56399999999999,1.04645093077817
119.565,1.046332746198096
119.566,1.0462222227622149
119.56700000000001,1.0461193750361675
119.568,1.0460242175664041
119.569,1.0459367648800277
119.56999999999999,1.045857031484666
119.571,1.0457850318683233
119.572,1.0457207804992346
119.57299999999999,1.0456642918257169
119.574,1.0456155802760403
119.575,1.0455746602582621
119.57599999999999,1.0455415461601125
119.577,1.0455162523488264
119.578,1.0454987931710216
119.57899999999999,1.0454891829525335
119.58,1.0454874359982917
119.581,1.0454935665921667
119.58199999999999,1.045507588996839
119.583,1.0455295174536476
119.584,1.0455593661824478
119.58499999999999,1.0455971493814717
119.586,1.0456428812271976
119.587,1.0456965758741861
119.58799999999999,1.0457582474549572
119.589,1.0458279100798467
119.59,1.0459055778368607
119.59099999999999,1.0459912647915299
119.592,1.0460849849867866
119.593,1.046186752442807
119.59399999999999,1.0462965811568814
119.595,1.0464144851032708
119.596,1.0465404782330592
119.59699999999999,1.0466745744740289
119.598,1.0468167877305135
119.599,1.0469671318832539
119.59999999999999,1.0471256207892685
119.601,1.0472922682817054
119.602,1.0474670881697088
119.60299999999999,1.0476500942382847
119.604,1.0478413002481457
119.605,1.0480407199355917
119.60599999999999,1.0482483670123595
119.607,1.0484642551654892
119.608,1.0486883980571913
119.60899999999999,1.0489208093246956
119.61,1.0491615025801242
119.611,1.0494104914103528
119.61199999999999,1.0496677893768684
119.613,1.0499334100156412
119.614,1.0502073668369745
119.61499999999999,1.0504896733253839
119.616,1.0507803429394453
119.617,1.0510793891116719
119.61799999999999,1.0513868252483676
119.619,1.0517026647294927
119.62,1.0520269209085338
119.621,1.0523596071123642
119.622,1.0527007366411083
119.623,1.0530503227680015
119.624,1.0534083787392619
119.625,1.0537749177739648
119.626,1.0541499530638727
119.627,1.0545334977733423
119.628,1.05492556503916
119.629,1.0553261679704276
119.63,1.0557353196484116
119.631,1.0561530331264235
119.63200000000001,1.0565793214296701
119.633,1.057014197555133
119.634,1.0574576744714284
119.63500000000001,1.0579097651186797
119.636,1.0583704824083791
119.637,1.0588398392232483
119.63800000000001,1.059317848417118
119.639,1.059804522814793
119.64,1.0602998752119093
119.64100000000001,1.060803918374811
119.642,1.061316665040418
119.643,1.0618381279160896
119.64400000000001,1.0623683196794884
119.645,1.0629072529784696
119.646,1.0634549404309137
119.64700000000001,1.0640113946246343
119.648,1.0645766281172184
119.649,1.0651506534359032
119.65000000000001,1.0657334830774541
119.651,1.0663251295080174
119.652,1.0669256051630076
119.65300000000001,1.0675349224469646
119.654,1.0681530937334265
119.655,1.0687801313647971
119.65600000000001,1.069416047652227
119.657,1.0700608548754713
119.658,1.0707145652827565
119.65900000000001,1.0713771910906749
119.66,1.0720487444840305
119.661,1.072729237615714
119.66200000000001,1.0734186826065859
119.663,1.074117091545346
119.664,1.0748244764883816
119.66500000000001,1.0755408494596768
119.666,1.0762662224506463
119.667,1.0770006074200422
119.66800000000001,1.0777440162937997
119.669,1.0784964609649159
119.67,1.0792579532933346
119.67100000000001,1.0800285051058056
119.672,1.080808128195762
119.673,1.0815968343231874
119.67400000000001,1.0823946352145073
119.675,1.0832015425624331
119.676,1.0840175680258675
119.67700000000001,1.0848427232297542
119.678,1.085677019764963
119.679,1.0865204691881574
119.68000000000001,1.0873730830216815
119.681,1.0882348727534168
119.682,1.0891058498366664
119.68299999999999,1.0899860256900351
119.684,1.0908754116972936
119.685,1.091774019207258
119.68600000000001,1.0926818595336614
119.687,1.0935989439550409
119.688,1.0945252837146053
119.68899999999999,1.095460890020105
119.69,1.0964057740437156
119.691,1.0973599469219109
119.69200000000001,1.0983234197553475
119.693,1.0992962036087326
119.694,1.1002783095106949
119.69499999999999,1.1012697484536786
119.696,1.1022705313938073
119.697,1.1032806692507666
119.69799999999999,1.1043001729076773
119.699,1.1053290532109823
119.7,1.1063673209703071
119.70099999999999,1.1074149869583569
119.702,1.1084720619107877
119.703,1.1095385565260787
119.70399999999999,1.1106144814654135
119.705,1.111699847352567
119.706,1.1127946647737792
119.70699999999999,1.1138989442776193
119.708,1.1150126963749001
119.709,1.1161359315385211
119.70999999999999,1.1172686602033635
119.711,1.1184108927661773
119.712,1.1195626395854543
119.71299999999999,1.1207239109812959
119.714,1.1218947172353175
119.715,1.1230750685905102
119.71599999999999,1.1242649752511367
119.717,1.1254644473825917
119.718,1.1266734951113029
119.71899999999999,1.1278921285246082
119.72,1.1291203576706266
119.721,1.130358192558147
119.72199999999999,1.1316056431565131
119.723,1.1328627193955028
119.724,1.1341294311652159
119.72499999999999,1.1354057883159354
119.726,1.1366918006580389
119.727,1.1379874779618615
119.72799999999999,1.1392928299575944
119.729,1.1406078663351491
119.73,1.1419325967440546
119.73099999999999,1.1432670307933444
119.732,1.1446111780514219
119.733,1.1459650480459664
119.73399999999999,1.1473286502637963
119.735,1.1487019941507779
119.736,1.1500850891116867
119.73699999999999,1.1514779445101058
119.738,1.1528805696683033
119.739,1.1542929738671279
119.73999999999999,1.1557151663458822
119.741,1.1571471563022186
119.742,1.1585889528920124
119.74299999999999,1.1600405652292691
119.744,1.1615020023859877
119.745,1.1629732733920541
119.746,1.1644543872351438
119.747,1.1659453528605852
119.748,1.1674461791712578
119.749,1.1689568750274857
119.75,1.1704774492469141
119.751,1.172007910604395
119.752,1.1735482678318896
119.753,1.1750985296183507
119.754,1.176658704609596
119.755,1.1782288014082225
119.756,1.1798088285734709
119.75700000000001,1.181398794621134
119.758,1.182998708023431
119.759,1.1846085772089066
119.76000000000001,1.1862284105623229
119.761,1.1878582164245279
119.762,1.1894980030923796
119.76300000000001,1.1911477788186025
119.764,1.1928075518117045
119.765,1.1944773302358498
119.76600000000001,1.196157122210761
119.767,1.1978469358116011
119.768,1.1995467790688776
119.76900000000001,1.2012566599683172
119.77,1.2029765864507702
119.771,1.2047065664120966
119.77200000000001,1.2064466077030676
119.773,1.2081967181292448
119.774,1.2099569054508743
119.77500000000001,1.2117271773827987
119.776,1.2135075415943211
119.777,1.2152980057091261
119.77800000000001,1.2170985773051501
119.779,1.2189092639144903
119.78,1.2207300730232951
119.78100000000001,1.2225610120716561
119.782,1.2244020884535038
119.783,1.2262533095165022
119.78400000000001,1.2281146825619431
119.785,1.229986214844647
119.786,1.2318679135728485
119.78700000000001,1.2337597859080978
119.788,1.235661838965163
119.789,1.2375740798119135
119.79000000000001,1.2394965154692208
119.791,1.241429152910861
119.792,1.2433719990634031
119.79300000000001,1.2453250608061215
119.794,1.2472883449708685
119.795,1.2492618583419923
119.79600000000001,1.2512456076562251
119.797,1.2532395996025958
119.798,1.255243840822301
119.79900000000001,1.2572583379086339
119.8,1.2592830974068574
119.801,1.2613181258141239
119.80200000000001,1.2633634295793599
119.803,1.2654190151031754
119.804,1.2674848887377561
119.80500000000001,1.2695610567867686
119.806,1.2716475255052591
119.807,1.2737443010995591
119.80799999999999,1.2758513897271728
119.809,1.2779687974966971
119.81,1.2800965304676999
119.81100000000001,1.2822345946506457
119.812,1.2843829960067852
119.813,1.286541740448055
119.81399999999999,1.288710833836985
119.815,1.2908902819865993
119.816,1.2930800906603264
119.81700000000001,1.2952802655718949
119.818,1.2974908123852231
119.819,1.2997117367143598
119.81999999999999,1.3019430441233544
119.821,1.3041847401261719
119.822,1.3064368301866078
119.82299999999999,1.3086993197181773
119.824,1.3109722140840321
119.825,1.3132555185968577
119.82599999999999,1.3155492385187777
119.827,1.3178533790612761
119.828,1.3201679453850885
119.82899999999999,1.3224929426001113
119.83,1.3248283757653068
119.831,1.3271742498886165
119.83199999999999,1.329530569926864
119.833,1.3318973407856691
119.834,1.3342745673193412
119.83499999999999,1.336662254330806
119.836,1.339060406571501
119.837,1.3414690287412894
119.83799999999999,1.3438881254883661
119.839,1.3463177014091792
119.84,1.3487577610483126
119.84099999999999,1.3512083088984308
119.842,1.353669349400169
119.843,1.3561408869420355
119.84399999999999,1.3586229258603457
119.845,1.3611154704391186
119.846,1.3636185249099884
119.84699999999999,1.3661320934521257
119.848,1.3686561801921304
119.849,1.3711907892039801
119.84999999999999,1.3737359245088978
119.851,1.376291590075295
119.852,1.3788577898186845
119.85299999999999,1.3814345276015736
119.854,1.3840218072334023
119.855,1.3866196324704485
119.85599999999999,1.3892280070157261
119.857,1.391846934518935
119.858,1.3944764185763401
119.85899999999999,1.3971164627307091
119.86,1.3997670704712299
119.861,1.4024282452334096
119.86199999999999,1.4050999903990022
119.863,1.4077823092959354
119.864,1.4104752051981999
119.86499999999999,1.4131786813258012
119.866,1.4158927408446511
119.867,1.4186173868664893
119.86799999999999,1.4213526224488264
119.869,1.4240984505948315
119.87,1.4268548742532665
119.871,1.4296218963184046
119.872,1.4323995196299519
119.873,1.4351877469729621
119.874,1.4379865810777568
119.875,1.4407960246198586
119.876,1.4436160802199045
119.877,1.4464467504435563
119.878,1.4492880378014428
119.879,1.4521399447490715
119.88,1.4550024736867473
119.881,1.457875626959505
119.88200000000001,1.4607594068570369
119.883,1.4636538156135863
119.884,1.4665588554079201
119.88500000000001,1.4694745283632036
119.886,1.4724008365469718
119.887,1.4753377819710123
119.88800000000001,1.47828536659132
119.889,1.4812435923080143
119.89,1.4842124609652592
119.89100000000001,1.4871919743512039
119.892,1.4901821341978871
119.893,1.493182942181198
119.89400000000001,1.4961943999207694
119.895,1.4992165089799341
119.896,1.5022492708656279
119.89700000000001,1.5052926870283423
119.898,1.5083467588620421
119.899,1.5114114877040903
119.90000000000001,1.5144868748351932
119.901,1.5175729214793157
119.902,1.5206696288036221
119.90300000000001,1.5237769979184026
119.904,1.5268950298770056
119.905,1.5300237256757718
119.90600000000001,1.5331630862539685
119.907,1.5363131124937175
119.908,1.5394738052199277
119.90900000000001,1.5426451652002315
119.91,1.5458271931449288
119.911,1.5490198897068979
119.91200000000001,1.5522232554815578
119.913,1.5554372910067762
119.914,1.5586619967628297
119.91500000000001,1.561897373172326
119.916,1.5651434206001411
119.917,1.5684001393533624
119.91800000000001,1.5716675296812228
119.919,1.5749455917750321
119.92,1.5782343257681339
119.92100000000001,1.5815337317358185
119.922,1.5848438096952804
119.923,1.588164559605554
119.92400000000001,1.5914959813674505
119.925,1.5948380748235003
119.926,1.5981908397578926
119.92700000000001,1.6015542758964194
119.928,1.6049283829064107
119.929,1.6083131603966869
119.93000000000001,1.6117086079174909
119.931,1.6151147249604358
119.932,1.6185315109584477
119.93299999999999,1.6219589652857114
119.934,1.6253970872576169
119.935,1.6288458761306901
119.93600000000001,1.6323053311025519
119.937,1.6357754513118672
119.938,1.6392562358382761
119.93899999999999,1.6427476837023458
119.94,1.6462497938655258
119.941,1.6497625652300933
119.94200000000001,1.6532859966390852
119.943,1.6568200868762615
119.944,1.6603648346660622
119.94499999999999,1.6639202386735272
119.946,1.6674862975042855
119.947,1.6710630097044596
119.94799999999999,1.6746503737606608
119.949,1.6782483880999057
119.95,1.6818570510895945
119.95099999999999,1.6854763610374417
119.952,1.6891063161914346
119.953,1.6927469147398091
119.95399999999999,1.696398154810957
119.955,1.7000600344734218
119.956,1.7037325517358348
119.95699999999999,1.7074157045468721
119.958,1.7111094907952191
119.959,1.7148139083095031
119.95999999999999,1.7185289548582701
119.961,1.7222546281499456
119.962,1.7259909258327732
119.96299999999999,1.729737845494782
119.964,1.7334953846637509
119.965,1.7372635408071566
119.96599999999999,1.741042311332144
119.967,1.7448316935854711
119.968,1.7486316848534831
119.96899999999999,1.7524422823620696
119.97,1.7562634832766237
119.971,1.760095284702007
119.97199999999999,1.7639376836825009
119.973,1.7677906772017924
119.974,1.7716542621829205
119.97499999999999,1.7755284354882295
119.976,1.7794131939193649
119.977,1.7833085342172126
119.97799999999999,1.7872144530618757
119.979,1.7911309470726322
119.98,1.7950580128079112
119.98099999999999,1.7989956467652557
119.982,1.8029438453812925
119.983,1.806902605031687
119.98399999999999,1.8108719220311333
119.985,1.814851792633315
119.986,1.818842213030861
119.98699999999999,1.822843179355341
119.988,1.8268546876772089
119.989,1.8308767340057952
119.98999999999999,1.8349093142892792
119.991,1.8389524244146425
119.992,1.8430060602076521
119.99299999999999,1.8470702174328486
119.994,1.8511448917934921
119.995,1.8552300789315628
119.996,1.8593257744277185
119.997,1.8634319738012777
119.998,1.8675486725102028
119.999,1.8716758659510502
120,1.875813549458984
120.001,1.8799617183077353
120.002,1.8841203677095701
120.003,1.8882894928152925
120.004,1.8924690887142028
120.005,1.8966591504340919
120.006,1.9008596729412197
120.00700000000001,1.905070651140286
120.008,1.9092920798744242
120.009,1.9135239539251794
120.01000000000001,1.9177662680124907
120.011,1.922019016794684
120.012,1.9262821948684299
120.01300000000001,1.9305557967687674
120.014,1.9348398169690517
120.015,1.9391342498809725
120.01600000000001,1.9434390898545075
120.017,1.9477543311779408
120.018,1.952079968077832
120.01900000000001,1.9564159947190101
120.02,1.9607624052045556
120.021,1.9651191935758066
120.02200000000001,1.9694863538123339
120.023,1.9738638798319306
120.024,1.9782517654906138
120.02500000000001,1.9826500045826099
120.026,1.9870585908403511
120.027,1.9914775179344639
120.02800000000001,1.995906779473763
120.029,2.0003463690052512
120.03,2.0047962800141059
120.03100000000001,2.0092565059236831
120.032,2.0137270400955072
120.033,2.0182078758292703
120.03400000000001,2.022699006362831
120.035,2.027200424872206
120.036,2.0317121244715803
120.03700000000001,2.0362340982132867
120.038,2.040766339087833
120.039,2.0453088400238832
120.04000000000001,2.0498615938882532
120.041,2.0544245934859311
120.042,2.0589978315600699
120.04300000000001,2.063581300791987
120.044,2.0681749938011742
120.045,2.0727789031452968
120.04600000000001,2.0773930213202072
120.047,2.0820173407599367
120.048,2.0866518538367069
120.04900000000001,2.091296552860948
120.05,2.0959514300812865
120.051,2.1006164776845719
120.05200000000001,2.1052916877958658
120.053,2.1099770524784645
120.054,2.1146725637339139
120.05500000000001,2.1193782135020061
120.056,2.1240939936607912
120.057,2.1288198960266045
120.05799999999999,2.1335559123540584
120.059,2.1383020343360792
120.06,2.1430582536038898
120.06100000000001,2.1478245617270542
120.062,2.15260095021348
120.063,2.157387410509426
120.06399999999999,2.1621839339995326
120.065,2.1669905120068318
120.066,2.1718071357927635
120.06700000000001,2.1766337965572009
120.068,2.1814704854384575
120.069,2.1863171935133172
120.06999999999999,2.1911739117970552
120.071,2.1960406312434464
120.072,2.2009173427448041
120.07299999999999,2.2058040371319847
120.074,2.2107007051744274
120.075,2.2156073375801686
120.07599999999999,2.2205239249958568
120.077,2.225450458006804
120.078,2.2303869271369869
120.07899999999999,2.2353333228490815
120.08,2.2402896355444875
120.081,2.2452558555633684
120.08199999999999,2.2502319731846621
120.083,2.2552179786261197
120.084,2.2602138620443304
120.08499999999999,2.2652196135347564
120.086,2.270235223131766
120.087,2.2752606808086533
120.08799999999999,2.2802959764776842
120.089,2.2853410999901214
120.09,2.2903960411362609
120.09099999999999,2.2954607896454657
120.092,2.3005353351862023
120.093,2.3056196673660661
120.09399999999999,2.3107137757318461
120.095,2.3158176497695231
120.096,2.3209312789043333
120.09699999999999,2.3260546525008055
120.098,2.331187759862793
120.099,2.3363305902335139
120.09999999999999,2.3414831327955898
120.101,2.3466453766710971
120.102,2.351817310921601
120.10299999999999,2.3569989245482033
120.104,2.3621902064915701
120.105,2.3673911456320016
120.10599999999999,2.3726017307894538
120.107,2.3778219507236025
120.108,2.3830517941338671
120.10899999999999,2.3882912496594799
120.11,2.3935403058795224
120.111,2.3987989513129735
120.11199999999999,2.4040671744187589
120.113,2.4093449635958044
120.114,2.4146323071830853
120.11499999999999,2.4199291934596698
120.116,2.4252356106447803
120.117,2.4305515468978407
120.11799999999999,2.4358769903185329
120.119,2.4412119289468475
120.12,2.4465563507631356
120.121,2.4519102436881735
120.122,2.4572735955832075
120.123,2.4626463942500241
120.124,2.4680286274309848
120.125,2.4734202828091134
120.126,2.4788213480081316
120.127,2.4842318105925263
120.128,2.4896516580676167
120.129,2.4950808778795972
120.13,2.5005194574156189
120.131,2.5059673840038417
120.13200000000001,2.5114246449134989
120.133,2.5168912273549489
120.134,2.5223671184797749
120.13500000000001,2.527852305380808
120.136,2.5333467750922201
120.137,2.5388505145895683
120.13800000000001,2.5443635107898976
120.139,2.5498857505517667
120.14,2.5554172206753534
120.14100000000001,2.5609579079024907
120.142,2.5665077989167684
120.143,2.5720668803435771
120.14400000000001,2.5776351387502077
120.145,2.5832125606458889
120.146,2.5887991324818866
120.14700000000001,2.5943948406515749
120.148,2.5999996714905023
120.149,2.6056136112764596
120.15000000000001,2.6112366462295866
120.151,2.6168687625124067
120.152,2.6225099462299402
120.15300000000001,2.6281601834297619
120.154,2.6338194601020781
120.155,2.6394877621798245
120.15600000000001,2.6451650755387375
120.157,2.6508513859974103
120.158,2.6565466793174228
120.15900000000001,2.662250941203379
120.16,2.6679641573030213
120.161,2.6736863132072846
120.16200000000001,2.6794173944504114
120.163,2.6851573865100216
120.164,2.6909062748071948
120.16500000000001,2.6966640447065546
120.166,2.7024306815163759
120.167,2.7082061704886531
120.16800000000001,2.7139904968191959
120.169,2.7197836456477105
120.17,2.7255856020579055
120.17100000000001,2.7313963510775725
120.172,2.7372158776786804
120.173,2.7430441667774552
120.17400000000001,2.7488812032344998
120.175,2.7547269718548555
120.176,2.7605814573881284
120.17700000000001,2.7664446445285535
120.178,2.772316517915113
120.179,2.7781970621316243
120.18000000000001,2.7840862617068427
120.181,2.7899841011145408
120.182,2.7958905647736327
120.18299999999999,2.8018056370482585
120.184,2.8077293022478824
120.185,2.8136615446274003
120.18600000000001,2.8196023483872423
120.187,2.8255516976734651
120.188,2.8315095765778691
120.18899999999999,2.8374759691380809
120.19,2.8434508593376839
120.191,2.8494342311062999
120.19200000000001,2.8554260683197104
120.193,2.8614263547999461
120.194,2.86743507431542
120.19499999999999,2.8734522105810112
120.196,2.8794777472581821
120.197,2.8855116679550825
120.19799999999999,2.8915539562266717
120.199,2.8976045955748178
120.2,2.903663569448419
120.20099999999999,2.9097308612434913
120.202,2.9158064543033158
120.203,2.9218903319185272
120.20399999999999,2.9279824773272396
120.205,2.9340828737151465
120.206,2.9401915042156572
120.20699999999999,2.9463083519099951
120.208,2.9524333998273327
120.209,2.9585666309448828
120.20999999999999,2.9647080281880354
120.211,2.9708575744304766
120.212,2.9770152524943057
120.21299999999999,2.9831810451501428
120.214,2.9893549351172721
120.215,2.995536905063743
120.21599999999999,3.001726937606509
120.217,3.0079250153115367
120.218,3.0141311206939321
120.21899999999999,3.0203452362180738
120.22,3.0265673442977357
120.221,3.0327974272961922
120.22199999999999,3.0390354675263818
120.223,3.0452814472509964
120.224,3.0515353486826404
120.22499999999999,3.0577971539839273
120.226,3.0640668452676421
120.227,3.0703444045968395
120.22799999999999,3.076629813985007
120.229,3.082923055396158
120.23,3.0892241107449956
120.23099999999999,3.0955329618970295
120.232,3.101849590668714
120.233,3.1081739788275717
120.23399999999999,3.114506108092352
120.235,3.1208459601331247
120.236,3.1271935165714675
120.23699999999999,3.133548758980556
120.238,3.1399116688853259
120.239,3.1462822277626015
120.23999999999999,3.152660417041246
120.241,3.1590462181022776
120.242,3.1654396122790343
120.24299999999999,3.1718405808572872
120.244,3.1782491050754187
120.245,3.1846651661245136
120.246,3.1910887451485515
120.247,3.1975198232445141
120.248,3.2039583814625519
120.249,3.2104044008060972
120.25,3.2168578622320534
120.251,3.2233187466508957
120.252,3.2297870349268498
120.253,3.2362627078780219
120.254,3.242745746276543
120.255,3.2492361308487312
120.256,3.2557338422752244
120.25700000000001,3.2622388611911486
120.258,3.2687511681862365
120.259,3.2752707438050157
120.26000000000001,3.2817975685469252
120.261,3.2883316228665014
120.262,3.2948728871734816
120.26300000000001,3.3014213418330125
120.264,3.3079769671657653
120.265,3.3145397434481061
120.26600000000001,3.3211096509122351
120.267,3.3276866697463587
120.268,3.3342707800948443
120.26900000000001,3.3408619620583684
120.27,3.3474601956940608
120.271,3.3540654610156939
120.27200000000001,3.3606777379938193
120.273,3.3672970065559298
120.274,3.3739232465866187
120.27500000000001,3.3805564379277433
120.276,3.387196560378579
120.277,3.3938435936959976
120.27800000000001,3.4004975175945873
120.279,3.4071583117468731
120.28,3.4138259557834236
120.28100000000001,3.4205004292930723
120.282,3.4271817118230121
120.283,3.4338697828790194
120.28400000000001,3.4405646219255956
120.285,3.4472662083861225
120.286,3.453974521643048
120.28700000000001,3.4606895410380445
120.288,3.4674112458721735
120.289,3.474139615406056
120.29000000000001,3.4808746288600392
120.291,3.4876162654143643
120.292,3.494364504209353
120.29300000000001,3.5011193243455465
120.294,3.5078807048838963
120.295,3.5146486248459397
120.29600000000001,3.5214230632139505
120.297,3.5282039989311365
120.298,3.5349914109017884
120.29900000000001,3.5417852779914751
120.3,3.5485855790271965
120.301,3.5553922927975736
120.30200000000001,3.5622053980530164
120.303,3.5690248735058967
120.304,3.5758506978307358
120.30500000000001,3.582682849664367
120.306,3.5895213076061099
120.307,3.5963660502179708
120.30799999999999,3.6032170560247994
120.309,3.6100743035144718
120.31,3.616937771138073
120.31100000000001,3.6238074373100706
120.312,3.6306832804085039
120.313,3.6375652787751549
120.31399999999999,3.6444534107157289
120.315,3.6513476545000505
120.316,3.6582479883622274
120.31700000000001,3.6651543905008475
120.318,3.6720668390791382
120.319,3.6789853122251781
120.31999999999999,3.6859097880320739
120.321,3.6928402445581257
120.322,3.6997766598270303
120.32299999999999,3.7067190118280631
120.324,3.7136672785162581
120.325,3.7206214378126088
120.32599999999999,3.7275814676042232
120.327,3.7345473457445455
120.328,3.7415190500535296
120.32899999999999,3.7484965583178242
120.33,3.7554798482909568
120.331,3.7624688976935357
120.33199999999999,3.7694636842134321
120.333,3.7764641855059771
120.334,3.7834703791941222
120.33499999999999,3.7904822428686749
120.336,3.7974997540884625
120.337,3.8045228903805284
120.33799999999999,3.8115516292403107
120.339,3.8185859481318611
120.34,3.825625824488021
120.34099999999999,3.8326712357106207
120.342,3.8397221591706567
120.343,3.8467785722085099
120.34399999999999,3.8538404521341216
120.345,3.8609077762272066
120.346,3.8679805217374166
120.34699999999999,3.8750586658845685
120.348,3.8821421858588265
120.349,3.8892310588208949
120.34999999999999,3.8963252619022186
120.351,3.9034247722051849
120.352,3.9105295668033047
120.35299999999999,3.9176396227414396
120.354,3.9247549170359597
120.355,3.9318754266749818
120.35599999999999,3.9390011286185387
120.357,3.9461319997988036
120.358,3.953268017120259
120.35899999999999,3.9604091574599258
120.36,3.9675553976675446
120.361,3.9747067145657939
120.36199999999999,3.9818630849504646
120.363,3.9890244855906816
120.364,3.9961908932291119
120.36499999999999,4.0033622845821455
120.366,4.0105386363401045
120.367,4.017719925167448
120.36799999999999,4.0249061277029856
120.369,4.0320972205600665
120.37,4.0392931803267764
120.371,4.0464939835661617
120.372,4.0536996068164264
120.373,4.0609100265911291
120.374,4.0681252193793824
120.375,4.075345161646089
120.376,4.0825698298321047
120.377,4.0897992003544861
120.378,4.0970332496066675
120.379,4.104271953958655
120.38,4.1115152897572891
120.381,4.1187632333263906
120.38200000000001,4.1260157609670038
120.383,4.1332728489575796
120.384,4.1405344735542169
120.38500000000001,4.1478006109908279
120.386,4.1550712374793868
120.387,4.1623463292101039
120.38800000000001,4.1696258623516584
120.389,4.1769098130513918
120.39,4.1841981574355334
120.39100000000001,4.1914908716093855
120.392,4.1987879316575629
120.393,4.2060893136441724
120.39400000000001,4.2133949936130488
120.395,4.2207049475879455
120.396,4.2280191515727541
120.39700000000001,4.2353375815517182
120.398,4.242660213489641
120.399,4.2499870233320838
120.40000000000001,4.257317987005603
120.401,4.2646530804179363
120.402,4.2719922794582441
120.40300000000001,4.2793355599972731
120.404,4.2866828978876246
120.405,4.2940342689639266
120.40600000000001,4.3013896490430632
120.407,4.3087490139243894
120.408,4.3161123393899281
120.40900000000001,4.3234796012046015
120.41,4.3308507751164402
120.411,4.338225836856779
120.41200000000001,4.3456047621404874
120.413,4.3529875266661939
120.414,4.3603741061164758
120.41500000000001,4.3677644761580723
120.416,4.3751586124421262
120.417,4.3825564906043741
120.41800000000001,4.3899580862653735
120.419,4.3973633750306984
120.42,4.4047723324911772
120.42100000000001,4.4121849342230988
120.422,4.4196011557884241
120.423,4.4270209727349972
120.42400000000001,4.4344443605967783
120.425,4.4418712948940353
120.426,4.4493017511335768
120.42700000000001,4.456735704808958
120.428,4.4641731314007043
120.429,4.4716140063765177
120.43000000000001,4.4790583051915043
120.431,4.4865060032883743
120.432,4.4939570760976704
120.43299999999999,4.5014114990379799
120.434,4.5088692475161558
120.435,4.516330296927519
120.43600000000001,4.5237946226560855
120.437,4.5312622000747869
120.438,4.5387330045456782
120.43899999999999,4.5462070114201474
120.44,4.5536841960391534
120.441,4.5611645337334199
120.44200000000001,4.5686479998236731
120.443,4.5761345696208338
120.444,4.5836242184262588
120.44499999999999,4.5911169215319347
120.446,4.5986126542207231
120.447,4.6061113917665395
120.44799999999999,4.6136131094346045
120.449,4.6211177824816385
120.45,4.6286253861561004
120.45099999999999,4.63613589569837
120.452,4.6436492863409988
120.453,4.6511655333089124
120.45399999999999,4.658684611819627
120.455,4.6662064970834578
120.456,4.6737311643037618
120.45699999999999,4.681258588677121
120.458,4.6887887453935946
120.459,4.6963216096368949
120.45999999999999,4.7038571565846432
120.461,4.7113953614085613
120.462,4.7189361992747028
120.46299999999999,4.7264796453436464
120.464,4.7340256747707521
120.465,4.7415742627063331
120.46599999999999,4.7491253842959118
120.467,4.7566790146804028
120.468,4.7642351289963525
120.46899999999999,4.7717937023761436
120.47,4.779354709948219
120.471,4.786918126837282
120.47199999999999,4.7944839281645422
120.473,4.8020520890478977
120.474,4.8096225846021774
120.47499999999999,4.8171953899393323
120.476,4.8247704801686808
120.477,4.8323478303970973
120.47799999999999,4.8399274157292425
120.479,4.8475092112677682
120.48,4.8550931921135518
120.48099999999999,4.862679333365886
120.482,4.8702676101227276
120.483,4.8778579974808594
120.48399999999999,4.885450470536167
120.485,4.8930450043838025
120.486,4.9006415741184401
120.48699999999999,4.9082401548344539
120.488,4.9158407216261573
120.489,4.9234432495880078
120.48999999999999,4.9310477138148237
120.491,4.9386540894019948
120.492,4.9462623514456947
120.49299999999999,4.9538724750431058
120.494,4.9614844352926202
120.495,4.9690982072940528
120.496,4.9767137661488619
120.497,4.9843310869603634
120.498,4.9919501448339378
120.499,4.9995709148772356
120.5,5.0071933722004136
120.501,5.0148174919163147
120.502,5.0224432491407089
120.503,5.0300706189924895
120.504,5.0376995765938855
120.505,5.045330097070682
120.506,5.0529621555524162
120.50700000000001,5.0605957271726147
120.508,5.0682307870689645
120.509,5.0758673103835594
120.51000000000001,5.0835052722630927
120.511,5.0911446478590818
120.512,5.0987854123280503
120.51300000000001,5.106427540831767
120.514,5.1140710085374419
120.515,5.1217157906179427
120.51600000000001,5.1293618622519812
120.517,5.1370091986243551
120.518,5.1446577749261326
120.51900000000001,5.1523075663548781
120.52,5.1599585481148349
120.521,5.167610695417153
120.52200000000001,5.1752639834801037
120.523,5.1829183875292628
120.524,5.1905738827977288
120.52500000000001,5.1982304445263381
120.526,5.2058880479638567
120.527,5.2135466683672025
120.52800000000001,5.2212062810016242
120.529,5.2288668611409328
120.53,5.2365283840677144
120.53100000000001,5.2441908250734919
120.532,5.2518541594589649
120.533,5.2595183625342141
120.53400000000001,5.2671834096188892
120.535,5.2748492760424224
120.536,5.2825159371442254
120.53700000000001,5.2901833682738921
120.538,5.2978515447914223
120.539,5.3055204420673903
120.54000000000001,5.3131900354831618
120.541,5.3208603004311161
120.542,5.328531212314811
120.54300000000001,5.3362027465492083
120.544,5.3438748785608645
120.545,5.3515475837881343
120.54600000000001,5.3592208376813755
120.547,5.3668946157031439
120.548,5.3745688933283766
120.54900000000001,5.3822436460446266
120.55,5.3899188493522274
120.551,5.3975944787645194
120.55200000000001,5.4052705098080125
120.553,5.4129469180226142
120.554,5.4206236789618263
120.55500000000001,5.4283007681929192
120.556,5.4359781612971378
120.557,5.443655833869915
120.55799999999999,5.4513337615210382
120.559,5.4590119198748663
120.56,5.4666902845705128
120.56100000000001,5.474368831262046
120.562,5.4820475356186797
120.563,5.4897263733249702
120.56399999999999,5.4974053200809951
120.565,5.5050843516025818
120.566,5.512763443621445
120.56700000000001,5.5204425718854413
120.568,5.528121712158697
120.569,5.5358008402218513
120.56999999999999,5.5434799318722146
120.571,5.5511589629239833
120.572,5.5588379092083944
120.57299999999999,5.5665167465739547
120.574,5.5741954508866094
120.575,5.5818739980299181
120.57599999999999,5.5895523639052715
120.577,5.5972305244320513
120.578,5.6049084555478412
120.57899999999999,5.6125861332085982
120.58,5.6202635333888331
120.581,5.6279406320818168
120.58199999999999,5.6356174052997474
120.583,5.6432938290739436
120.584,5.6509698794550278
120.58499999999999,5.6586455325130984
120.586,5.6663207643379323
120.587,5.6739955510391642
120.58799999999999,5.6816698687464413
120.589,5.6893436936096435
120.59,5.6970170017990451
120.59099999999999,5.7046897695054959
120.592,5.7123619729406006
120.593,5.7200335883369018
120.59399999999999,5.7277045919480614
120.595,5.7353749600490431
120.596,5.743044668936264
120.59699999999999,5.7507136949278106
120.598,5.7583820143635904
120.599,5.7660496036055235
120.59999999999999,5.7737164390376954
120.601,5.781382497066561
120.602,5.7890477541211052
120.60299999999999,5.796712186653016
120.604,5.8043757711368578
120.605,5.8120384840702588
120.60599999999999,5.8197003019740681
120.607,5.827361201392538
120.608,5.8350211588934791
120.60899999999999,5.8426801510684587
120.61,5.8503381545329454
120.611,5.8579951459265107
120.61199999999999,5.8656511019129507
120.613,5.8733059991805021
120.614,5.8809598144419919
120.61499999999999,5.8886125244349969
120.616,5.8962641059220235
120.617,5.9039145356906708
120.61799999999999,5.9115637905538012
120.619,5.9192118473496986
120.62,5.9268586829422265
120.621,5.9345042742210214
120.622,5.9421485981016211
120.623,5.9497916315256649
120.624,5.9574333514610096
120.625,5.9650737349019423
120.626,5.9727127588693047
120.627,5.9803504004106802
120.628,5.9879866366005317
120.629,5.9956214445403706
120.63,6.003254801358926
120.631,6.0108866842122861
120.63200000000001,6.0185170702840782
120.633,6.0261459367855927
120.634,6.0337732609559769
120.63500000000001,6.041399020062368
120.636,6.0490231914000621
120.637,6.0566457522926438
120.63800000000001,6.0642666800921745
120.639,6.0718859521793345
120.64,6.0795035459635614
120.64100000000001,6.0871194388832155
120.642,6.094733608405738
120.643,6.102346032027782
120.64400000000001,6.1099566872753872
120.645,6.1175655517041108
120.646,6.125172602899184
120.64700000000001,6.1327778184756685
120.648,6.1403811760785931
120.649,6.1479826533830959
120.65000000000001,6.1555822280945964
120.651,6.163179877948922
120.652,6.1707755807124514
120.65300000000001,6.1783693141822624
120.654,6.1859610561862919
120.655,6.1935507845834632
120.65600000000001,6.2011384772638305
120.657,6.2087241121487171
120.658,6.2163076671908755
120.65900000000001,6.2238891203746149
120.66,6.2314684497159405
120.661,6.2390456332626911
120.66200000000001,6.2466206490946874
120.663,6.2541934753238717
120.664,6.2617640900944362
120.66500000000001,6.2693324715829579
120.666,6.2768985979985477
120.667,6.2844624475829782
120.66800000000001,6.2920239986108264
120.669,6.2995832293895813
120.67,6.3071401182598201
120.67100000000001,6.3146946435953151
120.672,6.3222467838031609
120.673,6.3297965173239241
120.67400000000001,6.3373438226317571
120.675,6.3448886782345468
120.676,6.3524310626740323
120.67700000000001,6.3599709545259273
120.678,6.3675083324000656
120.679,6.3750431749405205
120.68000000000001,6.3825754608257288
120.681,6.390105168768617
120.682,6.3976322775167365
120.68299999999999,6.4051567658523751
120.684,6.4126786125926891
120.685,6.4201977965898251
120.68600000000001,6.4277142967310432
120.687,6.4352280919388427
120.688,6.4427391611710707
120.68899999999999,6.4502474834210588
120.69,6.4577530377177332
120.691,6.4652558031257374
120.69200000000001,6.4727557587455475
120.693,6.4802528837135966
120.694,6.4877471572023833
120.69499999999999,6.4952385584205938
120.696,6.5027270666132218
120.697,6.5102126610616669
120.69799999999999,6.5176953210838739
120.699,6.5251750260344235
120.7,6.532651755304661
120.70099999999999,6.5401254883227935
120.702,6.5475962045540133
120.703,6.5550638835006119
120.70399999999999,6.5625285047020796
120.705,6.5699900477352102
120.706,6.5774484922142289
120.70699999999999,6.5849038177908881
120.708,6.5923560041545795
120.709,6.5998050310324157
120.70999999999999,6.6072508781893884
120.711,6.614693525428418
120.712,6.6221329525904942
120.71299999999999,6.6295691395547642
120.714,6.637002066238642
120.715,6.6444317125979051
120.71599999999999,6.6518580586268001
120.717,6.6592810843581329
120.718,6.6667007698633896
120.71899999999999,6.6741170952528268
120.72,6.6815300406755522
120.721,6.6889395863196448
120.72199999999999,6.6963457124122421
120.723,6.7037483992196467
120.724,6.7111476270474153
120.72499999999999,6.7185433762404294
120.726,6.7259356271830413
120.727,6.7333243602991217
120.72799999999999,6.7407095560521775
120.729,6.7480911949454274
120.73,6.7554692575219146
120.73099999999999,6.7628437243645685
120.732,6.7702145760963273
120.733,6.7775817933801914
120.73399999999999,6.7849453569193461
120.735,6.7923052474572287
120.736,6.7996614457776214
120.73699999999999,6.8070139327047272
120.738,6.8143626891032731
120.739,6.8217076958785849
120.73999999999999,6.8290489339766829
120.741,6.8363863843843315
120.742,6.843720028129157
120.74299999999999,6.8510498462797251
120.744,6.8583758199456035
120.745,6.8656979302774506
120.746,6.8730161584671112
120.747,6.8803304857476686
120.748,6.8876408933935398
120.749,6.8949473627205471
120.75,6.9022498750859977
120.751,6.9095484118887605
120.752,6.9168429545693328
120.753,6.9241334846099285
120.754,6.9314199835345338
120.755,6.9387024329090004
120.756,6.9459808143411035
120.75700000000001,6.9532551094806259
120.758,6.9605253000194018
120.759,6.9677913676914223
120.76000000000001,6.9750532942728789
120.761,6.9823110615822586
120.762,6.989564651480368
120.76300000000001,6.9968140458704458
120.764,7.0040592266982014
120.765,7.0113001759519005
120.76600000000001,7.018536875662404
120.767,7.0257693079032588
120.768,7.0329974547907455
120.76900000000001,7.0402212984839494
120.77,7.0474408211848107
120.771,7.0546560051382006
120.77200000000001,7.0618668326319725
120.773,7.0690732859970282
120.774,7.0762753476073659
120.77500000000001,7.0834729998801542
120.776,7.090666225275772
120.777,7.0978550062978911
120.77800000000001,7.1050393254934932
120.779,7.1122191654529718
120.78,7.1193945088101476
120.78100000000001,7.1265653382423508
120.782,7.1337316364704506
120.783,7.140893386258929
120.78400000000001,7.1480505704159203
120.785,7.1552031717932731
120.786,7.1623511732865683
120.78700000000001,7.1694945578352236
120.788,7.1766333084225025
120.789,7.183767408075564
120.79000000000001,7.1908968398655269
120.791,7.1980215869075064
120.792,7.2051416323606698
120.79300000000001,7.2122569594282719
120.794,7.2193675513576867
120.795,7.2264733914404946
120.79600000000001,7.233574463012479
120.797,7.2406707494537024
120.798,7.2477622341885191
120.79900000000001,7.2548489006856389
120.8,7.2619307324581754
120.801,7.2690077130636475
120.80200000000001,7.2760798261040573
120.803,7.283147055225907
120.804,7.2902093841202493
120.80500000000001,7.2972667965227132
120.806,7.3043192762135405
120.807,7.3113668070176345
120.80799999999999,7.3184093728045934
120.809,7.3254469574887171
120.81,7.3324795450290772
120.81100000000001,7.3395071194295287
120.812,7.3465296647387479
120.813,7.3535471650502693
120.81399999999999,7.3605596045024981
120.815,7.3675669672787638
120.816,7.374569237607334
120.81700000000001,7.3815663997614518
120.818,7.3885584380593503
120.819,7.3955453368642949
120.81999999999999,7.4025270805846084
120.821,7.4095036536736885
120.822,7.4164750406300328
120.82299999999999,7.42344122599728
120.824,7.4304021943642109
120.825,7.4373579303647865
120.82599999999999,7.4443084186781672
120.827,7.451253644028732
120.828,7.4581935911861112
120.82899999999999,7.4651282449651841
120.83,7.4720575902261217
120.831,7.4789816118743886
120.83199999999999,7.485900294860782
120.833,7.4928136241814318
120.834,7.4997215848778147
120.83499999999999,7.5066241620367915
120.836,7.5135213407906036
120.837,7.5204131063169068
120.83799999999999,7.5272994438387588
120.839,7.5341803386246564
120.84,7.541055775988541
120.84099999999999,7.5479257412898217
120.842,7.5547902199333627
120.843,7.5616491973695101
120.84399999999999,7.5685026590941114
120.845,7.5753505906485206
120.846,7.5821929776195738
120.84699999999999,7.5890298056396635
120.848,7.5958610603866816
120.849,7.6026867275840804
120.84999999999999,7.6095067930008327
120.851,7.6163212424514715
120.852,7.6231300617960844
120.85299999999999,7.6299332369403174
120.854,7.636730753835371
120.855,7.6435225984780306
120.85599999999999,7.6503087569106327
120.857,7.6570892152211076
120.858,7.6638639595429385
120.85899999999999,7.6706329760551952
120.86,7.6773962509825289
120.861,7.6841537705951612
120.86199999999999,7.6909055212088848
120.863,7.6976514891850751
120.864,7.7043916609306802
120.86499999999999,7.7111260228982133
120.866,7.7178545615857566
120.867,7.7245772635369523
120.86799999999999,7.7312941153410133
120.869,7.7380051036326929
120.87,7.7447102150923026
120.871,7.7514094364456891
120.872,7.7581027544642414
120.873,7.7647901559648815
120.874,7.7714716278100369
120.875,7.778147156907659
120.876,7.7848167302111957
120.877,7.7914803347196013
120.878,7.7981379574773033
120.879,7.804789585574202
120.88,7.8114352061456618
120.881,7.8180748063724952
120.88200000000001,7.8247083734809539
120.883,7.8313358947427094
120.884,7.8379573574748509
120.88500000000001,7.8445727490398536
120.886,7.8511820568455839
120.887,7.8577852683452623
120.88800000000001,7.8643823710374736
120.889,7.8709733524661232
120.89,7.8775582002204434
120.89100000000001,7.8841369019349568
120.892,7.8907094452894704
120.893,7.8972758180090548
120.89400000000001,7.903836007864026
120.895,7.9103900026699119
120.896,7.9169377902874505
120.89700000000001,7.9234793586225667
120.898,7.9300146956263386
120.899,7.9365437892949817
120.90000000000001,7.9430666276698396
120.901,7.9495831988373276
120.902,7.9560934909289571
120.90300000000001,7.9625974921212599
120.904,7.9690951906358087
120.905,7.9755865747391539
120.90600000000001,7.9820716327428389
120.907,7.9885503530033262
120.908,7.9950227239220126
120.90900000000001,8.0014887339451768
120.91,8.0079483715639714
120.911,8.0144016253143686
120.91200000000001,8.0208484837771543
120.913,8.0272889355778947
120.914,8.0337229693868952
120.91500000000001,8.0401505739191776
120.916,8.0465717379344568
120.917,8.0529864502370998
120.91800000000001,8.0593946996760959
120.919,8.0657964751450191
120.92,8.0721917655820192
120.92100000000001,8.0785805599697493
120.922,8.0849628473353743
120.923,8.0913386167504981
120.92400000000001,8.0977078573311623
120.925,8.1040705582377921
120.926,8.1104267086751634
120.92700000000001,8.1167762978923648
120.928,8.1231193151827785
120.929,8.1294557498840163
120.93000000000001,8.1357855913778998
120.931,8.142108829090418
120.932,8.1484254524916988
120.93299999999999,8.1547354510959451
120.934,8.1610388144614276
120.935,8.1673355321904175
120.93600000000001,8.1736255939291578
120.937,8.1799089893678403
120.938,8.1861857082405258
120.93899999999999,8.1924557403251335
120.94,8.1987190754433943
120.941,8.2049757034608
120.94200000000001,8.2112256142865672
120.943,8.2174687978735879
120.944,8.2237052442183902
120.94499999999999,8.2299349433611013
120.946,8.2361578853853903
120.947,8.2423740604184257
120.94799999999999,8.2485834586308435
120.949,8.2547860702366851
120.95,8.2609818854933632
120.95099999999999,8.2671708947015965
120.952,8.2733530882053881
120.953,8.279528456391974
120.95399999999999,8.2856969896917523
120.955,8.2918586785782562
120.956,8.2980135135681028
120.95699999999999,8.3041614852209396
120.958,8.3103025841394054
120.959,8.3164368009690559
120.95999999999999,8.3225641263983494
120.961,8.3286845511585632
120.962,8.3347980660237706
120.96299999999999,8.3409046618107627
120.964,8.3470043293790237
120.965,8.3530970596306577
120.96599999999999,8.3591828435103519
120.967,8.365261672005305
120.968,8.3713335361452046
120.96899999999999,8.3773984270021398
120.97,8.3834563356905765
120.971,8.3895072533672792
120.97199999999999,8.3955511712312738
120.973,8.4015880805237888
120.974,8.4076179725281968
120.97499999999999,8.4136408385699593
120.976,8.4196566700165754
120.977,8.4256654582775177
120.97799999999999,8.4316671948041897
120.979,8.4376618710898583
120.98,8.4436494786695899
120.98099999999999,8.4496300091202166
120.982,8.4556034540602578
120.983,8.4615698051498658
120.98399999999999,8.4675290540907699
120.985,8.4734811926262275
120.986,8.4794262125409503
120.98699999999999,8.4853641056610432
120.988,8.4912948638539643
120.989,8.4972184790284473
120.98999999999999,8.5031349431344498
120.991,8.5090442481630806
120.992,8.5149463861465655
120.99299999999999,8.5208413491581574
120.994,8.5267291293120877
120.995,8.5326097187635028
120.996,8.5384831097084124
120.997,8.5443492943836006
120.998,8.5502082650666065
120.999,8.5560600140756105
121,8.5619045337694093
121.001,8.5677418165473433
121.002,8.5735718548492184
121.003,8.57939464115527
121.004,8.5852101679860606
121.005,8.591018427902462
121.006,8.5968194135055516
121.00700000000001,8.6026131174365545
121.008,8.6083995323768097
121.009,8.614178651047661
121.01000000000001,8.6199504662104172
121.011,8.6257149706662926
121.012,8.6314721572562991
121.01300000000001,8.6372220188612534
121.014,8.6429645484016238
121.015,8.6486997388375286
121.01600000000001,8.6544275831686548
121.017,8.6601480744341632
121.018,8.6658612057126447
121.01900000000001,8.6715669701220683
121.02,8.6772653608196677
121.021,8.6829563710019197
121.02200000000001,8.6886399939044434
121.023,8.6943162228019428
121.024,8.6999850510081504
121.02500000000001,8.7056464718757383
121.026,8.7113004787962485
121.027,8.7169470652000651
121.02800000000001,8.7225862245562684
121.029,8.7282179503726454
121.03,8.7338422361955672
121.03100000000001,8.7394590756099308
121.032,8.7450684622391091
121.033,8.7506703897448563
121.03400000000001,8.7562648518272326
121.035,8.761851842224571
121.036,8.7674313547133647
121.03700000000001,8.7730033831082217
121.038,8.7785679212617769
121.039,8.7841249630646274
121.04000000000001,8.7896745024452798
121.041,8.7952165333700343
121.042,8.8007510498429546
121.04300000000001,8.8062780459057777
121.044,8.8117975156378421
121.045,8.8173094531560174
121.04600000000001,8.8228138526146296
121.047,8.8283107082053842
121.048,8.8338000141573207
121.04900000000001,8.839281764736695
121.05,8.8447559542469314
121.051,8.8502225770285605
121.05199999999999,8.8556816274591181
121.053,8.8611330999531006
121.054,8.866576988961862
121.05500000000001,8.8720132889735517
121.056,8.8774419945130649
121.057,8.8828631001419271
121.05799999999999,8.8882766004582408
121.059,8.8936824900966265
121.06,8.8990807637281062
121.06100000000001,8.9044714160600762
121.062,8.9098544418362042
121.063,8.9152298358363513
121.06399999999999,8.920597592876522
121.065,8.9259577078087666
121.066,8.9313101755211033
121.06700000000001,8.9366549909374804
121.068,8.9419921490176382
121.069,8.9473216447571051
121.06999999999999,8.952643473187063
121.071,8.9579576293742953
121.072,8.9632641084211251
121.07300000000001,8.9685629054653191
121.074,8.9738540156800077
121.075,8.9791374342736407
121.07599999999999,8.9844131564898682
121.077,8.9896811776075083
121.078,8.9949414929404377
121.07899999999999,9.0001940978375163
121.08,9.0054389876825471
121.081,9.0106761578941619
121.08199999999999,9.0159056039257486
121.083,9.0211273212654071
121.084,9.0263413054358281
121.08499999999999,9.0315475519942563
121.086,9.0367460565323832
121.087,9.0419368146762817
121.08799999999999,9.0471198220863567
121.089,9.0522950744572128
121.09,9.0574625675176126
121.09099999999999,9.0626222970304156
121.092,9.0677742587924559
121.093,9.0729184486345176
121.09399999999999,9.0780548624212027
121.095,9.0831834960508981
121.096,9.0883043454556844
121.09699999999999,9.0934174066012528
121.098,9.0985226754868265
121.099,9.1036201481451116
121.09999999999999,9.1087098206421686
121.101,9.1137916890773951
121.102,9.1188657495834047
121.10299999999999,9.1239319983259559
121.104,9.1289904315039063
121.105,9.1340410453490914
121.10599999999999,9.1390838361262805
121.107,9.1441188001330911
121.108,9.149145933699895
121.10899999999999,9.1541652331897705
121.11,9.1591766949984077
121.111,9.1641803155540167
121.11199999999999,9.1691760913172935
121.113,9.1741640187813047
121.114,9.1791440944714129
121.11499999999999,9.1841163149452374
121.116,9.1890806767925195
121.117,9.1940371766350939
121.11799999999999,9.1989858111267946
121.119,9.2039265769533625
121.12,9.208859470832401
121.121,9.2137844895132677
121.122,9.2187016297770139
121.123,9.2236108884363173
121.124,9.2285122623353715
121.125,9.2334057483498544
121.126,9.238291343386809
121.127,9.243169044384592
121.128,9.2480388483127989
121.129,9.2529007521721596
121.13,9.2577547529945097
121.131,9.2626008478426645
121.13200000000001,9.2674390338103656
121.133,9.2722693080222172
121.134,9.2770916676335773
121.13500000000001,9.2819061098305138
121.136,9.2867126318297117
121.137,9.29151123087839
121.13800000000001,9.2963019042542516
121.139,9.3010846492653805
121.14,9.3058594632501705
121.14100000000001,9.3106263435772689
121.142,9.3153852876454817
121.143,9.3201362928836975
121.14400000000001,9.3248793567508201
121.145,9.3296144767356921
121.146,9.3343416503570236
121.14700000000001,9.3390608751632964
121.148,9.3437721487327128
121.149,9.348475468673108
121.15000000000001,9.3531708326218777
121.151,9.3578582382458944
121.152,9.3625376832414577
121.15300000000001,9.3672091653341809
121.154,9.3718726822789602
121.155,9.3765282318598597
121.15600000000001,9.3811758118900546
121.157,9.3858154202117685
121.158,9.39044705469618
121.15900000000001,9.3950707132433458
121.16,9.3996863937821509
121.161,9.404294094270206
121.16200000000001,9.4088938126937958
121.163,9.4134855470677952
121.164,9.4180692954355809
121.16500000000001,9.4226450558689976
121.166,9.4272128264682404
121.167,9.4317726053617985
121.16800000000001,9.4363243907063996
121.169,9.4408681806869073
121.17,9.4454039735162691
121.17100000000001,9.4499317674354266
121.172,9.454451560713256
121.173,9.4589633516464886
121.17400000000001,9.4634671385596487
121.175,9.4679629198049522
121.176,9.4724506937622817
121.17699999999999,9.4769304588390586
121.178,9.4814022134702185
121.179,9.4858659561181149
121.18000000000001,9.4903216852724395
121.181,9.4947693994501829
121.182,9.499209097195525
121.18299999999999,9.5036407770797897
121.184,9.5080644377013677
121.185,9.5124800776856304
121.18600000000001,9.516887695684888
121.187,9.5212872903782824
121.188,9.5256788604717446
121.18899999999999,9.5300624046979241
121.19,9.5344379218160871
121.191,9.5388054106120777
121.19200000000001,9.5431648698982467
121.193,9.5475162985133561
121.194,9.5518596953225394
121.19499999999999,9.5561950592172149
121.196,9.5605223891150004
121.197,9.5648416839596884
121.19800000000001,9.5691529427211357
121.199,9.573456164395207
121.2,9.5777513480037175
121.20099999999999,9.5820384925943447
121.202,9.5863175972405728
121.203,9.5905886610416236
121.20399999999999,9.5948516831223696
121.205,9.5991066626333037
121.206,9.6033535987504326
121.20699999999999,9.6075924906752199
121.208,9.6118233376345454
121.209,9.6160461388805896
121.20999999999999,9.6202608936908032
121.211,9.6244676013678294
121.212,9.6286662612394291
121.21299999999999,9.6328568726584294
121.214,9.6370394350026363
121.215,9.6412139476747871
121.21599999999999,9.6453804101024776
121.217,9.6495388217380853
121.218,9.6536891820587254
121.21899999999999,9.6578314905661617
121.22,9.6619657467867537
121.221,9.6660919502713938
121.22199999999999,9.6702101005954297
121.223,9.6743201973586039
121.224,9.6784222401850108
121.22499999999999,9.6825162287229798
121.226,9.6866021626450731
121.227,9.6906800416479726
121.22799999999999,9.6947498654524367
121.229,9.6988116338032437
121.23,9.7028653464691068
121.23099999999999,9.7069110032426202
121.232,9.7109486039402082
121.233,9.7149781484020377
121.23399999999999,9.7189996364919775
121.235,9.723013068097524
121.236,9.7270184431297242
121.23699999999999,9.7310157615231532
121.238,9.7350050232358125
121.239,9.7389862282490789
121.23999999999999,9.7429593765676614
121.241,9.7469244682195111
121.242,9.7508815032557816
121.24299999999999,9.7548304817507479
121.244,9.7587714038017666
121.245,9.7627042695291983
121.246,9.7666290790763526
121.247,9.7705458326094341
121.248,9.7744545303174633
121.249,9.7783551724122351
121.25,9.7822477591282606
121.251,9.7861322907226853
121.252,9.7900087674752427
121.253,9.7938771896882102
121.254,9.7977375576863164
121.255,9.8015898718167129
121.256,9.8054341324488963
121.25700000000001,9.8092703399746579
121.258,9.8130984948080275
121.259,9.8169185973852073
121.26000000000001,9.8207306481645098
121.261,9.8245346476263276
121.262,9.828330596273041
121.26300000000001,9.832118494628979
121.264,9.8358983432403608
121.265,9.8396701426752315
121.26600000000001,9.8434338935234198
121.267,9.847189596396472
121.268,9.8509372519275793
121.26900000000001,9.854676860771562
121.27,9.8584084236047715
121.271,9.8621319411250656
121.27200000000001,9.865847414051732
121.273,9.8695548431254387
121.274,9.8732542291082002
121.27500000000001,9.8769455727832813
121.276,9.8806288749551747
121.277,9.8843041364495381
121.27800000000001,9.8879713581131412
121.279,9.8916305408138001
121.28,9.8952816854403416
121.28100000000001,9.8989247929025321
121.282,9.9025598641310388
121.283,9.9061869000773779
121.28400000000001,9.9098059017138276
121.285,9.9134168700334335
121.286,9.917019806049904
121.28700000000001,9.9206147107975866
121.288,9.924201585331403
121.289,9.9277804307268021
121.29000000000001,9.9313512480797108
121.291,9.9349140385064771
121.292,9.9384688031438237
121.29300000000001,9.9420155431487895
121.294,9.9455542596986888
121.295,9.9490849539910595
121.29600000000001,9.9526076272435962
121.297,9.9561222806941139
121.298,9.9596289156005167
121.29900000000001,9.9631275332407032
121.3,9.9666181349125473
121.301,9.9701007219338553
121.30199999999999,9.9735752956422967
121.303,9.9770418573953634
121.304,9.9805004085703199
121.30500000000001,9.9839509505641537
121.306,9.9873934847935377
121.307,9.9908280126947666
121.30799999999999,9.9942545357237123
121.309,9.99767305535579
121.31,10.001083573085891
121.31100000000001,10.00448609042836
121.312,10.007880608916915
121.313,10.011267130104628
121.31399999999999,10.014645655563866
121.315,10.018016186886257
121.316,10.02137872568262
121.31700000000001,10.024733273582948
121.318,10.028079832236333
121.319,10.031418403310955
121.31999999999999,10.034748988494
121.321,10.038071589491633
121.322,10.041386208028969
121.32300000000001,10.044692845849996
121.324,10.047991504717549
121.325,10.051282186413266
121.32599999999999,10.054564892737535
121.327,10.057839625509468
121.328,10.061106386566832
121.32899999999999,10.064365177766026
121.33,10.067616000982033
121.331,10.070858858108375
121.33199999999999,10.074093751057049
121.333,10.07732068175855
121.334,10.080539652161734
121.33499999999999,10.08375066423387
121.336,10.086953719960519
121.337,10.090148821345549
121.33799999999999,10.093335970411063
121.339,10.096515169197373
121.34,10.099686419762945
121.34099999999999,10.10284972418437
121.342,10.106005084556314
121.343,10.109152502991494
121.34399999999999,10.112291981620615
121.345,10.115423522592339
121.346,10.11854712807326
121.34699999999999,10.121662800247844
121.348,10.124770541318385
121.349,10.127870353505005
121.34999999999999,10.130962239045562
121.351,10.134046200195655
121.352,10.137122239228553
121.35299999999999,10.140190358435175
121.354,10.143250560124059
121.355,10.146302846621287
121.35599999999999,10.149347220270499
121.357,10.152383683432813
121.358,10.155412238486804
121.35899999999999,10.158432887828482
121.36,10.161445633871214
121.361,10.164450479045724
121.36199999999999,10.167447425800056
121.363,10.170436476599503
121.364,10.17341763392661
121.36499999999999,10.176390900281117
121.366,10.17935627817992
121.367,10.182313770157055
121.36799999999999,10.185263378763649
121.369,10.188205106567869
121.37,10.19113895615493
121.371,10.194064930127009
121.372,10.196983031103244
121.373,10.199893261719705
121.374,10.202795624629324
121.375,10.205690122501888
121.376,10.208576758024007
121.377,10.211455533899057
121.378,10.214326452847173
121.379,10.217189517605203
121.38,10.220044730926674
121.381,10.22289209558175
121.38200000000001,10.225731614357224
121.383,10.228563290056474
121.384,10.231387125499404
121.38500000000001,10.234203123522454
121.386,10.237011286978543
121.387,10.239811618737049
121.38800000000001,10.242604121683753
121.389,10.245388798720851
121.39,10.248165652766872
121.39100000000001,10.250934686756679
121.392,10.253695903641439
121.393,10.25644930638857
121.39400000000001,10.259194897981738
121.395,10.261932681420792
121.396,10.264662659721768
121.39700000000001,10.267384835916845
121.398,10.270099213054296
121.399,10.272805794198499
121.40000000000001,10.275504582429871
121.401,10.27819558084485
121.402,10.280878792555866
121.40300000000001,10.28355422069132
121.404,10.286221868395549
121.405,10.288881738828783
121.40600000000001,10.291533835167137
121.407,10.29417816060257
121.408,10.296814718342867
121.40900000000001,10.299443511611599
121.41,10.302064543648102
121.411,10.304677817707441
121.41200000000001,10.307283337060403
121.413,10.309881104993432
121.414,10.31247112480864
121.41500000000001,10.315053399823764
121.416,10.317627933372128
121.417,10.320194728802633
121.41800000000001,10.322753789479727
121.419,10.325305118783358
121.42,10.32784872010898
121.42100000000001,10.330384596867509
121.422,10.332912752485287
121.423,10.335433190404078
121.42400000000001,10.337945914081025
121.425,10.340450926988622
121.426,10.342948232614715
121.42699999999999,10.345437834462432
121.428,10.347919736050221
121.429,10.350393940911738
121.43000000000001,10.352860452595904
121.431,10.355319274666837
121.432,10.357770410703832
121.43299999999999,10.360213864301343
121.434,10.362649639068962
121.435,10.365077738631372
121.43600000000001,10.367498166628362
121.437,10.369910926714752
121.438,10.372316022560415
121.43899999999999,10.37471345785023
121.44,10.377103236284066
121.441,10.379485361576741
121.44200000000001,10.381859837458025
121.443,10.384226667672591
121.444,10.386585855980021
121.44499999999999,10.388937406154756
121.446,10.391281321986071
121.447,10.393617607278088
121.44800000000001,10.395946265849707
121.449,10.398267301534611
121.45,10.400580718181244
121.45099999999999,10.402886519652776
121.452,10.405184709827081
121.453,10.407475292596724
121.45399999999999,10.409758271868942
121.455,10.412033651565595
121.456,10.414301435623184
121.45699999999999,10.41656162799279
121.458,10.41881423264009
121.459,10.421059253545295
121.45999999999999,10.423296694703161
121.461,10.425526560122959
121.462,10.427748853828438
121.46299999999999,10.429963579857828
121.464,10.432170742263793
121.465,10.434370345113441
121.46599999999999,10.436562392488268
121.467,10.438746888484168
121.468,10.440923837211399
121.46899999999999,10.443093242794546
121.47,10.445255109372534
121.471,10.447409441098582
121.47199999999999,10.449556242140199
121.473,10.451695516679138
121.474,10.453827268911409
121.47499999999999,10.455951503047237
121.476,10.45806822331105
121.477,10.460177433941455
121.47799999999999,10.462279139191219
121.479,10.464373343327249
121.48,10.466460050630578
121.48099999999999,10.468539265396331
121.482,10.47061099193373
121.483,10.472675234566047
121.48399999999999,10.474731997630601
121.485,10.476781285478735
121.486,10.478823102475792
121.48699999999999,10.480857453001111
121.488,10.482884341447981
121.489,10.484903772223651
121.48999999999999,10.486915749749295
121.491,10.488920278459988
121.492,10.490917362804712
121.49299999999999,10.492907007246295
121.494,10.494889216261438
121.495,10.49686399434067
121.496,10.49883134598833
121.497,10.500791275722563
121.498,10.50274378807528
121.499,10.50468888759216
121.5,10.506626578832622
121.501,10.508556866369805
121.502,10.51047975479055
121.503,10.512395248695391
121.504,10.514303352698528
121.505,10.516204071427801
121.506,10.518097409524701
121.50700000000001,10.519983371644315
121.508,10.521861962455331
121.509,10.523733186640017
121.51000000000001,10.525597048894193
121.511,10.527453553927238
121.512,10.529302706462033
121.51300000000001,10.531144511234986
121.514,10.532978972995975
121.515,10.534806096508353
121.51600000000001,10.53662588654894
121.517,10.538438347907972
121.518,10.540243485389123
121.51900000000001,10.542041303809439
121.52,10.543831807999373
121.521,10.545615002802739
121.52200000000001,10.547390893076688
121.523,10.549159483691707
121.524,10.550920779531598
121.52500000000001,10.55267478549346
121.526,10.554421506487651
121.527,10.556160947437814
121.52800000000001,10.557893113280819
121.529,10.559618008966778
121.53,10.561335639458985
121.53100000000001,10.563046009733945
121.532,10.564749124781335
121.533,10.56644498960398
121.53400000000001,10.568133609217844
121.535,10.569814988652029
121.536,10.571489132948715
121.53700000000001,10.573156047163197
121.538,10.574815736363815
121.539,10.576468205631981
121.54000000000001,10.578113460062134
121.541,10.579751504761729
121.542,10.581382344851223
121.54300000000001,10.583005985464066
121.544,10.584622431746661
121.545,10.586231688858367
121.54600000000001,10.587833761971481
121.547,10.589428656271201
121.548,10.591016376955638
121.54900000000001,10.592596929235768
121.55,10.594170318335445
121.551,10.595736549491356
121.55199999999999,10.597295627953029
121.553,10.59884755898279
121.554,10.600392347855774
121.55500000000001,10.601929999859877
121.556,10.603460520295771
121.557,10.604983914476856
121.55799999999999,10.60650018772926
121.559,10.60800934539183
121.56,10.60951139281608
121.56100000000001,10.611006335366225
121.562,10.61249417841911
121.563,10.613974927364231
121.56399999999999,10.615448587603707
121.565,10.616915164552248
121.566,10.618374663637153
121.56700000000001,10.619827090298294
121.568,10.621272449988096
121.569,10.622710748171501
121.56999999999999,10.624141990325985
121.571,10.625566181941501
121.572,10.626983328520494
121.57300000000001,10.628393435577872
121.574,10.629796508640975
121.575,10.631192553249587
121.57599999999999,10.632581574955886
121.577,10.633963579324437
121.578,10.635338571932191
121.57899999999999,10.636706558368445
121.58,10.638067544234833
121.581,10.639421535145305
121.58199999999999,10.640768536726116
121.583,10.642108554615795
121.584,10.643441594465147
121.58499999999999,10.644767661937207
121.586,10.646086762707249
121.587,10.647398902462747
121.58799999999999,10.648704086903374
121.589,10.650002321740965
121.59,10.651293612699513
121.59099999999999,10.652577965515148
121.592,10.653855385936106
121.593,10.655125879722734
121.59399999999999,10.656389452647447
121.595,10.657646110494719
121.596,10.658895859061069
121.59699999999999,10.660138704155038
121.598,10.661374651597168
121.599,10.662603707219976
121.59999999999999,10.663825876867964
121.601,10.66504116639755
121.602,10.666249581677111
121.60299999999999,10.667451128586903
121.604,10.668645813019085
121.605,10.669833640877663
121.60599999999999,10.671014618078521
121.607,10.672188750549347
121.608,10.673356044229642
121.60899999999999,10.674516505070706
121.61,10.675670139035603
121.611,10.676816952099134
121.61199999999999,10.677956950247841
121.613,10.679090139479975
121.614,10.680216525805459
121.61499999999999,10.681336115245912
121.616,10.682448913834573
121.617,10.683554927616331
121.61799999999999,10.684654162647661
121.619,10.68574662499663
121.62,10.686832320742884
121.621,10.687911255977598
121.622,10.688983436803477
121.623,10.690048869334721
121.624,10.691107559697025
121.625,10.692159514027527
121.626,10.693204738474821
121.627,10.694243239198903
121.628,10.695275022371179
121.629,10.696300094174417
121.63,10.697318460802752
121.631,10.698330128461629
121.63200000000001,10.699335103367824
121.633,10.700333391749389
121.634,10.701324999845646
121.63500000000001,10.702309933907147
121.636,10.703288200195683
121.637,10.704259804984233
121.63800000000001,10.705224754556953
121.639,10.706183055209152
121.64,10.707134713247269
121.64100000000001,10.708079734988855
121.642,10.709018126762542
121.643,10.709949894908021
121.64400000000001,10.710875045776028
121.645,10.711793585728309
121.646,10.712705521137604
121.64700000000001,10.713610858387623
121.648,10.714509603873019
121.649,10.715401763999365
121.65000000000001,10.716287345183135
121.651,10.717166353851674
121.652,10.718038796443167
121.65300000000001,10.718904679406648
121.654,10.719764009201931
121.655,10.720616792299609
121.65600000000001,10.721463035181035
121.657,10.722302744338284
121.658,10.72313592627413
121.65900000000001,10.723962587502029
121.66,10.724782734546094
121.661,10.725596373941055
121.66200000000001,10.726403512232253
121.663,10.727204155975592
121.664,10.727998311737544
121.66500000000001,10.728785986095101
121.666,10.729567185635743
121.667,10.730341916957437
121.66800000000001,10.731110186668593
121.669,10.731872001388037
121.67,10.732627367745
121.67100000000001,10.733376292379079
121.672,10.734118781940202
121.673,10.734854843088621
121.67400000000001,10.735584482494875
121.675,10.736307706839771
121.676,10.737024522814336
121.67699999999999,10.737734937119807
121.678,10.738438956467613
121.679,10.739136587579317
121.68000000000001,10.739827837186622
121.681,10.740512712031316
121.682,10.741191218865257
121.68299999999999,10.741863364450348
121.684,10.742529155558495
121.685,10.743188598971596
121.68600000000001,10.743841701481498
121.687,10.744488469889978
121.688,10.745128911008708
121.68899999999999,10.745763031659225
121.69,10.746390838672912
121.691,10.747012338890954
121.69200000000001,10.747627539164323
121.693,10.748236446353735
121.694,10.748839067329632
121.69499999999999,10.749435408972143
121.696,10.750025478171064
121.697,10.75060928182582
121.69800000000001,10.751186826845423
121.699,10.751758120148473
121.7,10.752323168663102
121.70099999999999,10.752881979326949
121.702,10.753434559087133
121.703,10.753980914900215
121.70399999999999,10.754521053732176
121.705,10.755054982558377
121.706,10.755582708363534
121.70699999999999,10.756104238141678
121.708,10.756619578896139
121.709,10.757128737639491
121.70999999999999,10.757631721393533
121.711,10.758128537189272
121.712,10.758619192066847
121.71299999999999,10.759103693075552
121.714,10.759582047273753
121.715,10.760054261728884
121.71599999999999,10.760520343517413
121.717,10.760980299724789
121.718,10.761434137445434
121.71899999999999,10.761881863782689
121.72,10.762323485848787
121.721,10.762759010764833
121.72199999999999,10.76318844566074
121.723,10.763611797675219
121.724,10.764029073955735
121.72499999999999,10.764440281658489
121.726,10.764845427948339
121.727,10.765244519998825
121.72799999999999,10.765637564992085
121.729,10.76602457011885
121.73,10.766405542578374
121.73099999999999,10.766780489578455
121.732,10.767149418335343
121.733,10.767512336073732
121.73399999999999,10.767869250026711
121.735,10.768220167435748
121.736,10.768565095550629
121.73699999999999,10.768904041629444
121.738,10.769237012938527
121.739,10.769564016752437
121.73999999999999,10.769885060353912
121.741,10.770200151033842
121.742,10.770509296091214
121.74299999999999,10.770812502833094
121.744,10.771109778574564
121.745,10.771401130638717
121.746,10.771686566356596
121.747,10.771966093067151
121.748,10.772239718117225
121.749,10.772507448861484
121.75,10.77276929266241
121.751,10.773025256890245
121.752,10.773275348922947
121.753,10.773519576146153
121.754,10.773757945953159
121.755,10.773990465744848
121.756,10.774217142929681
121.75700000000001,10.774437984923635
121.758,10.774652999150168
121.759,10.774862193040192
121.76000000000001,10.775065574032007
121.761,10.775263149571295
121.762,10.775454927111028
121.76300000000001,10.775640914111488
121.764,10.775821118040181
121.765,10.775995546371814
121.76600000000001,10.776164206588239
121.767,10.776327106178444
121.768,10.776484252638459
121.76900000000001,10.776635653471367
121.77,10.776781316187227
121.771,10.776921248303044
121.77200000000001,10.777055457342728
121.773,10.777183950837038
121.774,10.777306736323562
121.77500000000001,10.77742382134665
121.776,10.777535213457391
121.777,10.777640920213544
121.77800000000001,10.777740949179531
121.779,10.777835307926349
121.78,10.77792400403157
121.78100000000001,10.77800704507926
121.782,10.778084438659947
121.783,10.778156192370606
121.78400000000001,10.778222313814554
121.785,10.778282810601462
121.786,10.77833769034728
121.78700000000001,10.778386960674187
121.788,10.778430629210575
121.789,10.778468703590972
121.79000000000001,10.778501191456014
121.791,10.778528100452393
121.792,10.778549438232814
121.79300000000001,10.778565212455939
121.794,10.778575430786359
121.795,10.778580100894535
121.79600000000001,10.77857923045674
121.797,10.778572827155033
121.798,10.778560898677208
121.79900000000001,10.778543452716731
121.8,10.778520496972714
121.801,10.778492039149846
121.80199999999999,10.778458086958361
121.803,10.778418648113988
121.804,10.778373730337885
121.80500000000001,10.778323341356622
121.806,10.778267488902101
121.807,10.778206180711527
121.80799999999999,10.77813942452736
121.809,10.778067228097246
121.81,10.777989599173987
121.81100000000001,10.777906545515489
121.812,10.777818074884701
121.813,10.777724195049577
121.81399999999999,10.777624913783024
121.815,10.777520238862841
121.816,10.77741017807169
121.81700000000001,10.777294739197023
121.818,10.777173930031042
121.819,10.777047758370653
121.81999999999999,10.776916232017406
121.821,10.776779358777446
121.822,10.776637146461466
121.82300000000001,10.776489602884647
121.824,10.776336735866618
121.825,10.776178553231389
121.82599999999999,10.776015062807325
121.827,10.775846272427053
121.828,10.775672189927453
121.82899999999999,10.775492823149575
121.83,10.775308179938609
121.831,10.7751182681438
121.83199999999999,10.774923095618439
121.833,10.774722670219761
121.834,10.774516999808945
121.83499999999999,10.774306092251013
121.836,10.774089955414796
121.837,10.773868597172891
121.83799999999999,10.773642025401589
121.839,10.773410247980827
121.84,10.773173272794136
121.84099999999999,10.77293110772859
121.842,10.772683760674738
121.843,10.772431239526565
121.84399999999999,10.772173552181428
121.845,10.771910706539996
121.846,10.771642710506216
121.84699999999999,10.771369571987229
121.848,10.771091298893339
121.849,10.770807899137933
121.84999999999999,10.770519380637465
121.851,10.770225751311344
121.852,10.769927019081926
121.85299999999999,10.769623191874436
121.854,10.769314277616916
121.855,10.769000284240168
121.85599999999999,10.768681219677688
121.857,10.768357091865628
121.858,10.768027908742733
121.85899999999999,10.767693678250259
121.86,10.767354408331965
121.861,10.767010106933997
121.86199999999999,10.766660782004884
121.863,10.766306441495441
121.864,10.765947093358736
121.86499999999999,10.765582745550017
121.866,10.76521340602665
121.867,10.764839082748097
121.86799999999999,10.7644597836758
121.869,10.764075516773168
121.87,10.763686290005495
121.871,10.763292111339917
121.872,10.762892988745341
121.873,10.762488930192383
121.874,10.762079943653321
121.875,10.761666037102028
121.876,10.761247218513914
121.877,10.760823495865866
121.878,10.76039487713618
121.879,10.759961370304522
121.88,10.759522983351843
121.881,10.75907972426034
121.88200000000001,10.758631601013379
121.883,10.758178621595437
121.884,10.757720793992057
121.88500000000001,10.757258126189766
121.886,10.756790626176027
121.887,10.756318301939176
121.88800000000001,10.755841161468354
121.889,10.755359212753451
121.89,10.75487246378505
121.89100000000001,10.754380922554352
121.892,10.75388459705313
121.893,10.753383495273647
121.89400000000001,10.752877625208617
121.895,10.752366994851128
121.896,10.751851612194582
121.89700000000001,10.751331485232624
121.898,10.750806621959111
121.899,10.750277030368014
121.90000000000001,10.749742718453364
121.901,10.749203694209204
121.902,10.748659965629518
121.90300000000001,10.748111540708157
121.904,10.747558427438786
121.905,10.747000633814825
121.90600000000001,10.746438167829371
121.907,10.745871037475164
121.908,10.745299250744468
121.90900000000001,10.744722815629071
121.91,10.744141740120186
121.911,10.743556032208387
121.91200000000001,10.742965699883548
121.913,10.742370751134795
121.914,10.741771193950415
121.91500000000001,10.741167036317814
121.916,10.740558286223436
121.917,10.739944951652712
121.91800000000001,10.739327040589981
121.919,10.738704561018444
121.92,10.738077520920083
121.92100000000001,10.7374459282756
121.922,10.736809791064346
121.923,10.73616911726428
121.92400000000001,10.735523914851871
121.925,10.734874191802062
121.926,10.734219956088168
121.92699999999999,10.733561215681858
121.928,10.732897978553051
121.929,10.732230252669861
121.93000000000001,10.731558045998545
121.931,10.730881366503414
121.932,10.730200222146783
121.93299999999999,10.729514620888898
121.934,10.728824570687877
121.935,10.728130079499639
121.93600000000001,10.727431155277824
121.937,10.726727805973761
121.938,10.726020039536362
121.93899999999999,10.72530786391208
121.94,10.724591287044838
121.941,10.723870316875962
121.94200000000001,10.723144961344106
121.943,10.722415228385188
121.944,10.721681125932339
121.94499999999999,10.720942661915814
121.946,10.720199844262934
121.947,10.719452680898026
121.94800000000001,10.718701179742331
121.949,10.717945348713977
121.95,10.717185195727872
121.95099999999999,10.716420728695658
121.952,10.71565195552564
121.953,10.714878884122717
121.95399999999999,10.714101522388303
121.955,10.713319878220286
121.956,10.712533959512941
121.95699999999999,10.711743774156853
121.958,10.710949330038877
121.959,10.710150635042044
121.95999999999999,10.709347697045509
121.961,10.708540523924476
121.962,10.707729123550134
121.96299999999999,10.706913503789577
121.964,10.706093672505752
121.965,10.705269637557384
121.96599999999999,10.704441406798901
121.967,10.703608988080381
121.968,10.70277238924746
121.96899999999999,10.701931618141295
121.97,10.701086682598461
121.971,10.700237590450907
121.97199999999999,10.699384349525888
121.973,10.698526967645867
121.974,10.697665452628494
121.97499999999999,10.696799812286489
121.976,10.695930054427603
121.977,10.695056186854542
121.97799999999999,10.694178217364898
121.979,10.693296153751067
121.98,10.692410003800214
121.98099999999999,10.691519775294163
121.982,10.690625476009362
121.983,10.689727113716783
121.98399999999999,10.688824696181888
121.985,10.687918231164524
121.986,10.687007726418885
121.98699999999999,10.686093189693421
121.988,10.685174628730781
121.989,10.684252051267737
121.98999999999999,10.683325465035116
121.991,10.682394877757744
121.992,10.681460297154349
121.99299999999999,10.680521730937517
121.994,10.679579186813623
121.995,10.678632672482728
121.996,10.677682195638562
121.997,10.67672776396841
121.998,10.675769385153064
121.999,10.67480706686675
122,10.673840816777057
122.001,10.672870642544884
122.002,10.671896551824332
122.003,10.670918552262677
122.004,10.669936651500272
122.005,10.668950857170495
122.006,10.667961176899666
122.00700000000001,10.666967618306996
122.008,10.665970189004494
122.009,10.664968896596923
122.01000000000001,10.663963748681711
122.011,10.662954752848881
122.012,10.661941916681009
122.01300000000001,10.660925247753118
122.014,10.659904753632636
122.015,10.658880441879319
122.01600000000001,10.657852320045171
122.017,10.656820395674389
122.018,10.655784676303295
122.01900000000001,10.654745169460247
122.02,10.653701882665603
122.021,10.652654823431611
122.02200000000001,10.651603999262381
122.023,10.650549417653787
122.024,10.649491086093411
122.02500000000001,10.648429012060467
122.026,10.647363203025749
122.027,10.646293666451532
122.02800000000001,10.645220409791532
122.029,10.644143440490829
122.03,10.643062765985778
122.03100000000001,10.641978393703981
122.032,10.640890331064176
122.033,10.639798585476202
122.03400000000001,10.638703164340903
122.035,10.637604075050081
122.036,10.636501324986419
122.03700000000001,10.6353949215234
122.038,10.634284872025274
122.039,10.633171183846947
122.04000000000001,10.632053864333942
122.041,10.630932920822319
122.042,10.629808360638611
122.04300000000001,10.628680191099754
122.044,10.627548419513017
122.045,10.626413053175936
122.04600000000001,10.625274099376252
122.047,10.62413156539184
122.048,10.622985458490623
122.04900000000001,10.62183578593053
122.05,10.62068255495943
122.051,10.619525772815033
122.05199999999999,10.618365446724864
122.053,10.617201583906144
122.054,10.616034191565786
122.05500000000001,10.614863276900275
122.056,10.613688847095627
122.057,10.612510909327307
122.05799999999999,10.611329470760188
122.059,10.610144538548447
122.06,10.608956119835529
122.06100000000001,10.607764221754062
122.062,10.606568851425807
122.063,10.605370015961569
122.06399999999999,10.60416772246116
122.065,10.602961978013294
122.066,10.601752789695558
122.06700000000001,10.600540164574324
122.068,10.599324109704696
122.069,10.598104632130424
122.06999999999999,10.596881738883861
122.071,10.595655436985886
122.072,10.594425733445833
122.07300000000001,10.593192635261444
122.074,10.591956149418777
122.075,10.590716282892165
122.07599999999999,10.589473042644139
122.077,10.588226435625359
122.078,10.586976468774559
122.07899999999999,10.585723149018479
122.08,10.584466483271791
122.081,10.583206478437049
122.08199999999999,10.581943141404613
122.083,10.580676479052586
122.084,10.579406498246769
122.08499999999999,10.578133205840553
122.086,10.5768566086749
122.087,10.575576713578258
122.08799999999999,10.574293527366493
122.089,10.573007056842837
122.09,10.571717308797831
122.09099999999999,10.570424290009223
122.092,10.569128007241952
122.093,10.567828467248059
122.09399999999999,10.566525676766629
122.095,10.565219642523731
122.096,10.563910371232344
122.09699999999999,10.562597869592308
122.098,10.561282144290258
122.099,10.55996320199956
122.09999999999999,10.558641049380242
122.101,10.557315693078941
122.102,10.555987139728842
122.10299999999999,10.554655395949613
122.104,10.55332046834733
122.105,10.551982363514449
122.10599999999999,10.550641088029705
122.107,10.549296648458078
122.108,10.547949051350729
122.10899999999999,10.546598303244922
122.11,10.545244410663981
122.111,10.543887380117223
122.11199999999999,10.542527218099899
122.113,10.541163931093132
122.114,10.539797525563857
122.11499999999999,10.538428007964761
122.116,10.537055384734222
122.117,10.535679662296259
122.11799999999999,10.534300847060454
122.119,10.532918945421919
122.12,10.5315339637612
122.121,10.530145908444263
122.122,10.528754785822395
122.123,10.527360602232164
122.124,10.525963363995375
122.125,10.524563077418973
122.126,10.523159748795027
122.127,10.521753384400643
122.128,10.520343990497917
122.129,10.51893157333388
122.13,10.517516139140438
122.131,10.516097694134316
122.13200000000001,10.514676244516993
122.133,10.513251796474659
122.134,10.511824356178144
122.13500000000001,10.510393929782886
122.136,10.508960523428836
122.137,10.507524143240442
122.13800000000001,10.50608479532657
122.139,10.504642485780456
122.14,10.503197220679645
122.14100000000001,10.501749006085939
122.142,10.500297848045353
122.143,10.498843752588041
122.14400000000001,10.497386725728257
122.145,10.495926773464291
122.146,10.494463901778413
122.14700000000001,10.492998116636844
122.148,10.49152942398967
122.149,10.490057829770798
122.15000000000001,10.488583339897913
122.151,10.487105960272425
122.152,10.485625696779399
122.15300000000001,10.484142555287526
122.154,10.482656541649042
122.155,10.481167661699708
122.15600000000001,10.479675921258741
122.157,10.478181326128752
122.158,10.476683882095717
122.15900000000001,10.475183594928916
122.16,10.473680470380877
122.161,10.472174514187335
122.16200000000001,10.470665732067173
122.163,10.46915412972238
122.164,10.46763971283799
122.16500000000001,10.466122487082041
122.166,10.464602458105526
122.167,10.463079631542341
122.16800000000001,10.461554013009236
122.169,10.460025608105761
122.17,10.45849442241423
122.17100000000001,10.456960461499664
122.172,10.455423730909748
122.173,10.453884236174769
122.17400000000001,10.452341982807589
122.175,10.450796976303588
122.176,10.449249222140608
122.17699999999999,10.447698725778938
122.178,10.446145492661215
122.179,10.444589528212431
122.18000000000001,10.443030837839849
122.181,10.441469426932988
122.182,10.439905300863545
122.18299999999999,10.438338464985382
122.184,10.436768924634451
122.185,10.43519668512878
122.18600000000001,10.433621751768399
122.187,10.432044129835317
122.188,10.430463824593462
122.18899999999999,10.428880841288661
122.19,10.427295185148578
122.191,10.425706861382666
122.19200000000001,10.424115875182142
122.193,10.422522231719928
122.194,10.420925936150626
122.19499999999999,10.419326993610458
122.196,10.417725409217244
122.197,10.416121188070338
122.19800000000001,10.414514335250608
122.199,10.412904855820381
122.2,10.411292754823407
122.20099999999999,10.409678037284831
122.202,10.408060708211117
122.203,10.406440772590059
122.20399999999999,10.404818235390701
122.205,10.403193101563314
122.206,10.401565376039365
122.20699999999999,10.399935063731457
122.208,10.398302169533306
122.209,10.396666698319709
122.20999999999999,10.395028654946488
122.211,10.39338804425047
122.212,10.391744871049436
122.21299999999999,10.390099140142095
122.214,10.388450856308037
122.215,10.386800024307719
122.21599999999999,10.385146648882399
122.217,10.383490734754123
122.218,10.381832286625677
122.21899999999999,10.380171309180557
122.22,10.378507807082951
122.221,10.37684178497766
122.22199999999999,10.375173247490119
122.223,10.373502199226326
122.224,10.371828644772823
122.22499999999999,10.370152588696653
122.226,10.368474035545347
122.227,10.36679298984687
122.22799999999999,10.365109456109591
122.229,10.363423438822284
122.23,10.361734942454042
122.23099999999999,10.360043971454299
122.232,10.358350530252761
122.233,10.356654623259386
122.23399999999999,10.354956254864378
122.235,10.353255429438125
122.236,10.35155215133117
122.23699999999999,10.349846424874219
122.238,10.348138254378064
122.239,10.3464276441336
122.23999999999999,10.344714598411752
122.241,10.342999121463484
122.242,10.341281217519755
122.24299999999999,10.339560890791493
122.244,10.337838145469568
122.245,10.336112985724769
122.246,10.334385415707779
122.247,10.332655439549143
122.248,10.330923061359243
122.249,10.329188285228284
122.25,10.327451115226257
122.251,10.325711555402915
122.252,10.323969609787758
122.253,10.322225282390004
122.254,10.320478577198564
122.255,10.318729498182018
122.256,10.316978049288606
122.25700000000001,10.315224234446184
122.258,10.313468057562211
122.259,10.311709522523742
122.26000000000001,10.309948633197385
122.261,10.308185393429291
122.262,10.306419807045133
122.26300000000001,10.304651877850082
122.264,10.302881609628789
122.265,10.301109006145373
122.26600000000001,10.299334071143385
122.267,10.297556808345808
122.268,10.295777221455028
122.26900000000001,10.293995314152811
122.27,10.292211090100306
122.271,10.290424552937992
122.27200000000001,10.288635706285707
122.273,10.28684455374259
122.274,10.285051098887093
122.27500000000001,10.283255345276949
122.276,10.281457296449153
122.277,10.279656955919975
122.27800000000001,10.277854327184906
122.279,10.276049413718685
122.28,10.274242218975235
122.28100000000001,10.272432746387699
122.282,10.270620999368401
122.283,10.268806981308831
122.28400000000001,10.266990695579643
122.285,10.265172145530643
122.286,10.263351334490761
122.28700000000001,10.261528265768062
122.288,10.25970294264971
122.289,10.257875368401997
122.29000000000001,10.256045546270274
122.291,10.254213479478999
122.292,10.252379171231691
122.29300000000001,10.250542624710937
122.294,10.248703843078381
122.295,10.246862829474697
122.29600000000001,10.245019587019614
122.297,10.243174118811886
122.298,10.241326427929286
122.29900000000001,10.239476517428603
122.3,10.237624390345642
122.301,10.235770049695205
122.30199999999999,10.233913498471093
122.303,10.232054739646095
122.304,10.230193776171996
122.30500000000001,10.228330610979548
122.306,10.226465246978499
122.307,10.224597687057559
122.30799999999999,10.222727934084409
122.309,10.220855990905699
122.31,10.218981860347046
122.31100000000001,10.217105545213027
122.312,10.215227048287177
122.313,10.213346372331994
122.31399999999999,10.211463520088927
122.315,10.209578494278391
122.316,10.207691297599757
122.31700000000001,10.205801932731335
122.318,10.203910402330413
122.319,10.202016709033224
122.31999999999999,10.200120855454966
122.321,10.198222844189793
122.322,10.196322677810818
122.32300000000001,10.194420358870124
122.324,10.192515889898768
122.325,10.190609273406757
122.32599999999999,10.188700511883091
122.327,10.186789607795737
122.328,10.184876563591642
122.32899999999999,10.182961381696755
122.33,10.181044064515998
122.331,10.179124614433299
122.33199999999999,10.177203033811592
122.333,10.175279324992813
122.334,10.173353490297918
122.33499999999999,10.171425532026884
122.336,10.169495452458719
122.337,10.167563253851478
122.33799999999999,10.165628938442245
122.339,10.163692508447168
122.34,10.161753966061465
122.34099999999999,10.15981331345942
122.342,10.157870552794405
122.343,10.155925686198879
122.34399999999999,10.153978715784417
122.345,10.152029643641699
122.346,10.150078471840532
122.34699999999999,10.148125202429867
122.348,10.146169837437805
122.349,10.144212378871607
122.34999999999999,10.142252828717721
122.351,10.140291188941765
122.352,10.138327461488577
122.35299999999999,10.136361648282209
122.354,10.13439375122595
122.355,10.132423772202323
122.35599999999999,10.130451713073132
122.357,10.128477575679444
122.358,10.126501361841635
122.35899999999999,10.124523073359375
122.36,10.122542712011686
122.361,10.120560279556919
122.36199999999999,10.118575777732792
122.363,10.116589208256411
122.364,10.114600572824282
122.36499999999999,10.112609873112316
122.366,10.110617110775886
122.367,10.108622287449821
122.36799999999999,10.106625404748403
122.369,10.104626464265452
122.37,10.102625467574283
122.371,10.100622416227759
122.372,10.09861731175832
122.373,10.09661015567797
122.374,10.094600949478341
122.375,10.092589694630695
122.376,10.090576392585939
122.377,10.088561044774671
122.378,10.086543652607187
122.379,10.084524217473518
122.38,10.082502740743436
122.381,10.080479223766504
122.38200000000001,10.078453667872084
122.383,10.076426074369373
122.384,10.074396444547418
122.38500000000001,10.072364779675169
122.386,10.070331081001457
122.387,10.068295349755084
122.38800000000001,10.066257587144804
122.389,10.064217794359367
122.39,10.062175972567561
122.39100000000001,10.060132122918217
122.392,10.058086246540256
122.393,10.056038344542717
122.39400000000001,10.053988418014777
122.395,10.051936468025801
122.396,10.049882495625353
122.39700000000001,10.047826501843241
122.398,10.045768487689543
122.399,10.043708454154654
122.40000000000001,10.041646402209285
122.401,10.039582332804541
122.402,10.037516246871913
122.40300000000001,10.035448145323345
122.404,10.033378029051255
122.405,10.031305898928556
122.40600000000001,10.029231755808722
122.407,10.027155600525797
122.408,10.025077433894442
122.40900000000001,10.022997256709978
122.41,10.020915069748401
122.411,10.018830873766452
122.41200000000001,10.016744669501627
122.413,10.014656457672219
122.414,10.01256623897738
122.41500000000001,10.01047401409712
122.416,10.008379783692385
122.417,10.006283548405076
122.41800000000001,10.004185308858087
122.419,10.002085065655363
122.42,9.9999828193819198
122.42100000000001,9.9978785706038984
122.422,9.9957723198685997
122.423,9.9936640677045343
122.42400000000001,9.9915538146214598
122.425,9.9894415611104268
122.426,9.9873273076438078
122.42699999999999,9.9852110546753661
122.428,9.9830928026402734
122.429,9.9809725519551744
122.43000000000001,9.9788503030182287
122.431,9.9767260562091362
122.432,9.9745998118892061
122.43299999999999,9.9724715704013942
122.434,9.970341332070344
122.435,9.9682090972024486
122.43600000000001,9.9660748660858633
122.437,9.9639386389906051
122.438,9.9618004161685541
122.43899999999999,9.9596601978535233
122.44,9.9575179842612993
122.441,9.9553737755897025
122.44200000000001,9.9532275720186245
122.443,9.951079373710078
122.444,9.9489291808082569
122.44499999999999,9.9467769934395722
122.446,9.9446228117127173
122.447,9.9424666357187146
122.44800000000001,9.9403084655309559
122.449,9.9381483012052687
122.45,9.9359861427799547
122.45099999999999,9.9338219902758667
122.452,9.9316558436964257
122.453,9.9294877030277053
122.45399999999999,9.92731756823847
122.455,9.9251454392802287
122.456,9.9229713160873008
122.45699999999999,9.9207951985768581
122.458,9.9186170866489807
122.459,9.9164369801867256
122.45999999999999,9.9142548790561627
122.461,9.9120707831064472
122.462,9.9098846921698751
122.46299999999999,9.9076966060619238
122.464,9.9055065245813285
122.465,9.903314447510132
122.46599999999999,9.9011203746137362
122.467,9.898924305640973
122.468,9.8967262403241545
122.46899999999999,9.8945261783791327
122.47,9.8923241195053606
122.471,9.8901200633859521
122.47199999999999,9.8879140096877425
122.473,9.8857059580613438
122.474,9.8834959081412102
122.47499999999999,9.881283859545702
122.476,9.8790698118771374
122.477,9.8768537647218544
122.47799999999999,9.8746357176502979
122.479,9.8724156702170447
122.48,9.8701936219608886
122.48099999999999,9.8679695724049008
122.482,9.8657435210564888
122.483,9.8635154674074688
122.48399999999999,9.8612854109341086
122.485,9.8590533510972165
122.486,9.8568192873422085
122.48699999999999,9.8545832190991334
122.488,9.85234514578279
122.489,9.8501050667927625
122.48999999999999,9.8478629815134848
122.491,9.8456188893143253
122.492,9.8433727895496368
122.49299999999999,9.8411246815588278
122.494,9.8388745646664439
122.495,9.8366224381822107
122.496,9.8343683014011187
122.497,9.8321121536034859
122.498,9.8298539940550391
122.499,9.8275938220069552
122.5,9.8253316366959513
122.501,9.8230674373443581
122.502,9.820801223160176
122.503,9.8185329933371452
122.504,9.8162627470548376
122.505,9.8139904834786904
122.506,9.8117162017601132
122.50700000000001,9.8094399010365407
122.508,9.807161580431508
122.509,9.8048812390547173
122.51000000000001,9.8025988760021328
122.511,9.8003144903560173
122.512,9.7980280811850324
122.51300000000001,9.7957396475443055
122.514,9.7934491884754955
122.515,9.7911567030068767
122.51600000000001,9.7888621901534041
122.517,9.7865656489167954
122.518,9.7842670782856072
122.51900000000001,9.7819664772352901
122.52,9.7796638447282955
122.521,9.7773591797141215
122.52200000000001,9.7750524811294088
122.523,9.7727437478980104
122.524,9.7704329789310638
122.52500000000001,9.7681201731270644
122.526,9.7658053293719664
122.527,9.7634884465392293
122.52800000000001,9.7611695234899081
122.529,9.7588485590727387
122.53,9.7565255521242005
122.53100000000001,9.7542005014686168
122.532,9.7518734059181966
122.533,9.74954426427316
122.53400000000001,9.7472130753217847
122.535,9.7448798378404806
122.536,9.7425445505939088
122.53700000000001,9.7402072123350134
122.538,9.737867821805132
122.539,9.7355263777340699
122.54000000000001,9.7331828788401769
122.541,9.7308373238304284
122.542,9.7284897114005098
122.54300000000001,9.7261400402348936
122.544,9.7237883090069293
122.545,9.7214345163789115
122.54600000000001,9.7190786610021753
122.547,9.7167207415171752
122.548,9.7143607565535586
122.54900000000001,9.7119987047302594
122.55,9.7096345846555856
122.551,9.7072683949272793
122.55199999999999,9.7049001341326271
122.553,9.7025298008485272
122.554,9.7001573936415824
122.55500000000001,9.6977829110681775
122.556,9.6954063516745634
122.557,9.693027713996953
122.55799999999999,9.6906469965615951
122.559,9.6882641978848554
122.56,9.6858793164733257
122.56100000000001,9.6834923508238742
122.562,9.6811032994237642
122.563,9.6787121607507185
122.56399999999999,9.6763189332730146
122.565,9.6739236154495671
122.566,9.6715262057300233
122.56700000000001,9.6691267025548395
122.568,9.6667251043553737
122.569,9.6643214095539669
122.56999999999999,9.6619156165640394
122.571,9.6595077237901794
122.572,9.6570977296282017
122.57300000000001,9.6546856324652932
122.574,9.652271430680047
122.575,9.6498551226425704
122.57599999999999,9.6474367067145881
122.577,9.6450161812495008
122.578,9.6425935445925042
122.57899999999999,9.6401687950806529
122.58,9.6377419310429779
122.581,9.6353129508005395
122.58199999999999,9.6328818526665572
122.583,9.6304486349464682
122.584,9.6280132959380325
122.58499999999999,9.6255758339314141
122.586,9.6231362472092883
122.587,9.6206945340469154
122.58799999999999,9.618250692712234
122.589,9.6158047214659579
122.59,9.613356618561669
122.59099999999999,9.6109063822458989
122.592,9.6084540107582281
122.593,9.60599950233137
122.59399999999999,9.6035428551912716
122.595,9.6010840675572062
122.596,9.5986231376418516
122.59699999999999,9.5961600636513928
122.598,9.5936948437856202
122.599,9.5912274762380072
122.59999999999999,9.5887579591958172
122.601,9.586286290840178
122.602,9.5838124693461992
122.60299999999999,9.5813364928830467
122.604,9.5788583596140349
122.605,9.5763780676967389
122.60599999999999,9.5738956152830745
122.607,9.5714110005193795
122.608,9.5689242215465296
122.60899999999999,9.5664352765000267
122.61,9.5639441635100848
122.611,9.5614508807017291
122.61199999999999,9.5589554261948884
122.613,9.5564577981044945
122.614,9.5539579945405748
122.61499999999999,9.5514560136083304
122.616,9.5489518534082745
122.617,9.5464455120362572
122.61799999999999,9.5439369875836384
122.619,9.541426278137326
122.62,9.5389133817798903
122.621,9.5363982965896668
122.622,9.5338810206408393
122.623,9.5313615520035402
122.624,9.5288398887439474
122.625,9.5263160289243682
122.626,9.5237899706033584
122.627,9.5212617118357965
122.628,9.5187312506729889
122.629,9.5161985851627584
122.63,9.5136637133495494
122.631,9.5111266332745252
122.63200000000001,9.50858734297565
122.633,9.5060458404878023
122.634,9.5035021238428516
122.63500000000001,9.5009561910697791
122.636,9.4984080401947484
122.637,9.4958576692412269
122.63800000000001,9.4933050762300564
122.639,9.4907502591795669
122.64,9.4881932161056781
122.64100000000001,9.4856339450219718
122.642,9.4830724439398182
122.643,9.4805087108684525
122.64400000000001,9.4779427438150723
122.645,9.4753745407849443
122.646,9.4728040997814968
122.64700000000001,9.4702314188064136
122.648,9.4676564958597424
122.649,9.4650793289399644
122.65000000000001,9.4624999160441217
122.651,9.4599182551679135
122.652,9.4573343443057567
122.65300000000001,9.4547481814509329
122.654,9.4521597645956419
122.655,9.4495690917311261
122.65600000000001,9.4469761608477594
122.657,9.4443809699351444
122.658,9.4417835169822126
122.65900000000001,9.4391837999773145
122.66,9.436581816908312
122.661,9.4339775657627083
122.66200000000001,9.4313710445276975
122.663,9.428762251190296
122.664,9.426151183737435
122.66500000000001,9.4235378401560386
122.666,9.4209222184331427
122.667,9.4183043165559859
122.66800000000001,9.4156841325120997
122.669,9.4130616642894118
122.67,9.4104369098763438
122.67100000000001,9.4078098672619106
122.672,9.4051805344358019
122.673,9.4025489093885071
122.67400000000001,9.3999149901113768
122.675,9.3972787745967636
122.676,9.3946402608380701
122.67699999999999,9.391999446829896
122.678,9.3893563305680861
122.679,9.3867109100498638
122.68000000000001,9.3840631832739199
122.681,9.3814131482404903
122.682,9.3787608029514811
122.68299999999999,9.3761061454105441
122.684,9.3734491736231824
122.685,9.3707898855968494
122.68600000000001,9.3681282793410343
122.687,9.3654643528673738
122.688,9.3627981041897392
122.68899999999999,9.3601295313243291
122.69,9.3574586322897719
122.691,9.3547854051072417
122.69200000000001,9.3521098478005005
122.693,9.3494319583960532
122.694,9.3467517349232114
122.69499999999999,9.3440691754141927
122.696,9.3413842779042326
122.697,9.3386970404316578
122.69800000000001,9.3360074610379922
122.699,9.3333155377680637
122.7,9.3306212686700754
122.70099999999999,9.3279246517957333
122.702,9.325225685200305
122.703,9.3225243669427442
122.70399999999999,9.3198206950857774
122.705,9.3171146676959875
122.706,9.3144062828439278
122.70699999999999,9.3116955386042104
122.708,9.3089824330555793
122.709,9.3062669642810487
122.70999999999999,9.3035491303679567
122.711,9.3008289294080857
122.712,9.2981063594977478
122.71299999999999,9.2953814187378647
122.714,9.2926541052340887
122.715,9.2899244170968913
122.71599999999999,9.2871923524416324
122.717,9.2844579093886814
122.718,9.2817210860635022
122.71899999999999,9.2789818805967474
122.72,9.2762402911243385
122.721,9.2734963157875807
122.72199999999999,9.2707499527332491
122.723,9.2680012001136696
122.724,9.2652500560868276
122.72499999999999,9.262496518816457
122.726,9.2597405864721125
122.727,9.2569822572293017
122.72799999999999,9.2542215292695484
122.729,9.2514584007804785
122.73,9.2486928699559385
122.73099999999999,9.2459249349960775
122.732,9.2431545941074162
122.733,9.2403818455029771
122.73399999999999,9.2376066874023426
122.735,9.234829118031767
122.736,9.2320491356242584
122.73699999999999,9.2292667384196712
122.738,9.2264819246647889
122.739,9.2236946926134369
122.73999999999999,9.220905040526544
122.741,9.2181129666722548
122.742,9.2153184693260108
122.74299999999999,9.212521546770633
122.744,9.2097221972964345
122.745,9.2069204192012766
122.746,9.2041162107906835
122.747,9.2013095703779335
122.748,9.198500496284117
122.749,9.1956889868382632
122.75,9.1928750403773982
122.751,9.1900586552466539
122.752,9.1872398297993509
122.753,9.1844185623970702
122.754,9.1815948514097663
122.755,9.1787686952158332
122.756,9.1759400922022039
122.75700000000001,9.1731090407644338
122.758,9.170275539306779
122.759,9.1674395862423044
122.76000000000001,9.1646011799929461
122.761,9.1617603189896037
122.762,9.1589170016722434
122.76300000000001,9.1560712264899475
122.764,9.1532229919010497
122.765,9.1503722963731615
122.76600000000001,9.147519138383311
122.767,9.1446635164179924
122.768,9.1418054289732673
122.76900000000001,9.1389448745548272
122.77,9.1360818516781155
122.771,9.1332163588683724
122.77200000000001,9.1303483946607393
122.773,9.1274779576003411
122.774,9.1246050462423494
122.77500000000001,9.1217296591520949
122.776,9.1188517949051331
122.777,9.1159714520873116
122.77800000000001,9.1130886292948929
122.779,9.1102033251345862
122.78,9.1073155382236681
122.78100000000001,9.1044252671900452
122.782,9.1015325106723335
122.783,9.098637267319944
122.78400000000001,9.0957395357931681
122.785,9.0928393147632374
122.786,9.0899366029124327
122.78700000000001,9.0870313989341298
122.788,9.0841237015329064
122.789,9.0812135094246091
122.79000000000001,9.0783008213364269
122.791,9.075385636006974
122.792,9.0724679521863738
122.79300000000001,9.0695477686363244
122.794,9.0666250841301821
122.795,9.0636998974530414
122.79600000000001,9.0607722074018024
122.797,9.0578420127852546
122.798,9.0549093124241455
122.79900000000001,9.0519741051512703
122.8,9.0490363898115262
122.801,9.046096165262
122.80199999999999,9.0431534303720511
122.803,9.0402081840233617
122.804,9.0372604251100341
122.80500000000001,9.0343101525386498
122.806,9.0313573652283452
122.807,9.0284020621108958
122.80799999999999,9.0254442421307726
122.809,9.0224839042452203
122.81,9.0195210474243357
122.81100000000001,9.0165556706511225
122.812,9.013587772921591
122.813,9.0106173532448004
122.81399999999999,9.0076444106429374
122.815,9.0046689441513994
122.816,9.0016909528188513
122.81700000000001,8.998710435707288
122.818,8.9957273918921281
122.819,8.9927418204622587
122.81999999999999,8.9897537205201168
122.821,8.9867630911817553
122.822,8.983769931576898
122.82300000000001,8.9807742408490299
122.824,8.9777760181554545
122.825,8.9747752626673378
122.82599999999999,8.971771973569826
122.827,8.968766150062045
122.828,8.9657577913572268
122.82899999999999,8.9627468966827362
122.83,8.9597334652801504
122.831,8.9567174964053198
122.83199999999999,8.9536989893284407
122.833,8.9506779433340906
122.834,8.9476543577213352
122.83499999999999,8.9446282318037547
122.836,8.9415995649095183
122.837,8.9385683563814577
122.83799999999999,8.9355346055770983
122.839,8.9324983118687591
122.84,8.9294594746435898
122.84099999999999,8.9264180933036226
122.842,8.923374167265866
122.843,8.9203276959623228
122.84399999999999,8.9172786788400877
122.845,8.914227115361383
122.846,8.9111730050036151
122.84699999999999,8.9081163472594476
122.848,8.9050571416368527
122.849,8.9019953876591611
122.84999999999999,8.8989310848651275
122.851,8.8958642328089805
122.852,8.8927948310604847
122.85299999999999,8.8897228792049994
122.854,8.8866483768435138
122.855,8.8835713235927241
122.85599999999999,8.8804917190850876
122.857,8.8774095629688432
122.858,8.8743248549081155
122.85899999999999,8.8712375945829205
122.86,8.8681477816892613
122.861,8.865055415939139
122.86199999999999,8.8619604970606307
122.863,8.8588630247979339
122.864,8.8557629989114197
122.86499999999999,8.8526604191776705
122.866,8.8495552853895525
122.867,8.8464475973562404
122.86799999999999,8.8433373549032819
122.869,8.8402245578726522
122.87,8.8371092061227756
122.871,8.8339912995286021
122.872,8.8308708379816405
122.873,8.82774782139
122.874,8.8246222496784572
122.875,8.8214941227884722
122.876,8.8183634406782598
122.877,8.815230203322832
122.878,8.8120944107140122
122.879,8.8089560628605259
122.88,8.8058151597880059
122.881,8.8026717015390563
122.88200000000001,8.79952568817329
122.883,8.7963771197673637
122.884,8.7932259964150301
122.88500000000001,8.7900723182271783
122.886,8.7869160853318569
122.887,8.7837572978743488
122.88800000000001,8.7805959560171658
122.889,8.7774320599401321
122.89,8.7742656098404019
122.89100000000001,8.7710966059324882
122.892,8.7679250484483191
122.893,8.7647509376372721
122.89400000000001,8.7615742737661968
122.895,8.7583950571194684
122.896,8.7552132879990179
122.89700000000001,8.7520289667243603
122.898,8.7488420936326445
122.899,8.7456526690786696
122.90000000000001,8.7424606934349356
122.901,8.7392661670916674
122.902,8.7360690904568461
122.90300000000001,8.7328694639562592
122.904,8.7296672880335002
122.905,8.7264625631500312
122.90600000000001,8.7232552897852056
122.907,8.7200454684362789
122.908,8.7168330996184711
122.90900000000001,8.7136181838649733
122.91,8.7104007217269821
122.911,8.707180713773738
122.91200000000001,8.7039581605925296
122.913,8.7007330627887498
122.914,8.6975054209859124
122.91500000000001,8.6942752358256605
122.916,8.6910425079678202
122.917,8.6878072380904197
122.91800000000001,8.6845694268896896
122.919,8.6813290750801251
122.92,8.678086183394484
122.92100000000001,8.67484075258381
122.922,8.671592783417486
122.923,8.668342276683207
122.92400000000001,8.6650892331870484
122.925,8.661833653753467
122.926,8.6585755392253123
122.92699999999999,8.6553148904638721
122.928,8.6520517083488606
122.929,8.648785993778473
122.93000000000001,8.6455177476693823
122.931,8.6422469709567551
122.932,8.6389736645942889
122.93299999999999,8.6356978295542071
122.934,8.6324194668272884
122.935,8.6291385774228893
122.93600000000001,8.6258551623689357
122.937,8.6225692227119684
122.938,8.6192807595171388
122.93899999999999,8.6159897738682236
122.94,8.6126962668676494
122.941,8.6094002396364964
122.94200000000001,8.6061016933145087
122.943,8.6028006290601216
122.944,8.5994970480504538
122.94499999999999,8.5961909514813328
122.946,8.5928823405673018
122.947,8.5895712165416231
122.94800000000001,8.586257580656298
122.949,8.582941434182068
122.95,8.5796227784084245
122.95099999999999,8.5763016146436239
122.952,8.5729779442146832
122.953,8.5696517684673932
122.95399999999999,8.5663230887663282
122.955,8.5629919064948474
122.956,8.5596582230550986
122.95699999999999,8.5563220398680251
122.958,8.5529833583733712
122.959,8.5496421800296858
122.95999999999999,8.5462985063143186
122.961,8.542952338723433
122.962,8.5396036787720053
122.96299999999999,8.5362525279938186
122.964,8.5328988879414744
122.965,8.5295427601863913
122.96599999999999,8.5261841463187871
122.967,8.5228230479477105
122.968,8.5194594667010115
122.96899999999999,8.5160934042253533
122.97,8.5127248621862108
122.971,8.5093538422678563
122.97199999999999,8.5059803461733736
122.973,8.5026043756246388
122.974,8.499225932362318
122.97499999999999,8.4958450181458858
122.976,8.4924616347535675
122.977,8.4890757839823969
122.97799999999999,8.4856874676481642
122.979,8.4822966875854178
122.98,8.4789034456474823
122.98099999999999,8.4755077437064106
122.982,8.4721095836530047
122.983,8.4687089673967968
122.98399999999999,8.4653058968660346
122.985,8.4619003740076799
122.986,8.4584924007873923
122.98699999999999,8.4550819791895258
122.988,8.4516691112170967
122.989,8.4482537988918018
122.98999999999999,8.4448360442539734
122.991,8.4414158493625919
122.992,8.4379932162952525
122.99299999999999,8.4345681471481697
122.994,8.4311406440361392
122.995,8.4277107090925405
122.996,8.4242783444693146
122.997,8.4208435523369527
122.998,8.4174063348844612
122.999,8.4139666943193685
123,8.4105246328676806
123.001,8.4070801527738901
123.002,8.4036332563009459
123.003,8.4001839457302072
123.004,8.3967322233614698
123.005,8.3932780915129097
123.006,8.389821552521072
123.00700000000001,8.3863626087408587
123.008,8.3829012625454915
123.009,8.3794375163264956
123.01000000000001,8.3759713724936748
123.011,8.3725028334750871
123.012,8.3690319017170225
123.01300000000001,8.3655585796839738
123.014,8.3620828698586127
123.015,8.3586047747417673
123.01600000000001,8.3551242968523862
123.017,8.3516414387275226
123.018,8.3481562029222935
123.01900000000001,8.3446685920098638
123.02,8.3411786085814121
123.021,8.3376862552460889
123.02200000000001,8.3341915346310191
123.023,8.3306944493812356
123.024,8.3271950021596659
123.02500000000001,8.3236931956471025
123.026,8.320189032542169
123.027,8.3166825155612738
123.02800000000001,8.3131736474386013
123.029,8.3096624309260569
123.03,8.3061488687932439
123.03100000000001,8.3026329638274312
123.032,8.2991147188335059
123.033,8.2955941366339463
123.03400000000001,8.2920712200687952
123.035,8.288545971995589
123.036,8.2850183952893737
123.03700000000001,8.2814884928426107
123.038,8.2779562675651821
123.039,8.2744217223843286
123.04000000000001,8.2708848602446174
123.041,8.2673456841079016
123.042,8.2638041969532878
123.04300000000001,8.2602604017770744
123.044,8.2567143015927265
123.045,8.2531658994308419
123.04600000000001,8.2496151983390824
123.047,8.2460622013821681
123.048,8.2425069116417866
123.04900000000001,8.2389493322165972
123.05,8.2353894662221521
123.051,8.23182731679087
123.05199999999999,8.2282628870719865
123.053,8.2246961802314971
123.054,8.221127199452134
123.05500000000001,8.2175559479333007
123.056,8.2139824288910255
123.057,8.2104066455579225
123.05799999999999,8.2068286011831493
123.059,8.2032482990323263
123.06,8.1996657423875341
123.06100000000001,8.1960809345472185
123.062,8.1924938788261734
123.063,8.1889045785554782
123.06399999999999,8.1853130370824374
123.065,8.1817192577705509
123.066,8.1781232439994422
123.06700000000001,8.1745249991648112
123.068,8.1709245266783839
123.069,8.1673218299678574
123.06999999999999,8.163716912476854
123.071,8.1601097776648519
123.072,8.156500429007135
123.07300000000001,8.1528888699947473
123.074,8.1492751041344302
123.075,8.1456591349485574
123.07599999999999,8.1420409659750952
123.077,8.1384206007675317
123.078,8.1347980428948254
123.07899999999999,8.131173295941359
123.08,8.1275463635068395
123.081,8.1239172492062934
123.08199999999999,8.1202859566699743
123.083,8.1166524895433003
123.084,8.1130168514868206
123.08499999999999,8.1093790461761177
123.086,8.1057390773017826
123.087,8.102096948569331
123.08799999999999,8.0984526636991436
123.089,8.0948062264264049
123.09,8.0911576405010557
123.09099999999999,8.087506909687697
123.092,8.0838540377655601
123.093,8.0801990285284173
123.09399999999999,8.076541885784529
123.095,8.0728826133565867
123.096,8.0692212150816189
123.09699999999999,8.0655576948109573
123.098,8.0618920564101586
123.099,8.0582243037589194
123.09999999999999,8.0545544407510459
123.101,8.0508824712943436
123.102,8.047208399310593
123.10299999999999,8.0435322287354456
123.104,8.0398539635183699
123.105,8.0361736076225814
123.10599999999999,8.0324911650249824
123.107,8.0288066397160609
123.108,8.0251200356998655
123.10899999999999,8.0214313569938831
123.11,8.017740607629019
123.111,8.0140477916494905
123.11199999999999,8.0103529131127562
123.113,8.0066559760894709
123.114,8.0029569846633777
123.11499999999999,7.9992559429312582
123.116,7.9955528550028525
123.117,7.9918477250007793
123.11799999999999,7.9881405570604738
123.119,7.9844313553301021
123.12,7.9807201239704835
123.121,7.9770068671550369
123.122,7.9732915890696745
123.123,7.9695742939127463
123.124,7.9658549858949588
123.125,7.9621336692392894
123.126,7.9584103481809247
123.127,7.9546850269671765
123.128,7.9509577098573914
123.129,7.9472284011228904
123.13,7.9434971050468786
123.131,7.9397638259243752
123.13200000000001,7.9360285680621274
123.133,7.9322913357785243
123.134,7.9285521334035369
123.13500000000001,7.9248109652786205
123.136,7.9210678357566344
123.137,7.9173227492017748
123.13800000000001,7.9135757099894679
123.139,7.9098267225063257
123.14,7.9060757911500339
123.14100000000001,7.9023229203292633
123.142,7.8985681144636253
123.143,7.8948113779835545
123.14400000000001,7.8910527153302272
123.145,7.8872921309555064
123.146,7.8835296293218242
123.14700000000001,7.8797652149021111
123.148,7.8759988921797266
123.149,7.8722306656483418
123.15000000000001,7.8684605398118848
123.151,7.8646885191844405
123.152,7.8609146082901589
123.15300000000001,7.8571388116631944
123.154,7.8533611338475779
123.155,7.8495815793971815
123.15600000000001,7.8458001528755883
123.157,7.8420168588560255
123.158,7.8382317019212735
123.15900000000001,7.8344446866635824
123.16,7.8306558176845762
123.161,7.8268650995951763
123.16200000000001,7.8230725370154843
123.163,7.8192781345747377
123.164,7.8154818969111872
123.16500000000001,7.8116838286720185
123.166,7.8078839345132636
123.167,7.8040822190997101
123.16800000000001,7.8002786871048055
123.169,7.7964733432105824
123.17,7.7926661921075446
123.17100000000001,7.7888572384946073
123.172,7.7850464870789811
123.173,7.7812339425760744
123.17400000000001,7.7774196097094439
123.175,7.7736034932106595
123.176,7.7697855978192258
123.17699999999999,7.7659659282825064
123.178,7.762144489355606
123.179,7.758321285801296
123.18000000000001,7.7544963223899241
123.181,7.7506696038992953
123.182,7.7468411351146198
123.18299999999999,7.7430109208283859
123.184,7.7391789658402743
123.185,7.7353452749570817
123.18600000000001,7.7315098529926019
123.187,7.7276727047675511
123.188,7.723833835109474
123.18899999999999,7.7199932488526262
123.19,7.7161509508379069
123.191,7.7123069459127578
123.19200000000001,7.7084612389310543
123.193,7.7046138347530277
123.194,7.7007647382451587
123.19499999999999,7.69691395428009
123.196,7.6930614877365304
123.197,7.6892073434991506
123.19800000000001,7.6853515264584935
123.199,7.681494041510895
123.2,7.6776348935583449
123.20099999999999,7.6737740875084395
123.202,7.669911628274253
123.203,7.6660475207742564
123.20399999999999,7.6621817699322161
123.205,7.658314380677103
123.206,7.6544453579429774
123.20699999999999,7.6505747066689249
123.208,7.6467024317989214
123.209,7.6428285382817744
123.20999999999999,7.6389530310709883
123.211,7.6350759151247001
123.212,7.6311971954055657
123.21299999999999,7.6273168768806574
123.214,7.623434964521385
123.215,7.6195514633033845
123.21599999999999,7.6156663782064182
123.217,7.611779714214288
123.218,7.6078914763147285
123.21899999999999,7.6040016694993184
123.22,7.6001102987633775
123.221,7.5962173691058599
123.22199999999999,7.5923228855292777
123.223,7.588426853039584
123.224,7.5845292766460766
123.22499999999999,7.5806301613613183
123.226,7.5767295122010108
123.227,7.5728273341839216
123.22799999999999,7.5689236323317743
123.229,7.5650184116691435
123.23,7.5611116772233711
123.23099999999999,7.5572034340244674
123.232,7.5532936871049934
123.233,7.5493824414999953
123.23399999999999,7.5454697022468604
123.235,7.5415554743852731
123.236,7.5376397629570793
123.23699999999999,7.5337225730061892
123.238,7.5298039095785043
123.239,7.5258837777217966
123.23999999999999,7.5219621824856091
123.241,7.5180391289211794
123.242,7.5141146220813155
123.24299999999999,7.5101886670203193
123.244,7.5062612687938799
123.245,7.5023324324589566
123.246,7.4984021630737256
123.247,7.4944704656974412
123.248,7.4905373453903508
123.249,7.4866028072136075
123.25,7.4826668562291481
123.251,7.478729497499625
123.252,7.4747907360883001
123.253,7.4708505770589166
123.254,7.4669090254756476
123.255,7.4629660864029663
123.256,7.4590217649055646
123.25700000000001,7.4550760660482531
123.258,7.4511289948958552
123.259,7.4471805565131195
123.26000000000001,7.4432307559646205
123.261,7.4392795983146556
123.262,7.4353270886271652
123.26300000000001,7.4313732319656083
123.264,7.4274180333928967
123.265,7.4234614979712781
123.26600000000001,7.4195036307622377
123.267,7.4155444368264227
123.268,7.4115839212235333
123.26900000000001,7.4076220890122091
123.27,7.4036589452499744
123.271,7.3996944949930956
123.27200000000001,7.395728743296532
123.273,7.3917616952138037
123.274,7.3877933557969069
123.27500000000001,7.3838237300962319
123.276,7.3798528231604621
123.277,7.3758806400364598
123.27800000000001,7.3719071857691993
123.279,7.3679324654016565
123.28,7.363956483974718
123.28100000000001,7.3599792465270948
123.282,7.3560007580952096
123.283,7.3520210237131298
123.28400000000001,7.3480400484124466
123.285,7.3440578372221985
123.286,7.340074395168779
123.28700000000001,7.3360897272758283
123.288,7.3321038385641657
123.289,7.3281167340516724
123.29000000000001,7.3241284187532116
123.291,7.3201388976805344
123.292,7.3161481758421996
123.29300000000001,7.3121562582434478
123.294,7.3081631498861572
123.295,7.3041688557687117
123.29600000000001,7.3001733808859335
123.297,7.2961767302289946
123.298,7.2921789087852975
123.29900000000001,7.2881799215384238
123.3,7.2841797734680203
123.301,7.2801784695497194
123.30199999999999,7.2761760147550376
123.303,7.2721724140513011
123.304,7.2681676724015496
123.30500000000001,7.2641617947644512
123.306,7.2601547860942102
123.307,7.2561466513404813
123.30799999999999,7.2521373954482868
123.309,7.2481270233579203
123.31,7.2441155400048665
123.31100000000001,7.2401029503197112
123.312,7.2360892592280557
123.313,7.2320744716504368
123.31399999999999,7.2280585925022294
123.315,7.2240416266935732
123.316,7.2200235791292808
123.31700000000001,7.2160044547087487
123.318,7.2119842583258897
123.319,7.2079629948690247
123.31999999999999,7.2039406692208239
123.321,7.1999172862582146
123.322,7.1958928508522746
123.32300000000001,7.191867367868193
123.324,7.1878408421651603
123.325,7.1838132785962827
123.32599999999999,7.1797846820085205
123.327,7.1757550572425917
123.328,7.1717244091328958
123.32899999999999,7.167692742507441
123.33,7.1636600621877413
123.331,7.1596263729887664
123.33199999999999,7.1555916797188512
123.333,7.1515559871796004
123.334,7.1475193001658344
123.33499999999999,7.1434816234654974
123.336,7.1394429618595883
123.337,7.1354033201220748
123.33799999999999,7.1313627030198266
123.339,7.127321115312526
123.34,7.123278561752608
123.34099999999999,7.1192350470851675
123.342,7.1151905760479028
123.343,7.111145153371023
123.34399999999999,7.107098783777186
123.345,7.1030514719814342
123.346,7.0990032226910849
123.34699999999999,7.0949540406056961
123.348,7.0909039304169799
123.349,7.0868528968087272
123.34999999999999,7.0828009444567446
123.351,7.0787480780287613
123.352,7.0746943021843958
123.35299999999999,7.0706396215750651
123.354,7.0665840408438978
123.355,7.062527564625702
123.35599999999999,7.0584701975468818
123.357,7.0544119442253415
123.358,7.0503528092704695
123.35899999999999,7.04629279728303
123.36,7.0422319128551152
123.361,7.0381701605700808
123.36199999999999,7.0341075450024633
123.363,7.0300440707179437
123.364,7.0259797422732504
123.36499999999999,7.0219145642161269
123.366,7.0178485410852396
123.367,7.0137816774101331
123.36799999999999,7.0097139777111739
123.369,7.0056454464994697
123.37,7.0015760882768152
123.371,6.9975059075356398
123.372,6.9934349087589389
123.373,6.9893630964202167
123.374,6.985290474983433
123.375,6.9812170489029253
123.376,6.9771428226233798
123.377,6.9730678005797628
123.378,6.9689919871972474
123.379,6.9649153868911782
123.38,6.9608380040670106
123.381,6.9567598431202473
123.38200000000001,6.9526809084364096
123.383,6.9486012043909415
123.384,6.9445207353491956
123.38500000000001,6.9404395056663652
123.386,6.9363575196874283
123.387,6.932274781747104
123.38800000000001,6.9281912961697962
123.389,6.9241070672695511
123.39,6.9200220993500032
123.39100000000001,6.9159363967043159
123.392,6.9118499636151629
123.393,6.9077628043546522
123.39400000000001,6.9036749231842833
123.395,6.8995863243549191
123.396,6.8954970121067198
123.39700000000001,6.8914069906691076
123.398,6.8873162642607344
123.399,6.8832248370893971
123.40000000000001,6.8791327133520532
123.401,6.8750398972347373
123.402,6.870946392912515
123.40300000000001,6.8668522045494811
123.404,6.8627573362986869
123.405,6.8586617923021009
123.40600000000001,6.8545655766905966
123.407,6.8504686935838759
123.408,6.8463711470904656
123.40900000000001,6.8422729413076713
123.41,6.838174080321517
123.411,6.8340745682067485
123.41200000000001,6.8299744090267716
123.413,6.8258736068336283
123.414,6.8217721656679622
123.41500000000001,6.8176700895589804
123.416,6.8135673825244325
123.417,6.8094640485705735
123.41800000000001,6.8053600916921226
123.419,6.8012555158722616
123.42,6.7971503250825691
123.42100000000001,6.7930445232830259
123.422,6.7889381144219705
123.423,6.7848311024360637
123.42400000000001,6.7807234912502867
123.425,6.7766152847779004
123.426,6.7725064869204132
123.42699999999999,6.7683971015675759
123.428,6.7642871325973495
123.429,6.7601765838758823
123.43000000000001,6.7560654592574831
123.431,6.7519537625846091
123.432,6.7478414976878476
123.43299999999999,6.7437286683858915
123.434,6.739615278485509
123.435,6.735501331781558
123.43600000000001,6.731386832056927
123.437,6.727271783082557
123.438,6.7231561886174092
123.43899999999999,6.7190400524084364
123.44,6.7149233781906013
123.441,6.710806169686844
123.44200000000001,6.7066884306080539
123.443,6.7025701646530962
123.444,6.6984513755087676
123.44499999999999,6.694332066849805
123.446,6.6902122423388786
123.447,6.6860919056265562
123.44800000000001,6.6819710603513283
123.449,6.6778497101395953
123.45,6.6737278586056341
123.45099999999999,6.66960550935163
123.452,6.6654826659676498
123.453,6.6613593320316475
123.45399999999999,6.657235511109457
123.455,6.6531112067547813
123.456,6.6489864225092212
123.45699999999999,6.6448611619022468
123.458,6.6407354284511975
123.459,6.6366092256613118
123.45999999999999,6.6324825570256927
123.461,6.6283554260253386
123.462,6.6242278361291476
123.46299999999999,6.6200997907938817
123.464,6.6159712934642343
123.465,6.611842347572793
123.46599999999999,6.6077129565400554
123.467,6.6035831237744542
123.468,6.5994528526723304
123.46899999999999,6.5953221466179901
123.47,6.5911910089836852
123.471,6.5870594431296148
123.47199999999999,6.5829274524039771
123.473,6.5787950401429462
123.474,6.574662209670695
123.47499999999999,6.5705289642994273
123.476,6.5663953073293762
123.477,6.562261242048816
123.47799999999999,6.5581267717341127
123.479,6.5539918996496915
123.48,6.5498566290481008
123.48099999999999,6.5457209631700195
123.482,6.541584905244255
123.483,6.5374484584878072
123.48399999999999,6.5333116261058493
123.485,6.5291744112917822
123.486,6.5250368172272495
123.48699999999999,6.5208988470821474
123.488,6.5167605040146785
123.489,6.512621791171366
123.48999999999999,6.5084827116870709
123.491,6.5043432686850409
123.492,6.5002034652769201
123.49299999999999,6.4960633045628065
123.494,6.4919227896312606
123.495,6.4877819235593321
123.496,6.4836407094126312
123.497,6.4794991502453261
123.498,6.475357249100183
123.499,6.4712150090086258
123.5,6.4670724329907419
123.501,6.4629295240553493
123.502,6.45878628520002
123.503,6.4546427194111065
123.504,6.4504988296638217
123.505,6.4463546189222392
123.506,6.4422100901393513
123.50700000000001,6.4380652462571355
123.508,6.4339200902065539
123.509,6.4297746249076333
123.51000000000001,6.4256288532695063
123.511,6.421482778190434
123.512,6.4173364025578952
123.51300000000001,6.4131897292485895
123.514,6.4090427611285303
123.515,6.4048955010530637
123.51600000000001,6.4007479518669328
123.517,6.3966001164043345
123.518,6.392451997488962
123.51900000000001,6.3883035979340654
123.52,6.3841549205425121
123.521,6.380005968106822
123.52200000000001,6.3758567434092619
123.523,6.3717072492218687
123.524,6.3675574883065149
123.52500000000001,6.3634074634149922
123.526,6.3592571772890416
123.527,6.3551066326604264
123.52800000000001,6.3509558322510102
123.529,6.346804778772789
123.53,6.3426534749279906
123.53100000000001,6.3385019234091136
123.532,6.3343501268990021
123.533,6.3301980880709188
123.53400000000001,6.3260458095886083
123.535,6.3218932941063546
123.536,6.3177405442690819
123.53700000000001,6.313587562712387
123.538,6.3094343520626399
123.539,6.3052809149370486
123.54000000000001,6.3011272539437204
123.541,6.2969733716817604
123.542,6.2928192707413242
123.54300000000001,6.2886649537037016
123.544,6.2845104231414073
123.545,6.2803556816182304
123.54600000000001,6.2762007316893449
123.547,6.2720455759013731
123.548,6.2678902167924608
123.54900000000001,6.2637346568923729
123.55,6.2595788987225784
123.551,6.2554229447963081
123.55199999999999,6.2512667976186727
123.553,6.2471104596867235
123.554,6.2429539334895541
123.55500000000001,6.2387972215083831
123.556,6.2346403262166312
123.557,6.2304832500800273
123.55799999999999,6.2263259955566923
123.559,6.2221685650972258
123.56,6.218010961144806
123.56100000000001,6.2138531861352675
123.562,6.2096952424972134
123.563,6.2055371326521076
123.56399999999999,6.2013788590143459
123.565,6.197220423991384
123.566,6.1930618299838258
123.56700000000001,6.1889030793855024
123.568,6.1847441745835976
123.569,6.1805851179587261
123.56999999999999,6.1764259118850546
123.571,6.1722665587303887
123.572,6.1681070608562756
123.57300000000001,6.1639474206181202
123.574,6.1597876403652805
123.575,6.1556277224411637
123.57599999999999,6.1514676691833561
123.577,6.1473074829237042
123.578,6.1431471659884398
123.57899999999999,6.1389867206982895
123.58,6.1348261493685641
123.581,6.1306654543092947
123.58199999999999,6.1265046378253416
123.583,6.1223437022164724
123.584,6.1181826497775269
123.58499999999999,6.1140214827984813
123.586,6.1098602035646028
123.587,6.105698814356554
123.58799999999999,6.1015373174504823
123.589,6.0973757151181811
123.59,6.0932140096271787
123.59099999999999,6.0890522032408629
123.592,6.0848902982186068
123.593,6.0807282968158862
123.59399999999999,6.0765662012844022
123.595,6.0724040138722053
123.596,6.0682417368238077
123.59699999999999,6.064079372380327
123.598,6.0599169227795997
123.599,6.0557543902562987
123.59999999999999,6.0515917770420806
123.601,6.0474290853656942
123.602,6.0432663174531243
123.60299999999999,6.0391034755277122
123.604,6.0349405618102754
123.605,6.030777578519265
123.60599999999999,6.0266145278708834
123.607,6.0224514120792012
123.608,6.018288233356321
123.60899999999999,6.0141249939124837
123.61,6.0099616959562212
123.611,6.0057983416944936
123.61199999999999,6.0016349333328023
123.613,5.9974714730753593
123.614,5.9933079631252006
123.61499999999999,5.9891444056843355
123.616,5.9849808029538938
123.617,5.9808171571342381
123.61799999999999,5.9766534704251431
123.619,5.9724897450259196
123.62,5.9683259831355358
123.621,5.9641621869528016
123.622,5.9599983586764917
123.623,5.95583450050548
123.624,5.9516706146389105
123.625,5.9475067032763196
123.626,5.9433427686178053
123.627,5.9391788128641636
123.628,5.9350148382170254
123.629,5.9308508468790411
123.63,5.9266868410539875
123.631,5.9225228229469575
123.63200000000001,5.9183587947644885
123.633,5.9141947587147179
123.634,5.9100307170075439
123.63500000000001,5.9058666718547776
123.636,5.9017026254702891
123.637,5.8975385800701794
123.63800000000001,5.8933745378729121
123.639,5.8892105010994982
123.64,5.8850464719736379
123.64100000000001,5.8808824527218704
123.642,5.8767184455737542
123.643,5.872554452762019
123.64400000000001,5.8683904765227073
123.645,5.8642265190953662
123.646,5.8600625827231791
123.64700000000001,5.8558986696531559
123.648,5.851734782136278
123.649,5.8475709224276642
123.65000000000001,5.8434070927867392
123.651,5.839243295477397
123.652,5.8350795327681606
123.65300000000001,5.8309158069323654
123.654,5.826752120248301
123.655,5.8225884749993995
123.65600000000001,5.8184248734743953
123.657,5.8142613179674854
123.658,5.8100978107785224
123.65900000000001,5.8059343542131625
123.66,5.801770950583041
123.661,5.7976076022059537
123.66200000000001,5.7934443114060077
123.663,5.7892810805138133
123.664,5.78511791186666
123.66500000000001,5.7809548078086621
123.666,5.7767917706909646
123.667,5.7726288028719015
123.66800000000001,5.7684659067171697
123.669,5.7643030846000123
123.67,5.7601403389013868
123.67100000000001,5.7559776720101521
123.672,5.7518150863232425
123.673,5.7476525842458344
123.67400000000001,5.7434901681915385
123.675,5.7393278405825825
123.676,5.7351656038499641
123.67699999999999,5.731003460433671
123.678,5.7268414127828198
123.679,5.7226794633558686
123.68000000000001,5.7185176146207901
123.681,5.7143558690552361
123.682,5.7101942291467527
123.68299999999999,5.7060326973929332
123.684,5.7018712763016168
123.685,5.6977099683910737
123.68600000000001,5.6935487761901697
123.687,5.6893877022385926
123.688,5.6852267490869934
123.68899999999999,5.6810659192971897
123.69,5.676905215442364
123.691,5.6727446401072346
123.69200000000001,5.6685841958882381
123.693,5.664423885393747
123.694,5.6602637112442054
123.69499999999999,5.6561036760723802
123.696,5.6519437825235048
123.697,5.6477840332554781
123.69800000000001,5.6436244309390613
123.699,5.6394649782580757
123.7,5.6353056779095585
123.70099999999999,5.6311465326040011
123.702,5.6269875450654929
123.703,5.6228287180319576
123.70399999999999,5.618670054255313
123.705,5.6145115565016646
123.706,5.6103532275515224
123.70699999999999,5.6061950701999752
123.708,5.6020370872568712
123.709,5.5978792815470513
123.70999999999999,5.5937216559104925
123.711,5.5895642132025483
123.712,5.5854069562941149
123.71299999999999,5.5812498880718309
123.714,5.5770930114382811
123.715,5.572936329312185
123.71599999999999,5.5687798446285797
123.717,5.5646235603390526
123.718,5.5604674794118925
123.71899999999999,5.5563116048323149
123.72,5.5521559396026596
123.721,5.548000486742561
123.72199999999999,5.543845249289177
123.723,5.5396902302973725
123.724,5.5355354328398985
123.72499999999999,5.53138086000763
123.726,5.5272265149097279
123.727,5.5230724006738523
123.72799999999999,5.5189185204463662
123.729,5.5147648773925155
123.73,5.5106114746966455
123.73099999999999,5.5064583155623978
123.732,5.5023054032128886
123.733,5.4981527408909443
123.73399999999999,5.4940003318592598
123.735,5.4898481794006315
123.736,5.4856962868181416
123.73699999999999,5.4815446574353484
123.738,5.4773932945965118
123.739,5.4732422016667694
123.73999999999999,5.4690913820323495
123.741,5.4649408391007608
123.742,5.460790576301001
123.74299999999999,5.4566405970837586
123.744,5.4524909049216088
123.745,5.4483415033092069
123.746,5.4441923957634977
123.747,5.4400435858239256
123.748,5.4358950770526011
123.749,5.4317468730345464
123.75,5.4275989773778548
123.751,5.4234513937139202
123.752,5.4193041256976269
123.753,5.4151571770075364
123.754,5.4110105513461217
123.755,5.4068642524399273
123.756,5.4027182840398034
123.75700000000001,5.3985726499210944
123.758,5.3944273538838168
123.759,5.3902823997529019
123.76000000000001,5.3861377913783688
123.761,5.3819935326355228
123.762,5.377849627425169
123.76300000000001,5.3737060796738021
123.764,5.369562893333816
123.765,5.365420072383694
123.76600000000001,5.3612776208282096
123.767,5.3571355426986322
123.768,5.3529938420529231
123.76900000000001,5.3488525229759318
123.77,5.3447115895796067
123.771,5.3405710460031734
123.77200000000001,5.3364308964133507
123.773,5.3322911450045538
123.774,5.3281517959990676
123.77500000000001,5.3240128536472735
123.776,5.3198743222278324
123.777,5.315736206047875
123.77800000000001,5.311598509443229
123.779,5.3074612367785807
123.78,5.303324392447692
123.78100000000001,5.2991879808736115
123.782,5.2950520065088291
123.783,5.2909164738355141
123.78400000000001,5.2867813873656946
123.785,5.2826467516414475
123.786,5.2785125712351082
123.78700000000001,5.27437885074945
123.788,5.2702455948179043
123.789,5.2661128081047277
123.79000000000001,5.2619804953052043
123.791,5.2578486611458555
123.792,5.2537173103846229
123.79300000000001,5.2495864478110494
123.794,5.2454560782465016
123.795,5.2413262065443309
123.79600000000001,5.237196837590087
123.797,5.2330679763017134
123.798,5.228939627629714
123.79900000000001,5.2248117965573684
123.8,5.2206844881009218
123.801,5.2165577073097555
123.80199999999999,5.2124314592666039
123.803,5.2083057490877191
123.804,5.2041805819230795
123.80500000000001,5.2000559629565757
123.806,5.1959318974061777
123.807,5.1918083905241605
123.80799999999999,5.1876854475972642
123.809,5.183563073946873
123.81,5.1794412749292427
123.81100000000001,5.1753200559356394
123.812,5.1711994223925544
123.813,5.1670793797618888
123.81399999999999,5.1629599335411172
123.815,5.1588410892634915
123.816,5.1547228524982245
123.81700000000001,5.150605228850651
123.818,5.1464882239624465
123.819,5.1423718435117642
123.81999999999999,5.1382560932134602
123.821,5.1341409788192482
123.822,5.1300265061178809
123.82300000000001,5.1259126809353379
123.824,5.1217995091350055
123.825,5.1176869966178398
123.82599999999999,5.1135751493225641
123.827,5.1094639732258305
123.828,5.1053534743424116
123.82899999999999,5.1012436587253589
123.83,5.0971345324661872
123.831,5.0930261016950489
123.83199999999999,5.0889183725809097
123.833,5.0848113513317141
123.834,5.0807050441945698
123.83499999999999,5.076599457455897
123.836,5.0724945974416293
123.837,5.0683904705173646
123.83799999999999,5.0642870830885336
123.839,5.0601844416005743
123.84,5.0560825525391078
123.84099999999999,5.0519814224300887
123.842,5.047881057839982
123.843,5.0437814653759254
123.84399999999999,5.0396826516858955
123.845,5.0355846234588757
123.846,5.0314873874250114
123.84699999999999,5.0273909503557732
123.848,5.0232953190641343
123.849,5.019200500404704
123.84999999999999,5.0151065012739124
123.851,5.0110133286101544
123.852,5.0069209893939544
123.85299999999999,5.0028294906481321
123.854,4.998738839437932
123.855,4.9946490428712078
123.85599999999999,4.9905601080985686
123.857,4.9864720423135207
123.858,4.9823848527526398
123.85899999999999,4.9782985466957008
123.86,4.974213131465854
123.861,4.9701286144297612
123.86199999999999,4.9660450029977383
123.863,4.9619623046239187
123.864,4.9578805268063899
123.86499999999999,4.9537996770873463
123.866,4.9497197630532384
123.867,4.945640792334892
123.86799999999999,4.9415627726076874
123.869,4.9374857115916804
123.87,4.9334096170517476
123.871,4.9293344967977237
123.872,4.9252603586845574
123.873,4.9211872106124144
123.874,4.9171150605268608
123.875,4.9130439164189585
123.876,4.9089737863254275
123.877,4.9049046783287693
123.878,4.9008366005573922
123.879,4.8967695611857618
123.88,4.8927035684345128
123.881,4.8886386305705969
123.88200000000001,4.8845747559073995
123.883,4.8805119528048593
123.884,4.8764502296696204
123.88500000000001,4.8723895949551359
123.886,4.8683300571617956
123.887,4.8642716248370572
123.88800000000001,4.8602143065755552
123.889,4.8561581110192389
123.89,4.8521030468574775
123.89100000000001,4.8480491228271756
123.892,4.843996347712908
123.893,4.8399447303470229
123.89400000000001,4.8358942796097502
123.895,4.8318450044293364
123.896,4.8277969137821284
123.89700000000001,4.8237500166927116
123.898,4.8197043222340081
123.899,4.815659839527374
123.90000000000001,4.8116165777427256
123.901,4.807574546098639
123.902,4.8035337538624443
123.90300000000001,4.7994942103503444
123.904,4.7954559249275075
123.905,4.7914189070081719
123.90600000000001,4.7873831660557453
123.907,4.7833487115828959
123.908,4.77931555315166
123.90900000000001,4.7752837003735387
123.91,4.7712531629095682
123.911,4.7672239504704539
123.91200000000001,4.7631960728166174
123.913,4.7591695397583162
123.914,4.7551443611557342
123.91500000000001,4.7511205469190383
123.916,4.7470981070084992
123.917,4.7430770514345646
123.91800000000001,4.7390573902579227
123.919,4.7350391335896251
123.92,4.7310222915911186
123.92100000000001,4.7270068744743625
123.922,4.7229928925018942
123.923,4.7189803559868917
123.92400000000001,4.7149692752932744
123.925,4.7109596608357549
123.926,4.7069515230799102
123.92699999999999,4.7029448725422753
123.928,4.6989397197903848
123.929,4.6949360754428557
123.93000000000001,4.6909339501694518
123.931,4.686933354691142
123.932,4.68293429978017
123.93299999999999,4.6789367962601123
123.934,4.6749408550059357
123.935,4.6709464869440662
123.93600000000001,4.6669537030524246
123.937,4.6629625143605082
123.938,4.6589729319494335
123.93899999999999,4.6549849669519716
123.94,4.6509986305526283
123.941,4.6470139339876777
123.94200000000001,4.6430308885452032
123.943,4.639049505565163
123.944,4.6350697964394065
123.94499999999999,4.6310917726117502
123.946,4.6271154455779993
123.947,4.6231408268859813
123.94800000000001,4.6191679281356031
123.949,4.6151967609788773
123.95,4.611227337119951
123.95099999999999,4.6072596683151517
123.952,4.6032937663730067
123.953,4.599329643154288
123.95399999999999,4.5953673105720263
123.955,4.5914067805915391
123.956,4.5874480652304719
123.95699999999999,4.5834911765588
123.958,4.5795361266988603
123.959,4.5755829278253799
123.95999999999999,4.5716315921654704
123.961,4.5676821319986729
123.962,4.5637345596569592
123.96299999999999,4.5597888875247339
123.964,4.5558451280388734
123.965,4.5519032936887154
123.96599999999999,4.547963397016062
123.967,4.5440254506152158
123.968,4.5400894671329457
123.96899999999999,4.5361554592685245
123.97,4.5322234397737127
123.971,4.528293421452755
123.97199999999999,4.5243654171623895
123.973,4.5204394398118417
123.974,4.5165155023628056
123.97499999999999,4.5125936178294594
123.976,4.5086737992784318
123.977,4.5047560598288126
123.97799999999999,4.5008404126521313
123.979,4.4969268709723327
123.98,4.4930154480657762
123.98099999999999,4.4891061572612188
123.982,4.4851990119397733
123.983,4.4812940255349201
123.98399999999999,4.4773912115324439
123.985,4.4734905834704524
123.986,4.4695921549393187
123.98699999999999,4.4656959395816571
123.988,4.4618019510923048
123.989,4.4579102032182796
123.98999999999999,4.4540207097587494
123.991,4.4501334845649918
123.992,4.4462485415403563
123.99299999999999,4.4423658946402398
123.994,4.4384855578720313
123.995,4.4346075452950551
123.996,4.4307318710205585
123.997,4.4268585492116497
123.998,4.4229875940832262
123.999,4.4191190199019719
124,4.4152528409862555
124.001,4.4113890717061146
124.002,4.4075277264831776
124.003,4.4036688197906013
124.004,4.3998123661530464
124.005,4.3959583801465598
124.006,4.3921068763985645
124.00700000000001,4.3882578695877683
124.008,4.3844113744440847
124.009,4.380567405748593
124.01000000000001,4.376725978333452
124.011,4.3728871070818158
124.012,4.3690508069277829
124.01300000000001,4.3652170928562946
124.014,4.3613859799030816
124.015,4.3575574831545651
124.01600000000001,4.353731617747771
124.017,4.349908398870264
124.018,4.3460878417600508
124.01900000000001,4.3422699617054814
124.02,4.3384547740451893
124.021,4.3346422941679528
124.02200000000001,4.3308325375126504
124.023,4.3270255195681386
124.024,4.3232212558731469
124.02500000000001,4.3194197620161976
124.026,4.3156210536355015
124.027,4.3118251464188297
124.02800000000001,4.3080320561034462
124.029,4.3042417984759673
124.03,4.3004543893722751
124.03100000000001,4.2966698446773961
124.032,4.2928881803253791
124.033,4.2891094122992008
124.03400000000001,4.2853335566306399
124.035,4.2815606294001398
124.036,4.2777906467367242
124.03700000000001,4.274023624817838
124.038,4.2702595798692435
124.039,4.2664985281648988
124.04000000000001,4.2627404860268001
124.041,4.2589854698248804
124.042,4.255233495976869
124.04300000000001,4.2514845809481461
124.044,4.2477387412516237
124.045,4.243995993447589
124.04600000000001,4.2402563541435754
124.047,4.2365198399942248
124.048,4.2327864677011267
124.04900000000001,4.2290562540126881
124.05,4.2253292157239812
124.051,4.2216053696765794
124.05199999999999,4.2178847327584332
124.053,4.2141673219036857
124.054,4.2104531540925425
124.05500000000001,4.2067422463510962
124.056,4.2030346157511715
124.057,4.199330279410173
124.05799999999999,4.1956292544909122
124.059,4.1919315582014303
124.06,4.1882372077948631
124.06100000000001,4.1845462205692368
124.062,4.1808586138673203
124.063,4.1771744050764461
124.06399999999999,4.1734936116283201
124.065,4.1698162509988688
124.066,4.1661423407080473
124.06700000000001,4.1624718983196498
124.068,4.158804941441149
124.069,4.1551414877234851
124.06999999999999,4.1514815548609008
124.071,4.147825160590747
124.072,4.1441723226932758
124.07300000000001,4.1405230589914694
124.074,4.1368773873508449
124.075,4.1332353256792302
124.07599999999999,4.1295968919266066
124.077,4.1259621040848682
124.078,4.1223309801876535
124.07899999999999,4.1187035383101271
124.08,4.1150797965687538
124.081,4.1114597731211333
124.08199999999999,4.1078434861657609
124.083,4.1042309539418103
124.084,4.1006221947289472
124.08499999999999,4.0970172268470844
124.086,4.0934160686561913
124.087,4.0898187385560547
124.08799999999999,4.0862252549860614
124.089,4.0826356364249818
124.09,4.0790499013907464
124.09099999999999,4.0754680684402
124.092,4.0718901561689034
124.093,4.0683161832108699
124.09399999999999,4.0647461682383579
124.095,4.0611801299616328
124.096,4.0576180871287075
124.09699999999999,4.0540600585251418
124.098,4.0505060629737724
124.099,4.0469561193344834
124.09999999999999,4.0434102465039619
124.101,4.0398684634154467
124.102,4.0363307890384945
124.10299999999999,4.0327972423787219
124.104,4.0292678424775392
124.105,4.0257426084119281
124.10599999999999,4.0222215592941701
124.107,4.0187047142715855
124.108,4.0151920925262843
124.10899999999999,4.0116837132749001
124.11,4.0081795957683397
124.111,4.0046797592915038
124.11199999999999,4.0011842231630226
124.113,3.9976930067350067
124.114,3.9942061293927593
124.11499999999999,3.9907236105545087
124.116,3.9872454696711448
124.117,3.9837717262259278
124.11799999999999,3.9803023997342328
124.119,3.9768375097432593
124.12,3.9733770758317459
124.121,3.9699211176097022
124.122,3.9664696547181264
124.123,3.9630227068286943
124.124,3.9595802936435098
124.125,3.956142434894788
124.126,3.9527091503445777
124.127,3.9492804597844748
124.128,3.9458563830353008
124.129,3.9424369399468513
124.13,3.9390221503975531
124.131,3.9356120342942043
124.13200000000001,3.9322066115716487
124.133,3.9288059021924808
124.134,3.9254099261467439
124.13500000000001,3.9220187034516285
124.136,3.9186322541511474
124.137,3.9152505983158572
124.13800000000001,3.9118737560425125
124.139,3.9085017474537813
124.14,3.9051345926979235
124.14100000000001,3.9017723119484615
124.142,3.8984149254038853
124.143,3.895062453287323
124.14400000000001,3.8917149158462094
124.145,3.8883723333519922
124.146,3.8850347260997746
124.14700000000001,3.8817021144080184
124.148,3.8783745186182075
124.149,3.8750519590945083
124.15000000000001,3.8717344562234595
124.151,3.8684220304136265
124.152,3.8651147020952705
124.15300000000001,3.8618124917200256
124.154,3.858515419760542
124.155,3.8552235067101654
124.15600000000001,3.8519367730825977
124.157,3.8486552394115408
124.158,3.8453789262503713
124.15900000000001,3.8421078541717955
124.16,3.8388420437674813
124.161,3.8355815156477537
124.16200000000001,3.832326290441197
124.163,3.8290763887943506
124.164,3.8258318313713304
124.16500000000001,3.8225926388534819
124.166,3.8193588319390304
124.167,3.8161304313427267
124.16800000000001,3.8129074577954811
124.169,3.8096899320440181
124.17,3.8064778748504993
124.17100000000001,3.8032713069921837
124.172,3.8000702492610547
124.173,3.7968747224634467
124.17400000000001,3.7936847474196953
124.175,3.7905003449637698
124.176,3.7873215359428882
124.17699999999999,3.7841483412171777
124.178,3.7809807816592627
124.179,3.7778188781539401
124.18000000000001,3.7746626515977764
124.181,3.7715121228987298
124.182,3.7683673129757937
124.18299999999999,3.765228242758611
124.184,3.7620949331870874
124.185,3.7589674052110285
124.18600000000001,3.7558456797897422
124.187,3.7527297778916671
124.188,3.7496197204939885
124.18899999999999,3.7465155285822473
124.19,3.7434172231499598
124.191,3.7403248251982339
124.19200000000001,3.7372383557353648
124.193,3.7341578357764669
124.194,3.7310832863430687
124.19499999999999,3.7280147284627274
124.196,3.7249521831686354
124.197,3.7218956714992184
124.19800000000001,3.7188452144977537
124.199,3.7158008332119667
124.2,3.7127625486936244
124.20099999999999,3.7097303819981611
124.202,3.7067043541842448
124.203,3.7036844863134144
124.20399999999999,3.7006707994496479
124.205,3.6976633146589704
124.206,3.6946620530090519
124.20699999999999,3.6916670355688064
124.208,3.6886782834079721
124.209,3.6856958175967174
124.20999999999999,3.6827196592052225
124.211,3.6797498293032818
124.212,3.6767863489598889
124.21299999999999,3.6738292392428162
124.214,3.6708785212182216
124.215,3.6679342159502224
124.21599999999999,3.6649963445004792
124.217,3.6620649279277968
124.218,3.6591399872876877
124.21899999999999,3.6562215436319763
124.22,3.6533096180083677
124.221,3.6504042314600289
124.22199999999999,3.6475054050251803
124.223,3.6446131597366693
124.224,3.6417275166215437
124.22499999999999,3.638848496700644
124.226,3.6359761209881665
124.227,3.6331104104912488
124.22799999999999,3.6302513862095478
124.229,3.6273990691347975
124.23,3.6245534802504094
124.23099999999999,3.621714640531029
124.232,3.6188825709421093
124.233,3.6160572924394887
124.23399999999999,3.6132388259689603
124.235,3.6104271924658393
124.236,3.6076224128545418
124.23699999999999,3.604824508048142
124.238,3.6020334989479497
124.239,3.5992494064430778
124.23999999999999,3.5964722514100025
124.241,3.593702054712141
124.242,3.5909388371994053
124.24299999999999,3.5881826197077795
124.244,3.5854334230588805
124.245,3.5826912680595138
124.246,3.579956175501251
124.247,3.5772281661599874
124.248,3.5745072607954951
124.249,3.5717934801510096
124.25,3.569086844952758
124.251,3.5663873759095512
124.252,3.56369509371233
124.253,3.5610100190337173
124.254,3.5583321725276011
124.255,3.5556615748286666
124.256,3.5529982465519772
124.25700000000001,3.5503422082925238
124.258,3.5476934806247762
124.259,3.5450520841022537
124.26000000000001,3.5424180392570794
124.261,3.5397913665995229
124.262,3.5371720866175815
124.26300000000001,3.5345602197765076
124.264,3.5319557865183948
124.265,3.5293588072617101
124.26600000000001,3.526769302400858
124.267,3.524187292305736
124.268,3.5216127973212941
124.26900000000001,3.5190458377670693
124.27,3.5164864339367692
124.271,3.5139346060977994
124.27200000000001,3.5113903744908352
124.273,3.5088537593293676
124.274,3.5063247807992535
124.27500000000001,3.5038034590582785
124.276,3.5012898142357036
124.277,3.4987838664318125
124.27800000000001,3.4962856357174803
124.279,3.4937951421337079
124.28,3.4913124056911893
124.28100000000001,3.4888374463698595
124.282,3.4863702841184354
124.283,3.4839109388539877
124.28400000000001,3.4814594304614839
124.285,3.4790157787933316
124.286,3.4765800036689511
124.28700000000001,3.4741521248743004
124.288,3.4717321621614583
124.289,3.469320135248156
124.29000000000001,3.4669160638173295
124.291,3.4645199675166825
124.292,3.4621318659582352
124.29300000000001,3.459751778717866
124.294,3.4573797253348837
124.295,3.455015725311561
124.29600000000001,3.4526597981127023
124.297,3.4503119631651882
124.298,3.4479722398575259
124.29900000000001,3.4456406475394128
124.3,3.4433172055212853
124.301,3.4410019330738648
124.30199999999999,3.4386948494277263
124.303,3.4363959737728353
124.304,3.434105325258122
124.30500000000001,3.43182292299102
124.306,3.42954878603702
124.307,3.4272829334192418
124.30799999999999,3.4250253841179767
124.309,3.4227761570702389
124.31,3.4205352711693386
124.31100000000001,3.4183027452644188
124.312,3.4160785981600275
124.313,3.4138628486156697
124.31399999999999,3.411655515345358
124.315,3.4094566170171823
124.316,3.4072661722528625
124.31700000000001,3.4050841996273
124.318,3.4029107176681541
124.319,3.4007457448553851
124.31999999999999,3.3985892996208218
124.321,3.3964414003477268
124.322,3.3943020653703431
124.32300000000001,3.3921713129734719
124.324,3.3900491613920276
124.325,3.3879356288105944
124.32599999999999,3.3858307333630071
124.327,3.3837344931318882
124.328,3.3816469261482407
124.32899999999999,3.3795680503909984
124.33,3.3774978837865857
124.331,3.3754364442084994
124.33199999999999,3.3733837494768673
124.333,3.3713398173580105
124.334,3.3693046655640262
124.33499999999999,3.3672783117523384
124.336,3.3652607735252826
124.337,3.3632520684296741
124.33799999999999,3.3612522139563676
124.339,3.3592612275398435
124.34,3.3572791265577733
124.34099999999999,3.3553059283305893
124.342,3.3533416501210707
124.343,3.3513863091339049
124.34399999999999,3.3494399225152729
124.345,3.3475025073524263
124.346,3.3455740806732517
124.34699999999999,3.3436546594458667
124.348,3.3417442605781922
124.349,3.3398429009175219
124.34999999999999,3.3379505972501251
124.351,3.3360673663008069
124.352,3.3341932247325032
124.35299999999999,3.3323281891458691
124.354,3.3304722760788459
124.355,3.3286255020062594
124.35599999999999,3.3267878833394149
124.357,3.3249594364256616
124.358,3.3231401775480034
124.35899999999999,3.3213301229246777
124.36,3.3195292887087442
124.361,3.3177376909876912
124.36199999999999,3.3159553457830095
124.363,3.3141822690497982
124.364,3.3124184766763607
124.36499999999999,3.3106639844837895
124.366,3.308918808225584
124.367,3.307182963587223
124.36799999999999,3.3054564661857895
124.369,3.303739331569556
124.37,3.3020315752175895
124.371,3.3003332125393592
124.372,3.2986442588743401
124.373,3.2969647294916085
124.374,3.2952946395894664
124.375,3.2936340042950345
124.376,3.2919828386638721
124.377,3.2903411576795847
124.378,3.2887089762534276
124.379,3.2870863092239344
124.38,3.2854731713565202
124.381,3.2838695773431037
124.38200000000001,3.2822755418017224
124.383,3.2806910792761488
124.384,3.2791162042355158
124.38500000000001,3.2775509310739359
124.386,3.2759952741101221
124.387,3.2744492475870151
124.38800000000001,3.2729128656714086
124.389,3.2713861424535748
124.39,3.2698690919468967
124.39100000000001,3.2683617280874921
124.392,3.2668640647338498
124.393,3.2653761156664696
124.39400000000001,3.2638978945874761
124.395,3.2624294151202782
124.396,3.2609706908091933
124.39700000000001,3.2595217351190882
124.398,3.2580825614350242
124.399,3.2566531830618968
124.40000000000001,3.2552336132240796
124.401,3.253823865065069
124.402,3.2524239516471303
124.40300000000001,3.2510338859509544
124.404,3.249653680875296
124.405,3.2482833492366381
124.40600000000001,3.2469229037688354
124.407,3.2455723571227746
124.408,3.244231721866031
124.40900000000001,3.2429010104825315
124.41,3.2415802353722047
124.411,3.2402694088506525
124.41200000000001,3.2389685431488071
124.413,3.2376776504126048
124.414,3.2363967427026483
124.41500000000001,3.2351258319938734
124.416,3.2338649301752289
124.417,3.232614049049336
124.41800000000001,3.2313732003321785
124.419,3.2301423956527655
124.42,3.2289216465528177
124.42100000000001,3.2277109644864459
124.422,3.2265103608198338
124.423,3.2253198468309123
124.42400000000001,3.2241394337090643
124.425,3.2229691325547933
124.426,3.2218089543794237
124.42699999999999,3.2206589101047882
124.428,3.2195190105629239
124.429,3.2183892664957616
124.43000000000001,3.2172696885548349
124.431,3.2161602873009594
124.432,3.2150610732039562
124.43299999999999,3.2139720566423398
124.434,3.2128932479030303
124.435,3.2118246571810549
124.43600000000001,3.2107662945792614
124.437,3.2097181701080308
124.438,3.2086802936849814
124.43899999999999,3.207652675134693
124.44,3.2066353241884262
124.441,3.2056282504838292
124.44200000000001,3.2046314635646649
124.443,3.2036449728805447
124.444,3.2026687877866351
124.44499999999999,3.2017029175434035
124.446,3.2007473713163357
124.447,3.1998021581756708
124.44800000000001,3.1988672870961343
124.449,3.1979427669566838
124.45,3.1970286065402269
124.45099999999999,3.1961248145333845
124.452,3.1952313995262172
124.453,3.1943483700119772
124.45399999999999,3.1934757343868529
124.455,3.1926135009497161
124.456,3.1917616779018823
124.45699999999999,3.1909202733468507
124.458,3.1900892952900728
124.459,3.1892687516386977
124.45999999999999,3.1884586502013441
124.461,3.1876589986878603
124.462,3.1868698047090795
124.46299999999999,3.186091075776599
124.464,3.1853228193025425
124.465,3.1845650425993326
124.46599999999999,3.1838177528794676
124.467,3.1830809572552936
124.468,3.1823546627387884
124.46899999999999,3.1816388762413328
124.47,3.180933604573509
124.471,3.1802388544448661
124.47199999999999,3.1795546324637263
124.473,3.1788809451369673
124.474,3.1782177988698104
124.47499999999999,3.1775651999656245
124.476,3.1769231546257197
124.477,3.1762916689491405
124.47799999999999,3.1756707489324798
124.479,3.1750604004696732
124.48,3.1744606293518127
124.48099999999999,3.1738714412669502
124.482,3.1732928417999156
124.483,3.1727248364321246
124.48399999999999,3.1721674305413989
124.485,3.1716206294017861
124.486,3.1710844381833776
124.48699999999999,3.170558861952137
124.488,3.1700439056697212
124.489,3.1695395741933114
124.48999999999999,3.1690458722754511
124.491,3.1685628045638654
124.492,3.168090375601313
124.49299999999999,3.1676285898254157
124.494,3.1671774515684983
124.495,3.1667369650574431
124.496,3.1663071344135219
124.497,3.1658879636522581
124.498,3.1654794566832667
124.499,3.1650816173101175
124.5,3.1646944492301881
124.501,3.1643179560345187
124.502,3.1639521412076816
124.503,3.1635970081276406
124.504,3.1632525600656152
124.505,3.1629188001859556
124.506,3.1625957315460123
124.50700000000001,3.1622833570960087
124.508,3.1619816796789184
124.509,3.1616907020303491
124.51000000000001,3.1614104267784189
124.511,3.1611408564436467
124.512,3.160881993438831
124.51300000000001,3.1606338400689515
124.514,3.1603963985310508
124.515,3.1601696709141378
124.51600000000001,3.1599536591990791
124.517,3.1597483652585061
124.518,3.159553790856712
124.51900000000001,3.1593699376495579
124.52,3.1591968071843852
124.521,3.1590344008999285
124.52200000000001,3.1588827201262175
124.523,3.1587417660845056
124.524,3.1586115398871848
124.52500000000001,3.1584920425377057
124.526,3.158383274930499
124.527,3.1582852378509134
124.52800000000001,3.1581979319751294
124.529,3.1581213578701077
124.53,3.1580555159935115
124.53100000000001,3.1580004066936511
124.532,3.1579560302094207
124.533,3.1579223866702439
124.53400000000001,3.157899476096016
124.535,3.1578872983970583
124.536,3.1578858533740601
124.53700000000001,3.1578951407180407
124.538,3.157915160010301
124.539,3.1579459107223844
124.54000000000001,3.1579873922160373
124.541,3.1580396037431777
124.542,3.1581025444458533
124.54300000000001,3.1581762133562248
124.544,3.158260609396522
124.545,3.1583557313790327
124.54600000000001,3.1584615780060772
124.547,3.1585781478699824
124.548,3.1587054394530774
124.54900000000001,3.1588434511276664
124.55,3.1589921811560258
124.551,3.1591516276903935
124.55199999999999,3.1593217887729628
124.553,3.1595026623358815
124.554,3.1596942462012492
124.55500000000001,3.1598965380811181
124.556,3.1601095355775008
124.557,3.1603332361823835
124.55799999999999,3.1605676372777189
124.559,3.1608127361354645
124.56,3.1610685299175754
124.56100000000001,3.1613350156760389
124.562,3.1616121903528871
124.563,3.161900050780222
124.56399999999999,3.1621985936802481
124.565,3.1625078156652977
124.566,3.1628277132378599
124.56700000000001,3.1631582827906244
124.568,3.163499520606508
124.569,3.1638514228587051
124.56999999999999,3.164213985610727
124.571,3.1645872048164465
124.572,3.1649710763201466
124.57300000000001,3.1653655958565752
124.574,3.1657707590509938
124.575,3.1661865614192397
124.57599999999999,3.1666129983677807
124.577,3.1670500651937807
124.578,3.1674977570851621
124.57899999999999,3.1679560691206756
124.58,3.1684249962699678
124.581,3.1689045333936594
124.58199999999999,3.1693946752434061
124.583,3.1698954164620035
124.584,3.1704067515834393
124.58499999999999,3.170928675032997
124.586,3.1714611811273348
124.587,3.1720042640745714
124.58799999999999,3.1725579179743861
124.589,3.1731221368181082
124.59,3.173696914488811
124.59099999999999,3.1742822447614221
124.592,3.1748781213028132
124.593,3.1754845376719132
124.59399999999999,3.1761014873198166
124.595,3.1767289635898868
124.596,3.1773669597178782
124.59699999999999,3.1780154688320472
124.598,3.1786744839532681
124.599,3.1793439979951601
124.59999999999999,3.1800240037642094
124.601,3.1807144939598926
124.602,3.181415461174808
124.60299999999999,3.1821268978948072
124.604,3.1828487964991301
124.605,3.1835811492605393
124.60599999999999,3.1843239483454631
124.607,3.1850771858141358
124.608,3.1858408536207428
124.60899999999999,3.1866149436135651
124.61,3.187399447535137
124.611,3.1881943570223901
124.61199999999999,3.1889996636068143
124.613,3.1898153587146161
124.614,3.1906414336668694
124.61499999999999,3.1914778796796925
124.616,3.1923246878644034
124.617,3.1931818492276931
124.61799999999999,3.1940493546717939
124.619,3.1949271949946536
124.62,3.1958153608901112
124.621,3.1967138429480748
124.622,3.1976226316547041
124.623,3.1985417173925912
124.624,3.1994710904409485
124.625,3.2004107409758005
124.626,3.2013606590701653
124.627,3.2023208346942584
124.628,3.2032912577156818
124.629,3.2042719178996268
124.63,3.2052628049090748
124.631,3.2062639083049973
124.63200000000001,3.2072752175465666
124.633,3.2082967219913581
124.634,3.2093284108955697
124.63500000000001,3.2103702734142283
124.636,3.2114222986014105
124.637,3.212484475410454
124.63800000000001,3.2135567926941899
124.639,3.2146392392051557
124.64,3.2157318035958213
124.64100000000001,3.2168344744188264
124.642,3.2179472401272027
124.643,3.2190700890746071
124.64400000000001,3.22020300951556
124.645,3.221345989605684
124.646,3.2224990174019417
124.64700000000001,3.2236620808628773
124.648,3.2248351678488612
124.649,3.2260182661223427
124.65000000000001,3.2272113633480939
124.651,3.228414447093463
124.652,3.2296275048286303
124.65300000000001,3.2308505239268581
124.654,3.2320834916647669
124.655,3.2333263952225728
124.65600000000001,3.2345792216843638
124.657,3.235841958038375
124.658,3.2371145911772352
124.65900000000001,3.2383971078982552
124.66,3.2396894949036912
124.661,3.2409917388010205
124.66200000000001,3.2423038261032278
124.663,3.2436257432290683
124.664,3.2449574765033624
124.66500000000001,3.2462990121572779
124.666,3.2476503363286109
124.667,3.2490114350620747
124.66800000000001,3.2503822943095995
124.669,3.2517628999306103
124.67,3.2531532376923349
124.67100000000001,3.2545532932700953
124.672,3.2559630522476022
124.673,3.2573825001172669
124.67400000000001,3.258811622280497
124.675,3.2602504040480036
124.676,3.2616988306401105
124.67699999999999,3.2631568871870607
124.678,3.2646245587293383
124.679,3.2661018302179636
124.68000000000001,3.2675886865148303
124.681,3.2690851123930091
124.682,3.270591092537074
124.68299999999999,3.2721066115434194
124.684,3.2736316539205976
124.685,3.2751662040896248
124.68600000000001,3.2767102463843312
124.687,3.2782637650516717
124.688,3.2798267442520697
124.68899999999999,3.2813991680597545
124.69,3.282981020463084
124.691,3.2845722853648942
124.69200000000001,3.2861729465828375
124.693,3.2877829878497216
124.694,3.2894023928138596
124.69499999999999,3.2910311450394047
124.696,3.2926692280067105
124.697,3.2943166251126756
124.69800000000001,3.2959733196710936
124.699,3.2976392949130089
124.7,3.2993145339870718
124.70099999999999,3.3009990199598946
124.702,3.3026927358164153
124.703,3.3043956644602499
124.70399999999999,3.3061077887140597
124.705,3.3078290913199249
124.706,3.3095595549396917
124.70699999999999,3.3112991621553558
124.708,3.313047895469432
124.709,3.3148057373053104
124.70999999999999,3.316572670007651
124.711,3.3183486758427434
124.712,3.3201337369988875
124.71299999999999,3.3219278355867798
124.714,3.3237309536398798
124.715,3.325543073114801
124.71599999999999,3.327364175891697
124.717,3.3291942437746358
124.718,3.3310332584920022
124.71899999999999,3.3328812016968654
124.72,3.3347380549673882
124.721,3.3366037998072136
124.72199999999999,3.3384784176458524
124.723,3.340361889839079
124.724,3.3422541976693387
124.72499999999999,3.3441553223461291
124.726,3.3460652450064168
124.727,3.3479839467150239
124.72799999999999,3.3499114084650348
124.729,3.3518476111782078
124.73,3.3537925357053733
124.73099999999999,3.3557461628268364
124.732,3.357708473252806
124.733,3.3596794476237744
124.73399999999999,3.3616590665109549
124.735,3.3636473104166811
124.736,3.3656441597748219
124.73699999999999,3.3676495949512066
124.738,3.3696635962440307
124.739,3.3716861438842751
124.73999999999999,3.3737172180361394
124.741,3.3757567987974411
124.742,3.3778048662000608
124.74299999999999,3.3798614002103511
124.744,3.3819263807295599
124.745,3.3839997875942744
124.746,3.3860816005768277
124.747,3.3881717993857365
124.748,3.39027036366614
124.749,3.3923772730002142
124.75,3.3944925069076199
124.751,3.3966160448459237
124.752,3.3987478662110409
124.753,3.4008879503376743
124.754,3.4030362764997393
124.755,3.4051928239108173
124.756,3.4073575717245852
124.75700000000001,3.409530499035256
124.758,3.4117115848780286
124.759,3.4139008082295232
124.76000000000001,3.416098148008226
124.761,3.4183035830749429
124.762,3.4205170922332289
124.76300000000001,3.4227386542298586
124.764,3.4249682477552463
124.765,3.4272058514439183
124.76600000000001,3.4294514438749579
124.767,3.4317050035724437
124.768,3.4339665090059177
124.76900000000001,3.4362359385908339
124.77,3.438513270689004
124.771,3.4407984836090653
124.77200000000001,3.4430915556069288
124.773,3.44539246488623
124.774,3.4477011895988081
124.77500000000001,3.4500177078451388
124.776,3.4523419976748042
124.777,3.4546740370869649
124.77800000000001,3.4570138040307965
124.779,3.4593612764059767
124.78,3.4617164320631306
124.78100000000001,3.4640792488042949
124.782,3.4664497043833973
124.783,3.4688277765067017
124.78400000000001,3.4712134428332866
124.785,3.47360668097551
124.786,3.476007468499466
124.78700000000001,3.4784157829254738
124.788,3.4808316017285206
124.789,3.4832549023387469
124.79000000000001,3.4856856621419188
124.791,3.4881238584798822
124.792,3.4905694686510493
124.79300000000001,3.4930224699108638
124.794,3.4954828394722699
124.795,3.4979505545061977
124.79600000000001,3.500425592142018
124.797,3.5029079294680261
124.798,3.5053975435319247
124.79900000000001,3.5078944113412831
124.8,3.510398509864014
124.801,3.5129098160288685
124.80199999999999,3.5154283067258847
124.803,3.5179539588068875
124.804,3.5204867490859559
124.80500000000001,3.5230266543398914
124.806,3.5255736513087177
124.807,3.5281277166961438
124.80799999999999,3.5306888271700414
124.809,3.5332569593629382
124.81,3.5358320898724775
124.81100000000001,3.5384141952619195
124.812,3.5410032520606034
124.813,3.5435992367644387
124.81399999999999,3.5462021258363827
124.815,3.5488118957069181
124.816,3.5514285227745406
124.81700000000001,3.5540519834062394
124.818,3.556682253937971
124.819,3.5593193106751562
124.81999999999999,3.5619631298931473
124.821,3.5646136878377139
124.822,3.567270960725538
124.82300000000001,3.5699349247446808
124.824,3.5726055560550676
124.825,3.5752828307889866
124.82599999999999,3.577966725051549
124.827,3.5806572149211933
124.828,3.5833542764501543
124.82899999999999,3.5860578856649439
124.83,3.5887680185668596
124.831,3.5914846511324363
124.83199999999999,3.5942077593139441
124.833,3.5969373190398817
124.834,3.5996733062154376
124.83499999999999,3.602415696722995
124.836,3.6051644664226017
124.837,3.6079195911524553
124.83799999999999,3.6106810467293977
124.839,3.6134488089493817
124.84,3.6162228535879626
124.84099999999999,3.6190031564007903
124.842,3.6217896931240681
124.843,3.624582439475065
124.84399999999999,3.6273813711525769
124.845,3.6301864638374122
124.846,3.6329976931928885
124.84699999999999,3.6358150348652951
124.848,3.6386384644843877
124.849,3.6414679576638695
124.84999999999999,3.6443034900018629
124.851,3.6471450370814069
124.852,3.6499925744709216
124.85299999999999,3.6528460777246967
124.854,3.655705522383379
124.855,3.6585708839744364
124.85599999999999,3.661442138012649
124.857,3.664319260000592
124.858,3.6672022254290986
124.85899999999999,3.6700910097777597
124.86,3.6729855885153828
124.861,3.6758859371004831
124.86199999999999,3.6787920309817612
124.863,3.6817038455985678
124.864,3.6846213563813905
124.86499999999999,3.6875445387523347
124.866,3.6904733681255859
124.867,3.6934078199079017
124.86799999999999,3.696347869499065
124.869,3.6992934922923784
124.87,3.7022446636751329
124.871,3.7052013590290733
124.872,3.7081635537308757
124.873,3.7111312231526319
124.874,3.7141043426622935
124.875,3.7170828876241764
124.876,3.7200668333994038
124.877,3.723056155346387
124.878,3.7260508288213021
124.879,3.7290508291785431
124.88,3.7320561317712042
124.881,3.7350667119515388
124.88200000000001,3.7380825450714257
124.883,3.7411036064828447
124.884,3.7441298715383273
124.88500000000001,3.7471613155914327
124.886,3.7501979139972148
124.887,3.7532396421126655
124.88800000000001,3.7562864752972032
124.889,3.7593383889131129
124.89,3.7623953583260188
124.89100000000001,3.7654573589053424
124.892,3.7685243660247614
124.893,3.7715963550626621
124.89400000000001,3.7746733014026099
124.895,3.777755180433791
124.896,3.7808419675514844
124.89700000000001,3.7839336381575026
124.898,3.7870301676606473
124.899,3.7901315314771815
124.90000000000001,3.7932377050312547
124.901,3.7963486637553685
124.902,3.7994643830908337
124.90300000000001,3.8025848384882015
124.904,3.8057100054077329
124.905,3.8088398593198289
124.90600000000001,3.8119743757054816
124.907,3.8151135300567351
124.908,3.8182572978771083
124.90900000000001,3.8214056546820445
124.91,3.8245585759993701
124.911,3.8277160373697128
124.91200000000001,3.8308780143469634
124.913,3.8340444824986926
124.914,3.8372154174066107
124.91500000000001,3.840390794666996
124.916,3.843570589891129
124.917,3.8467547787057259
124.91800000000001,3.8499433367533888
124.919,3.8531362396930118
124.92,3.8563334632002397
124.92100000000001,3.85953498296788
124.922,3.8627407747063347
124.923,3.865950814144044
124.92400000000001,3.8691650770278945
124.925,3.8723835391236503
124.926,3.8756061762163863
124.92699999999999,3.8788329641108992
124.928,3.8820638786321431
124.929,3.8852988956256369
124.93000000000001,3.888537990957889
124.931,3.891781140516827
124.932,3.895028320212194
124.93299999999999,3.8982795059759794
124.934,3.9015346737628342
124.935,3.9047937995504705
124.93600000000001,3.9080568593400931
124.937,3.9113238291567911
124.938,3.9145946850499578
124.93899999999999,3.9178694030937034
124.94,3.921147959387246
124.941,3.9244303300553267
124.94200000000001,3.9277164912486247
124.943,3.931006419144127
124.944,3.9343000899455718
124.94499999999999,3.9375974798838116
124.946,3.940898565217227
124.947,3.9442033222321347
124.94800000000001,3.9475117272431599
124.949,3.9508237565936413
124.95,3.9541393866560335
124.95099999999999,3.9574585938322753
124.952,3.9607813545542041
124.953,3.9641076452839266
124.95399999999999,3.9674374425142038
124.955,3.9707707227688576
124.956,3.9741074626031287
124.95699999999999,3.977447638604072
124.958,3.9807912273909385
124.959,3.9841382056155452
124.95999999999999,3.9874885499626642
124.961,3.990842237150384
124.962,3.9941992439304967
124.96299999999999,3.997559547088867
124.964,4.0009231234457996
124.965,4.0042899498564104
124.96599999999999,4.007660003210999
124.967,4.0110332604354078
124.968,4.0144096984913933
124.96899999999999,4.0177892943769837
124.97,4.0211720251268392
124.971,4.0245578678126268
124.97199999999999,4.027946799543356
124.973,4.0313387974657431
124.974,4.0347338387645859
124.97499999999999,4.03813190066308
124.976,4.0415329604232042
124.977,4.0449369953460526
124.97799999999999,4.0483439827721774
124.979,4.0517539000819589
124.98,4.055166724695928
124.98099999999999,4.0585824340751095
124.982,4.0620010057213811
124.983,4.0654224171777962
124.98399999999999,4.0688466460289323
124.985,4.0722736699012163
124.986,4.0757034664632599
124.98699999999999,4.0791360134262113
124.988,4.0825712885440595
124.989,4.0860092696139727
124.98999999999999,4.0894499344766384
124.991,4.0928932610165667
124.992,4.0963392271624279
124.99299999999999,4.0997878108873778
124.994,4.1032389902093556
124.995,4.1066927431914344
124.996,4.110149047942107
124.997,4.1136078826156162
124.998,4.1170692254122709
124.999,4.1205330545787398
125,4.1239993484083826
125.001,4.1274680852415315
125.002,4.1309392434658285
125.003,4.1344128015164863
125.004,4.1378887378766311
125.005,4.1413670310775874
125.006,4.1448476596991508
125.00700000000001,4.148330602369926
125.008,4.1518158377675984
125.009,4.1553033446192256
125.01000000000001,4.1587931017015158
125.011,4.1622850878411501
125.012,4.1657792819150465
125.01300000000001,4.1692756628506267
125.014,4.1727742096261355
125.015,4.1762749012709079
125.01600000000001,4.1797777168656207
125.017,4.1832826355426125
125.018,4.1867896364861359
125.01900000000001,4.1902986989326134
125.02,4.1938098021709447
125.021,4.1973229255427551
125.02200000000001,4.20083804844265
125.023,4.2043551503185057
125.024,4.2078742106717222
125.02500000000001,4.211395209057482
125.026,4.2149181250849885
125.027,4.2184429384177697
125.02800000000001,4.2219696287738984
125.029,4.2254981759262407
125.03,4.2290285597027335
125.03100000000001,4.2325607599866224
125.032,4.2360947567166853
125.033,4.2396305298875134
125.03400000000001,4.2431680595497436
125.035,4.2467073258102701
125.036,4.2502483088325249
125.03700000000001,4.2537909888367
125.038,4.257335346099957
125.039,4.2608813609567004
125.03999999999999,4.2644290137987806
125.041,4.2679782850757402
125.042,4.2715291552950116
125.04300000000001,4.2750816050221783
125.044,4.2786356148811837
125.045,4.2821911655545239
125.04599999999999,4.2857482377835154
125.047,4.2893068123684781
125.048,4.2928668701689467
125.04900000000001,4.296428392103909
125.05,4.2999913591520009
125.051,4.303555752351695
125.05199999999999,4.3071215528015472
125.053,4.3106887416603765
125.054,4.3142573001474531
125.05500000000001,4.3178272095427346
125.056,4.3213984511870365
125.057,4.3249710064822384
125.05799999999999,4.3285448568914653
125.059,4.3321199839392914
125.06,4.3356963692119432
125.06100000000001,4.339273994357443
125.062,4.3428528410858362
125.063,4.3464328911693713
125.06399999999999,4.3500141264426357
125.065,4.3535965288027967
125.066,4.3571800802097496
125.06700000000001,4.3607647626862676
125.068,4.3643505583182236
125.069,4.3679374492547325
125.06999999999999,4.3715254177083089
125.071,4.3751144459550648
125.072,4.3787045163348548
125.07300000000001,4.3822956112514415
125.074,4.3858877131726413
125.075,4.3894808046305123
125.07599999999999,4.3930748682214951
125.077,4.3966698866065457
125.078,4.4002658425113292
125.07900000000001,4.4038627187263444
125.08,4.4074604981070546
125.081,4.4110591635740768
125.08199999999999,4.4146586981132927
125.083,4.4182590847759897
125.084,4.4218603066790187
125.08500000000001,4.4254623470049221
125.086,4.4290651890020509
125.087,4.4326688159847336
125.08799999999999,4.4362732113333792
125.089,4.4398783584946209
125.09,4.4434842409814159
125.09099999999999,4.4470908423732087
125.092,4.4506981463160376
125.093,4.4543061365226251
125.09399999999999,4.4579147967725508
125.095,4.4615241109123307
125.096,4.4651340628555261
125.09699999999999,4.4687446365828869
125.098,4.472355816142441
125.099,4.4759675856495882
125.09999999999999,4.4795799292872385
125.101,4.4831928313059013
125.102,4.4868062760237635
125.10299999999999,4.4904202478268278
125.104,4.4940347311689894
125.105,4.4976497105721354
125.10599999999999,4.5012651706262226
125.107,4.5048810959893935
125.108,4.5084974713880577
125.10899999999999,4.5121142816169559
125.11,4.5157315115392826
125.111,4.5193491460867463
125.11199999999999,4.522967170259637
125.113,4.5265855691269401
125.114,4.530204327826393
125.11499999999999,4.5338234315645387
125.116,4.5374428656168426
125.117,4.5410626153277391
125.11799999999999,4.5446826661106758
125.119,4.5483030034482343
125.12,4.5519236128921463
125.121,4.5555444800633893
125.122,4.5591655906522064
125.123,4.5627869304182092
125.124,4.5664084851904114
125.125,4.5700302408672737
125.126,4.5736521834167725
125.127,4.5772742988764552
125.128,4.5808965733534528
125.129,4.5845189930245649
125.13,4.5881415441362954
125.131,4.5917642130048613
125.13200000000001,4.5953869860162797
125.133,4.5990098496263752
125.134,4.6026327903608344
125.13500000000001,4.606255794815203
125.136,4.6098788496549687
125.137,4.6135019416155618
125.13800000000001,4.617125057502367
125.139,4.6207481841907896
125.14,4.6243713086262606
125.14100000000001,4.6279944178242296
125.142,4.6316174988702343
125.143,4.635240538919895
125.14400000000001,4.638863525198909
125.145,4.6424864450031027
125.146,4.6461092856984294
125.14700000000001,4.6497320347209552
125.148,4.6533546795769052
125.149,4.6569772078426457
125.15000000000001,4.660599607164702
125.151,4.6642218652597283
125.152,4.6678439699145553
125.15300000000001,4.6714659089861623
125.154,4.6750876704016573
125.155,4.678709242158309
125.15600000000001,4.6823306123235167
125.157,4.6859517690347925
125.158,4.6895727004997685
125.15900000000001,4.6931933949961877
125.16,4.6968138408718492
125.161,4.7004340265446416
125.16200000000001,4.7040539405025026
125.163,4.7076735713033671
125.164,4.7112929075752064
125.16499999999999,4.7149119380159554
125.166,4.7185306513935092
125.167,4.722149036545666
125.16800000000001,4.7257670823801377
125.169,4.7293847778745004
125.17,4.733002112076127
125.17099999999999,4.7366190741022116
125.172,4.7402356531396936
125.173,4.7438518384452095
125.17400000000001,4.7474676193450822
125.175,4.7510829852352732
125.176,4.7546979255812953
125.17699999999999,4.7583124299182238
125.178,4.7619264878506176
125.179,4.7655400890524575
125.18000000000001,4.7691532232671214
125.181,4.7727658803073183
125.182,4.7763780500550297
125.18299999999999,4.7799897224614423
125.184,4.7836008875469087
125.185,4.7872115354008891
125.18600000000001,4.7908216561818442
125.187,4.7944312401172322
125.188,4.7980402775034037
125.18899999999999,4.8016487587055288
125.19,4.8052566741575546
125.191,4.808864014362122
125.19200000000001,4.8124707698904654
125.193,4.816076931382387
125.194,4.8196824895461479
125.19499999999999,4.8232874351583757
125.196,4.8268917590640257
125.197,4.8304954521762689
125.19800000000001,4.8340985054764261
125.199,4.8377009100138437
125.2,4.8413026569058637
125.20099999999999,4.8449037373377006
125.202,4.8485041425623425
125.203,4.8521038639004832
125.20400000000001,4.8557028927404282
125.205,4.8593012205379669
125.206,4.8628988388163101
125.20699999999999,4.8664957391659893
125.208,4.8700919132447211
125.209,4.8736873527773472
125.21000000000001,4.8772820495557188
125.211,4.880875995438565
125.212,4.8844691823514275
125.21299999999999,4.8880616022865198
125.214,4.8916532473026457
125.215,4.895244109525045
125.21599999999999,4.8988341811453289
125.217,4.9024234544213439
125.218,4.9060119216770328
125.21899999999999,4.9095995753023622
125.22,4.9131864077531766
125.221,4.9167724115510669
125.22199999999999,4.9203575792832748
125.223,4.9239419036025627
125.224,4.9275253772270595
125.22499999999999,4.9311079929401771
125.226,4.9346897435904555
125.227,4.9382706220914283
125.22799999999999,4.9418506214215139
125.229,4.9454297346238665
125.23,4.9490079548062518
125.23099999999999,4.952585275140887
125.232,4.9561616888643378
125.233,4.9597371892773658
125.23399999999999,4.9633117697447684
125.235,4.9668854236952669
125.236,4.9704581446213663
125.23699999999999,4.9740299260791598
125.238,4.9776007616882509
125.239,4.9811706451315665
125.23999999999999,4.9847395701552095
125.241,4.9883075305683224
125.242,4.991874520242936
125.24299999999999,4.9954405331137917
125.244,4.9990055631782244
125.245,5.0025696044959815
125.246,5.0061326511890822
125.247,5.0096946974416294
125.248,5.013255737499696
125.249,5.0168157656711294
125.25,5.0203747763253936
125.251,5.0239327638934217
125.252,5.0274897228674469
125.253,5.0310456478008128
125.254,5.0346005333078416
125.255,5.0381543740636534
125.256,5.0417071648039666
125.25700000000001,5.0452589003249795
125.258,5.0488095754831583
125.259,5.0523591851950851
125.26000000000001,5.0559077244372581
125.261,5.0594551882459466
125.262,5.0630015717170043
125.26300000000001,5.0665468700056646
125.264,5.0700910783264028
125.265,5.073634191952733
125.26600000000001,5.0771762062170165
125.267,5.0807171165103
125.268,5.0842569182821276
125.26900000000001,5.0877956070403343
125.27,5.0913331783508902
125.271,5.0948696278376939
125.27200000000001,5.0984049511823777
125.273,5.10193914412414
125.274,5.1054722024595396
125.27500000000001,5.1090041220423092
125.276,5.1125348987831423
125.277,5.1160645286495345
125.27800000000001,5.119593007665566
125.279,5.1231203319116929
125.28,5.1266464975245842
125.28100000000001,5.1301715006969015
125.282,5.1336953376770857
125.283,5.1372180047691884
125.28400000000001,5.1407394983326569
125.285,5.1442598147821119
125.286,5.1477789505871741
125.28700000000001,5.1512969022722501
125.288,5.154813666416306
125.289,5.1583292396526907
125.28999999999999,5.1618436186689163
125.291,5.1653568002064461
125.292,5.1688687810604748
125.29300000000001,5.1723795580797436
125.294,5.1758891281663271
125.295,5.1793974882753702
125.29599999999999,5.1829046354149533
125.297,5.1864105666458222
125.298,5.1899152790811822
125.29900000000001,5.1934187698864971
125.3,5.1969210362792726
125.301,5.2004220755288078
125.30199999999999,5.2039218849560172
125.303,5.2074204619331894
125.304,5.2109178038837562
125.30500000000001,5.2144139082820953
125.306,5.2179087726533027
125.307,5.2214023945729604
125.30799999999999,5.2248947716669019
125.309,5.2283859016110217
125.31,5.2318757821310271
125.31100000000001,5.2353644110022017
125.312,5.2388517860492048
125.313,5.2423379051458365
125.31399999999999,5.2458227662147774
125.315,5.2493063672274101
125.316,5.2527887062035621
125.31700000000001,5.2562697812112571
125.318,5.2597495903665248
125.319,5.2632281318331433
125.31999999999999,5.2667054038223906
125.321,5.2701814045928561
125.322,5.2736561324501636
125.32300000000001,5.2771295857467706
125.324,5.2806017628816804
125.325,5.2840726623002734
125.32599999999999,5.2875422824940301
125.327,5.2910106220002753
125.328,5.2944776794019894
125.32900000000001,5.2979434533275427
125.33,5.3014079424504352
125.331,5.3048711454890967
125.33199999999999,5.3083330612066266
125.333,5.3117936884105319
125.334,5.315253025952531
125.33500000000001,5.3187110727282754
125.336,5.3221678276770987
125.337,5.3256232897818148
125.33799999999999,5.3290774580684364
125.339,5.33253033160595
125.34,5.3359819095060441
125.34099999999999,5.3394321909228957
125.342,5.3428811750529128
125.343,5.3463288611344648
125.34399999999999,5.3497752484476671
125.345,5.3532203363141235
125.346,5.3566641240966533
125.34699999999999,5.3601066111990736
125.348,5.3635477970659444
125.349,5.3669876811822927
125.34999999999999,5.3704262630733908
125.351,5.3738635423045018
125.352,5.3772995184806032
125.35299999999999,5.3807341912461659
125.354,5.3841675602848831
125.355,5.3875996253194298
125.35599999999999,5.391030386111181
125.357,5.3944598424600034
125.358,5.3978879942039697
125.35899999999999,5.401314841219099
125.36,5.4047403834191243
125.361,5.4081646207552367
125.36199999999999,5.411587553215794
125.363,5.4150091808261127
125.364,5.4184295036481878
125.36499999999999,5.4218485217804204
125.366,5.4252662353573964
125.367,5.4286826445496104
125.36799999999999,5.4320977495631873
125.369,5.435511550639669
125.37,5.4389240480557213
125.371,5.4423352421228959
125.372,5.4457451331873408
125.373,5.4491537216295853
125.374,5.4525610078642472
125.375,5.4559669923397767
125.376,5.4593716755382165
125.377,5.4627750579749232
125.378,5.4661771401983028
125.379,5.4695779227895702
125.38,5.4729774063624799
125.381,5.476375591563043
125.38200000000001,5.4797724790693039
125.383,5.4831680695910503
125.384,5.4865623638695702
125.38500000000001,5.4899553626773656
125.386,5.493347066817913
125.387,5.4967374771254036
125.38800000000001,5.5001265944644526
125.389,5.5035144197298642
125.39,5.5069009538463636
125.39100000000001,5.5102861977683197
125.392,5.5136701524794987
125.393,5.5170528189928039
125.39400000000001,5.5204341983499781
125.395,5.5238142916213899
125.396,5.5271930999057393
125.39700000000001,5.5305706243297887
125.398,5.5339468660481241
125.399,5.5373218262428789
125.40000000000001,5.540695506123468
125.401,5.5440679069263155
125.402,5.5474390299146119
125.40300000000001,5.5508088763780439
125.404,5.5541774476325063
125.405,5.5575447450198769
125.40600000000001,5.5609107699077303
125.407,5.5642755236890622
125.408,5.5676390077820557
125.40900000000001,5.5710012236297999
125.41,5.574362172700015
125.411,5.5777218564848123
125.41200000000001,5.5810802765004173
125.413,5.5844374342868992
125.414,5.5877933314079193
125.41499999999999,5.5911479694504678
125.416,5.5945013500245899
125.417,5.5978534747631166
125.41800000000001,5.6012043453214222
125.419,5.6045539633771568
125.42,5.6079023306299511
125.42099999999999,5.6112494488011944
125.422,5.6145953196337555
125.423,5.6179399448917025
125.42400000000001,5.6212833263600679
125.425,5.6246254658445682
125.426,5.6279663651713339
125.42699999999999,5.6313060261866745
125.428,5.6346444507567917
125.429,5.6379816407675136
125.43000000000001,5.641317598124056
125.431,5.6446523247507372
125.432,5.6479858225907336
125.43299999999999,5.651318093605795
125.434,5.654649139776005
125.435,5.6579789630995148
125.43600000000001,5.6613075655922618
125.437,5.6646349492877395
125.438,5.6679611162367234
125.43899999999999,5.6712860685069835
125.44,5.6746098081830745
125.441,5.6779323373660375
125.44200000000001,5.6812536581731425
125.443,5.6845737727376449
125.444,5.6878926832085277
125.44499999999999,5.6912103917502019
125.446,5.6945269005423036
125.447,5.6978422117793972
125.44800000000001,5.7011563276707324
125.449,5.704469250439967
125.45,5.7077809823249357
125.45099999999999,5.7110915255773786
125.452,5.7144008824626678
125.453,5.7177090552595793
125.45400000000001,5.7210160462600239
125.455,5.7243218577687731
125.456,5.7276264921032283
125.45699999999999,5.7309299515931631
125.458,5.7342322385804323
125.459,5.7375333554187637
125.46000000000001,5.7408333044734832
125.461,5.7441320881212334
125.462,5.7474297087497668
125.46299999999999,5.7507261687576641
125.464,5.7540214705540844
125.465,5.7573156165584969
125.46599999999999,5.760608609200462
125.467,5.7639004509193548
125.468,5.7671911441641068
125.46899999999999,5.7704806913929687
125.47,5.7737690950732681
125.471,5.7770563576811185
125.47199999999999,5.7803424817012097
125.473,5.7836274696265519
125.474,5.7869113239581829
125.47499999999999,5.7901940472049862
125.476,5.7934756418833899
125.477,5.7967561105171246
125.47799999999999,5.8000354556370031
125.479,5.8033136797806488
125.48,5.806590785492256
125.48099999999999,5.809866775322325
125.482,5.813141651827447
125.483,5.8164154175700453
125.48399999999999,5.8196880751181048
125.485,5.8229596270449715
125.486,5.826230075929077
125.48699999999999,5.8294994243536866
125.488,5.8327676749066946
125.489,5.8360348301803455
125.48999999999999,5.8393008927709946
125.491,5.8425658652788872
125.492,5.8458297503079031
125.49299999999999,5.8490925504653006
125.494,5.8523542683615037
125.495,5.8556149066098495
125.496,5.8588744678263449
125.497,5.8621329546294181
125.498,5.8653903696397087
125.499,5.8686467154798123
125.5,5.8719019947740225
125.501,5.8751562101481358
125.502,5.8784093642291939
125.503,5.8816614596452261
125.504,5.8849124990250576
125.505,5.8881624849980465
125.506,5.8914114201938439
125.50700000000001,5.8946593072421845
125.508,5.8979061487726305
125.509,5.9011519474143679
125.51000000000001,5.9043967057959197
125.511,5.9076404265449849
125.512,5.9108831122881611
125.51300000000001,5.9141247656507119
125.514,5.9173653892563713
125.515,5.9206049857270884
125.51600000000001,5.9238435576827921
125.517,5.9270811077411967
125.518,5.9303176385175433
125.51900000000001,5.9335531526243788
125.52,5.936787652671347
125.521,5.940021141264948
125.52200000000001,5.9432536210083029
125.523,5.9464850945009644
125.524,5.9497155643386588
125.52500000000001,5.9529450331130906
125.526,5.9561735034116818
125.527,5.9594009778173973
125.52800000000001,5.9626274589085018
125.529,5.9658529492583163
125.53,5.9690774514350498
125.53100000000001,5.9723009680015426
125.532,5.9755235015150436
125.533,5.9787450545270264
125.53400000000001,5.9819656295829464
125.535,5.985185229222024
125.536,5.9884038559770438
125.53700000000001,5.9916215123741381
125.538,5.9948382009325467
125.539,5.9980539241644415
125.53999999999999,6.0012686845746845
125.541,6.0044824846606435
125.542,6.0076953269119358
125.54300000000001,6.0109072138102686
125.544,6.0141181478292065
125.545,6.017328131433942
125.54599999999999,6.0205371670811214
125.547,6.0237452572186303
125.548,6.0269524042853533
125.54900000000001,6.030158610711009
125.55,6.0333638789159352
125.551,6.0365682113108559
125.55199999999999,6.0397716102967109
125.553,6.0429740782644483
125.554,6.0461756175947841
125.55500000000001,6.0493762306580532
125.556,6.052575919813977
125.557,6.0557746874114748
125.55799999999999,6.0589725357884365
125.559,6.062169467271568
125.56,6.0653654841761728
125.56100000000001,6.0685605888059264
125.562,6.071754783452727
125.563,6.0749480703964807
125.56399999999999,6.0781404519048827
125.565,6.081331930233258
125.566,6.0845225076243565
125.56700000000001,6.0877121863081367
125.568,6.0909009685016162
125.569,6.0940888564086464
125.56999999999999,6.0972758522197275
125.571,6.1004619581118291
125.572,6.1036471762481987
125.57300000000001,6.106831508778173
125.574,6.1100149578369738
125.575,6.1131975255455462
125.57599999999999,6.1163792140103634
125.577,6.1195600253232261
125.578,6.1227399615611091
125.57900000000001,6.1259190247859525
125.58,6.1290972170444817
125.581,6.1322745403680372
125.58199999999999,6.1354509967723896
125.583,6.1386265882575426
125.584,6.1418013168075802
125.58500000000001,6.1449751843904803
125.586,6.1481481929579047
125.587,6.1513203444450717
125.58799999999999,6.154491640770555
125.589,6.157662083836108
125.59,6.1608316755264756
125.59099999999999,6.1640004177092571
125.592,6.1671683122347023
125.593,6.1703353609355407
125.59399999999999,6.1735015656268288
125.595,6.1766669281057709
125.596,6.1798314501515339
125.59699999999999,6.1829951335250968
125.598,6.1861579799690922
125.599,6.18931999120759
125.59999999999999,6.1924811689459993
125.601,6.1956415148708537
125.602,6.1988010306496548
125.60299999999999,6.2019597179307215
125.604,6.2051175783430228
125.605,6.2082746134960125
125.60599999999999,6.2114308249794554
125.607,6.2145862143632904
125.608,6.2177407831974616
125.60899999999999,6.2208945330117444
125.61,6.2240474653156106
125.611,6.2271995815980627
125.61199999999999,6.2303508833274588
125.613,6.2335013719513945
125.614,6.2366510488965172
125.61499999999999,6.2397999155683763
125.616,6.2429479733512867
125.617,6.246095223608167
125.61799999999999,6.249241667680371
125.619,6.2523873068875702
125.62,6.2555321425275849
125.621,6.2586761758762375
125.622,6.2618194081871934
125.623,6.264961840691841
125.624,6.268103474599128
125.625,6.271244311095403
125.626,6.2743843513443061
125.627,6.2775235964865992
125.628,6.2806620476400195
125.629,6.2837997058991597
125.63,6.2869365723353141
125.631,6.2900726479963254
125.63200000000001,6.2932079339064781
125.633,6.296342431066325
125.634,6.2994761404525832
125.63500000000001,6.3026090630179574
125.636,6.3057411996910435
125.637,6.3088725513761741
125.63800000000001,6.3120031189532781
125.639,6.3151329032777621
125.64,6.3182619051803837
125.64100000000001,6.3213901254670777
125.642,6.3245175649188852
125.643,6.3276442242917863
125.64400000000001,6.3307701043165672
125.645,6.3338952056987203
125.646,6.3370195291182974
125.64700000000001,6.3401430752297756
125.648,6.3432658446619552
125.649,6.3463878380178205
125.65000000000001,6.3495090558744209
125.651,6.3526294987827328
125.652,6.3557491672675646
125.65300000000001,6.3588680618274207
125.654,6.3619861829343645
125.655,6.3651035310339417
125.65600000000001,6.3682201065450208
125.657,6.3713359098596882
125.658,6.3744509413431469
125.65900000000001,6.377565201333578
125.66,6.3806786901420391
125.661,6.3837914080523408
125.66200000000001,6.3869033553209569
125.663,6.3900145321768651
125.664,6.3931249388214866
125.66499999999999,6.3962345754285455
125.666,6.3993434421439765
125.667,6.4024515390857815
125.66800000000001,6.4055588663439664
125.669,6.4086654239804144
125.67,6.4117712120287624
125.67099999999999,6.4148762304943201
125.672,6.4179804793539681
125.673,6.4210839585560144
125.67400000000001,6.4241866680201465
125.675,6.4272886076372924
125.676,6.4303897772695233
125.67699999999999,6.433490176749963
125.678,6.4365898058826989
125.679,6.4396886644426363
125.68000000000001,6.4427867521754685
125.681,6.4458840687975218
125.682,6.4489806139956976
125.68299999999999,6.4520763874273417
125.684,6.4551713887201849
125.685,6.4582656174722377
125.68600000000001,6.4613590732516819
125.687,6.464451755596798
125.688,6.4675436640158743
125.68899999999999,6.470634797987092
125.69,6.4737251569584675
125.691,6.4768147403477592
125.69200000000001,6.4799035475423441
125.693,6.4829915778991811
125.694,6.4860788307447006
125.69499999999999,6.4891653053747085
125.696,6.492251001054326
125.697,6.4953359170178917
125.69800000000001,6.4984200524688873
125.699,6.5015034065798378
125.7,6.5045859784922566
125.70099999999999,6.5076677673165584
125.702,6.5107487721319526
125.703,6.5138289919864079
125.70400000000001,6.5169084258965526
125.705,6.5199870728475844
125.706,6.5230649317932272
125.70699999999999,6.5261420016556375
125.708,6.5292182813253152
125.709,6.5322937696610683
125.71000000000001,6.5353684654899133
125.711,6.5384423676069972
125.712,6.5415154747755597
125.71299999999999,6.5445877857268258
125.714,6.5476592991599727
125.715,6.550730013742017
125.71599999999999,6.5537999281077983
125.717,6.5568690408598798
125.718,6.5599373505684753
125.71899999999999,6.5630048557714264
125.72,6.5660715549740942
125.721,6.5691374466493109
125.72199999999999,6.5722025292373285
125.723,6.5752668011457551
125.724,6.5783302607494658
125.72499999999999,6.5813929063905796
125.726,6.5844547363783921
125.727,6.5875157489892882
125.72799999999999,6.5905759424667227
125.729,6.5936353150211477
125.73,6.59669386482995
125.73099999999999,6.5997515900374051
125.732,6.6028084887546168
125.733,6.6058645590594782
125.73399999999999,6.60891979899659
125.735,6.6119742065772424
125.736,6.6150277797793464
125.73699999999999,6.6180805165473728
125.738,6.6211324147923278
125.739,6.6241834723916906
125.73999999999999,6.6272336871893582
125.741,6.6302830569956139
125.742,6.6333315795870806
125.74299999999999,6.6363792527066483
125.744,6.6394260740634685
125.745,6.6424720413328835
125.746,6.6455171521564012
125.747,6.648561404141617
125.748,6.6516047948622301
125.749,6.6546473218579525
125.75,6.6576889826344843
125.751,6.660729774663487
125.752,6.6637696953825358
125.753,6.6668087421950695
125.754,6.6698469124703763
125.755,6.6728842035435498
125.756,6.6759206127154371
125.75700000000001,6.6789561372526265
125.758,6.6819907743874065
125.759,6.6850245213177342
125.76000000000001,6.6880573752071832
125.761,6.6910893331849444
125.762,6.6941203923457877
125.76300000000001,6.6971505497499919
125.764,6.7001798024233814
125.765,6.7032081473572482
125.76600000000001,6.7062355815083361
125.767,6.7092621017988296
125.768,6.7122877051163066
125.76900000000001,6.7153123883137216
125.77,6.7183361482093868
125.771,6.7213589815869383
125.77200000000001,6.7243808851953144
125.773,6.7274018557487434
125.774,6.7304218899267045
125.77500000000001,6.733440984373928
125.776,6.7364591357003469
125.777,6.7394763404811062
125.77800000000001,6.7424925952565342
125.779,6.7455078965321036
125.78,6.7485222407784509
125.78100000000001,6.7515356244313338
125.782,6.7545480438916154
125.783,6.7575594955252676
125.78400000000001,6.7605699756633406
125.785,6.7635794806019476
125.786,6.7665880066022623
125.78700000000001,6.7695955498905089
125.788,6.7726021066579261
125.789,6.775607673060783
125.78999999999999,6.7786122452203657
125.791,6.7816158192229548
125.792,6.7846183911198104
125.79300000000001,6.7876199569271982
125.794,6.7906205126263526
125.795,6.7936200541634619
125.79599999999999,6.796618577449701
125.797,6.799616078361197
125.798,6.8026125527390189
125.79900000000001,6.8056079963891936
125.8,6.8086024050827021
125.801,6.8115957745554514
125.80199999999999,6.8145881005083062
125.803,6.817579378607066
125.804,6.8205696044824613
125.80500000000001,6.8235587737301788
125.806,6.8265468819108346
125.807,6.8295339245499989
125.80799999999999,6.832519897138166
125.809,6.8355047951307952
125.81,6.8384886139483001
125.81100000000001,6.8414713489760235
125.812,6.8444529955642981
125.813,6.8474335490284055
125.81399999999999,6.8504130046485923
125.815,6.8533913576701018
125.816,6.856368603303153
125.81700000000001,6.8593447367229476
125.818,6.8623197530697109
125.819,6.8652936474486701
125.81999999999999,6.8682664149300638
125.821,6.8712380505491755
125.822,6.8742085493063296
125.82300000000001,6.8771779061669118
125.824,6.8801461160613577
125.825,6.8831131738852012
125.82599999999999,6.8860790744990688
125.827,6.8890438127286853
125.828,6.8920073833649127
125.82900000000001,6.894969781163752
125.83,6.8979310008463504
125.831,6.9008910370990382
125.83199999999999,6.9038498845733436
125.833,6.9068075378859799
125.834,6.9097639916189149
125.83500000000001,6.9127192403193547
125.836,6.9156732784997619
125.837,6.9186261006379066
125.83799999999999,6.9215777011768509
125.839,6.9245280745250088
125.84,6.9274772150561219
125.84099999999999,6.9304251171093298
125.842,6.933371774989169
125.843,6.9363171829655901
125.84399999999999,6.9392613352740042
125.845,6.9422042261152992
125.846,6.945145849655848
125.84699999999999,6.9480862000275696
125.848,6.9510252713279321
125.849,6.953963057619978
125.84999999999999,6.9568995529323701
125.851,6.9598347512594145
125.852,6.9627686465610719
125.85299999999999,6.9657012327630152
125.854,6.9686325037566412
125.855,6.9715624533991161
125.85599999999999,6.974491075513388
125.857,6.9774183638882352
125.858,6.9803443122783015
125.85899999999999,6.9832689144041069
125.86,6.9861921639521096
125.861,6.9891140545747312
125.86199999999999,6.9920345798903707
125.863,6.9949537334834755
125.864,6.9978715089045558
125.86499999999999,7.0007878996702217
125.866,7.0037028992632298
125.867,7.0066165011325126
125.86799999999999,7.0095286986932184
125.869,7.0124394853267571
125.87,7.015348854380834
125.871,7.0182567991694924
125.872,7.0211633129731368
125.873,7.0240683890386109
125.874,7.0269720205792048
125.875,7.0298742007747119
125.876,7.0327749227714644
125.877,7.0356741796824007
125.878,7.0385719645870601
125.879,7.0414682705316789
125.88,7.0443630905292132
125.881,7.0472564175593639
125.88200000000001,7.0501482445686623
125.883,7.0530385644704854
125.884,7.0559273701451275
125.88500000000001,7.0588146544398054
125.886,7.0617004101687595
125.887,7.0645846301132735
125.88800000000001,7.0674673070217082
125.889,7.0703484336095848
125.89,7.0732280025596221
125.89100000000001,7.0761060065217638
125.892,7.0789824381132629
125.893,7.0818572899187178
125.89400000000001,7.0847305544901147
125.895,7.0876022243468935
125.896,7.0904722919760061
125.89700000000001,7.0933407498319418
125.898,7.0962075903368085
125.899,7.0990728058803754
125.90000000000001,7.1019363888201354
125.901,7.1047983314813337
125.902,7.1076586261570576
125.90300000000001,7.1105172651082817
125.904,7.1133742405639016
125.905,7.1162295447208219
125.90600000000001,7.1190831697440089
125.907,7.1219351077665074
125.908,7.1247853508895673
125.90900000000001,7.1276338911826542
125.91,7.1304807206835026
125.911,7.13332583139821
125.91200000000001,7.1361692153012868
125.913,7.1390108643356847
125.914,7.1418507704129013
125.91499999999999,7.1446889254130177
125.916,7.1475253211847694
125.917,7.1503599495455816
125.91800000000001,7.1531928022816818
125.919,7.1560238711481237
125.92,7.1588531478688502
125.92099999999999,7.1616806241367783
125.922,7.1645062916138613
125.923,7.1673301419311262
125.92400000000001,7.1701521666887675
125.925,7.1729723574562136
125.926,7.1757907057721564
125.92699999999999,7.1786072031446633
125.928,7.1814218410512218
125.929,7.1842346109387911
125.93000000000001,7.1870455042239083
125.931,7.1898545122927242
125.932,7.1926616265010832
125.93299999999999,7.1954668381745854
125.934,7.1982701386086649
125.935,7.2010715190686643
125.93600000000001,7.2038709707898736
125.937,7.2066684849776408
125.938,7.2094640528074247
125.93899999999999,7.2122576654248416
125.94,7.2150493139457854
125.941,7.2178389894564674
125.94200000000001,7.2206266830134815
125.943,7.2234123856439059
125.944,7.2261960883453558
125.94499999999999,7.2289777820860532
125.946,7.231757457804914
125.947,7.2345351064116201
125.94800000000001,7.2373107187866843
125.949,7.2400842857815242
125.95,7.2428557982185531
125.95099999999999,7.2456252468912457
125.952,7.2483926225642019
125.953,7.2511579159732484
125.95400000000001,7.2539211178254988
125.955,7.2566822187994191
125.956,7.2594412095449368
125.95699999999999,7.2621980806834951
125.958,7.264952822808123
125.959,7.2677054264835395
125.96000000000001,7.2704558822462264
125.961,7.2732041806044734
125.962,7.2759503120385087
125.96299999999999,7.2786942670005406
125.964,7.2814360359148598
125.965,7.2841756091778915
125.96599999999999,7.2869129771583143
125.967,7.289648130197115
125.968,7.2923810586076616
125.96899999999999,7.2951117526758207
125.97,7.2978402026600087
125.971,7.3005663987912683
125.97199999999999,7.3032903312733897
125.973,7.3060119902829577
125.974,7.3087313659694377
125.97499999999999,7.3114484484552769
125.976,7.3141632278359836
125.977,7.3168756941801885
125.97799999999999,7.3195858375297611
125.979,7.3222936478998761
125.98,7.3249991152791054
125.98099999999999,7.3277022296294838
125.982,7.3304029808866247
125.983,7.3331013589597909
125.98399999999999,7.3357973537319747
125.985,7.3384909550599922
125.986,7.3411821527745786
125.98699999999999,7.3438709366804424
125.988,7.3465572965563997
125.989,7.3492412221554257
125.98999999999999,7.3519227032047461
125.991,7.354601729405946
125.992,7.357278290435044
125.99299999999999,7.3599523759425693
125.994,7.3626239755536762
125.995,7.3652930788682145
125.996,7.3679596754608294
125.997,7.3706237548810343
125.998,7.3732853066533277
125.999,7.3759443202772612
126,7.3786007852275297
126.001,7.3812546909540799
126.002,7.3839060268821992
126.003,7.3865547824125724
126.004,7.3892009469214237
126.005,7.3918445097605776
126.006,7.3944854602575436
126.00700000000001,7.3971237877156426
126.008,7.399759481414069
126.009,7.4023925306079992
126.01000000000001,7.4050229245286676
126.011,7.4076506523834773
126.012,7.4102757033560991
126.01300000000001,7.4128980666065321
126.014,7.4155177312712315
126.015,7.4181346864631994
126.01600000000001,7.4207489212720414
126.017,7.4233604247641196
126.018,7.4259691859826091
126.01900000000001,7.4285751939475855
126.02,7.4311784376561576
126.021,7.4337789060825408
126.02200000000001,7.436376588178133
126.023,7.4389714728716534
126.024,7.4415635490692065
126.02500000000001,7.4441528056543973
126.026,7.4467392314884062
126.027,7.4493228154101097
126.02800000000001,7.4519035462361636
126.029,7.454481412761103
126.03,7.4570564037574361
126.03100000000001,7.4596285079757632
126.032,7.4621977141448319
126.033,7.4647640109716775
126.03400000000001,7.4673273871417098
126.035,7.4698878313187844
126.036,7.4724453321453463
126.03700000000001,7.474999878242496
126.038,7.4775514582100939
126.039,7.4801000606268708
126.03999999999999,7.4826456740505201
126.041,7.4851882870178024
126.042,7.4877278880446276
126.04300000000001,7.4902644656261774
126.044,7.4927980082370063
126.045,7.4953285043311126
126.04599999999999,7.4978559423420688
126.047,7.5003803106831182
126.048,7.5029015977472575
126.04900000000001,7.5054197919073573
126.05,7.5079348815162597
126.051,7.510446854906867
126.05199999999999,7.5129557003922631
126.053,7.5154614062658034
126.054,7.5179639608012074
126.05500000000001,7.5204633522526887
126.056,7.5229595688550255
126.057,7.5254525988236995
126.05799999999999,7.5279424303549511
126.059,7.5304290516259229
126.06,7.5329124507947558
126.06100000000001,7.5353926160006637
126.062,7.537869535364079
126.063,7.5403431969867238
126.06399999999999,7.5428135889517236
126.065,7.5452806993237207
126.066,7.5477445161489616
126.06700000000001,7.5502050274554122
126.068,7.5526622212528558
126.069,7.5551160855330117
126.06999999999999,7.5575666082696102
126.071,7.5600137774185292
126.072,7.5624575809178847
126.07300000000001,7.5648980066881393
126.074,7.5673350426321875
126.075,7.5697686766354959
126.07599999999999,7.5721988965661886
126.077,7.5746256902751394
126.078,7.5770490455961141
126.07900000000001,7.5794689503458486
126.08,7.5818853923241445
126.081,7.5842983593140136
126.08199999999999,7.5867078390817575
126.083,7.5891138193770651
126.084,7.5915162879331515
126.08500000000001,7.5939152324668342
126.086,7.5963106406786522
126.087,7.5987025002529762
126.08799999999999,7.601090798858106
126.089,7.6034755241463934
126.09,7.6058566637543183
126.09099999999999,7.6082342053026384
126.092,7.6106081363964631
126.093,7.6129784446253694
126.09399999999999,7.6153451175635194
126.095,7.6177081427697679
126.096,7.6200675077877413
126.09699999999999,7.62242320014599
126.098,7.6247752073580646
126.099,7.6271235169226284
126.09999999999999,7.6294681163235794
126.101,7.6318089930301554
126.102,7.6341461344970156
126.10299999999999,7.6364795281643936
126.104,7.6388091614581732
126.105,7.64113502179001
126.10599999999999,7.6434570965574284
126.107,7.6457753731439517
126.108,7.648089838919196
126.10899999999999,7.6504004812389752
126.11,7.6527072874454269
126.111,7.6550102448671087
126.11199999999999,7.6573093408191024
126.113,7.6596045626031497
126.114,7.6618958975077351
126.11499999999999,7.6641833328081947
126.116,7.6664668557668545
126.117,7.6687464536331138
126.11799999999999,7.6710221136435575
126.119,7.67329382302208
126.12,7.6755615689799814
126.121,7.677825338716092
126.122,7.6800851194168622
126.123,7.6823408982564896
126.124,7.6845926623970282
126.125,7.6868403989884868
126.126,7.689084095168953
126.127,7.6913237380647015
126.128,7.6935593147902921
126.129,7.6957908124486956
126.13,7.6980182181314056
126.131,7.7002415189185243
126.13200000000001,7.7024607018789126
126.133,7.7046757540702711
126.134,7.7068866625392616
126.13500000000001,7.7090934143216074
126.136,7.7112959964422334
126.137,7.7134943959153475
126.13800000000001,7.7156885997445599
126.139,7.7178785949229987
126.14,7.7200643684334302
126.14100000000001,7.7222459072483414
126.142,7.7244231983300828
126.143,7.7265962286309726
126.14400000000001,7.7287649850933846
126.145,7.7309294546498961
126.146,7.7330896242233749
126.14700000000001,7.7352454807270909
126.148,7.7373970110648465
126.149,7.7395442021310732
126.15000000000001,7.7416870408109482
126.151,7.7438255139805019
126.152,7.7459596085067357
126.15300000000001,7.7480893112477354
126.154,7.7502146090527706
126.155,7.7523354887624283
126.15600000000001,7.7544519372087066
126.157,7.7565639412151288
126.158,7.7586714875968639
126.15900000000001,7.7607745631608456
126.16,7.7628731547058507
126.161,7.7649672490226571
126.16200000000001,7.7670568328941254
126.163,7.7691418930953144
126.164,7.7712224163936039
126.16499999999999,7.7732983895488079
126.166,7.7753697993132747
126.167,7.7774366324320034
126.16800000000001,7.7794988756427639
126.169,7.7815565156762094
126.17,7.7836095392559734
126.17099999999999,7.7856579330988041
126.172,7.7877016839146602
126.173,7.7897407784068289
126.17400000000001,7.791775203272044
126.175,7.7938049452005949
126.176,7.7958299908764275
126.17699999999999,7.7978503269772848
126.178,7.7998659401747918
126.179,7.8018768171345769
126.18000000000001,7.8038829445163991
126.181,7.8058843089742389
126.182,7.8078808971564264
126.18299999999999,7.8098726957057441
126.184,7.8118596912595457
126.185,7.8138418704498793
126.18600000000001,7.8158192199035685
126.187,7.8177917262423602
126.188,7.8197593760830273
126.18899999999999,7.8217221560374526
126.19,7.8236800527127972
126.191,7.8256330527115665
126.19200000000001,7.8275811426317361
126.193,7.8295243090668745
126.194,7.8314625386062513
126.19499999999999,7.8333958178349441
126.196,7.8353241333339518
126.197,7.8372474716803211
126.19800000000001,7.8391658194472491
126.199,7.8410791632041814
126.2,7.8429874895169593
126.20099999999999,7.8448907849479053
126.202,7.8467890360559451
126.203,7.8486822293967151
126.20400000000001,7.8505703515226966
126.205,7.8524533889832888
126.206,7.8543313283249638
126.20699999999999,7.8562041560913585
126.208,7.8580718588233793
126.209,7.8599344230593378
126.21000000000001,7.8617918353350458
126.211,7.8636440821839297
126.212,7.8654911501371547
126.21299999999999,7.8673330257237275
126.214,7.8691696954706156
126.215,7.8710011459028468
126.21599999999999,7.8728273635436459
126.217,7.8746483349145198
126.218,7.8764640465353875
126.21899999999999,7.8782744849246917
126.22,7.8800796365995129
126.221,7.8818794880756649
126.22199999999999,7.8836740258678315
126.223,7.885463236489672
126.224,7.8872471064539109
126.22499999999999,7.8890256222724897
126.226,7.890798770456648
126.227,7.8925665375170535
126.22799999999999,7.8943289099639031
126.229,7.8960858743070457
126.23,7.8978374170560919
126.23099999999999,7.8995835247205104
126.232,7.9013241838097681
126.233,7.9030593808334295
126.23399999999999,7.9047891023012564
126.235,7.9065133347233392
126.236,7.9082320646102104
126.23699999999999,7.9099452784729305
126.238,7.9116529628232293
126.239,7.9133551041736112
126.23999999999999,7.9150516890374529
126.241,7.9167427039291329
126.242,7.9184281353641364
126.24299999999999,7.9201079698591581
126.244,7.9217821939322395
126.245,7.92345079410285
126.246,7.9251137568920278
126.247,7.9267710688224646
126.248,7.9284227164186412
126.249,7.9300686862069245
126.25,7.9317089647156802
126.251,7.9333435384753965
126.252,7.9349723940187804
126.253,7.9365955178808782
126.254,7.9382128965991861
126.255,7.9398245167137649
126.256,7.9414303647673332
126.25700000000001,7.9430304273054126
126.258,7.9446246908764078
126.259,7.9462131420317323
126.26000000000001,7.9477957673259159
126.261,7.9493725533167208
126.262,7.9509434865652491
126.26300000000001,7.9525085536360525
126.264,7.9540677410972442
126.265,7.9556210355206165
126.26600000000001,7.9571684234817397
126.267,7.9587098915600851
126.268,7.9602454263391333
126.26900000000001,7.9617750144064665
126.27,7.9632986423539158
126.271,7.964816296777645
126.27200000000001,7.9663279642782587
126.273,7.9678336314609322
126.274,7.9693332849355034
126.27500000000001,7.9708269113166104
126.276,7.9723144972237527
126.277,7.9737960292814627
126.27800000000001,7.9752714941193688
126.279,7.976740878372329
126.28,7.9782041686805254
126.28100000000001,7.979661351689602
126.282,7.9811124140507363
126.283,7.982557342420785
126.28400000000001,7.983996123462374
126.285,7.9854287438440039
126.286,7.9868551902401865
126.28700000000001,7.9882754493315247
126.288,7.9896895078048349
126.289,7.9910973523532611
126.28999999999999,7.9924989696763777
126.291,7.9938943464803085
126.292,7.9952834694778101
126.29300000000001,7.9966663253884214
126.294,7.9980429009385379
126.295,7.9994131828615398
126.29599999999999,8.0007771578978968
126.297,8.0021348127952709
126.298,8.0034861343086394
126.29900000000001,8.0048311092003885
126.3,8.0061697242404364
126.301,8.0075019662063252
126.30199999999999,8.0088278218833491
126.303,8.010147278064645
126.304,8.0114603215513167
126.30500000000001,8.0127669391525345
126.306,8.0140671176856397
126.307,8.0153608439762731
126.30799999999999,8.016648104858449
126.309,8.0179288871746976
126.31,8.0192031777761574
126.31100000000001,8.0204709635226799
126.312,8.0217322312829467
126.313,8.0229869679345729
126.31399999999999,8.0242351603642135
126.315,8.0254767954676698
126.316,8.0267118601500105
126.31700000000001,8.0279403413256567
126.318,8.0291622259185136
126.319,8.030377500862059
126.31999999999999,8.0315861530994574
126.321,8.032788169583668
126.322,8.0339835372775532
126.32300000000001,8.0351722431539887
126.324,8.0363542741959559
126.325,8.0375296173966628
126.32599999999999,8.0386982597596539
126.327,8.0398601882988974
126.328,8.0410153900389094
126.32900000000001,8.0421638520148626
126.33,8.0433055612726747
126.331,8.044440504869133
126.33199999999999,8.0455686698719848
126.333,8.0466900433600657
126.334,8.0478046124233789
126.33500000000001,8.0489123641632254
126.336,8.0500132856922892
126.337,8.0511073641347597
126.33799999999999,8.0521945866264293
126.339,8.0532749403148003
126.34,8.0543484123591877
126.34099999999999,8.0554149899308332
126.342,8.0564746602130075
126.343,8.0575274104011001
126.34399999999999,8.0585732277027535
126.345,8.0596120993379401
126.346,8.0606440125390861
126.34699999999999,8.0616689545511697
126.348,8.0626869126318255
126.349,8.063697874051444
126.34999999999999,8.0647018260932892
126.351,8.0656987560536013
126.352,8.0666886512416767
126.35299999999999,8.0676714989800136
126.354,8.0686472866043761
126.355,8.0696160014639275
126.35599999999999,8.0705776309213189
126.357,8.0715321623527956
126.358,8.0724795831483078
126.35899999999999,8.073419880711608
126.36,8.0743530424603485
126.361,8.0752790558261989
126.36199999999999,8.0761979082549455
126.363,8.0771095872065803
126.364,8.0780140801554303
126.36499999999999,8.0789113745902377
126.366,8.0798014580142699
126.367,8.080684317945428
126.36799999999999,8.0815599419163462
126.369,8.0824283174744842
126.37,8.0832894321822533
126.371,8.0841432736170962
126.372,8.0849898293715956
126.373,8.0858290870535825
126.374,8.0866610342862426
126.375,8.0874856587081894
126.376,8.0883029479736077
126.377,8.0891128897523252
126.378,8.089915471729924
126.379,8.0907106816078418
126.38,8.0914985071034753
126.381,8.0922789359502776
126.38200000000001,8.0930519558978613
126.383,8.0938175547121087
126.384,8.0945757201752464
126.38500000000001,8.0953264400859766
126.386,8.096069702259566
126.387,8.0968054945279349
126.38800000000001,8.0975338047397809
126.389,8.0982546207606525
126.39,8.0989679304730853
126.39100000000001,8.0996737217766519
126.392,8.1003719825881184
126.393,8.1010627008414975
126.39400000000001,8.1017458644881746
126.395,8.1024214614970056
126.396,8.1030894798544022
126.39700000000001,8.1037499075644455
126.398,8.1044027326489783
126.399,8.1050479431477118
126.40000000000001,8.1056855271183075
126.401,8.1063154726365063
126.402,8.1069377677961914
126.40300000000001,8.1075524007095208
126.404,8.1081593595069936
126.405,8.1087586323375813
126.40600000000001,8.1093502073688022
126.407,8.1099340727868245
126.408,8.1105102167965715
126.40900000000001,8.1110786276218221
126.41,8.1116392935052879
126.411,8.1121922027087336
126.41200000000001,8.1127373435130732
126.413,8.1132747042184441
126.414,8.1138042731443409
126.41499999999999,8.1143260386296738
126.416,8.1148399890329017
126.417,8.1153461127320998
126.41800000000001,8.115844398125077
126.419,8.1163348336294661
126.42,8.1168174076828095
126.42099999999999,8.1172921087426744
126.422,8.1177589252867417
126.423,8.1182178458128913
126.42400000000001,8.1186688588393157
126.425,8.1191119529046158
126.426,8.1195471165678672
126.42699999999999,8.1199743384087562
126.428,8.1203936070276512
126.429,8.1208049110457061
126.43000000000001,8.1212082391049503
126.431,8.1216035798683919
126.432,8.1219909220201068
126.43299999999999,8.1223702542653289
126.434,8.1227415653305641
126.435,8.1231048439636595
126.43600000000001,8.1234600789339186
126.437,8.1238072590321835
126.438,8.1241463730709373
126.43899999999999,8.1244774098843919
126.44,8.1248003583285797
126.441,8.1251152072814641
126.44200000000001,8.1254219456430086
126.443,8.1257205623352924
126.444,8.1260110463025921
126.44499999999999,8.1262933865114739
126.446,8.126567571950897
126.447,8.1268335916322965
126.44800000000001,8.1270914345896799
126.449,8.1273410898797209
126.45,8.1275825465818556
126.45099999999999,8.1278157937983551
126.452,8.1280408206544532
126.453,8.1282576162984128
126.45400000000001,8.1284661699016159
126.455,8.1286664706586702
126.456,8.1288585077874895
126.45699999999999,8.1290422705294034
126.458,8.1292177481492178
126.459,8.1293849299353393
126.46000000000001,8.1295438051998392
126.461,8.129694363278567
126.462,8.1298365935312216
126.46299999999999,8.1299704853414578
126.464,8.1300960281169719
126.465,8.1302132112895862
126.46599999999999,8.1303220243153476
126.467,8.1304224566746104
126.468,8.1305144978721344
126.46899999999999,8.1305981374371701
126.47,8.1306733649235472
126.471,8.1307401699097674
126.47199999999999,8.1307985419990985
126.473,8.1308484708196485
126.474,8.1308899460244675
126.47499999999999,8.1309229572916379
126.476,8.1309474943243529
126.477,8.1309635468510137
126.47799999999999,8.130971104625317
126.479,8.1309701574263435
126.48,8.1309606950586417
126.48099999999999,8.1309427073523182
126.482,8.1309161841631283
126.483,8.1308811153725689
126.48399999999999,8.1308374908879504
126.485,8.1307853006424917
126.486,8.1307245345954229
126.48699999999999,8.1306551827320437
126.488,8.1305772350638357
126.489,8.1304906816285385
126.48999999999999,8.1303955124902298
126.491,8.1302917177394303
126.492,8.1301792874931706
126.49299999999999,8.1300582118950917
126.494,8.1299284811155275
126.495,8.1297900853515781
126.496,8.1296430148272254
126.497,8.129487259793386
126.498,8.1293228105280093
126.499,8.1291496573361748
126.5,8.1289677905501652
126.501,8.1287772005295444
126.502,8.1285778776612627
126.503,8.1283698123597219
126.504,8.1281529950668698
126.505,8.1279274162522892
126.506,8.1276930664132703
126.50700000000001,8.127449936074898
126.508,8.127198015790146
126.509,8.1269372961399515
126.51000000000001,8.1266677677332915
126.511,8.1263894212072856
126.512,8.1261022472272657
126.51300000000001,8.1258062364868628
126.514,8.1255013797080871
126.515,8.1251876676414128
126.51600000000001,8.1248650910658675
126.517,8.1245336407891049
126.518,8.1241933076474844
126.51900000000001,8.1238440825061691
126.52,8.1234859562591986
126.521,8.1231189198295599
126.52200000000001,8.1227429641692908
126.523,8.1223580802595432
126.524,8.1219642591106798
126.52500000000001,8.1215614917623373
126.526,8.1211497692835248
126.527,8.1207290827726961
126.52800000000001,8.1202994233578263
126.529,8.1198607821965041
126.53,8.119413150476003
126.53100000000001,8.1189565194133593
126.532,8.1184908802554681
126.533,8.11801622427914
126.53400000000001,8.1175325427912011
126.535,8.1170398271285631
126.536,8.1165380686582971
126.53700000000001,8.1160272587777271
126.538,8.1155073889145015
126.539,8.1149784505266638
126.53999999999999,8.1144404351027504
126.541,8.113893334161844
126.542,8.1133371392536802
126.54300000000001,8.112771841958704
126.544,8.112197433888154
126.545,8.1116139066841466
126.54599999999999,8.1110212520197447
126.547,8.1104194615990384
126.548,8.1098085271572291
126.54900000000001,8.1091884404606915
126.55,8.1085591933070607
126.551,8.107920777525317
126.55199999999999,8.1072731849758455
126.553,8.1066164075505167
126.554,8.1059504371727762
126.55500000000001,8.1052752657977027
126.556,8.1045908854120956
126.557,8.1038972880345455
126.55799999999999,8.1031944657155179
126.559,8.1024824105374087
126.56,8.1017611146146447
126.56100000000001,8.1010305700937462
126.562,8.1002907691533927
126.563,8.099541704004519
126.56399999999999,8.0987833668903715
126.565,8.0980157500865868
126.566,8.0972388459012752
126.56700000000001,8.0964526466750808
126.568,8.0956571447812635
126.569,8.0948523326257735
126.56999999999999,8.0940382026473223
126.571,8.0932147473174538
126.572,8.092381959140619
126.57300000000001,8.0915398306542414
126.574,8.0906883544288206
126.575,8.0898275230679548
126.57599999999999,8.0889573292084602
126.577,8.0880777655204099
126.578,8.0871888247072281
126.57900000000001,8.0862904995057452
126.58,8.0853827826862776
126.581,8.084465667052708
126.58199999999999,8.0835391454425345
126.583,8.0826032107269654
126.584,8.0816578558109651
126.58500000000001,8.0807030736333498
126.586,8.0797388571668414
126.587,8.0787651994181484
126.58799999999999,8.0777820934280236
126.589,8.0767895322713432
126.59,8.0757875090571751
126.59099999999999,8.0747760169288512
126.592,8.073755049064026
126.593,8.0727245986747569
126.59399999999999,8.0716846590075733
126.595,8.0706352233435297
126.596,8.0695762849983037
126.59699999999999,8.0685078373222279
126.598,8.0674298737003856
126.599,8.066342387552675
126.59999999999999,8.0652453723338642
126.601,8.0641388215336693
126.602,8.0630227286768186
126.60299999999999,8.0618970873231266
126.604,8.060761891067548
126.605,8.0596171335402484
126.60599999999999,8.0584628084066878
126.607,8.0572989093676615
126.608,8.0561254301593834
126.60899999999999,8.054942364553547
126.61,8.053749706357392
126.611,8.0525474494137654
126.61199999999999,8.0513355876012014
126.613,8.0501141148339617
126.614,8.0488830250621248
126.61499999999999,8.0476423122716447
126.616,8.0463919704844091
126.617,8.0451319937582966
126.61799999999999,8.0438623761872723
126.619,8.0425831119014148
126.62,8.0412941950670049
126.621,8.0399956198865805
126.622,8.0386873805990007
126.623,8.0373694714795079
126.624,8.0360418868397918
126.625,8.0347046210280606
126.626,8.0333576684290868
126.627,8.0320010234642858
126.628,8.0306346805917688
126.629,8.029258634306407
126.63,8.027872879139899
126.631,8.0264774096608242
126.63200000000001,8.0250722204747102
126.633,8.023657306224095
126.634,8.0222326615885784
126.63500000000001,8.020798281284895
126.636,8.0193541600669711
126.637,8.0179002927259795
126.63800000000001,8.0164366740904107
126.639,8.0149632990261228
126.64,8.0134801624364034
126.64100000000001,8.0119872592620442
126.642,8.0104845844813681
126.643,8.008972133110321
126.64400000000001,8.0074499002025252
126.645,8.0059178808493119
126.646,8.0043760701798146
126.64700000000001,8.0028244633610068
126.648,8.0012630555977697
126.649,7.999691842132945
126.65000000000001,7.9981108182473921
126.651,7.9965199792600465
126.652,7.9949193205279894
126.65300000000001,7.9933088374464809
126.654,7.991688525449046
126.655,7.9900583800075022
126.65600000000001,7.9884183966320332
126.657,7.9867685708712521
126.658,7.9851088983122374
126.65900000000001,7.9834393745806
126.66,7.9817599953405463
126.661,7.9800707562949231
126.66200000000001,7.9783716531852651
126.663,7.9766626817918844
126.664,7.9749438379338713
126.66499999999999,7.9732151174692092
126.666,7.9714765162947785
126.667,7.9697280303464471
126.66800000000001,7.9679696555991004
126.669,7.9662013880667057
126.67,7.9644232238023704
126.67099999999999,7.9626351588983866
126.672,7.9608371894862771
126.673,7.9590293117368844
126.67400000000001,7.957211521860371
126.675,7.9553838161063073
126.676,7.9535461907637348
126.67699999999999,7.9516986421611691
126.678,7.9498411666667028
126.679,7.947973760688031
126.68000000000001,7.9460964206725073
126.681,7.9442091431071979
126.682,7.9423119245189273
126.68299999999999,7.940404761474344
126.684,7.938487650579944
126.685,7.9365605884821502
126.68600000000001,7.9346235718673483
126.687,7.9326765974619313
126.688,7.9307196620323648
126.68899999999999,7.9287527623852281
126.69,7.9267758953672569
126.691,7.9247890578654001
126.69200000000001,7.9227922468068765
126.693,7.9207854591592106
126.694,7.918768691930282
126.69499999999999,7.9167419421683825
126.696,7.9147052069622585
126.697,7.9126584834411506
126.69800000000001,7.9106017687748587
126.699,7.9085350601737812
126.7,7.9064583548889598
126.70099999999999,7.9043716502121182
126.702,7.9022749434757369
126.703,7.9001682320530726
126.70400000000001,7.898051513358201
126.705,7.8959247848461001
126.706,7.893788044012652
126.70699999999999,7.8916412883947142
126.708,7.8894845155701621
126.709,7.8873177231579241
126.71000000000001,7.8851409088180286
126.711,7.8829540702516727
126.712,7.8807572052012258
126.71299999999999,7.8785503114503044
126.714,7.8763333868238039
126.715,7.8741064291879521
126.71599999999999,7.8718694364503357
126.717,7.8696224065599552
126.718,7.8673653375072803
126.71899999999999,7.8650982273242622
126.72,7.8628210740843958
126.721,7.8605338759027727
126.72199999999999,7.8582366309360978
126.723,7.8559293373827366
126.724,7.8536119934827866
126.72499999999999,7.8512845975180792
126.726,7.8489471478122308
126.727,7.8465996427307179
126.72799999999999,7.8442420806808641
126.729,7.8418744601119226
126.73,7.8394967795150876
126.73099999999999,7.8371090374235681
126.732,7.8347112324125909
126.733,7.8323033630994612
126.73399999999999,7.829885428143605
126.735,7.827457426246589
126.736,7.825019356152179
126.73699999999999,7.8225712166463754
126.738,7.82011300655744
126.739,7.8176447247559384
126.73999999999999,7.8151663701547971
126.741,7.8126779417093104
126.742,7.8101794384171921
126.74299999999999,7.8076708593186321
126.744,7.8051522034962968
126.745,7.8026234700753889
126.746,7.8000846582236747
126.747,7.7975357671515422
126.748,7.7949767961119978
126.749,7.7924077444007374
126.75,7.7898286113561728
126.751,7.787239396359448
126.752,7.7846400988344975
126.753,7.7820307182480786
126.754,7.7794112541097942
126.755,7.7767817059721285
126.756,7.774142073430502
126.75700000000001,7.7714923561232734
126.758,7.7688325537318015
126.759,7.7661626659804526
126.76000000000001,7.7634826926366678
126.761,7.7607926335109614
126.762,7.7580924884569669
126.76300000000001,7.7553822573714832
126.764,7.7526619401944874
126.765,7.7499315369091661
126.76600000000001,7.7471910475419712
126.767,7.744440472162621
126.768,7.7416798108841522
126.76900000000001,7.7389090638629465
126.77,7.7361282312987516
126.771,7.7333373134347223
126.77200000000001,7.730536310557456
126.773,7.7277252229970035
126.774,7.7249040511269129
126.77500000000001,7.7220727953642498
126.776,7.7192314561696556
126.777,7.7163800340473276
126.77800000000001,7.7135185295450821
126.779,7.7106469432543854
126.78,7.7077652758103596
126.78100000000001,7.7048735278918201
126.782,7.7019717002213213
126.783,7.6990597935651568
126.78400000000001,7.6961378087333934
126.785,7.6932057465799222
126.786,7.6902636080024518
126.78700000000001,7.6873113939425437
126.788,7.684349105385671
126.789,7.6813767433611915
126.78999999999999,7.6783943089424103
126.791,7.6754018032465883
126.792,7.6723992274349939
126.79300000000001,7.6693865827128871
126.794,7.6663638703295707
126.795,7.6633310915784172
126.79599999999999,7.6602882477968812
126.797,7.6572353403665208
126.798,7.6541723707130451
126.79900000000001,7.6510993403063061
126.8,7.6480162506603406
126.801,7.6449231033333938
126.80199999999999,7.6418198999279348
126.803,7.6387066420906748
126.804,7.6355833315126187
126.80500000000001,7.6324499699290413
126.806,7.629306559119545
126.807,7.6261531009080592
126.80799999999999,7.6229895971628885
126.809,7.619816049796702
126.81,7.6166324607665725
126.81100000000001,7.6134388320740012
126.812,7.6102351657649159
126.813,7.6070214639297067
126.81399999999999,7.6037977287032632
126.815,7.6005639622649497
126.816,7.5973201668386583
126.81700000000001,7.5940663446928287
126.818,7.5908024981404463
126.819,7.5875286295390598
126.81999999999999,7.584244741290842
126.821,7.5809508358425539
126.822,7.5776469156855875
126.82300000000001,7.5743329833559727
126.824,7.5710090414344293
126.825,7.5676750925463292
126.82599999999999,7.5643311393617445
126.827,7.5609771845954796
126.828,7.5576132310070445
126.82900000000001,7.5542392814007009
126.83,7.55085533862548
126.831,7.5474614055751719
126.83199999999999,7.5440574851883628
126.833,7.5406435804484531
126.834,7.5372196943836514
126.83500000000001,7.5337858300669911
126.836,7.5303419906163835
126.837,7.5268881791945716
126.83799999999999,7.5234243990091834
126.839,7.5199506533127281
126.84,7.5164669454026303
126.84099999999999,7.5129732786212173
126.842,7.5094696563557317
126.843,7.5059560820383791
126.84399999999999,7.502432559146289
126.845,7.4988990912015616
126.846,7.4953556817712776
126.84699999999999,7.4918023344674882
126.848,7.488239052947236
126.849,7.4846658409125855
126.84999999999999,7.4810827021105997
126.851,7.4774896403333617
126.852,7.4738866594180102
126.85299999999999,7.4702737632467127
126.854,7.4666509557466849
126.855,7.4630182408902073
126.85599999999999,7.4593756226946439
126.857,7.4557231052224147
126.858,7.4520606925810373
126.85899999999999,7.4483883889231315
126.86,7.4447061984464025
126.861,7.4410141253936679
126.86199999999999,7.4373121740528738
126.863,7.4336003487570803
126.864,7.4298786538844599
126.86499999999999,7.4261470938583525
126.866,7.4224056731472121
126.867,7.4186543962646496
126.86799999999999,7.4148932677694308
126.869,7.4111222922654711
126.87,7.4073414744018535
126.871,7.4035508188728105
126.872,7.3997503304177741
126.873,7.3959400138213276
126.874,7.3921198739132326
126.875,7.3882899155684516
126.876,7.3844501437071095
126.877,7.3806005632945251
126.878,7.376741179341213
126.879,7.3728719969028784
126.88,7.3689930210804029
126.881,7.365104257019901
126.88200000000001,7.3612057099126478
126.883,7.3572973849951353
126.884,7.3533792875490409
126.88500000000001,7.3494514229012715
126.886,7.345513796423905
126.887,7.341566413534224
126.88800000000001,7.3376092796947283
126.889,7.3336424004131011
126.89,7.329665781242225
126.89100000000001,7.3256794277801962
126.892,7.3216833456702908
126.893,7.3176775406009824
126.89400000000001,7.3136620183059566
126.895,7.3096367845640611
126.896,7.3056018451993481
126.89700000000001,7.3015572060810623
126.898,7.2975028731236176
126.899,7.2934388522866183
126.90000000000001,7.2893651495748255
126.901,7.285281771038207
126.902,7.2811887227718675
126.90300000000001,7.2770860109160811
126.904,7.2729736416563018
126.905,7.2688516212231189
126.90600000000001,7.2647199558922662
126.907,7.2605786519846394
126.908,7.2564277158662591
126.90900000000001,7.252267153948269
126.91,7.2480969726869713
126.911,7.2439171785837519
126.91200000000001,7.2397277781851113
126.913,7.2355287780826885
126.914,7.2313201849131765
126.91499999999999,7.2271020053583843
126.916,7.2228742461451834
126.917,7.2186369140455415
126.91800000000001,7.2143900158764716
126.919,7.2101335585000434
126.92,7.205867548823381
126.92099999999999,7.2015919937986439
126.922,7.1973069004230013
126.923,7.1930122757386687
126.92400000000001,7.1887081268328412
126.925,7.1843944608377157
126.926,7.1800712849304933
126.92699999999999,7.1757386063333204
126.928,7.1713964323133155
126.929,7.1670447701825619
126.93000000000001,7.1626836272980619
126.931,7.1583130110617468
126.932,7.1539329289204634
126.93299999999999,7.14954338836597
126.934,7.1451443969348958
126.935,7.1407359622087387
126.93600000000001,7.1363180918138855
126.937,7.1318907934215439
126.938,7.1274540747477442
126.93899999999999,7.1230079435533664
126.94,7.1185524076440654
126.941,7.1140874748702814
126.94200000000001,7.1096131531272526
126.943,7.1051294503549443
126.944,7.1006363745380572
126.94499999999999,7.0961339337060512
126.946,7.091622135933056
126.947,7.0871009893379018
126.94800000000001,7.082570502084085
126.949,7.0780306823797741
126.95,7.0734815384777594
126.95099999999999,7.0689230786754376
126.952,7.0643553113148378
126.953,7.059778244782537
126.95400000000001,7.0551918875096895
126.955,7.0505962479719972
126.956,7.0459913346896741
126.95699999999999,7.0413771562274317
126.958,7.0367537211944917
126.959,7.032121038244517
126.96000000000001,7.0274791160755967
126.961,7.0228279634302826
126.962,7.018167589095496
126.96299999999999,7.0134980019025388
126.964,7.008819210727065
126.965,7.0041312244890843
126.96599999999999,6.9994340521528979
126.967,6.99472770272709
126.968,6.9900121852645345
126.96899999999999,6.9852875088623261
126.97,6.9805536826617747
126.971,6.9758107158484108
126.97199999999999,6.971058617651904
126.973,6.9662973973460769
126.974,6.961527064248898
126.97499999999999,6.956747627722395
126.976,6.9519590971726775
126.977,6.9471614820499177
126.97799999999999,6.9423547918482793
126.979,6.9375390361059335
126.98,6.932714224405002
126.98099999999999,6.9278803663715696
126.982,6.9230374716756096
126.983,6.9181855500309766
126.98399999999999,6.9133246111954083
126.985,6.9084546649704421
126.986,6.9035757212014168
126.98699999999999,6.8986877897774637
126.988,6.8937908806314336
126.989,6.8888850037398868
126.98999999999999,6.8839701691230939
126.991,6.8790463868449514
126.992,6.8741136670129759
126.99299999999999,6.8691720197783095
126.994,6.8642214553356204
126.995,6.8592619839231208
126.996,6.8542936158225114
126.997,6.8493163613589871
126.998,6.8443302309011571
126.999,6.8393352348610215
127,6.8343313836939874
127.001,6.8293186878987697
127.002,6.8242971580173872
127.003,6.819266804635161
127.004,6.8142276383806184
127.005,6.8091796699254896
127.006,6.8041229099847005
127.00700000000001,6.7990573693162943
127.008,6.7939830587214072
127.009,6.7888999890442427
127.01000000000001,6.7838081711720548
127.011,6.778707616035069
127.012,6.7735983346064579
127.01300000000001,6.7684803379023517
127.014,6.7633536369817335
127.015,6.7582182429464339
127.01600000000001,6.7530741669411167
127.017,6.7479214201531956
127.018,6.7427600138128199
127.01900000000001,6.7375899591928583
127.02,6.7324112676088088
127.021,6.7272239504187894
127.02200000000001,6.7220280190235275
127.023,6.7168234848662625
127.024,6.7116103594327434
127.02500000000001,6.706388654251171
127.026,6.701158380892192
127.027,6.6959195509688083
127.02800000000001,6.6906721761363634
127.029,6.6854162680925135
127.03,6.6801518385771637
127.03100000000001,6.6748788993724197
127.032,6.6695974623025904
127.033,6.6643075392340876
127.03400000000001,6.6590091420754174
127.035,6.6537022827771448
127.036,6.6483869733318244
127.03700000000001,6.6430632257739557
127.038,6.637731052179987
127.039,6.6323904646682106
127.03999999999999,6.6270414753987499
127.041,6.6216840965734978
127.042,6.6163183404361199
127.04300000000001,6.6109442192719374
127.044,6.6055617454079147
127.045,6.6001709312126504
127.04599999999999,6.5947717890962654
127.047,6.5893643315103816
127.048,6.5839485709481185
127.04900000000001,6.5785245199439757
127.05,6.5730921910738136
127.051,6.5676515969548408
127.05199999999999,6.5622027502455111
127.053,6.556745663645497
127.054,6.55128034989567
127.05500000000001,6.5458068217780028
127.056,6.5403250921155411
127.057,6.5348351737723576
127.05799999999999,6.5293370796535228
127.059,6.5238308227050048
127.06,6.5183164159136506
127.06100000000001,6.5127938723071548
127.062,6.507263204953956
127.063,6.501724426963218
127.06399999999999,6.4961775514848075
127.065,6.4906225917091689
127.066,6.4850595608673274
127.06700000000001,6.479488472230841
127.068,6.4739093391117049
127.069,6.4683221748623208
127.06999999999999,6.4627269928754725
127.071,6.4571238065842227
127.072,6.451512629461881
127.07300000000001,6.4458934750219488
127.074,6.4402663568180927
127.075,6.4346312884440344
127.07599999999999,6.428988283533517
127.077,6.4233373557603013
127.078,6.4176785188380254
127.07900000000001,6.4120117865201891
127.08,6.4063371726001286
127.081,6.4006546909109012
127.08199999999999,6.3949643553252571
127.083,6.3892661797556052
127.084,6.3835601781539051
127.08500000000001,6.3778463645116368
127.086,6.3721247528597722
127.087,6.3663953572686509
127.08799999999999,6.360658191847973
127.089,6.3549132707467102
127.09,6.3491606081530936
127.09099999999999,6.3434002182944891
127.092,6.3376321154373656
127.093,6.331856313887279
127.09399999999999,6.3260728279887282
127.095,6.320281672125148
127.096,6.314482860718865
127.09699999999999,6.3086764082309781
127.098,6.3028623291613251
127.099,6.2970406380484611
127.09999999999999,6.2912113494695223
127.101,6.2853744780401968
127.102,6.2795300384147126
127.10299999999999,6.273678045285676
127.104,6.267818513384082
127.105,6.2619514574792117
127.10599999999999,6.256076892378621
127.107,6.2501948329280044
127.108,6.2443052940111663
127.10899999999999,6.2384082905499909
127.11,6.2325038375043107
127.111,6.2265919498718674
127.11199999999999,6.2206726426882888
127.113,6.2147459310269504
127.114,6.208811829998945
127.11499999999999,6.2028703547530508
127.116,6.1969215204755912
127.117,6.1909653423904096
127.11799999999999,6.1850018357588326
127.119,6.179031015879529
127.12,6.173052898088498
127.121,6.1670674977589677
127.122,6.1610748303013754
127.123,6.1550749111632381
127.124,6.1490677558291029
127.125,6.1430533798205271
127.126,6.1370317986959257
127.127,6.1310030280505536
127.128,6.1249670835164451
127.129,6.1189239807622968
127.13,6.1128737354934213
127.131,6.1068163634517116
127.13200000000001,6.1007518804154977
127.133,6.0946803021995279
127.134,6.0886016446548705
127.13500000000001,6.0825159236688844
127.136,6.0764231551650791
127.137,6.0703233551030831
127.13800000000001,6.0642165394785899
127.139,6.0581027243232359
127.14,6.0519819257045384
127.14100000000001,6.0458541597258826
127.142,6.0397194425263496
127.143,6.0335777902806988
127.14400000000001,6.027429219199318
127.145,6.0212737455280774
127.146,6.0151113855482965
127.14700000000001,6.0089421555766958
127.148,6.0027660719652509
127.149,5.9965831511011718
127.15000000000001,5.9903934094067939
127.151,5.9841968633395464
127.152,5.9779935293918225
127.15300000000001,5.9717834240909067
127.154,5.9655665639989639
127.155,5.9593429657128674
127.15600000000001,5.9531126458641754
127.157,5.9468756211190676
127.158,5.9406319081782097
127.15900000000001,5.9343815237767092
127.16,5.9281244846840657
127.161,5.9218608077040198
127.16200000000001,5.9155905096745158
127.163,5.909313607467654
127.164,5.9030301179895304
127.16499999999999,5.896740058180221
127.166,5.8904434450136645
127.167,5.884140295497625
127.16800000000001,5.8778306266735481
127.169,5.8715144556165217
127.17,5.8651917994352036
127.17099999999999,5.8588626752717001
127.172,5.8525271003014847
127.173,5.8461850917333908
127.17400000000001,5.8398366668094166
127.175,5.8334818428047051
127.176,5.827120637027484
127.17699999999999,5.8207530668189165
127.178,5.8143791495530497
127.179,5.8079989026367578
127.18000000000001,5.8016123435096034
127.181,5.7952194896437863
127.182,5.7888203585440348
127.18299999999999,5.7824149677475791
127.184,5.7760033348239741
127.185,5.7695854773750757
127.18600000000001,5.7631614130349593
127.187,5.7567311594697905
127.188,5.7502947343777535
127.18899999999999,5.7438521554890105
127.19,5.7374034405655348
127.191,5.730948607401066
127.19200000000001,5.7244876738210539
127.193,5.7180206576825032
127.194,5.7115475768739135
127.19499999999999,5.7050684493152222
127.196,5.6985832929576627
127.197,5.6920921257837094
127.19800000000001,5.6855949658069616
127.199,5.6790918310721068
127.2,5.672582739654759
127.20099999999999,5.6660677096614069
127.202,5.6595467592293449
127.203,5.6530199065265307
127.20400000000001,5.6464871697515164
127.205,5.6399485671333895
127.206,5.6334041169316311
127.20699999999999,5.6268538374360286
127.208,5.6202977469666493
127.209,5.6137358638736536
127.21000000000001,5.6071682065372528
127.211,5.6005947933676392
127.212,5.5940156428048322
127.21299999999999,5.5874307733186281
127.214,5.5808402034084867
127.215,5.5742439516034707
127.21599999999999,5.567642036462102
127.217,5.5610344765722814
127.218,5.5544212905512396
127.21899999999999,5.5478024970453781
127.22,5.5411781147301973
127.221,5.5345481623102373
127.22199999999999,5.5279126585189164
127.223,5.5212716221184674
127.224,5.5146250718998875
127.22499999999999,5.5079730266827429
127.226,5.5013155053151461
127.227,5.4946525266736579
127.22799999999999,5.4879841096631434
127.229,5.4813102732167103
127.23,5.4746310362955892
127.23099999999999,5.4679464178890917
127.232,5.4612564370144252
127.233,5.4545611127166396
127.23399999999999,5.4478604640685671
127.235,5.4411545101706409
127.236,5.4344432701508438
127.23699999999999,5.4277267631646353
127.238,5.4210050083947863
127.239,5.4142780250513081
127.23999999999999,5.4075458323713974
127.241,5.4008084496192517
127.242,5.3940658960860191
127.24299999999999,5.3873181910897241
127.244,5.3805653539750828
127.245,5.3738074041134851
127.246,5.3670443609028293
127.247,5.3602762437674922
127.248,5.3535030721581442
127.249,5.346724865551689
127.25,5.3399416434511942
127.251,5.3331534253857136
127.252,5.3263602309102325
127.253,5.3195620796055749
127.254,5.3127589910782582
127.255,5.3059509849604112
127.256,5.2991380809096924
127.25700000000001,5.2923202986091376
127.258,5.2854976577670953
127.259,5.2786701781170855
127.26000000000001,5.2718378794177649
127.261,5.2650007814527271
127.262,5.2581589040304468
127.26300000000001,5.2513122669842094
127.264,5.2444608901719292
127.265,5.2376047934760823
127.26600000000001,5.2307439968036284
127.267,5.2238785200858473
127.268,5.2170083832782517
127.26900000000001,5.2101336063605306
127.27,5.2032542093363539
127.271,5.1963702122333171
127.27200000000001,5.1894816351028599
127.273,5.1825884980200954
127.274,5.1756908210837356
127.27500000000001,5.1687886244159618
127.276,5.1618819281623889
127.277,5.1549707524918436
127.27800000000001,5.1480551175963267
127.279,5.141135043690916
127.28,5.1342105510136022
127.28100000000001,5.127281659825206
127.282,5.120348390409303
127.283,5.1134107630720464
127.28400000000001,5.1064687981420924
127.285,5.0995225159705182
127.286,5.0925719369306517
127.28700000000001,5.0856170814179844
127.288,5.0786579698501093
127.289,5.07169462266652
127.28999999999999,5.064727060328563
127.291,5.0577553033192988
127.292,5.0507793721434258
127.29300000000001,5.0437992873271149
127.294,5.0368150694179175
127.295,5.0298267389846991
127.29599999999999,5.0228343166174518
127.297,5.0158378229272031
127.298,5.0088372785459629
127.29900000000001,5.001832704126528
127.3,4.9948241203423986
127.301,4.9878115478877021
127.30199999999999,4.9807950074770169
127.303,4.9737745198452785
127.304,4.9667501057477157
127.30500000000001,4.9597217859596565
127.306,4.9526895812764682
127.307,4.9456535125133971
127.30799999999999,4.9386136005055352
127.309,4.9315698661076031
127.31,4.9245223301938843
127.31100000000001,4.9174710136581457
127.312,4.9104159374134451
127.313,4.9033571223920518
127.31399999999999,4.89629458954537
127.315,4.8892283598437452
127.316,4.8821584542763823
127.31700000000001,4.8750848938512767
127.318,4.8680076995950081
127.319,4.8609268925526763
127.31999999999999,4.8538424937878002
127.321,4.8467545243821455
127.322,4.83966300543565
127.32300000000001,4.8325679580662744
127.324,4.8254694034099401
127.325,4.8183673626203376
127.32599999999999,4.8112618568688408
127.327,4.804152907344422
127.328,4.7970405352534726
127.32900000000001,4.7899247618197052
127.33,4.7828056082840806
127.331,4.775683095904613
127.33199999999999,4.7685572459562842
127.333,4.7614280797309672
127.334,4.7542956185372169
127.33500000000001,4.7471598837002098
127.336,4.7400208965616422
127.337,4.7328786784795458
127.33799999999999,4.7257332508282079
127.339,4.7185846349980345
127.34,4.7114328523954736
127.34099999999999,4.7042779244428186
127.342,4.6971198725781313
127.343,4.689958718255145
127.34399999999999,4.6827944829430859
127.345,4.675627188126569
127.346,4.6684568553055303
127.34699999999999,4.661283505995014
127.348,4.6541071617251077
127.349,4.646927844040837
127.34999999999999,4.6397455745019762
127.351,4.6325603746829689
127.352,4.6253722661728318
127.35299999999999,4.6181812705749632
127.354,4.6109874095070715
127.355,4.6037907046010176
127.35599999999999,4.5965911775027486
127.357,4.5893888498721029
127.358,4.5821837433827106
127.35899999999999,4.5749758797219204
127.36,4.5677652805905922
127.361,4.5605519677030113
127.36199999999999,4.5533359627868037
127.363,4.5461172875827369
127.364,4.5388959638446309
127.36499999999999,4.5316720133392714
127.366,4.5244454578462054
127.367,4.5172163191576615
127.36799999999999,4.5099846190784554
127.369,4.5027503794257946
127.37,4.4955136220291969
127.371,4.4882743687303446
127.372,4.4810326413830044
127.373,4.4737884618528287
127.374,4.4665418520172722
127.375,4.45929283376549
127.376,4.4520414289981449
127.377,4.4447876596273197
127.378,4.4375315475764268
127.379,4.4302731147799985
127.38,4.4230123831836075
127.381,4.4157493747437737
127.38200000000001,4.4084841114277591
127.383,4.4012166152134959
127.384,4.3939469080894273
127.38500000000001,4.3866750120544378
127.386,4.3794009491176435
127.387,4.3721247412983004
127.38800000000001,4.364846410625729
127.389,4.3575659791390873
127.39,4.3502834688872998
127.39100000000001,4.3429989019289561
127.392,4.3357123003321103
127.393,4.3284236861741956
127.39400000000001,4.3211330815419196
127.395,4.3138405085310776
127.396,4.3065459892464411
127.39700000000001,4.2992495458016826
127.398,4.2919512003191738
127.399,4.2846509749298818
127.40000000000001,4.2773488917732454
127.401,4.2700449729970753
127.402,4.2627392407573517
127.40300000000001,4.2554317172181424
127.404,4.2481224245515019
127.405,4.2408113849372686
127.40600000000001,4.2334986205629708
127.407,4.2261841536237341
127.408,4.2188680063220811
127.40900000000001,4.2115502008678316
127.41,4.2042307594780137
127.411,4.1969097043766546
127.41200000000001,4.1895870577946948
127.413,4.1822628419698891
127.414,4.1749370791465967
127.41499999999999,4.1676097915757069
127.416,4.1602810015144893
127.417,4.1529507312264933
127.41800000000001,4.1456190029813609
127.419,4.1382858390547224
127.42,4.1309512617281019
127.42099999999999,4.1236152932887222
127.422,4.1162779560293927
127.423,4.1089392722484384
127.42400000000001,4.1015992642494652
127.425,4.0942579543412894
127.426,4.0869153648378322
127.42699999999999,4.079571518057918
127.428,4.072226436325165
127.429,4.0648801419679135
127.43000000000001,4.0575326573190047
127.431,4.0501840047156978
127.432,4.0428342064995153
127.43299999999999,4.0354832850161646
127.434,4.0281312626153252
127.435,4.0207781616505489
127.43600000000001,4.013424004479182
127.437,4.0060688134621394
127.438,3.99871261096381
127.43899999999999,3.9913554193519833
127.44,3.9839972609976102
127.441,3.976638158274731
127.44200000000001,3.9692781335603695
127.443,3.961917209234326
127.444,3.9545554076790848
127.44499999999999,3.9471927512797111
127.446,3.9398292624236544
127.447,3.9324649635006526
127.44800000000001,3.9250998769025807
127.449,3.917734025023369
127.45,3.9103674302587881
127.45099999999999,3.9030001150063556
127.452,3.8956321016652411
127.453,3.8882634126360567
127.45400000000001,3.8808940703207635
127.455,3.8735240971225662
127.456,3.8661535154457174
127.45699999999999,3.8587823476954068
127.458,3.8514106162776787
127.459,3.8440383435992147
127.46000000000001,3.8366655520672341
127.461,3.8292922640894091
127.462,3.8219185020736419
127.46299999999999,3.8145442884279928
127.464,3.8071696455605122
127.465,3.7997945958791619
127.46599999999999,3.7924191617915972
127.467,3.7850433657050817
127.468,3.777667230026386
127.46899999999999,3.770290777161573
127.47,3.7629140295159056
127.471,3.7555370094937519
127.47199999999999,3.7481597394983743
127.473,3.7407822419318228
127.474,3.7334045391948556
127.47499999999999,3.7260266536867146
127.476,3.7186486078050387
127.477,3.7112704239457579
127.47799999999999,3.7038921245028869
127.479,3.6965137318684453
127.48,3.68913526843229
127.48099999999999,3.6817567565820375
127.482,3.6743782187028473
127.483,3.6669996771773303
127.48399999999999,3.6596211543854493
127.485,3.6522426727043102
127.486,3.6448642545080605
127.48699999999999,3.6374859221677984
127.488,3.6301076980513591
127.489,3.62272960452322
127.48999999999999,3.6153516639443968
127.491,3.6079738986722432
127.492,3.6005963310603475
127.49299999999999,3.5932189834584345
127.494,3.585841878212161
127.495,3.5784650376630252
127.496,3.5710884841482105
127.497,3.5637122400004979
127.498,3.5563363275480602
127.499,3.5489607691143572
127.5,3.5415855870180528
127.501,3.5342108035727851
127.502,3.5268364410870823
127.503,3.5194625218642677
127.504,3.5120890682022394
127.505,3.5047161023933784
127.506,3.4973436467244547
127.50700000000001,3.489971723476414
127.508,3.482600354924287
127.509,3.4752295633370403
127.51000000000001,3.4678593709774885
127.511,3.4604898001020783
127.512,3.4531208729607985
127.51300000000001,3.4457526117970798
127.514,3.4383850388475876
127.515,3.4310181763421168
127.51600000000001,3.4236520465035074
127.517,3.4162866715474225
127.518,3.4089220736822612
