timestamp,signal
119,6.2598935118035408
119.001,6.2606138293524793
119.002,6.2613322745108562
119.003,6.2620488499187177
119.004,6.2627635582284826
119.005,6.2634764021048523
119.006,6.2641873842247469
119.00700000000001,6.2648965072772169
119.008,6.2656037739633659
119.009,6.2663091869962759
119.01000000000001,6.26701274910093
119.011,6.2677144630141219
119.012,6.2684143314843848
119.01300000000001,6.2691123572719096
119.014,6.2698085431484563
119.015,6.2705028918972845
119.01600000000001,6.2711954063130531
119.017,6.2718860892017601
119.018,6.2725749433806346
119.01900000000001,6.2732619716780746
119.02,6.2739471769335449
119.021,6.2746305619975065
119.02200000000001,6.2753121297313159
119.023,6.2759918830071584
119.024,6.276669824707942
119.02500000000001,6.2773459577272233
119.026,6.2780202849691156
119.027,6.2786928093481986
119.02800000000001,6.2793635337894367
119.029,6.2800324612280827
119.03,6.2806995946095947
119.03100000000001,6.2813649368895419
119.032,6.282028491033512
119.033,6.2826902600170307
119.03400000000001,6.2833502468254601
119.035,6.2840084544539083
119.036,6.2846648859071461
119.03700000000001,6.2853195441995009
119.038,6.2859724323547752
119.039,6.2866235534061454
119.04000000000001,6.2872729103960694
119.041,6.2879205063762003
119.042,6.2885663444072755
119.04300000000001,6.2892104275590368
119.044,6.2898527589101247
119.045,6.2904933415479869
119.04600000000001,6.2911321785687813
119.047,6.291769273077275
119.048,6.2924046281867509
119.04900000000001,6.2930382470189086
119.05,6.2936701327037659
119.051,6.2943002883795627
119.05200000000001,6.2949287171926489
119.053,6.2955554222974062
119.054,6.2961804068561289
119.05500000000001,6.2968036740389355
119.056,6.297425227023659
119.057,6.2980450689957532
119.05800000000001,6.298663203148184
119.059,6.2992796326813378
119.06,6.2998943608029006
119.06100000000001,6.3005073907277742
119.062,6.3011187256779619
119.063,6.301728368882471
119.06399999999999,6.3023363235772019
119.065,6.3029425930048451
119.066,6.3035471804147862
119.06699999999999,6.3041500890629845
119.068,6.3047513222118798
119.069,6.3053508831302789
119.06999999999999,6.3059487750932561
119.071,6.3065450013820401
119.072,6.3071395652839097
119.07299999999999,6.3077324700920858
119.074,6.3083237191056227
119.075,6.3089133156293018
119.07599999999999,6.3095012629735212
119.077,6.3100875644541894
119.078,6.3106722233926105
119.07899999999999,6.3112552431153812
119.08,6.3118366269542747
119.081,6.3124163782461356
119.08199999999999,6.3129945003327652
119.083,6.3135709965608138
119.084,6.3141458702816635
119.08499999999999,6.3147191248513286
119.086,6.315290763630327
119.087,6.3158607899835815
119.08799999999999,6.3164292072803008
119.089,6.3169960188938639
119.09,6.3175612282017166
119.09099999999999,6.3181248385852529
119.092,6.3186868534296918
119.093,6.3192472761239786
119.09399999999999,6.3198061100606608
119.095,6.3203633586357748
119.096,6.3209190252487328
119.09699999999999,6.3214731133022042
119.098,6.3220256262020049
119.099,6.3225765673569754
119.09999999999999,6.3231259401788691
119.101,6.3236737480822311
119.102,6.3242199944842881
119.10299999999999,6.3247646828048252
119.104,6.3253078164660677
119.105,6.3258493988925721
119.10599999999999,6.3263894335110971
119.107,6.3269279237504961
119.108,6.3274648730415866
119.10899999999999,6.3280002848170431
119.11,6.3285341625112741
119.111,6.3290665095602954
119.11199999999999,6.3295973294016221
119.113,6.3301266254741471
119.114,6.3306544012180117
119.11499999999999,6.3311806600744935
119.116,6.331705405485887
119.117,6.3322286408953765
119.11799999999999,6.332750369746921
119.119,6.3332705954851303
119.12,6.3337893215551446
119.121,6.3343065514025154
119.122,6.3348222884730729
119.123,6.3353365362128224
119.124,6.3358492980678029
119.125,6.3363605774839797
119.126,6.3368703779071147
119.127,6.3373787027826456
119.128,6.3378855555555589
119.129,6.3383909396702673
119.13,6.3388948585704989
119.131,6.3393973156991548
119.13200000000001,6.3398983144982006
119.133,6.3403978584085285
119.134,6.3408959508698493
119.13500000000001,6.3413925953205545
119.136,6.3418877951975983
119.137,6.3423815539363737
119.13800000000001,6.3428738749705831
119.139,6.3433647617321194
119.14,6.3438542176509332
119.14100000000001,6.3443422461549179
119.142,6.3448288506697761
119.143,6.3453140346188972
119.14400000000001,6.3457978014232301
119.145,6.3462801545011587
119.146,6.3467610972683781
119.14700000000001,6.3472406331377638
119.148,6.3477187655192528
119.149,6.3481954978197077
119.15000000000001,6.3486708334427959
119.151,6.3491447757888633
119.152,6.3496173282548103
119.15300000000001,6.3500884942339564
119.154,6.3505582771159226
119.155,6.3510266802865001
119.15600000000001,6.3514937071275224
119.157,6.3519593610167373
119.158,6.3524236453276881
119.15900000000001,6.3528865634295704
119.16,6.3533481186871281
119.161,6.3538083144605002
119.16200000000001,6.3542671541051092
119.163,6.3547246409715319
119.164,6.3551807784053667
119.16500000000001,6.3556355697471085
119.166,6.356089018332022
119.167,6.3565411274900132
119.16800000000001,6.3569919005454967
119.169,6.3574413408172799
119.17,6.3578894516184201
119.17100000000001,6.3583362362561049
119.172,6.3587816980315255
119.173,6.3592258402397404
119.17400000000001,6.3596686661695587
119.175,6.3601101791033967
119.176,6.3605503823171707
119.17700000000001,6.3609892790801474
119.178,6.3614268726548238
119.179,6.3618631662968035
119.18000000000001,6.3622981632546685
119.181,6.3627318667698374
119.182,6.3631642800764556
119.18300000000001,6.3635954064012523
119.184,6.3640252489634186
119.185,6.3644538109744815
119.18600000000001,6.3648810956381672
119.187,6.3653071061502819
119.188,6.3657318456985825
119.18899999999999,6.3661553174626384
119.19,6.3665775246137146
119.191,6.366998470314635
119.19199999999999,6.3674181577196647
119.193,6.3678365899743676
119.194,6.3682537702154951
119.19499999999999,6.3686697015708411
119.196,6.3690843871591234
119.197,6.369497830089859
119.19799999999999,6.3699100334632224
119.199,6.370321000369934
119.2,6.3707307338911203
119.20099999999999,6.3711392370981939
119.202,6.3715465130527189
119.203,6.3719525648062882
119.20399999999999,6.372357395400396
119.205,6.3727610078663037
119.206,6.3731634052249229
119.20699999999999,6.37356459048668
119.208,6.3739645666513907
119.209,6.3743633367081367
119.20999999999999,6.3747609036351305
119.211,6.3751572703995985
119.212,6.3755524399576471
119.21299999999999,6.375946415254135
119.214,6.3763391992225555
119.215,6.3767307947848968
119.21599999999999,6.3771212048515293
119.217,6.3775104323210678
119.218,6.3778984800802538
119.21899999999999,6.3782853510038198
119.22,6.3786710479543762
119.221,6.3790555737822725
119.22199999999999,6.3794389313254829
119.223,6.3798211234094708
119.224,6.3802021528470707
119.22499999999999,6.3805820224383609
119.226,6.380960734970536
119.227,6.3813382932177811
119.22799999999999,6.381714699941158
119.229,6.382089957888466
119.23,6.3824640697941231
119.23099999999999,6.3828370383790443
119.232,6.38320886635052
119.233,6.3835795564020748
119.23399999999999,6.3839491112133695
119.235,6.3843175334500595
119.236,6.3846848257636744
119.23699999999999,6.3850509907915001
119.238,6.385416031156451
119.239,6.385779949466948
119.23999999999999,6.3861427483167956
119.241,6.3865044302850631
119.242,6.3868649979359615
119.24299999999999,6.3872244538187104
119.244,6.3875828004674382
119.245,6.3879400404010385
119.246,6.3882961761230597
119.247,6.3886512101215853
119.248,6.3890051448691079
119.249,6.3893579828224105
119.25,6.3897097264224465
119.251,6.3900603780942209
119.252,6.3904099402466645
119.253,6.3907584152725239
119.254,6.391105805548233
119.255,6.3914521134337958
119.256,6.391797341272671
119.25700000000001,6.3921414913916541
119.258,6.3924845661007543
119.259,6.3928265676930716
119.26000000000001,6.3931674984446971
119.261,6.3935073606145751
119.262,6.3938461564443987
119.26300000000001,6.3941838881584898
119.264,6.3945205579636752
119.265,6.3948561680491816
119.26600000000001,6.3951907205865091
119.267,6.3955242177293261
119.268,6.3958566616133421
119.26900000000001,6.3961880543562044
119.27,6.3965183980573652
119.271,6.3968476947979926
119.27200000000001,6.3971759466408304
119.273,6.3975031556301012
119.274,6.397829323791389
119.27500000000001,6.3981544531315171
119.276,6.3984785456384499
119.277,6.3988016032811652
119.27800000000001,6.3991236280095514
119.279,6.3994446217542951
119.28,6.3997645864267607
119.28100000000001,6.40008352391889
119.282,6.4004014361030848
119.283,6.4007183248320976
119.28400000000001,6.4010341919389218
119.285,6.4013490392366803
119.286,6.4016628685185193
119.28700000000001,6.401975681557488
119.288,6.4022874801064482
119.289,6.402598265897951
119.29000000000001,6.4029080406441334
119.291,6.4032168060366104
119.292,6.4035245637463634
119.29300000000001,6.4038313154236448
119.294,6.4041370626978598
119.295,6.4044418071774585
119.29600000000001,6.4047455504498476
119.297,6.4050482940812596
119.298,6.4053500396166694
119.29900000000001,6.4056507885796767
119.3,6.4059505424724108
119.301,6.4062493027754135
119.30200000000001,6.4065470709475516
119.303,6.406843848425904
119.304,6.4071396366256579
119.30500000000001,6.4074344369400169
119.306,6.4077282507400843
119.307,6.4080210793747723
119.30800000000001,6.4083129241707022
119.309,6.4086037864320931
119.31,6.408893667440676
119.31100000000001,6.4091825684555781
119.312,6.4094704907132405
119.313,6.4097574354273057
119.31399999999999,6.410043403788527
119.315,6.4103283969646698
119.316,6.4106124161004079
119.31699999999999,6.4108954623172352
119.318,6.4111775367133657
119.319,6.4114586403636347
119.31999999999999,6.4117387743194056
119.321,6.4120179396084787
119.322,6.4122961372349891
119.32299999999999,6.4125733681793156
119.324,6.4128496333979905
119.325,6.4131249338236005
119.32599999999999,6.4133992703646987
119.327,6.4136726439057101
119.328,6.4139450553068427
119.32899999999999,6.4142165054039904
119.33,6.4144869950086445
119.331,6.4147565249078093
119.33199999999999,6.4150250958639052
119.333,6.4152927086146834
119.334,6.4155593638731352
119.33499999999999,6.4158250623274018
119.336,6.4160898046406949
119.337,6.4163535914511991
119.33799999999999,6.4166164233719885
119.339,6.4168783009909474
119.34,6.4171392248706773
119.34099999999999,6.4173991955484135
119.342,6.4176582135359368
119.343,6.417916279319499
119.34399999999999,6.4181733933597318
119.345,6.4184295560915663
119.346,6.4186847679241499
119.34699999999999,6.4189390292407644
119.348,6.4191923403987445
119.349,6.4194447017294003
119.34999999999999,6.419696113537932
119.351,6.4199465761033538
119.352,6.4201960896784103
119.35299999999999,6.4204446544895086
119.354,6.4206922707366241
119.355,6.4209389385932392
119.35599999999999,6.4211846582062533
119.357,6.4214294296959205
119.358,6.4216732531557597
119.35899999999999,6.4219161286524873
119.36,6.4221580562259364
119.361,6.4223990358889997
119.36199999999999,6.4226390676275349
119.363,6.4228781514003002
119.364,6.4231162871388898
119.36499999999999,6.4233534747476471
119.366,6.4235897141036116
119.367,6.4238250050564334
119.36799999999999,6.424059347428309
119.369,6.4242927410139137
119.37,6.4245251855803316
119.371,6.4247566808669871
119.372,6.4249872265855812
119.373,6.4252168224200155
119.374,6.4254454680263411
119.375,6.4256731630326716
119.376,6.4258999070391463
119.377,6.4261256996178391
119.378,6.4263505403127112
119.379,6.4265744286395421
119.38,6.4267973640858687
119.381,6.4270193461109244
119.38200000000001,6.427240374145577
119.383,6.4274604475922654
119.384,6.4276795658249473
119.38500000000001,6.4278977281890306
119.386,6.4281149340013259
119.387,6.4283311825499734
119.38800000000001,6.4285464730944053
119.389,6.4287608048652709
119.39,6.4289741770643918
119.39100000000001,6.4291865888647042
119.392,6.4293980394101995
119.393,6.4296085278158808
119.39400000000001,6.4298180531676996
119.395,6.4300266145225047
119.396,6.4302342109079964
119.39700000000001,6.4304408413226701
119.398,6.430646504735769
119.399,6.4308512000872273
119.40000000000001,6.4310549262876302
119.401,6.4312576822181633
119.402,6.4314594667305558
119.40300000000001,6.4316602786470449
119.404,6.4318601167603235
119.405,6.4320589798334966
119.40600000000001,6.432256866600035
119.407,6.4324537757637295
119.408,6.4326497059986503
119.40900000000001,6.4328446559491006
119.41,6.4330386242295798
119.411,6.4332316094247357
119.41200000000001,6.4334236100893261
119.413,6.4336146247481816
119.414,6.4338046518961622
119.41500000000001,6.4339936899981165
119.416,6.4341817374888501
119.417,6.4343687927730864
119.41800000000001,6.4345548542254232
119.419,6.4347399201903075
119.42,6.4349239889819971
119.42100000000001,6.4351070588845136
119.422,6.4352891281516298
119.423,6.4354701950068227
119.42400000000001,6.4356502576432408
119.425,6.4358293142236871
119.426,6.436007362880563
119.42700000000001,6.4361844017158658
119.428,6.4363604288011373
119.429,6.4365354421774503
119.43000000000001,6.4367094398553721
119.431,6.436882419814939
119.432,6.4370543800056348
119.43300000000001,6.437225318346357
119.434,6.437395232725402
119.435,6.4375641210004284
119.43600000000001,6.4377319809984428
119.437,6.4378988105157804
119.438,6.4380646073180667
119.43899999999999,6.4382293691402221
119.44,6.4383930936864111
119.441,6.4385557786300476
119.44199999999999,6.438717421613763
119.443,6.4388780202493958
119.444,6.439037572117968
119.44499999999999,6.4391960747696713
119.446,6.4393535257238463
119.447,6.4395099224689805
119.44799999999999,6.4396652624626816
119.449,6.4398195431316658
119.45,6.4399727618717497
119.45099999999999,6.4401249160478375
119.452,6.4402760029939046
119.453,6.4404260200129961
119.45399999999999,6.4405749643772072
119.455,6.4407228333276789
119.456,6.4408696240745975
119.45699999999999,6.4410153337971758
119.458,6.4411599596436453
119.459,6.4413034987312647
119.45999999999999,6.4414459481463044
119.461,6.4415873049440435
119.462,6.4417275661487654
119.46299999999999,6.4418667287537641
119.464,6.4420047897213264
119.465,6.4421417459827479
119.46599999999999,6.4422775944383277
119.467,6.4424123319573541
119.468,6.4425459553781295
119.46899999999999,6.4426784615079615
119.47,6.4428098471231587
119.471,6.4429401089690508
119.47199999999999,6.4430692437599788
119.473,6.4431972481793078
119.474,6.4433241188794339
119.47499999999999,6.4434498524817867
119.476,6.4435744455768367
119.477,6.4436978947241128
119.47799999999999,6.4438201964522053
119.479,6.4439413472587699
119.48,6.4440613436105521
119.48099999999999,6.4441801819433939
119.482,6.4442978586622353
119.483,6.4444143701411525
119.48399999999999,6.4445297127233454
119.485,6.4446438827211727
119.486,6.4447568764161538
119.48699999999999,6.4448686900589998
119.488,6.444979319869617
119.489,6.4450887620371367
119.48999999999999,6.4451970127199232
119.491,6.4453040680456057
119.492,6.4454099241110931
119.49299999999999,6.4455145769825979
119.494,6.4456180226956521
119.495,6.4457202572551422
119.496,6.4458212766353222
119.497,6.4459210767798449
119.498,6.446019653601792
119.499,6.4461170029836907
119.5,6.4462131207775375
119.501,6.4463080028048543
119.502,6.4464016448566817
119.503,6.4464940426936357
119.504,6.4465851920459194
119.505,6.446675088613377
119.506,6.4467637280654966
119.50700000000001,6.4468511060414757
119.508,6.4469372181502287
119.509,6.4470220599704406
119.51000000000001,6.4471056270505933
119.511,6.4471879149090014
119.512,6.4472689190338581
119.51300000000001,6.4473486348832632
119.514,6.4474270578852728
119.515,6.4475041834379283
119.51600000000001,6.4475800069093081
119.517,6.4476545236375635
119.518,6.4477277289309587
119.51900000000001,6.447799618067922
119.52,6.4478701862970818
119.521,6.4479394288373211
119.52200000000001,6.4480073408778127
119.523,6.4480739175780766
119.524,6.4481391540680146
119.52500000000001,6.4482030454479746
119.526,6.4482655867887875
119.527,6.4483267731318259
119.52800000000001,6.448386599489047
119.529,6.4484450608430492
119.53,6.4485021521471246
119.53100000000001,6.448557868325314
119.532,6.4486122042724565
119.533,6.4486651548542513
119.53400000000001,6.4487167149073041
119.535,6.4487668792391952
119.536,6.4488156426285315
119.53700000000001,6.4488629998250051
119.538,6.4489089455494515
119.539,6.4489534744939156
119.54000000000001,6.4489965813217056
119.541,6.449038260667459
119.542,6.4490785071372096
119.54300000000001,6.4491173153084418
119.544,6.4491546797301558
119.545,6.449190594922948
119.54600000000001,6.4492250553790589
119.547,6.4492580555624484
119.548,6.4492895899088651
119.54900000000001,6.4493196528259107
119.55,6.4493482386931129
119.551,6.4493753418619937
119.55200000000001,6.449400956656139
119.553,6.4494250773712833
119.554,6.4494476982753648
119.55500000000001,6.4494688136086067
119.556,6.449488417583594
119.557,6.4495065043853508
119.55800000000001,6.4495230681714109
119.559,6.4495381030718937
119.56,6.449551603189593
119.56100000000001,6.4495635626000443
119.562,6.449573975351611
119.563,6.4495828354655638
119.56399999999999,6.4495901369361546
119.565,6.4495958737307157
119.566,6.4496000397897291
119.56699999999999,6.4496026290269075
119.568,6.4496036353292965
119.569,6.4496030525573413
119.56999999999999,6.4496008745449869
119.571,6.4495970950997537
119.572,6.4495917080028375
119.57299999999999,6.4495847070091896
119.574,6.4495760858476077
119.575,6.4495658382208347
119.57599999999999,6.4495539578056365
119.577,6.4495404382529076
119.578,6.4495252731877537
119.57899999999999,6.4495084562095943
119.58,6.4494899808922561
119.581,6.4494698407840554
119.58199999999999,6.4494480294079146
119.583,6.4494245402614467
119.584,6.4493993668170582
119.58499999999999,6.4493725025220483
119.586,6.4493439407987001
119.587,6.4493136750443965
119.58799999999999,6.4492816986317116
119.589,6.4492480049085064
119.59,6.4492125871980557
119.59099999999999,6.44917543879912
119.592,6.4491365529860776
119.593,6.4490959230090157
119.59399999999999,6.4490535420938455
119.595,6.4490094034423899
119.596,6.4489635002325247
119.59699999999999,6.4489158256182524
119.598,6.4488663727298405
119.599,6.4488151346739118
119.59999999999999,6.4487621045335652
119.601,6.4487072753684878
119.602,6.4486506402150621
119.60299999999999,6.4485921920864913
119.604,6.4485319239728947
119.605,6.4484698288414428
119.60599999999999,6.4484058996364659
119.607,6.4483401292795657
119.608,6.4482725106697369
119.60899999999999,6.4482030366834895
119.61,6.4481317001749678
119.611,6.4480584939760588
119.61199999999999,6.4479834108965317
119.613,6.447906443724146
119.614,6.4478275852247746
119.61499999999999,6.4477468281425363
119.616,6.4476641651999174
119.617,6.4475795890978835
119.61799999999999,6.4474930925160212
119.619,6.4474046681126582
119.62,6.4473143085249935
119.621,6.4472220063692207
119.622,6.4471277542406558
119.623,6.4470315447138793
119.624,6.446933370342852
119.625,6.4468332236610486
119.626,6.4467310971816012
119.627,6.446626983397417
119.628,6.4465208747813261
119.629,6.4464127637862019
119.63,6.4463026428451062
119.631,6.4461905043714198
119.63200000000001,6.4460763407589861
119.633,6.4459601443822336
119.634,6.4458419075963374
119.63500000000001,6.4457216227373335
119.636,6.4455992821222745
119.637,6.4454748780493665
119.63800000000001,6.4453484027981052
119.639,6.4452198486294296
119.64,6.4450892077858466
119.64100000000001,6.4449564724915929
119.642,6.4448216349527678
119.643,6.4446846873574843
119.64400000000001,6.4445456218760082
119.645,6.4444044306609127
119.646,6.444261105847219
119.64700000000001,6.4441156395525478
119.648,6.4439680238772707
119.649,6.4438182509046475
119.65000000000001,6.4436663127009934
119.651,6.4435122013158148
119.652,6.4433559087819727
119.65300000000001,6.4431974271158259
119.654,6.4430367483173949
119.655,6.442873864370501
119.65600000000001,6.4427087672429346
119.657,6.442541448886602
119.658,6.4423719012376806
119.65900000000001,6.4422001162167906
119.66,6.4420260857291289
119.661,6.4418498016646453
119.66200000000001,6.4416712558981963
119.663,6.4414904402896971
119.664,6.4413073466843009
119.66500000000001,6.4411219669125312
119.666,6.4409342927904785
119.667,6.4407443161199245
119.66800000000001,6.4405520286885407
119.669,6.4403574222700239
119.67,6.4401604886242811
119.67100000000001,6.4399612194975857
119.672,6.4397596066227374
119.673,6.4395556417192399
119.67400000000001,6.4393493164934643
119.675,6.4391406226388135
119.676,6.4389295518358942
119.67700000000001,6.4387160957526843
119.678,6.4385002460447076
119.679,6.4382819943551937
119.68000000000001,6.4380613323152609
119.681,6.43783825154408
119.682,6.4376127436490522
119.68300000000001,6.4373848002259804
119.684,6.4371544128592335
119.685,6.4369215731219471
119.68600000000001,6.4366862725761642
119.687,6.4364485027730387
119.688,6.4362082552529971
119.68899999999999,6.4359655215459215
119.69,6.4357202931713227
119.691,6.4354725616385222
119.69199999999999,6.4352223184468347
119.693,6.4349695550857406
119.694,6.4347142630350636
119.69499999999999,6.4344564337651633
119.696,6.4341960587371085
119.697,6.4339331294028614
119.69799999999999,6.4336676372054553
119.699,6.4333995735791909
119.7,6.4331289299498033
119.70099999999999,6.4328556977346594
119.702,6.4325798683429358
119.703,6.4323014331758097
119.70399999999999,6.4320203836266421
119.705,6.4317367110811636
119.706,6.4314504069176621
119.70699999999999,6.4311614625071796
119.708,6.4308698692136828
119.709,6.4305756183942728
119.70999999999999,6.4302787013993576
119.711,6.4299791095728525
119.712,6.4296768342523727
119.71299999999999,6.4293718667694106
119.714,6.4290641984495496
119.715,6.4287538206126333
119.71599999999999,6.4284407245729787
119.717,6.4281249016395599
119.718,6.4278063431161989
119.71899999999999,6.4274850403017707
119.72,6.4271609844903921
119.721,6.4268341669716165
119.72199999999999,6.4265045790306363
119.723,6.4261722119484723
119.724,6.4258370570021794
119.72499999999999,6.4254991054650361
119.726,6.4251583486067476
119.727,6.4248147776936522
119.72799999999999,6.4244683839888976
119.729,6.4241191587526734
119.73,6.4237670932423798
119.73099999999999,6.4234121787128569
119.732,6.423054406416564
119.733,6.4226937676037945
119.73399999999999,6.4223302535228708
119.735,6.4219638554203575
119.736,6.4215945645412491
119.73699999999999,6.4212223721291926
119.738,6.4208472694266812
119.739,6.4204692476752534
119.73999999999999,6.420088298115715
119.741,6.4197044119883335
119.742,6.4193175805330416
119.74299999999999,6.4189277949896537
119.744,6.4185350465980715
119.745,6.4181393265984807
119.746,6.4177406262315753
119.747,6.4173389367387514
119.748,6.4169342493623303
119.749,6.4165265553457536
119.75,6.4161158459338052
119.751,6.415702112372812
119.752,6.4152853459108643
119.753,6.4148655377980175
119.754,6.414442679286509
119.755,6.4140167616309727
119.756,6.4135877760886428
119.75700000000001,6.413155713919573
119.758,6.4127205663868496
119.759,6.412282324756803
119.76000000000001,6.4118409802992229
119.761,6.4113965242875715
119.762,6.4109489479991959
119.76300000000001,6.4104982427155521
119.764,6.4100443997224081
119.765,6.4095874103100732
119.76600000000001,6.4091272657735985
119.767,6.4086639574130064
119.768,6.4081974765335064
119.76900000000001,6.4077278144457006
119.77,6.4072549624658173
119.771,6.4067789119159171
119.77200000000001,6.4062996541241182
119.773,6.4058171804248092
119.774,6.4053314821588705
119.77500000000001,6.4048425506738971
119.776,6.4043503773244144
119.777,6.4038549534720959
119.77800000000001,6.4033562704859879
119.779,6.4028543197427288
119.78,6.4023490926267694
119.78100000000001,6.4018405805305916
119.782,6.4013287748549343
119.783,6.4008136670090128
119.78400000000001,6.400295248410738
119.785,6.3997735104869475
119.786,6.3992484446736126
119.78700000000001,6.3987200424160777
119.788,6.3981882951692741
119.789,6.3976531943979458
119.79000000000001,6.3971147315768686
119.791,6.3965728981910823
119.792,6.396027685736108
119.79300000000001,6.3954790857181765
119.794,6.3949270896544412
119.795,6.3943716890732301
119.79600000000001,6.3938128755142358
119.797,6.3932506405287644
119.798,6.3926849756799564
119.79900000000001,6.3921158725430098
119.8,6.3915433227054015
119.801,6.3909673177671236
119.80200000000001,6.3903878493408985
119.803,6.3898049090524189
119.804,6.3892184885405543
119.80500000000001,6.3886285794576008
119.806,6.3880351734694933
119.807,6.3874382622560315
119.80800000000001,6.3868378375111199
119.809,6.3862338909429823
119.81,6.3856264142743928
119.81100000000001,6.3850153992429082
119.812,6.384400837601091
119.813,6.3837827211167388
119.81399999999999,6.383161041573115
119.815,6.3825357907691718
119.816,6.3819069605197836
119.81699999999999,6.3812745426559676
119.818,6.3806385290251297
119.819,6.3799989114912723
119.81999999999999,6.3793556819352348
119.821,6.3787088322549188
119.822,6.3780583543655256
119.82299999999999,6.3774042401997679
119.824,6.3767464817081194
119.825,6.3760850708590269
119.82599999999999,6.375419999639151
119.827,6.3747512600535901
119.828,6.374078844126112
119.82899999999999,6.3734027438993799
119.83,6.3727229514351906
119.831,6.3720394588146885
119.83199999999999,6.3713522581386179
119.833,6.3706613415275282
119.834,6.3699667011220242
119.83499999999999,6.3692683290829795
119.836,6.3685662175917788
119.837,6.3678603588505425
119.83799999999999,6.3671507450823537
119.839,6.3664373685314954
119.84,6.365720221463671
119.84099999999999,6.3649992961662418
119.842,6.3642745849484568
119.843,6.3635460801416732
119.84399999999999,6.362813774099596
119.845,6.3620776591985093
119.846,6.3613377278374923
119.84699999999999,6.3605939724386644
119.848,6.3598463854474039
119.849,6.3590949593325856
119.84999999999999,6.3583396865868025
119.851,6.3575805597266033
119.852,6.3568175712927149
119.85299999999999,6.3560507138502755
119.854,6.3552799799890627
119.855,6.3545053623237235
119.85599999999999,6.353726853493999
119.857,6.3529444461649645
119.858,6.3521581330272419
119.85899999999999,6.3513679067972415
119.86,6.3505737602173893
119.861,6.3497756860563479
119.86199999999999,6.3489736771092504
119.863,6.3481677261979286
119.864,6.347357826171141
119.86499999999999,6.3465439699047961
119.866,6.3457261503021947
119.867,6.344904360294235
119.86799999999999,6.344078592839657
119.869,6.3432488409252636
119.87,6.3424150975661542
119.871,6.3415773558059403
119.872,6.3407356087169839
119.873,6.3398898494006142
119.874,6.3390400709873616
119.875,6.3381862666371793
119.876,6.3373284295396743
119.877,6.3364665529143274
119.878,6.3356006300107204
119.879,6.3347306541087658
119.88,6.3338566185189276
119.881,6.3329785165824459
119.88200000000001,6.3320963416715621
119.883,6.3312100871897474
119.884,6.3303197465719192
119.88500000000001,6.3294253132846787
119.886,6.3285267808265138
119.887,6.3276241427280411
119.88800000000001,6.3267173925522222
119.889,6.3258065238945829
119.89,6.3248915303834403
119.89100000000001,6.3239724056801272
119.892,6.3230491434792073
119.893,6.3221217375087004
119.89400000000001,6.321190181530306
119.895,6.3202544693396208
119.896,6.3193145947663609
119.89700000000001,6.3183705516745796
119.898,6.3174223339628943
119.899,6.3164699355647
119.90000000000001,6.3155133504483878
119.901,6.3145525726175684
119.902,6.3135875961112893
119.90300000000001,6.312618415004251
119.904,6.3116450234070305
119.905,6.3106674154662858
119.90600000000001,6.3096855853649938
119.907,6.3086995273226467
119.908,6.3077092355954774
119.90900000000001,6.3067147044766827
119.91,6.3057159282966229
119.911,6.3047129014230467
119.91200000000001,6.3037056182613069
119.913,6.3026940732545738
119.914,6.3016782608840431
119.91500000000001,6.3006581756691542
119.916,6.2996338121678086
119.917,6.2986051649765713
119.91800000000001,6.2975722287308873
119.919,6.2965349981052974
119.92,6.2954934678136478
119.92100000000001,6.2944476326092937
119.922,6.2933974872853202
119.923,6.292343026674744
119.92400000000001,6.2912842456507265
119.925,6.2902211391267802
119.926,6.2891537020569812
119.92700000000001,6.2880819294361716
119.928,6.2870058163001685
119.929,6.2859253577259757
119.93000000000001,6.2848405488319807
119.931,6.283751384778169
119.932,6.2826578607663208
119.93300000000001,6.2815599720402258
119.934,6.2804577138858786
119.935,6.2793510816316838
119.93600000000001,6.2782400706486632
119.937,6.2771246763506561
119.938,6.276004894194517
119.93899999999999,6.2748807196803202
119.94,6.2737521483515613
119.941,6.2726191757953558
119.94199999999999,6.2714817976426405
119.943,6.2703400095683692
119.944,6.2691938072917086
119.94499999999999,6.2680431865762456
119.946,6.2668881432301751
119.947,6.2657286731064996
119.94799999999999,6.2645647721032223
119.949,6.2633964361635499
119.95,6.2622236612760789
119.95099999999999,6.2610464434749886
119.952,6.2598647788402433
119.953,6.2586786634977747
119.95399999999999,6.2574880936196804
119.955,6.2562930654244111
119.956,6.2550935751769625
119.95699999999999,6.2538896191890672
119.958,6.2526811938193774
119.959,6.2514682954736616
119.95999999999999,6.2502509206049863
119.961,6.2490290657138985
119.962,6.2478027273486294
119.96299999999999,6.2465719021052575
119.964,6.2453365866279116
119.965,6.2440967776089407
119.96599999999999,6.2428524717891092
119.967,6.2416036659577721
119.968,6.240350356953055
119.96899999999999,6.2390925416620444
119.97,6.2378302170209592
119.971,6.2365633800153324
119.97199999999999,6.2352920276801935
119.973,6.2340161571002364
119.974,6.2327357654100108
119.97499999999999,6.2314508497940917
119.976,6.2301614074872464
119.977,6.2288674357746228
119.97799999999999,6.2275689319919163
119.979,6.2262658935255439
119.98,6.2249583178128152
119.98099999999999,6.2236462023421089
119.982,6.2223295446530331
119.983,6.2210083423366109
119.98399999999999,6.219682593035432
119.985,6.2183522944438323
119.986,6.2170174443080537
119.98699999999999,6.2156780404264165
119.988,6.214334080649488
119.989,6.2129855628802302
119.98999999999999,6.2116324850741824
119.991,6.2102748452396144
119.992,6.2089126414376894
119.99299999999999,6.2075458717826271
119.994,6.2061745344418613
119.995,6.2047986276361993
119.996,6.2034181496399841
119.997,6.2020330987812491
119.998,6.2006434734418674
119.999,6.1992492720577221
120,6.1978504931188469
120.001,6.1964471351695893
120.002,6.1950391968087564
120.003,6.1936266766897736
120.004,6.1922095735208256
120.005,6.1907878860650163
120.006,6.1893616131405116
120.00700000000001,6.1879307536206865
120.008,6.1864953064342787
120.009,6.1850552705655266
120.01000000000001,6.1836106450543182
120.011,6.1821614289963334
120.012,6.1807076215431849
120.01300000000001,6.1792492219025705
120.014,6.1777862293383983
120.015,6.176318643170938
120.01600000000001,6.1748464627769515
120.017,6.1733696875898412
120.018,6.1718883170997758
120.01900000000001,6.1704023508538279
120.02,6.1689117884561213
120.021,6.1674166295679438
120.02200000000001,6.1659168739078947
120.023,6.1644125212520127
120.024,6.162903571433902
120.02500000000001,6.1613900243448656
120.026,6.1598718799340348
120.027,6.1583491382084938
120.02800000000001,6.1568217992334029
120.029,6.1552898631321318
120.03,6.1537533300863698
120.03100000000001,6.152212200336268
120.032,6.1506664741805377
120.033,6.1491161519765942
120.03400000000001,6.1475612341406558
120.035,6.1460017211478739
120.036,6.1444376135324497
120.03700000000001,6.1428689118877475
120.038,6.1412956168664019
120.039,6.1397177291804477
120.04000000000001,6.1381352496014241
120.041,6.1365481789604761
120.042,6.1349565181484849
120.04300000000001,6.1333602681161628
120.044,6.1317594298741591
120.045,6.1301540044931828
120.04600000000001,6.1285439931040893
120.047,6.1269293968979959
120.048,6.1253102171263816
120.04900000000001,6.1236864551011871
120.05,6.1220581121949218
120.051,6.1204251898407556
120.05200000000001,6.1187876895326223
120.053,6.1171456128253174
120.054,6.1154989613345849
120.05500000000001,6.1138477367372257
120.056,6.1121919407711811
120.057,6.1105315752356271
120.05800000000001,6.1088666419910682
120.059,6.1071971429594223
120.06,6.1055230801241152
120.06100000000001,6.1038444555301599
120.062,6.1021612712842499
120.063,6.1004735295548409
120.06399999999999,6.0987812325722333
120.065,6.0970843826286547
120.066,6.0953829820783429
120.06699999999999,6.0936770333376229
120.068,6.0919665388849848
120.069,6.0902515012611635
120.06999999999999,6.0885319230692145
120.071,6.0868078069745826
120.072,6.0850791557051824
120.07299999999999,6.0833459720514655
120.074,6.0816082588664937
120.075,6.0798660190660039
120.07599999999999,6.0781192556284847
120.077,6.0763679715952286
120.078,6.0746121700704121
120.07899999999999,6.0728518542211525
120.08,6.0710870272775654
120.081,6.0693176925328434
120.08199999999999,6.0675438533432908
120.083,6.0657655131284045
120.084,6.063982675370915
120.08499999999999,6.0621953436168585
120.086,6.0604035214756138
120.087,6.058607212619969
120.08799999999999,6.0568064207861614
120.089,6.0550011497739451
120.09,6.0531914034466183
120.09099999999999,6.0513771857310896
120.092,6.0495585006179127
120.093,6.047735352161336
120.09399999999999,6.0459077444793436
120.095,6.0440756817537018
120.096,6.0422391682299956
120.09699999999999,6.0403982082176668
120.098,6.038552806090058
120.099,6.0367029662844418
120.09999999999999,6.0348486933020631
120.101,6.0329899917081642
120.102,6.0311268661320279
120.10299999999999,6.0292593212669923
120.104,6.0273873618705007
120.105,6.0255109927641124
120.10599999999999,6.0236302188335378
120.107,6.0217450450286618
120.108,6.0198554763635634
120.10899999999999,6.0179615179165458
120.11,6.0160631748301512
120.111,6.01416045231118
120.11199999999999,6.0122533556307118
120.113,6.0103418901241188
120.114,6.008426061191086
120.11499999999999,6.0065058742956179
120.116,6.004581334966054
120.117,6.0026524487950779
120.11799999999999,6.0007192214397325
120.119,5.9987816586214144
120.12,5.9968397661258956
120.121,5.9948935498033169
120.122,5.992943015568196
120.123,5.9909881693994294
120.124,5.9890290173402905
120.125,5.9870655654984244
120.126,5.9850978200458611
120.127,5.9831257872189898
120.128,5.9811494733185695
120.129,5.979168884709714
120.13,5.9771840278218855
120.131,5.9751949091488816
120.13200000000001,5.9732015352488315
120.133,5.9712039127441727
120.134,5.9692020483216393
120.13500000000001,5.9671959487322512
120.136,5.9651856207912903
120.137,5.9631710713782837
120.13800000000001,5.9611523074369828
120.139,5.9591293359753399
120.14,5.9571021640654847
120.14100000000001,5.9550707988436988
120.142,5.9530352475103916
120.143,5.9509955173300684
120.14400000000001,5.9489516156312998
120.145,5.9469035498066942
120.146,5.944851327312862
120.14700000000001,5.9427949556703812
120.148,5.9407344424637607
120.149,5.9386697953414043
120.15000000000001,5.9366010220155747
120.151,5.9345281302623425
120.152,5.9324511279215555
120.15300000000001,5.9303700228967848
120.154,5.9282848231552903
120.155,5.9261955367279606
120.15600000000001,5.924102171709281
120.157,5.9220047362572652
120.158,5.9199032385934176
120.15900000000001,5.9177976870026754
120.16,5.9156880898333544
120.161,5.9135744554970859
120.16200000000001,5.9114567924687762
120.163,5.9093351092865252
120.164,5.9072094145515832
120.16500000000001,5.9050797169282809
120.166,5.9029460251439643
120.167,5.9008083479889306
120.16800000000001,5.8986666943163657
120.169,5.8965210730422646
120.17,5.8943714931453739
120.17100000000001,5.8922179636671066
120.172,5.8900604937114842
120.173,5.8878990924450454
120.17400000000001,5.8857337690967828
120.175,5.8835645329580517
120.176,5.8813913933825068
120.17700000000001,5.8792143597860047
120.178,5.8770334416465344
120.179,5.874848648504118
120.18000000000001,5.8726599899607423
120.181,5.8704674756802548
120.182,5.8682711153882856
120.18300000000001,5.8660709188721532
120.184,5.8638668959807667
120.185,5.8616590566245428
120.18600000000001,5.8594474107753021
120.187,5.8572319684661709
120.188,5.8550127397914915
120.18899999999999,5.8527897349067119
120.19,5.8505629640282901
120.191,5.848332437433589
120.19199999999999,5.8460981654607691
120.193,5.8438601585086882
120.194,5.8416184270367859
120.19499999999999,5.8393729815649786
120.196,5.8371238326735453
120.197,5.8348709910030179
120.19799999999999,5.8326144672540616
120.199,5.8303542721873676
120.2,5.8280904166235272
120.20099999999999,5.8258229114429136
120.202,5.8235517675855668
120.203,5.8212769960510657
120.20399999999999,5.8189986078984024
120.205,5.8167166142458679
120.206,5.8144310262709116
120.20699999999999,5.8121418552100179
120.208,5.8098491123585818
120.209,5.8075528090707653
120.20999999999999,5.805252956759376
120.211,5.8029495668957241
120.212,5.8006426510094871
120.21299999999999,5.7983322206885752
120.214,5.7960182875789883
120.215,5.793700863384676
120.21599999999999,5.7913799598673981
120.217,5.7890555888465709
120.218,5.7867277621991322
120.21899999999999,5.7843964918593862
120.22,5.782061789818858
120.221,5.7797236681261444
120.22199999999999,5.7773821388867566
120.223,5.7750372142629676
120.224,5.7726889064736637
120.22499999999999,5.7703372277941805
120.226,5.7679821905561441
120.227,5.7656238071473185
120.22799999999999,5.7632620900114375
120.229,5.7608970516480404
120.23,5.7585287046123144
120.23099999999999,5.756157061514922
120.232,5.7537821350218392
120.233,5.751403937854179
120.23399999999999,5.7490224827880301
120.235,5.7466377826542701
120.236,5.7442498503384103
120.23699999999999,5.7418586987804048
120.238,5.7394643409744823
120.239,5.7370667899689618
120.23999999999999,5.7346660588660807
120.241,5.7322621608218025
120.242,5.7298551090456451
120.24299999999999,5.7274449168004873
120.244,5.7250315974023867
120.245,5.7226151642203904
120.246,5.7201956306763533
120.247,5.7177730102447333
120.248,5.7153473164524131
120.249,5.7129185628784969
120.25,5.7104867631541198
120.251,5.708051930962255
120.252,5.7056140800375061
120.253,5.7031732241659139
120.254,5.7007293771847527
120.255,5.6982825529823353
120.256,5.6958327654977925
120.25700000000001,5.6933800287208873
120.258,5.6909243566917906
120.259,5.6884657635008855
120.26000000000001,5.6860042632885488
120.261,5.6835398702449478
120.262,5.6810725986098118
120.26300000000001,5.6786024626722389
120.264,5.6761294767704662
120.265,5.6736536552916537
120.26600000000001,5.6711750126716662
120.267,5.6686935633948581
120.268,5.6662093219938461
120.26900000000001,5.6637223030492896
120.27,5.6612325211896612
120.271,5.6587399910910268
120.27200000000001,5.6562447274768095
120.273,5.6537467451175774
120.274,5.6512460588307887
120.27500000000001,5.6487426834805827
120.276,5.6462366339775354
120.277,5.6437279252784256
120.27800000000001,5.6412165723859999
120.279,5.6387025903487373
120.28,5.6361859942606065
120.28100000000001,5.6336667992608316
120.282,5.6311450205336406
120.283,5.628620673308034
120.28400000000001,5.6260937728575318
120.285,5.6235643344999344
120.286,5.6210323735970649
120.28700000000001,5.618497905554535
120.288,5.6159609458214828
120.289,5.6134215098903288
120.29000000000001,5.6108796132965182
120.291,5.6083352716182713
120.292,5.6057885004763275
120.29300000000001,5.6032393155336822
120.294,5.6006877324953388
120.295,5.5981337671080471
120.29600000000001,5.5955774351600276
120.297,5.5930187524807362
120.298,5.5904577349405757
120.29900000000001,5.5878943984506479
120.3,5.5853287589624792
120.301,5.5827608324677538
120.30200000000001,5.5801906349980488
120.303,5.5776181826245628
120.304,5.5750434914578415
120.30500000000001,5.572466577647508
120.306,5.5698874573819914
120.307,5.5673061468882468
120.30800000000001,5.5647226624314783
120.309,5.5621370203148714
120.31,5.5595492368792971
120.31100000000001,5.5569593285030514
120.312,5.5543673116015544
120.313,5.5517732026270856
120.31399999999999,5.5491770180684856
120.315,5.5465787744508788
120.316,5.543978488335382
120.31699999999999,5.5413761763188276
120.318,5.5387718550334579
120.319,5.5361655411466506
120.31999999999999,5.5335572513606168
120.321,5.5309470024121143
120.322,5.5283348110721526
120.32299999999999,5.5257206941456971
120.324,5.5231046684713725
120.325,5.5204867509211706
120.32599999999999,5.5178669584001447
120.327,5.5152453078461168
120.328,5.5126218162293643
120.32899999999999,5.509996500552341
120.33,5.5073693778493489
120.331,5.5047404651862539
120.33199999999999,5.502109779660163
120.333,5.499477338399136
120.334,5.4968431585618607
120.33499999999999,5.4942072573373597
120.336,5.4915696519446637
120.337,5.488930359632521
120.33799999999999,5.4862893976790676
120.339,5.4836467833915226
120.34,5.481002534105869
120.34099999999999,5.4783566671865511
120.342,5.4757092000261363
120.343,5.4730601500450211
120.34399999999999,5.470409534691095
120.345,5.4677573714394327
120.346,5.4651036777919586
120.34699999999999,5.4624484712771499
120.348,5.4597917694496871
120.349,5.4571335898901498
120.34999999999999,5.4544739502046786
120.351,5.4518128680246587
120.352,5.4491503610063887
120.35299999999999,5.4464864468307574
120.354,5.4438211432029053
120.355,5.4411544678519075
120.35599999999999,5.4384864385304326
120.357,5.4358170730144186
120.358,5.4331463891027347
120.35899999999999,5.4304744046168523
120.36,5.4278011374005031
120.361,5.4251266053193579
120.36199999999999,5.4224508262606737
120.363,5.4197738181329633
120.364,5.4170955988656662
120.36499999999999,5.4144161864087943
120.366,5.4117355987325979
120.367,5.4090538538272286
120.36799999999999,5.4063709697023921
120.369,5.4036869643870116
120.37,5.401001855928877
120.371,5.3983156623943049
120.372,5.3956284018677927
120.373,5.3929400924516706
120.374,5.3902507522657581
120.375,5.3875603994470147
120.376,5.38486905214919
120.377,5.3821767285424755
120.378,5.3794834468131505
120.379,5.3767892251632414
120.38,5.3740940818101581
120.381,5.371398034986349
120.38200000000001,5.3687011029389433
120.383,5.3660033039293964
120.384,5.3633046562331428
120.38500000000001,5.3606051781392328
120.386,5.3579048879499727
120.387,5.3552038039805794
120.38800000000001,5.3525019445588145
120.389,5.3497993280246243
120.39,5.3470959727297869
120.39100000000001,5.3443918970375464
120.392,5.341687119322259
120.393,5.3389816579690175
120.39400000000001,5.3362755313733103
120.395,5.3335687579406414
120.396,5.3308613560861708
120.39700000000001,5.3281533442343552
120.398,5.3254447408185843
120.399,5.3227355642808059
120.40000000000001,5.3200258330711669
120.401,5.3173155656476467
120.402,5.3146047804756922
120.40300000000001,5.3118934960278379
120.404,5.309181730783358
120.405,5.306469503227877
120.40600000000001,5.3037568318530131
120.407,5.3010437351560018
120.408,5.2983302316393317
120.40900000000001,5.2956163398103628
120.41,5.2929020781809673
120.411,5.290187465267147
120.41200000000001,5.2874725195886692
120.413,5.2847572596686829
120.414,5.2820417040333574
120.41500000000001,5.2793258712114977
120.416,5.2766097797341729
120.417,5.2738934481343449
120.41800000000001,5.2711768949464899
120.419,5.2684601387062191
120.42,5.2657431979499076
120.42100000000001,5.2630260912143108
120.422,5.2603088370361988
120.423,5.2575914539519619
120.42400000000001,5.2548739604972461
120.425,5.2521563752065639
120.426,5.2494387166129313
120.42700000000001,5.2467210032474654
120.428,5.2440032536390255
120.429,5.2412854863138225
120.43000000000001,5.238567719795034
120.431,5.2358499726024412
120.432,5.2331322632520223
120.43300000000001,5.2304146102555951
120.434,5.227697032120421
120.435,5.224979547348827
120.43600000000001,5.2222621744378204
120.437,5.2195449318787102
120.438,5.2168278381567248
120.43899999999999,5.2141109117506197
120.44,5.211394171132306
120.441,5.2086776347664596
120.44199999999999,5.2059613211101361
120.443,5.2032452486123919
120.444,5.2005294357138947
120.44499999999999,5.1978139008465405
120.446,5.1950986624330708
120.447,5.1923837388866829
120.44799999999999,5.1896691486106512
120.449,5.186954909997934
120.45,5.184241041430794
120.45099999999999,5.1815275612804097
120.452,5.1788144879064877
120.453,5.1761018396568845
120.45399999999999,5.1733896348672097
120.455,5.1706778918604481
120.456,5.1679666289465658
120.45699999999999,5.1652558644221349
120.458,5.1625456165699326
120.459,5.159835903658565
120.45999999999999,5.1571267439420829
120.461,5.1544181556595774
120.462,5.1517101570348167
120.46299999999999,5.1490027662758413
120.464,5.1462960015745889
120.465,5.1435898811064931
120.46599999999999,5.1408844230301192
120.467,5.1381796454867485
120.468,5.1354755666000207
120.46899999999999,5.1327722044755255
120.47,5.1300695772004232
120.471,5.1273677028430606
120.47199999999999,5.124666599452584
120.473,5.1219662850585461
120.474,5.1192667776705267
120.47499999999999,5.1165680952777421
120.476,5.11387025584866
120.477,5.1111732773306162
120.47799999999999,5.1084771776494229
120.479,5.1057819747089832
120.48,5.1030876863909151
120.48099999999999,5.100394330554149
120.482,5.0977019250345581
120.483,5.0950104876445632
120.48399999999999,5.0923200361727474
120.485,5.0896305883834829
120.486,5.0869421620165296
120.48699999999999,5.0842547747866593
120.488,5.081568444383274
120.489,5.0788831884700123
120.48999999999999,5.0761990246843762
120.491,5.0735159706373416
120.492,5.0708340439129707
120.49299999999999,5.068153262068039
120.494,5.0654736426316456
120.495,5.0627952031048302
120.496,5.0601179609601958
120.497,5.0574419336415186
120.498,5.0547671385633794
120.499,5.0520935931107651
120.5,5.0494213146387033
120.501,5.0467503204718689
120.502,5.0440806279042167
120.503,5.0414122541985922
120.504,5.0387452165863493
120.505,5.0360795322669851
120.506,5.0334152184077432
120.50700000000001,5.0307522921432568
120.508,5.028090770575143
120.509,5.0254306707716552
120.51000000000001,5.022772009767281
120.511,5.0201148045623833
120.512,5.0174590721228114
120.51300000000001,5.0148048293795364
120.514,5.0121520932282655
120.515,5.0095008805290764
120.51600000000001,5.0068512081060357
120.517,5.0042030927468319
120.518,5.0015565512023956
120.51900000000001,4.998911600186533
120.52,4.9962682563755472
120.521,4.9936265364078745
120.52200000000001,4.9909864568837055
120.523,4.9883480343646216
120.524,4.9857112853732186
120.52500000000001,4.9830762263927451
120.526,4.9804428738667239
120.527,4.9778112441985947
120.52800000000001,4.9751813537513403
120.529,4.9725532188471178
120.53,4.9699268557668992
120.53100000000001,4.9673022807501024
120.532,4.9646795099942249
120.533,4.9620585596544817
120.53400000000001,4.9594394458434419
120.535,4.9568221846306617
120.536,4.9542067920423349
120.53700000000001,4.9515932840609089
120.538,4.9489816766247507
120.539,4.9463719856277644
120.54000000000001,4.9437642269190478
120.541,4.9411584163025246
120.542,4.9385545695365911
120.54300000000001,4.9359527023337577
120.544,4.93335283036029
120.545,4.9307549692358599
120.54600000000001,4.9281591345331881
120.547,4.9255653417776895
120.548,4.9229736064471181
120.54900000000001,4.9203839439712205
120.55,4.9177963697313789
120.551,4.9152108990602654
120.55200000000001,4.9126275472414918
120.553,4.9100463295092585
120.554,4.907467261048005
120.55500000000001,4.9048903569920679
120.556,4.9023156324253367
120.557,4.8997431023808993
120.55800000000001,4.8971727818407018
120.559,4.8946046857352181
120.56,4.8920388289430825
120.56100000000001,4.8894752262907675
120.562,4.8869138925522435
120.563,4.8843548424486212
120.56399999999999,4.8817980906478393
120.565,4.879243651764301
120.566,4.8766915403585589
120.56699999999999,4.8741417709369674
120.568,4.8715943579513485
120.569,4.8690493157986632
120.56999999999999,4.8665066588206756
120.571,4.8639664013036255
120.572,4.8614285574778888
120.57299999999999,4.8588931415176608
120.574,4.8563601675406183
120.575,4.8538296496075963
120.57599999999999,4.8513016017222608
120.577,4.8487760378307847
120.578,4.8462529718215199
120.57899999999999,4.843732417524687
120.58,4.841214388712034
120.581,4.8386988990965314
120.58199999999999,4.8361859623320473
120.583,4.8336755920130301
120.584,4.8311678016741864
120.58499999999999,4.8286626047901748
120.586,4.8261600147752839
120.587,4.8236600449831197
120.58799999999999,4.8211627087062912
120.589,4.8186680191761102
120.59,4.8161759895622636
120.59099999999999,4.8136866329725176
120.592,4.8111999624524087
120.593,4.8087159909849326
120.59399999999999,4.8062347314902425
120.595,4.8037561968253462
120.596,4.8012803997837956
120.59699999999999,4.7988073530954001
120.598,4.7963370694259115
120.599,4.7938695613767361
120.59999999999999,4.7914048414846313
120.601,4.788942922221409
120.602,4.7864838159936465
120.60299999999999,4.7840275351423891
120.604,4.7815740919428524
120.605,4.7791234986041431
120.60599999999999,4.7766757672689639
120.607,4.7742309100133209
120.608,4.7717889388462451
120.60899999999999,4.7693498657095006
120.61,4.7669137024773036
120.611,4.7644804609560367
120.61199999999999,4.7620501528839734
120.613,4.7596227899309937
120.614,4.7571983836983041
120.61499999999999,4.7547769457181648
120.616,4.7523584874536136
120.617,4.7499430202981898
120.61799999999999,4.7475305555756604
120.619,4.7451211045397521
120.62,4.7427146783738809
120.621,4.7403112881908811
120.622,4.7379109450327404
120.623,4.7355136598703318
120.624,4.7331194436031572
120.625,4.730728307059076
120.626,4.7283402609940506
120.627,4.7259553160918788
120.628,4.7235734829639489
120.629,4.7211947721489693
120.63,4.718819194112724
120.631,4.7164467592478125
120.63200000000001,4.7140774778734054
120.633,4.7117113602349834
120.634,4.7093484165041009
120.63500000000001,4.7069886567781296
120.636,4.7046320910800157
120.637,4.7022787293580395
120.63800000000001,4.6999285814855707
120.639,4.6975816572608213
120.64,4.6952379664066193
120.64100000000001,4.6928975185701578
120.642,4.6905603233227691
120.643,4.6882263901596897
120.64400000000001,4.6858957284998155
120.645,4.6835683476854904
120.646,4.681244256982259
120.64700000000001,4.6789234655786496
120.648,4.6766059825859418
120.649,4.6742918170379495
120.65000000000001,4.6719809778907919
120.651,4.6696734740226713
120.652,4.6673693142336621
120.65300000000001,4.6650685072454827
120.654,4.6627710617012887
120.655,4.6604769861654507
120.65600000000001,4.6581862891233463
120.657,4.6558989789811527
120.658,4.653615064065626
120.65900000000001,4.6513345526239043
120.66,4.6490574528233015
120.661,4.6467837727510961
120.66200000000001,4.6445135204143355
120.663,4.6422467037396302
120.664,4.6399833305729663
120.66500000000001,4.6377234086794905
120.666,4.63546694574333
120.667,4.6332139493673932
120.66800000000001,4.6309644270731809
120.669,4.6287183863005907
120.67,4.6264758344077368
120.67100000000001,4.6242367786707579
120.672,4.6220012262836301
120.673,4.6197691843579936
120.67400000000001,4.6175406599229678
120.675,4.615315659924967
120.676,4.6130941912275301
120.67700000000001,4.6108762606111409
120.678,4.6086618747730599
120.679,4.6064510403271433
120.68000000000001,4.6042437638036855
120.681,4.6020400516492357
120.682,4.59983991022645
120.68300000000001,4.5976433458139097
120.684,4.5954503646059708
120.685,4.5932609727125975
120.68600000000001,4.5910751761592055
120.687,4.588892980886504
120.688,4.5867143927503466
120.68899999999999,4.5845394175215644
120.69,4.5823680608858322
120.691,4.5802003284435031
120.69199999999999,4.5780362257094751
120.693,4.5758757581130363
120.694,4.5737189309977229
120.69499999999999,4.5715657496211808
120.696,4.5694162191550225
120.697,4.5672703446846921
120.69799999999999,4.5651281312093257
120.699,4.5629895836416239
120.7,4.5608547068077083
120.70099999999999,4.5587235054470057
120.702,4.5565959842121089
120.703,4.5544721476686529
120.70399999999999,4.5523520002951976
120.705,4.5502355464830924
120.706,4.5481227905363717
120.70699999999999,4.54601373667162
120.708,4.5439083890178704
120.709,4.541806751616476
120.70999999999999,4.539708828421011
120.711,4.5376146232971495
120.712,4.5355241400225648
120.71299999999999,4.533437382286813
120.714,4.5313543536912437
120.715,4.5292750577488778
120.71599999999999,4.5271994978843226
120.717,4.5251276774336695
120.718,4.5230595996443945
120.71899999999999,4.5209952676752572
120.72,4.5189346845962266
120.721,4.5168778533883707
120.72199999999999,4.5148247769437813
120.723,4.512775458065482
120.724,4.5107298994673393
120.72499999999999,4.5086881037739897
120.726,4.5066500735207535
120.727,4.5046158111535526
120.72799999999999,4.5025853190288441
120.729,4.5005585994135338
120.73,4.4985356544849111
120.73099999999999,4.4965164863305791
120.732,4.4945010969483832
120.733,4.492489488246342
120.73399999999999,4.4904816620425905
120.735,4.4884776200653107
120.736,4.4864773639526732
120.73699999999999,4.4844808952527817
120.738,4.4824882154236132
120.739,4.4804993258329677
120.73999999999999,4.4785142277584082
120.741,4.4765329223872197
120.742,4.4745554108163574
120.74299999999999,4.4725816940523986
120.744,4.4706117730115018
120.745,4.4686456485193613
120.746,4.4666833213111712
120.747,4.4647247920315873
120.748,4.4627700612346866
120.749,4.4608191293839372
120.75,4.4588719968521691
120.751,4.4569286639215386
120.752,4.4549891307835043
120.753,4.4530533975388025
120.754,4.4511214641974206
120.755,4.4491933306785789
120.756,4.447268996810708
120.75700000000001,4.4453484623314363
120.758,4.4434317268875665
120.759,4.4415187900350732
120.76000000000001,4.4396096512390857
120.761,4.4377043098738742
120.762,4.4358027652228564
120.76300000000001,4.4339050164785814
120.764,4.4320110627427249
120.765,4.4301209030261033
120.76600000000001,4.4282345362486559
120.767,4.4263519612394671
120.768,4.4244731767367522
120.76900000000001,4.4225981813878841
120.77,4.4207269737493888
120.771,4.4188595522869667
120.77200000000001,4.4169959153754954
120.773,4.4151360612990587
120.774,4.4132799882509541
120.77500000000001,4.4114276943337156
120.776,4.4095791775591398
120.777,4.4077344358483046
120.77800000000001,4.4058934670315963
120.779,4.4040562688487395
120.78,4.4022228389488287
120.78100000000001,4.4003931748903575
120.782,4.3985672741412465
120.783,4.396745134078901
120.78400000000001,4.3949267519902246
120.785,4.3931121250716751
120.786,4.3913012504293016
120.78700000000001,4.3894941250787909
120.788,4.3876907459455117
120.789,4.3858911098645681
120.79000000000001,4.3840952135808475
120.791,4.3823030537490659
120.792,4.3805146269338424
120.79300000000001,4.3787299296097331
120.794,4.376948958161309
120.795,4.3751717088832054
120.79600000000001,4.3733981779801852
120.797,4.3716283615672182
120.798,4.3698622556695224
120.79900000000001,4.3680998562226598
120.8,4.3663411590725918
120.801,4.3645861599757581
120.80200000000001,4.36283485459915
120.803,4.3610872385203878
120.804,4.3593433072277996
120.80500000000001,4.3576030561205084
120.806,4.3558664805085039
120.807,4.3541335756127406
120.80800000000001,4.3524043365652165
120.809,4.3506787584090683
120.81,4.3489568360986564
120.81100000000001,4.3472385644996647
120.812,4.3455239383891922
120.813,4.3438129524558518
120.81399999999999,4.3421056012998696
120.815,4.3404018794331893
120.816,4.3387017812795676
120.81699999999999,4.3370053011746874
120.818,4.3353124333662674
120.819,4.3336231720141587
120.81999999999999,4.3319375111904677
120.821,4.3302554448796711
120.822,4.3285769669787193
120.82299999999999,4.326902071297166
120.824,4.3252307515572799
120.825,4.3235630013941719
120.82599999999999,4.3218988143559081
120.827,4.3202381839036512
120.828,4.3185811034117751
120.82899999999999,4.3169275661679931
120.83,4.3152775653734992
120.831,4.313631094143096
120.83199999999999,4.3119881455053228
120.833,4.3103487124026056
120.834,4.3087127876913867
120.83499999999999,4.3070803641422675
120.836,4.3054514344401547
120.837,4.3038259911843983
120.83799999999999,4.3022040268889441
120.839,4.300585533982483
120.84,4.2989705048085929
120.84099999999999,4.2973589316259
120.842,4.2957508066082326
120.843,4.2941461218447703
120.84399999999999,4.2925448693402064
120.845,4.2909470410149133
120.846,4.2893526287050872
120.84699999999999,4.2877616241629379
120.848,4.286174019056828
120.849,4.284589804971457
120.84999999999999,4.2830089734080286
120.851,4.2814315157844129
120.852,4.279857423435331
120.85299999999999,4.2782866876125212
120.854,4.2767192994849195
120.855,4.275155250138841
120.85599999999999,4.2735945305781522
120.857,4.2720371317244616
120.858,4.2704830444173005
120.85899999999999,4.2689322594143082
120.86,4.2673847673914187
120.861,4.2658405589430544
120.86199999999999,4.2642996245823177
120.863,4.2627619547411726
120.864,4.2612275397706565
120.86499999999999,4.2596963699410697
120.866,4.2581684354421672
120.867,4.2566437263833699
120.86799999999999,4.255122232793962
120.869,4.2536039446232916
120.87,4.2520888517409823
120.871,4.2505769439371406
120.872,4.2490682109225553
120.873,4.2475626423289228
120.874,4.246060227709048
120.875,4.2445609565370681
120.876,4.2430648182086568
120.877,4.2415718020412552
120.878,4.2400818972742833
120.879,4.2385950930693639
120.88,4.2371113785105443
120.881,4.2356307426045232
120.88200000000001,4.2341531742808733
120.883,4.2326786623922761
120.884,4.2312071957147435
120.88500000000001,4.2297387629478518
120.886,4.2282733527149814
120.887,4.2268109535635405
120.88800000000001,4.2253515539652149
120.889,4.2238951423161879
120.89,4.2224417069373992
120.89100000000001,4.2209912360747737
120.892,4.2195437178994695
120.893,4.2180991405081212
120.89400000000001,4.2166574919230841
120.895,4.2152187600926876
120.896,4.2137829328914798
120.89700000000001,4.2123499981204802
120.898,4.2109199435074309
120.899,4.2094927567070517
120.90000000000001,4.208068425301299
120.901,4.2066469367996184
120.902,4.2052282786392006
120.90300000000001,4.203812438185258
120.904,4.2023994027312632
120.905,4.2009891594992324
120.90600000000001,4.1995816956399814
120.907,4.1981769982333894
120.908,4.1967750542886773
120.90900000000001,4.1953758507446661
120.91,4.1939793744700573
120.911,4.1925856122636969
120.91200000000001,4.1911945508548598
120.913,4.189806176903514
120.914,4.1884204770006059
120.91500000000001,4.1870374376683346
120.916,4.1856570453604363
120.917,4.1842792864624609
120.91800000000001,4.182904147292053
120.919,4.1815316140992476
120.92,4.1801616730667437
120.92100000000001,4.1787943103101952
120.922,4.1774295118785041
120.923,4.176067263754101
120.92400000000001,4.1747075518532455
120.925,4.1733503620263175
120.926,4.1719956800581013
120.92700000000001,4.1706434916681019
120.928,4.1692937825108167
120.929,4.1679465381760501
120.93000000000001,4.1666017441892134
120.931,4.1652593860116127
120.932,4.1639194490407698
120.93300000000001,4.162581918610706
120.934,4.1612467799922621
120.935,4.1599140183933994
120.93600000000001,4.1585836189595025
120.937,4.1572555667736966
120.938,4.1559298468571537
120.93899999999999,4.1546064441693957
120.94,4.1532853436086263
120.941,4.1519665300120252
120.94199999999999,4.1506499881560721
120.943,4.149335702756864
120.944,4.148023658470434
120.94499999999999,4.1467138398930592
120.946,4.1454062315615943
120.947,4.1441008179537828
120.94799999999999,4.1427975834885888
120.949,4.141496512526512
120.95,4.1401975893699117
120.95099999999999,4.1389007982633466
120.952,4.1376061233938835
120.953,4.1363135488914349
120.95399999999999,4.1350230588290913
120.955,4.1337346372234416
120.956,4.1324482680349206
120.95699999999999,4.1311639351681233
120.958,4.1298816224721477
120.959,4.128601313740937
120.95999999999999,4.1273229927135979
120.961,4.1260466430747567
120.962,4.1247722484548861
120.96299999999999,4.1234997924306427
120.964,4.122229258525218
120.965,4.1209606302086712
120.96599999999999,4.1196938908982697
120.967,4.1184290239588428
120.968,4.1171660127031178
120.96899999999999,4.1159048403920639
120.97,4.1146454902352474
120.971,4.113387945391171
120.97199999999999,4.1121321889676263
120.973,4.1108782040220406
120.974,4.1096259735618306
120.97499999999999,4.1083754805447494
120.976,4.1071267078792442
120.977,4.1058796384248026
120.97799999999999,4.1046342549923143
120.979,4.1033905403444173
120.98,4.1021484771958612
120.98099999999999,4.1009080482138645
120.982,4.0996692360184639
120.983,4.0984320231828804
120.98399999999999,4.0971963922338785
120.985,4.0959623256521187
120.986,4.0947298058725341
120.98699999999999,4.0934988152846721
120.988,4.0922693362330733
120.989,4.0910413510176298
120.98999999999999,4.0898148418939453
120.991,4.0885897910737121
120.992,4.087366180725061
120.99299999999999,4.086143992972942
120.994,4.0849232098994852
120.995,4.0837038135443677
120.996,4.0824857859051917
120.997,4.081269108937839
120.998,4.0800537645568564
120.999,4.0788397346358227
121,4.0776270010077162
121.001,4.0764155454652906
121.002,4.0752053497614451
121.003,4.0739963956096075
121.004,4.0727886646841007
121.005,4.0715821386205207
121.006,4.0703767990161097
121.00700000000001,4.0691726274301363
121.008,4.0679696053842775
121.009,4.0667677143629861
121.01000000000001,4.0655669358138748
121.011,4.0643672511480959
121.012,4.063168641740722
121.01300000000001,4.06197108893112
121.014,4.0607745740233465
121.015,4.0595790782865082
121.01600000000001,4.0583845829551617
121.017,4.05719106922969
121.018,4.0559985182766862
121.01900000000001,4.0548069112293312
121.02,4.0536162291877895
121.021,4.0524264532195868
121.02200000000001,4.0512375643599938
121.023,4.0500495436124178
121.024,4.0488623719487826
121.02500000000001,4.04767603030992
121.026,4.0464904996059534
121.027,4.0453057607166887
121.02800000000001,4.0441217944920007
121.029,4.0429385817522236
121.03,4.041756103288531
121.03100000000001,4.0405743398633387
121.032,4.0393932722106864
121.033,4.0382128810366282
121.03400000000001,4.0370331470196241
121.035,4.0358540508109311
121.036,4.0346755730349955
121.03700000000001,4.0334976942898377
121.038,4.0323203951474591
121.039,4.0311436561542138
121.04000000000001,4.0299674578312228
121.041,4.0287917806747435
121.042,4.0276166051565871
121.04300000000001,4.0264419117244943
121.044,4.0252676808025374
121.045,4.0240938927915098
121.04600000000001,4.0229205280693243
121.047,4.0217475669914062
121.048,4.0205749898910836
121.04900000000001,4.0194027770799927
121.05,4.0182309088484622
121.051,4.0170593654659159
121.05200000000001,4.0158881271812623
121.053,4.0147171742232981
121.054,4.013546486801097
121.05500000000001,4.0123760451044097
121.056,4.0112058293040596
121.057,4.0100358195523391
121.05799999999999,4.0088659959834043
121.059,4.0076963387136768
121.06,4.0065268278422366
121.06100000000001,4.0053574434512198
121.062,4.0041881656062159
121.063,4.003018974356662
121.06399999999999,4.0018498497362476
121.065,4.0006807717633066
121.066,3.9995117204412169
121.06700000000001,3.9983426757587912
121.068,3.9971736176906854
121.069,3.9960045261977886
121.06999999999999,3.9948353812276243
121.071,3.9936661627147441
121.072,3.9924968505811336
121.07299999999999,3.9913274247365966
121.074,3.990157865079166
121.075,3.9889881514954943
121.07599999999999,3.9878182638612527
121.077,3.9866481820415287
121.078,3.9854778858912216
121.07899999999999,3.9843073552554471
121.08,3.9831365699699255
121.081,3.9819655098613822
121.08199999999999,3.9807941547479486
121.083,3.9796224844395542
121.084,3.9784504787383272
121.08499999999999,3.9772781174389884
121.086,3.9761053803292485
121.087,3.9749322471902073
121.08799999999999,3.9737586977967512
121.089,3.9725847119179387
121.09,3.9714102693174125
121.09099999999999,3.9702353497537817
121.092,3.9690599329810281
121.093,3.9678839987488947
121.09399999999999,3.966707526803285
121.095,3.9655304968866547
121.096,3.9643528887384081
121.09699999999999,3.9631746820952962
121.098,3.9619958566918076
121.099,3.9608163922605621
121.09999999999999,3.9596362685327104
121.101,3.9584554652383148
121.102,3.9572739621067603
121.10299999999999,3.9560917388671362
121.104,3.9549087752486281
121.105,3.9537250509809221
121.10599999999999,3.9525405457945801
121.107,3.9513552394214435
121.108,3.9501691115950246
121.10899999999999,3.9489821420508968
121.11,3.9477943105270756
121.111,3.9466055967644245
121.11199999999999,3.9454159805070375
121.113,3.9442254415026281
121.114,3.9430339595029196
121.11499999999999,3.9418415142640368
121.116,3.9406480855468922
121.117,3.9394536531175754
121.11799999999999,3.9382581967477366
121.119,3.9370616962149803
121.12,3.9358641313032505
121.121,3.9346654818032167
121.122,3.9334657275126559
121.123,3.9322648482368439
121.124,3.9310628237889396
121.125,3.929859633990366
121.126,3.9286552586711969
121.127,3.9274496776705439
121.128,3.926242870836929
121.129,3.9250348180286831
121.13,3.9238254991143107
121.131,3.9226148939728858
121.13200000000001,3.9214029824944228
121.133,3.9201897445802665
121.134,3.9189751601434599
121.13500000000001,3.9177592091091369
121.136,3.9165418714148896
121.137,3.9153231270111544
121.13800000000001,3.9141029558615883
121.139,3.9128813379434391
121.14,3.9116582532479289
121.14100000000001,3.9104336817806318
121.142,3.9092076035618404
121.143,3.9079799986269479
121.14400000000001,3.9067508470268173
121.145,3.9055201288281571
121.146,3.904287824113895
121.14700000000001,3.9030539129835469
121.148,3.9018183755535869
121.149,3.9005811919578246
121.15000000000001,3.8993423423477678
121.151,3.8981018068929965
121.152,3.8968595657815284
121.15300000000001,3.8956155992201857
121.154,3.8943698874349684
121.155,3.8931224106714128
121.15600000000001,3.8918731491949616
121.157,3.8906220832913285
121.158,3.8893691932668601
121.15900000000001,3.8881144594488997
121.16,3.8868578621861554
121.161,3.8855993818490528
121.16200000000001,3.8843389988301
121.163,3.8830766935442531
121.164,3.8818124464292643
121.16500000000001,3.8805462379460507
121.166,3.8792780485790481
121.167,3.8780078588365678
121.16800000000001,3.8767356492511511
121.169,3.8754614003799301
121.17,3.8741850928049764
121.17100000000001,3.8729067071336578
121.172,3.8716262239989874
121.173,3.8703436240599838
121.17400000000001,3.8690588880020118
121.175,3.8677719965371384
121.176,3.8664829304044828
121.17700000000001,3.8651916703705607
121.178,3.8638981972296378
121.179,3.8626024918040671
121.18000000000001,3.8613045349446438
121.181,3.8600043075309451
121.182,3.8587017904716769
121.18299999999999,3.8573969647050146
121.184,3.8560898111989408
121.185,3.8547803109515977
121.18600000000001,3.853468444991615
121.187,3.8521541943784587
121.188,3.8508375402027615
121.18899999999999,3.8495184635866631
121.19,3.8481969456841489
121.191,3.8468729676813824
121.19200000000001,3.8455465107970364
121.193,3.8442175562826333
121.194,3.842886085422871
121.19499999999999,3.8415520795359588
121.196,3.8402155199739414
121.197,3.8388763881230354
121.19799999999999,3.8375346654039526
121.199,3.8361903332722282
121.2,3.8348433732185452
121.20099999999999,3.8334937667690627
121.202,3.8321414954857387
121.203,3.8307865409666491
121.20399999999999,3.8294288848463149
121.205,3.8280685087960205
121.206,3.8267053945241338
121.20699999999999,3.8253395237764209
121.208,3.8239708783363691
121.209,3.8225994400255034
121.20999999999999,3.8212251907036947
121.211,3.8198481122694807
121.212,3.8184681866603749
121.21299999999999,3.8170853958531845
121.214,3.8156997218643118
121.215,3.8143111467500721
121.21599999999999,3.8129196526069964
121.217,3.811525221572142
121.218,3.8101278358233999
121.21899999999999,3.8087274775797946
121.22,3.8073241291017923
121.221,3.8059177726916036
121.22199999999999,3.8045083906934822
121.223,3.8030959654940286
121.224,3.8016804795224823
121.22499999999999,3.800261915251034
121.226,3.7988402551951053
121.227,3.7974154819136556
121.22799999999999,3.7959875780094725
121.229,3.7945565261294667
121.23,3.7931223089649624
121.23099999999999,3.7916849092519866
121.232,3.7902443097715635
121.233,3.7888004933499992
121.23399999999999,3.7873534428591689
121.235,3.785903141216802
121.236,3.7844495713867672
121.23699999999999,3.7829927163793635
121.238,3.7815325592515863
121.239,3.7800690831074228
121.23999999999999,3.7786022710981233
121.241,3.7771321064224845
121.242,3.7756585723271221
121.24299999999999,3.7741816521067504
121.244,3.772701329104454
121.245,3.7712175867119631
121.246,3.7697304083699232
121.247,3.7682397775681671
121.248,3.7667456778459845
121.249,3.7652480927923917
121.25,3.7637470060463918
121.251,3.762242401297248
121.252,3.7607342622847417
121.253,3.7592225727994393
121.254,3.7577073166829527
121.255,3.7561884778281982
121.256,3.754666040179655
121.25700000000001,3.753139987733626
121.258,3.7516103045384894
121.259,3.7500769746949585
121.26000000000001,3.7485399823563288
121.261,3.7469993117287337
121.262,3.7454549470714023
121.26300000000001,3.7439068726968925
121.264,3.7423550729713559
121.265,3.74079953231477
121.26600000000001,3.7392402352011977
121.267,3.7376771661590205
121.268,3.7361103097711825
121.26900000000001,3.7345396506754365
121.27,3.7329651735645828
121.271,3.731386863186704
121.27200000000001,3.7298047043454017
121.273,3.7282186819000391
121.274,3.7266287807659673
121.27500000000001,3.7250349859147631
121.276,3.7234372823744604
121.277,3.7218356552297767
121.27800000000001,3.7202300896223437
121.279,3.7186205707509377
121.28,3.7170070838717004
121.28100000000001,3.7153896142983664
121.282,3.7137681474024871
121.283,3.7121426686136489
121.28400000000001,3.7105131634196962
121.285,3.7088796173669478
121.286,3.70724201606042
121.28700000000001,3.7056003451640338
121.288,3.7039545904008357
121.289,3.7023047375532103
121.29000000000001,3.7006507724630908
121.291,3.6989926810321676
121.292,3.6973304492220995
121.29300000000001,3.6956640630547182
121.294,3.6939935086122406
121.295,3.6923187720374671
121.29600000000001,3.6906398395339837
121.297,3.6889566973663683
121.298,3.68726933186039
121.29900000000001,3.6855777294032039
121.3,3.6838818764435541
121.301,3.6821817594919604
121.30200000000001,3.6804773651209257
121.303,3.678768679965116
121.304,3.6770556907215579
121.30500000000001,3.6753383841498311
121.306,3.6736167470722485
121.307,3.671890766374053
121.30799999999999,3.6701604290035923
121.309,3.6684257219725156
121.31,3.6666866323559422
121.31100000000001,3.6649431472926537
121.312,3.6631952539852688
121.313,3.6614429397004198
121.31399999999999,3.6596861917689338
121.315,3.657924997586004
121.316,3.6561593446113654
121.31700000000001,3.6543892203694623
121.318,3.6526146124496308
121.319,3.6508355085062534
121.31999999999999,3.6490518962589333
121.321,3.6472637634926635
121.322,3.6454710980579885
121.32299999999999,3.6436738878711656
121.324,3.6418721209143299
121.325,3.6400657852356528
121.32599999999999,3.6382548689495007
121.327,3.636439360236595
121.328,3.6346192473441623
121.32899999999999,3.6327945185860919
121.33,3.630965162343093
121.331,3.6291311670628383
121.33199999999999,3.6272925212601153
121.333,3.6254492135169785
121.334,3.6236012324828955
121.33499999999999,3.6217485668748854
121.336,3.6198912054776726
121.337,3.6180291371438202
121.33799999999999,3.6161623507938789
121.339,3.61429083541652
121.34,3.6124145800686742
121.34099999999999,3.6105335738756681
121.342,3.6086478060313638
121.343,3.6067572657982843
121.34399999999999,3.6048619425077497
121.345,3.6029618255600058
121.346,3.6010569044243561
121.34699999999999,3.5991471686392842
121.348,3.5972326078125834
121.349,3.595313211621475
121.34999999999999,3.593388969812743
121.351,3.5914598722028401
121.352,3.5895259086780191
121.35299999999999,3.5875870691944449
121.354,3.5856433437783135
121.355,3.5836947225259683
121.35599999999999,3.5817411956040104
121.357,3.5797827532494111
121.358,3.5778193857696272
121.35899999999999,3.575851083542708
121.36,3.5738778370173963
121.361,3.5718996367132445
121.36199999999999,3.5699164732207143
121.363,3.5679283372012791
121.364,3.5659352193875291
121.36499999999999,3.5639371105832676
121.366,3.5619340016636132
121.367,3.5599258835750924
121.36799999999999,3.5579127473357399
121.369,3.5558945840351912
121.37,3.5538713848347738
121.371,3.5518431409676001
121.372,3.5498098437386574
121.373,3.5477714845248918
121.374,3.5457280547753021
121.375,3.5436795460110204
121.376,3.5416259498253937
121.377,3.5395672578840705
121.378,3.5375034619250822
121.379,3.5354345537589182
121.38,3.5333605252686029
121.381,3.5312813684097808
121.38200000000001,3.5291970752107762
121.383,3.5271076377726867
121.384,3.5250130482694342
121.38500000000001,3.5229132989478482
121.386,3.520808382127731
121.387,3.5186982902019275
121.38800000000001,3.516583015636384
121.389,3.514462550970221
121.39,3.5123368888157915
121.39100000000001,3.5102060218587443
121.392,3.5080699428580839
121.393,3.505928644646227
121.39400000000001,3.5037821201290602
121.395,3.501630362285999
121.396,3.4994733641700391
121.39700000000001,3.4973111189078074
121.398,3.4951436196996166
121.399,3.4929708598195157
121.40000000000001,3.4907928326153299
121.401,3.4886095315087218
121.402,3.4864209499952219
121.40300000000001,3.4842270816442849
121.404,3.4820279200993234
121.405,3.4798234590777541
121.40600000000001,3.4776136923710337
121.407,3.4753986138447006
121.408,3.4731782174384103
121.40900000000001,3.4709524971659693
121.41,3.4687214471153696
121.411,3.4664850614488247
121.41200000000001,3.4642433344027936
121.413,3.4619962602880188
121.414,3.4597438334895436
121.41500000000001,3.4574860484667527
121.416,3.4552228997533843
121.417,3.4529543819575612
121.41800000000001,3.4506804897618117
121.419,3.4484012179230916
121.42,3.4461165612728024
121.42100000000001,3.4438265147168088
121.422,3.4415310732354563
121.423,3.4392302318835899
121.42400000000001,3.4369239857905605
121.425,3.4346123301602485
121.426,3.4322952602710615
121.42700000000001,3.4299727714759549
121.428,3.4276448592024384
121.429,3.4253115189525771
121.43000000000001,3.4229727463030022
121.431,3.4206285369049167
121.432,3.4182788864840941
121.43299999999999,3.4159237908408828
121.434,3.413563245850201
121.435,3.411197247461546
121.43600000000001,3.4088257916989795
121.437,3.4064488746611312
121.438,3.4040664925211912
121.43899999999999,3.4016786415269049
121.44,3.3992853180005609
121.441,3.3968865183389845
121.44200000000001,3.3944822390135281
121.443,3.3920724765700569
121.444,3.3896572276289341
121.44499999999999,3.3872364888850104
121.446,3.3848102571076017
121.447,3.3823785291404809
121.44799999999999,3.3799413019018494
121.449,3.3774985723843196
121.45,3.3750503376548977
121.45099999999999,3.372596594854957
121.452,3.3701373412002145
121.453,3.3676725739807054
121.45399999999999,3.3652022905607533
121.455,3.3627264883789518
121.456,3.3602451649481244
121.45699999999999,3.3577583178552968
121.458,3.3552659447616668
121.459,3.3527680434025742
121.45999999999999,3.3502646115874559
121.461,3.3477556471998211
121.462,3.3452411481972062
121.46299999999999,3.3427211126111418
121.464,3.3401955385471096
121.465,3.3376644241845024
121.46599999999999,3.3351277677765796
121.467,3.3325855676504315
121.468,3.3300378222069238
121.46899999999999,3.3274845299206577
121.47,3.3249256893399215
121.471,3.3223612990866438
121.47199999999999,3.3197913578563387
121.473,3.3172158644180616
121.474,3.3146348176143476
121.47499999999999,3.3120482163611689
121.476,3.3094560596478724
121.477,3.3068583465371217
121.47799999999999,3.3042550761648517
121.479,3.3016462477401962
121.48,3.2990318605454352
121.48099999999999,3.2964119139359367
121.482,3.2937864073400842
121.483,3.2911553402592268
121.48399999999999,3.2885187122676038
121.485,3.2858765230122833
121.486,3.2832287722130964
121.48699999999999,3.2805754596625691
121.488,3.2779165852258476
121.489,3.2752521488406319
121.48999999999999,3.2725821505171058
121.491,3.2699065903378637
121.492,3.2672254684578323
121.49299999999999,3.2645387851041989
121.494,3.2618465405763306
121.495,3.2591487352457094
121.496,3.2564453695558351
121.497,3.253736444022159
121.498,3.2510219592319975
121.499,3.2483019158444537
121.5,3.2455763145903296
121.501,3.2428451562720433
121.502,3.2401084417635433
121.503,3.2373661720102249
121.504,3.2346183480288397
121.505,3.231864970907405
121.506,3.2291060418051174
121.50700000000001,3.2263415619522569
121.508,3.2235715326501051
121.509,3.2207959552708356
121.51000000000001,3.2180148312574346
121.511,3.2152281621235974
121.512,3.2124359494536336
121.51300000000001,3.2096381949023711
121.514,3.2068349001950538
121.515,3.204026067127244
121.51600000000001,3.2012116975647222
121.517,3.1983917934433861
121.518,3.1955663567691417
121.51900000000001,3.192735389617805
121.52,3.1898988941349971
121.521,3.1870568725360338
121.52200000000001,3.1842093271058207
121.523,3.1813562601987453
121.524,3.1784976742385687
121.52500000000001,3.1756335717183122
121.526,3.1727639552001481
121.527,3.1698888273152841
121.52800000000001,3.1670081907638603
121.529,3.1641220483148205
121.53,3.1612304028058045
121.53100000000001,3.1583332571430316
121.532,3.1554306143011859
121.533,3.1525224773232878
121.53400000000001,3.1496088493205852
121.535,3.146689733472428
121.536,3.143765133026152
121.53700000000001,3.1408350512969454
121.538,3.1378994916677394
121.539,3.1349584575890712
121.54000000000001,3.1320119525789707
121.541,3.1290599802228254
121.542,3.1261025441732562
121.54300000000001,3.1231396481499925
121.544,3.1201712959397376
121.545,3.1171974913960421
121.54600000000001,3.1142182384391734
121.547,3.1112335410559817
121.548,3.1082434032997721
121.54900000000001,3.105247829290164
121.55,3.102246823212961
121.551,3.0992403893200136
121.55200000000001,3.0962285319290883
121.553,3.0932112554237214
121.554,3.09018856425309
121.55500000000001,3.0871604629318616
121.556,3.0841269560400688
121.557,3.0810880482229566
121.55799999999999,3.0780437441908468
121.559,3.0749940487189908
121.56,3.0719389666474353
121.56100000000001,3.0688785028808656
121.562,3.0658126623884723
121.563,3.0627414502037933
121.56399999999999,3.0596648714245815
121.565,3.0565829312126445
121.566,3.0534956347937032
121.56700000000001,3.0504029874572369
121.568,3.0473049945563453
121.569,3.0442016615075786
121.56999999999999,3.0410929937908047
121.571,3.0379789969490418
121.572,3.0348596765883169
121.57299999999999,3.0317350383775024
121.574,3.0286050880481667
121.575,3.0254698313944175
121.57599999999999,3.0223292742727423
121.577,3.0191834226018566
121.578,3.016032282362541
121.57899999999999,3.0128758595974805
121.58,3.0097141604111179
121.581,3.0065471909694743
121.58199999999999,3.0033749575000019
121.583,3.0001974662914175
121.584,2.9970147236935425
121.58499999999999,2.9938267361171338
121.586,2.9906335100337245
121.587,2.9874350519754573
121.58799999999999,2.9842313685349229
121.589,2.9810224663649874
121.59,2.9778083521786289
121.59099999999999,2.9745890327487658
121.592,2.9713645149081009
121.593,2.9681348055489334
121.59399999999999,2.9648999116230055
121.595,2.9616598401413201
121.596,2.9584145981739827
121.59699999999999,2.9551641928500119
121.598,2.9519086313571852
121.599,2.948647920941851
121.59999999999999,2.9453820689087662
121.601,2.9421110826209134
121.602,2.9388349694993288
121.60299999999999,2.9355537370229277
121.604,2.9322673927283289
121.605,2.9289759442096681
121.60599999999999,2.9256793991184362
121.607,2.9223777651632847
121.608,2.9190710501098609
121.60899999999999,2.9157592617806163
121.61,2.9124424080546341
121.611,2.9091204968674429
121.61199999999999,2.9057935362108438
121.613,2.9024615341327165
121.614,2.8991244987368452
121.61499999999999,2.8957824381827324
121.616,2.8924353606854183
121.617,2.889083274515289
121.61799999999999,2.8857261879978999
121.619,2.882364109513782
121.62,2.8789970474982631
121.621,2.8756250104412788
121.622,2.8722480068871814
121.623,2.8688660454345536
121.624,2.86547913473603
121.625,2.8620872834980897
121.626,2.8586905004808827
121.627,2.8552887944980299
121.628,2.8518821744164402
121.629,2.8484706491561149
121.63,2.8450542276899582
121.631,2.8416329190435796
121.63200000000001,2.8382067322951094
121.633,2.8347756765750027
121.634,2.8313397610658431
121.63500000000001,2.8278989950021494
121.636,2.8244533876701827
121.637,2.8210029484077568
121.63800000000001,2.8175476866040254
121.639,2.8140876116993065
121.64,2.8106227331848697
121.64100000000001,2.8071530606027526
121.642,2.8036786035455536
121.643,2.8001993716562366
121.64400000000001,2.7967153746279325
121.645,2.7932266222037452
121.646,2.7897331241765473
121.64700000000001,2.7862348903887773
121.648,2.7827319307322465
121.649,2.7792242551479385
121.65000000000001,2.7757118736258013
121.651,2.7721947962045519
121.652,2.7686730329714697
121.65300000000001,2.7651465940622035
121.654,2.7616154896605574
121.655,2.7580797299982942
121.65600000000001,2.75453932535493
121.657,2.7509942860575354
121.658,2.7474446224805211
121.65900000000001,2.7438903450454442
121.66,2.7403314642207945
121.661,2.7367679905217974
121.66200000000001,2.7331999345101998
121.663,2.7296273067940717
121.664,2.7260501180275929
121.66500000000001,2.7224683789108539
121.666,2.7188821001896408
121.667,2.7152912926552344
121.66800000000001,2.7116959671441951
121.669,2.7080961345381662
121.67,2.7044918057636531
121.67100000000001,2.700882991791822
121.672,2.6972697036382876
121.673,2.6936519523629086
121.67400000000001,2.6900297490695713
121.675,2.6864031049059807
121.676,2.682772031063454
121.67700000000001,2.6791365387767114
121.678,2.675496639323657
121.679,2.671852344025174
121.68000000000001,2.6682036642449107
121.681,2.664550611389072
121.682,2.660893196906204
121.68299999999999,2.6572314322869808
121.684,2.6535653290639925
121.685,2.6498948988115405
121.68600000000001,2.6462201531454119
121.687,2.6425411037226718
121.688,2.6388577622414506
121.68899999999999,2.6351701404407288
121.69,2.6314782501001268
121.691,2.6277821030396806
121.69200000000001,2.6240817111196368
121.693,2.6203770862402367
121.694,2.6166682403414963
121.69499999999999,2.6129551854029947
121.696,2.6092379334436568
121.697,2.6055164965215427
121.69799999999999,2.6017908867336241
121.699,2.5980611162155753
121.7,2.5943271971415491
121.70099999999999,2.5905891417239699
121.702,2.5868469622133086
121.703,2.5831006708978714
121.70399999999999,2.5793502801035788
121.705,2.5755958021937539
121.706,2.5718372495688975
121.70699999999999,2.5680746346664778
121.708,2.5643079699607041
121.709,2.5605372679623217
121.70999999999999,2.5567625412183834
121.711,2.552983802312033
121.712,2.549201063862288
121.71299999999999,2.5454143385238268
121.714,2.5416236389867604
121.715,2.53782897797642
121.71599999999999,2.5340303682531347
121.717,2.5302278226120176
121.718,2.5264213538827436
121.71899999999999,2.522610974929326
121.72,2.5187966986499033
121.721,2.5149785379765222
121.72199999999999,2.5111565058749066
121.723,2.5073306153442498
121.724,2.5035008794169871
121.72499999999999,2.4996673111585848
121.726,2.4958299236673058
121.727,2.4919887300740058
121.72799999999999,2.4881437435419
121.729,2.4842949772663561
121.73,2.4804424444746616
121.73099999999999,2.4765861584258055
121.732,2.4727261324102665
121.733,2.4688623797497886
121.73399999999999,2.4649949137971556
121.735,2.4611237479359747
121.736,2.4572488955804537
121.73699999999999,2.4533703701751883
121.738,2.4494881851949293
121.739,2.4456023541443721
121.73999999999999,2.4417128905579282
121.741,2.4378198079995119
121.742,2.4339231200623139
121.74299999999999,2.4300228403685828
121.744,2.4261189825694007
121.745,2.4222115603444729
121.746,2.4183005874018928
121.747,2.4143860774779302
121.748,2.4104680443368092
121.749,2.4065465017704866
121.75,2.4026214635984289
121.751,2.3986929436673949
121.752,2.394760955851214
121.753,2.3908255140505625
121.754,2.3868866321927475
121.755,2.3829443242314827
121.756,2.3789986041466684
121.75700000000001,2.3750494859441691
121.758,2.3710969836556037
121.759,2.3671411113381051
121.76000000000001,2.3631818830741165
121.761,2.3592193129711609
121.762,2.3552534151616307
121.76300000000001,2.351284203802555
121.764,2.3473116930753894
121.765,2.3433358971857881
121.76600000000001,2.3393568303633918
121.767,2.3353745068615988
121.768,2.3313889409573485
121.76900000000001,2.3274001469509034
121.77,2.3234081391656294
121.771,2.3194129319477703
121.77200000000001,2.315414539666234
121.773,2.3114129767123668
121.774,2.3074082574997417
121.77500000000001,2.3034003964639318
121.776,2.2993894080622934
121.777,2.2953753067737455
121.77800000000001,2.2913581070985578
121.779,2.2873378235581163
121.78,2.2833144706947208
121.78100000000001,2.2792880630713519
121.782,2.275258615271468
121.783,2.2712261418987678
121.78400000000001,2.2671906575769856
121.785,2.263152176949669
121.786,2.2591107146799603
121.78700000000001,2.2550662854503756
121.788,2.2510189039625921
121.789,2.2469685849372238
121.79000000000001,2.2429153431136131
121.791,2.2388591932496031
121.792,2.2348001501213228
121.79300000000001,2.2307382285229731
121.794,2.2266734432666122
121.795,2.2226058091819283
121.79600000000001,2.2185353411160293
121.797,2.2144620539332269
121.798,2.2103859625148212
121.79900000000001,2.2063070817588781
121.8,2.202225426580017
121.801,2.1981410119091942
121.80200000000001,2.1940538526934916
121.803,2.1899639638958925
121.804,2.1858713604950708
121.80500000000001,2.181776057485175
121.806,2.1776780698756206
121.807,2.1735774126908578
121.80799999999999,2.1694741009701741
121.809,2.1653681497674673
121.81,2.1612595741510443
121.81100000000001,2.1571483892033916
121.812,2.1530346100209772
121.813,2.1489182517140191
121.81399999999999,2.1447993294062933
121.815,2.1406778582348993
121.816,2.1365538533500605
121.81700000000001,2.1324273299149077
121.818,2.128298303105268
121.819,2.1241667881094486
121.81999999999999,2.120032800128028
121.821,2.1158963543736427
121.822,2.1117574660707756
121.82299999999999,2.1076161504555468
121.824,2.1034724227754986
121.825,2.099326298289387
121.82599999999999,2.0951777922669743
121.827,2.0910269199888085
121.828,2.0868736967460251
121.82899999999999,2.0827181378401245
121.83,2.0785602585827823
121.831,2.0744000742956135
121.83199999999999,2.0702376003099872
121.833,2.0660728519667981
121.834,2.0619058446162781
121.83499999999999,2.0577365936177685
121.836,2.0535651143395235
121.837,2.0493914221584988
121.83799999999999,2.0452155324601486
121.839,2.0410374606382109
121.84,2.0368572220945049
121.84099999999999,2.0326748322387211
121.842,2.0284903064882247
121.843,2.0243036602678357
121.84399999999999,2.0201149090096311
121.845,2.0159240681527395
121.846,2.0117311531431357
121.84699999999999,2.0075361794334317
121.848,2.0033391624826753
121.849,1.9991401177561445
121.84999999999999,1.9949390607251498
121.851,1.9907360068668207
121.852,1.9865309716639066
121.85299999999999,1.9823239706045728
121.854,1.9781150191822061
121.855,1.9739041328951992
121.85599999999999,1.9696913272467547
121.857,1.9654766177446819
121.858,1.9612600199012045
121.85899999999999,1.957041549232746
121.86,1.9528212212597325
121.861,1.948599051506398
121.86199999999999,1.9443750555005808
121.863,1.9401492487735235
121.864,1.9359216468596714
121.86499999999999,1.9316922652964763
121.866,1.9274611196242006
121.867,1.9232282253857125
121.86799999999999,1.9189935981262893
121.869,1.9147572533934214
121.87,1.910519206736621
121.871,1.9062794737072128
121.872,1.9020380698581427
121.873,1.8977950107437846
121.874,1.8935503119197437
121.875,1.8893039889426566
121.876,1.8850560573699979
121.877,1.8808065327598882
121.878,1.8765554306708956
121.879,1.8723027666618495
121.88,1.8680485562916327
121.881,1.8637928151190015
121.88200000000001,1.8595355587023832
121.883,1.855276802599696
121.884,1.8510165623681396
121.88500000000001,1.8467548535640179
121.886,1.8424916917425358
121.887,1.8382270924576241
121.88800000000001,1.8339610712617298
121.889,1.8296936437056412
121.89,1.8254248253382837
121.89100000000001,1.8211546317065486
121.892,1.8168830783550882
121.893,1.812610180826131
121.89400000000001,1.8083359546592961
121.895,1.8040604153914077
121.896,1.7997835785563008
121.89700000000001,1.7955054596846347
121.898,1.7912260743037125
121.899,1.7869454379372913
121.90000000000001,1.7826635661053956
121.901,1.7783804743241298
121.902,1.7740961781054942
121.90300000000001,1.7698106929572095
121.904,1.7655240343825189
121.905,1.7612362178800094
121.90600000000001,1.7569472589434298
121.907,1.7526571730615113
121.908,1.7483659757177725
121.90900000000001,1.7440736823903538
121.91,1.7397803085518175
121.911,1.7354858696689877
121.91200000000001,1.7311903812027487
121.913,1.7268938586078761
121.914,1.722596317332854
121.91500000000001,1.7182977728197002
121.916,1.7139982405037775
121.917,1.7096977358136203
121.91800000000001,1.7053962741707576
121.919,1.7010938709895345
121.92,1.6967905416769347
121.92100000000001,1.6924863016323972
121.922,1.68818116624765
121.923,1.6838751509065324
121.92400000000001,1.6795682709848079
121.925,1.6752605418500053
121.926,1.6709519788612288
121.92700000000001,1.6666425973690004
121.928,1.6623324127150689
121.929,1.6580214402322468
121.93000000000001,1.6537096952442341
121.931,1.6493971930654516
121.932,1.6450839490008571
121.93299999999999,1.6407699783457839
121.934,1.6364552963857653
121.935,1.6321399183963683
121.93600000000001,1.6278238596430166
121.937,1.6235071353808272
121.938,1.6191897608544354
121.93899999999999,1.6148717512978341
121.94,1.6105531219341969
121.941,1.6062338879757136
121.94200000000001,1.6019140646234227
121.943,1.5975936670670514
121.944,1.5932727104848348
121.94499999999999,1.5889512100433612
121.946,1.5846291808974009
121.947,1.5803066381897515
121.94799999999999,1.5759835970510561
121.949,1.5716600725996532
121.95,1.5673360799414062
121.95099999999999,1.5630116341695475
121.952,1.5586867503645054
121.953,1.5543614435937512
121.95399999999999,1.5500357289116307
121.955,1.5457096213592123
121.956,1.5413831359641139
121.95699999999999,1.5370562877403551
121.958,1.5327290916881848
121.959,1.5284015627939358
121.95999999999999,1.5240737160298554
121.961,1.5197455663539519
121.962,1.5154171287098319
121.96299999999999,1.5110884180265565
121.964,1.5067594492184671
121.965,1.5024302371850391
121.96599999999999,1.4981007968107223
121.967,1.4937711429647962
121.968,1.4894412905011949
121.96899999999999,1.4851112542583722
121.97,1.4807810490591355
121.971,1.4764506897105063
121.97199999999999,1.4721201910035453
121.973,1.4677895677132251
121.974,1.4634588345982571
121.97499999999999,1.4591280064009595
121.976,1.4547970978470894
121.977,1.4504661236457017
121.97799999999999,1.4461350984889982
121.979,1.4418040370521819
121.98,1.4374729539932987
121.98099999999999,1.4331418639530979
121.982,1.4288107815548785
121.983,1.4244797214043505
121.98399999999999,1.4201486980894802
121.985,1.4158177261803426
121.986,1.4114868202289843
121.98699999999999,1.4071559947692762
121.988,1.402825264316762
121.989,1.3984946433685197
121.98999999999999,1.3941641464030166
121.991,1.3898337878799725
121.992,1.3855035822402038
121.99299999999999,1.3811735439054937
121.994,1.3768436872784431
121.995,1.3725140267423375
121.996,1.3681845766609981
121.997,1.363855351378646
121.998,1.3595263652197633
121.999,1.3551976324889559
122,1.350869167470806
122.001,1.3465409844297469
122.002,1.3422130976099178
122.003,1.3378855212350254
122.004,1.3335582695082209
122.005,1.3292313566119445
122.006,1.3249047967078054
122.00700000000001,1.3205786039364393
122.008,1.316252792417383
122.009,1.3119273762489292
122.01000000000001,1.307602369507999
122.011,1.3032777862500118
122.012,1.2989536405087536
122.01300000000001,1.294629946296237
122.014,1.2903067176025811
122.015,1.2859839683958723
122.01600000000001,1.2816617126220446
122.017,1.2773399642047378
122.018,1.2730187370451775
122.01900000000001,1.2686980450220433
122.02,1.2643779019913464
122.021,1.2600583217862924
122.02200000000001,1.2557393182171643
122.023,1.2514209050711893
122.024,1.2471030961124208
122.02500000000001,1.2427859050816066
122.026,1.2384693456960663
122.027,1.2341534316495679
122.02800000000001,1.2298381766122073
122.029,1.2255235942302796
122.03,1.2212096981261606
122.03100000000001,1.2168965018981834
122.032,1.2125840191205226
122.033,1.2082722633430611
122.03400000000001,1.2039612480912847
122.035,1.1996509868661482
122.036,1.1953414931439761
122.03700000000001,1.1910327803763183
122.038,1.1867248619898536
122.039,1.182417751386259
122.04000000000001,1.1781114619421047
122.041,1.1738060070087262
122.042,1.1695013999121149
122.04300000000001,1.1651976539527968
122.044,1.1608947824057334
122.045,1.1565927985201863
122.04600000000001,1.1522917155196173
122.047,1.1479915466015684
122.048,1.1436923049375627
122.04900000000001,1.1393940036729731
122.05,1.1350966559269215
122.051,1.1308002747921679
122.05200000000001,1.1265048733350027
122.053,1.1222104645951285
122.054,1.1179170615855547
122.05500000000001,1.1136246772924911
122.056,1.1093333246752433
122.057,1.1050430166660923
122.05799999999999,1.1007537661701998
122.059,1.0964655860654933
122.06,1.0921784892025732
122.06100000000001,1.0878924884045889
122.062,1.0836075964671463
122.063,1.0793238261581992
122.06399999999999,1.075041190217956
122.065,1.0707597013587566
122.066,1.0664793722649863
122.06700000000001,1.0622002155929655
122.068,1.0579222439708564
122.069,1.0536454699985516
122.06999999999999,1.0493699062475794
122.071,1.0450955652610041
122.072,1.0408224595533291
122.07299999999999,1.0365506016103905
122.074,1.0322800038892646
122.075,1.0280106788181689
122.07599999999999,1.0237426387963697
122.077,1.0194758961940744
122.078,1.0152104633523478
122.07899999999999,1.0109463525830047
122.08,1.0066835761685322
122.081,1.0024221463619734
122.08199999999999,0.99816207538685164
122.083,0.9939033754370673
122.084,0.98964605867681243
122.08499999999999,0.98539013724047197
122.086,0.98113562323253389
122.087,0.97688252872750081
122.08799999999999,0.97263086576980196
122.089,0.96838064637369226
122.09,0.96413188252317539
122.09099999999999,0.9598845861719052
122.092,0.95563876924311053
122.093,0.95139444362949088
122.09399999999999,0.94715162119314034
122.095,0.94291031376545797
122.096,0.93867053314706628
122.09699999999999,0.93443229110771542
122.098,0.93019559938620944
122.099,0.92596046969031276
122.09999999999999,0.92172691369667714
122.101,0.9174949430507463
122.102,0.91326456936668232
122.10299999999999,0.90903580422727626
122.104,0.90480865918387932
122.105,0.90058314575630349
122.10599999999999,0.89635927543275662
122.107,0.89213705966975299
122.108,0.88791650989204352
122.10899999999999,0.88369763749252772
122.11,0.87948045383217677
122.111,0.87526497023995875
122.11199999999999,0.87105119801276643
122.113,0.86683914841533205
122.114,0.86262883268015067
122.11499999999999,0.85842026200741139
122.116,0.85421344756492301
122.117,0.85000840048803028
122.11799999999999,0.84580513187954998
122.119,0.84160365280969085
122.12,0.8374039743159879
122.121,0.83320610740322321
122.122,0.82901006304335878
122.123,0.82481585217545972
122.124,0.82062348570563748
122.125,0.81643297450696362
122.126,0.81224432941940661
122.127,0.80805756124976846
122.128,0.80387268077160601
122.129,0.79968969872517737
122.13,0.79550862581735959
122.131,0.79132947272159171
122.13200000000001,0.7871522500778031
122.133,0.78297696849235809
122.134,0.7788036385379743
122.13500000000001,0.77463227075367347
122.136,0.77046287564470728
122.137,0.76629546368250812
122.13800000000001,0.76213004530460582
122.139,0.75796663091458238
122.14,0.75380523088200058
122.14100000000001,0.7496458555423523
122.142,0.74548851519698722
122.143,0.74133322011306102
122.14400000000001,0.73717998052346689
122.145,0.73302880662679237
122.146,0.72887970858724482
122.14700000000001,0.72473269653459915
122.148,0.72058778056414174
122.149,0.71644497073661983
122.15000000000001,0.71230427707816923
122.151,0.70816570958027503
122.152,0.70402927819970385
122.15300000000001,0.69989499285846446
122.154,0.69576286344373606
122.155,0.69163289980782616
122.15600000000001,0.68750511176811391
122.157,0.68337950910700196
122.158,0.67925610157185812
122.15900000000001,0.6751348988749698
122.16,0.67101591069348521
122.161,0.66689914666937788
122.16200000000001,0.66278461640938147
122.163,0.65867232948494725
122.164,0.65456229543219835
122.16500000000001,0.6504545237518774
122.166,0.64634902390930182
122.167,0.64224580533431153
122.16800000000001,0.63814487742122994
122.169,0.63404624952881572
122.17,0.62994993098021534
122.17100000000001,0.6258559310629177
122.172,0.62176425902871235
122.173,0.61767492409364833
122.17400000000001,0.61358793543798518
122.175,0.60950330220615312
122.176,0.60542103350670828
122.17700000000001,0.6013411384123013
122.178,0.59726362595962068
122.179,0.59318850514936439
122.18000000000001,0.58911578494619388
122.181,0.58504547427870124
122.182,0.58097758203935901
122.18299999999999,0.57691211708449575
122.184,0.57284908823424363
122.185,0.56878850427251715
122.18600000000001,0.56473037394696068
122.187,0.56067470596892521
122.188,0.55662150901341811
122.18899999999999,0.55257079171909118
122.19,0.54852256268817956
122.191,0.54447683048648621
122.19200000000001,0.54043360364333615
122.193,0.5363928906515576
122.194,0.53235469996743601
122.19499999999999,0.52831904001068675
122.196,0.52428591916442735
122.197,0.52025534577514287
122.19799999999999,0.51622732815265482
122.199,0.51220187457009514
122.2,0.50817899326387006
122.20099999999999,0.5041586924336412
122.202,0.50014098024228915
122.203,0.49612586481588994
122.20399999999999,0.49211335424368263
122.205,0.48810345657805154
122.206,0.48409617983449249
122.20699999999999,0.48009153199158905
122.208,0.47608952099098589
122.209,0.47209015473737437
122.20999999999999,0.46809344109845097
122.211,0.46409938790490957
122.212,0.4601080029504061
122.21299999999999,0.45611929399154971
122.214,0.45213326874786719
122.215,0.44814993490178923
122.21599999999999,0.44416930009862443
122.217,0.44019137194654867
122.218,0.43621615801657265
122.21899999999999,0.43224366584253104
122.22,0.42827390292105716
122.221,0.42430687671157541
122.22199999999999,0.42034259463627022
122.223,0.41638106408007736
122.224,0.41242229239066175
122.22499999999999,0.4084662868784108
122.226,0.40451305481640332
122.227,0.40056260344040684
122.22799999999999,0.3966149399488561
122.229,0.39267007150284883
122.23,0.3887280052261155
122.23099999999999,0.38478874820501918
122.232,0.38085230748853682
122.233,0.37691869008825085
122.23399999999999,0.37298790297833539
122.235,0.3690599530955434
122.236,0.36513484733919532
122.23699999999999,0.36121259257117999
122.238,0.35729319561592487
122.239,0.35337666326040607
122.23999999999999,0.34946300225412563
122.241,0.34555221930911584
122.242,0.34164432109992027
122.24299999999999,0.33773931426359227
122.244,0.33383720539968453
122.245,0.32993800107025328
122.246,0.3260417077998381
122.247,0.32214833207546434
122.248,0.31825788034663738
122.249,0.31437035902534438
122.25,0.31048577448603654
122.251,0.30660413306563772
122.252,0.30272544106354049
122.253,0.29884970474159522
122.254,0.29497693032412253
122.255,0.29110712399789862
122.256,0.28724029191215994
122.25700000000001,0.28337644017860586
122.258,0.27951557487139378
122.259,0.27565770202714468
122.26000000000001,0.27180282764493913
122.261,0.26795095768632127
122.262,0.26410209807530372
122.26300000000001,0.26025625469836511
122.264,0.25641343340446054
122.265,0.2525736400050107
122.26600000000001,0.24873688027393004
122.267,0.24490315994760659
122.268,0.24107248472491838
122.26900000000001,0.23724486026724212
122.27,0.23342029219845606
122.271,0.22959878610494067
122.27200000000001,0.22578034753559439
122.273,0.22196498200183523
122.274,0.2181526949776178
122.27500000000001,0.21434349189942559
122.276,0.2105373781662947
122.277,0.20673435913981519
122.27800000000001,0.20293444014414708
122.279,0.19913762646602273
122.28,0.19534392335476736
122.28100000000001,0.19155333602229652
122.282,0.18776586964314879
122.283,0.18398152935447487
122.28400000000001,0.18020032025606514
122.285,0.17642224741035517
122.286,0.17264731584245152
122.28700000000001,0.16887553054012838
122.288,0.16510689645385312
122.289,0.16134141849680028
122.29000000000001,0.15757910154486732
122.291,0.15381995043668661
122.292,0.15006396997364413
122.29300000000001,0.14631116491989626
122.294,0.14256154000239296
122.295,0.13881509991088059
122.29600000000001,0.13507184929793703
122.297,0.13133179277898099
122.298,0.12759493493229157
122.29900000000001,0.12386128029903265
122.3,0.12013083338326713
122.301,0.11640359865197802
122.30200000000001,0.11267958053509908
122.303,0.10895878342552212
122.304,0.10524121167912837
122.30500000000001,0.10152686961480417
122.306,0.097815761514474353
122.307,0.094107891623113948
122.30799999999999,0.090403264148778195
122.309,0.086701883262621626
122.31,0.083003753098933153
122.31100000000001,0.079308877755149609
122.312,0.075617261291884841
122.313,0.071928907732959013
122.31399999999999,0.068243821065421484
122.315,0.064562005239580555
122.316,0.060883464169026125
122.31700000000001,0.057208201730658326
122.318,0.053536221764725278
122.319,0.049867528074836853
122.31999999999999,0.046202124428001756
122.321,0.042540014554655281
122.322,0.038881202148694394
122.32299999999999,0.035225690867498383
122.324,0.03157348433196594
122.325,0.027924586126544026
122.32599999999999,0.024278999799266066
122.327,0.020636728861770814
122.328,0.016997776789347441
122.32899999999999,0.013362147020957726
122.33,0.0097298429592842517
122.331,0.0061008679707468261
122.33199999999999,0.0024752253855471196
122.333,-0.0011470815022995851
122.334,-0.0047660494349248683
122.33499999999999,-0.0083816751905816389
122.336,-0.011993955583597504
122.337,-0.015602887464348569
122.33799999999999,-0.019208467719213695
122.339,-0.022810693270538529
122.34,-0.026409561076609078
122.34099999999999,-0.030005068131600421
122.342,-0.033597211465538956
122.343,-0.037185988144274651
122.34399999999999,-0.040771395269434407
122.345,-0.044353429978382097
122.346,-0.047932089444175485
122.34699999999999,-0.051507370875534697
122.348,-0.055079271516797812
122.349,-0.058647788647874677
122.34999999999999,-0.062212919584210047
122.351,-0.065774661676741619
122.352,-0.069333012311855624
122.35299999999999,-0.072887968911345524
122.354,-0.076439528932366496
122.355,-0.079987689867395684
122.35599999999999,-0.083532449244182905
122.357,-0.087073804625712237
122.358,-0.090611753610151391
122.35899999999999,-0.094146293830809302
122.36,-0.097677422956091497
122.361,-0.1012051386894528
122.36199999999999,-0.10472943876934937
122.363,-0.10825032096919318
122.364,-0.11176778309730606
122.36499999999999,-0.11528182299687306
122.366,-0.11879243854588784
122.367,-0.12229962765711133
122.36799999999999,-0.12580338827802118
122.369,-0.12930371839076082
122.37,-0.13280061601208892
122.371,-0.13629407919333603
122.372,-0.13978410602034641
122.373,-0.14327069461343211
122.374,-0.14675384312731832
122.375,-0.15023354975109582
122.376,-0.15370981270816864
122.377,-0.15718263025619694
122.378,-0.16065200068705354
122.379,-0.16411792232675859
122.38,-0.16758039353543852
122.381,-0.1710394127072643
122.38200000000001,-0.17449497827040372
122.383,-0.17794708868695852
122.384,-0.1813957424529149
122.38500000000001,-0.18484093809809221
122.386,-0.18828267418607991
122.387,-0.19172094931418182
122.38800000000001,-0.19515576211337038
122.389,-0.19858711124821538
122.39,-0.20201499541683821
122.39100000000001,-0.20543941335084748
122.392,-0.20886036381528661
122.393,-0.2122778456085721
122.39400000000001,-0.21569185756243714
122.395,-0.21910239854187075
122.396,-0.22250946744505962
122.39700000000001,-0.22591306320333171
122.398,-0.22931318478109319
122.399,-0.23270983117576405
122.40000000000001,-0.23610300141772722
122.401,-0.23949269457026201
122.402,-0.24287890972948434
122.40300000000001,-0.24626164602427947
122.404,-0.24964090261624783
122.405,-0.25301667869964528
122.40600000000001,-0.25638897350130785
122.407,-0.25975778628059909
122.408,-0.26312311632934304
122.40900000000001,-0.26648496297176272
122.41,-0.26984332556441526
122.411,-0.27319820349612423
122.41200000000001,-0.27654959618792163
122.413,-0.27989750309297734
122.414,-0.28324192369653756
122.41500000000001,-0.28658285751585377
122.416,-0.28992030410012504
122.417,-0.29325426303042468
122.41800000000001,-0.29658473391963813
122.419,-0.29991171641238945
122.42,-0.30323521018498512
122.42100000000001,-0.30655521494533677
122.422,-0.3098717304328964
122.423,-0.31318475641858856
122.42400000000001,-0.31649429270474183
122.425,-0.31980033912502104
122.426,-0.32310289554435601
122.42700000000001,-0.32640196185887227
122.428,-0.32969753799582135
122.429,-0.33298962391351417
122.43000000000001,-0.33627821960124793
122.431,-0.33956332507922915
122.432,-0.34284494039851499
122.43299999999999,-0.34612306564093309
122.434,-0.34939770091901567
122.435,-0.35266884637591756
122.43600000000001,-0.35593650218535777
122.437,-0.35920066855153676
122.438,-0.36246134570906841
122.43899999999999,-0.36571853392290099
122.44,-0.36897223348825436
122.441,-0.37222244473053423
122.44200000000001,-0.37546916800527064
122.443,-0.37871240369802806
122.444,-0.38195215222434653
122.44499999999999,-0.38518841402965687
122.446,-0.38842118958920979
122.447,-0.39165047940799447
122.44799999999999,-0.39487628402067365
122.449,-0.39809860399149777
122.45,-0.40131743991423363
122.45099999999999,-0.40453279241208318
122.452,-0.40774466213761329
122.453,-0.41095304977267277
122.45399999999999,-0.41415795602831906
122.455,-0.41735938164473607
122.456,-0.42055732739115959
122.45699999999999,-0.42375179406579999
122.458,-0.42694278249575968
122.459,-0.43013029353695442
122.45999999999999,-0.43331432807404058
122.461,-0.4364948870203289
122.462,-0.4396719713177073
122.46299999999999,-0.44284558193656087
122.464,-0.44601571987569333
122.465,-0.4491823861622426
122.46599999999999,-0.45234558185160756
122.467,-0.45550530802735256
122.468,-0.45866156580114525
122.46899999999999,-0.46181435631266154
122.47,-0.46496368072951011
122.471,-0.46810954024714535
122.47199999999999,-0.47125193608878924
122.473,-0.47439086950534781
122.474,-0.47752634177533215
122.47499999999999,-0.48065835420476377
122.476,-0.4837869081271049
122.477,-0.48691200490316922
122.47799999999999,-0.49003364592103837
122.479,-0.49315183259597273
122.48,-0.49626656637033895
122.48099999999999,-0.49937784871351676
122.482,-0.50248568112181591
122.483,-0.50559006511839089
122.48399999999999,-0.508691002253157
122.485,-0.51178849410270866
122.486,-0.51488254227022701
122.48699999999999,-0.51797314838539288
122.488,-0.52106031410431042
122.489,-0.52414404110941426
122.48999999999999,-0.52722433110938338
122.491,-0.53030118583905139
122.492,-0.53337460705932616
122.49299999999999,-0.53644459655710053
122.494,-0.53951115614516265
122.495,-0.54257428766210491
122.496,-0.5456339929722489
122.497,-0.54869027396554193
122.498,-0.55174313255748153
122.499,-0.55479257068901511
122.5,-0.55783859032646221
122.501,-0.56088119346141863
122.502,-0.56392038211067108
122.503,-0.56695615831610269
122.504,-0.56998852414460988
122.505,-0.57301748168800781
122.506,-0.57604303306294513
122.50700000000001,-0.57906518041080712
122.508,-0.58208392589763092
122.509,-0.58509927171401355
122.51000000000001,-0.58811122007501959
122.511,-0.59111977322009412
122.512,-0.59412493341296191
122.51300000000001,-0.59712670294154968
122.514,-0.60012508411788801
122.515,-0.60312007927801536
122.51600000000001,-0.60611169078189064
122.517,-0.60909992101330346
122.518,-0.61208477237977643
122.51900000000001,-0.6150662473124795
122.52,-0.61804434826612553
122.521,-0.62101907771889042
122.52200000000001,-0.62399043817231581
122.523,-0.62695843215121361
122.524,-0.62992306220356786
122.52500000000001,-0.6328843309004557
122.526,-0.63584224083594121
122.527,-0.63879679462698613
122.52800000000001,-0.64174799491335133
122.529,-0.64469584435751104
122.53,-0.64764034564455253
122.53100000000001,-0.65058150148208149
122.532,-0.6535193146001288
122.533,-0.65645378775105634
122.53400000000001,-0.65938492370945845
122.535,-0.66231272527207263
122.536,-0.66523719525767699
122.53700000000001,-0.66815833650700096
122.538,-0.6710761518826267
122.539,-0.67399064426889455
122.54000000000001,-0.67690181657180171
122.541,-0.67980967171891571
122.542,-0.68271421265927046
122.54300000000001,-0.68561544236327299
122.544,-0.68851336382260353
122.545,-0.69140798005012627
122.54600000000001,-0.69429929407978319
122.547,-0.69718730896650438
122.548,-0.70007202778610456
122.54900000000001,-0.70295345363519246
122.55,-0.70583158963106962
122.551,-0.70870643891163354
122.55200000000001,-0.71157800463527465
122.553,-0.71444628998079107
122.554,-0.71731129814727801
122.55500000000001,-0.72017303235403762
122.556,-0.72303149584047643
122.557,-0.72588669186600763
122.55799999999999,-0.7287386237099569
122.559,-0.73158729467145767
122.56,-0.73443270806935423
122.56100000000001,-0.73727486724210589
122.562,-0.74011377554768654
122.563,-0.74294943636348432
122.56399999999999,-0.7457818530861986
122.565,-0.74861102913175426
122.566,-0.75143696793518355
122.56700000000001,-0.75425967295054441
122.568,-0.75707914765080764
122.569,-0.75989539552776009
122.56999999999999,-0.76270842009191542
122.571,-0.76551822487239818
122.572,-0.76832481341685277
122.57299999999999,-0.77112818929134264
122.574,-0.77392835608024813
122.575,-0.77672531738617145
122.57599999999999,-0.77951907682982213
122.577,-0.78230963804993525
122.578,-0.78509700470315913
122.57899999999999,-0.78788118046395761
122.58,-0.79066216902450481
122.581,-0.79343997409459321
122.58199999999999,-0.79621459940152706
122.583,-0.79898604869002066
122.584,-0.80175432572209582
122.58499999999999,-0.80451943427698858
122.586,-0.80728137815103906
122.587,-0.81004016115759558
122.58799999999999,-0.81279578712690759
122.589,-0.8155482599060333
122.59,-0.81829758335872738
122.59099999999999,-0.8210437613653454
122.592,-0.823786797822744
122.593,-0.82652669664417155
122.59399999999999,-0.82926346175917232
122.595,-0.83199709711348513
122.596,-0.8347276066689342
122.59699999999999,-0.8374549944033336
122.598,-0.84017926431038825
122.599,-0.84290042039958069
122.59999999999999,-0.84561846669607377
122.601,-0.84833340724061612
122.602,-0.85104524608942445
122.60299999999999,-0.85375398731409602
122.604,-0.85645963500149769
122.605,-0.85916219325366372
122.60599999999999,-0.86186166618769366
122.607,-0.86455805793565998
122.608,-0.8672513726444806
122.60899999999999,-0.86994161447584295
122.61,-0.87262878760608764
122.611,-0.8753128962261072
122.61199999999999,-0.87799394454123947
122.613,-0.88067193677117439
122.614,-0.88334687714984295
122.61499999999999,-0.88601876992532125
122.616,-0.88868761935971463
122.617,-0.89135342972906884
122.61799999999999,-0.8940162053232612
122.619,-0.89667595044589499
122.62,-0.89933266941419632
122.621,-0.90198636655891962
122.622,-0.90463704622423347
122.623,-0.90728471276762157
122.624,-0.90992937055978285
122.625,-0.91257102398452306
122.626,-0.91520967743865178
122.627,-0.91784533533188295
122.628,-0.92047800208673269
122.629,-0.92310768213840433
122.63,-0.92573437993469909
122.631,-0.92835809993590779
122.63200000000001,-0.93097884661470465
122.633,-0.93359662445604297
122.634,-0.93621143795706008
122.63500000000001,-0.9388232916269641
122.636,-0.94143218998693801
122.637,-0.94403813757003041
122.63800000000001,-0.94664113892105739
122.639,-0.94924119859649325
122.64,-0.95183832116437461
122.64100000000001,-0.95443251120418626
122.642,-0.95702377330677146
122.643,-0.95961211207421648
122.64400000000001,-0.962197532119756
122.645,-0.96478003806766077
122.646,-0.96735963455314034
122.64700000000001,-0.96993632622223958
122.648,-0.97251011773173968
122.649,-0.97508101374903866
122.65000000000001,-0.97764901895206613
122.651,-0.9802141380291709
122.652,-0.98277637567901843
122.65300000000001,-0.98533573661049134
122.654,-0.98789222554257883
122.655,-0.99044584720428386
122.65600000000001,-0.99299660633450992
122.657,-0.99554450768196201
122.658,-0.99808955600504801
122.65900000000001,-1.0006317560717668
122.66,-1.0031711126596106
122.661,-1.0057076305554618
122.66200000000001,-1.0082413145554887
122.663,-1.0107721694650431
122.664,-1.0133002000985591
122.66500000000001,-1.0158254112794434
122.666,-1.0183478078399819
122.667,-1.0208673946212317
122.66800000000001,-1.0233841764729168
122.669,-1.0258981582533311
122.67,-1.0284093448292295
122.67100000000001,-1.030917741075728
122.672,-1.0334233518762073
122.673,-1.0359261821221932
122.67400000000001,-1.0384262367132733
122.675,-1.0409235205569853
122.676,-1.0434180385687153
122.67700000000001,-1.0459097956715948
122.678,-1.0483987967963992
122.679,-1.0508850468814495
122.68000000000001,-1.053368550872503
122.681,-1.0558493137226574
122.682,-1.0583273403922457
122.68299999999999,-1.0608026358487361
122.684,-1.0632752050666272
122.685,-1.0657450530273485
122.68600000000001,-1.068212184719159
122.687,-1.0706766051370447
122.688,-1.0731383192826174
122.68899999999999,-1.0755973321640124
122.69,-1.078053648795787
122.691,-1.0805072741988218
122.69200000000001,-1.0829582134002176
122.693,-1.0854064714331901
122.694,-1.0878520533369769
122.69499999999999,-1.0902949641567297
122.696,-1.0927352089434197
122.697,-1.0951727927537283
122.69799999999999,-1.0976077206499526
122.699,-1.100039997699906
122.7,-1.102469628976813
122.70099999999999,-1.1048966195592089
122.702,-1.107320974530841
122.703,-1.1097426989805736
122.70399999999999,-1.112161798002278
122.705,-1.1145782766947345
122.706,-1.1169921401615404
122.70699999999999,-1.1194033935110008
122.708,-1.1218120418560353
122.709,-1.1242180903140713
122.70999999999999,-1.1266215440069534
122.711,-1.1290224080608353
122.712,-1.1314206876060848
122.71299999999999,-1.1338163877771867
122.714,-1.1362095137126378
122.715,-1.1386000705548494
122.71599999999999,-1.1409880634500551
122.717,-1.1433734975481999
122.718,-1.1457563780028548
122.71899999999999,-1.148136709971106
122.72,-1.1505144986134677
122.721,-1.1528897490937706
122.72199999999999,-1.1552624665790763
122.723,-1.1576326562395729
122.724,-1.1600003232484792
122.72499999999999,-1.1623654727819415
122.726,-1.1647281100189431
122.727,-1.1670882401412022
122.72799999999999,-1.169445868333078
122.729,-1.1718009997814667
122.73,-1.1741536396757124
122.73099999999999,-1.176503793207504
122.732,-1.1788514655707831
122.733,-1.1811966619616387
122.73399999999999,-1.1835393875782212
122.735,-1.1858796476206384
122.736,-1.1882174472908651
122.73699999999999,-1.1905527917926375
122.738,-1.1928856863313633
122.739,-1.1952161361140323
122.73999999999999,-1.1975441463491046
122.741,-1.1998697222464267
122.742,-1.202192869017134
122.74299999999999,-1.2045135918735532
122.744,-1.2068318960291076
122.745,-1.2091477866982214
122.746,-1.2114612690962283
122.747,-1.2137723484392695
122.748,-1.2160810299442102
122.749,-1.2183873188285315
122.75,-1.2206912203102469
122.751,-1.2229927396078009
122.752,-1.2252918819399827
122.753,-1.2275886525258231
122.754,-1.2298830565845087
122.755,-1.2321750993352825
122.756,-1.2344647859973525
122.75700000000001,-1.2367521217898041
122.758,-1.2390371119314958
122.759,-1.2413197616409746
122.76000000000001,-1.243600076136381
122.761,-1.2458780606353579
122.762,-1.2481537203549538
122.76300000000001,-1.2504270605115337
122.764,-1.2526980863206929
122.765,-1.2549668029971479
122.76600000000001,-1.2572332157546668
122.767,-1.2594973298059591
122.768,-1.2617591503625953
122.76900000000001,-1.2640186826349131
122.77,-1.266275931831923
122.771,-1.2685309031612233
122.77200000000001,-1.2707836018289025
122.773,-1.2730340330394609
122.774,-1.2752822019956978
122.77500000000001,-1.2775281138986498
122.776,-1.2797717739474801
122.777,-1.282013187339397
122.77800000000001,-1.2842523592695607
122.779,-1.2864892949310005
122.78,-1.2887239995145165
122.78100000000001,-1.290956478208602
122.782,-1.2931867361993405
122.783,-1.2954147786703301
122.78400000000001,-1.2976406108025884
122.785,-1.2998642377744667
122.786,-1.3020856647615586
122.78700000000001,-1.304304896936618
122.788,-1.3065219394694663
122.789,-1.3087367975269095
122.79000000000001,-1.3109494762726444
122.791,-1.3131599808671774
122.792,-1.315368316467743
122.79300000000001,-1.3175744882282001
122.794,-1.3197785012989609
122.795,-1.3219803608269003
122.79600000000001,-1.3241800719552677
122.797,-1.326377639823606
122.798,-1.3285730695676596
122.79900000000001,-1.3307663663192937
122.8,-1.3329575352064098
122.801,-1.3351465813528591
122.80200000000001,-1.3373335098783565
122.803,-1.3395183258983976
122.804,-1.3417010345241742
122.80500000000001,-1.3438816408624952
122.806,-1.3460601500156915
122.807,-1.3482365670815426
122.80799999999999,-1.3504108971531896
122.809,-1.352583145319052
122.81,-1.3547533166627441
122.81100000000001,-1.3569214162629946
122.812,-1.3590874491935629
122.813,-1.3612514205231556
122.81399999999999,-1.3634133353153461
122.815,-1.3655731986284922
122.816,-1.3677310155156546
122.81700000000001,-1.3698867910245176
122.818,-1.3720405301973035
122.819,-1.3741922380706946
122.81999999999999,-1.3763419196757534
122.821,-1.3784895800378432
122.822,-1.3806352241765403
122.82299999999999,-1.382778857105563
122.824,-1.3849204838326887
122.825,-1.3870601093596773
122.82599999999999,-1.3891977386821788
122.827,-1.3913333767896763
122.828,-1.393467028665389
122.82899999999999,-1.3955986992862015
122.83,-1.3977283936225828
122.831,-1.3998561166385115
122.83199999999999,-1.4019818732913967
122.833,-1.4041056685319999
122.834,-1.4062275073043531
122.83499999999999,-1.4083473945456948
122.836,-1.4104653351863754
122.837,-1.4125813341497988
122.83799999999999,-1.4146953963523301
122.839,-1.416807526703233
122.84,-1.4189177301045848
122.84099999999999,-1.421026011451203
122.842,-1.4231323756305705
122.843,-1.4252368275227663
122.84399999999999,-1.4273393720003793
122.845,-1.4294400139284433
122.846,-1.4315387581643551
122.84699999999999,-1.4336356095578107
122.848,-1.4357305729507197
122.849,-1.4378236531771429
122.84999999999999,-1.4399148550632077
122.851,-1.4420041834270472
122.852,-1.444091643078715
122.85299999999999,-1.4461772388201237
122.854,-1.4482609754449673
122.855,-1.4503428577386477
122.85599999999999,-1.4524228904782066
122.857,-1.4545010784322541
122.858,-1.4565774263608926
122.85899999999999,-1.4586519390156534
122.86,-1.4607246211394211
122.861,-1.4627954774663627
122.86199999999999,-1.4648645127218569
122.863,-1.4669317316224317
122.864,-1.4689971388756855
122.86499999999999,-1.4710607391802255
122.866,-1.4731225372255907
122.867,-1.4751825376921879
122.86799999999999,-1.4772407452512271
122.869,-1.4792971645646427
122.87,-1.4813518002850348
122.871,-1.4834046570555994
122.872,-1.4854557395100594
122.873,-1.4875050522725961
122.874,-1.489552599957785
122.875,-1.4915983871705296
122.876,-1.4936424185059942
122.877,-1.4956846985495362
122.878,-1.4977252318766445
122.879,-1.4997640230528657
122.88,-1.50180107663375
122.881,-1.5038363971647795
122.88200000000001,-1.5058699891813041
122.883,-1.5079018572084761
122.884,-1.5099320057611929
122.88500000000001,-1.5119604393440227
122.886,-1.5139871624511514
122.887,-1.5160121795663097
122.88800000000001,-1.5180354951627186
122.889,-1.5200571137030203
122.89,-1.5220770396392229
122.89100000000001,-1.5240952774126288
122.892,-1.5261118314537798
122.893,-1.5281267061823951
122.89400000000001,-1.5301399060073098
122.895,-1.5321514353264081
122.896,-1.5341612985265716
122.89700000000001,-1.5361694999836133
122.898,-1.538176044062221
122.899,-1.5401809351158908
122.90000000000001,-1.5421841774868761
122.901,-1.5441857755061243
122.902,-1.5461857334932172
122.90300000000001,-1.5481840557563156
122.904,-1.5501807465920923
122.905,-1.5521758102856857
122.90600000000001,-1.554169251110638
122.907,-1.5561610733288305
122.908,-1.5581512811904381
122.90900000000001,-1.560139878933863
122.91,-1.5621268707856841
122.911,-1.5641122609605951
122.91200000000001,-1.5660960536613557
122.913,-1.5680782530787281
122.914,-1.5700588633914307
122.91500000000001,-1.5720378887660686
122.916,-1.5740153333570999
122.917,-1.5759912013067585
122.91800000000001,-1.577965496745017
122.919,-1.5799382237895236
122.92,-1.5819093865455507
122.92100000000001,-1.5838789891059428
122.922,-1.5858470355510659
122.923,-1.587813529948745
122.92400000000001,-1.5897784763542213
122.925,-1.591741878810101
122.926,-1.5937037413462956
122.92700000000001,-1.5956640679799694
122.928,-1.5976228627155034
122.929,-1.5995801295444276
122.93000000000001,-1.601535872445377
122.931,-1.6034900953840423
122.932,-1.6054428023131195
122.93299999999999,-1.6073939971722573
122.934,-1.6093436838880129
122.935,-1.6112918663737945
122.93600000000001,-1.6132385485298215
122.937,-1.6151837342430748
122.938,-1.6171274273872407
122.93899999999999,-1.6190696318226676
122.94,-1.6210103513963254
122.941,-1.6229495899417477
122.94200000000001,-1.6248873512789905
122.943,-1.6268236392145807
122.944,-1.6287584575414753
122.94499999999999,-1.6306918100390173
122.946,-1.6326237004728785
122.947,-1.6345541325950257
122.94799999999999,-1.6364831101436694
122.949,-1.6384106368432221
122.95,-1.6403367164042524
122.95099999999999,-1.6422613525234371
122.952,-1.6441845488835276
122.953,-1.6461063091532919
122.95399999999999,-1.648026636987487
122.955,-1.6499455360268005
122.956,-1.6518630098978195
122.95699999999999,-1.6537790622129842
122.958,-1.6556936965705451
122.959,-1.6576069165545184
122.95999999999999,-1.6595187257346535
122.961,-1.6614291276663815
122.962,-1.6633381258907844
122.96299999999999,-1.6652457239345462
122.964,-1.6671519253099123
122.965,-1.6690567335146596
122.96599999999999,-1.6709601520320492
122.967,-1.6728621843307829
122.968,-1.6747628338649774
122.96899999999999,-1.6766621040741123
122.97,-1.6785599983830002
122.971,-1.6804565202017443
122.97199999999999,-1.682351672925702
122.973,-1.6842454599354482
122.974,-1.6861378845967412
122.97499999999999,-1.6880289502604753
122.976,-1.6899186602626575
122.977,-1.6918070179243614
122.97799999999999,-1.6936940265516975
122.979,-1.695579689435772
122.98,-1.6974640098526601
122.98099999999999,-1.6993469910633601
122.982,-1.7012286363137714
122.983,-1.7031089488346431
122.98399999999999,-1.7049879318415591
122.985,-1.7068655885348916
122.986,-1.7087419220997733
122.98699999999999,-1.7106169357060605
122.988,-1.7124906325083034
122.989,-1.7143630156457124
122.98999999999999,-1.7162340882421279
122.991,-1.7181038534059847
122.992,-1.719972314230283
122.99299999999999,-1.7218394737925578
122.994,-1.7237053351548459
122.995,-1.7255699013636581
122.996,-1.7274331754499452
122.997,-1.7292951604290718
122.998,-1.7311558593007836
122.999,-1.7330152750491803
123,-1.7348734106426837
123.001,-1.7367302690340178
123.002,-1.7385858531601626
123.003,-1.7404401659423474
123.004,-1.7422932102860047
123.005,-1.7441449890807572
123.006,-1.7459955052003808
123.00700000000001,-1.7478447615027779
123.008,-1.7496927608299604
123.009,-1.7515395060080152
123.01000000000001,-1.7533849998470745
123.011,-1.7552292451413054
123.012,-1.7570722446688656
123.01300000000001,-1.7589140011918949
123.014,-1.7607545174564811
123.015,-1.7625937961926352
123.01600000000001,-1.7644318401142729
123.017,-1.7662686519191904
123.018,-1.7681042342890323
123.01900000000001,-1.769938589889283
123.02,-1.7717717213692281
123.021,-1.7736036313619423
123.02200000000001,-1.7754343224842666
123.023,-1.7772637973367784
123.024,-1.7790920585037853
123.02500000000001,-1.7809191085532827
123.026,-1.7827449500369519
123.027,-1.7845695854901305
123.02800000000001,-1.7863930174317901
123.029,-1.7882152483645242
123.03,-1.7900362807745198
123.03100000000001,-1.7918561171315441
123.032,-1.7936747598889244
123.033,-1.7954922114835234
123.03400000000001,-1.7973084743357277
123.035,-1.7991235508494321
123.036,-1.8009374434120073
123.03700000000001,-1.8027501543942988
123.038,-1.8045616861506
123.039,-1.806372041018637
123.04000000000001,-1.8081812213195567
123.041,-1.8099892293579014
123.042,-1.8117960674215987
123.04300000000001,-1.8136017377819464
123.044,-1.8154062426935949
123.045,-1.817209584394532
123.04600000000001,-1.8190117651060698
123.047,-1.8208127870328239
123.048,-1.8226126523627104
123.04900000000001,-1.8244113632669214
123.05,-1.8262089218999158
123.051,-1.8280053303994102
123.05199999999999,-1.8298005908863515
123.053,-1.8315947054649246
123.054,-1.8333876762225225
123.05500000000001,-1.8351795052297435
123.056,-1.8369701945403745
123.057,-1.8387597461913829
123.05799999999999,-1.8405481622029032
123.059,-1.8423354445782301
123.06,-1.8441215953038008
123.06100000000001,-1.8459066163491888
123.062,-1.8476905096670957
123.063,-1.8494732771933355
123.06399999999999,-1.8512549208468343
123.065,-1.8530354425296092
123.066,-1.8548148441267682
123.06700000000001,-1.8565931275064997
123.068,-1.858370294520066
123.069,-1.8601463470017894
123.06999999999999,-1.8619212867690487
123.071,-1.8636951156222699
123.072,-1.8654678353449246
123.07300000000001,-1.8672394477035161
123.074,-1.8690099544475727
123.075,-1.8707793573096496
123.07599999999999,-1.8725476580053142
123.077,-1.8743148582331473
123.078,-1.8760809596747308
123.07899999999999,-1.8778459639946461
123.08,-1.8796098728404744
123.081,-1.8813726878427812
123.08199999999999,-1.883134410615118
123.083,-1.8848950427540272
123.084,-1.8866545858390174
123.08499999999999,-1.8884130414325826
123.086,-1.8901704110801827
123.087,-1.8919266963102479
123.08799999999999,-1.8936818986341795
123.089,-1.8954360195463376
123.09,-1.8971890605240449
123.09099999999999,-1.8989410230275943
123.092,-1.9006919085002254
123.093,-1.9024417183681455
123.09399999999999,-1.9041904540405192
123.095,-1.9059381169094602
123.096,-1.9076847083500539
123.09699999999999,-1.9094302297203272
123.098,-1.9111746823612732
123.099,-1.9129180675968454
123.09999999999999,-1.9146603867339462
123.101,-1.9164016410624516
123.102,-1.9181418318551908
123.10299999999999,-1.9198809603679523
123.104,-1.9216190278395029
123.105,-1.9233560354915671
123.10599999999999,-1.9250919845288421
123.107,-1.9268268761390002
123.108,-1.9285607114926879
123.10899999999999,-1.9302934917435328
123.11,-1.9320252180281474
123.111,-1.9337558914661241
123.11199999999999,-1.9354855131600592
123.113,-1.9372140841955332
123.114,-1.9389416056411339
123.11499999999999,-1.9406680785484545
123.116,-1.942393503952097
123.117,-1.9441178828696839
123.11799999999999,-1.9458412163018544
123.119,-1.9475635052322828
123.12,-1.9492847506276769
123.121,-1.951004953437784
123.122,-1.9527241145953997
123.123,-1.9544422350163799
123.124,-1.9561593155996406
123.125,-1.9578753572271697
123.126,-1.9595903607640359
123.127,-1.9613043270583885
123.128,-1.9630172569414852
123.129,-1.9647291512276741
123.13,-1.9664400107144298
123.131,-1.9681498361823406
123.13200000000001,-1.96985862839513
123.133,-1.971566388099669
123.134,-1.9732731160259749
123.13500000000001,-1.9749788128872283
123.136,-1.9766834793797883
123.137,-1.9783871161831925
123.13800000000001,-1.9800897239601798
123.139,-1.9817913033566916
123.14,-1.9834918550018847
123.14100000000001,-1.9851913795081577
123.142,-1.9868898774711434
123.143,-1.9885873494697259
123.14400000000001,-1.9902837960660698
123.145,-1.9919792178056053
123.146,-1.9936736152170687
123.14700000000001,-1.9953669888124947
123.148,-1.9970593390872455
123.149,-1.9987506665200137
123.15000000000001,-2.0004409715728424
123.151,-2.0021302546911337
123.152,-2.0038185163036779
123.15300000000001,-2.0055057568226484
123.154,-2.0071919766436297
123.155,-2.0088771761456319
123.15600000000001,-2.0105613556910988
123.157,-2.0122445156259374
123.158,-2.0139266562795166
123.15900000000001,-2.0156077779646995
123.16,-2.0172878809778525
123.161,-2.0189669655988558
123.16200000000001,-2.0206450320911413
123.163,-2.0223220807016831
123.164,-2.0239981116610313
123.16500000000001,-2.0256731251833342
123.166,-2.0273471214663425
123.167,-2.0290201006914317
123.16800000000001,-2.0306920630236314
123.169,-2.0323630086116271
123.17,-2.0340329375877926
123.17100000000001,-2.035701850068206
123.172,-2.037369746152657
123.173,-2.0390366259246941
123.17400000000001,-2.0407024894516126
123.175,-2.0423673367844954
123.176,-2.044031167958233
123.17699999999999,-2.0456939829915264
123.178,-2.0473557818869343
123.179,-2.0490165646308705
123.18000000000001,-2.050676331193638
123.181,-2.0523350815294505
123.182,-2.053992815576446
123.18299999999999,-2.0556495332567155
123.184,-2.057305234476329
123.185,-2.0589599191253454
123.18600000000001,-2.0606135870778464
123.187,-2.0622662381919548
123.188,-2.0639178723098555
123.18899999999999,-2.0655684892578279
123.19,-2.0672180888462552
123.191,-2.0688666708696606
123.19200000000001,-2.0705142351067285
123.193,-2.0721607813203202
123.194,-2.0738063092575127
123.19499999999999,-2.0754508186496099
123.196,-2.0770943092121734
123.197,-2.0787367806450536
123.19800000000001,-2.0803782326324001
123.199,-2.0820186648427024
123.2,-2.0836580769288053
123.20099999999999,-2.0852964685279387
123.202,-2.0869338392617443
123.203,-2.0885701887363046
123.20399999999999,-2.0902055165421549
123.205,-2.091839822254336
123.206,-2.0934731054323921
123.20699999999999,-2.0951053656204222
123.208,-2.0967366023470948
123.209,-2.0983668151256722
123.20999999999999,-2.0999960034540512
123.211,-2.1016241668147826
123.212,-2.1032513046750938
123.21299999999999,-2.1048774164869353
123.214,-2.1065025016869883
123.215,-2.1081265596967058
123.21599999999999,-2.1097495899223446
123.217,-2.1113715917549776
123.218,-2.1129925645705465
123.21899999999999,-2.1146125077298694
123.22,-2.116231420578683
123.221,-2.117849302447675
123.22199999999999,-2.1194661526525014
123.223,-2.1210819704938269
123.224,-2.1226967552573601
123.22499999999999,-2.1243105062138641
123.226,-2.1259232226192122
123.227,-2.1275349037143996
123.22799999999999,-2.1291455487255853
123.229,-2.1307551568641196
123.23,-2.1323637273265801
123.23099999999999,-2.133971259294793
123.232,-2.1355777519358798
123.233,-2.1371832044022736
123.23399999999999,-2.1387876158317711
123.235,-2.140390985347544
123.236,-2.1419933120581831
123.23699999999999,-2.1435945950577358
123.238,-2.1451948334257267
123.239,-2.1467940262271985
123.23999999999999,-2.1483921725127475
123.241,-2.1499892713185496
123.242,-2.1515853216664036
123.24299999999999,-2.1531803225637556
123.244,-2.1547742730037385
123.245,-2.1563671719652082
123.246,-2.1579590184127748
123.247,-2.159549811296833
123.248,-2.1611395495536088
123.249,-2.1627282321051826
123.25,-2.1643158578595321
123.251,-2.1659024257105659
123.252,-2.1674879345381535
123.253,-2.1690723832081709
123.254,-2.1706557705725271
123.255,-2.1722380954692055
123.256,-2.1738193567223019
123.25700000000001,-2.1753995531420491
123.258,-2.176978683524875
123.259,-2.178556746653415
123.26000000000001,-2.180133741296562
123.261,-2.1817096662095095
123.262,-2.1832845201337685
123.26300000000001,-2.1848583017972283
123.264,-2.1864310099141768
123.265,-2.1880026431853432
123.26600000000001,-2.1895732002979416
123.267,-2.1911426799256994
123.268,-2.192711080728901
123.26900000000001,-2.1942784013544294
123.27,-2.1958446404357894
123.271,-2.1974097965931723
123.27200000000001,-2.1989738684334661
123.273,-2.2005368545503114
123.274,-2.2020987535241408
123.27500000000001,-2.2036595639222072
123.276,-2.2052192842986327
123.277,-2.2067779131944478
123.27800000000001,-2.2083354491376208
123.279,-2.2098918906431115
123.28,-2.2114472362129014
123.28100000000001,-2.2130014843360364
123.282,-2.214554633488667
123.283,-2.21610668213409
123.28400000000001,-2.2176576287227858
123.285,-2.2192074716924641
123.286,-2.2207562094680977
123.28700000000001,-2.2223038404619699
123.288,-2.2238503630737094
123.289,-2.2253957756903349
123.29000000000001,-2.2269400766863003
123.291,-2.2284832644235246
123.292,-2.2300253372514449
123.29300000000001,-2.231566293507055
123.294,-2.233106131514941
123.295,-2.2346448495873328
123.29600000000001,-2.236182446024138
123.297,-2.2377189191129854
123.298,-2.2392542671292759
123.29900000000001,-2.2407884883362121
123.3,-2.2423215809848474
123.301,-2.2438535433141333
123.30199999999999,-2.2453843735509498
123.303,-2.2469140699101628
123.304,-2.248442630594651
123.30500000000001,-2.2499700537953649
123.306,-2.2514963376913606
123.307,-2.2530214804498456
123.30799999999999,-2.2545454802262208
123.309,-2.2560683351641302
123.31,-2.2575900433954921
123.31100000000001,-2.2591106030405586
123.312,-2.2606300122079466
123.313,-2.2621482689946881
123.31399999999999,-2.2636653714862756
123.315,-2.2651813177567006
123.316,-2.2666961058685011
123.31700000000001,-2.268209733872812
123.318,-2.269722199809399
123.319,-2.2712335017067087
123.31999999999999,-2.272743637581915
123.321,-2.2742526054409624
123.322,-2.2757604032786078
123.32300000000001,-2.277267029078474
123.324,-2.2787724808130818
123.325,-2.2802767564439121
123.32599999999999,-2.2817798539214351
123.327,-2.2832817711851701
123.328,-2.2847825061637175
123.32899999999999,-2.2862820567748159
123.33,-2.2877804209253809
123.331,-2.2892775965115542
123.33199999999999,-2.2907735814187493
123.333,-2.2922683735216993
123.334,-2.2937619706844958
123.33499999999999,-2.2952543707606488
123.336,-2.2967455715931151
123.337,-2.2982355710143607
123.33799999999999,-2.2997243668464038
123.339,-2.3012119569008518
123.34,-2.3026983389789568
123.34099999999999,-2.3041835108716713
123.342,-2.3056674703596709
123.343,-2.3071502152134236
123.34399999999999,-2.3086317431932257
123.345,-2.3101120520492509
123.346,-2.3115911395216044
123.34699999999999,-2.31306900334036
123.348,-2.3145456412256102
123.349,-2.3160210508875232
123.34999999999999,-2.3174952300263745
123.351,-2.3189681763326102
123.352,-2.3204398874868843
123.35299999999999,-2.3219103611601097
123.354,-2.3233795950135092
123.355,-2.3248475866986595
123.35599999999999,-2.3263143338575398
123.357,-2.3277798341225844
123.358,-2.3292440851167209
123.35899999999999,-2.330707084453433
123.36,-2.3321688297367964
123.361,-2.3336293185615293
123.36199999999999,-2.3350885485130539
123.363,-2.3365465171675233
123.364,-2.3380032220918863
123.36499999999999,-2.3394586608439329
123.366,-2.3409128309723397
123.367,-2.3423657300167227
123.36799999999999,-2.343817355507682
123.369,-2.3452677049668522
123.37,-2.346716775906958
123.371,-2.3481645658318531
123.372,-2.3496110722365744
123.373,-2.3510562926073928
123.374,-2.3525002244218602
123.375,-2.353942865148861
123.376,-2.3553842122486572
123.377,-2.3568242631729395
123.378,-2.3582630153648854
123.379,-2.3597004662591927
123.38,-2.3611366132821456
123.381,-2.3625714538516545
123.38200000000001,-2.3640049853773029
123.383,-2.3654372052604109
123.384,-2.366868110894075
123.38500000000001,-2.3682976996632128
123.386,-2.3697259689446275
123.387,-2.3711529161070515
123.38800000000001,-2.3725785385111897
123.389,-2.3740028335097803
123.39,-2.3754257984476363
123.39100000000001,-2.3768474306617047
123.392,-2.3782677274811079
123.393,-2.3796866862271995
123.39400000000001,-2.3811043042136135
123.395,-2.3825205787463135
123.396,-2.3839355071236459
123.39700000000001,-2.3853490866363867
123.398,-2.3867613145677957
123.399,-2.3881721881936651
123.40000000000001,-2.38958170478237
123.401,-2.3909898615949183
123.402,-2.3923966558850056
123.40300000000001,-2.3938020848990638
123.404,-2.3952061458763092
123.405,-2.3966088360487952
123.40600000000001,-2.3980101526414614
123.407,-2.399410092872194
123.408,-2.400808653951862
123.40900000000001,-2.4022058330843787
123.41,-2.4036016274667498
123.411,-2.4049960342891197
123.41200000000001,-2.4063890507348358
123.413,-2.4077806739804828
123.414,-2.409170901195945
123.41500000000001,-2.4105597295444561
123.416,-2.411947156182646
123.417,-2.4133331782605936
123.41800000000001,-2.414717792921885
123.419,-2.4161009973036531
123.42,-2.4174827885366392
123.42100000000001,-2.418863163745236
123.422,-2.4202421200475444
123.423,-2.4216196545554265
123.42400000000001,-2.4229957643745497
123.425,-2.424370446604442
123.426,-2.4257436983385494
123.42699999999999,-2.4271155166642755
123.428,-2.4284858986630429
123.429,-2.4298548414103402
123.43000000000001,-2.4312223419757713
123.431,-2.4325883974231184
123.432,-2.4339530048103759
123.43299999999999,-2.4353161611898146
123.434,-2.4366778636080335
123.435,-2.4380381091060022
123.43600000000001,-2.439396894719124
123.437,-2.4407542174772781
123.438,-2.4421100744048703
123.43899999999999,-2.4434644625209021
123.44,-2.4448173788389971
123.441,-2.4461688203674719
123.44200000000001,-2.4475187841093797
123.443,-2.4488672670625595
123.444,-2.4502142662196986
123.44499999999999,-2.4515597785683729
123.446,-2.4529038010911011
123.447,-2.4542463307654048
123.44800000000001,-2.4555873645638497
123.449,-2.456926899454098
123.45,-2.4582649323989729
123.45099999999999,-2.4596014603564909
123.452,-2.4609364802799343
123.453,-2.4622699891178828
123.45399999999999,-2.4636019838142769
123.455,-2.464932461308476
123.456,-2.4662614185352911
123.45699999999999,-2.4675888524250507
123.458,-2.4689147599036536
123.459,-2.4702391378926079
123.45999999999999,-2.471561983309102
123.461,-2.4728832930660323
123.462,-2.4742030640720793
123.46299999999999,-2.4755212932317407
123.464,-2.4768379774453964
123.465,-2.4781531136093466
123.46599999999999,-2.4794666986158829
123.467,-2.4807787293533146
123.468,-2.4820892027060451
123.46899999999999,-2.4833981155546088
123.47,-2.4847054647757245
123.471,-2.4860112472423532
123.47199999999999,-2.4873154598237424
123.473,-2.4886180993854854
123.474,-2.4899191627895654
123.47499999999999,-2.4912186468944109
123.476,-2.4925165485549501
123.477,-2.4938128646226545
123.47799999999999,-2.4951075919455992
123.479,-2.496400727368508
123.48,-2.4976922677328135
123.48099999999999,-2.4989822098766927
123.482,-2.5002705506351406
123.483,-2.5015572868399998
123.48399999999999,-2.5028424153200266
123.485,-2.5041259329009415
123.486,-2.5054078364054657
123.48699999999999,-2.5066881226533999
123.488,-2.5079667884616459
123.489,-2.5092438306442792
123.48999999999999,-2.510519246012592
123.491,-2.5117930313751433
123.492,-2.5130651835378179
123.49299999999999,-2.5143356993038664
123.494,-2.5156045754739669
123.495,-2.51687180884627
123.496,-2.5181373962164537
123.497,-2.5194013343777701
123.498,-2.5206636201211028
123.499,-2.5219242502350134
123.5,-2.5231832215057954
123.501,-2.5244405307175199
123.502,-2.5256961746520954
123.503,-2.5269501500893154
123.504,-2.5282024538068999
123.505,-2.5294530825805674
123.506,-2.5307020331840615
123.50700000000001,-2.5319493023892194
123.508,-2.5331948869660188
123.509,-2.5344387836826252
123.51000000000001,-2.5356809893054413
123.511,-2.5369215005991679
123.512,-2.5381603143268423
123.51300000000001,-2.5393974272498996
123.514,-2.5406328361282142
123.515,-2.5418665377201579
123.51600000000001,-2.5430985287826466
123.517,-2.5443288060711957
123.518,-2.5455573663399571
123.51900000000001,-2.5467842063417914
123.52,-2.548009322828297
123.521,-2.5492327125498786
123.52200000000001,-2.5504543722557829
123.523,-2.5516742986941576
123.524,-2.5528924886121009
123.52500000000001,-2.5541089387557099
123.526,-2.5553236458701258
123.527,-2.556536606699602
123.52800000000001,-2.5577478179875301
123.529,-2.5589572764765087
123.53,-2.5601649789083858
123.53100000000001,-2.5613709220243059
123.532,-2.5625751025647734
123.533,-2.5637775172696813
123.53400000000001,-2.5649781628783828
123.535,-2.5661770361297283
123.536,-2.5673741337621179
123.53700000000001,-2.5685694525135521
123.538,-2.5697629891216822
123.539,-2.5709547403238568
123.54000000000001,-2.5721447028571784
123.541,-2.5733328734585443
123.542,-2.5745192488647008
123.54300000000001,-2.5757038258122957
123.544,-2.576886601037919
123.545,-2.5780675712781633
123.54600000000001,-2.5792467332696623
123.547,-2.5804240837491506
123.548,-2.5815996194535042
123.54900000000001,-2.582773337119793
123.55,-2.5839452334853314
123.551,-2.5851153052877303
123.55199999999999,-2.5862835492649348
123.553,-2.5874499621552891
123.554,-2.5886145406975674
123.55500000000001,-2.58977728163104
123.556,-2.5909381816955115
123.557,-2.5920972376313749
123.55799999999999,-2.5932544461796558
123.559,-2.5944098040820647
123.56,-2.5955633080810436
123.56100000000001,-2.5967149549198174
123.562,-2.5978647413424403
123.563,-2.5990126640938396
123.56399999999999,-2.600158719919877
123.565,-2.6013029055673824
123.566,-2.6024452177842115
123.56700000000001,-2.6035856533192936
123.568,-2.6047242089226712
123.569,-2.6058608813455608
123.56999999999999,-2.6069956673403949
123.571,-2.60812856366086
123.572,-2.6092595670619669
123.57300000000001,-2.6103886743000784
123.574,-2.6115158821329674
123.575,-2.6126411873198601
123.57599999999999,-2.6137645866214871
123.577,-2.6148860768001301
123.578,-2.6160056546196691
123.57899999999999,-2.6171233168456265
123.58,-2.6182390602452212
123.581,-2.6193528815874103
123.58199999999999,-2.6204647776429413
123.583,-2.6215747451843958
123.584,-2.6226827809862341
123.58499999999999,-2.6237888818248525
123.586,-2.6248930444786183
123.587,-2.6259952657279255
123.58799999999999,-2.627095542355236
123.589,-2.6281938711451316
123.59,-2.629290248884355
123.59099999999999,-2.6303846723618651
123.592,-2.6314771383688722
123.593,-2.6325676436988941
123.59399999999999,-2.6336561851477986
123.595,-2.6347427595138502
123.596,-2.635827363597758
123.59699999999999,-2.6369099942027212
123.598,-2.6379906481344708
123.599,-2.6390693222013253
123.59999999999999,-2.6401460132142285
123.601,-2.641220717986803
123.602,-2.6422934333353849
123.60299999999999,-2.6433641560790804
123.604,-2.6444328830398094
123.605,-2.6454996110423492
123.60599999999999,-2.6465643369143743
123.607,-2.6476270574865177
123.608,-2.6486877695924029
123.60899999999999,-2.6497464700686919
123.61,-2.6508031557551357
123.611,-2.6518578234946117
123.61199999999999,-2.6529104701331789
123.613,-2.6539610925201167
123.614,-2.655009687507965
123.61499999999999,-2.6560562519525828
123.616,-2.6571007827131812
123.617,-2.6581432766523729
123.61799999999999,-2.6591837306362196
123.619,-2.6602221415342688
123.62,-2.6612585062196068
123.621,-2.6622928215689035
123.622,-2.6633250844624428
123.623,-2.6643552917841875
123.624,-2.6653834404218086
123.625,-2.6664095272667385
123.626,-2.6674335492142083
123.627,-2.6684555031632931
123.628,-2.6694753860169644
123.629,-2.6704931946821171
123.63,-2.6715089260696372
123.631,-2.672522577094421
123.63200000000001,-2.6735341446754335
123.633,-2.6745436257357493
123.634,-2.6755510172025936
123.63500000000001,-2.6765563160073924
123.636,-2.6775595190858041
123.637,-2.6785606233777726
123.63800000000001,-2.6795596258275678
123.639,-2.6805565233838298
123.64,-2.6815513129996056
123.64100000000001,-2.6825439916324019
123.642,-2.6835345562442221
123.643,-2.6845230038016084
123.64400000000001,-2.6855093312756884
123.645,-2.6864935356422146
123.646,-2.6874756138816087
123.64700000000001,-2.6884555629790032
123.648,-2.6894333799242816
123.649,-2.6904090617121277
123.65000000000001,-2.6913826053420609
123.651,-2.6923540078184782
123.652,-2.6933232661507045
123.65300000000001,-2.6942903773530222
123.654,-2.6952553384447269
123.655,-2.6962181464501551
123.65600000000001,-2.6971787983987374
123.657,-2.6981372913250325
123.658,-2.6990936222687774
123.65900000000001,-2.7000477882749143
123.66,-2.7009997863936501
123.661,-2.7019496136804833
123.66200000000001,-2.7028972671962528
123.663,-2.7038427440071731
123.664,-2.7047860411848834
123.66500000000001,-2.7057271558064837
123.666,-2.7066660849545716
123.667,-2.7076028257172915
123.66800000000001,-2.7085373751883735
123.669,-2.7094697304671618
123.67,-2.710399888658678
123.67100000000001,-2.7113278468736413
123.672,-2.7122536022285146
123.673,-2.713177151845553
123.67400000000001,-2.7140984928528322
123.675,-2.715017622384293
123.676,-2.7159345375797876
123.67699999999999,-2.7168492355851077
123.678,-2.7177617135520356
123.679,-2.7186719686383736
123.68000000000001,-2.7195799980079904
123.681,-2.7204857988308628
123.682,-2.7213893682831074
123.68299999999999,-2.7222907035470216
123.684,-2.7231898018111327
123.685,-2.7240866602702214
123.68600000000001,-2.7249812761253747
123.687,-2.7258736465840148
123.688,-2.7267637688599446
123.68899999999999,-2.7276516401733861
123.69,-2.728537257751011
123.691,-2.7294206188259889
123.69200000000001,-2.7303017206380273
123.693,-2.7311805604333959
123.694,-2.7320571354649807
123.69499999999999,-2.7329314429923128
123.696,-2.7338034802816109
123.697,-2.7346732446058146
123.69800000000001,-2.7355407332446333
123.699,-2.7364059434845656
123.7,-2.737268872618956
123.70099999999999,-2.7381295179480212
123.702,-2.7389878767788929
123.703,-2.7398439464256503
123.70399999999999,-2.7406977242093618
123.705,-2.7415492074581236
123.706,-2.7423983935070897
123.70699999999999,-2.7432452796985149
123.708,-2.7440898633817969
123.709,-2.7449321419134964
123.70999999999999,-2.7457721126573915
123.711,-2.7466097729845051
123.712,-2.7474451202731434
123.71299999999999,-2.7482781519089334
123.714,-2.7491088652848603
123.715,-2.7499372578012986
123.71599999999999,-2.7507633268660561
123.717,-2.751587069894402
123.718,-2.752408484309111
123.71899999999999,-2.7532275675404927
123.72,-2.7540443170264304
123.721,-2.7548587302124155
123.72199999999999,-2.7556708045515883
123.723,-2.756480537504765
123.724,-2.7572879265404788
123.72499999999999,-2.7580929691350144
123.726,-2.7588956627724466
123.727,-2.7596960049446633
123.72799999999999,-2.7604939931514183
123.729,-2.7612896249003516
123.73,-2.7620828977070317
123.73099999999999,-2.76287380909499
123.732,-2.7636623565957512
123.733,-2.7644485377488728
123.73399999999999,-2.7652323501019787
123.735,-2.7660137912107885
123.736,-2.7667928586391595
123.73699999999999,-2.7675695499591164
123.738,-2.7683438627508883
123.739,-2.7691157946029339
123.73999999999999,-2.7698853431119916
123.741,-2.7706525058830964
123.742,-2.7714172805296258
123.74299999999999,-2.7721796646733274
123.744,-2.7729396559443513
123.745,-2.7736972519812904
123.746,-2.7744524504312089
123.747,-2.7752052489496704
123.748,-2.7759556452007841
123.749,-2.776703636857226
123.75,-2.7774492216002784
123.751,-2.7781923971198577
123.752,-2.7789331611145522
123.753,-2.779671511291653
123.754,-2.7804074453671861
123.755,-2.7811409610659412
123.756,-2.7818720561215109
123.75700000000001,-2.7826007282763205
123.758,-2.7833269752816552
123.759,-2.784050794897702
123.76000000000001,-2.7847721848935683
123.761,-2.7854911430473299
123.762,-2.7862076671460461
123.76300000000001,-2.7869217549858041
123.764,-2.7876334043717437
123.765,-2.7883426131180942
123.76600000000001,-2.7890493790481949
123.767,-2.7897536999945425
123.768,-2.7904555737988046
123.76900000000001,-2.7911549983118693
123.77,-2.7918519713938572
123.771,-2.7925464909141668
123.77200000000001,-2.7932385547514986
123.773,-2.7939281607938851
123.774,-2.7946153069387254
123.77500000000001,-2.7952999910928131
123.776,-2.7959822111723636
123.777,-2.7966619651030538
123.77800000000001,-2.7973392508200376
123.779,-2.7980140662679922
123.78,-2.7986864094011352
123.78100000000001,-2.7993562781832591
123.782,-2.8000236705877652
123.783,-2.8006885845976841
123.78400000000001,-2.8013510182057129
123.785,-2.8020109694142432
123.786,-2.8026684362353844
123.78700000000001,-2.8033234166910033
123.788,-2.8039759088127401
123.789,-2.804625910642053
123.79000000000001,-2.8052734202302334
123.791,-2.8059184356384419
123.792,-2.8065609549377326
123.79300000000001,-2.8072009762090877
123.794,-2.8078384975434405
123.795,-2.8084735170417057
123.79600000000001,-2.8091060328148059
123.797,-2.8097360429837073
123.798,-2.8103635456794329
123.79900000000001,-2.8109885390431089
123.8,-2.8116110212259775
123.801,-2.8122309903894287
123.80199999999999,-2.8128484447050344
123.803,-2.8134633823545672
123.804,-2.8140758015300351
123.80500000000001,-2.8146857004336985
123.806,-2.8152930772781168
123.807,-2.8158979302861464
123.80799999999999,-2.816500257690997
123.809,-2.8171000577362415
123.81,-2.8176973286758455
123.81100000000001,-2.8182920687741984
123.812,-2.8188842763061341
123.813,-2.8194739495569632
123.81399999999999,-2.8200610868224958
123.815,-2.8206456864090672
123.816,-2.8212277466335678
123.81700000000001,-2.8218072658234652
123.818,-2.8223842423168319
123.819,-2.822958674462372
123.81999999999999,-2.8235305606194459
123.821,-2.824099899158095
123.822,-2.8246666884590699
123.82300000000001,-2.8252309269138509
123.824,-2.8257926129246815
123.825,-2.8263517449045876
123.82599999999999,-2.8269083212773998
123.827,-2.8274623404777861
123.828,-2.8280138009512745
123.82899999999999,-2.8285627011542696
123.83,-2.8291090395540932
123.831,-2.8296528146289939
123.83199999999999,-2.8301940248681792
123.833,-2.8307326687718373
123.834,-2.8312687448511653
123.83499999999999,-2.8318022516283854
123.836,-2.8323331876367783
123.837,-2.8328615514206978
123.83799999999999,-2.8333873415356079
123.839,-2.8339105565480898
123.84,-2.8344311950358785
123.84099999999999,-2.8349492555878806
123.842,-2.8354647368041981
123.843,-2.8359776372961543
123.84399999999999,-2.8364879556863141
123.845,-2.836995690608509
123.846,-2.8375008407078592
123.84699999999999,-2.8380034046407969
123.848,-2.838503381075089
123.849,-2.8390007686898562
123.84999999999999,-2.8394955661756045
123.851,-2.8399877722342399
123.852,-2.8404773855790921
123.85299999999999,-2.8409644049349385
123.854,-2.8414488290380255
123.855,-2.8419306566360909
123.85599999999999,-2.842409886488384
123.857,-2.8428865173656943
123.858,-2.8433605480503585
123.85899999999999,-2.8438319773362988
123.86,-2.8443008040290376
123.861,-2.8447670269457106
123.86199999999999,-2.845230644915107
123.863,-2.84569165677767
123.864,-2.8461500613855319
123.86499999999999,-2.8466058576025315
123.866,-2.8470590443042303
123.867,-2.8475096203779406
123.86799999999999,-2.8479575847227387
123.869,-2.8484029362494958
123.87,-2.8488456738808869
123.871,-2.8492857965514133
123.872,-2.8497233032074343
123.873,-2.8501581928071724
123.874,-2.8505904643207405
123.875,-2.8510201167301616
123.876,-2.8514471490293891
123.877,-2.851871560224323
123.878,-2.8522933493328315
123.879,-2.8527125153847734
123.88,-2.8531290574220138
123.881,-2.853542974498442
123.88200000000001,-2.8539542656799952
123.883,-2.8543629300446733
123.884,-2.8547689666825642
123.88500000000001,-2.8551723746958499
123.886,-2.8555731531988435
123.887,-2.8559713013179895
123.88800000000001,-2.8563668181918951
123.889,-2.856759702971341
123.89,-2.8571499548193069
123.89100000000001,-2.8575375729109798
123.892,-2.8579225564337847
123.893,-2.858304904587385
123.89400000000001,-2.8586846165837239
123.895,-2.8590616916470193
123.896,-2.859436129013794
123.89700000000001,-2.8598079279328941
123.898,-2.8601770876654946
123.899,-2.8605436074851314
123.90000000000001,-2.8609074866777098
123.901,-2.8612687245415245
123.902,-2.8616273203872753
123.90300000000001,-2.8619832735380806
123.904,-2.8623365833295038
123.905,-2.8626872491095616
123.90600000000001,-2.8630352702387398
123.907,-2.8633806460900191
123.908,-2.8637233760488803
123.90900000000001,-2.8640634595133241
123.91,-2.8644008958938931
123.911,-2.8647356846136791
123.91200000000001,-2.8650678251083486
123.913,-2.8653973168261437
123.914,-2.8657241592279146
123.91500000000001,-2.866048351787124
123.916,-2.8663698939898685
123.917,-2.8666887853348859
123.91800000000001,-2.8670050253335821
123.919,-2.8673186135100375
123.92,-2.8676295494010233
123.92100000000001,-2.8679378325560183
123.922,-2.8682434625372251
123.923,-2.8685464389195783
123.92400000000001,-2.8688467612907651
123.925,-2.8691444292512411
123.926,-2.8694394424142349
123.92699999999999,-2.8697318004057735
123.928,-2.8700215028646898
123.929,-2.8703085494426421
123.93000000000001,-2.8705929398041166
123.931,-2.8708746736264592
123.932,-2.8711537505998672
123.93299999999999,-2.8714301704274252
123.934,-2.8717039328251008
123.935,-2.8719750375217679
123.93600000000001,-2.8722434842592168
123.937,-2.8725092727921666
123.938,-2.8727724028882795
123.93899999999999,-2.8730328743281719
123.94,-2.8732906869054311
123.941,-2.8735458404266234
123.94200000000001,-2.8737983347113101
123.943,-2.8740481695920552
123.944,-2.8742953449144437
123.94499999999999,-2.8745398605370909
123.946,-2.8747817163316514
123.947,-2.8750209121828396
123.94800000000001,-2.8752574479884325
123.949,-2.8754913236592845
123.95,-2.8757225391193435
123.95099999999999,-2.8759510943056545
123.952,-2.8761769891683775
123.953,-2.8764002236707968
123.95399999999999,-2.8766207977893288
123.955,-2.8768387115135408
123.956,-2.8770539648461551
123.95699999999999,-2.8772665578030594
123.958,-2.8774764904133248
123.959,-2.877683762719208
123.95999999999999,-2.8778883747761679
123.961,-2.8780903266528757
123.962,-2.8782896184312161
123.96299999999999,-2.8784862502063158
123.964,-2.8786802220865289
123.965,-2.8788715341934719
123.96599999999999,-2.8790601866620182
123.967,-2.8792461796403073
123.968,-2.8794295132897654
123.96899999999999,-2.8796101877851044
123.97,-2.8797882033143374
123.971,-2.8799635600787834
123.97199999999999,-2.8801362582930778
123.973,-2.8803062981851886
123.974,-2.8804736799964124
123.97499999999999,-2.8806384039813926
123.976,-2.8808004704081274
123.977,-2.8809598795579738
123.97799999999999,-2.8811166317256589
123.979,-2.8812707272192899
123.98,-2.8814221663603572
123.98099999999999,-2.8815709494837529
123.982,-2.8817170769377638
123.983,-2.8818605490840925
123.98399999999999,-2.8820013662978576
123.985,-2.8821395289676053
123.986,-2.8822750374953161
123.98699999999999,-2.8824078922964089
123.988,-2.8825380937997549
123.989,-2.8826656424476758
123.98999999999999,-2.8827905386959634
123.991,-2.8829127830138725
123.992,-2.8830323758841407
123.99299999999999,-2.8831493178029808
123.994,-2.8832636092801067
123.995,-2.8833752508387205
123.996,-2.8834842430155296
123.997,-2.8835905863607536
123.998,-2.8836942814381237
123.999,-2.8837953288248963
124,-2.8838937291118532
124.001,-2.8839894829033117
124.002,-2.8840825908171235
124.003,-2.8841730534846928
124.004,-2.8842608715509712
124.005,-2.8843460456744614
124.006,-2.8844285765272328
124.00700000000001,-2.8845084647949184
124.008,-2.884585711176725
124.009,-2.8846603163854336
124.01000000000001,-2.8847322811474045
124.011,-2.8848016062025872
124.012,-2.8848682923045184
124.01300000000001,-2.8849323402203337
124.014,-2.8849937507307626
124.015,-2.8850525246301393
124.01600000000001,-2.8851086627264113
124.017,-2.8851621658411286
124.018,-2.8852130348094622
124.01900000000001,-2.8852612704802016
124.02,-2.8853068737157548
124.021,-2.8853498453921631
124.02200000000001,-2.885390186399091
124.023,-2.8854278976398406
124.024,-2.8854629800313472
124.02500000000001,-2.8854954345041861
124.026,-2.8855252620025764
124.027,-2.8855524634843785
124.02800000000001,-2.885577039921106
124.029,-2.8855989922979166
124.03,-2.8856183216136273
124.03100000000001,-2.8856350288807029
124.032,-2.8856491151252728
124.033,-2.8856605813871221
124.03400000000001,-2.885669428719698
124.035,-2.8856756581901095
124.036,-2.8856792708791357
124.03700000000001,-2.8856802678812192
124.038,-2.8856786503044702
124.039,-2.8856744192706714
124.04000000000001,-2.8856675759152735
124.041,-2.8856581213874044
124.042,-2.8856460568498603
124.04300000000001,-2.8856313834791143
124.044,-2.8856141024653166
124.045,-2.88559421501229
124.04600000000001,-2.8855717223375352
124.047,-2.8855466256722293
124.048,-2.8855189262612297
124.04900000000001,-2.8854886253630694
124.05,-2.885455724249959
124.051,-2.8854202242077847
124.05199999999999,-2.8853821265361184
124.053,-2.8853414325481994
124.054,-2.8852981435709504
124.05500000000001,-2.8852522609449709
124.056,-2.8852037860245332
124.057,-2.8851527201775902
124.05799999999999,-2.8850990647857637
124.059,-2.8850428212443511
124.06,-2.8849839909623238
124.06100000000001,-2.8849225753623253
124.062,-2.884858575880668
124.063,-2.8847919939673305
124.06399999999999,-2.8847228310859654
124.065,-2.8846510887138841
124.066,-2.8845767683420647
124.06700000000001,-2.8844998714751497
124.068,-2.884420399631435
124.069,-2.8843383543428835
124.06999999999999,-2.884253737155106
124.071,-2.8841665496273698
124.072,-2.884076793332591
124.07300000000001,-2.883984469857336
124.074,-2.8838895808018199
124.075,-2.8837921277798912
124.07599999999999,-2.8836921124190473
124.077,-2.8835895363604154
124.078,-2.8834844012587633
124.07899999999999,-2.8833767087824791
124.08,-2.8832664606135889
124.081,-2.883153658447732
124.08199999999999,-2.8830383039941729
124.083,-2.8829203989757906
124.084,-2.8827999451290749
124.08499999999999,-2.8826769442041247
124.086,-2.8825513979646393
124.087,-2.8824233081879216
124.08799999999999,-2.882292676664866
124.089,-2.8821595051999589
124.09,-2.8820237956112722
124.09099999999999,-2.8818855497304599
124.092,-2.8817447694027489
124.093,-2.8816014564869405
124.09399999999999,-2.8814556128553974
124.095,-2.881307240394051
124.096,-2.8811563410023808
124.09699999999999,-2.8810029165934194
124.098,-2.8808469690937439
124.099,-2.8806885004434672
124.09999999999999,-2.8805275125962382
124.101,-2.8803640075192316
124.102,-2.880197987193144
124.10299999999999,-2.880029453612182
124.104,-2.8798584087840657
124.105,-2.8796848547300149
124.10599999999999,-2.8795087934847459
124.107,-2.8793302270964594
124.108,-2.8791491576268431
124.10899999999999,-2.8789655871510558
124.11,-2.8787795177577271
124.111,-2.8785909515489436
124.11199999999999,-2.8783998906402486
124.113,-2.8782063371606297
124.114,-2.8780102932525136
124.11499999999999,-2.8778117610717535
124.116,-2.8776107427876347
124.117,-2.8774072405828512
124.11799999999999,-2.8772012566535006
124.119,-2.8769927932090891
124.12,-2.8767818524725044
124.121,-2.8765684366800244
124.122,-2.8763525480812948
124.123,-2.8761341889393286
124.124,-2.875913361530495
124.125,-2.8756900681445119
124.126,-2.8754643110844347
124.127,-2.8752360926666496
124.128,-2.8750054152208593
124.129,-2.8747722810900838
124.13,-2.8745366926306382
124.131,-2.8742986522121328
124.13200000000001,-2.8740581622174615
124.133,-2.8738152250427875
124.134,-2.8735698430975356
124.13500000000001,-2.8733220188043891
124.136,-2.8730717545992661
124.137,-2.8728190529313204
124.13800000000001,-2.8725639162629264
124.139,-2.8723063470696681
124.14,-2.8720463478403335
124.14100000000001,-2.8717839210768954
124.142,-2.8715190692945098
124.143,-2.8712517950214931
124.14400000000001,-2.870982100799325
124.145,-2.8707099891826244
124.146,-2.870435462739148
124.14700000000001,-2.8701585240497751
124.148,-2.8698791757084896
124.149,-2.8695974203223793
124.15000000000001,-2.8693132605116158
124.151,-2.8690266989094484
124.152,-2.8687377381621841
124.15300000000001,-2.8684463809291856
124.154,-2.8681526298828492
124.155,-2.8678564877085986
124.15600000000001,-2.8675579571048697
124.157,-2.8672570407830982
124.158,-2.8669537414677082
124.15900000000001,-2.866648061896095
124.16,-2.8663400048186194
124.161,-2.8660295729985839
124.16200000000001,-2.8657167692122325
124.163,-2.8654015962487245
124.164,-2.8650840569101304
124.16500000000001,-2.864764154011409
124.166,-2.8644418903804052
124.167,-2.8641172688578296
124.16800000000001,-2.863790292297236
124.169,-2.8634609635650259
124.17,-2.8631292855404196
124.17100000000001,-2.8627952611154441
124.172,-2.8624588931949253
124.173,-2.8621201846964643
124.17400000000001,-2.8617791385504319
124.175,-2.8614357576999438
124.176,-2.861090045100851
124.17699999999999,-2.8607420037217279
124.178,-2.8603916365438504
124.179,-2.8600389465611826
124.18000000000001,-2.8596839367803639
124.181,-2.8593266102206885
124.182,-2.8589669699140954
124.18299999999999,-2.8586050189051493
124.184,-2.8582407602510216
124.185,-2.8578741970214834
124.18600000000001,-2.8575053322988779
124.187,-2.8571341691781109
124.188,-2.8567607107666353
124.18899999999999,-2.8563849601844291
124.19,-2.8560069205639831
124.191,-2.855626595050281
124.19200000000001,-2.8552439868007866
124.193,-2.8548590989854237
124.194,-2.8544719347865541
124.19499999999999,-2.8540824973989718
124.196,-2.8536907900298774
124.197,-2.853296815898859
124.19800000000001,-2.8529005782378816
124.199,-2.8525020802912646
124.2,-2.8521013253156635
124.20099999999999,-2.8516983165800518
124.202,-2.8512930573657069
124.203,-2.8508855509661855
124.20399999999999,-2.850475800687315
124.205,-2.8500638098471569
124.206,-2.8496495817760135
124.20699999999999,-2.8492331198163843
124.208,-2.8488144273229636
124.209,-2.8483935076626157
124.20999999999999,-2.847970364214353
124.211,-2.8475450003693217
124.212,-2.8471174195307825
124.21299999999999,-2.8466876251140869
124.214,-2.8462556205466569
124.215,-2.8458214092679723
124.21599999999999,-2.8453849947295469
124.217,-2.8449463803949051
124.218,-2.8445055697395656
124.21899999999999,-2.8440625662510257
124.22,-2.8436173734287253
124.221,-2.8431699947840476
124.22199999999999,-2.8427204338402809
124.223,-2.8422686941326072
124.224,-2.8418147792080797
124.22499999999999,-2.8413586926256018
124.226,-2.8409004379559013
124.227,-2.8404400187815169
124.22799999999999,-2.8399774386967724
124.229,-2.8395127013077586
124.23,-2.839045810232304
124.23099999999999,-2.8385767690999639
124.232,-2.8381055815519911
124.233,-2.8376322512413159
124.23399999999999,-2.8371567818325225
124.235,-2.8366791770018356
124.236,-2.8361994404370847
124.23699999999999,-2.8357175758376902
124.238,-2.8352335869146401
124.239,-2.8347474773904677
124.23999999999999,-2.8342592509992244
124.241,-2.833768911486465
124.242,-2.833276462609212
124.24299999999999,-2.8327819081359484
124.244,-2.8322852518465815
124.245,-2.8317864975324305
124.246,-2.8312856489961922
124.247,-2.8307827100519241
124.248,-2.8302776845250186
124.249,-2.829770576252181
124.25,-2.829261389081406
124.251,-2.828750126871947
124.252,-2.8282367934943062
124.253,-2.8277213928301927
124.254,-2.827203928772513
124.255,-2.8266844052253353
124.256,-2.8261628261038769
124.25700000000001,-2.8256391953344657
124.258,-2.8251135168545272
124.259,-2.8245857946125543
124.26000000000001,-2.8240560325680812
124.261,-2.8235242346916634
124.262,-2.8229904049648447
124.26300000000001,-2.8224545473801363
124.264,-2.8219166659409973
124.265,-2.8213767646617987
124.26600000000001,-2.8208348475678005
124.267,-2.8202909186951288
124.268,-2.8197449820907536
124.26900000000001,-2.8191970418124495
124.27,-2.8186471019287795
124.271,-2.8180951665190737
124.27200000000001,-2.817541239673389
124.273,-2.8169853254924933
124.274,-2.8164274280878336
124.27500000000001,-2.8158675515815128
124.276,-2.8153057001062578
124.277,-2.8147418778054032
124.27800000000001,-2.8141760888328493
124.279,-2.8136083373530463
124.28,-2.8130386275409629
124.28100000000001,-2.8124669635820592
124.282,-2.8118933496722596
124.283,-2.8113177900179256
124.28400000000001,-2.8107402888358273
124.285,-2.8101608503531139
124.286,-2.809579478807291
124.28700000000001,-2.8089961784461854
124.288,-2.8084109535279245
124.289,-2.8078238083209017
124.29000000000001,-2.8072347471037524
124.291,-2.8066437741653205
124.292,-2.80605089380464
124.29300000000001,-2.8054561103308888
124.294,-2.8048594280633825
124.295,-2.8042608513315228
124.29600000000001,-2.8036603844747852
124.297,-2.803058031842685
124.298,-2.8024537977947412
124.29900000000001,-2.801847686700456
124.3,-2.8012397029392844
124.301,-2.8006298509005969
124.30199999999999,-2.8000181349836604
124.303,-2.7994045595976003
124.304,-2.798789129161376
124.30500000000001,-2.7981718481037454
124.306,-2.7975527208632425
124.307,-2.7969317518881383
124.30799999999999,-2.7963089456364161
124.309,-2.795684306575744
124.31,-2.7950578391834346
124.31100000000001,-2.7944295479464198
124.312,-2.7937994373612263
124.313,-2.7931675119339339
124.31399999999999,-2.7925337761801519
124.315,-2.7918982346249823
124.316,-2.7912608918029971
124.31700000000001,-2.7906217522581969
124.318,-2.7899808205439873
124.319,-2.7893381012231444
124.31999999999999,-2.788693598867785
124.321,-2.7880473180593297
124.322,-2.787399263388477
124.32300000000001,-2.7867494394551722
124.324,-2.7860978508685683
124.325,-2.7854445022470014
124.32599999999999,-2.784789398217951
124.327,-2.7841325434180177
124.328,-2.7834739424928827
124.32899999999999,-2.7828136000972794
124.33,-2.7821515208949554
124.331,-2.7814877095586485
124.33199999999999,-2.7808221707700449
124.333,-2.7801549092197559
124.334,-2.779485929607274
124.33499999999999,-2.7788152366409511
124.336,-2.7781428350379542
124.337,-2.7774687295242426
124.33799999999999,-2.7767929248345249
124.339,-2.776115425712236
124.34,-2.775436236909492
124.34099999999999,-2.7747553631870669
124.342,-2.774072809314351
124.343,-2.7733885800693239
124.34399999999999,-2.7727026802385115
124.345,-2.7720151146169663
124.346,-2.7713258880082137
124.34699999999999,-2.7706350052242374
124.348,-2.7699424710854332
124.349,-2.7692482904205749
124.34999999999999,-2.7685524680667868
124.351,-2.7678550088695015
124.352,-2.7671559176824312
124.35299999999999,-2.7664551993675293
124.354,-2.7657528587949534
124.355,-2.7650489008430368
124.35599999999999,-2.7643433303982503
124.357,-2.763636152355164
124.358,-2.762927371616418
124.35899999999999,-2.7622169930926779
124.36,-2.7615050217026118
124.361,-2.7607914623728469
124.36199999999999,-2.7600763200379301
124.363,-2.7593595996403044
124.364,-2.7586413061302606
124.36499999999999,-2.7579214444659108
124.366,-2.7572000196131432
124.367,-2.7564770365455979
124.36799999999999,-2.7557525002446193
124.369,-2.755026415699227
124.37,-2.7542987879060759
124.371,-2.7535696218694214
124.372,-2.7528389226010823
124.373,-2.7521066951204052
124.374,-2.7513729444542268
124.375,-2.7506376756368374
124.376,-2.749900893709941
124.377,-2.7491626037226258
124.378,-2.7484228107313209
124.379,-2.7476815197997606
124.38,-2.7469387359989463
124.381,-2.7461944644071137
124.38200000000001,-2.7454487101096916
124.383,-2.7447014781992607
124.384,-2.7439527737755247
124.38500000000001,-2.7432026019452698
124.386,-2.7424509678223199
124.387,-2.7416978765275086
124.38800000000001,-2.7409433331886373
124.389,-2.7401873429404366
124.39,-2.7394299109245264
124.39100000000001,-2.7386710422893827
124.392,-2.7379107421902988
124.393,-2.737149015789341
124.39400000000001,-2.7363858682553159
124.395,-2.7356213047637352
124.396,-2.7348553304967602
124.39700000000001,-2.7340879506431932
124.398,-2.7333191703984054
124.399,-2.7325489949643211
124.40000000000001,-2.7317774295493713
124.401,-2.7310044793684556
124.402,-2.7302301496428996
124.40300000000001,-2.7294544456004228
124.404,-2.7286773724750928
124.405,-2.7278989355072891
124.40600000000001,-2.7271191399436701
124.407,-2.7263379910371173
124.408,-2.725555494046711
124.40900000000001,-2.7247716542376903
124.41,-2.7239864768814002
124.411,-2.7231999672552671
124.41200000000001,-2.7224121306427493
124.413,-2.7216229723333019
124.414,-2.7208324976223386
124.41500000000001,-2.7200407118111825
124.416,-2.7192476202070379
124.417,-2.718453228122943
124.41800000000001,-2.717657540877731
124.419,-2.7168605637959917
124.42,-2.7160623022080266
124.42100000000001,-2.715262761449817
124.422,-2.7144619468629756
124.423,-2.7136598637947076
124.42400000000001,-2.7128565175977748
124.425,-2.7120519136304493
124.426,-2.7112460572564752
124.42699999999999,-2.7104389538450286
124.428,-2.7096306087706745
124.429,-2.7088210274133306
124.43000000000001,-2.708010215158219
124.431,-2.7071981773958322
124.432,-2.7063849195218861
124.43299999999999,-2.7055704469372879
124.434,-2.7047547650480803
124.435,-2.7039378792654167
124.43600000000001,-2.7031197950055059
124.437,-2.7023005176895811
124.438,-2.7014800527438538
124.43899999999999,-2.7006584055994676
124.44,-2.6998355816924668
124.441,-2.6990115864637509
124.44200000000001,-2.6981864253590242
124.443,-2.6973601038287702
124.444,-2.6965326273281924
124.44499999999999,-2.6957040013171882
124.446,-2.6948742312602967
124.447,-2.6940433226266611
124.44800000000001,-2.6932112808899822
124.449,-2.6923781115284831
124.45,-2.6915438200248616
124.45099999999999,-2.6907084118662521
124.452,-2.6898718925441756
124.453,-2.6890342675545114
124.45399999999999,-2.6881955423974357
124.455,-2.687355722577399
124.456,-2.686514813603071
124.45699999999999,-2.6856728209872989
124.458,-2.6848297502470695
124.459,-2.6839856069034633
124.45999999999999,-2.6831403964816136
124.461,-2.6822941245106628
124.462,-2.6814467965237228
124.46299999999999,-2.6805984180578228
124.464,-2.6797489946538766
124.465,-2.6788985318566354
124.46599999999999,-2.6780470352146439
124.467,-2.6771945102802031
124.468,-2.6763409626093164
124.46899999999999,-2.6754863977616568
124.47,-2.6746308213005205
124.471,-2.6737742387927801
124.47199999999999,-2.6729166558088426
124.473,-2.672058077922614
124.474,-2.6711985107114442
124.47499999999999,-2.6703379597560906
124.476,-2.6694764306406737
124.477,-2.6686139289526309
124.47799999999999,-2.6677504602826785
124.479,-2.6668860302247612
124.48,-2.6660206443760135
124.48099999999999,-2.6651543083367137
124.482,-2.6642870277102437
124.483,-2.6634188081030405
124.48399999999999,-2.6625496551245531
124.485,-2.6616795743872022
124.486,-2.6608085715063332
124.48699999999999,-2.6599366521001766
124.488,-2.6590638217897951
124.489,-2.65819008619905
124.48999999999999,-2.6573154509545507
124.491,-2.6564399216856147
124.492,-2.6555635040242187
124.49299999999999,-2.6546862036049568
124.494,-2.6538080260650014
124.495,-2.6529289770440494
124.496,-2.6520490621842843
124.497,-2.6511682871303348
124.498,-2.6502866575292199
124.499,-2.6494041790303156
124.5,-2.6485208572853054
124.501,-2.6476366979481352
124.502,-2.6467517066749737
124.503,-2.6458658891241589
124.504,-2.6449792509561654
124.505,-2.6440917978335516
124.506,-2.6432035354209145
124.50700000000001,-2.6423144693848561
124.508,-2.6414246053939223
124.509,-2.6405339491185709
124.51000000000001,-2.6396425062311266
124.511,-2.6387502824057245
124.512,-2.637857283318283
124.51300000000001,-2.6369635146464416
124.514,-2.6360689820695322
124.515,-2.6351736912685197
124.51600000000001,-2.6342776479259689
124.517,-2.633380857725995
124.518,-2.6324833263542162
124.51900000000001,-2.6315850594977137
124.52,-2.6306860628449842
124.521,-2.6297863420858949
124.52200000000001,-2.6288859029116418
124.523,-2.627984751014699
124.524,-2.6270828920887785
124.52500000000001,-2.6261803318287846
124.526,-2.6252770759307698
124.527,-2.6243731300918833
124.52800000000001,-2.6234685000103379
124.529,-2.6225631913853498
124.53,-2.6216572099171112
124.53100000000001,-2.6207505613067292
124.532,-2.6198432512561904
124.533,-2.6189352854683108
124.53400000000001,-2.6180266696466985
124.535,-2.6171174094956982
124.536,-2.6162075107203515
124.53700000000001,-2.6152969790263523
124.538,-2.6143858201200025
124.539,-2.6134740397081622
124.54000000000001,-2.612561643498208
124.541,-2.611648637197991
124.542,-2.6107350265157843
124.54300000000001,-2.6098208171602426
124.544,-2.6089060148403567
124.545,-2.6079906252654066
124.54600000000001,-2.6070746541449186
124.547,-2.6061581071886195
124.548,-2.60524099010639
124.54900000000001,-2.6043233086082216
124.55,-2.6034050684041672
124.551,-2.6024862752043045
124.55199999999999,-2.6015669347186803
124.553,-2.6006470526572718
124.554,-2.599726634729941
124.55500000000001,-2.5988056866463891
124.556,-2.5978842141161085
124.557,-2.5969622228483402
124.55799999999999,-2.5960397185520305
124.559,-2.5951167069357801
124.56,-2.5941931937078069
124.56100000000001,-2.5932691845758908
124.562,-2.5923446852473395
124.563,-2.5914197014289329
124.56399999999999,-2.5904942388268868
124.565,-2.5895683031468009
124.566,-2.5886419000936209
124.56700000000001,-2.5877150353715823
124.568,-2.5867877146841787
124.569,-2.5858599437341043
124.56999999999999,-2.5849317282232178
124.571,-2.5840030738524966
124.572,-2.5830739863219794
124.57300000000001,-2.5821444713307411
124.574,-2.5812145345768336
124.575,-2.5802841817572402
124.57599999999999,-2.5793534185678419
124.577,-2.5784222507033592
124.578,-2.5774906838573157
124.57899999999999,-2.576558723721992
124.58,-2.5756263759883744
124.581,-2.5746936463461223
124.58199999999999,-2.5737605404835051
124.583,-2.5728270640873774
124.584,-2.5718932228431184
124.58499999999999,-2.5709590224345948
124.586,-2.5700244685441112
124.587,-2.5690895668523757
124.58799999999999,-2.5681543230384367
124.589,-2.567218742779656
124.59,-2.5662828317516553
124.59099999999999,-2.5653465956282702
124.592,-2.5644100400815093
124.593,-2.5634731707815073
124.59399999999999,-2.5625359933964811
124.595,-2.5615985135926858
124.596,-2.5606607370343673
124.59699999999999,-2.5597226693837198
124.598,-2.5587843163008408
124.599,-2.5578456834436878
124.59999999999999,-2.5569067764680291
124.601,-2.5559676010274019
124.602,-2.5550281627730724
124.60299999999999,-2.554088467353985
124.604,-2.5531485204167153
124.605,-2.5522083276054355
124.60599999999999,-2.5512678945618639
124.607,-2.5503272269252184
124.608,-2.5493863303321751
124.60899999999999,-2.5484452104168271
124.61,-2.5475038728106307
124.611,-2.5465623231423731
124.61199999999999,-2.5456205670381165
124.613,-2.5446786101211636
124.614,-2.5437364580120079
124.61499999999999,-2.542794116328289
124.616,-2.5418515906847512
124.617,-2.5409088866932015
124.61799999999999,-2.5399660099624572
124.619,-2.5390229660983108
124.62,-2.5380797607034813
124.621,-2.5371363993775722
124.622,-2.536192887717025
124.623,-2.5352492313150767
124.624,-2.5343054357617181
124.625,-2.5333615066436463
124.626,-2.5324174495442247
124.627,-2.5314732700434375
124.628,-2.5305289737178391
124.629,-2.529584566140529
124.63,-2.5286400528810864
124.631,-2.5276954395055409
124.63200000000001,-2.5267507315763238
124.633,-2.5258059346522241
124.634,-2.5248610542883529
124.63500000000001,-2.5239160960360838
124.636,-2.5229710654430271
124.637,-2.5220259680529766
124.63800000000001,-2.5210808094058637
124.639,-2.5201355950377291
124.64,-2.5191903304806607
124.64100000000001,-2.5182450212627634
124.642,-2.5172996729081092
124.643,-2.5163542909367047
124.64400000000001,-2.5154088808644293
124.645,-2.5144634482030126
124.646,-2.5135179984599763
124.64700000000001,-2.5125725371386025
124.648,-2.5116270697378846
124.649,-2.5106816017524816
124.65000000000001,-2.5097361386726869
124.651,-2.5087906859843763
124.652,-2.5078452491689616
124.65300000000001,-2.5068998337033666
124.654,-2.5059544450599605
124.655,-2.5050090887065339
124.65600000000001,-2.504063770106252
124.657,-2.5031184947176044
124.658,-2.5021732679943742
124.65900000000001,-2.501228095385585
124.66,-2.500282982335472
124.661,-2.4993379342834263
124.66200000000001,-2.4983929566639622
124.663,-2.4974480549066715
124.664,-2.4965032344361822
124.66500000000001,-2.4955585006721153
124.666,-2.4946138590290481
124.667,-2.4936693149164677
124.66800000000001,-2.492724873738732
124.669,-2.4917805408950242
124.67,-2.4908363217793159
124.67100000000001,-2.4898922217803241
124.672,-2.4889482462814714
124.673,-2.4880044006608406
124.67400000000001,-2.4870606902911367
124.675,-2.4861171205396477
124.676,-2.4851736967681965
124.67699999999999,-2.4842304243331084
124.678,-2.4832873085851634
124.679,-2.4823443548695616
124.68000000000001,-2.481401568525877
124.681,-2.4804589548880163
124.682,-2.4795165192841857
124.68299999999999,-2.4785742670368416
124.684,-2.4776322034626554
124.685,-2.4766903338724733
124.68600000000001,-2.4757486635712693
124.687,-2.474807197858115
124.688,-2.4738659420261335
124.68899999999999,-2.4729249013624548
124.69,-2.4719840811481903
124.691,-2.4710434866583739
124.69200000000001,-2.4701031231619384
124.693,-2.4691629959216659
124.694,-2.4682231101941507
124.69499999999999,-2.4672834712297638
124.696,-2.466344084272607
124.697,-2.4654049545604737
124.69800000000001,-2.4644660873248165
124.699,-2.4635274877907021
124.7,-2.4625891611767674
124.70099999999999,-2.4616511126951952
124.702,-2.4607133475516569
124.703,-2.4597758709452888
124.70399999999999,-2.4588386880686457
124.705,-2.4579018041076592
124.706,-2.4569652242416069
124.70699999999999,-2.4560289536430702
124.708,-2.4550929974778883
124.709,-2.454157360905139
124.70999999999999,-2.4532220490770724
124.711,-2.4522870671390997
124.712,-2.4513524202297399
124.71299999999999,-2.4504181134805814
124.714,-2.4494841520162538
124.715,-2.4485505409543773
124.71599999999999,-2.4476172854055349
124.717,-2.4466843904732274
124.718,-2.4457518612538403
124.71899999999999,-2.4448197028366074
124.72,-2.4438879203035686
124.721,-2.4429565187295301
124.72199999999999,-2.4420255031820375
124.723,-2.4410948787213309
124.724,-2.4401646504003063
124.72499999999999,-2.4392348232644849
124.726,-2.4383054023519692
124.727,-2.4373763926934107
124.72799999999999,-2.4364477993119751
124.729,-2.4355196272232948
124.73,-2.4345918814354466
124.73099999999999,-2.4336645669489059
124.732,-2.4327376887565109
124.733,-2.4318112518434294
124.73399999999999,-2.4308852611871234
124.735,-2.4299597217573048
124.736,-2.4290346385159136
124.73699999999999,-2.4281100164170626
124.738,-2.4271858604070227
124.739,-2.4262621754241724
124.73999999999999,-2.4253389663989653
124.741,-2.4244162382538983
124.742,-2.423493995903474
124.74299999999999,-2.4225722442541606
124.744,-2.4216509882043704
124.745,-2.4207302326444031
124.746,-2.4198099824564334
124.747,-2.4188902425144603
124.748,-2.4179710176842786
124.749,-2.4170523128234427
124.75,-2.4161341327812345
124.751,-2.4152164823986242
124.752,-2.4142993665082404
124.753,-2.4133827899343316
124.754,-2.4124667574927363
124.755,-2.4115512739908436
124.756,-2.4106363442275667
124.75700000000001,-2.4097219729933022
124.758,-2.4088081650698978
124.759,-2.4078949252306208
124.76000000000001,-2.4069822582401246
124.761,-2.4060701688544093
124.762,-2.4051586618207992
124.76300000000001,-2.4042477418778976
124.764,-2.4033374137555592
124.765,-2.4024276821748654
124.76600000000001,-2.4015185518480715
124.767,-2.400610027478594
124.768,-2.3997021137609682
124.76900000000001,-2.3987948153808114
124.77,-2.3978881370148013
124.771,-2.396982083330637
124.77200000000001,-2.3960766589870044
124.773,-2.3951718686335548
124.774,-2.3942677169108579
124.77500000000001,-2.3933642084503814
124.776,-2.3924613478744572
124.777,-2.3915591397962421
124.77800000000001,-2.3906575888196988
124.779,-2.3897566995395518
124.78,-2.3888564765412665
124.78100000000001,-2.3879569244010108
124.782,-2.3870580476856267
124.783,-2.386159850952601
124.78400000000001,-2.385262338750032
124.785,-2.3843655156165973
124.786,-2.3834693860815261
124.78700000000001,-2.3825739546645708
124.788,-2.38167922587597
124.789,-2.3807852042164241
124.79000000000001,-2.379891894177061
124.791,-2.3789993002394114
124.792,-2.3781074268753719
124.79300000000001,-2.377216278547178
124.794,-2.3763258597073795
124.795,-2.3754361747988026
124.79600000000001,-2.374547228254527
124.797,-2.3736590244978539
124.798,-2.3727715679422738
124.79900000000001,-2.3718848629914455
124.8,-2.3709989140391579
124.801,-2.370113725469309
124.80199999999999,-2.3692293016558712
124.803,-2.3683456469628652
124.804,-2.3674627657443326
124.80500000000001,-2.3665806623443104
124.806,-2.3656993410967893
124.807,-2.3648188063257063
124.80799999999999,-2.3639390623448979
124.809,-2.363060113458082
124.81,-2.3621819639588324
124.81100000000001,-2.3613046181305415
124.812,-2.3604280802464013
124.813,-2.3595523545693737
124.81399999999999,-2.3586774453521637
124.815,-2.3578033568371852
124.816,-2.3569300932565516
124.81700000000001,-2.356057658832027
124.818,-2.3551860577750174
124.819,-2.3543152942865335
124.81999999999999,-2.3534453725571685
124.821,-2.3525762967670749
124.822,-2.3517080710859277
124.82300000000001,-2.3508406996729123
124.824,-2.3499741866766879
124.825,-2.349108536235363
124.82599999999999,-2.3482437524764812
124.827,-2.347379839516976
124.828,-2.3465168014631632
124.82899999999999,-2.3456546424107074
124.83,-2.3447933664445957
124.831,-2.343932977639116
124.83199999999999,-2.3430734800578357
124.833,-2.3422148777535639
124.834,-2.3413571747683473
124.83499999999999,-2.3405003751334199
124.836,-2.3396444828692058
124.837,-2.3387895019852749
124.83799999999999,-2.3379354364803278
124.839,-2.3370822903421677
124.84,-2.3362300675476844
124.84099999999999,-2.3353787720628207
124.842,-2.3345284078425546
124.843,-2.3336789788308745
124.84399999999999,-2.3328304889607594
124.845,-2.3319829421541471
124.846,-2.331136342321924
124.84699999999999,-2.3302906933638878
124.848,-2.3294459991687373
124.849,-2.32860226361404
124.84999999999999,-2.3277594905662227
124.851,-2.3269176838805326
124.852,-2.3260768474010241
124.85299999999999,-2.325236984960545
124.854,-2.3243981003806953
124.855,-2.3235601974718203
124.85599999999999,-2.3227232800329869
124.857,-2.3218873518519585
124.858,-2.321052416705172
124.85899999999999,-2.3202184783577255
124.86,-2.3193855405633483
124.861,-2.3185536070643833
124.86199999999999,-2.3177226815917682
124.863,-2.3168927678650109
124.864,-2.3160638695921758
124.86499999999999,-2.3152359904698501
124.866,-2.3144091341831423
124.867,-2.3135833044056455
124.86799999999999,-2.3127585047994281
124.869,-2.3119347390150082
124.87,-2.3111120106913359
124.871,-2.3102903234557761
124.872,-2.3094696809240856
124.873,-2.3086500867003936
124.874,-2.3078315443771884
124.875,-2.3070140575352909
124.876,-2.3061976297438411
124.877,-2.3053822645602784
124.878,-2.3045679655303219
124.879,-2.3037547361879511
124.88,-2.3029425800553924
124.881,-2.3021315006430956
124.88200000000001,-2.3013215014497206
124.883,-2.3005125859621152
124.884,-2.2997047576552987
124.88500000000001,-2.2988980199924529
124.886,-2.2980923764248868
124.887,-2.2972878303920394
124.88800000000001,-2.2964843853214441
124.889,-2.2956820446287298
124.89,-2.2948808117175892
124.89100000000001,-2.2940806899797734
124.892,-2.2932816827950639
124.893,-2.292483793531269
124.89400000000001,-2.2916870255441961
124.895,-2.2908913821776471
124.896,-2.290096866763391
124.89700000000001,-2.289303482621154
124.898,-2.2885112330586082
124.899,-2.2877201213713447
124.90000000000001,-2.2869301508428732
124.901,-2.2861413247445892
124.902,-2.2853536463357762
124.90300000000001,-2.2845671188635812
124.904,-2.2837817455630005
124.905,-2.2829975296568645
124.90600000000001,-2.2822144743558335
124.907,-2.2814325828583666
124.908,-2.2806518583507218
124.90900000000001,-2.2798723040069344
124.91,-2.2790939229888045
124.911,-2.278316718445887
124.91200000000001,-2.2775406935154745
124.913,-2.2767658513225788
124.914,-2.2759921949799362
124.91500000000001,-2.275219727587968
124.916,-2.2744484522347896
124.917,-2.2736783719961893
124.91800000000001,-2.272909489935611
124.919,-2.272141809104153
124.92,-2.2713753325405408
124.92100000000001,-2.2706100632711319
124.922,-2.2698460043098905
124.923,-2.2690831586583808
124.92400000000001,-2.2683215293057541
124.925,-2.2675611192287422
124.926,-2.266801931391635
124.92699999999999,-2.2660439687462777
124.928,-2.2652872342320602
124.929,-2.2645317307759041
124.93000000000001,-2.2637774612922477
124.931,-2.2630244286830403
124.932,-2.2622726358377312
124.93299999999999,-2.2615220856332572
124.934,-2.260772780934035
124.935,-2.260024724591946
124.93600000000001,-2.2592779194463364
124.937,-2.2585323683239928
124.938,-2.2577880740391483
124.93899999999999,-2.2570450393934585
124.94,-2.2563032671760044
124.941,-2.2555627601632748
124.94200000000001,-2.2548235211191607
124.943,-2.254085552794947
124.944,-2.2533488579292995
124.94499999999999,-2.2526134392482628
124.946,-2.2518792994652488
124.947,-2.25114644128102
124.94800000000001,-2.2504148673837014
124.949,-2.249684580448752
124.95,-2.2489555831389669
124.95099999999999,-2.2482278781044704
124.952,-2.2475014679827003
124.953,-2.2467763553984148
124.95399999999999,-2.2460525429636689
124.955,-2.2453300332778192
124.956,-2.2446088289275092
124.95699999999999,-2.2438889324866698
124.958,-2.2431703465165049
124.959,-2.2424530735654939
124.95999999999999,-2.2417371161693729
124.961,-2.2410224768511426
124.962,-2.2403091581210517
124.96299999999999,-2.2395971624765947
124.964,-2.2388864924025067
124.965,-2.2381771503707593
124.96599999999999,-2.237469138840547
124.967,-2.2367624602582925
124.968,-2.2360571170576384
124.96899999999999,-2.2353531116594327
124.97,-2.2346504464717407
124.971,-2.2339491238898259
124.97199999999999,-2.2332491462961506
124.973,-2.2325505160603774
124.974,-2.2318532355393512
124.97499999999999,-2.2311573070771091
124.976,-2.2304627330048667
124.977,-2.2297695156410202
124.97799999999999,-2.2290776572911395
124.979,-2.2283871602479643
124.98,-2.2276980267914039
124.98099999999999,-2.2270102591885328
124.982,-2.2263238596935815
124.983,-2.2256388305479469
124.98399999999999,-2.224955173980173
124.985,-2.2242728922059642
124.986,-2.223591987428172
124.98699999999999,-2.2229124618367915
124.988,-2.2222343176089709
124.989,-2.221557556909
124.98999999999999,-2.2208821818883084
124.991,-2.2202081946854655
124.992,-2.2195355974261815
124.99299999999999,-2.2188643922233022
124.994,-2.2181945811768107
124.995,-2.2175261663738217
124.996,-2.2168591498885855
124.997,-2.216193533782485
124.998,-2.2155293201040314
124.999,-2.2148665108888728
125,-2.2142051081597849
125.001,-2.2135451139266711
125.002,-2.2128865301865739
125.003,-2.2122293589236537
125.004,-2.2115736021092149
125.005,-2.2109192617016795
125.006,-2.210266339646612
125.00700000000001,-2.2096148378767029
125.008,-2.2089647583117751
125.009,-2.2083161028587868
125.01000000000001,-2.2076688734118299
125.011,-2.2070230718521331
125.012,-2.2063787000480608
125.01300000000001,-2.2057357598551142
125.014,-2.2050942531159383
125.015,-2.2044541816603189
125.01600000000001,-2.2038155473051821
125.017,-2.2031783518546031
125.018,-2.2025425970998076
125.01900000000001,-2.2019082848191629
125.02,-2.2012754167781985
125.021,-2.2006439947295928
125.02200000000001,-2.2000140204131857
125.023,-2.199385495555978
125.024,-2.1987584218721343
125.02500000000001,-2.1981328010629846
125.026,-2.1975086348170336
125.027,-2.1968859248099548
125.02800000000001,-2.1962646727046069
125.029,-2.1956448801510233
125.03,-2.1950265487864256
125.03100000000001,-2.1944096802352253
125.032,-2.1937942761090277
125.033,-2.1931803380066368
125.03400000000001,-2.1925678675140596
125.035,-2.191956866204507
125.036,-2.191347335638409
125.03700000000001,-2.1907392773634027
125.038,-2.1901326929143567
125.039,-2.1895275838133634
125.04000000000001,-2.188923951569747
125.041,-2.1883217976800693
125.042,-2.18772112362814
125.04300000000001,-2.1871219308850129
125.044,-2.186524220909003
125.045,-2.1859279951456836
125.04600000000001,-2.1853332550278961
125.047,-2.1847400019757557
125.048,-2.1841482373966592
125.04900000000001,-2.1835579626852919
125.05,-2.182969179223631
125.051,-2.1823818883809549
125.05199999999999,-2.1817960915138515
125.053,-2.1812117899662216
125.054,-2.1806289850692928
125.05500000000001,-2.1800476781416154
125.056,-2.1794678704890869
125.057,-2.1788895634049399
125.05799999999999,-2.1783127581697701
125.059,-2.1777374560515264
125.06,-2.1771636583055329
125.06100000000001,-2.1765913661744873
125.062,-2.1760205808884758
125.063,-2.1754513036649796
125.06399999999999,-2.1748835357088816
125.065,-2.1743172782124778
125.066,-2.173752532355488
125.06700000000001,-2.1731892993050574
125.068,-2.1726275802157744
125.069,-2.1720673762296765
125.06999999999999,-2.171508688476258
125.071,-2.170951518072485
125.072,-2.1703958661227962
125.07300000000001,-2.1698417337191245
125.074,-2.1692891219408965
125.075,-2.1687380318550491
125.07599999999999,-2.1681884645160374
125.077,-2.1676404209658457
125.078,-2.1670939022339999
125.07899999999999,-2.1665489093375725
125.08,-2.1660054432812008
125.081,-2.1654635050570943
125.08199999999999,-2.1649230956450465
125.083,-2.1643842160124427
125.084,-2.1638468671142785
125.08499999999999,-2.1633110498931658
125.086,-2.1627767652793457
125.087,-2.1622440141907013
125.08799999999999,-2.1617127975327697
125.089,-2.1611831161987531
125.09,-2.1606549710695289
125.09099999999999,-2.1601283630136705
125.092,-2.1596032928874491
125.093,-2.1590797615348518
125.09399999999999,-2.1585577697875946
125.095,-2.1580373184651349
125.096,-2.1575184083746812
125.09699999999999,-2.1570010403112128
125.098,-2.1564852150574874
125.099,-2.1559709333840553
125.09999999999999,-2.1554581960492749
125.101,-2.1549470037993275
125.102,-2.1544373573682232
125.10299999999999,-2.1539292574778295
125.104,-2.153422704837868
125.105,-2.1529177001459439
125.10599999999999,-2.1524142440875482
125.107,-2.1519123373360802
125.108,-2.1514119805528558
125.10899999999999,-2.1509131743871333
125.11,-2.1504159194761141
125.111,-2.1499202164449653
125.11199999999999,-2.1494260659068329
125.113,-2.1489334684628614
125.114,-2.1484424247022016
125.11499999999999,-2.1479529352020323
125.116,-2.1474650005275713
125.117,-2.1469786212320936
125.11799999999999,-2.1464937978569498
125.119,-2.1460105309315751
125.12,-2.1455288209735119
125.121,-2.1450486684884202
125.122,-2.1445700739701046
125.123,-2.1440930379005132
125.124,-2.1436175607497732
125.125,-2.1431436429761925
125.126,-2.1426712850262852
125.127,-2.1422004873347884
125.128,-2.1417312503246708
125.129,-2.1412635744071631
125.13,-2.1407974599817616
125.131,-2.1403329074362576
125.13200000000001,-2.1398699171467448
125.133,-2.1394084894776459
125.134,-2.1389486247817238
125.13500000000001,-2.1384903234001014
125.136,-2.1380335856622814
125.137,-2.1375784118861643
125.13800000000001,-2.1371248023780622
125.139,-2.1366727574327231
125.14,-2.1362222773333457
125.14100000000001,-2.1357733623515993
125.142,-2.1353260127476417
125.143,-2.1348802287701423
125.14400000000001,-2.1344360106562914
125.145,-2.1339933586318289
125.146,-2.1335522729110616
125.14700000000001,-2.1331127536968775
125.148,-2.1326748011807695
125.149,-2.1322384155428571
125.15000000000001,-2.1318035969518991
125.151,-2.1313703455653186
125.152,-2.130938661529223
125.15300000000001,-2.13050854497842
125.154,-2.1300799960364447
125.155,-2.1296530148155708
125.15600000000001,-2.1292276014168388
125.157,-2.1288037559300714
125.158,-2.1283814784338992
125.15900000000001,-2.1279607689957754
125.16,-2.1275416276720005
125.161,-2.1271240545077412
125.16200000000001,-2.1267080495370538
125.163,-2.126293612782904
125.164,-2.1258807442571883
125.16500000000001,-2.1254694439607555
125.166,-2.1250597118834258
125.167,-2.124651548004016
125.16800000000001,-2.1242449522903595
125.169,-2.1238399246993311
125.17,-2.12343646517686
125.17100000000001,-2.1230345736579657
125.172,-2.1226342500667661
125.173,-2.1222354943165085
125.17400000000001,-2.12183830630959
125.175,-2.1214426859375806
125.176,-2.1210486330812421
125.17699999999999,-2.1206561476105548
125.178,-2.1202652293847386
125.179,-2.1198758782522762
125.18000000000001,-2.1194880940509373
125.181,-2.1191018766077998
125.182,-2.1187172257392715
125.18299999999999,-2.1183341412511196
125.184,-2.1179526229384869
125.185,-2.117572670585921
125.18600000000001,-2.1171942839673936
125.187,-2.1168174628463272
125.188,-2.1164422069756204
125.18899999999999,-2.1160685160976613
125.19,-2.1156963899443699
125.191,-2.1153258282372054
125.19200000000001,-2.1149568306872002
125.193,-2.1145893969949778
125.194,-2.1142235268507834
125.19499999999999,-2.1138592199345072
125.196,-2.1134964759157011
125.197,-2.1131352944536164
125.19800000000001,-2.1127756751972186
125.199,-2.1124176177852174
125.2,-2.112061121846089
125.20099999999999,-2.1117061869981035
125.202,-2.1113528128493497
125.203,-2.1110009989977567
125.20399999999999,-2.1106507450311276
125.205,-2.110302050527157
125.206,-2.1099549150534593
125.20699999999999,-2.1096093381675964
125.208,-2.1092653194171005
125.209,-2.1089228583395028
125.20999999999999,-2.1085819544623585
125.211,-2.108242607303271
125.212,-2.1079048163699219
125.21299999999999,-2.1075685811600935
125.214,-2.1072339011616981
125.215,-2.1069007758528047
125.21599999999999,-2.1065692047016609
125.217,-2.106239187166727
125.218,-2.1059107226966942
125.21899999999999,-2.1055838107305225
125.22,-2.1052584506974545
125.221,-2.1049346420170529
125.22199999999999,-2.1046123840992257
125.223,-2.1042916763442507
125.224,-2.1039725181427991
125.22499999999999,-2.1036549088759768
125.226,-2.1033388479153357
125.227,-2.1030243346229125
125.22799999999999,-2.1027113683512488
125.229,-2.1023999484434288
125.23,-2.1020900742330939
125.23099999999999,-2.1017817450444842
125.232,-2.1014749601924554
125.233,-2.1011697189825154
125.23399999999999,-2.1008660207108458
125.235,-2.1005638646643359
125.236,-2.1002632501206087
125.23699999999999,-2.0999641763480446
125.238,-2.0996666426058233
125.239,-2.0993706481439367
125.23999999999999,-2.0990761922032251
125.241,-2.0987832740154113
125.242,-2.0984918928031191
125.24299999999999,-2.0982020477799082
125.244,-2.0979137381503059
125.245,-2.0976269631098274
125.246,-2.0973417218450141
125.247,-2.0970580135334584
125.248,-2.0967758373438348
125.249,-2.0964951924359276
125.25,-2.0962160779606633
125.251,-2.0959384930601352
125.252,-2.0956624368676415
125.253,-2.0953879085077056
125.254,-2.095114907096113
125.255,-2.0948434317399407
125.256,-2.0945734815375836
125.25700000000001,-2.0943050555787828
125.258,-2.0940381529446697
125.259,-2.0937727727077786
125.26000000000001,-2.0935089139320846
125.261,-2.0932465756730396
125.262,-2.0929857569775931
125.26300000000001,-2.0927264568842303
125.264,-2.0924686744229977
125.265,-2.0922124086155378
125.26600000000001,-2.0919576584751161
125.267,-2.0917044230066595
125.268,-2.0914527012067756
125.26900000000001,-2.0912024920637942
125.27,-2.0909537945577936
125.271,-2.090706607660632
125.27200000000001,-2.0904609303359827
125.273,-2.0902167615393585
125.274,-2.0899741002181491
125.27500000000001,-2.0897329453116522
125.276,-2.0894932957511005
125.277,-2.0892551504596995
125.27800000000001,-2.089018508352654
125.279,-2.0887833683372024
125.28,-2.0885497293126511
125.28100000000001,-2.088317590170401
125.282,-2.0880869497939827
125.283,-2.0878578070590894
125.28400000000001,-2.0876301608336081
125.285,-2.0874040099776492
125.286,-2.0871793533435867
125.28700000000001,-2.0869561897760796
125.288,-2.0867345181121104
125.289,-2.0865143371810233
125.29000000000001,-2.0862956458045443
125.291,-2.0860784427968246
125.292,-2.0858627269644638
125.29300000000001,-2.0856484971065541
125.294,-2.0854357520147029
125.295,-2.0852244904730748
125.29600000000001,-2.085014711258411
125.297,-2.0848064131400794
125.298,-2.0845995948800953
125.29900000000001,-2.0843942552331618
125.3,-2.0841903929466947
125.301,-2.0839880067608654
125.30199999999999,-2.0837870954086286
125.303,-2.0835876576157557
125.304,-2.0833896921008743
125.30500000000001,-2.083193197575492
125.306,-2.0829981727440372
125.307,-2.0828046163038887
125.30799999999999,-2.0826125269454181
125.309,-2.0824219033520093
125.31,-2.082232744200105
125.31100000000001,-2.0820450481592299
125.312,-2.0818588138920409
125.313,-2.081674040054339
125.31399999999999,-2.081490725295124
125.315,-2.0813088682566168
125.316,-2.081128467574294
125.31700000000001,-2.0809495218769305
125.318,-2.0807720297866235
125.319,-2.0805959899188324
125.31999999999999,-2.0804214008824147
125.321,-2.0802482612796571
125.322,-2.0800765697063097
125.32300000000001,-2.0799063247516241
125.324,-2.0797375249983854
125.325,-2.0795701690229493
125.32599999999999,-2.0794042553952705
125.327,-2.079239782678949
125.328,-2.0790767494312519
125.32899999999999,-2.078915154203159
125.33,-2.0787549955393914
125.331,-2.0785962719784505
125.33199999999999,-2.0784389820526488
125.333,-2.0782831242881485
125.334,-2.0781286972049973
125.33499999999999,-2.0779756993171596
125.336,-2.0778241291325537
125.337,-2.0776739851530923
125.33799999999999,-2.0775252658747081
125.339,-2.0773779697873977
125.34,-2.0772320953752512
125.34099999999999,-2.0770876411164934
125.342,-2.0769446054835132
125.343,-2.0768029869429045
125.34399999999999,-2.0766627839555003
125.345,-2.0765239949764056
125.346,-2.0763866184550359
125.34699999999999,-2.0762506528351556
125.348,-2.0761160965549079
125.349,-2.0759829480468532
125.34999999999999,-2.0758512057380076
125.351,-2.0757208680498769
125.352,-2.0755919333984907
125.35299999999999,-2.0754644001944413
125.354,-2.0753382668429201
125.355,-2.0752135317437506
125.35599999999999,-2.0750901932914281
125.357,-2.0749682498751536
125.358,-2.0748476998788727
125.35899999999999,-2.0747285416813064
125.36,-2.0746107736559956
125.361,-2.0744943941713312
125.36199999999999,-2.0743794015905923
125.363,-2.074265794271982
125.364,-2.07415357056867
125.36499999999999,-2.0740427288288172
125.366,-2.0739332673956241
125.367,-2.0738251846073608
125.36799999999999,-2.0737184787974035
125.369,-2.0736131482942795
125.37,-2.0735091914216892
125.371,-2.0734066064985588
125.372,-2.0733053918390647
125.373,-2.0732055457526792
125.374,-2.0731070665442015
125.375,-2.0730099525137948
125.376,-2.0729142019570297
125.377,-2.0728198131649131
125.378,-2.0727267844239301
125.379,-2.0726351140160819
125.38,-2.0725448002189157
125.381,-2.0724558413055747
125.38200000000001,-2.0723682355448187
125.383,-2.072281981201078
125.384,-2.0721970765344784
125.38500000000001,-2.0721135198008835
125.386,-2.0720313092519316
125.387,-2.0719504431350768
125.38800000000001,-2.0718709196936151
125.389,-2.0717927371667337
125.39,-2.0717158937895435
125.39100000000001,-2.0716403877931162
125.392,-2.0715662174045231
125.393,-2.0714933808468703
125.39400000000001,-2.0714218763393402
125.395,-2.0713517020972252
125.396,-2.0712828563319663
125.39700000000001,-2.0712153372511932
125.398,-2.0711491430587587
125.399,-2.0710842719547768
125.40000000000001,-2.0710207221356627
125.401,-2.070958491794169
125.402,-2.07089757911942
125.40300000000001,-2.0708379822969603
125.404,-2.070779699508777
125.405,-2.070722728933351
125.40600000000001,-2.0706670687456854
125.407,-2.0706127171173527
125.408,-2.0705596722165218
125.40900000000001,-2.0705079322080056
125.41,-2.0704574952532924
125.411,-2.070408359510588
125.41200000000001,-2.0703605231348501
125.413,-2.07031398427783
125.414,-2.0702687410881051
125.41500000000001,-2.0702247917111243
125.416,-2.0701821342892401
125.417,-2.07014076696175
125.41800000000001,-2.0701006878649304
125.419,-2.0700618951320822
125.42,-2.0700243868935595
125.42100000000001,-2.0699881612768145
125.422,-2.0699532164064331
125.423,-2.0699195504041747
125.42400000000001,-2.0698871613890053
125.425,-2.0698560474771459
125.426,-2.0698262067820994
125.42699999999999,-2.0697976374146947
125.428,-2.0697703374831233
125.429,-2.069744305092978
125.43000000000001,-2.0697195383472948
125.431,-2.0696960353465812
125.432,-2.0696737941888661
125.43299999999999,-2.0696528129697307
125.434,-2.0696330897823483
125.435,-2.0696146227175256
125.43600000000001,-2.0695974098637344
125.437,-2.0695814493071576
125.438,-2.0695667391317225
125.43899999999999,-2.0695532774191414
125.44,-2.069541062248947
125.441,-2.0695300916985353
125.44200000000001,-2.0695203638431985
125.443,-2.0695118767561711
125.444,-2.0695046285086582
125.44499999999999,-2.0694986171698835
125.446,-2.0694938408071186
125.447,-2.0694902974857312
125.44800000000001,-2.0694879852692152
125.449,-2.0694869022192326
125.45,-2.0694870463956505
125.45099999999999,-2.0694884158565845
125.452,-2.0694910086584293
125.453,-2.0694948228559022
125.45399999999999,-2.0694998565020803
125.455,-2.0695061076484382
125.456,-2.0695135743448874
125.45699999999999,-2.0695222546398142
125.458,-2.0695321465801189
125.459,-2.0695432482112524
125.45999999999999,-2.0695555575772557
125.461,-2.0695690727207996
125.462,-2.0695837916832209
125.46299999999999,-2.0695997125045604
125.464,-2.0696168332236051
125.465,-2.0696351518779239
125.46599999999999,-2.0696546665039044
125.467,-2.0696753751367925
125.468,-2.0696972758107335
125.46899999999999,-2.069720366558808
125.47,-2.0697446454130684
125.471,-2.0697701104045838
125.47199999999999,-2.0697967595634688
125.473,-2.0698245909189286
125.474,-2.0698536024992999
125.47499999999999,-2.069883792332079
125.476,-2.0699151584439717
125.477,-2.0699476988609198
125.47799999999999,-2.0699814116081532
125.479,-2.0700162947102143
125.48,-2.0700523461910083
125.48099999999999,-2.070089564073831
125.482,-2.0701279463814162
125.483,-2.0701674911359667
125.48399999999999,-2.0702081963591965
125.485,-2.0702500600723703
125.486,-2.0702930802963344
125.48699999999999,-2.0703372550515686
125.488,-2.0703825823582069
125.489,-2.0704290602360915
125.48999999999999,-2.070476686704799
125.491,-2.070525459783688
125.492,-2.0705753774919322
125.49299999999999,-2.0706264378485559
125.494,-2.0706786388724785
125.495,-2.0707319785825522
125.496,-2.0707864549975907
125.497,-2.0708420661364206
125.498,-2.0708988100179089
125.499,-2.0709566846610068
125.5,-2.0710156880847856
125.501,-2.071075818308477
125.502,-2.0711370733515042
125.503,-2.0711994512335297
125.504,-2.0712629499744861
125.505,-2.0713275675946163
125.506,-2.0713933021145108
125.50700000000001,-2.0714601515551512
125.508,-2.0715281139379318
125.509,-2.0715971872847221
125.51000000000001,-2.0716673696178778
125.511,-2.0717386589603035
125.512,-2.0718110533354706
125.51300000000001,-2.071884550767467
125.514,-2.0719591492810312
125.515,-2.0720348469015875
125.51600000000001,-2.0721116416552867
125.517,-2.0721895315690442
125.518,-2.072268514670573
125.51900000000001,-2.0723485889884308
125.52,-2.0724297525520448
125.521,-2.0725120033917594
125.52200000000001,-2.0725953395388692
125.523,-2.0726797590256556
125.524,-2.0727652598854287
125.52500000000001,-2.0728518401525604
125.526,-2.0729394978625222
125.527,-2.0730282310519246
125.52800000000001,-2.073118037758555
125.529,-2.0732089160214109
125.53,-2.0733008638807386
125.53100000000001,-2.0733938793780746
125.532,-2.0734879605562777
125.533,-2.0735831054595688
125.53400000000001,-2.0736793121335655
125.535,-2.0737765786253206
125.536,-2.073874902983361
125.53700000000001,-2.0739742832577237
125.538,-2.0740747174999887
125.539,-2.0741762037633213
125.54000000000001,-2.0742787401025082
125.541,-2.0743823245739899
125.542,-2.0744869552359018
125.54300000000001,-2.0745926301481115
125.544,-2.0746993473722521
125.545,-2.07480710497176
125.54600000000001,-2.0749159010119147
125.547,-2.0750257335598694
125.548,-2.0751366006846932
125.54900000000001,-2.0752485004574055
125.55,-2.0753614309510091
125.551,-2.0754753902405354
125.55199999999999,-2.0755903764030701
125.553,-2.0757063875177977
125.554,-2.0758234216660321
125.55500000000001,-2.0759414769312587
125.556,-2.0760605513991632
125.557,-2.0761806431576768
125.55799999999999,-2.076301750297004
125.559,-2.0764238709096641
125.56,-2.0765470030905222
125.56100000000001,-2.0766711449368302
125.562,-2.0767962945482616
125.563,-2.0769224500269443
125.56399999999999,-2.0770496094774997
125.565,-2.0771777710070776
125.566,-2.0773069327253917
125.56700000000001,-2.0774370927447516
125.568,-2.0775682491801062
125.569,-2.0777004001490735
125.56999999999999,-2.0778335437719773
125.571,-2.0779676781718832
125.572,-2.0781028014746337
125.57300000000001,-2.0782389118088838
125.574,-2.0783760073061348
125.575,-2.078514086100772
125.57599999999999,-2.0786531463300983
125.577,-2.0787931861343689
125.578,-2.078934203656829
125.57899999999999,-2.0790761970437441
125.58,-2.0792191644444395
125.581,-2.0793631040113318
125.58199999999999,-2.0795080138999698
125.583,-2.0796538922690577
125.584,-2.0798007372805003
125.58499999999999,-2.0799485470994372
125.586,-2.0800973198942678
125.587,-2.0802470538366986
125.58799999999999,-2.0803977471017681
125.589,-2.0805493978678826
125.59,-2.0807020043168576
125.59099999999999,-2.0808555646339419
125.592,-2.0810100770078588
125.593,-2.0811655396308399
125.59399999999999,-2.0813219506986536
125.595,-2.0814793084106431
125.596,-2.0816376109697647
125.59699999999999,-2.081796856582613
125.598,-2.0819570434594592
125.599,-2.0821181698142852
125.59999999999999,-2.0822802338648163
125.601,-2.0824432338325529
125.602,-2.0826071679428089
125.60299999999999,-2.0827720344247389
125.604,-2.08293783151138
125.605,-2.0831045574396732
125.60599999999999,-2.0832722104505086
125.607,-2.0834407887887525
125.608,-2.0836102907032759
125.60899999999999,-2.0837807144470011
125.61,-2.0839520582769215
125.611,-2.084124320454138
125.61199999999999,-2.0842974992438976
125.613,-2.0844715929156163
125.614,-2.0846465997429235
125.61499999999999,-2.084822518003679
125.616,-2.0849993459800253
125.617,-2.085177081958399
125.61799999999999,-2.0853557242295802
125.619,-2.0855352710887121
125.62,-2.0857157208353438
125.621,-2.0858970717734553
125.622,-2.0860793222114893
125.623,-2.0862624704623887
125.624,-2.0864465148436233
125.625,-2.0866314536772244
125.626,-2.0868172852898117
125.627,-2.0870040080126309
125.628,-2.0871916201815837
125.629,-2.0873801201372548
125.63,-2.0875695062249497
125.631,-2.0877597767947202
125.63200000000001,-2.0879509302014001
125.633,-2.0881429648046339
125.634,-2.088335878968905
125.63500000000001,-2.0885296710635708
125.636,-2.0887243394628956
125.637,-2.0889198825460715
125.63800000000001,-2.0891162986972618
125.639,-2.0893135863056194
125.64,-2.0895117437653266
125.64100000000001,-2.0897107694756185
125.642,-2.0899106618408192
125.643,-2.0901114192703663
125.64400000000001,-2.0903130401788452
125.645,-2.0905155229860157
125.646,-2.0907188661168465
125.64700000000001,-2.0909230680015365
125.648,-2.0911281270755566
125.649,-2.0913340417796653
125.65000000000001,-2.0915408105599513
125.651,-2.0917484318678525
125.652,-2.0919569041601931
125.65300000000001,-2.0921662258992031
125.654,-2.0923763955525634
125.655,-2.0925874115934127
125.65600000000001,-2.0927992725003972
125.657,-2.0930119767576865
125.658,-2.0932255228550072
125.65900000000001,-2.0934399092876688
125.66,-2.0936551345565957
125.661,-2.093871197168351
125.66200000000001,-2.0940880956351697
125.663,-2.0943058284749823
125.664,-2.0945243942114442
125.66500000000001,-2.0947437913739666
125.666,-2.0949640184977376
125.667,-2.0951850741237577
125.66800000000001,-2.0954069567988616
125.669,-2.0956296650757484
125.67,-2.0958531975130059
125.67100000000001,-2.0960775526751432
125.672,-2.0963027291326117
125.673,-2.0965287254618379
125.67400000000001,-2.0967555402452431
125.675,-2.0969831720712784
125.676,-2.0972116195344461
125.67699999999999,-2.0974408812353245
125.678,-2.0976709557806026
125.679,-2.097901841783095
125.68000000000001,-2.0981335378617798
125.681,-2.0983660426418149
125.682,-2.0985993547545676
125.68299999999999,-2.0988334728376445
125.684,-2.099068395534911
125.685,-2.0993041214965191
125.68600000000001,-2.0995406493789308
125.687,-2.099777977844953
125.688,-2.1000161055637463
125.68899999999999,-2.1002550312108665
125.69,-2.1004947534682779
125.691,-2.1007352710243832
125.69200000000001,-2.1009765825740478
125.693,-2.1012186868186262
125.694,-2.1014615824659795
125.69499999999999,-2.1017052682305106
125.696,-2.1019497428331761
125.697,-2.1021950050015188
125.69800000000001,-2.1024410534696916
125.699,-2.1026878869784791
125.7,-2.1029355042753166
125.70099999999999,-2.1031839041143221
125.702,-2.1034330852563174
125.703,-2.1036830464688463
125.70399999999999,-2.103933786526202
125.705,-2.1041853042094525
125.706,-2.1044375983064563
125.70699999999999,-2.1046906676118939
125.708,-2.1049445109272829
125.709,-2.1051991270610029
125.70999999999999,-2.1054545148283212
125.711,-2.105710673051409
125.712,-2.1059676005593686
125.71299999999999,-2.1062252961882542
125.714,-2.1064837587810898
125.715,-2.1067429871878964
125.71599999999999,-2.1070029802657118
125.717,-2.1072637368786071
125.718,-2.1075252558977171
125.71899999999999,-2.1077875362012519
125.72,-2.1080505766745254
125.721,-2.1083143762099708
125.72199999999999,-2.1085789337071632
125.723,-2.1088442480728435
125.724,-2.109110318220933
125.72499999999999,-2.1093771430725545
125.726,-2.1096447215560561
125.727,-2.10991305260703
125.72799999999999,-2.1101821351683285
125.729,-2.1104519681900875
125.73,-2.1107225506297467
125.73099999999999,-2.1109938814520648
125.732,-2.1112659596291401
125.733,-2.1115387841404321
125.73399999999999,-2.1118123539727787
125.735,-2.1120866681204147
125.736,-2.1123617255849889
125.73699999999999,-2.1126375253755838
125.738,-2.112914066508738
125.739,-2.1131913480084545
125.73999999999999,-2.1134693689062285
125.741,-2.1137481282410597
125.742,-2.1140276250594732
125.74299999999999,-2.114307858415533
125.744,-2.1145888273708593
125.745,-2.1148705309946521
125.746,-2.1151529683637027
125.747,-2.1154361385624094
125.748,-2.1157200406827976
125.749,-2.1160046738245355
125.75,-2.1162900370949491
125.751,-2.1165761296090397
125.752,-2.1168629504895011
125.753,-2.1171504988667271
125.754,-2.1174387738788423
125.755,-2.1177277746717049
125.756,-2.118017500398925
125.75700000000001,-2.1183079502218822
125.758,-2.1185991233097408
125.759,-2.1188910188394616
125.76000000000001,-2.1191836359958174
125.761,-2.1194769739714103
125.762,-2.1197710319666823
125.76300000000001,-2.1200658091899287
125.764,-2.1203613048573229
125.765,-2.1206575181929108
125.76600000000001,-2.1209544484286416
125.767,-2.1212520948043738
125.768,-2.1215504565678907
125.76900000000001,-2.1218495329749092
125.77,-2.1221493232890984
125.771,-2.1224498267820895
125.77200000000001,-2.1227510427334879
125.773,-2.1230529704308885
125.774,-2.1233556091698822
125.77500000000001,-2.1236589582540741
125.776,-2.1239630169950914
125.777,-2.1242677847125981
125.77800000000001,-2.1245732607343042
125.779,-2.1248794443959742
125.78,-2.1251863350414482
125.78100000000001,-2.1254939320226396
125.782,-2.125802234699556
125.783,-2.126111242440305
125.78400000000001,-2.1264209546211079
125.785,-2.1267313706263034
125.786,-2.1270424898483662
125.78700000000001,-2.1273543116879114
125.788,-2.1276668355537023
125.789,-2.1279800608626678
125.79000000000001,-2.1282939870399025
125.791,-2.1286086135186824
125.792,-2.1289239397404707
125.79300000000001,-2.1292399651549241
125.794,-2.1295566892199096
125.795,-2.1298741114015032
125.79600000000001,-2.1301922311740031
125.797,-2.1305110480199381
125.798,-2.1308305614300727
125.79900000000001,-2.1311507709034143
125.8,-2.1314716759472248
125.801,-2.1317932760770231
125.80199999999999,-2.1321155708165933
125.803,-2.1324385596979951
125.804,-2.1327622422615629
125.80500000000001,-2.1330866180559207
125.806,-2.1334116866379778
125.807,-2.133737447572948
125.80799999999999,-2.1340639004343411
125.809,-2.1343910448039831
125.81,-2.1347188802720045
125.81100000000001,-2.1350474064368643
125.812,-2.1353766229053375
125.813,-2.1357065292925328
125.81399999999999,-2.1360371252218893
125.815,-2.1363684103251828
125.816,-2.1367003842425323
125.81700000000001,-2.137033046622403
125.818,-2.1373663971216055
125.819,-2.1377004354053057
125.81999999999999,-2.1380351611470241
125.821,-2.1383705740286381
125.822,-2.1387066737403906
125.82300000000001,-2.1390434599808854
125.824,-2.1393809324570938
125.825,-2.1397190908843546
125.82599999999999,-2.1400579349863782
125.827,-2.140397464495249
125.828,-2.1407376791514254
125.82899999999999,-2.1410785787037354
125.83,-2.1414201629093896
125.831,-2.1417624315339765
125.83199999999999,-2.1421053843514568
125.833,-2.1424490211441736
125.834,-2.1427933417028506
125.83499999999999,-2.1431383458265856
125.836,-2.1434840333228604
125.837,-2.1438304040075282
125.83799999999999,-2.1441774577048274
125.839,-2.1445251942473678
125.84,-2.1448736134761366
125.84099999999999,-2.1452227152404957
125.842,-2.1455724993981784
125.843,-2.145922965815295
125.84399999999999,-2.1462741143663155
125.845,-2.1466259449340845
125.846,-2.1469784574098103
125.84699999999999,-2.1473316516930594
125.848,-2.1476855276917606
125.849,-2.1480400853221977
125.84999999999999,-2.1483953245090079
125.851,-2.1487512451851805
125.852,-2.149107847292044
125.85299999999999,-2.149465130779272
125.854,-2.1498230956048774
125.855,-2.1501817417352043
125.85599999999999,-2.1505410691449205
125.857,-2.1509010778170263
125.858,-2.1512617677428318
125.85899999999999,-2.1516231389219644
125.86,-2.1519851913623587
125.861,-2.1523479250802464
125.86199999999999,-2.1527113401001596
125.863,-2.1530754364549174
125.864,-2.1534402141856197
125.86499999999999,-2.1538056733416453
125.866,-2.1541718139806387
125.867,-2.1545386361685077
125.86799999999999,-2.1549061399794134
125.869,-2.1552743254957623
125.87,-2.1556431928081996
125.871,-2.1560127420156023
125.872,-2.1563829732250657
125.873,-2.1567538865519014
125.874,-2.1571254821196226
125.875,-2.1574977600599383
125.876,-2.1578707205127423
125.877,-2.1582443636261051
125.878,-2.158618689556262
125.879,-2.1589936984676075
125.88,-2.1593693905326754
125.881,-2.1597457659321391
125.88200000000001,-2.1601228248547963
125.883,-2.1605005674975537
125.884,-2.1608789940654236
125.88500000000001,-2.1612581047715045
125.886,-2.1616378998369763
125.887,-2.1620183794910823
125.88800000000001,-2.162399543971123
125.889,-2.1627813935224349
125.89,-2.1631639283983874
125.89100000000001,-2.163547148860363
125.892,-2.1639310551777453
125.893,-2.1643156476279097
125.89400000000001,-2.1647009264962027
125.895,-2.1650868920759296
125.896,-2.1654735446683486
125.89700000000001,-2.1658608845826421
125.898,-2.1662489121359143
125.899,-2.1666376276531687
125.90000000000001,-2.1670270314672964
125.901,-2.1674171239190549
125.902,-2.1678079053570642
125.90300000000001,-2.168199376137776
125.904,-2.1685915366254691
125.905,-2.1689843871922263
125.90600000000001,-2.1693779282179175
125.907,-2.1697721600901891
125.908,-2.1701670832044382
125.90900000000001,-2.1705626979638
125.91,-2.1709590047791294
125.911,-2.1713560040689805
125.91200000000001,-2.1717536962595911
125.913,-2.1721520817848634
125.914,-2.1725511610863428
125.91500000000001,-2.1729509346132039
125.916,-2.1733514028222216
125.917,-2.1737525661777655
125.91800000000001,-2.1741544251517628
125.919,-2.1745569802236964
125.92,-2.1749602318805676
125.92100000000001,-2.1753641806168869
125.922,-2.1757688269346502
125.923,-2.1761741713433143
125.92400000000001,-2.1765802143597761
125.925,-2.1769869565083559
125.926,-2.1773943983207702
125.92699999999999,-2.1778025403361094
125.928,-2.1782113831008192
125.929,-2.1786209271686765
125.93000000000001,-2.1790311731007601
125.931,-2.1794421214654367
125.932,-2.1798537728383334
125.93299999999999,-2.1802661278023079
125.934,-2.1806791869474389
125.935,-2.1810929508709838
125.93600000000001,-2.1815074201773696
125.937,-2.1819225954781549
125.938,-2.182338477392018
125.93899999999999,-2.1827550665447193
125.94,-2.1831723635690832
125.941,-2.1835903691049667
125.94200000000001,-2.1840090837992427
125.943,-2.184428508305758
125.944,-2.1848486432853211
125.94499999999999,-2.1852694894056679
125.946,-2.185691047341435
125.947,-2.186113317774133
125.94800000000001,-2.1865363013921204
125.949,-2.1869599988905684
125.95,-2.1873844109714455
125.95099999999999,-2.1878095383434708
125.952,-2.1882353817221052
125.953,-2.1886619418295061
125.95399999999999,-2.1890892193945026
125.955,-2.1895172151525726
125.956,-2.1899459298458011
125.95699999999999,-2.1903753642228594
125.958,-2.190805519038971
125.959,-2.1912363950558791
125.95999999999999,-2.1916679930418179
125.961,-2.1921003137714794
125.962,-2.1925333580259836
125.96299999999999,-2.1929671265928459
125.964,-2.1934016202659445
125.965,-2.1938368398454875
125.96599999999999,-2.1942727861379798
125.967,-2.1947094599561927
125.968,-2.1951468621191284
125.96899999999999,-2.1955849934519862
125.97,-2.196023854786127
125.971,-2.1964634469590476
125.97199999999999,-2.1969037708143331
125.973,-2.197344827201634
125.974,-2.1977866169766243
125.97499999999999,-2.1982291410009682
125.976,-2.1986724001422853
125.977,-2.1991163952741166
125.97799999999999,-2.1995611272758819
125.979,-2.2000065970328508
125.98,-2.2004528054361026
125.98099999999999,-2.2008997533824899
125.982,-2.2013474417745988
125.983,-2.2017958715207193
125.98399999999999,-2.2022450435347971
125.985,-2.2026949587364051
125.986,-2.2031456180506979
125.98699999999999,-2.2035970224083798
125.988,-2.204049172745659
125.989,-2.2045020700042142
125.98999999999999,-2.2049557151311516
125.991,-2.2054101090789699
125.992,-2.2058652528055145
125.99299999999999,-2.2063211472739419
125.994,-2.2067777934526762
125.995,-2.2072351923153706
125.996,-2.2076933448408651
125.997,-2.2081522520131474
125.998,-2.2086119148213057
125.999,-2.2090723342594951
126,-2.209533511326891
126.001,-2.2099954470276435
126.002,-2.2104581423708405
126.003,-2.2109215983704633
126.004,-2.211385816045341
126.005,-2.2118507964191108
126.006,-2.2123165405201703
126.00700000000001,-2.2127830493816352
126.008,-2.2132503240412968
126.009,-2.2137183655415744
126.01000000000001,-2.2141871749294713
126.011,-2.2146567532565355
126.012,-2.2151271015787994
126.01300000000001,-2.2155982209567546
126.014,-2.216070112455288
126.015,-2.216542777143645
126.01600000000001,-2.2170162160953817
126.017,-2.2174904303883163
126.018,-2.2179654211044828
126.01900000000001,-2.2184411893300848
126.02,-2.2189177361554475
126.021,-2.219395062674971
126.02200000000001,-2.2198731699870757
126.023,-2.2203520591941635
126.024,-2.2208317314025643
126.02500000000001,-2.221312187722484
126.026,-2.2217934292679646
126.027,-2.2222754571568237
126.02800000000001,-2.2227582725106103
126.029,-2.2232418764545572
126.03,-2.2237262701175275
126.03100000000001,-2.2242114546319622
126.032,-2.2246974311338343
126.033,-2.2251842007625928
126.03400000000001,-2.2256717646611177
126.035,-2.2261601239756597
126.036,-2.2266492798557929
126.03700000000001,-2.2271392334543685
126.038,-2.2276299859274515
126.039,-2.2281215384342743
126.04000000000001,-2.2286138921371816
126.041,-2.229107048201584
126.042,-2.2296010077958899
126.04300000000001,-2.2300957720914654
126.044,-2.2305913422625752
126.045,-2.2310877194863288
126.04600000000001,-2.2315849049426255
126.047,-2.2320828998140958
126.048,-2.2325817052860564
126.04900000000001,-2.2330813225464472
126.05,-2.2335817527857715
126.051,-2.2340829971970533
126.05199999999999,-2.2345850569757717
126.053,-2.2350879333198028
126.054,-2.2355916274293715
126.05500000000001,-2.2360961405069864
126.056,-2.2366014737573883
126.057,-2.2371076283874882
126.05799999999999,-2.2376146056063142
126.059,-2.2381224066249503
126.06,-2.2386310326564796
126.06100000000001,-2.2391404849159215
126.062,-2.2396507646201846
126.063,-2.2401618729879922
126.06399999999999,-2.2406738112398346
126.065,-2.2411865805979052
126.066,-2.241700182286039
126.06700000000001,-2.2422146175296591
126.068,-2.2427298875557091
126.069,-2.2432459935925957
126.06999999999999,-2.243762936870128
126.071,-2.2442807186194562
126.072,-2.2447993400730133
126.07300000000001,-2.2453188024644439
126.074,-2.2458391070285559
126.075,-2.2463602550012478
126.07599999999999,-2.2468822476194505
126.077,-2.2474050861210659
126.078,-2.2479287717449039
126.07899999999999,-2.248453305730612
126.08,-2.248978689318625
126.081,-2.2495049237500915
126.08199999999999,-2.2500320102668132
126.083,-2.2505599501111817
126.084,-2.2510887445261103
126.08499999999999,-2.2516183947549795
126.086,-2.2521489020415535
126.087,-2.2526802676299398
126.08799999999999,-2.253212492764503
126.089,-2.2537455786898106
126.09,-2.2542795266505591
126.09099999999999,-2.2548143378915189
126.092,-2.2553500136574591
126.093,-2.2558865551930842
126.09399999999999,-2.2564239637429675
126.095,-2.2569622405514815
126.096,-2.2575013868627387
126.09699999999999,-2.2580414039205112
126.098,-2.2585822929681743
126.099,-2.2591240552486345
126.09999999999999,-2.2596666920042598
126.101,-2.2602102044768162
126.102,-2.260754593907393
126.10299999999999,-2.2612998615363344
126.104,-2.2618460086031802
126.105,-2.262393036346583
126.10599999999999,-2.2629409460042451
126.107,-2.2634897388128539
126.108,-2.2640394160080008
126.10899999999999,-2.2645899788241191
126.11,-2.2651414284944114
126.111,-2.2656937662507768
126.11199999999999,-2.2662469933237435
126.113,-2.2668011109423967
126.114,-2.2673561203343078
126.11499999999999,-2.2679120227254561
126.116,-2.2684688193401699
126.117,-2.2690265114010417
126.11799999999999,-2.2695851001288654
126.119,-2.2701445867425578
126.12,-2.2707049724590891
126.121,-2.2712662584934096
126.122,-2.2718284460583735
126.123,-2.2723915363646729
126.124,-2.2729555306207558
126.125,-2.2735204300327587
126.126,-2.274086235804428
126.127,-2.2746529491370504
126.128,-2.2752205712293758
126.129,-2.2757891032775404
126.13,-2.2763585464749987
126.131,-2.2769289020124424
126.13200000000001,-2.2775001710777274
126.133,-2.278072354855802
126.134,-2.2786454545286201
126.13500000000001,-2.2792194712750811
126.136,-2.2797944062709421
126.137,-2.2803702606887453
126.13800000000001,-2.2809470356977428
126.139,-2.281524732463819
126.14,-2.2821033521494143
126.14100000000001,-2.282682895913446
126.142,-2.2832633649112348
126.143,-2.283844760294425
126.14400000000001,-2.284427083210907
126.145,-2.285010334804741
126.146,-2.2855945162160767
126.14700000000001,-2.2861796285810794
126.148,-2.2867656730318449
126.149,-2.2873526506963282
126.15000000000001,-2.2879405626982598
126.151,-2.2885294101570688
126.152,-2.2891191941878066
126.15300000000001,-2.2897099159010619
126.154,-2.2903015764028867
126.155,-2.2908941767947097
126.15600000000001,-2.2914877181732658
126.157,-2.2920822016305116
126.158,-2.2926776282535402
126.15900000000001,-2.2932739991245108
126.16,-2.293871315320565
126.161,-2.2944695779137358
126.16200000000001,-2.2950687879708873
126.163,-2.295668946553612
126.164,-2.2962700547181649
126.16500000000001,-2.296872113515378
126.166,-2.2974751239905729
126.167,-2.2980790871834893
126.16800000000001,-2.2986840041281953
126.169,-2.29928987585301
126.17,-2.2998967033804179
126.17100000000001,-2.3005044877269909
126.172,-2.3011132299033008
126.173,-2.3017229309138387
126.17400000000001,-2.3023335917569394
126.175,-2.3029452134246826
126.176,-2.3035577969028291
126.17699999999999,-2.3041713431707178
126.178,-2.3047858532012033
126.179,-2.3054013279605545
126.18000000000001,-2.3060177684083789
126.181,-2.3066351754975392
126.182,-2.3072535501740723
126.18299999999999,-2.3078728933770933
126.184,-2.3084932060387269
126.185,-2.309114489084009
126.18600000000001,-2.309736743430816
126.187,-2.3103599699897672
126.188,-2.3109841696641498
126.18899999999999,-2.3116093433498266
126.19,-2.3122354919351591
126.191,-2.3128626163009152
126.19200000000001,-2.3134907173201862
126.193,-2.3141197958583053
126.194,-2.3147498527727568
126.19499999999999,-2.3153808889130922
126.196,-2.3160129051208456
126.197,-2.3166459022294479
126.19800000000001,-2.31727988106414
126.199,-2.3179148424418865
126.2,-2.3185507871712896
126.20099999999999,-2.3191877160525043
126.202,-2.3198256298771507
126.203,-2.3204645294282291
126.20399999999999,-2.3211044154800287
126.205,-2.3217452887980463
126.206,-2.3223871501388991
126.20699999999999,-2.3230300002502329
126.208,-2.3236738398706396
126.209,-2.3243186697295712
126.20999999999999,-2.3249644905472469
126.211,-2.3256113030345724
126.212,-2.3262591078930468
126.21299999999999,-2.3269079058146769
126.214,-2.3275576974818937
126.215,-2.3282084835674581
126.21599999999999,-2.328860264734379
126.217,-2.3295130416358205
126.218,-2.3301668149150192
126.21899999999999,-2.3308215852051912
126.22,-2.3314773531294475
126.221,-2.3321341193007048
126.22199999999999,-2.3327918843215958
126.223,-2.3334506487843809
126.224,-2.3341104132708654
126.22499999999999,-2.334771178352304
126.226,-2.3354329445893165
126.227,-2.3360957125317965
126.22799999999999,-2.3367594827188238
126.229,-2.3374242556785787
126.23,-2.3380900319282465
126.23099999999999,-2.3387568119739361
126.232,-2.3394245963105877
126.233,-2.3400933854218806
126.23399999999999,-2.3407631797801525
126.235,-2.3414339798463009
126.236,-2.342105786069701
126.23699999999999,-2.3427785988881142
126.238,-2.3434524187275998
126.239,-2.3441272460024227
126.23999999999999,-2.3448030811149687
126.241,-2.3454799244556499
126.242,-2.3461577764028227
126.24299999999999,-2.3468366373226894
126.244,-2.3475165075692179
126.245,-2.3481973874840447
126.246,-2.34887927739639
126.247,-2.3495621776229645
126.248,-2.3502460884678893
126.249,-2.3509310102225887
126.25,-2.3516169431657206
126.251,-2.3523038875630728
126.252,-2.3529918436674748
126.253,-2.3536808117187222
126.254,-2.3543707919434649
126.255,-2.3550617845551374
126.256,-2.3557537897538547
126.25700000000001,-2.3564468077263307
126.258,-2.3571408386457904
126.259,-2.3578358826718691
126.26000000000001,-2.3585319399505353
126.261,-2.3592290106139928
126.262,-2.359927094780597
126.26300000000001,-2.3606261925547587
126.264,-2.3613263040268602
126.265,-2.3620274292731631
126.26600000000001,-2.3627295683557175
126.267,-2.3634327213222748
126.268,-2.3641368882061982
126.26900000000001,-2.3648420690263698
126.27,-2.365548263787105
126.271,-2.3662554724780613
126.27200000000001,-2.3669636950741468
126.273,-2.3676729315354339
126.274,-2.3683831818070695
126.27500000000001,-2.3690944458191834
126.276,-2.3698067234868003
126.277,-2.3705200147097498
126.27800000000001,-2.3712343193725798
126.279,-2.371949637344462
126.28,-2.3726659684791072
126.28100000000001,-2.3733833126146742
126.282,-2.374101669573681
126.283,-2.3748210391629163
126.28400000000001,-2.3755414211733488
126.285,-2.37626281538004
126.286,-2.3769852215420513
126.28700000000001,-2.377708639402365
126.288,-2.3784330686877815
126.289,-2.3791585091088439
126.29000000000001,-2.3798849603597363
126.291,-2.3806124221182099
126.292,-2.3813408940454801
126.29300000000001,-2.3820703757861477
126.294,-2.3828008669681058
126.295,-2.383532367202454
126.29600000000001,-2.384264876083408
126.297,-2.3849983931882135
126.298,-2.3857329180770543
126.29900000000001,-2.3864684502929716
126.3,-2.3872049893617673
126.301,-2.3879425347919208
126.30199999999999,-2.3886810860745022
126.303,-2.3894206426830831
126.304,-2.3901612040736477
126.30500000000001,-2.3909027696845069
126.306,-2.3916453389362129
126.307,-2.3923889112314658
126.30799999999999,-2.3931334859550324
126.309,-2.3938790624736601
126.31,-2.3946256401359793
126.31100000000001,-2.3953732182724341
126.312,-2.3961217961951791
126.313,-2.3968713731979969
126.31399999999999,-2.3976219485562229
126.315,-2.3983735215266444
126.316,-2.3991260913474184
126.31700000000001,-2.3998796572379923
126.318,-2.4006342183990084
126.319,-2.401389774012225
126.31999999999999,-2.4021463232404301
126.321,-2.4029038652273469
126.322,-2.4036623990975627
126.32300000000001,-2.4044219239564333
126.324,-2.4051824388899972
126.325,-2.4059439429649014
126.32599999999999,-2.4067064352283047
126.327,-2.4074699147077956
126.328,-2.4082343804113169
126.32899999999999,-2.4089998313270655
126.33,-2.4097662664234214
126.331,-2.4105336846488603
126.33199999999999,-2.4113020849318643
126.333,-2.4120714661808478
126.334,-2.4128418272840593
126.33499999999999,-2.4136131671095171
126.336,-2.4143854845049075
126.337,-2.4151587782975152
126.33799999999999,-2.4159330472941347
126.339,-2.4167082902809858
126.34,-2.4174845060236354
126.34099999999999,-2.4182616932669134
126.342,-2.4190398507348272
126.343,-2.4198189771304879
126.34399999999999,-2.4205990711360208
126.345,-2.4213801314124845
126.346,-2.4221621565997964
126.34699999999999,-2.4229451453166391
126.348,-2.4237290961603932
126.349,-2.4245140077070504
126.34999999999999,-2.4252998785111295
126.351,-2.4260867071055987
126.352,-2.4268744920017999
126.35299999999999,-2.42766323168936
126.354,-2.4284529246361206
126.355,-2.429243569288051
126.35599999999999,-2.43003516406917
126.357,-2.4308277073814759
126.358,-2.4316211976048523
126.35899999999999,-2.4324156330970013
126.36,-2.4332110121933601
126.361,-2.4340073332070258
126.36199999999999,-2.4348045944286758
126.363,-2.4356027941264857
126.364,-2.4364019305460607
126.36499999999999,-2.4372020019103573
126.366,-2.4380030064195912
126.367,-2.4388049422511866
126.36799999999999,-2.4396078075596757
126.369,-2.4404116004766356
126.37,-2.4412163191106115
126.371,-2.4420219615470335
126.372,-2.4428285258481504
126.373,-2.4436360100529519
126.374,-2.4444444121770852
126.375,-2.4452537302127979
126.376,-2.4460639621288429
126.377,-2.4468751058704221
126.378,-2.447687159359103
126.379,-2.4485001204927448
126.38,-2.4493139871454339
126.381,-2.4501287571673975
126.38200000000001,-2.4509444283849433
126.383,-2.4517609986003812
126.384,-2.4525784655919507
126.38500000000001,-2.4533968271137496
126.386,-2.4542160808956703
126.387,-2.4550362246433108
126.38800000000001,-2.4558572560379259
126.389,-2.4566791727363357
126.39,-2.4575019723708715
126.39100000000001,-2.4583256525492976
126.392,-2.4591502108547427
126.393,-2.4599756448456294
126.39400000000001,-2.4608019520556121
126.395,-2.4616291299934989
126.396,-2.4624571761431922
126.39700000000001,-2.4632860879636063
126.398,-2.4641158628886206
126.399,-2.4649464983269951
126.40000000000001,-2.4657779916623088
126.401,-2.4666103402528927
126.402,-2.4674435414317655
126.40300000000001,-2.4682775925065696
126.404,-2.4691124907594935
126.405,-2.4699482334472211
126.40600000000001,-2.4707848178008538
126.407,-2.4716222410258597
126.408,-2.4724605003019979
126.40900000000001,-2.4732995927832544
126.41,-2.4741395155977886
126.411,-2.4749802658478597
126.41200000000001,-2.475821840609771
126.413,-2.4766642369337992
126.414,-2.47750745184414
126.41500000000001,-2.4783514823388444
126.416,-2.4791963253897551
126.417,-2.4800419779424416
126.41800000000001,-2.480888436916155
126.419,-2.481735699203746
126.42,-2.4825837616716235
126.42100000000001,-2.4834326211596824
126.422,-2.4842822744812532
126.423,-2.485132718423035
126.42400000000001,-2.4859839497450453
126.425,-2.4868359651805561
126.426,-2.4876887614360426
126.42699999999999,-2.4885423351911138
126.428,-2.4893966830984686
126.429,-2.4902518017838364
126.43000000000001,-2.4911076878459122
126.431,-2.4919643378563121
126.432,-2.4928217483595141
126.43299999999999,-2.4936799158728009
126.434,-2.4945388368862078
126.435,-2.4953985078624692
126.43600000000001,-2.4962589252369654
126.437,-2.4971200854176629
126.438,-2.4979819847850724
126.43899999999999,-2.4988446196921901
126.44,-2.4997079864644451
126.441,-2.5005720813996479
126.44200000000001,-2.5014369007679464
126.443,-2.5023024408117669
126.444,-2.5031686977457692
126.44499999999999,-2.5040356677567903
126.446,-2.5049033470038014
126.447,-2.5057717316178625
126.44800000000001,-2.5066408177020616
126.449,-2.5075106013314779
126.45,-2.5083810785531293
126.45099999999999,-2.5092522453859276
126.452,-2.5101240978206292
126.453,-2.5109966318197907
126.45399999999999,-2.5118698433177222
126.455,-2.5127437282204488
126.456,-2.513618282405651
126.45699999999999,-2.5144935017226375
126.458,-2.5153693819922891
126.459,-2.5162459190070203
126.45999999999999,-2.5171231085307353
126.461,-2.5180009462987902
126.462,-2.5188794280179385
126.46299999999999,-2.5197585493663102
126.464,-2.5206383059933462
126.465,-2.5215186935197798
126.46599999999999,-2.5223997075375824
126.467,-2.5232813436099297
126.468,-2.5241635972711647
126.46899999999999,-2.5250464640267554
126.47,-2.5259299393532517
126.471,-2.5268140186982659
126.47199999999999,-2.527698697480413
126.473,-2.5285839710892901
126.474,-2.5294698348854343
126.47499999999999,-2.5303562842002885
126.476,-2.5312433143361659
126.477,-2.5321309205662139
126.47799999999999,-2.5330190981343828
126.479,-2.5339078422553953
126.48,-2.5347971481147038
126.48099999999999,-2.5356870108684655
126.482,-2.5365774256435092
126.483,-2.537468387537305
126.48399999999999,-2.5383598916179286
126.485,-2.5392519329240368
126.486,-2.5401445064648325
126.48699999999999,-2.5410376072200407
126.488,-2.5419312301398751
126.489,-2.542825370145013
126.48999999999999,-2.543720022126565
126.491,-2.5446151809460487
126.492,-2.545510841435366
126.49299999999999,-2.5464069983967681
126.494,-2.5473036466028409
126.495,-2.5482007807964688
126.496,-2.5490983956908222
126.497,-2.5499964859693209
126.498,-2.5508950462856248
126.499,-2.5517940712635951
126.5,-2.5526935554972843
126.501,-2.5535934935509141
126.502,-2.5544938799588426
126.503,-2.5553947092255624
126.504,-2.5562959758256589
126.505,-2.5571976742038105
126.506,-2.5580997987747569
126.50700000000001,-2.5590023439232885
126.508,-2.5599053040042223
126.509,-2.5608086733423887
126.51000000000001,-2.5617124462326135
126.511,-2.5626166169397031
126.512,-2.5635211796984292
126.51300000000001,-2.5644261287135128
126.514,-2.5653314581596049
126.515,-2.5662371621812854
126.51600000000001,-2.567143234893039
126.517,-2.5680496703792457
126.518,-2.5689564626941701
126.51900000000001,-2.5698636058619488
126.52,-2.5707710938765809
126.521,-2.5716789207019186
126.52200000000001,-2.5725870802716519
126.523,-2.5734955664893047
126.524,-2.5744043732282291
126.52500000000001,-2.5753134943315894
126.526,-2.5762229236123604
126.527,-2.5771326548533207
126.52800000000001,-2.5780426818070472
126.529,-2.5789529981959038
126.53,-2.5798635977120483
126.53100000000001,-2.5807744740174101
126.532,-2.5816856207437064
126.533,-2.5825970314924298
126.53400000000001,-2.5835086998348382
126.535,-2.584420619311973
126.536,-2.5853327834346373
126.53700000000001,-2.5862451856834081
126.538,-2.587157819508632
126.539,-2.5880706783304248
126.54000000000001,-2.5889837555386785
126.541,-2.589897044493056
126.542,-2.5908105385229963
126.54300000000001,-2.5917242309277233
126.544,-2.5926381149762374
126.545,-2.5935521839073354
126.54600000000001,-2.5944664309296011
126.547,-2.5953808492214216
126.548,-2.5962954319309866
126.54900000000001,-2.5972101721762995
126.55,-2.5981250630451829
126.551,-2.5990400975952896
126.55199999999999,-2.5999552688541083
126.553,-2.6008705698189747
126.554,-2.6017859934570815
126.55500000000001,-2.6027015327054883
126.556,-2.6036171804711374
126.557,-2.6045329296308548
126.55799999999999,-2.6054487730313785
126.559,-2.6063647034893593
126.56,-2.6072807137913818
126.56100000000001,-2.6081967966939752
126.562,-2.6091129449236306
126.563,-2.6100291511768132
126.56399999999999,-2.6109454081199912
126.565,-2.6118617083896343
126.566,-2.6127780445922451
126.56700000000001,-2.6136944093043759
126.568,-2.6146107950726414
126.569,-2.6155271944137475
126.56999999999999,-2.6164435998145077
126.571,-2.617360003731859
126.572,-2.6182763985928927
126.57300000000001,-2.6191927767948755
126.574,-2.620109130705262
126.575,-2.6210254526617387
126.57599999999999,-2.6219417349722232
126.577,-2.6228579699149153
126.578,-2.6237741497383018
126.57899999999999,-2.6246902666611938
126.58,-2.6256063128727538
126.581,-2.6265222805325186
126.58199999999999,-2.6274381617704297
126.583,-2.6283539486868683
126.584,-2.6292696333526733
126.58499999999999,-2.6301852078091841
126.586,-2.6311006640682661
126.587,-2.6320159941123364
126.58799999999999,-2.6329311898944097
126.589,-2.6338462433381205
126.59,-2.6347611463377616
126.59099999999999,-2.6356758907583195
126.592,-2.6365904684355073
126.593,-2.6375048711758007
126.59399999999999,-2.6384190907564724
126.595,-2.6393331189256379
126.596,-2.6402469474022849
126.59699999999999,-2.6411605678763115
126.598,-2.6420739720085731
126.599,-2.6429871514309182
126.59999999999999,-2.6439000977462221
126.601,-2.6448128025284419
126.602,-2.6457252573226508
126.60299999999999,-2.6466374536450736
126.604,-2.6475493829831489
126.605,-2.6484610367955552
126.60599999999999,-2.6493724065122599
126.607,-2.650283483534575
126.608,-2.6511942592351909
126.60899999999999,-2.6521047249582264
126.61,-2.6530148720192805
126.611,-2.653924691705476
126.61199999999999,-2.6548341752755107
126.613,-2.6557433139597038
126.614,-2.6566520989600484
126.61499999999999,-2.6575605214502671
126.616,-2.6584685725758508
126.617,-2.659376243454127
126.61799999999999,-2.6602835251742967
126.619,-2.661190408797502
126.62,-2.6620968853568714
126.621,-2.6630029458575786
126.622,-2.6639085812768961
126.623,-2.6648137825642531
126.624,-2.6657185406412927
126.625,-2.6666228464019293
126.626,-2.6675266907124051
126.627,-2.6684300644113526
126.628,-2.6693329583098517
126.629,-2.6702353631914937
126.63,-2.6711372698124327
126.631,-2.6720386689014664
126.63200000000001,-2.6729395511600735
126.633,-2.6738399072625025
126.634,-2.6747397278558136
126.63500000000001,-2.6756390035599615
126.636,-2.6765377249678464
126.637,-2.6774358826453879
126.63800000000001,-2.6783334671315906
126.639,-2.6792304689386093
126.64,-2.6801268785518193
126.64100000000001,-2.6810226864298832
126.642,-2.6819178830048225
126.643,-2.6828124586820827
126.64400000000001,-2.6837064038406142
126.645,-2.6845997088329323
126.646,-2.6854923639851958
126.64700000000001,-2.6863843595972785
126.648,-2.6872756859428417
126.649,-2.6881663332694119
126.65000000000001,-2.689056291798452
126.651,-2.6899455517254349
126.652,-2.6908341032199283
126.65300000000001,-2.6917219364256608
126.654,-2.692609041460611
126.655,-2.6934954084170721
126.65600000000001,-2.6943810273617439
126.657,-2.6952658883358076
126.658,-2.6961499813550018
126.65900000000001,-2.6970332964097095
126.66,-2.6979158234650367
126.661,-2.6987975524608956
126.66200000000001,-2.6996784733120904
126.663,-2.7005585759083948
126.664,-2.7014378501146394
126.66500000000001,-2.7023162857708005
126.666,-2.7031938726920828
126.667,-2.7040706006690005
126.66800000000001,-2.704946459467477
126.669,-2.7058214388289183
126.67,-2.7066955284703127
126.67100000000001,-2.7075687180843158
126.672,-2.7084409973393351
126.673,-2.7093123558796313
126.67400000000001,-2.7101827833253997
126.675,-2.7110522692728702
126.676,-2.7119208032943902
126.67699999999999,-2.7127883749385253
126.678,-2.7136549737301543
126.679,-2.7145205891705517
126.68000000000001,-2.7153852107374998
126.681,-2.7162488278853729
126.682,-2.7171114300452324
126.68299999999999,-2.717973006624935
126.684,-2.7188335470092202
126.685,-2.7196930405598128
126.68600000000001,-2.7205514766155217
126.687,-2.7214088444923403
126.688,-2.7222651334835426
126.68899999999999,-2.7231203328597919
126.69,-2.7239744318692374
126.691,-2.7248274197376139
126.69200000000001,-2.7256792856683525
126.693,-2.726530018842678
126.694,-2.7273796084197164
126.69499999999999,-2.728228043536598
126.696,-2.7290753133085612
126.697,-2.7299214068290691
126.69800000000001,-2.7307663131698998
126.699,-2.7316100213812673
126.7,-2.7324525204919246
126.70099999999999,-2.733293799509271
126.702,-2.734133847419467
126.703,-2.7349726531875396
126.70399999999999,-2.7358102057574909
126.705,-2.7366464940524198
126.706,-2.7374815069746212
126.70699999999999,-2.7383152334057064
126.708,-2.7391476622067179
126.709,-2.7399787822182322
126.70999999999999,-2.74080858226049
126.711,-2.7416370511334991
126.712,-2.7424641776171548
126.71299999999999,-2.7432899504713566
126.714,-2.7441143584361276
126.715,-2.74493739023172
126.71599999999999,-2.7457590345587519
126.717,-2.7465792800983122
126.718,-2.7473981155120866
126.71899999999999,-2.7482155294424713
126.72,-2.7490315105127037
126.721,-2.7498460473269724
126.72199999999999,-2.7506591284705504
126.723,-2.7514707425099063
126.724,-2.7522808779928374
126.72499999999999,-2.7530895234485886
126.726,-2.7538966673879735
126.727,-2.7547022983035072
126.72799999999999,-2.755506404669525
126.729,-2.7563089749423142
126.73,-2.7571099975602333
126.73099999999999,-2.7579094609438481
126.732,-2.7587073534960531
126.733,-2.7595036636022012
126.73399999999999,-2.7602983796302381
126.735,-2.7610914899308217
126.736,-2.7618829828374603
126.73699999999999,-2.7626728466666455
126.738,-2.763461069717974
126.739,-2.7642476402742862
126.73999999999999,-2.7650325466018009
126.741,-2.7658157769502383
126.742,-2.7665973195529663
126.74299999999999,-2.7673771626271302
126.744,-2.7681552943737762
126.745,-2.7689317029780094
126.746,-2.7697063766091077
126.747,-2.7704793034206716
126.748,-2.7712504715507578
126.749,-2.7720198691220146
126.75,-2.7727874842418201
126.751,-2.7735533050024284
126.752,-2.7743173194810966
126.753,-2.775079515740237
126.754,-2.7758398818275438
126.755,-2.7765984057761495
126.756,-2.7773550756047527
126.75700000000001,-2.7781098793177694
126.758,-2.7788628049054696
126.759,-2.7796138403441253
126.76000000000001,-2.7803629735961461
126.761,-2.7811101926102362
126.762,-2.7818554853215254
126.76300000000001,-2.7825988396517216
126.764,-2.7833402435092554
126.765,-2.7840796847894254
126.76600000000001,-2.7848171513745461
126.767,-2.7855526311340935
126.768,-2.786286111924853
126.76900000000001,-2.7870175815910718
126.77,-2.7877470279645982
126.771,-2.7884744388650411
126.77200000000001,-2.7891998020999136
126.773,-2.7899231054647826
126.774,-2.7906443367434264
126.77500000000001,-2.791363483707979
126.776,-2.7920805341190809
126.777,-2.7927954757260371
126.77800000000001,-2.7935082962669675
126.779,-2.7942189834689586
126.78,-2.794927525048216
126.78100000000001,-2.7956339087102222
126.782,-2.7963381221498906
126.783,-2.7970401530517162
126.78400000000001,-2.7977399890899362
126.785,-2.7984376179286805
126.786,-2.7991330272221351
126.78700000000001,-2.7998262046146944
126.788,-2.80051713774112
126.789,-2.8012058142266936
126.79000000000001,-2.8018922216873818
126.791,-2.8025763477299943
126.792,-2.8032581799523379
126.79300000000001,-2.8039377059433832
126.794,-2.8046149132834133
126.795,-2.8052897895442008
126.79600000000001,-2.8059623222891483
126.797,-2.806632499073471
126.798,-2.8073003074443426
126.79900000000001,-2.8079657349410621
126.8,-2.8086287690952183
126.801,-2.8092893974308515
126.80199999999999,-2.8099476074646175
126.803,-2.8106033867059486
126.804,-2.8112567226572214
126.80500000000001,-2.8119076028139176
126.806,-2.8125560146647954
126.807,-2.8132019456920467
126.80799999999999,-2.8138453833714658
126.809,-2.8144863151726192
126.81,-2.8151247285590095
126.81100000000001,-2.8157606109882396
126.812,-2.8163939499121859
126.813,-2.8170247327771607
126.81399999999999,-2.8176529470240821
126.815,-2.8182785800886396
126.816,-2.8189016194014744
126.81700000000001,-2.819522052388332
126.818,-2.8201398664702424
126.819,-2.8207550490636875
126.81999999999999,-2.8213675875807693
126.821,-2.8219774694293847
126.822,-2.8225846820133924
126.82300000000001,-2.8231892127327871
126.824,-2.8237910489838667
126.825,-2.824390178159411
126.82599999999999,-2.8249865876488478
126.827,-2.8255802648384281
126.828,-2.8261711971114005
126.82899999999999,-2.8267593718481807
126.83,-2.8273447764265285
126.831,-2.8279273982217186
126.83199999999999,-2.8285072246067209
126.833,-2.8290842429523657
126.834,-2.829658440627524
126.83499999999999,-2.8302298049992869
126.836,-2.8307983234331306
126.837,-2.8313639832931026
126.83799999999999,-2.8319267719419887
126.839,-2.8324866767414942
126.84,-2.8330436850524219
126.84099999999999,-2.8335977842348452
126.842,-2.8341489616482862
126.843,-2.8346972046518966
126.84399999999999,-2.835242500604628
126.845,-2.8357848368654199
126.846,-2.8363242007933671
126.84699999999999,-2.8368605797479045
126.848,-2.8373939610889876
126.849,-2.8379243321772663
126.84999999999999,-2.8384516803742681
126.851,-2.8389759930425713
126.852,-2.839497257545994
126.85299999999999,-2.8400154612497692
126.854,-2.8405305915207215
126.855,-2.8410426357274554
126.85599999999999,-2.8415515812405268
126.857,-2.8420574154326346
126.858,-2.8425601256787889
126.85899999999999,-2.8430596993565036
126.86,-2.8435561238459748
126.861,-2.8440493865302559
126.86199999999999,-2.8445394747954467
126.863,-2.8450263760308765
126.864,-2.8455100776292799
126.86499999999999,-2.8459905669869876
126.866,-2.8464678315040972
126.867,-2.8469418585846658
126.86799999999999,-2.8474126356368936
126.869,-2.8478801500733004
126.87,-2.8483443893109115
126.871,-2.8488053407714471
126.872,-2.8492629918814938
126.873,-2.8497173300727026
126.874,-2.8501683427819602
126.875,-2.8506160174515829
126.876,-2.8510603415294948
126.877,-2.8515013024694156
126.878,-2.8519388877310421
126.879,-2.852373084780238
126.88,-2.852803881089212
126.881,-2.8532312641367072
126.88200000000001,-2.8536552214081858
126.883,-2.8540757403960182
126.884,-2.8544928085996544
126.88500000000001,-2.8549064135258284
126.886,-2.855316542688727
126.887,-2.8557231836101895
126.88800000000001,-2.8561263238198826
126.889,-2.8565259508554899
126.89,-2.8569220522629024
126.89100000000001,-2.8573146155963967
126.892,-2.857703628418828
126.893,-2.85808907830181
126.89400000000001,-2.8584709528259076
126.895,-2.8588492395808185
126.896,-2.8592239261655621
126.89700000000001,-2.859595000188663
126.898,-2.859962449268342
126.899,-2.8603262610327009
126.90000000000001,-2.860686423119903
126.901,-2.8610429231783723
126.902,-2.8613957488669692
126.90300000000001,-2.8617448878551812
126.904,-2.8620903278233145
126.905,-2.8624320564626675
126.90600000000001,-2.8627700614757341
126.907,-2.8631043305763768
126.908,-2.8634348514900267
126.90900000000001,-2.8637616119538531
126.91,-2.8640845997169713
126.911,-2.8644038025406093
126.91200000000001,-2.8647192081983093
126.913,-2.8650308044761115
126.914,-2.8653385791727315
126.91500000000001,-2.8656425200997573
126.916,-2.8659426150818392
126.917,-2.8662388519568625
126.91800000000001,-2.8665312185761476
126.919,-2.8668197028046301
126.92,-2.8671042925210495
126.92100000000001,-2.8673849756181369
126.922,-2.8676617400027986
126.923,-2.8679345735963064
126.92400000000001,-2.8682034643344796
126.925,-2.8684684001678775
126.926,-2.8687293690619793
126.92699999999999,-2.8689863589973772
126.928,-2.869239357969958
126.929,-2.8694883539910885
126.93000000000001,-2.8697333350878074
126.931,-2.8699742893030056
126.932,-2.8702112046956163
126.93299999999999,-2.8704440693407962
126.934,-2.8706728713301164
126.935,-2.8708975987717471
126.93600000000001,-2.871118239790639
126.937,-2.8713347825287139
126.938,-2.8715472151450498
126.93899999999999,-2.8717555258160603
126.94,-2.8719597027356869
126.941,-2.8721597341155807
126.94200000000001,-2.8723556081852886
126.943,-2.8725473131924355
126.944,-2.8727348374029136
126.94499999999999,-2.8729181691010606
126.946,-2.87309729658985
126.947,-2.8732722081910742
126.94800000000001,-2.8734428922455235
126.949,-2.8736093371131775
126.95,-2.8737715311733814
126.95099999999999,-2.8739294628250409
126.952,-2.8740831204867865
126.953,-2.8742324925971809
126.95399999999999,-2.8743775676148813
126.955,-2.8745183340188323
126.956,-2.8746547803084486
126.95699999999999,-2.8747868950037967
126.958,-2.8749146666457719
126.959,-2.8750380837962899
126.95999999999999,-2.8751571350384584
126.961,-2.8752718089767706
126.962,-2.8753820942372741
126.96299999999999,-2.8754879794677652
126.964,-2.8755894533379545
126.965,-2.8756865045396625
126.96599999999999,-2.8757791217869944
126.967,-2.8758672938165137
126.968,-2.8759510093874354
126.96899999999999,-2.8760302572817986
126.97,-2.8761050263046437
126.971,-2.876175305284197
126.97199999999999,-2.8762410830720446
126.973,-2.8763023485433212
126.974,-2.8763590905968757
126.97499999999999,-2.8764112981554577
126.976,-2.8764589601658948
126.977,-2.8765020655992704
126.97799999999999,-2.8765406034510956
126.979,-2.8765745627414949
126.98,-2.8766039325153798
126.98099999999999,-2.8766287018426233
126.982,-2.8766488598182365
126.983,-2.8766643955625497
126.98399999999999,-2.8766752982213832
126.985,-2.876681556966223
126.986,-2.8766831609944008
126.98699999999999,-2.876680099529259
126.988,-2.8766723618203383
126.989,-2.8766599371435406
126.98999999999999,-2.8766428148013086
126.991,-2.8766209841227983
126.992,-2.8765944344640522
126.99299999999999,-2.8765631552081707
126.994,-2.8765271357654862
126.995,-2.8764863655737365
126.996,-2.8764408340982319
126.997,-2.876390530832035
126.998,-2.8763354452961192
126.999,-2.8762755670395519
127,-2.876210885639658
127.001,-2.8761413907021929
127.002,-2.8760670718615113
127.003,-2.87598791878073
127.004,-2.8759039211519113
127.005,-2.8758150686962169
127.006,-2.875721351164084
127.00700000000001,-2.8756227583353899
127.008,-2.8755192800196214
127.009,-2.8754109060560396
127.01000000000001,-2.8752976263138441
127.011,-2.8751794306923495
127.012,-2.8750563091211365
127.01300000000001,-2.8749282515602257
127.014,-2.8747952480002468
127.015,-2.8746572884625863
127.01600000000001,-2.8745143629995713
127.017,-2.8743664616946196
127.018,-2.8742135746624058
127.01900000000001,-2.874055692049029
127.02,-2.8738928040321676
127.021,-2.8737249008212444
127.02200000000001,-2.8735519726575864
127.023,-2.8733740098145919
127.024,-2.8731910025978813
127.02500000000001,-2.8730029413454599
127.026,-2.8728098164278855
127.027,-2.8726116182484116
127.02800000000001,-2.8724083372431606
127.029,-2.8721999638812745
127.03,-2.8719864886650752
127.03100000000001,-2.8717679021302143
127.032,-2.8715441948458391
127.033,-2.871315357414745
127.03400000000001,-2.8710813804735311
127.035,-2.8708422546927492
127.036,-2.8705979707770695
127.03700000000001,-2.8703485194654244
127.038,-2.8700938915311704
127.039,-2.8698340777822322
127.03999999999999,-2.8695690690612601
127.041,-2.8692988562457842
127.042,-2.8690234302483608
127.04300000000001,-2.8687427820167244
127.044,-2.8684569025339384
127.045,-2.8681657828185481
127.04599999999999,-2.8678694139247218
127.047,-2.8675677869424074
127.048,-2.8672608929974777
127.04900000000001,-2.8669487232518751
127.05,-2.8666312689037641
127.051,-2.8663085211876718
127.05199999999999,-2.8659804713746366
127.053,-2.865647110772354
127.054,-2.8653084307253209
127.05500000000001,-2.8649644226149773
127.056,-2.8646150778598551
127.057,-2.8642603879157118
127.05799999999999,-2.8639003442756845
127.059,-2.8635349384704218
127.06,-2.8631641620682311
127.06100000000001,-2.862788006675216
127.062,-2.8624064639354172
127.063,-2.8620195255309495
127.06399999999999,-2.8616271831821471
127.065,-2.8612294286476949
127.066,-2.8608262537247677
127.06700000000001,-2.8604176502491692
127.068,-2.8600036100954647
127.069,-2.8595841251771228
127.06999999999999,-2.859159187446644
127.071,-2.8587287888956956
127.072,-2.8582929215552504
127.07300000000001,-2.8578515774957154
127.074,-2.8574047488270677
127.075,-2.8569524276989817
127.07599999999999,-2.8564946063009637
127.077,-2.8560312768624829
127.078,-2.8555624316530963
127.07900000000001,-2.8550880629825857
127.08,-2.8546081632010809
127.081,-2.8541227246991863
127.08199999999999,-2.8536317399081135
127.083,-2.8531352012998044
127.084,-2.8526331013870569
127.08500000000001,-2.8521254327236498
127.086,-2.8516121879044736
127.087,-2.8510933595656409
127.08799999999999,-2.8505689403846262
127.089,-2.8500389230803718
127.09,-2.849503300413426
127.09099999999999,-2.8489620651860506
127.092,-2.8484152102423481
127.093,-2.84786272846838
127.09399999999999,-2.8473046127922883
127.095,-2.8467408561844039
127.096,-2.8461714516573808
127.09699999999999,-2.8455963922663017
127.098,-2.8450156711087899
127.099,-2.8444292813251391
127.09999999999999,-2.8438372160984162
127.101,-2.8432394686545797
127.102,-2.8426360322625941
127.10299999999999,-2.8420269002345417
127.104,-2.8414120659257307
127.105,-2.8407915227348086
127.10599999999999,-2.8401652641038808
127.107,-2.8395332835186062
127.108,-2.8388955745083138
127.10899999999999,-2.8382521306461141
127.11,-2.8376029455489959
127.111,-2.8369480128779454
127.11199999999999,-2.8362873263380433
127.113,-2.8356208796785713
127.114,-2.8349486666931218
127.11499999999999,-2.8342706812196967
127.116,-2.8335869171408099
127.117,-2.832897368383593
127.11799999999999,-2.8322020289198928
127.119,-2.8315008927663774
127.12,-2.830793953984629
127.121,-2.8300812066812471
127.122,-2.8293626450079499
127.123,-2.8286382631616638
127.124,-2.8279080553846248
127.125,-2.8271720159644813
127.126,-2.8264301392343727
127.127,-2.8256824195730372
127.128,-2.8249288514049056
127.129,-2.8241694292001869
127.13,-2.8234041474749612
127.131,-2.8226330007912788
127.13200000000001,-2.8218559837572421
127.133,-2.8210730910270998
127.134,-2.820284317301331
127.13500000000001,-2.8194896573267449
127.136,-2.818689105896552
127.137,-2.8178826578504621
127.13800000000001,-2.8170703080747668
127.139,-2.8162520515024241
127.14,-2.8154278831131379
127.14100000000001,-2.8145977979334535
127.142,-2.8137617910368276
127.143,-2.8129198575437124
127.14400000000001,-2.8120719926216449
127.145,-2.811218191485314
127.146,-2.8103584493966505
127.14700000000001,-2.8094927616648997
127.148,-2.8086211236467005
127.149,-2.8077435307461611
127.15000000000001,-2.8068599784149342
127.151,-2.8059704621522981
127.152,-2.8050749775052228
127.15300000000001,-2.8041735200684448
127.154,-2.8032660854845481
127.155,-2.8023526694440246
127.15600000000001,-2.8014332676853462
127.157,-2.8005078759950477
127.158,-2.7995764902077793
127.15900000000001,-2.798639106206382
127.16,-2.7976957199219612
127.161,-2.796746327333941
127.16200000000001,-2.7957909244701371
127.163,-2.7948295074068268
127.164,-2.7938620722687997
127.16499999999999,-2.7928886152294341
127.166,-2.7919091325107459
127.167,-2.7909236203834693
127.16800000000001,-2.7899320751670968
127.169,-2.7889344932299505
127.17,-2.7879308709892419
127.17099999999999,-2.7869212049111249
127.172,-2.7859054915107517
127.173,-2.7848837273523381
127.17400000000001,-2.7838559090492101
127.175,-2.7828220332638596
127.176,-2.7817820967080076
127.17699999999999,-2.7807360961426442
127.178,-2.7796840283780826
127.179,-2.778625890274026
127.18000000000001,-2.7775616787395947
127.181,-2.7764913907333897
127.182,-2.7754150232635393
127.18299999999999,-2.7743325733877464
127.184,-2.7732440382133339
127.185,-2.7721494148972887
127.18600000000001,-2.7710487006463129
127.187,-2.7699418927168651
127.188,-2.7688289884151969
127.18899999999999,-2.767709985097409
127.19,-2.7665848801694786
127.191,-2.7654536710873119
127.19200000000001,-2.764316355356776
127.193,-2.7631729305337407
127.194,-2.7620233942241148
127.19499999999999,-2.7608677440838889
127.196,-2.7597059778191628
127.197,-2.7585380931861891
127.19800000000001,-2.7573640879913972
127.199,-2.7561839600914455
127.2,-2.7549977073932315
127.20099999999999,-2.7538053278539394
127.202,-2.7526068194810662
127.203,-2.7514021803324509
127.20400000000001,-2.7501914085163
127.205,-2.7489745021912313
127.206,-2.7477514595662784
127.20699999999999,-2.7465222789009323
127.208,-2.7452869585051705
127.209,-2.7440454967394672
127.21000000000001,-2.7427978920148233
127.211,-2.7415441427928
127.212,-2.7402842475855236
127.21299999999999,-2.739018204955717
127.214,-2.7377460135167162
127.215,-2.7364676719324956
127.21599999999999,-2.7351831789176781
127.217,-2.7338925332375572
127.218,-2.732595733708111
127.21899999999999,-2.7312927791960275
127.22,-2.7299836686187016
127.221,-2.7286684009442679
127.22199999999999,-2.727346975191602
127.223,-2.7260193904303334
127.224,-2.7246856457808688
127.22499999999999,-2.7233457404143815
127.226,-2.7219996735528396
127.227,-2.7206474444690087
127.22799999999999,-2.7192890524864559
127.229,-2.7179244969795588
127.23,-2.7165537773735124
127.23099999999999,-2.7151768931443403
127.232,-2.7137938438188858
127.233,-2.7124046289748192
127.23399999999999,-2.7110092482406536
127.235,-2.7096077012957274
127.236,-2.7081999878702137
127.23699999999999,-2.706786107745125
127.238,-2.7053660607523025
127.239,-2.703939846774416
127.23999999999999,-2.7025074657449695
127.241,-2.7010689176482856
127.242,-2.6996242025195096
127.24299999999999,-2.6981733204446012
127.244,-2.6967162715603221
127.245,-2.6952530560542387
127.246,-2.6937836741647043
127.247,-2.6923081261808637
127.248,-2.6908264124426244
127.249,-2.6893385333406581
127.25,-2.6878444893163911
127.251,-2.6863442808619808
127.252,-2.6848379085203078
127.253,-2.6833253728849673
127.254,-2.6818066746002422
127.255,-2.6802818143610931
127.256,-2.6787507929131475
127.25700000000001,-2.6772136110526672
127.258,-2.6756702696265435
127.259,-2.6741207695322604
127.26000000000001,-2.6725651117179012
127.261,-2.6710032971821009
127.262,-2.6694353269740274
127.26300000000001,-2.6678612021933823
127.264,-2.6662809239903433
127.265,-2.664694493565559
127.26600000000001,-2.6631019121701227
127.267,-2.6615031811055392
127.268,-2.6598983017236959
127.26900000000001,-2.6582872754268463
127.27,-2.6566701036675671
127.271,-2.6550467879487316
127.27200000000001,-2.6534173298234878
127.273,-2.6517817308952143
127.274,-2.6501399928174889
127.27500000000001,-2.6484921172940652
127.276,-2.6468381060788291
127.277,-2.6451779609757624
127.27800000000001,-2.643511683838911
127.279,-2.6418392765723526
127.28,-2.6401607411301429
127.28100000000001,-2.6384760795162885
127.282,-2.6367852937847145
127.283,-2.6350883860392029
127.28400000000001,-2.6333853584333671
127.285,-2.6316762131706106
127.286,-2.6299609525040717
127.28700000000001,-2.6282395787365864
127.288,-2.6265120942206526
127.289,-2.6247785013583691
127.28999999999999,-2.6230388026013953
127.291,-2.6212930004509047
127.292,-2.6195410974575433
127.29300000000001,-2.6177830962213653
127.294,-2.6160189993917946
127.295,-2.6142488096675773
127.29599999999999,-2.6124725297967162
127.297,-2.6106901625764261
127.298,-2.6089017108530914
127.29900000000001,-2.6071071775221952
127.3,-2.6053065655282666
127.301,-2.6034998778648397
127.30199999999999,-2.6016871175743832
127.303,-2.5998682877482393
127.304,-2.5980433915265913
127.30500000000001,-2.5962124320983682
127.306,-2.5943754127012166
127.307,-2.5925323366214181
127.30799999999999,-2.590683207193849
127.309,-2.5888280278018918
127.31,-2.5869668018773977
127.31100000000001,-2.5850995329006103
127.312,-2.5832262244000974
127.313,-2.5813468799526937
127.31399999999999,-2.5794615031834383
127.315,-2.5775700977654914
127.316,-2.5756726674200774
127.31700000000001,-2.5737692159164274
127.318,-2.5718597470716835
127.319,-2.5699442647508466
127.31999999999999,-2.568022772866712
127.321,-2.5660952753797748
127.322,-2.5641617762981763
127.32300000000001,-2.5622222796776217
127.324,-2.560276789621315
127.325,-2.5583253102798746
127.32599999999999,-2.5563678458512555
127.327,-2.5544044005806921
127.328,-2.5524349787605969
127.32900000000001,-2.5504595847304961
127.33,-2.5484782228769527
127.331,-2.5464908976334781
127.33199999999999,-2.5444976134804538
127.333,-2.5424983749450645
127.334,-2.5404931866011937
127.33500000000001,-2.5384820530693535
127.336,-2.5364649790166114
127.337,-2.5344419691564841
127.33799999999999,-2.5324130282488673
127.339,-2.5303781610999474
127.34,-2.5283373725621185
127.34099999999999,-2.5262906675338899
127.342,-2.5242380509597933
127.343,-2.5221795278303185
127.34399999999999,-2.5201151031817925
127.345,-2.5180447820963066
127.346,-2.5159685697016343
127.34699999999999,-2.5138864711711193
127.348,-2.5117984917235932
127.349,-2.5097046366232947
127.34999999999999,-2.5076049111797554
127.351,-2.5054993207477105
127.352,-2.5033878707270256
127.35299999999999,-2.5012705665625692
127.354,-2.4991474137441374
127.355,-2.4970184178063421
127.35599999999999,-2.4948835843285417
127.357,-2.4927429189347041
127.358,-2.4905964272933305
127.35899999999999,-2.4884441151173631
127.36,-2.4862859881640604
127.361,-2.4841220522349126
127.36199999999999,-2.4819523131755421
127.363,-2.479776776875589
127.364,-2.4775954492686116
127.36499999999999,-2.4754083363319985
127.366,-2.4732154440868346
127.367,-2.4710167785978188
127.36799999999999,-2.4688123459731575
127.369,-2.4666021523644446
127.37,-2.4643862039665629
127.371,-2.4621645070175688
127.372,-2.4599370677986121
127.373,-2.4577038926337851
127.374,-2.4554649878900303
127.375,-2.4532203599770526
127.376,-2.4509700153471723
127.377,-2.4487139604952279
127.378,-2.4464522019584827
127.379,-2.4441847463164743
127.38,-2.44191160019093
127.381,-2.4396327702456508
127.38200000000001,-2.4373482631863785
127.383,-2.4350580857606969
127.384,-2.4327622447579049
127.38500000000001,-2.4304607470089179
127.386,-2.4281535993861265
127.387,-2.425840808803291
127.38800000000001,-2.423522382215431
127.389,-2.4211983266186907
127.39,-2.4188686490502214
127.39100000000001,-2.4165333565880784
127.392,-2.4141924563510813
127.393,-2.4118459554986913
127.39400000000001,-2.4094938612309154
127.395,-2.4071361807881502
127.396,-2.4047729214510749
127.39700000000001,-2.4024040905405375
127.398,-2.4000296954174107
127.399,-2.3976497434824786
127.40000000000001,-2.3952642421763031
127.401,-2.3928731989791192
127.402,-2.3904766214106807
127.40300000000001,-2.3880745170301418
127.404,-2.3856668934359497
127.405,-2.3832537582656834
127.40600000000001,-2.3808351191959467
127.407,-2.3784109839422443
127.408,-2.3759813602588276
127.40900000000001,-2.3735462559385789
127.41,-2.3711056788128944
127.411,-2.3686596367515258
127.41200000000001,-2.36620813766246
127.413,-2.3637511894918029
127.414,-2.3612888002236159
127.41499999999999,-2.3588209778798057
127.416,-2.3563477305199774
127.417,-2.3538690662413186
127.41800000000001,-2.3513849931784385
127.419,-2.3488955195032477
127.42,-2.3464006534248325
127.42099999999999,-2.34390040318929
127.422,-2.3413947770796146
127.423,-2.3388837834155591
127.42400000000001,-2.3363674305534872
127.425,-2.3338457268862318
127.426,-2.3313186808429815
127.42699999999999,-2.3287863008891083
127.428,-2.3262485955260495
127.429,-2.3237055732911687
127.43000000000001,-2.3211572427575962
127.431,-2.3186036125341096
127.432,-2.3160446912649726
127.43299999999999,-2.3134804876298203
127.434,-2.3109110103434847
127.435,-2.3083362681558692
127.43600000000001,-2.3057562698518153
127.437,-2.3031710242509336
127.438,-2.300580540207477
127.43899999999999,-2.2979848266102012
127.44,-2.2953838923822003
127.441,-2.2927777464807719
127.44200000000001,-2.2901663978972864
127.443,-2.2875498556570104
127.444,-2.2849281288189793
127.44499999999999,-2.2823012264758606
127.446,-2.279669157753776
127.447,-2.2770319318121803
127.44800000000001,-2.274389557843699
127.449,-2.2717420450739954
127.45,-2.2690894027616006
127.45099999999999,-2.2664316401977747
127.452,-2.2637687667063702
127.453,-2.2611007916436567
127.45400000000001,-2.2584277243981852
127.455,-2.2557495743906455
127.456,-2.2530663510736955
127.45699999999999,-2.2503780639318176
127.458,-2.2476847224811842
127.459,-2.2449863362694744
127.46000000000001,-2.2422829148757417
127.461,-2.2395744679102698
127.462,-2.2368610050143918
127.46299999999999,-2.2341425358603599
127.464,-2.2314190701511754
127.465,-2.2286906176204622
127.46599999999999,-2.225957188032277
127.467,-2.2232187911809707
127.468,-2.2204754368910509
127.46899999999999,-2.2177271350169936
127.47,-2.214973895443106
127.471,-2.2122157280833799
127.47199999999999,-2.2094526428813142
127.473,-2.2066846498097643
127.474,-2.2039117588708086
127.47499999999999,-2.2011339800955541
127.476,-2.1983513235440015
127.477,-2.1955637993048969
127.47799999999999,-2.1927714174955466
127.479,-2.1899741882616777
127.48,-2.187172121777273
127.48099999999999,-2.1843652282444292
127.482,-2.1815535178931671
127.483,-2.1787370009812919
127.48399999999999,-2.1759156877942458
127.485,-2.1730895886449195
127.486,-2.1702587138735066
127.48699999999999,-2.167423073847361
127.488,-2.1645826789608016
127.489,-2.1617375396349718
127.48999999999999,-2.1588876663176944
127.491,-2.156033069483275
127.492,-2.1531737596323608
127.49299999999999,-2.1503097472917938
127.494,-2.1474410430144175
127.495,-2.1445676573789374
127.496,-2.1416896009897446
127.497,-2.1388068844767809
127.498,-2.1359195184953408
127.499,-2.1330275137259256
127.5,-2.1301308808740971
127.501,-2.1272296306702825
127.502,-2.1243237738696283
127.503,-2.1214133212518536
127.504,-2.1184982836210513
127.505,-2.1155786718055447
127.506,-2.1126544966577363
127.50700000000001,-2.1097257690539197
127.508,-2.1067924998941239
127.509,-2.1038547001019521
127.51000000000001,-2.1009123806244285
127.511,-2.0979655524318099
127.512,-2.0950142265174296
127.51300000000001,-2.0920584138975564
127.514,-2.0890981256111933
127.515,-2.0861333727199303
127.51600000000001,-2.0831641663077938
127.517,-2.08019051748105
127.518,-2.0772124373680585
127.51900000000001,-2.0742299371191186
127.52,-2.0712430279062786
127.521,-2.0682517209231754
127.52200000000001,-2.065256027384899
127.523,-2.0622559585277815
127.524,-2.0592515256092625
127.52500000000001,-2.0562427399077068
127.526,-2.0532296127222631
127.527,-2.0502121553726638
127.52800000000001,-2.0471903791990798
127.529,-2.0441642955619606
127.53,-2.0411339158418462
127.53100000000001,-2.0380992514392133
127.532,-2.0350603137743253
127.533,-2.0320171142870311
127.53400000000001,-2.0289696644366177
127.535,-2.0259179757016605
127.536,-2.0228620595798259
127.53700000000001,-2.0198019275877144
127.538,-2.0167375912607177
127.539,-2.0136690621528159
127.53999999999999,-2.0105963518364351
127.541,-2.0075194719022633
127.542,-2.0044384339591192
127.54300000000001,-2.0013532496337385
127.544,-1.9982639305706305
127.545,-1.9951704884319299
127.54599999999999,-1.9920729348971942
127.547,-1.9889712816632525
127.548,-1.9858655404440597
127.54900000000001,-1.9827557229704924
127.55,-1.9796418409902028
127.551,-1.9765239062674662
127.55199999999999,-1.9734019305829835
127.553,-1.9702759257337283
127.554,-1.9671459035328005
127.55500000000001,-1.9640118758092271
127.556,-1.9608738544078115
127.557,-1.9577318511889668
127.55799999999999,-1.9545858780285608
127.559,-1.9514359468177247
127.56,-1.9482820694627008
127.56100000000001,-1.9451242578846926
127.562,-1.9419625240196661
127.563,-1.9387968798181987
127.56399999999999,-1.9356273372453345
127.565,-1.9324539082803822
127.566,-1.9292766049167658
127.56700000000001,-1.9260954391618745
127.568,-1.9229104230368708
127.569,-1.9197215685765316
127.56999999999999,-1.9165288878291071
127.571,-1.9133323928561197
127.572,-1.9101320957322208
127.57300000000001,-1.9069280085450169
127.574,-1.903720143394922
127.575,-1.9005085123949672
127.57599999999999,-1.897293127670642
127.577,-1.8940740013597583
127.578,-1.8908511456122454
127.57900000000001,-1.8876245725900027
127.58,-1.8843942944667535
127.581,-1.8811603234278502
127.58199999999999,-1.8779226716701212
127.583,-1.8746813514017284
127.584,-1.8714363748419718
127.58500000000001,-1.8681877542211338
127.586,-1.864935501780344
127.587,-1.8616796297713751
127.58799999999999,-1.8584201504565065
127.589,-1.8551570761083451
127.59,-1.8518904190096901
127.59099999999999,-1.848620191453334
127.592,-1.8453464057419202
127.593,-1.8420690741877945
127.59399999999999,-1.8387882091128089
127.595,-1.8355038228481817
127.596,-1.8322159277343455
127.59699999999999,-1.8289245361207596
127.598,-1.8256296603657596
127.599,-1.8223313128364178
127.59999999999999,-1.8190295059083454
127.601,-1.8157242519655483
127.602,-1.8124155634002905
127.60299999999999,-1.809103452612888
127.604,-1.8057879320115835
127.605,-1.8024690140123698
127.60599999999999,-1.7991467110388508
127.607,-1.7958210355220503
127.608,-1.7924919999002742
127.60899999999999,-1.7891596166189614
127.61,-1.7858238981304959
127.611,-1.7824848568940648
127.61199999999999,-1.7791425053755137
127.613,-1.7757968560471609
127.614,-1.7724479213876503
127.61499999999999,-1.7690957138818177
127.616,-1.7657402460204943
127.617,-1.7623815303003658
127.61799999999999,-1.7590195792238417
127.619,-1.7556544052988543
127.62,-1.752286021038731
127.621,-1.748914438962025
127.622,-1.7455396715923874
127.623,-1.7421617314583688
127.624,-1.7387806310932894
127.625,-1.7353963830350998
127.626,-1.7320089998261858
127.627,-1.7286184940132405
127.628,-1.7252248781471251
127.629,-1.7218281647826763
127.63,-1.718428366478574
127.631,-1.715025495797208
127.63200000000001,-1.7116195653044839
127.633,-1.7082105875697007
127.634,-1.7047985751653845
127.63500000000001,-1.7013835406671567
127.636,-1.697965496653556
127.637,-1.6945444557058944
127.63800000000001,-1.6911204304081338
127.639,-1.6876934333466922
127.64,-1.6842634771103153
127.64100000000001,-1.6808305742899479
127.642,-1.6773947374785401
127.643,-1.673955979270922
127.64400000000001,-1.6705143122636752
127.645,-1.6670697490549373
127.646,-1.6636223022442915
127.64700000000001,-1.6601719844326128
127.648,-1.656718808221902
127.649,-1.6532627862151577
127.65000000000001,-1.6498039310162169
127.651,-1.6463422552296305
127.652,-1.6428777714604879
127.65300000000001,-1.6394104923142789
127.654,-1.6359404303967802
127.655,-1.6324675983138621
127.65600000000001,-1.6289920086713687
127.657,-1.6255136740749898
127.658,-1.6220326071300812
127.65900000000001,-1.6185488204415406
127.66,-1.6150623266136797
127.661,-1.6115731382500482
127.66200000000001,-1.6080812679533092
127.663,-1.6045867283251165
127.664,-1.6010895319659313
127.66499999999999,-1.5975896914749121
127.666,-1.5940872194497602
127.667,-1.5905821284866017
127.66800000000001,-1.5870744311798126
127.669,-1.5835641401218967
127.67,-1.5800512679033658
127.67099999999999,-1.5765358271125631
127.672,-1.5730178303355489
127.673,-1.5694972901559687
127.67400000000001,-1.5659742191548953
127.675,-1.5624486299106954
127.676,-1.5589205349989221
127.67699999999999,-1.5553899469921344
127.678,-1.5518568784597853
127.679,-1.5483213419681041
127.68000000000001,-1.54478335007992
127.681,-1.5412429153545575
127.682,-1.5377000503476901
127.68299999999999,-1.534154767611227
127.684,-1.5306070796931466
127.685,-1.5270569991373804
127.68600000000001,-1.5235045384837016
127.687,-1.5199497102675568
127.688,-1.5163925270199483
127.68899999999999,-1.5128330012673241
127.69,-1.5092711455314149
127.691,-1.5057069723291141
127.69200000000001,-1.5021404941723775
127.693,-1.4985717235680456
127.694,-1.4950006730177416
127.69499999999999,-1.4914273550177604
127.696,-1.4878517820589017
127.697,-1.4842739666263673
127.69800000000001,-1.480693921199626
127.699,-1.4771116582523081
127.7,-1.4735271902520433
127.70099999999999,-1.4699405296603536
127.702,-1.4663516889325523
127.703,-1.4627606805175719
127.70400000000001,-1.4591675168578688
127.705,-1.4555722103893132
127.706,-1.4519747735410329
127.70699999999999,-1.4483752187353018
127.708,-1.4447735583874457
127.709,-1.4411698049056785
127.71000000000001,-1.4375639706910013
127.711,-1.4339560681370997
127.712,-1.4303461096301846
127.71299999999999,-1.4267341075489055
127.714,-1.4231200742642085
127.715,-1.4195040221392499
127.71599999999999,-1.4158859635292371
127.717,-1.4122659107813331
127.718,-1.4086438762345552
127.71899999999999,-1.4050198722196243
127.72,-1.4013939110588609
127.721,-1.3977660050660989
127.72199999999999,-1.3941361665465228
127.723,-1.3905044077965796
127.724,-1.3868707411038783
127.72499999999999,-1.3832351787470425
127.726,-1.3795977329956148
127.727,-1.3759584161099609
127.72799999999999,-1.3723172403411268
127.729,-1.3686742179307467
127.73,-1.3650293611109188
127.73099999999999,-1.3613826821041242
127.732,-1.35773419312308
127.733,-1.3540839063706414
127.73399999999999,-1.3504318340397234
127.735,-1.3467779883131428
127.736,-1.3431223813635369
127.73699999999999,-1.3394650253532756
127.738,-1.3358059324343126
127.739,-1.3321451147481009
127.73999999999999,-1.3284825844255037
127.741,-1.3248183535866604
127.742,-1.3211524343408856
127.74299999999999,-1.3174848387865974
127.744,-1.3138155790111714
127.745,-1.3101446670908619
127.746,-1.3064721150906884
127.747,-1.302797935064361
127.748,-1.2991221390541332
127.749,-1.2954447390907355
127.75,-1.2917657471932755
127.751,-1.2880851753691167
127.752,-1.2844030356137885
127.753,-1.2807193399109078
127.754,-1.2770341002320502
127.755,-1.2733473285366612
127.756,-1.2696590367719862
127.75700000000001,-1.2659692368729343
127.758,-1.2622779407620039
127.759,-1.2585851603491824
127.76000000000001,-1.2548909075318679
127.761,-1.2511951941947466
127.762,-1.2474980322097107
127.76300000000001,-1.2437994334357869
127.764,-1.2400994097190097
127.765,-1.2363979728923411
127.76600000000001,-1.2326951347756063
127.767,-1.2289909071753584
127.768,-1.2252853018848122
127.76900000000001,-1.2215783306837715
127.77,-1.2178700053384999
127.771,-1.2141603376016543
127.77200000000001,-1.210449339212218
127.773,-1.2067370218953686
127.774,-1.2030233973624238
127.77500000000001,-1.1993084773107374
127.776,-1.1955922734236419
127.777,-1.1918747973703252
127.77800000000001,-1.1881560608057642
127.779,-1.1844360753706575
127.78,-1.18071485269131
127.78100000000001,-1.1769924043795643
127.782,-1.1732687420327395
127.783,-1.1695438772335116
127.78400000000001,-1.1658178215498491
127.785,-1.1620905865349536
127.786,-1.1583621837271445
127.78700000000001,-1.1546326246497913
127.788,-1.1509019208112634
127.789,-1.1471700837048027
127.78999999999999,-1.1434371248084831
127.791,-1.1397030555851111
127.792,-1.1359678874821819
127.79300000000001,-1.132231631931758
127.794,-1.12849430035042
127.795,-1.1247559041392083
127.79599999999999,-1.1210164546835104
127.797,-1.1172759633530029
127.798,-1.1135344415016073
127.79900000000001,-1.1097919004673669
127.8,-1.1060483515724036
127.801,-1.102303806122864
127.80199999999999,-1.0985582754088048
127.803,-1.0948117707041485
127.804,-1.091064303266629
127.80500000000001,-1.0873158843376873
127.806,-1.083566525142428
127.807,-1.0798162368895294
127.80799999999999,-1.0760650307712214
127.809,-1.0723129179631647
127.81,-1.0685599096244034
127.81100000000001,-1.064806016897331
127.812,-1.0610512509075756
127.813,-1.0572956227639585
127.81399999999999,-1.0535391435584525
127.815,-1.0497818243660753
127.816,-1.046023676244848
127.81700000000001,-1.0422647102357567
127.818,-1.0385049373626436
127.819,-1.0347443686321718
127.81999999999999,-1.0309830150337844
127.821,-1.0272208875396025
127.822,-1.0234579971043951
127.82300000000001,-1.0196943546655057
127.824,-1.0159299711428185
127.825,-1.0121648574386692
127.82599999999999,-1.0083990244377974
127.827,-1.0046324830073181
127.828,-1.0008652439966239
127.82900000000001,-0.99709731823734682
127.83,-0.99332871654332822
127.831,-0.9895594497105229
127.83199999999999,-0.98578952851696355
127.833,-0.98201896372273412
127.834,-0.97824776606986807
127.83500000000001,-0.97447594628232448
127.836,-0.97070351506595509
127.837,-0.96693048310841156
127.83799999999999,-0.96315686107912502
127.839,-0.95938265962924074
127.84,-0.95560788939159691
127.84099999999999,-0.95183256098063618
127.842,-0.94805668499237994
127.843,-0.94428027200440035
127.84399999999999,-0.94050333257572616
127.845,-0.93672587724683298
127.846,-0.93294791653960063
127.84699999999999,-0.92916946095724029
127.848,-0.92539052098426433
127.849,-0.92161110708646277
127.84999999999999,-0.91783122971082332
127.851,-0.91405089928550654
127.852,-0.91027012621982317
127.85299999999999,-0.90648892090415512
127.854,-0.9027072937099363
127.855,-0.89892525498960474
127.85599999999999,-0.89514281507658922
127.857,-0.8913599842852209
127.858,-0.88757677291072845
127.85899999999999,-0.88379319122920785
127.86,-0.88000924949755444
127.861,-0.87622495795343758
127.86199999999999,-0.87244032681528738
127.863,-0.86865536628222451
127.864,-0.86487008653403441
127.86499999999999,-0.86108449773116069
127.866,-0.85729861001462648
127.867,-0.85351243350602291
127.86799999999999,-0.8497259783074953
127.869,-0.84593925450167085
127.87,-0.84215227215165145
127.871,-0.83836504130097289
127.872,-0.83457757197359594
127.873,-0.83078987417383932
127.874,-0.8270019578863681
127.875,-0.82321383307618401
127.876,-0.81942550968855965
127.877,-0.81563699764902697
127.878,-0.81184830686337062
127.879,-0.80805944721756173
127.88,-0.80427042857774911
127.881,-0.80048126079025739
127.88200000000001,-0.79669195368151602
127.883,-0.79290251705806414
127.884,-0.78911296070651549
127.88500000000001,-0.78532329439355264
127.886,-0.78153352786587416
127.887,-0.77774367085018392
127.88800000000001,-0.77395373305319159
127.889,-0.77016372416155088
127.89,-0.76637365384185863
127.89100000000001,-0.76258353174065352
127.892,-0.75879336748435522
127.893,-0.75500317067926703
127.89400000000001,-0.75121295091157325
127.895,-0.74742271774728275
127.896,-0.74363248073223032
127.89700000000001,-0.73984224939208154
127.898,-0.7360520332322702
127.899,-0.73226184173801334
127.90000000000001,-0.72847168437428156
127.901,-0.72468157058580562
127.902,-0.72089150979702676
127.90300000000001,-0.71710151141209977
127.904,-0.71331158481489831
127.905,-0.70952173936896301
127.90600000000001,-0.70573198441750851
127.907,-0.7019423292834297
127.908,-0.69815278326925068
127.90900000000001,-0.69436335565713181
127.91,-0.69057405570888308
127.911,-0.6867848926659077
127.91200000000001,-0.68299587574921672
127.913,-0.67920701415943663
127.914,-0.67541831707676314
127.91499999999999,-0.67162979366097675
127.916,-0.66784145305142406
127.917,-0.66405330436703336
127.91800000000001,-0.66026535670627284
127.919,-0.65647761914715996
127.92,-0.65269010074727429
127.92099999999999,-0.64890281054371934
127.922,-0.64511575755312744
127.923,-0.64132895077168373
127.92400000000001,-0.63754239917507727
127.925,-0.63375611171851975
127.926,-0.62997009733676146
127.92699999999999,-0.62618436494404817
127.928,-0.62239892343413983
127.929,-0.61861378168032966
127.93000000000001,-0.61482894853540015
127.931,-0.61104443283165244
127.932,-0.60726024338089113
127.93299999999999,-0.60347638897445011
127.934,-0.59969287838315477
127.935,-0.59590972035734335
127.93600000000001,-0.59212692362688735
127.937,-0.5883444969011542
127.938,-0.58456244886902997
127.93899999999999,-0.58078078819894108
127.94,-0.57699952353882189
127.941,-0.57321866351613204
127.94200000000001,-0.56943821673788708
127.943,-0.56565819179061805
127.944,-0.56187859724040079
127.94499999999999,-0.55809944163288039
127.946,-0.55432073349323607
127.947,-0.5505424813262163
127.94800000000001,-0.54676469361613123
127.949,-0.54298737882688597
127.95,-0.53921054540195357
127.95099999999999,-0.53543420176439493
127.952,-0.53165835631689573
127.953,-0.52788301744173172
127.95400000000001,-0.52410819350079629
127.955,-0.52033389283563736
127.956,-0.51656012376742133
127.95699999999999,-0.51278689459696469
127.958,-0.50901421360477084
127.959,-0.50524208905099721
127.96000000000001,-0.50147052917548596
127.961,-0.49769954219780255
127.962,-0.49392913631720381
127.96299999999999,-0.49015931971267879
127.964,-0.4863901005429514
127.965,-0.48262148694651996
127.96599999999999,-0.47885348704163322
127.967,-0.47508610892632275
127.968,-0.47131936067843982
127.96899999999999,-0.46755325035563278
127.97,-0.46378778599538295
127.971,-0.46002297561503847
127.97199999999999,-0.45625882721179645
127.973,-0.45249534876273412
127.974,-0.44873254822485364
127.97499999999999,-0.44497043353505594
127.976,-0.44120901261017931
127.977,-0.43744829334704116
127.97799999999999,-0.43368828362241629
127.979,-0.42992899129308304
127.98,-0.42617042419582951
127.98099999999999,-0.42241259014750376
127.982,-0.41865549694499071
127.983,-0.41489915236525654
127.98399999999999,-0.41114356416539044
127.985,-0.40738874008258419
127.986,-0.40363468783417877
127.98699999999999,-0.39988141511770392
127.988,-0.39612892961086033
127.989,-0.39237723897156807
127.98999999999999,-0.38862635083800701
127.991,-0.38487627282860082
127.992,-0.38112701254206383
127.99299999999999,-0.3773785775574463
127.994,-0.37363097543411561
127.995,-0.36988421371181346
127.996,-0.36613829991066726
127.997,-0.36239324153124253
127.998,-0.35864904605452907
127.999,-0.35490572094199058
128,-0.3511632736356094
128.001,-0.34742171155787616
128.00200000000001,-0.34368104211183859
128.00299999999999,-0.33994127268114616
128.00399999999999,-0.33620241063004475
128.005,-0.33246446330342061
128.006,-0.328727438026853
128.00700000000001,-0.32499134210660263
128.00800000000001,-0.32125618282966917
128.00900000000001,-0.31752196746380834
128.00999999999999,-0.31378870325758834
128.011,-0.31005639744038271
128.012,-0.30632505722242098
128.01300000000001,-0.30259468979483972
128.01400000000001,-0.29886530232967567
128.01499999999999,-0.29513690197991749
128.01599999999999,-0.29140949587955967
128.017,-0.28768309114359347
128.018,-0.28395769486806177
128.01900000000001,-0.28023331413011232
128.02000000000001,-0.27650995598799155
128.02100000000002,-0.27278762748109919
128.02199999999999,-0.26906633563004134
128.023,-0.2653460874366278
128.024,-0.26162688988393246
128.02500000000001,-0.25790874993631463
128.02600000000001,-0.25419167453948033
128.02699999999999,-0.25047567062048448
128.02799999999999,-0.24676074508777845
128.029,-0.24304690483127267
128.03,-0.23933415672233149
128.03100000000001,-0.23562250761383163
128.03200000000001,-0.23191196434021388
128.03299999999999,-0.22820253371749022
128.03399999999999,-0.22449422254329465
128.035,-0.22078703759694185
128.036,-0.21708098563943001
128.03700000000001,-0.21337607341349396
128.03800000000001,-0.20967230764367017
128.03899999999999,-0.20596969503628726
128.03999999999999,-0.20226824227954254
128.041,-0.1985679560435214
128.042,-0.19486884298026697
128.04300000000001,-0.19117090972377726
128.04400000000001,-0.1874741628900698
128.04499999999999,-0.18377860907723931
128.04599999999999,-0.18008425486546042
128.047,-0.17639110681704651
128.048,-0.17269917147651537
128.04900000000001,-0.16900845537058662
128.05000000000001,-0.16531896500824605
128.05099999999999,-0.16163070688080716
128.05199999999999,-0.15794368746191267
128.053,-0.15425791320759963
128.054,-0.15057339055636021
128.05500000000001,-0.14689012592914419
128.05600000000001,-0.14320812572943087
128.05699999999999,-0.13952739634325928
128.05799999999999,-0.13584794413929635
128.059,-0.13216977546884268
128.06,-0.12849289666589758
128.06100000000001,-0.12481731404721952
128.06200000000001,-0.12114303391233583
128.06299999999999,-0.11747006254360515
128.06399999999999,-0.11379840620627979
128.065,-0.11012807114851886
128.066,-0.10645906360144086
128.06700000000001,-0.10279138977920343
128.06800000000001,-0.099125055878998891
128.06899999999999,-0.095460068081125726
128.06999999999999,-0.091796432549052343
128.071,-0.088134155429423933
128.072,-0.084473242852136421
128.07300000000001,-0.08081370093036977
128.07400000000001,-0.077155535760660587
128.07499999999999,-0.073498753422907903
128.07599999999999,-0.069843359980447772
128.077,-0.06618936148010901
128.078,-0.062536763952233398
128.07900000000001,-0.058885573410733416
128.08000000000001,-0.055235795853165293
128.08099999999999,-0.051587437260736113
128.08199999999999,-0.047940503598373541
128.083,-0.044295000814791763
128.084,-0.040650934842501041
128.08500000000001,-0.03700831159787854
128.08600000000001,-0.033367136981233392
128.08699999999999,-0.029727416876821344
128.08799999999999,-0.026089157152913822
128.089,-0.02245236366184078
128.09,-0.018817042240061976
128.09100000000001,-0.015183198708180967
128.09200000000001,-0.011550838871009494
128.09299999999999,-0.0079199685176432055
128.09399999999999,-0.0042905934214694241
128.095,-0.00066271934023576229
128.096,0.0029636479838759389
128.09700000000001,0.0065885028242431698
128.09800000000001,0.010211839469726369
128.09899999999999,0.013833652224604753
128.09999999999999,0.017453935408560994
128.101,0.021072683356608168
128.102,0.02468989041902625
128.10300000000001,0.02830555096134324
128.10399999999998,0.031919659364260111
128.10499999999999,0.03553221002361262
128.10599999999999,0.039143197350292258
128.107,0.042752615770235369
128.108,0.046360459724349212
128.10900000000001,0.049966723668442459
128.11000000000001,0.053571402073211427
128.11099999999999,0.057174489424169028
128.11199999999999,0.060775980221570158
128.113,0.064375868980403039
128.114,0.067974150230311503
128.11500000000001,0.071570818515528822
128.11599999999999,0.075165868394856394
128.11699999999999,0.078759294441601346
128.11799999999999,0.082351091243495045
128.119,0.085941253402683104
128.12,0.089529775535646783
128.12100000000001,0.093116652273162348
128.12200000000001,0.096701878260220031
128.12299999999999,0.10028544815601048
128.124,0.1038673566338546
128.125,0.10744759838112761
128.126,0.11102616809924282
128.12700000000001,0.11460306050358415
128.12799999999999,0.11817827032342709
128.12899999999999,0.12175179230192845
128.13,0.12532362119604934
128.131,0.12889375177648388
128.13200000000001,0.132462178827643
128.13300000000001,0.13602889714757738
128.13400000000001,0.13959390154793194
128.13499999999999,0.14315718685386836
128.136,0.14671874790404993
128.137,0.15027857955056523
128.13800000000001,0.15383667665885903
128.13900000000001,0.15739303410771321
128.13999999999999,0.16094764678917217
128.14099999999999,0.16450050960847351
128.142,0.16805161748402631
128.143,0.17160096534734315
128.14400000000001,0.17514854814296221
128.14500000000001,0.17869436082843171
128.14600000000002,0.18223839837423794
128.14699999999999,0.18578065576372826
128.148,0.18932112799309997
128.149,0.19285981007131392
128.15000000000001,0.19639669702005658
128.15100000000001,0.19993178387365784
128.15199999999999,0.20346506567907485
128.15299999999999,0.20699653749581981
128.154,0.21052619439588294
128.155,0.2140540314637176
128.15600000000001,0.21758004379616724
128.15700000000001,0.22110422650238881
128.15799999999999,0.22462657470383762
128.15899999999999,0.22814708353419411
128.16,0.23166574813928742
128.161,0.2351825636770819
128.16200000000001,0.23869752531759936
128.16300000000001,0.24221062824284889
128.16399999999999,0.24572186764680581
128.16499999999999,0.2492312387353357
128.166,0.25273873672614888
128.167,0.25624435684872249
128.16800000000001,0.25974809434428026
128.16900000000001,0.26324994446572214
128.16999999999999,0.26674990247754793
128.17099999999999,0.27024796365584391
128.172,0.27374412328820363
128.173,0.27723837667365814
128.17400000000001,0.2807307191226569
128.17500000000001,0.28422114595699544
128.17599999999999,0.28770965250974201
128.17699999999999,0.29119623412521745
128.178,0.29468088615892474
128.179,0.29816360397747577
128.18000000000001,0.30164438295857021
128.18100000000001,0.30512321849092006
128.18199999999999,0.30860010597420584
128.18299999999999,0.31207504081899562
128.184,0.31554801844673164
128.185,0.31901903428965284
128.18600000000001,0.32248808379072269
128.18700000000001,0.32595516240361455
128.18799999999999,0.32942026559263771
128.18899999999999,0.33288338883265944
128.19,0.33634452760909594
128.191,0.33980367741783368
128.19200000000001,0.3432608337651577
128.19300000000001,0.34671599216773741
128.19399999999999,0.35016914815254929
128.19499999999999,0.35362029725680699
128.196,0.35706943502794508
128.197,0.36051655702353758
128.19800000000001,0.36396165881125864
128.19900000000001,0.36740473596880441
128.19999999999999,0.37084578408387325
128.20099999999999,0.37428479875409604
128.202,0.37772177558696329
128.203,0.38115671019980946
128.20400000000001,0.38458959821973915
128.20500000000001,0.38802043528355368
128.20599999999999,0.39144921703774194
128.20699999999999,0.39487593913839913
128.208,0.3983005972511604
128.209,0.40172318705118548
128.21000000000001,0.40514370422308277
128.21100000000001,0.40856214446084094
128.21199999999999,0.41197850346781273
128.21299999999999,0.41539277695663746
128.214,0.41880496064919792
128.215,0.4222150502765456
128.21600000000001,0.42562304157888753
128.21700000000001,0.42902893030550748
128.21799999999999,0.4324327122147027
128.21899999999999,0.43583438307376543
128.22,0.43923393865891081
128.221,0.4426313747552082
128.22200000000001,0.44602668715656812
128.22300000000001,0.44941987166566388
128.22399999999999,0.45281092409387091
128.22499999999999,0.45619984026124638
128.226,0.45958661599645789
128.227,0.46297124713672
128.22800000000001,0.46635372952777021
128.22899999999998,0.46973405902380172
128.22999999999999,0.47311223148741988
128.23099999999999,0.47648824278956559
128.232,0.47986208880950465
128.233,0.48323376543475649
128.23400000000001,0.48660326856102354
128.23500000000001,0.48997059409217991
128.23599999999999,0.49333573794019991
128.23699999999999,0.49669869602509187
128.238,0.50005946427488124
128.239,0.50341803862554513
128.24000000000001,0.50677441502094145
128.24099999999999,0.51012858941279648
128.24199999999999,0.5134805577606365
128.24299999999999,0.51683031603172092
128.244,0.52017786020102652
128.245,0.52352318625117533
128.24600000000001,0.52686629017239661
128.24700000000001,0.53020716796245426
128.24799999999999,0.53354581562663528
128.249,0.53688222917767714
128.25,0.5402164046357063
128.251,0.54354833802822422
128.25200000000001,0.54687802539003827
128.25299999999999,0.55020546276319982
128.25399999999999,0.55353064619698533
128.255,0.55685357174783712
128.256,0.56017423547929224
128.25700000000001,0.56349263346197276
128.25800000000001,0.56680876177351425
128.25900000000001,0.57012261649852736
128.25999999999999,0.57343419372853033
128.261,0.57674348956193411
128.262,0.58005050010397929
128.26300000000001,0.5833552214666704
128.26400000000001,0.58665764976876322
128.26499999999999,0.58995778113570396
128.26599999999999,0.59325561169955954
128.267,0.59655113759901179
128.268,0.59984435497929089
128.26900000000001,0.60313525999210937
128.27000000000001,0.60642384879565614
128.27100000000002,0.60971011755452986
128.27199999999999,0.61299406243967436
128.273,0.61627567962837282
128.274,0.61955496530417609
128.27500000000001,0.62283191565686535
128.27600000000001,0.62610652688239166
128.27699999999999,0.62937879518286144
128.27799999999999,0.63264871676647205
128.279,0.6359162878474548
128.28,0.63918150464606172
128.28100000000001,0.64244436338850486
128.28200000000001,0.64570486030689678
128.28299999999999,0.64896299163923588
128.28399999999999,0.65221875362935311
128.285,0.65547214252684416
128.286,0.65872315458706299
128.28700000000001,0.66197178607106322
128.28800000000001,0.66521803324553441
128.28899999999999,0.6684618923827973
128.28999999999999,0.67170335976073348
128.291,0.67494243166275891
128.292,0.6781791043777553
128.29300000000001,0.6814133742000642
128.29400000000001,0.68464523742942751
128.29499999999999,0.6878746903709253
128.29599999999999,0.69110172933497382
128.297,0.69432635063726389
128.298,0.69754855059870036
128.29900000000001,0.70076832554540014
128.30000000000001,0.70398567180862937
128.30099999999999,0.7072005857247482
128.30199999999999,0.71041306363520462
128.303,0.71362310188647526
128.304,0.71683069683000766
128.30500000000001,0.72003584482221783
128.30600000000001,0.72323854222442308
128.30699999999999,0.72643878540281792
128.30799999999999,0.72963657072840848
128.309,0.73283189457700859
128.31,0.73602475332918449
128.31100000000001,0.739215143370198
128.31200000000001,0.74240306109000143
128.31299999999999,0.74558850288318279
128.31399999999999,0.74877146514890924
128.315,0.75195194429092527
128.316,0.75512993671749429
128.31700000000001,0.75830543884134882
128.31800000000001,0.76147844707968093
128.31899999999999,0.76464895785409204
128.31999999999999,0.76781696759053686
128.321,0.77098247271932319
128.322,0.77414546967504738
128.32300000000001,0.77730595489657395
128.32400000000001,0.78046392482697413
128.32499999999999,0.78361937591352382
128.32599999999999,0.78677230460765124
128.327,0.78992270736488412
128.328,0.79307058064484648
128.32900000000001,0.7962159209112093
128.33000000000001,0.79935872463163538
128.33099999999999,0.80249898827777866
128.33199999999999,0.80563670832523593
128.333,0.80877188125349064
128.334,0.81190450354591515
128.33500000000001,0.81503457168971871
128.33600000000001,0.81816208217589659
128.33699999999999,0.82128703149923099
128.33799999999999,0.8244094161582336
128.339,0.82752923265512468
128.34,0.83064647749577736
128.34100000000001,0.83376114718971661
128.34200000000001,0.83687323825007254
128.34299999999999,0.8399827471935295
128.34399999999999,0.84308967054032669
128.345,0.84619400481421014
128.346,0.8492957465423846
128.34700000000001,0.85239489225551524
128.34800000000001,0.85549143848767895
128.34899999999999,0.85858538177631416
128.34999999999999,0.86167671866222872
128.351,0.86476544568954772
128.352,0.86785155940566727
128.35300000000001,0.87093505636125867
128.35399999999998,0.87401593311021442
128.35499999999999,0.87709418620963109
128.35599999999999,0.88016981221975521
128.357,0.88324280770398922
128.358,0.88631316922884407
128.35900000000001,0.88938089336389425
128.36000000000001,0.89244597668178027
128.36099999999999,0.8955084157581682
128.36199999999999,0.89856820717169805
128.363,0.90162534750399381
128.364,0.90467983333961655
128.36500000000001,0.90773166126602023
128.36599999999999,0.9107808278735583
128.36699999999999,0.91382732975543812
128.36799999999999,0.91687116350767905
128.369,0.91991232572911685
128.37,0.92295081302135673
128.37100000000001,0.92598662198875592
128.37200000000001,0.92901974923837771
128.37299999999999,0.93205019137999634
128.374,0.93507794502605468
128.375,0.93810300679162495
128.376,0.94112537329441259
128.37700000000001,0.94414504115471565
128.37799999999999,0.94716200699538544
128.37899999999999,0.95017626744183403
128.38,0.95318781912199024
128.381,0.9561966586662628
128.38200000000001,0.959202782707547
128.38300000000001,0.96220618788117918
128.38400000000001,0.96520687082492629
128.38499999999999,0.96820482817893561
128.386,0.97120005658574982
128.387,0.97419255269026483
128.38800000000001,0.97718231313969128
128.38900000000001,0.9801693345835637
128.38999999999999,0.98315361367370446
128.39099999999999,0.98613514706418237
128.392,0.98911393141132575
128.393,0.99208996337368249
128.39400000000001,0.99506323961198517
128.39500000000001,0.99803375678915962
128.39600000000002,1.0010015115702897
128.39699999999999,1.0039665006225789
128.398,1.0069287206153628
128.399,1.0098881682200687
128.40000000000001,1.0128448401102026
128.40100000000001,1.0157987329613132
128.40199999999999,1.0187498434509989
128.40299999999999,1.0216981682588764
128.404,1.0246437040665448
128.405,1.0275864475575966
128.40600000000001,1.0305263954175847
128.40700000000001,1.0334635443339883
128.40799999999999,1.0363978909962268
128.40899999999999,1.0393294320956232
128.41,1.0422581643253725
128.411,1.0451840843805567
128.41200000000001,1.0481071889581104
128.41300000000001,1.0510274747567865
128.41399999999999,1.0539449384771737
128.41499999999999,1.0568595768216567
128.416,1.0597713864944116
128.417,1.0626803642013676
128.41800000000001,1.0655865066502224
128.41900000000001,1.0684898105504121
128.41999999999999,1.0713902726130786
128.42099999999999,1.0742878895510863
128.422,1.0771826580789905
128.423,1.0800745749130081
128.42400000000001,1.0829636367710331
128.42500000000001,1.0858498403726073
128.42599999999999,1.0887331824388899
128.42699999999999,1.0916136596926749
128.428,1.0944912688583623
128.429,1.0973660066619275
128.43000000000001,1.100237869830941
128.43100000000001,1.1031068550945335
128.43199999999999,1.1059729591833924
128.43299999999999,1.1088361788297312
128.434,1.1116965107673051
128.435,1.1145539517313854
128.43600000000001,1.1174084984587307
128.43700000000001,1.1202601476876075
128.43799999999999,1.1231088961577611
128.43899999999999,1.1259547406103909
128.44,1.1287976777881694
128.441,1.1316377044352142
128.44200000000001,1.1344748172970656
128.44300000000001,1.1373090131207038
128.44399999999999,1.1401402886545242
128.44499999999999,1.1429686406483128
128.446,1.1457940658532655
128.447,1.148616561021961
128.44800000000001,1.1514361229083574
128.44900000000001,1.1542527482677669
128.44999999999999,1.1570664338568739
128.45099999999999,1.1598771764337148
128.452,1.16268497275765
128.453,1.1654898195893904
128.45400000000001,1.1682917136909701
128.45500000000001,1.1710906518257267
128.45599999999999,1.1738866307583231
128.45699999999999,1.1766796472547232
128.458,1.1794696980821728
128.459,1.1822567800092179
128.46000000000001,1.1850408898056906
128.46100000000001,1.1878220242426791
128.46199999999999,1.1906001800925574
128.46299999999999,1.1933753541289569
128.464,1.1961475431267692
128.465,1.1989167438621238
128.46600000000001,1.2016829531124122
128.46700000000001,1.204446167656263
128.46799999999999,1.2072063842735277
128.46899999999999,1.2099635997453013
128.47,1.2127178108539076
128.471,1.215469014382877
128.47200000000001,1.2182172071169686
128.47300000000001,1.2209623858421601
128.47399999999999,1.2237045473456205
128.47499999999999,1.2264436884157424
128.476,1.2291798058421204
128.477,1.2319128964155337
128.47800000000001,1.2346429569279755
128.47899999999998,1.2373699841726256
128.47999999999999,1.2400939749438626
128.48099999999999,1.2428149260372401
128.482,1.2455328342495122
128.483,1.2482476963786211
128.48400000000001,1.2509595092236769
128.48500000000001,1.2536682695849879
128.48599999999999,1.2563739742640425
128.48699999999999,1.2590766200634973
128.488,1.2617762037872007
128.489,1.2644727222401817
128.49000000000001,1.2671661722286327
128.49099999999999,1.2698565505599393
128.49199999999999,1.2725438540426666
128.49299999999999,1.2752280794865416
128.494,1.2779092237024867
128.495,1.2805872835025975
128.49600000000001,1.2832622557001581
128.49700000000001,1.2859341371096167
128.49799999999999,1.2886029245466193
128.499,1.2912686148279977
128.5,1.2939312047717531
128.501,1.2965906911970899
128.50200000000001,1.2992470709244031
128.50299999999999,1.3019003407752627
128.50399999999999,1.30455049757245
128.505,1.3071975381399419
128.506,1.3098414593029004
128.50700000000001,1.3124822578877069
128.50800000000001,1.3151199307219417
128.50900000000001,1.3177544746343997
128.50999999999999,1.3203858864550768
128.511,1.3230141630151973
128.512,1.3256393011472072
128.51300000000001,1.3282612976847648
128.51400000000001,1.3308801494627698
128.51499999999999,1.3334958533173575
128.51599999999999,1.3361084060858881
128.517,1.3387178046069781
128.518,1.3413240457204945
128.51900000000001,1.3439271262675436
128.52000000000001,1.3465270430905059
128.52100000000002,1.3491237930330282
128.52199999999999,1.3517173729400132
128.523,1.3543077796576561
128.524,1.3568950100334323
128.52500000000001,1.3594790609161103
128.52600000000001,1.3620599291557418
128.52699999999999,1.364637611603698
128.52799999999999,1.3672121051126604
128.529,1.3697834065366141
128.53,1.3723515127308834
128.53100000000001,1.3749164205521267
128.53200000000001,1.3774781268583285
128.53299999999999,1.3800366285088379
128.53399999999999,1.3825919223643583
128.535,1.3851440052869473
128.536,1.3876928741400478
128.53700000000001,1.3902385257884871
128.53800000000001,1.3927809570984695
128.53899999999999,1.3953201649376124
128.53999999999999,1.3978561461749401
128.541,1.4003888976809002
128.542,1.402918416327354
128.54300000000001,1.4054446989876161
128.54400000000001,1.4079677425364494
128.54499999999999,1.4104875438500608
128.54599999999999,1.4130040998061397
128.547,1.4155174072838557
128.548,1.4180274631638543
128.54900000000001,1.4205342643282948
128.55000000000001,1.4230378076608474
128.55099999999999,1.4255380900466925
128.55199999999999,1.4280351083725584
128.553,1.4305288595267185
128.554,1.4330193403989895
128.55500000000001,1.4355065478807703
128.55600000000001,1.4379904788650388
128.55699999999999,1.440471130246368
128.55799999999999,1.4429484989209229
128.559,1.4454225817865023
128.56,1.4478933757425336
128.56100000000001,1.4503608776900749
128.56200000000001,1.4528250845318544
128.56299999999999,1.4552859931722704
128.56399999999999,1.4577436005173889
128.565,1.4601979034749888
128.566,1.4626488989545567
128.56700000000001,1.46509658386729
128.56800000000001,1.467540955126138
128.56899999999999,1.4699820096458025
128.56999999999999,1.4724197443427367
128.571,1.4748541561351889
128.572,1.4772852419431981
128.57300000000001,1.4797129986886177
128.57400000000001,1.4821374232951137
128.57499999999999,1.4845585126882033
128.57599999999999,1.4869762637952606
128.577,1.4893906735455176
128.578,1.4918017388701041
128.57900000000001,1.494209456702053
128.58000000000001,1.4966138239763003
128.58099999999999,1.4990148376297308
128.58199999999999,1.5014124946011775
128.583,1.5038067918314268
128.584,1.5061977262632622
128.58500000000001,1.5085852948414633
128.58600000000001,1.5109694945128156
128.58699999999999,1.5133503222261482
128.58799999999999,1.515727774932337
128.589,1.5181018495843266
128.59,1.5204725431371369
128.59100000000001,1.5228398525478992
128.59200000000001,1.5252037747758653
128.59299999999999,1.5275643067824112
128.59399999999999,1.5299214455310794
128.595,1.5322751879875873
128.596,1.5346255311198291
128.59700000000001,1.5369724718979225
128.59800000000001,1.5393160072942107
128.59899999999999,1.5416561342832737
128.59999999999999,1.5439928498419668
128.601,1.5463261509494306
128.602,1.548656034587095
128.60300000000001,1.5509824977387261
128.60399999999998,1.5533055373904259
128.60499999999999,1.5556251505306622
128.60599999999999,1.5579413341502695
128.607,1.5602540852424966
128.608,1.5625634008030089
128.60900000000001,1.5648692778299029
128.61000000000001,1.5671717133237446
128.61099999999999,1.5694707042875811
128.61199999999999,1.5717662477269454
128.613,1.5740583406499065
128.614,1.5763469800670726
128.61500000000001,1.5786321629916009
128.61599999999999,1.5809138864392449
128.61699999999999,1.5831921474283628
128.61799999999999,1.585466942979922
128.619,1.5877382701175518
128.62,1.5900061258675402
128.62100000000001,1.5922705072588728
128.62200000000001,1.5945314113232298
128.62299999999999,1.5967888350950359
128.624,1.5990427756114702
128.625,1.6012932299124747
128.626,1.6035401950408021
128.62700000000001,1.6057836680420234
128.62799999999999,1.6080236459645396
128.62899999999999,1.610260125859629
128.63,1.6124931047814559
128.631,1.6147225797870828
128.63200000000001,1.6169485479365158
128.63300000000001,1.6191710062927109
128.63400000000001,1.6213899519216082
128.63499999999999,1.6236053818921352
128.636,1.6258172932762556
128.637,1.6280256831489817
128.63800000000001,1.6302305485883828
128.63900000000001,1.6324318866756349
128.63999999999999,1.6346296944950329
128.64099999999999,1.6368239691340003
128.642,1.6390147076831374
128.643,1.6412019072362343
128.64400000000001,1.6433855648902831
128.64500000000001,1.6455656777455241
128.64600000000002,1.6477422429054585
128.64699999999999,1.649915257476863
128.648,1.6520847185698364
128.649,1.6542506232978074
128.65000000000001,1.6564129687775675
128.65100000000001,1.658571752129282
128.65199999999999,1.6607269704765368
128.65299999999999,1.6628786209463495
128.654,1.6650267006691875
128.655,1.6671712067790125
128.65600000000001,1.6693121364132952
128.65700000000001,1.6714494867130294
128.65799999999999,1.6735832548227798
128.65899999999999,1.675713437890697
128.66,1.6778400330685306
128.661,1.6799630375116776
128.66200000000001,1.682082448379197
128.66300000000001,1.6841982628338263
128.66399999999999,1.6863104780420264
128.66499999999999,1.6884190911739949
128.666,1.6905240994036992
128.667,1.692625499908887
128.66800000000001,1.6947232898711371
128.66900000000001,1.6968174664758713
128.66999999999999,1.6989080269123722
128.67099999999999,1.7009949683738332
128.672,1.7030782880573678
128.673,1.7051579831640333
128.67400000000001,1.7072340508988746
128.67500000000001,1.7093064884709395
128.67599999999999,1.7113752930932979
128.67699999999999,1.7134404619830896
128.678,1.7155019923615376
128.679,1.7175598814539703
128.68000000000001,1.7196141264898623
128.68100000000001,1.721664724702856
128.68199999999999,1.7237116733307891
128.68299999999999,1.7257549696157115
128.684,1.727794610803933
128.685,1.7298305941460415
128.68600000000001,1.731862916896918
128.68700000000001,1.7338915763157861
128.68799999999999,1.7359165696662298
128.68899999999999,1.7379378942162111
128.69,1.7399555472381192
128.691,1.7419695260087857
128.69200000000001,1.7439798278095049
128.69300000000001,1.7459864499260811
128.69399999999999,1.7479893896488472
128.69499999999999,1.7499886442726822
128.696,1.75198421109706
128.697,1.7539760874260655
128.69800000000001,1.755964270568428
128.69900000000001,1.7579487578375357
128.69999999999999,1.7599295465514881
128.70099999999999,1.7619066340331107
128.702,1.7638800176099745
128.703,1.7658496946144464
128.70400000000001,1.7678156623837076
128.70500000000001,1.7697779182597688
128.70599999999999,1.771736459589524
128.70699999999999,1.7736912837247689
128.708,1.7756423880222156
128.709,1.7775897698435468
128.71000000000001,1.7795334265554312
128.71100000000001,1.781473355529545
128.71199999999999,1.7834095541426205
128.71299999999999,1.78534201977646
128.714,1.7872707498179763
128.715,1.7891957416592039
128.71600000000001,1.7911169926973509
128.71700000000001,1.7930345003348185
128.71799999999999,1.7949482619792207
128.71899999999999,1.7968582750434312
128.72,1.7987645369456065
128.721,1.8006670451092039
128.72200000000001,1.8025657969630313
128.72300000000001,1.8044607899412664
128.72399999999999,1.8063520214834781
128.72499999999999,1.8082394890346727
128.726,1.8101231900453203
128.727,1.8120031219713666
128.72800000000001,1.8138792822742891
128.72899999999998,1.8157516684211104
128.72999999999999,1.8176202778844377
128.73099999999999,1.8194851081424757
128.732,1.8213461566790792
128.733,1.8232034209837722
128.73400000000001,1.825056898551771
128.73500000000001,1.8269065868840286
128.73599999999999,1.8287524834872602
128.73699999999999,1.8305945858739614
128.738,1.832432891562457
128.739,1.8342673980769242
128.74000000000001,1.8360981029474108
128.74099999999999,1.8379250037098873
128.74199999999999,1.8397480979062637
128.74299999999999,1.8415673830844157
128.744,1.8433828567982289
128.745,1.8451945166076211
128.74600000000001,1.8470023600785757
128.74700000000001,1.8488063847831615
128.74799999999999,1.850606588299581
128.749,1.8524029682121934
128.75,1.8541955221115325
128.751,1.8559842475943602
128.75200000000001,1.8577691422636824
128.75299999999999,1.8595502037287781
128.75399999999999,1.8613274296052398
128.755,1.863100817515001
128.756,1.864870365086355
128.75700000000001,1.866636069954007
128.75800000000001,1.8683979297590867
128.75900000000001,1.8701559421491931
128.75999999999999,1.8719101047784052
128.761,1.873660415307336
128.762,1.8754068714031529
128.76300000000001,1.8771494707395993
128.76400000000001,1.8788882109970446
128.76499999999999,1.8806230898625023
128.76599999999999,1.8823541050296555
128.767,1.8840812541989067
128.768,1.885804535077396
128.76900000000001,1.8875239453790231
128.77000000000001,1.8892394828245
128.77100000000002,1.8909511451413703
128.77199999999999,1.8926589300640295
128.773,1.8943628353337776
128.774,1.8960628586988351
128.77500000000001,1.8977589979143816
128.77600000000001,1.8994512507425725
128.77699999999999,1.9011396149525908
128.77799999999999,1.9028240883206671
128.779,1.9045046686301015
128.78,1.9061813536713137
128.78100000000001,1.9078541412418637
128.78200000000001,1.9095230291464744
128.78299999999999,1.9111880151970799
128.78399999999999,1.9128490972128476
128.785,1.9145062730202009
128.786,1.9161595404528671
128.78700000000001,1.917808897351901
128.78800000000001,1.9194543415657024
128.78899999999999,1.9210958709500705
128.78999999999999,1.9227334833682184
128.791,1.9243671766908146
128.792,1.9259969487959965
128.79300000000001,1.9276227975694225
128.79400000000001,1.9292447209042947
128.79499999999999,1.9308627167013763
128.79599999999999,1.9324767828690463
128.797,1.9340869173233153
128.798,1.9356931179878547
128.79900000000001,1.9372953827940367
128.80000000000001,1.9388937096809622
128.80099999999999,1.9404880965954816
128.80199999999999,1.9420785414922426
128.803,1.943665042333711
128.804,1.9452475970901948
128.80500000000001,1.9468262037398913
128.80600000000001,1.9484008602689054
128.80699999999999,1.9499715646712881
128.80799999999999,1.9515383149490542
128.809,1.9531011091122303
128.81,1.9546599451788753
128.81100000000001,1.9562148211751063
128.81200000000001,1.9577657351351443
128.81299999999999,1.9593126851013336
128.81399999999999,1.9608556691241676
128.815,1.9623946852623351
128.816,1.9639297315827406
128.81700000000001,1.9654608061605301
128.81800000000001,1.9669879070791345
128.81899999999999,1.9685110324302921
128.81999999999999,1.9700301803140743
128.821,1.9715453488389287
128.822,1.9730565361216987
128.82300000000001,1.9745637402876617
128.82400000000001,1.9760669594705464
128.82499999999999,1.9775661918125815
128.82599999999999,1.9790614354645129
128.827,1.9805526885856324
128.828,1.982039949343819
128.82900000000001,1.983523215915564
128.83000000000001,1.9850024864859905
128.83099999999999,1.986477759248902
128.83199999999999,1.9879490324068025
128.833,1.9894163041709201
128.834,1.9908795727612496
128.83500000000001,1.992338836406581
128.83600000000001,1.9937940933445137
128.83699999999999,1.9952453418215081
128.83799999999999,1.9966925800929014
128.839,1.9981358064229449
128.84,1.9995750190848212
128.84100000000001,2.0010102163606915
128.84200000000001,2.0024413965417156
128.84299999999999,2.0038685579280773
128.84399999999999,2.0052916988290237
128.845,2.0067108175628912
128.846,2.0081259124571287
128.84700000000001,2.0095369818483366
128.84800000000001,2.0109440240822947
128.84899999999999,2.0123470375139796
128.84999999999999,2.0137460205076123
128.851,2.0151409714366788
128.852,2.0165318886839483
128.85300000000001,2.0179187706415251
128.85399999999998,2.019301615710861
128.85499999999999,2.0206804223027928
128.85599999999999,2.0220551888375589
128.857,2.0234259137448456
128.858,2.0247925954638082
128.85900000000001,2.0261552324430916
128.86000000000001,2.0275138231408749
128.86099999999999,2.028868366024891
128.86199999999999,2.0302188595724502
128.863,2.0315653022704834
128.864,2.032907692615562
128.86500000000001,2.0342460291139193
128.86599999999999,2.0355803102814969
128.86699999999999,2.0369105346439604
128.86799999999999,2.0382367007367255
128.869,2.0395588071049988
128.87,2.0408768523037955
128.87100000000001,2.0421908348979749
128.87200000000001,2.0435007534622582
128.87299999999999,2.0448066065812691
128.874,2.046108392849558
128.875,2.0474061108716195
128.876,2.0486997592619378
128.87700000000001,2.0499893366450075
128.87799999999999,2.0512748416553488
128.87899999999999,2.052556272937557
128.88,2.0538336291463217
128.881,2.0551069089464411
128.88200000000001,2.0563761110128715
128.88300000000001,2.0576412340307417
128.88400000000001,2.0589022766953855
128.88499999999999,2.0601592377123619
128.886,2.0614121157974914
128.887,2.0626609096768838
128.88800000000001,2.0639056180869519
128.88900000000001,2.0651462397744562
128.88999999999999,2.0663827734965237
128.89099999999999,2.0676152180206695
128.892,2.0688435721248348
128.893,2.0700678345974106
128.89400000000001,2.0712880042372546
128.89500000000001,2.0725040798537346
128.89600000000002,2.073716060266745
128.89699999999999,2.0749239443067302
128.898,2.0761277308147221
128.899,2.077327418642358
128.90000000000001,2.0785230066519147
128.90100000000001,2.0797144937163203
128.90199999999999,2.0809018787191995
128.90299999999999,2.0820851605548891
128.904,2.083264338128461
128.905,2.0844394103557589
128.90600000000001,2.0856103761634177
128.90700000000001,2.0867772344888844
128.90799999999999,2.0879399842804585
128.90899999999999,2.0890986244973049
128.91,2.0902531541094831
128.911,2.0914035720979753
128.91200000000001,2.0925498774547138
128.91300000000001,2.0936920691825964
128.91399999999999,2.0948301462955232
128.91499999999999,2.0959641078184168
128.916,2.0970939527872519
128.917,2.0982196802490671
128.91800000000001,2.0993412892620094
128.91900000000001,2.1004587788953475
128.91999999999999,2.101572148229494
128.92099999999999,2.1026813963560418
128.922,2.1037865223777801
128.923,2.1048875254087189
128.92400000000001,2.1059844045741194
128.92500000000001,2.1070771590105171
128.92599999999999,2.1081657878657372
128.92699999999999,2.1092502902989336
128.928,2.1103306654806055
128.929,2.1114069125926176
128.93000000000001,2.1124790308282329
128.93100000000001,2.1135470193921311
128.93199999999999,2.114610877500438
128.93299999999999,2.1156706043807381
128.934,2.116726199272112
128.935,2.1177776614251553
128.93600000000001,2.1188249901019955
128.93700000000001,2.1198681845763252
128.93799999999999,2.1209072441334231
128.93899999999999,2.1219421680701696
128.94,2.1229729556950825
128.941,2.1239996063283355
128.94200000000001,2.1250221193017711
128.94300000000001,2.1260404939589406
128.94399999999999,2.1270547296551197
128.94499999999999,2.1280648257573227
128.946,2.1290707816443408
128.947,2.1300725967067557
128.94800000000001,2.1310702703469628
128.94900000000001,2.1320638019791938
128.94999999999999,2.1330531910295418
128.95099999999999,2.1340384369359824
128.952,2.1350195391483924
128.953,2.1359964971285783
128.95400000000001,2.1369693103502945
128.95500000000001,2.1379379782992629
128.95599999999999,2.1389025004732005
128.95699999999999,2.1398628763818399
128.958,2.1408191055469437
128.959,2.1417711875023366
128.96000000000001,2.1427191217939243
128.96100000000001,2.1436629079797038
128.96199999999999,2.1446025456298021
128.96299999999999,2.1455380343264849
128.964,2.1464693736641856
128.965,2.1473965632495156
128.96600000000001,2.1483196027012976
128.96700000000001,2.1492384916505816
128.96799999999999,2.1501532297406589
128.96899999999999,2.1510638166270954
128.97,2.1519702519777426
128.971,2.1528725354727589
128.97200000000001,2.1537706668046344
128.97300000000001,2.1546646456782104
128.97399999999999,2.1555544718106932
128.97499999999999,2.1564401449316817
128.976,2.157321664783185
128.977,2.1581990311196377
128.97800000000001,2.1590722437079277
128.97899999999998,2.1599413023274097
128.97999999999999,2.1608062067699287
128.98099999999999,2.1616669568398321
128.982,2.1625235523540001
128.983,2.1633759931418579
128.98400000000001,2.1642242790453912
128.98500000000001,2.1650684099191766
128.98599999999999,2.1659083856303916
128.98699999999999,2.1667442060588327
128.988,2.1675758710969406
128.989,2.1684033806498171
128.99000000000001,2.169226734635235
128.99099999999999,2.1700459329836694
128.99199999999999,2.1708609756383095
128.99299999999999,2.1716718625550726
128.994,2.172478593702631
128.995,2.1732811690624252
128.99600000000001,2.174079588628683
128.99700000000001,2.1748738524084312
128.99799999999999,2.1756639604215247
128.999,2.1764499127006567
129,2.177231709291374
129.001,2.1780093502521005
129.00200000000001,2.1787828356541539
129.00299999999999,2.179552165581752
129.00399999999999,2.180317340132047
129.005,2.1810783594151308
129.006,2.1818352235540517
129.00700000000001,2.1825879326848368
129.00800000000001,2.1833364869565055
129.00900000000001,2.1840808865310866
129.00999999999999,2.1848211315836292
129.011,2.1855572223022293
129.012,2.1862891588880418
129.01300000000001,2.1870169415552869
129.01400000000001,2.1877405705312825
129.01499999999999,2.1884600460564489
129.01599999999999,2.1891753683843245
129.017,2.1898865377815886
129.018,2.1905935545280704
129.01900000000001,2.1912964189167652
129.02000000000001,2.1919951312538526
129.02100000000002,2.1926896918587087
129.02199999999999,2.193380101063922
129.023,2.1940663592153093
129.024,2.1947484666719284
129.02500000000001,2.1954264238060954
129.02600000000001,2.1961002310033964
129.02699999999999,2.1967698886627027
129.02799999999999,2.1974353971961893
129.029,2.1980967570293393
129.03,2.1987539686009692
129.03100000000001,2.1994070323632382
129.03200000000001,2.2000559487816549
129.03299999999999,2.2007007183351064
129.03399999999999,2.201341341515858
129.035,2.2019778188295724
129.036,2.2026101507953246
129.03700000000001,2.2032383379456113
129.03800000000001,2.2038623808263664
129.03899999999999,2.2044822799969737
129.03999999999999,2.2050980360302797
129.041,2.2057096495126078
129.042,2.2063171210437651
129.04300000000001,2.2069204512370644
129.04400000000001,2.2075196407193287
129.04499999999999,2.2081146901309068
129.04599999999999,2.2087056001256857
129.047,2.2092923713711028
129.048,2.2098750045481532
129.04900000000001,2.2104535003514107
129.05000000000001,2.2110278594890329
129.05099999999999,2.2115980826827704
129.05199999999999,2.2121641706679855
129.053,2.2127261241936615
129.054,2.2132839440224084
129.05500000000001,2.213837630930481
129.05600000000001,2.2143871857077864
129.05699999999999,2.2149326091578967
129.05799999999999,2.2154739020980552
129.059,2.216011065359194
129.06,2.2165440997859402
129.06100000000001,2.2170730062366242
129.06200000000001,2.2175977855832967
129.06299999999999,2.2181184387117341
129.06399999999999,2.2186349665214462
129.065,2.2191473699256932
129.066,2.2196556498514903
129.06700000000001,2.2201598072396163
129.06800000000001,2.2206598430446287
129.06899999999999,2.2211557582348695
129.06999999999999,2.2216475537924723
129.071,2.2221352307133753
129.072,2.2226187900073304
129.07300000000001,2.2230982326979105
129.07400000000001,2.2235735598225155
129.07499999999999,2.2240447724323871
129.07599999999999,2.2245118715926138
129.077,2.2249748583821383
129.078,2.2254337338937695
129.07900000000001,2.2258884992341867
129.08000000000001,2.2263391555239496
129.08099999999999,2.2267857038975065
129.08199999999999,2.227228145503203
129.083,2.2276664815032836
129.084,2.2281007130739092
129.08500000000001,2.2285308414051572
129.08600000000001,2.2289568677010299
129.08699999999999,2.2293787931794626
129.08799999999999,2.2297966190723328
129.089,2.2302103466254648
129.09,2.2306199770986326
129.09100000000001,2.2310255117655746
129.09200000000001,2.2314269519139964
129.09299999999999,2.2318242988455741
129.09399999999999,2.2322175538759654
129.095,2.2326067183348139
129.096,2.2329917935657546
129.09700000000001,2.2333727809264188
129.09800000000001,2.2337496817884444
129.09899999999999,2.2341224975374763
129.09999999999999,2.234491229573174
129.101,2.2348558793092193
129.102,2.235216448173317
129.10300000000001,2.2355729376072029
129.10399999999998,2.2359253490666493
129.10499999999999,2.2362736840214681
129.10599999999999,2.2366179439555172
129.107,2.2369581303667023
129.108,2.2372942447669866
129.10900000000001,2.2376262886823897
129.11000000000001,2.2379542636529934
129.11099999999999,2.2382781712329507
129.11199999999999,2.2385980129904799
129.113,2.238913790507878
129.114,2.2392255053815209
129.11500000000001,2.2395331592218644
129.11599999999999,2.2398367536534516
129.11699999999999,2.240136290314914
129.11799999999999,2.2404317708589758
129.119,2.240723196952457
129.12,2.2410105702762744
129.12100000000001,2.241293892525448
129.12200000000001,2.2415731654091
129.12299999999999,2.2418483906504596
129.124,2.2421195699868655
129.125,2.2423867051697668
129.126,2.2426497979647255
129.12700000000001,2.2429088501514212
129.12799999999999,2.2431638635236482
129.12899999999999,2.2434148398893212
129.13,2.2436617810704771
129.131,2.2439046889032714
129.13200000000001,2.2441435652379882
129.13300000000001,2.2443784119390324
129.13400000000001,2.2446092308849384
129.13499999999999,2.2448360239683649
129.136,2.245058793096101
129.137,2.2452775401890634
129.13800000000001,2.2454922671822972
129.13900000000001,2.2457029760249814
129.13999999999999,2.2459096686804214
129.14099999999999,2.2461123471260542
129.142,2.246311013353449
129.143,2.2465056693683034
129.14400000000001,2.2466963171904473
129.14500000000001,2.2468829588538402
129.14600000000002,2.2470655964065704
129.14699999999999,2.247244231910857
129.148,2.2474188674430469
129.149,2.2475895050936154
129.15000000000001,2.2477561469671636
129.15100000000001,2.2479187951824184
129.15199999999999,2.2480774518722324
129.15299999999999,2.2482321191835815
129.154,2.2483827992775609
129.155,2.248529494329389
129.15600000000001,2.2486722065284006
129.15700000000001,2.2488109380780483
129.15799999999999,2.2489456911958987
129.15899999999999,2.2490764681136319
129.16,2.2492032710770364
129.161,2.2493261023460098
129.16200000000001,2.2494449641945558
129.16300000000001,2.249559858910779
129.16399999999999,2.2496707887968856
129.16499999999999,2.249777756169177
129.166,2.249880763358052
129.167,2.2499798127079962
129.16800000000001,2.250074906577586
129.16900000000001,2.2501660473394804
129.16999999999999,2.2502532373804187
129.17099999999999,2.250336479101219
129.172,2.2504157749167706
129.173,2.2504911272560326
129.17400000000001,2.25056253856203
129.17500000000001,2.2506300112918471
129.17599999999999,2.2506935479166272
129.17699999999999,2.2507531509215628
129.178,2.2508088228058956
129.179,2.2508605660829097
129.18000000000001,2.2509083832799286
129.18100000000001,2.2509522769383059
129.18199999999999,2.2509922496134247
129.18299999999999,2.2510283038746906
129.184,2.2510604423055258
129.185,2.2510886675033648
129.18600000000001,2.2511129820796487
129.18700000000001,2.2511333886598166
129.18799999999999,2.2511498898833038
129.18899999999999,2.2511624884035344
129.19,2.251171186887913
129.191,2.2511759880178204
129.19200000000001,2.2511768944886077
129.19300000000001,2.251173909009589
129.19399999999999,2.2511670343040326
129.19499999999999,2.2511562731091588
129.196,2.251141628176129
129.197,2.2511231022700393
129.19800000000001,2.2511006981699153
129.19900000000001,2.2510744186687024
129.19999999999999,2.2510442665732611
129.20099999999999,2.2510102447043545
129.202,2.2509723558966472
129.203,2.2509306029986922
129.20400000000001,2.2508849888729237
129.20500000000001,2.2508355163956524
129.20599999999999,2.2507821884570536
129.20699999999999,2.2507250079611594
129.208,2.2506639778258526
129.209,2.2505991009828543
129.21000000000001,2.250530380377719
129.21100000000001,2.2504578189698226
129.21199999999999,2.2503814197323564
129.21299999999999,2.2503011856523134
129.214,2.2502171197304843
129.215,2.2501292249814457
129.21600000000001,2.2500375044335486
129.21700000000001,2.2499419611289109
129.21799999999999,2.2498425981234105
129.21899999999999,2.2497394184866684
129.22,2.2496324253020443
129.221,2.2495216216666241
129.22200000000001,2.2494070106912112
129.22300000000001,2.249288595500313
129.22399999999999,2.2491663792321344
129.22499999999999,2.2490403650385637
129.226,2.2489105560851632
129.227,2.2487769555511594
129.22800000000001,2.2486395666294285
129.22899999999998,2.2484983925264892
129.22999999999999,2.2483534364624891
129.23099999999999,2.2482047016711939
129.232,2.2480521913999749
129.233,2.247895908909797
129.23400000000001,2.2477358574752122
129.23500000000001,2.2475720403843384
129.23599999999999,2.2474044609388546
129.23699999999999,2.2472331224539852
129.238,2.2470580282584911
129.239,2.2468791816946516
129.24000000000001,2.2466965861182575
129.24099999999999,2.2465102448985954
129.24199999999999,2.246320161418434
129.24299999999999,2.246126339074014
129.244,2.2459287812750333
129.245,2.2457274914446339
129.24600000000001,2.2455224730193888
129.24700000000001,2.2453137294492871
129.24799999999999,2.2451012641977233
129.249,2.2448850807414806
129.25,2.2446651825707198
129.251,2.2444415731889626
129.25200000000001,2.2442142561130778
129.25299999999999,2.243983234873272
129.25399999999999,2.2437485130130663
129.255,2.2435100940892894
129.256,2.2432679816720604
129.25700000000001,2.2430221793447744
129.25800000000001,2.2427726907040855
129.25900000000001,2.2425195193598935
129.25999999999999,2.2422626689353318
129.261,2.2420021430667463
129.262,2.2417379454036848
129.26300000000001,2.2414700796088782
129.26400000000001,2.241198549358228
129.26499999999999,2.2409233583407868
129.26599999999999,2.2406445102587473
129.267,2.2403620088274221
129.268,2.2400758577752296
129.26900000000001,2.2397860608436773
129.27000000000001,2.239492621787345
129.27100000000002,2.2391955443738687
129.27199999999999,2.2388948323839264
129.273,2.2385904896112168
129.274,2.2382825198624454
129.27500000000001,2.2379709269573071
129.27600000000001,2.2376557147284704
129.27699999999999,2.2373368870215566
129.27799999999999,2.2370144476951244
129.279,2.2366884006206567
129.28,2.2363587496825357
129.28100000000001,2.2360254987780275
129.28200000000001,2.2356886518172701
129.28299999999999,2.2353482127232476
129.28399999999999,2.2350041854317739
129.285,2.2346565738914816
129.286,2.2343053820637921
129.28700000000001,2.2339506139229055
129.28800000000001,2.2335922734557827
129.28899999999999,2.2332303646621194
129.28999999999999,2.232864891554335
129.291,2.2324958581575478
129.292,2.2321232685095622
129.29300000000001,2.2317471266608444
129.29400000000001,2.2313674366745033
129.29499999999999,2.2309842026262765
129.29599999999999,2.2305974286045043
129.297,2.230207118710112
129.298,2.2298132770565959
129.29900000000001,2.2294159077699947
129.30000000000001,2.2290150149888732
129.30099999999999,2.2286106028643062
129.30199999999999,2.2282026755598512
129.303,2.2277912372515325
129.304,2.227376292127822
129.30500000000001,2.2269578443896147
129.30600000000001,2.2265358982502108
129.30699999999999,2.2261104579352922
129.30799999999999,2.2256815276829069
129.309,2.2252491117434428
129.31,2.2248132143796071
129.31100000000001,2.2243738398664101
129.31200000000001,2.2239309924911379
129.31299999999999,2.2234846765533325
129.31399999999999,2.2230348963647728
129.315,2.2225816562494511
129.316,2.2221249605435505
129.31700000000001,2.221664813595424
129.31800000000001,2.2212012197655735
129.31899999999999,2.2207341834266243
129.31999999999999,2.2202637089633077
129.321,2.2197898007724342
129.322,2.2193124632628742
129.32300000000001,2.2188317008555316
129.32400000000001,2.2183475179833279
129.32499999999999,2.2178599190911714
129.32599999999999,2.2173689086359389
129.327,2.2168744910864531
129.328,2.2163766709234571
129.32900000000001,2.2158754526395903
129.33000000000001,2.215370840739372
129.33099999999999,2.2148628397391672
129.33199999999999,2.2143514541671721
129.333,2.2138366885633869
129.334,2.2133185474795898
129.33500000000001,2.2127970354793174
129.33600000000001,2.2122721571378392
129.33699999999999,2.21174391704213
129.33799999999999,2.2112123197908513
129.339,2.2106773699943227
129.34,2.2101390722745013
129.34100000000001,2.2095974312649518
129.34200000000001,2.2090524516108259
129.34299999999999,2.2085041379688373
129.34399999999999,2.2079524950072358
129.345,2.2073975274057807
129.346,2.2068392398557215
129.34700000000001,2.2062776370597641
129.34800000000001,2.2057127237320517
129.34899999999999,2.2051445045981399
129.34999999999999,2.2045729843949671
129.351,2.2039981678708287
129.352,2.2034200597853588
129.35300000000001,2.2028386649094944
129.35399999999998,2.2022539880254559
129.35499999999999,2.2016660339267178
129.35599999999999,2.2010748074179869
129.357,2.2004803133151709
129.358,2.199882556445353
129.35900000000001,2.199281541646771
129.36000000000001,2.1986772737687832
129.36099999999999,2.1980697576718438
129.36199999999999,2.1974589982274808
129.363,2.1968450003182634
129.364,2.1962277688377765
129.36500000000001,2.1956073086905965
129.36599999999999,2.1949836247922621
129.36699999999999,2.1943567220692426
129.36799999999999,2.1937266054589211
129.369,2.1930932799095553
129.37,2.1924567503802588
129.37100000000001,2.1918170218409667
129.37200000000001,2.1911740992724149
129.37299999999999,2.1905279876661057
129.374,2.1898786920242816
129.375,2.1892262173599031
129.376,2.1885705686966102
129.37700000000001,2.1879117510686994
129.37799999999999,2.1872497695211002
129.37899999999999,2.1865846291093378
129.38,2.1859163348995079
129.381,2.1852448919682534
129.38200000000001,2.1845703054027261
129.38300000000001,2.1838925803005633
129.38400000000001,2.183211721769859
129.38499999999999,2.1825277349291357
129.386,2.1818406249073115
129.387,2.1811503968436705
129.38800000000001,2.1804570558878429
129.38900000000001,2.1797606071997624
129.38999999999999,2.1790610559496422
129.39099999999999,2.1783584073179507
129.392,2.1776526664953755
129.393,2.1769438386827913
129.39400000000001,2.1762319290912386
129.39500000000001,2.1755169429418881
129.39600000000002,2.1747988854660072
129.39699999999999,2.1740777619049396
129.398,2.173353577510067
129.399,2.1726263375427806
129.40000000000001,2.1718960472744504
129.40100000000001,2.1711627119863999
129.40199999999999,2.1704263369698666
129.40299999999999,2.1696869275259756
129.404,2.1689444889657135
129.405,2.1681990266098885
129.40600000000001,2.1674505457891038
129.40700000000001,2.1666990518437306
129.40799999999999,2.1659445501238679
129.40899999999999,2.1651870459893177
129.41,2.1644265448095554
129.411,2.1636630519636912
129.41200000000001,2.1628965728404417
129.41300000000001,2.1621271128381032
129.41399999999999,2.1613546773645127
129.41499999999999,2.1605792718370198
129.416,2.1598009016824538
129.417,2.159019572337094
129.41800000000001,2.1582352892466341
129.41900000000001,2.1574480578661515
129.41999999999999,2.1566578836600776
129.42099999999999,2.1558647721021624
129.422,2.1550687286754395
129.423,2.1542697588722035
129.42400000000001,2.153467868193967
129.42500000000001,2.1526630621514293
129.42599999999999,2.1518553462644547
129.42699999999999,2.1510447260620253
129.428,2.1502312070822125
129.429,2.1494147948721536
129.43000000000001,2.1485954949880033
129.43100000000001,2.1477733129949121
129.43199999999999,2.1469482544669862
129.43299999999999,2.1461203249872627
129.434,2.1452895301476658
129.435,2.144455875548978
129.43600000000001,2.1436193668008121
129.43700000000001,2.1427800095215677
129.43799999999999,2.1419378093384021
129.43899999999999,2.1410927718872008
129.44,2.140244902812535
129.441,2.139394207767634
129.44200000000001,2.1385406924143515
129.44300000000001,2.1376843624231268
129.44399999999999,2.1368252234729508
129.44499999999999,2.135963281251342
129.446,2.135098541454298
129.447,2.1342310097862693
129.44800000000001,2.1333606919601222
129.44900000000001,2.1324875936971095
129.44999999999999,2.1316117207268275
129.45099999999999,2.1307330787871845
129.452,2.1298516736243727
129.453,2.1289675109928234
129.45400000000001,2.1280805966551744
129.45500000000001,2.1271909363822448
129.45599999999999,2.1262985359529845
129.45699999999999,2.1254034011544491
129.458,2.1245055377817672
129.459,2.1236049516380935
129.46000000000001,2.1227016485345831
129.46100000000001,2.1217956342903568
129.46199999999999,2.1208869147324583
129.46299999999999,2.1199754956958237
129.464,2.1190613830232432
129.465,2.118144582565332
129.46600000000001,2.117225100180486
129.46700000000001,2.1163029417348485
129.46799999999999,2.1153781131022811
129.46899999999999,2.114450620164317
129.47,2.1135204688101306
129.471,2.1125876649365041
129.47200000000001,2.1116522144477878
129.47300000000001,2.1107141232558604
129.47399999999999,2.1097733972801032
129.47499999999999,2.1088300424473529
129.476,2.1078840646918686
129.477,2.1069354699553031
129.47800000000001,2.1059842641866529
129.47899999999998,2.1050304533422324
129.47999999999999,2.1040740433856282
129.48099999999999,2.1031150402876775
129.482,2.1021534500264112
129.483,2.1011892785870314
129.48400000000001,2.1002225319618724
129.48500000000001,2.0992532161503594
129.48599999999999,2.0982813371589724
129.48699999999999,2.0973069010012146
129.488,2.0963299136975673
129.489,2.0953503812754586
129.49000000000001,2.0943683097692265
129.49099999999999,2.0933837052200754
129.49199999999999,2.0923965736760421
129.49299999999999,2.091406921191965
129.494,2.0904147538294358
129.495,2.089420077656766
129.49600000000001,2.0884228987489517
129.49700000000001,2.087423223187638
129.49799999999999,2.0864210570610724
129.499,2.0854164064640717
129.5,2.0844092774979925
129.501,2.0833996762706768
129.50200000000001,2.0823876088964268
129.50299999999999,2.0813730814959657
129.50399999999999,2.0803561001963926
129.505,2.0793366711311498
129.506,2.0783148004399878
129.50700000000001,2.0772904942689183
129.50800000000001,2.0762637587701835
129.50900000000001,2.0752346001022115
129.50999999999999,2.0742030244295884
129.511,2.0731690379230079
129.512,2.0721326467592371
129.51300000000001,2.071093857121086
129.51400000000001,2.0700526751973549
129.51499999999999,2.0690091071828038
129.51599999999999,2.067963159278118
129.517,2.0669148376898603
129.518,2.0658641486304354
129.51900000000001,2.0648110983180565
129.52000000000001,2.0637556929766987
129.52100000000002,2.0626979388360631
129.52199999999999,2.0616378421315424
129.523,2.0605754091041746
129.524,2.0595106460006072
129.52500000000001,2.0584435590730576
129.52600000000001,2.0573741545792807
129.52699999999999,2.0563024387825179
129.52799999999999,2.0552284179514633
129.529,2.0541520983602313
129.53,2.0530734862883055
129.53100000000001,2.0519925880205054
129.53200000000001,2.0509094098469514
129.53299999999999,2.0498239580630169
129.53399999999999,2.0487362389692909
129.535,2.0476462588715476
129.536,2.0465540240806939
