timestamp,signal
109,0.769547317093215
109.001,0.76682426821554395
109.002,0.76410261874751284
109.003,0.76138237739425851
109.004,0.758663552874832
109.005,0.7559461539220893
109.006,0.7532301892826101
109.00700000000001,0.75051566771659584
109.008,0.74780259799778159
109.009,0.74509098891333259
109.01000000000001,0.74238084926375691
109.011,0.73967218786280431
109.012,0.7369650135373691
109.01300000000001,0.73425933512739716
109.014,0.73155516148578226
109.015,0.72885250147827318
109.01600000000001,0.7261513639833741
109.017,0.72345175789223837
109.018,0.72075369210858287
109.01900000000001,0.71805717554857251
109.02,0.715362217140731
109.021,0.71266882582583424
109.02200000000001,0.70997701055680618
109.023,0.70728678029862713
109.024,0.70459814402822074
109.02500000000001,0.7019111107343543
109.026,0.69922568941753571
109.027,0.6965418890899111
109.02800000000001,0.69385971877515717
109.029,0.69117918750837815
109.03,0.68850030433600207
109.03100000000001,0.68582307831566736
109.032,0.68314751851612865
109.033,0.68047363401714067
109.03400000000001,0.67780143390935299
109.035,0.67513092729420343
109.036,0.67246212328381194
109.03700000000001,0.66979503100086646
109.038,0.66712965957851988
109.039,0.66446601816027639
109.04000000000001,0.66180411589988397
109.041,0.65914396196122205
109.042,0.65648556551819182
109.04300000000001,0.65382893575460654
109.044,0.65117408186407655
109.045,0.64852101304989995
109.04600000000001,0.64586973852494634
109.047,0.64322026751155104
109.048,0.64057260924139303
109.04900000000001,0.63792677295538702
109.05,0.63528276790356619
109.051,0.63264060334497074
109.05200000000001,0.63000028854752754
109.053,0.62736183278794178
109.054,0.62472524535157214
109.05500000000001,0.62209053553232296
109.056,0.61945771263252336
109.057,0.61682678596280871
109.05800000000001,0.61419776484200739
109.059,0.61157065859701731
109.06,0.60894547656269271
109.06100000000001,0.6063222280817242
109.062,0.60370092250451624
109.063,0.60108156918906808
109.06399999999999,0.59846417750086145
109.065,0.59584875681272909
109.066,0.59323531650474237
109.06699999999999,0.59062386596408523
109.068,0.58801441458493464
109.069,0.58540697176834033
109.06999999999999,0.58280154692209862
109.071,0.58019814946063253
109.072,0.57759678880487009
109.07299999999999,0.57499747438211601
109.074,0.57240021562593224
109.075,0.56980502197601313
109.07599999999999,0.56721190287805889
109.077,0.56462086778365439
109.078,0.56203192615013897
109.07899999999999,0.55944508744048616
109.08,0.55686036112317394
109.081,0.55427775667205958
109.08199999999999,0.55169728356625569
109.083,0.54911895128999699
109.084,0.54654276933252088
109.08499999999999,0.54396874718793242
109.086,0.5413968943550822
109.087,0.53882722033743358
109.08799999999999,0.53625973464294008
109.089,0.53369444678390554
109.09,0.53113136627686863
109.09099999999999,0.52857050264246208
109.092,0.52601186540528877
109.093,0.52345546409378851
109.09399999999999,0.52090130824011016
109.095,0.51834940737998014
109.096,0.51579977105256569
109.09699999999999,0.51325240880035405
109.098,0.51070733016900993
109.099,0.50816454470725025
109.09999999999999,0.50562406196670961
109.101,0.50308589150180794
109.102,0.50055004286961768
109.10299999999999,0.49801652562972709
109.104,0.49548534934411359
109.105,0.49295652357700392
109.10599999999999,0.49043005789474181
109.107,0.48790596186565516
109.108,0.48538424505991973
109.10899999999999,0.48286491704942369
109.11,0.4803479874076344
109.111,0.47783346570946028
109.11199999999999,0.4753213615311207
109.113,0.47281168445000121
109.114,0.47030444404452343
109.11499999999999,0.4677996498940078
109.116,0.46529731157853593
109.117,0.4627974386788134
109.11799999999999,0.46030004077603337
109.119,0.45780512745173851
109.12,0.455312708287682
109.121,0.45282279286569516
109.122,0.4503353907675387
109.123,0.44785051157477618
109.124,0.4453681648686274
109.125,0.44288836022983036
109.126,0.44041110723850796
109.127,0.43793641547402062
109.128,0.43546429451483348
109.129,0.43299475393837072
109.13,0.43052780332088059
109.131,0.42806345223729592
109.13200000000001,0.42560171026108318
109.133,0.42314258696411944
109.134,0.4206860919165365
109.13500000000001,0.41823223468658677
109.136,0.41578102484050206
109.137,0.41333247194234923
109.13800000000001,0.41088658555389257
109.139,0.40844337523445029
109.14,0.40600285054075069
109.14100000000001,0.40356502102679404
109.142,0.40112989624370865
109.143,0.39869748573960573
109.14400000000001,0.39626779905944209
109.145,0.39384084574487455
109.146,0.39141663533411686
109.14700000000001,0.38899517736179856
109.148,0.38657648135881795
109.149,0.38416055685220485
109.15000000000001,0.38174741336497098
109.151,0.37933706041597004
109.152,0.37692950751975607
109.15300000000001,0.37452476418643332
109.154,0.37212283992151685
109.155,0.36972374422578813
109.15600000000001,0.36732748659515035
109.157,0.36493407652048271
109.158,0.36254352348749874
109.15900000000001,0.36015583697659848
109.16,0.35777102646272763
109.161,0.35538910141523106
109.16200000000001,0.35301007129770445
109.163,0.35063394556785532
109.164,0.34826073367735555
109.16500000000001,0.34589044507169442
109.166,0.34352308919003605
109.167,0.34115867546507284
109.16800000000001,0.33879721332287982
109.169,0.33643871218276944
109.17,0.33408318145714766
109.17100000000001,0.3317306305513652
109.172,0.32938106886357499
109.173,0.32703450578458337
109.17400000000001,0.32469095069770937
109.175,0.32235041297863054
109.176,0.32001290199524535
109.17700000000001,0.31767842710752259
109.178,0.31534699766735796
109.179,0.31301862301842576
109.18000000000001,0.31069331249603227
109.181,0.30837107542697462
109.182,0.30605192112938884
109.18300000000001,0.30373585891260424
109.184,0.30142289807700351
109.185,0.29911304791386906
109.18600000000001,0.29680631770523958
109.187,0.29450271672376349
109.188,0.29220225423255552
109.18899999999999,0.28990493948504614
109.19,0.28761078172483723
109.191,0.28531979018555598
109.19199999999999,0.28303197409070835
109.193,0.28074734265353118
109.194,0.27846590507685232
109.19499999999999,0.27618767055293425
109.196,0.2739126482633365
109.197,0.27164084737876371
109.19799999999999,0.26937227705892486
109.199,0.2671069464523832
109.2,0.26484486469640922
109.20099999999999,0.26258604091683901
109.202,0.26033048422792415
109.203,0.25807820373219004
109.20399999999999,0.25582920852028179
109.205,0.25358350767082971
109.206,0.25134111025029338
109.20699999999999,0.24910202531282177
109.208,0.24686626190010408
109.209,0.24463382904122932
109.20999999999999,0.24240473575253452
109.211,0.24017899103746032
109.212,0.23795660388640938
109.21299999999999,0.23573758327659844
109.214,0.23352193817191269
109.215,0.23130967752276099
109.21599999999999,0.2291008102659311
109.217,0.22689534532444533
109.218,0.22469329160741358
109.21899999999999,0.22249465800988855
109.22,0.22029945341272406
109.221,0.21810768668242986
109.22199999999999,0.21591936667102329
109.223,0.21373450221588719
109.224,0.21155310213962775
109.22499999999999,0.2093751752499271
109.226,0.20720073033940078
109.227,0.20502977618545515
109.22799999999999,0.20286232155014217
109.229,0.20069837518001199
109.23,0.19853794580597883
109.23099999999999,0.19638104214316865
109.232,0.19422767289078102
109.233,0.19207784673194439
109.23399999999999,0.18993157233357127
109.235,0.18778885834622105
109.236,0.18564971340395253
109.23699999999999,0.18351414612418093
109.238,0.18138216510754024
109.239,0.17925377893773975
109.23999999999999,0.1771289961814162
109.241,0.17500782538800275
109.242,0.17289027508957799
109.24299999999999,0.1707763538007292
109.244,0.16866607001840972
109.245,0.16655943222180225
109.246,0.16445644887216693
109.247,0.16235712841271521
109.248,0.16026147926846113
109.249,0.15816950984607914
109.25,0.1560812285337736
109.251,0.15399664370112776
109.252,0.15191576369897097
109.253,0.1498385968592415
109.254,0.14776515149483949
109.255,0.14569543589949641
109.256,0.14362945834762986
109.25700000000001,0.14156722709420988
109.258,0.13950875037461952
109.259,0.13745403640451626
109.26000000000001,0.13540309337969436
109.261,0.13335592947594721
109.262,0.13131255284893406
109.26300000000001,0.12927297163403439
109.264,0.12723719394622313
109.265,0.12520522787992538
109.26600000000001,0.12317708150888285
109.267,0.12115276288601828
109.268,0.11913228004330056
109.26900000000001,0.1171156409916092
109.27,0.11510285372059803
109.271,0.11309392619856418
109.27200000000001,0.11108886637230775
109.273,0.10908768216700171
109.274,0.10709038148606265
109.27500000000001,0.10509697221100422
109.276,0.10310746220131772
109.277,0.10112185929432993
109.27800000000001,0.099140171305077462
109.279,0.097162406026168213
109.28,0.095188571227652119
109.28100000000001,0.093218674656891487
109.282,0.09125272403842688
109.283,0.089290727073848331
109.28400000000001,0.087332691441659449
109.285,0.085378624797157077
109.286,0.083428534772290064
109.28700000000001,0.081482428975539367
109.288,0.079540314991780381
109.289,0.077602200382159925
109.29000000000001,0.075668092683964794
109.291,0.073737999410496968
109.292,0.071811928050939056
109.29300000000001,0.069889886070233054
109.294,0.067971880908951565
109.295,0.066057919983167679
109.29600000000001,0.064148010684334622
109.297,0.062242160379155642
109.298,0.060340376409456109
109.29900000000001,0.058442666092063167
109.3,0.056549036718679613
109.301,0.054659495555755555
109.30200000000001,0.05277404984437073
109.303,0.050892706800104826
109.304,0.049015473612916693
109.30500000000001,0.047142357447021332
109.306,0.04527336544076821
109.307,0.043408504706516915
109.30800000000001,0.041547782330517702
109.309,0.039691205372785809
109.31,0.037838780866988664
109.31100000000001,0.035990515820316649
109.312,0.034146417213367641
109.313,0.032306492000027998
109.31399999999999,0.030470747107349094
109.315,0.028639189435434087
109.316,0.026811825857315341
109.31699999999999,0.024988663218837193
109.318,0.023169708338541373
109.319,0.021354968007543995
109.31999999999999,0.019544448989426755
109.321,0.017738158020115691
109.322,0.015936101807761283
109.32299999999999,0.01413828703263853
109.324,0.012344720347011062
109.325,0.010555408375034769
109.32599999999999,0.008770357712635235
109.327,0.0069895749273944929
109.328,0.0052130665584408931
109.32899999999999,0.0034408391163358587
109.33,0.0016728990829584234
109.331,-9.0747088600462433e-05
109.33199999999999,-0.0018500929741516181
109.333,-0.0036051321785208756
109.334,-0.005355858335655217
109.33499999999999,-0.0071022651087329081
109.336,-0.0088443461902771858
109.337,-0.010582095302257954
109.33799999999999,-0.01231550619620192
109.339,-0.014044572653305831
109.34,-0.015769288484535515
109.34099999999999,-0.017489647530736896
109.342,-0.019205643662743022
109.343,-0.020917270781473984
109.34399999999999,-0.022624522818049275
109.345,-0.024327393733888147
109.346,-0.02602587752081309
109.34699999999999,-0.027719968201155076
109.348,-0.029409659827855705
109.349,-0.031094946484572006
109.34999999999999,-0.032775822285772804
109.351,-0.034452281376844418
109.352,-0.036124317934194572
109.35299999999999,-0.037791926165342549
109.354,-0.039455100309029767
109.355,-0.041113834635309932
109.35599999999999,-0.042768123445656059
109.357,-0.044417961073053736
109.358,-0.046063341882098374
109.35899999999999,-0.047704260269091581
109.36,-0.049340710662143294
109.361,-0.050972687521264159
109.36199999999999,-0.052600185338455674
109.363,-0.054223198637810555
109.364,-0.055841721975610437
109.36499999999999,-0.057455749940411582
109.366,-0.059065277153143025
109.367,-0.0606702982671945
109.36799999999999,-0.062270807968514585
109.369,-0.063866800975697746
109.37,-0.065458272040076704
109.371,-0.067045215945810366
109.372,-0.068627627509975753
109.373,-0.070205501582655039
109.374,-0.071778833047029256
109.375,-0.07334761681945734
109.376,-0.074911847849568503
109.377,-0.076471521120351049
109.378,-0.078026631648232314
109.379,-0.079577174483169699
109.38,-0.081123144708731942
109.381,-0.082664537442184827
109.38200000000001,-0.084201347834572893
109.383,-0.085733571070807812
109.384,-0.087261202369740776
109.38500000000001,-0.088784236984256193
109.386,-0.090302670201343638
109.387,-0.091816497342180003
109.38800000000001,-0.0933257137622161
109.389,-0.094830314851246822
109.39,-0.096330296033494189
109.39100000000001,-0.097825652767685956
109.392,-0.099316380547130656
109.393,-0.10080247489979843
109.39400000000001,-0.10228393138838676
109.395,-0.10376074561041371
109.396,-0.10523291319827521
109.39700000000001,-0.1067004298193277
109.398,-0.10816329117596535
109.399,-0.10962149300568091
109.40000000000001,-0.1110750310811488
109.401,-0.11252390121029343
109.402,-0.11396809923635853
109.40300000000001,-0.11540762103797952
109.404,-0.11684246252925146
109.405,-0.11827261965980007
109.40600000000001,-0.11969808841484886
109.407,-0.12111886481528433
109.408,-0.12253494491773109
109.40900000000001,-0.12394632481460732
109.41,-0.12535300063419763
109.411,-0.12675496854071655
109.41200000000001,-0.12815222473437116
109.413,-0.12954476545143034
109.414,-0.13093258696428034
109.41500000000001,-0.13231568558148865
109.416,-0.13369405764787068
109.417,-0.13506769954454789
109.41800000000001,-0.13643660768900867
109.419,-0.13780077853516071
109.42,-0.13916020857340383
109.42100000000001,-0.14051489433067799
109.422,-0.14186483237052272
109.423,-0.14321001929313537
109.42400000000001,-0.1445504517354288
109.425,-0.14588612637108334
109.426,-0.14721703991060497
109.42700000000001,-0.14854318910137509
109.428,-0.14986457072771042
109.429,-0.15118118161090965
109.43000000000001,-0.15249301860930986
109.431,-0.15380007861833267
109.432,-0.15510235857054466
109.43300000000001,-0.15639985543569468
109.434,-0.15769256622077421
109.435,-0.15898048797005693
109.43600000000001,-0.16026361776515374
109.437,-0.16154195272505767
109.438,-0.16281549000618822
109.43899999999999,-0.16408422680244117
109.44,-0.16534816034522581
109.441,-0.16660728790352186
109.44199999999999,-0.16786160678391093
109.443,-0.16911111433062587
109.444,-0.17035580792559335
109.44499999999999,-0.17159568498846989
109.446,-0.17283074297669199
109.447,-0.17406097938550502
109.44799999999999,-0.17528639174800986
109.449,-0.17650697763520284
109.45,-0.1777227346560073
109.45099999999999,-0.17893366045731574
109.452,-0.18013975272402538
109.453,-0.18134100917907103
109.45399999999999,-0.18253742758346547
109.455,-0.18372900573632789
109.456,-0.1849157414749234
109.45699999999999,-0.18609763267469193
109.458,-0.18727467724927971
109.459,-0.18844687315057396
109.45999999999999,-0.18961421836873171
109.461,-0.19077671093221049
109.462,-0.19193434890779715
109.46299999999999,-0.19308713040063408
109.464,-0.19423505355425297
109.465,-0.19537811655059567
109.46599999999999,-0.19651631761004662
109.467,-0.19764965499144882
109.468,-0.19877812699213937
109.46899999999999,-0.19990173194797034
109.47,-0.20102046823332653
109.471,-0.20213433426115435
109.47199999999999,-0.20324332848298177
109.473,-0.20434744938894234
109.474,-0.20544669550778805
109.47499999999999,-0.20654106540691863
109.476,-0.20763055769239047
109.477,-0.20871517100894765
109.47799999999999,-0.20979490404002554
109.479,-0.21086975550777654
109.48,-0.2119397241730856
109.48099999999999,-0.2130048088355796
109.482,-0.21406500833364994
109.483,-0.21512032154446059
109.48399999999999,-0.21617074738396225
109.485,-0.21721628480690791
109.486,-0.21825693280685998
109.48699999999999,-0.21929269041620136
109.488,-0.22032355670615189
109.489,-0.22134953078677055
109.48999999999999,-0.2223706118069666
109.491,-0.22338679895450886
109.492,-0.22439809145603062
109.49299999999999,-0.22540448857703765
109.494,-0.22640598962191216
109.495,-0.22740259393392215
109.496,-0.22839430089521873
109.497,-0.22938110992684591
109.498,-0.23036302048874013
109.499,-0.23134003207972986
109.5,-0.23231214423754398
109.501,-0.23327935653880472
109.502,-0.23424166859903384
109.503,-0.23519908007264601
109.504,-0.23615159065294922
109.505,-0.23709920007214658
109.506,-0.23804190810132342
109.50700000000001,-0.23897971455045486
109.508,-0.23991261926839158
109.509,-0.2408406221428594
109.51000000000001,-0.24176372310045124
109.511,-0.24268192210662187
109.512,-0.2435952191656785
109.51300000000001,-0.24450361432077594
109.514,-0.2454071076538975
109.515,-0.24630569928586121
109.51600000000001,-0.24719938937629315
109.517,-0.24808817812362749
109.518,-0.24897206576508912
109.51900000000001,-0.24985105257667906
109.52,-0.25072513887316861
109.521,-0.25159432500807721
109.52200000000001,-0.25245861137365821
109.523,-0.25331799840088998
109.524,-0.25417248655944924
109.52500000000001,-0.25502207635770757
109.526,-0.25586676834269539
109.527,-0.25670656310009976
109.52800000000001,-0.25754146125423194
109.529,-0.25837146346802031
109.53,-0.25919657044297928
109.53100000000001,-0.26001678291919061
109.532,-0.26083210167527993
109.533,-0.26164252752839889
109.53400000000001,-0.26244806133419418
109.535,-0.26324870398678879
109.536,-0.26404445641875052
109.53700000000001,-0.26483531960107554
109.538,-0.26562129454314976
109.539,-0.26640238229273105
109.54000000000001,-0.26717858393591731
109.541,-0.26794990059711488
109.542,-0.26871633343901591
109.54300000000001,-0.26947788366255976
109.544,-0.27023455250690676
109.545,-0.27098634124940979
109.54600000000001,-0.27173325120557124
109.547,-0.27247528372902075
109.548,-0.27321244021147484
109.54900000000001,-0.2739447220827036
109.55,-0.27467213081049602
109.551,-0.27539466790062539
109.55200000000001,-0.27611233489680798
109.553,-0.27682513338066883
109.554,-0.27753306497170493
109.55500000000001,-0.27823613132724345
109.556,-0.27893433414239821
109.557,-0.27962767515004217
109.55800000000001,-0.28031615612075322
109.559,-0.28099977886277383
109.56,-0.28167854522198166
109.56100000000001,-0.28235245708182921
109.562,-0.28302151636330786
109.563,-0.28368572502490919
109.56399999999999,-0.28434508506256595
109.565,-0.2849995985096152
109.566,-0.28564926743675434
109.56699999999999,-0.2862940939519838
109.568,-0.28693408020056932
109.569,-0.28756922836498378
109.56999999999999,-0.28819954066486586
109.571,-0.28882501935696547
109.572,-0.28944566673509176
109.57299999999999,-0.29006148513006513
109.574,-0.29067247690966536
109.575,-0.29127864447857332
109.57599999999999,-0.29187999027832356
109.577,-0.29247651678724562
109.578,-0.29306822652040987
109.57899999999999,-0.29365512202957955
109.58,-0.2942372059031384
109.581,-0.2948144807660471
109.58199999999999,-0.29538694927978382
109.583,-0.29595461414227886
109.584,-0.29651747808786677
109.58499999999999,-0.29707554388721258
109.586,-0.29762881434726651
109.587,-0.29817729231118983
109.58799999999999,-0.29872098065830244
109.589,-0.2992598823040149
109.59,-0.29979400019977032
109.59099999999999,-0.30032333733297323
109.592,-0.30084789672693857
109.593,-0.30136768144080861
109.59399999999999,-0.30188269456950234
109.595,-0.30239293924364086
109.596,-0.30289841862948741
109.59699999999999,-0.30339913592887102
109.598,-0.30389509437912698
109.599,-0.30438629725302091
109.59999999999999,-0.30487274785868435
109.601,-0.30535444953954149
109.602,-0.3058314056742395
109.60299999999999,-0.30630361967657782
109.604,-0.30677109499543409
109.605,-0.30723383511469349
109.60599999999999,-0.30769184355317503
109.607,-0.30814512386455739
109.608,-0.30859367963730078
109.60899999999999,-0.30903751449457939
109.61,-0.3094766320941984
109.611,-0.30991103612852244
109.61199999999999,-0.31034073032439435
109.613,-0.31076571844305878
109.614,-0.31118600428008847
109.61499999999999,-0.31160159166529722
109.616,-0.31201248446266838
109.617,-0.31241868657026695
109.61799999999999,-0.31282020192016535
109.619,-0.31321703447835958
109.62,-0.31360918824468298
109.621,-0.31399666725273567
109.622,-0.3143794755697864
109.623,-0.31475761729669882
109.624,-0.31513109656784444
109.625,-0.31549991755101514
109.626,-0.31586408444734237
109.627,-0.31622360149121009
109.628,-0.31657847295016062
109.629,-0.31692870312481958
109.63,-0.31727429634879867
109.631,-0.31761525698860904
109.63200000000001,-0.31795158944357693
109.633,-0.31828329814574863
109.634,-0.31861038755980209
109.63500000000001,-0.3189328621829568
109.636,-0.31925072654488185
109.637,-0.31956398520760487
109.63800000000001,-0.31987264276541749
109.639,-0.3201767038447878
109.64,-0.32047617310425691
109.64100000000001,-0.32077105523435456
109.642,-0.32106135495750232
109.643,-0.32134707702791099
109.64400000000001,-0.32162822623149667
109.645,-0.32190480738577465
109.646,-0.32217682533976744
109.64700000000001,-0.32244428497390709
109.648,-0.32270719119993752
109.649,-0.3229655489608092
109.65000000000001,-0.32321936323059353
109.651,-0.32346863901437128
109.652,-0.32371338134813676
109.65300000000001,-0.32395359529870182
109.654,-0.32418928596358487
109.655,-0.32442045847092027
109.65600000000001,-0.32464711797934642
109.657,-0.32486926967791119
109.658,-0.32508691878596352
109.65900000000001,-0.32530007055305177
109.66,-0.32550873025881666
109.661,-0.32571290321289581
109.66200000000001,-0.32591259475480561
109.663,-0.32610781025384439
109.664,-0.3262985551089832
109.66500000000001,-0.32648483474876233
109.666,-0.32666665463117761
109.667,-0.32684402024358095
109.66800000000001,-0.32701693710256396
109.669,-0.32718541075385854
109.67,-0.32734944677221955
109.67100000000001,-0.32750905076131831
109.672,-0.32766422835363596
109.673,-0.32781498521034624
109.67400000000001,-0.32796132702121161
109.675,-0.32810325950446728
109.676,-0.32824078840670712
109.67700000000001,-0.32837391950278327
109.678,-0.32850265859567651
109.679,-0.32862701151639584
109.68000000000001,-0.32874698412385772
109.681,-0.32886258230477994
109.682,-0.32897381197355546
109.68300000000001,-0.32908067907214855
109.684,-0.32918318956997084
109.685,-0.32928134946377341
109.68600000000001,-0.32937516477752071
109.687,-0.32946464156228528
109.688,-0.32954978589612116
109.68899999999999,-0.32963060388395027
109.69,-0.32970710165744599
109.691,-0.32977928537491019
109.69199999999999,-0.32984716122115909
109.693,-0.32991073540739979
109.694,-0.32997001417111393
109.69499999999999,-0.33002500377593691
109.696,-0.33007571051153795
109.697,-0.33012214069349577
109.69799999999999,-0.33016430066318048
109.699,-0.33020219678763496
109.7,-0.33023583545944168
109.70099999999999,-0.33026522309661477
109.702,-0.33029036614246809
109.703,-0.33031127106549674
109.70399999999999,-0.3303279443592424
109.705,-0.33034039254218817
109.706,-0.33034862215762129
109.70699999999999,-0.3303526397735066
109.708,-0.33035245198237151
109.709,-0.33034806540117323
109.70999999999999,-0.33033948667117663
109.711,-0.33032672245782591
109.712,-0.33030977945061579
109.71299999999999,-0.33028866436297522
109.714,-0.33026338393212296
109.715,-0.3302339449189593
109.71599999999999,-0.33020035410792481
109.717,-0.3301626183068751
109.718,-0.33012074434695693
109.71899999999999,-0.33007473908246876
109.72,-0.33002460939075151
109.721,-0.32997036217203224
109.72199999999999,-0.32991200434931933
109.723,-0.32984954286825641
109.724,-0.32978298469699663
109.72499999999999,-0.32971233682607481
109.726,-0.32963760626827154
109.727,-0.32955880005849059
109.72799999999999,-0.32947592525360969
109.729,-0.32938898893236956
109.73,-0.32929799819522687
109.73099999999999,-0.32920296016423034
109.732,-0.32910388198288132
109.733,-0.32900077081600587
109.73399999999999,-0.32889363384961623
109.735,-0.32878247829078422
109.736,-0.32866731136750094
109.73699999999999,-0.32854814032854485
109.738,-0.32842497244334812
109.739,-0.32829781500186117
109.73999999999999,-0.32816667531441723
109.741,-0.32803156071159512
109.742,-0.32789247854409176
109.74299999999999,-0.32774943618257746
109.744,-0.32760244101756175
109.745,-0.32745150045926064
109.746,-0.32729662193745801
109.747,-0.32713781290136712
109.748,-0.3269750808195
109.749,-0.32680843317952002
109.75,-0.32663787748811268
109.751,-0.32646342127084571
109.752,-0.32628507207203272
109.753,-0.32610283745459023
109.754,-0.32591672499990221
109.755,-0.32572674230768417
109.756,-0.32553289699584109
109.75700000000001,-0.32533519670032973
109.758,-0.32513364907501918
109.759,-0.32492826179154877
109.76000000000001,-0.32471904253919748
109.761,-0.32450599902473209
109.762,-0.32428913897227751
109.76300000000001,-0.32406847012316797
109.764,-0.32384400023581561
109.765,-0.32361573708556479
109.76600000000001,-0.32338368846455046
109.767,-0.32314786218156044
109.768,-0.32290826606189427
109.76900000000001,-0.32266490794721658
109.77,-0.32241779569542706
109.771,-0.32216693718050582
109.77200000000001,-0.32191234029238425
109.773,-0.32165401293679263
109.774,-0.32139196303512341
109.77500000000001,-0.32112619852429036
109.776,-0.32085672735658344
109.777,-0.32058355749952749
109.77800000000001,-0.3203066969357411
109.779,-0.32002615366279086
109.78,-0.31974193569305287
109.78100000000001,-0.31945405105356617
109.782,-0.31916250778588973
109.783,-0.31886731394596568
109.78400000000001,-0.31856847760396434
109.785,-0.3182660068441554
109.786,-0.31795990976475208
109.78700000000001,-0.31765019447777298
109.788,-0.31733686910889958
109.789,-0.31701994179732917
109.79000000000001,-0.31669942069563461
109.791,-0.31637531396961638
109.792,-0.31604762979816448
109.79300000000001,-0.31571637637310612
109.794,-0.31538156189906807
109.795,-0.31504319459333274
109.79600000000001,-0.3147012826856872
109.797,-0.31435583441828729
109.798,-0.31400685804550532
109.79900000000001,-0.31365436183379369
109.8,-0.31329835406153084
109.801,-0.31293884301888708
109.80200000000001,-0.31257583700767055
109.803,-0.31220934434118774
109.804,-0.31183937334409784
109.80500000000001,-0.31146593235226705
109.806,-0.31108902971262431
109.807,-0.31070867378301692
109.80800000000001,-0.31032487293206223
109.809,-0.30993763553900955
109.81,-0.30954696999358688
109.81100000000001,-0.30915288469586333
109.812,-0.30875538805609981
109.813,-0.30835448849460301
109.81399999999999,-0.30795019444158322
109.815,-0.30754251433700963
109.816,-0.30713145663046237
109.81699999999999,-0.30671702978098825
109.818,-0.30629924225695815
109.819,-0.30587810253591874
109.81999999999999,-0.30545361910444679
109.821,-0.3050258004580102
109.822,-0.30459465510081607
109.82299999999999,-0.30416019154566776
109.824,-0.30372241831382141
109.825,-0.30328134393484074
109.82599999999999,-0.30283697694644651
109.827,-0.30238932589438283
109.828,-0.30193839933225997
109.82899999999999,-0.30148420582141755
109.83,-0.30102675393077805
109.831,-0.30056605223669886
109.83199999999999,-0.30010210932283066
109.833,-0.29963493377997086
109.834,-0.29916453420592148
109.83499999999999,-0.29869091920534219
109.836,-0.29821409738960414
109.837,-0.29773407737665236
109.83799999999999,-0.2972508677908503
109.839,-0.29676447726284794
109.84,-0.29627491442942722
109.84099999999999,-0.29578218793336175
109.842,-0.29528630642327602
109.843,-0.29478727855349529
109.84399999999999,-0.29428511298390481
109.845,-0.29377981837980416
109.846,-0.29327140341176694
109.84699999999999,-0.29275987675549509
109.848,-0.29224524709166966
109.849,-0.29172752310581984
109.84999999999999,-0.29120671348816618
109.851,-0.29068282693348557
109.852,-0.29015587214096472
109.85299999999999,-0.28962585781406025
109.854,-0.2890927926603486
109.855,-0.28855668539139234
109.85599999999999,-0.288017544722591
109.857,-0.28747537937304113
109.858,-0.28693019806539066
109.85899999999999,-0.28638200952569992
109.86,-0.28583082248329994
109.861,-0.28527664567064592
109.86199999999999,-0.28471948782317957
109.863,-0.2841593576791821
109.864,-0.28359626397964188
109.86499999999999,-0.28303021546810214
109.866,-0.28246122089052506
109.867,-0.28188928899515009
109.86799999999999,-0.28131442853235367
109.869,-0.28073664825450484
109.87,-0.28015595691582762
109.871,-0.27957236327225932
109.872,-0.27898587608130976
109.873,-0.27839650410192363
109.874,-0.2778042560943339
109.875,-0.27720914081992865
109.876,-0.27661116704110933
109.877,-0.27601034352114739
109.878,-0.27540667902405103
109.879,-0.27480018231442349
109.88,-0.27419086215731792
109.881,-0.27357872731811117
109.88200000000001,-0.27296378656235332
109.883,-0.27234604865563794
109.884,-0.27172552236345338
109.88500000000001,-0.27110221645105792
109.886,-0.27047613968333284
109.887,-0.26984730082464647
109.88800000000001,-0.2692157086387188
109.889,-0.26858137188848064
109.89,-0.26794429933594222
109.89100000000001,-0.26730449974205062
109.892,-0.26666198186655876
109.893,-0.26601675446788375
109.89400000000001,-0.26536882630297409
109.895,-0.26471820612717289
109.896,-0.264064902694082
109.89700000000001,-0.26340892475542965
109.898,-0.26275028106093012
109.899,-0.26208898035815098
109.90000000000001,-0.26142503139238116
109.901,-0.26075844290649419
109.902,-0.26008922364081188
109.90300000000001,-0.25941738233297729
109.904,-0.25874292771781038
109.905,-0.25806586852718683
109.90600000000001,-0.25738621348989588
109.907,-0.25670397133151157
109.908,-0.25601915077425907
109.90900000000001,-0.25533176053688278
109.91,-0.25464180933451352
109.911,-0.25394930587853892
109.91200000000001,-0.25325425887646791
109.913,-0.25255667703180373
109.914,-0.25185656904391163
109.91500000000001,-0.25115394360788601
109.916,-0.25044880941442482
109.917,-0.24974117514969318
109.91800000000001,-0.24903104949520083
109.919,-0.24831844112766532
109.92,-0.24760335871889083
109.92100000000001,-0.24688581093563089
109.922,-0.2461658064394654
109.923,-0.24544335388667093
109.92400000000001,-0.24471846192809421
109.925,-0.24399113920902105
109.926,-0.24326139436905203
109.92700000000001,-0.24252923604197285
109.928,-0.2417946728556335
109.929,-0.24105771343181148
109.93000000000001,-0.24031836638609638
109.931,-0.23957664032775927
109.932,-0.23883254385962704
109.93300000000001,-0.23808608557795718
109.934,-0.23733727407231564
109.935,-0.23658611792544937
109.93600000000001,-0.23583262571316332
109.937,-0.23507680600419922
109.938,-0.23431866736010853
109.93899999999999,-0.23355821833512991
109.94,-0.2327954674760675
109.941,-0.2320304233221715
109.94199999999999,-0.23126309440500936
109.943,-0.23049348924835078
109.944,-0.22972161636804289
109.94499999999999,-0.2289474842718886
109.946,-0.22817110145952935
109.947,-0.2273924764223203
109.94799999999999,-0.22661161764321802
109.949,-0.22582853359665123
109.95,-0.22504323274840887
109.95099999999999,-0.22425572355551893
109.952,-0.22346601446612935
109.953,-0.22267411391939218
109.95399999999999,-0.22188003034534498
109.955,-0.2210837721647918
109.956,-0.22028534778918729
109.95699999999999,-0.21948476562052344
109.958,-0.21868203405120745
109.959,-0.21787716146395208
109.95999999999999,-0.21707015623165571
109.961,-0.21626102671728997
109.962,-0.21544978127378389
109.96299999999999,-0.21463642824391016
109.964,-0.21382097596017235
109.965,-0.2130034327446908
109.96599999999999,-0.212183806909088
109.967,-0.21136210675438072
109.968,-0.21053834057085874
109.96899999999999,-0.20971251663798585
109.97,-0.20888464322427813
109.971,-0.20805472858719654
109.97199999999999,-0.20722278097303848
109.973,-0.20638880861682329
109.974,-0.2055528197421852
109.97499999999999,-0.20471482256126627
109.976,-0.20387482527460232
109.977,-0.20303283607101852
109.97799999999999,-0.2021888631275206
109.979,-0.20134291460918519
109.98,-0.20049499866905451
109.98099999999999,-0.1996451234480312
109.982,-0.19879329707476678
109.983,-0.19793952766556266
109.98399999999999,-0.19708382332426
109.985,-0.19622619214213577
109.986,-0.19536664219779576
109.98699999999999,-0.19450518155707774
109.988,-0.19364181827294003
109.989,-0.19277656038535884
109.98999999999999,-0.19190941592123512
109.991,-0.1910403928942781
109.992,-0.19016949930491345
109.99299999999999,-0.18929674314017753
109.994,-0.18842213237361527
109.995,-0.18754567496518826
109.996,-0.18666737886116103
109.997,-0.18578725199401225
109.998,-0.18490530228232815
109.999,-0.18402153763071372
110,-0.18313596592968162
110.001,-0.18224859505556612
110.002,-0.18135943287041201
110.003,-0.18046848722189734
110.004,-0.17957576594321756
110.005,-0.17868127685300017
110.006,-0.17778502775520577
110.00700000000001,-0.17688702643903609
110.008,-0.17598728067883451
110.009,-0.17508579823399861
110.01000000000001,-0.17418258684887755
110.011,-0.17327765425268771
110.012,-0.17237100815941719
110.01300000000001,-0.17146265626772861
110.014,-0.17055260626087509
110.015,-0.16964086580660398
110.01600000000001,-0.16872744255706795
110.017,-0.16781234414873403
110.018,-0.16689557820229473
110.01900000000001,-0.16597715232257881
110.02,-0.16505707409846027
110.021,-0.16413535110276944
110.02200000000001,-0.16321199089221583
110.023,-0.16228700100728144
110.024,-0.1613603889721511
110.02500000000001,-0.16043216229461965
110.026,-0.15950232846600132
110.027,-0.1585708949610547
110.02800000000001,-0.15763786923788947
110.029,-0.15670325873788338
110.03,-0.15576707088560449
110.03100000000001,-0.15482931308871839
110.032,-0.15388999273791093
110.033,-0.15294911720680648
110.03400000000001,-0.15200669385188492
110.035,-0.15106273001239501
110.036,-0.15011723301028423
110.03700000000001,-0.14917021015010778
110.038,-0.1482216687189597
110.039,-0.14727161598637739
110.04000000000001,-0.14632005920428082
110.041,-0.14536700560688409
110.042,-0.14441246241061512
110.04300000000001,-0.14345643681404763
110.044,-0.14249893599781949
110.045,-0.14153996712455141
110.04600000000001,-0.14057953733877993
110.047,-0.13961765376687785
110.048,-0.13865432351697837
110.04900000000001,-0.13768955367890356
110.05,-0.13672335132408886
110.051,-0.13575572350551068
110.05200000000001,-0.13478667725761406
110.053,-0.13381621959623846
110.054,-0.13284435751854806
110.05500000000001,-0.13187109800296204
110.056,-0.13089644800907907
110.057,-0.12992041447761249
110.05800000000001,-0.12894300433031658
110.059,-0.12796422446992306
110.06,-0.12698408178006648
110.06100000000001,-0.12600258312521806
110.062,-0.12501973535062083
110.063,-0.12403554528222038
110.06399999999999,-0.1230500197265969
110.065,-0.12206316547090656
110.066,-0.12107498928280425
110.06699999999999,-0.12008549791039203
110.068,-0.11909469808214368
110.069,-0.11810259650684873
110.06999999999999,-0.11710919987354362
110.071,-0.11611451485145396
110.072,-0.11511854808992705
110.07299999999999,-0.11412130621837902
110.074,-0.11312279584621976
110.075,-0.11212302356280857
110.07599999999999,-0.11112199593738081
110.077,-0.11011971951899513
110.078,-0.10911620083647566
110.07899999999999,-0.10811144639834946
110.08,-0.10710546269278787
110.081,-0.10609825618755764
110.08199999999999,-0.10508983332995214
110.083,-0.10408020054674472
110.084,-0.10306936424413049
110.08499999999999,-0.1020573308076651
110.086,-0.10104410660222118
110.087,-0.10002969797192574
110.08799999999999,-0.099014111240105063
110.089,-0.097997352709246144
110.09,-0.096979428660922018
110.09099999999999,-0.095960345355760701
110.092,-0.094940109033379461
110.093,-0.093918725912343071
110.09399999999999,-0.092896202190106525
110.095,-0.091872544042972404
110.096,-0.090847757626032255
110.09699999999999,-0.089821849073130622
110.098,-0.088794824496802871
110.099,-0.087766689988239222
110.09999999999999,-0.086737451617231898
110.101,-0.085707115432128944
110.102,-0.084675687459790261
110.10299999999999,-0.08364317370554053
110.104,-0.082609580153124362
110.105,-0.081574912764664997
110.10599999999999,-0.080539177480614121
110.107,-0.079502380219715452
110.108,-0.078464526878958996
110.10899999999999,-0.077425623333539306
110.11,-0.076385675436813294
110.111,-0.075344689020258038
110.11199999999999,-0.074302669893435702
110.113,-0.073259623843946464
110.114,-0.072215556637393874
110.11499999999999,-0.071170474017344887
110.116,-0.070124381705291672
110.117,-0.069077285400609423
110.11799999999999,-0.068029190780531046
110.119,-0.066980103500095201
110.12,-0.065930029192120543
110.121,-0.064878973467167977
110.122,-0.063826941913503354
110.123,-0.062773940097065051
110.124,-0.061719973561429775
110.125,-0.060665047827779706
110.126,-0.059609168394866963
110.127,-0.058552340738983411
110.128,-0.05749457031393046
110.129,-0.056435862550983096
110.13,-0.055376222858865898
110.131,-0.054315656623717068
110.13200000000001,-0.053254169209059565
110.133,-0.052191765955774461
110.134,-0.051128452182076511
110.13500000000001,-0.050064233183472417
110.136,-0.048999114232747942
110.137,-0.047933100579934607
110.13800000000001,-0.04686619745228171
110.139,-0.045798410054235905
110.14,-0.044729743567410551
110.14100000000001,-0.043660203150566179
110.142,-0.042589793939581178
110.143,-0.041518521047429591
110.14400000000001,-0.040446389564166463
110.145,-0.039373404556886982
110.146,-0.03829957106972337
110.14700000000001,-0.037224894123813357
110.148,-0.036149378717282854
110.149,-0.035073029825221091
110.15000000000001,-0.033995852399668625
110.151,-0.032917851369587137
110.152,-0.031839031640854554
110.15300000000001,-0.030759398096232626
110.154,-0.029678955595359824
110.155,-0.028597708974730462
110.15600000000001,-0.027515663047675165
110.157,-0.026432822604350203
110.158,-0.025349192411720622
110.15900000000001,-0.024264777213540256
110.16,-0.023179581730341958
110.161,-0.022093610659428276
110.16200000000001,-0.021006868674844803
110.163,-0.019919360427381516
110.164,-0.018831090544551454
110.16500000000001,-0.017742063630580507
110.166,-0.016652284266402528
110.167,-0.015561757009637134
110.16800000000001,-0.014470486394590143
110.169,-0.013378476932239369
110.17,-0.01228573311022485
110.17100000000001,-0.011192259392841297
110.172,-0.010098060221032323
110.173,-0.0090031400123757876
110.17400000000001,-0.0079075031610882363
110.175,-0.0068111540380066948
110.176,-0.0057140969905895567
110.17700000000001,-0.0046163363429134741
110.178,-0.003517876395656927
110.179,-0.0024187214261113255
110.18000000000001,-0.0013188756881641339
110.181,-0.0002183434123046446
110.182,0.00088287119438623662
110.18300000000001,0.0019847639482319934
110.184,0.0030873306889658281
110.185,0.0041905672797288851
110.18600000000001,0.0052944696070769126
110.187,0.0063990335809709364
110.188,0.0075042551347870301
110.18899999999999,0.0086101302253118739
110.19,0.009716654832733429
110.191,0.010823824960651152
110.19199999999999,0.011931636636068443
110.193,0.01304008590938821
110.194,0.014149168854411531
110.19499999999999,0.015258881568331883
110.196,0.016369220171732479
110.197,0.017480180808582269
110.19799999999999,0.018591759646223949
110.199,0.019703952875377961
110.2,0.02081675671012917
110.20099999999999,0.021930167387919752
110.202,0.023044181169546096
110.203,0.024158794339144585
110.20399999999999,0.025274003204191153
110.205,0.026389804095482639
110.206,0.027506193367135445
110.20699999999999,0.028623167396571336
110.208,0.029740722584508106
110.209,0.030858855354948034
110.20999999999999,0.031977562155165451
110.211,0.033096839455696969
110.212,0.03421668375032505
110.21299999999999,0.035337091556074451
110.214,0.036458059413181143
110.215,0.03757958388509941
110.21599999999999,0.038701661558471656
110.217,0.0398242890431173
110.218,0.040947462972019899
110.21899999999999,0.042071180001312047
110.22,0.043195436810252286
110.221,0.044320230101216218
110.22199999999999,0.0454455565996712
110.223,0.04657141305416701
110.224,0.047697796236307877
110.22499999999999,0.048824702940741815
110.226,0.049952129985134874
110.227,0.051080074210157367
110.22799999999999,0.052208532479456338
110.229,0.053337501679642685
110.23,0.054466978720260073
110.23099999999999,0.05559696053377472
110.232,0.056727444075542977
110.233,0.057858426323793122
110.23399999999999,0.058989904279603156
110.235,0.060121874966873268
110.236,0.061254335432304075
110.23699999999999,0.062387282745375305
110.238,0.063520713998310274
110.239,0.064654626306063445
110.23999999999999,0.065789016806282241
110.241,0.06692388265928928
110.242,0.068059221048052621
110.24299999999999,0.069195029178156897
110.244,0.070331304277772677
110.245,0.07146804359764003
110.246,0.07260524441102012
110.247,0.07374290401368766
110.248,0.07488101972388117
110.249,0.076019588882288769
110.25,0.077158608852007315
110.251,0.07829807701851399
110.252,0.079437990789637425
110.253,0.080578347595522626
110.254,0.081719144888595441
110.255,0.08286038014354169
110.256,0.084002050857255206
110.25700000000001,0.085144154548821405
110.258,0.086286688759473762
110.259,0.087429651052558732
110.26000000000001,0.088573039013507326
110.261,0.089716850249788038
110.262,0.090861082390884196
110.26300000000001,0.092005733088247332
110.264,0.093150800015264323
110.265,0.094296280867218751
110.26600000000001,0.095442173361255378
110.267,0.096588475236336624
110.268,0.097735184253212815
110.26900000000001,0.098882298194370222
110.27,0.10002981486400531
110.271,0.10117773208797454
110.27200000000001,0.10232604771375842
110.273,0.10347475961042019
110.274,0.10462386566856319
110.27500000000001,0.10577336380029179
110.276,0.10692325193916563
110.277,0.10807352804015968
110.27800000000001,0.10922419007962292
110.279,0.11037523605522637
110.28,0.11152666398593158
110.28100000000001,0.11267847191193781
110.282,0.11383065789464064
110.283,0.11498322001658323
110.28400000000001,0.11613615638142116
110.285,0.11728946511385985
110.286,0.11844314435962389
110.28700000000001,0.11959719228540111
110.288,0.12075160707880128
110.289,0.12190638694830325
110.29000000000001,0.12306153012321053
110.291,0.12421703485360025
110.292,0.12537289941028185
110.29300000000001,0.12652912208473488
110.294,0.12768570118907308
110.295,0.12884263505598437
110.29600000000001,0.12999992203868738
110.297,0.13115756051087768
110.298,0.13231554886667585
110.29900000000001,0.13347388552057771
110.3,0.13463256890740327
110.301,0.13579159748224168
110.30200000000001,0.13695096972040188
110.303,0.13811068411735627
110.304,0.13927073918869182
110.30500000000001,0.14043113347004743
110.306,0.14159186551707625
110.307,0.14275293390537147
110.30800000000001,0.14391433723042546
110.309,0.14507607410756806
110.31,0.14623814317191552
110.31100000000001,0.14740054307830786
110.312,0.14856327250126089
110.313,0.14972633013490366
110.31399999999999,0.15088971469292112
110.315,0.15205342490849816
110.316,0.15321745953426591
110.31699999999999,0.15438181734223777
110.318,0.15554649712375035
110.319,0.15671149768941062
110.31999999999999,0.15787681786903285
110.321,0.159042456511576
110.322,0.16020841248509177
110.32299999999999,0.16137468467665439
110.324,0.16254127199231183
110.325,0.16370817335701204
110.32599999999999,0.16487538771455146
110.327,0.16604291402750881
110.328,0.1672107512771821
110.32899999999999,0.16837889846353349
110.33,0.16954735460511472
110.331,0.17071611873901293
110.33199999999999,0.17188518992078938
110.333,0.17305456722440571
110.334,0.17422424974216622
110.33499999999999,0.17539423658465836
110.336,0.1765645268806737
110.337,0.17773511977715861
110.33799999999999,0.17890601443914145
110.339,0.18007721004966504
110.34,0.18124870580972363
110.34099999999999,0.18242050093819895
110.342,0.18359259467178646
110.343,0.1847649862649372
110.34399999999999,0.18593767498978186
110.345,0.18711066013607214
110.346,0.18828394101110435
110.34699999999999,0.18945751693965729
110.348,0.19063138726392115
110.349,0.19180555134342736
110.34999999999999,0.19298000855498243
110.351,0.19415475829259998
110.352,0.19532979996742483
110.35299999999999,0.19650513300766859
110.354,0.19768075685853592
110.355,0.19885667098215665
110.35599999999999,0.20003287485751509
110.357,0.20120936798037281
110.358,0.20238614986320602
110.35899999999999,0.20356322003512961
110.36,0.20474057804182122
110.361,0.20591822344545774
110.36199999999999,0.20709615582463492
110.363,0.20827437477429678
110.364,0.20945287990566497
110.36499999999999,0.21063167084616197
110.366,0.21181074723934001
110.367,0.21299010874480384
110.36799999999999,0.21416975503814051
110.369,0.21534968581084168
110.37,0.21652990077022993
110.371,0.21771039963938366
110.372,0.21889118215706294
110.373,0.22007224807763093
110.374,0.22125359717098148
110.375,0.22243522922246006
110.376,0.22361714403278876
110.377,0.22479934141799074
110.378,0.22598182120931209
110.379,0.22716458325314504
110.38,0.2283476274109475
110.381,0.22953095355916986
110.38200000000001,0.23071456158917814
110.383,0.23189845140717091
110.384,0.23308262293410253
110.38500000000001,0.23426707610560715
110.386,0.23545181087191702
110.387,0.23663682719778389
110.38800000000001,0.23782212506240308
110.389,0.2390077044593264
110.39,0.24019356539638981
110.39100000000001,0.24137970789563168
110.392,0.24256613199320798
110.393,0.24375283773931944
110.39400000000001,0.24493982519812363
110.395,0.24612709444765857
110.396,0.24731464557976013
110.39700000000001,0.24850247869998032
110.398,0.24969059392750648
110.399,0.25087899139507863
110.40000000000001,0.25206767124890961
110.401,0.25325663364859885
110.402,0.25444587876705427
110.40300000000001,0.25563540679040608
110.404,0.25682521791793
110.405,0.25801531236195441
110.40600000000001,0.25920569034778529
110.407,0.26039635211362011
110.408,0.26158729791046298
110.40900000000001,0.26277852800204471
110.41,0.26397004266473445
110.411,0.26516184218745531
110.41200000000001,0.26635392687160486
110.413,0.26754629703096766
110.414,0.26873895299162776
110.41500000000001,0.26993189509188786
110.416,0.27112512368218322
110.417,0.27231863912499499
110.41800000000001,0.2735124417947663
110.419,0.27470653207781437
110.42,0.27590091037224695
110.42100000000001,0.27709557708787669
110.422,0.27829053264613268
110.423,0.2794857774799735
110.42400000000001,0.28068131203380453
110.425,0.2818771367633901
110.426,0.28307325213576284
110.42700000000001,0.28426965862914022
110.428,0.28546635673283838
110.429,0.28666334694718065
110.43000000000001,0.28786062978341453
110.431,0.28905820576362107
110.432,0.29025607542062515
110.43300000000001,0.29145423929791736
110.434,0.29265269794955273
110.435,0.29385145194007123
110.43600000000001,0.29505050184440762
110.437,0.29624984824779999
110.438,0.29744949174570401
110.43899999999999,0.29864943294370594
110.44,0.29984967245742578
110.441,0.30105021091244177
110.44199999999999,0.3022510489441852
110.443,0.30345218719786304
110.444,0.30465362632836523
110.44499999999999,0.30585536700017135
110.446,0.30705740988726449
110.447,0.30825975567304598
110.44799999999999,0.30946240505023059
110.449,0.31066535872077417
110.45,0.31186861739577409
110.45099999999999,0.31307218179537877
110.452,0.31427605264869785
110.453,0.31548023069371656
110.45399999999999,0.31668471667719533
110.455,0.31788951135459431
110.456,0.31909461548996099
110.45699999999999,0.32030002985586403
110.458,0.32150575523328051
110.459,0.32271179241151726
110.45999999999999,0.32391814218811765
110.461,0.32512480536876698
110.462,0.32633178276720365
110.46299999999999,0.32753907520512682
110.464,0.32874668351210623
110.465,0.32995460852548941
110.46599999999999,0.33116285109030796
110.467,0.3323714120591883
110.468,0.33358029229226061
110.46899999999999,0.3347894926570647
110.47,0.33599901402845811
110.471,0.3372088572885219
110.47199999999999,0.33841902332647722
110.473,0.33962951303858091
110.474,0.3408403273280407
110.47499999999999,0.34205146710492151
110.476,0.34326293328605306
110.477,0.34447472679493352
110.47799999999999,0.345686848561646
110.479,0.34689929952275156
110.48,0.34811208062121279
110.48099999999999,0.34932519280628949
110.482,0.35053863703344978
110.483,0.35175241426427384
110.48399999999999,0.35296652546637164
110.485,0.35418097161327466
110.486,0.35539575368435417
110.48699999999999,0.35661087266472258
110.488,0.35782632954514382
110.489,0.35904212532193913
110.48999999999999,0.36025826099689118
110.491,0.36147473757715254
110.492,0.36269155607515779
110.49299999999999,0.36390871750851828
110.494,0.36512622289993857
110.495,0.36634407327712326
110.496,0.36756226967267747
110.497,0.36878081312401756
110.498,0.36999970467327614
110.499,0.37121894536720923
110.5,0.37243853625710388
110.501,0.37365847839868316
110.502,0.37487877285201332
110.503,0.37609942068140834
110.504,0.37732042295534196
110.505,0.37854178074634648
110.506,0.37976349513092567
110.50700000000001,0.38098556718945753
110.508,0.38220799800610328
110.509,0.3834307886687105
110.51000000000001,0.38465394026872524
110.511,0.38587745390109029
110.512,0.38710133066415908
110.51300000000001,0.38832557165960102
110.514,0.38955017799230163
110.515,0.39077515077027813
110.51600000000001,0.39200049110458135
110.517,0.39322620010919929
110.518,0.39445227890097012
110.51900000000001,0.39567872859948539
110.52,0.39690555032699537
110.521,0.39813274520831854
110.52200000000001,0.39936031437074693
110.523,0.40058825894395289
110.524,0.40181658005989496
110.52500000000001,0.40304527885272634
110.526,0.40427435645870036
110.527,0.40550381401607893
110.52800000000001,0.40673365266503447
110.529,0.40796387354756636
110.53,0.40919447780739704
110.53100000000001,0.41042546658988588
110.532,0.41165684104193501
110.533,0.4128886023118965
110.53400000000001,0.41412075154947603
110.535,0.41535328990564624
110.536,0.41658621853254418
110.53700000000001,0.41781953858339671
110.538,0.41905325121240233
110.539,0.42028735757466285
110.54000000000001,0.42152185882607585
110.541,0.4227567561232477
110.542,0.42399205062339984
110.54300000000001,0.42522774348427728
110.544,0.42646383586405623
110.545,0.42770032892124998
110.54600000000001,0.42893722381462096
110.547,0.4301745217030839
110.548,0.43141222374561838
110.54900000000001,0.43265033110117335
110.55,0.43388884492857782
110.551,0.43512776638644546
110.55200000000001,0.43636709663308615
110.553,0.4376068368264181
110.554,0.43884698812386702
110.55500000000001,0.44008755168227953
110.556,0.44132852865783967
110.557,0.44256992020596142
110.55800000000001,0.44381172748120967
110.559,0.44505395163721051
110.56,0.44629659382654685
110.56100000000001,0.44753965520068473
110.562,0.44878313690987115
110.563,0.45002704010304617
110.56399999999999,0.45127136592775674
110.565,0.45251611553005766
110.566,0.45376129005443344
110.56699999999999,0.45500689064369348
110.568,0.4562529184388957
110.569,0.45749937457924883
110.56999999999999,0.45874626020202491
110.571,0.4599935764424683
110.572,0.46124132443370902
110.57299999999999,0.46248950530666866
110.574,0.46373812018997773
110.575,0.46498717020988201
110.57599999999999,0.46623665649015189
110.577,0.46748658015199762
110.578,0.46873694231397955
110.57899999999999,0.46998774409191757
110.58,0.47123898659880536
110.581,0.47249067094471631
110.58199999999999,0.4737427982367306
110.583,0.47499536957882205
110.584,0.47624838607179498
110.58499999999999,0.47750184881318081
110.586,0.47875575889715849
110.587,0.4800101174144622
110.58799999999999,0.48126492545229604
110.589,0.48252018409424835
110.59,0.4837758944202033
110.59099999999999,0.485032057506253
110.592,0.48628867442461132
110.593,0.48754574624353086
110.59399999999999,0.48880327402721058
110.595,0.49006125883571405
110.596,0.49131970172488471
110.59699999999999,0.4925786037462534
110.598,0.49383796594696117
110.599,0.49509778936966642
110.59999999999999,0.49635807505246321
110.601,0.49761882402879909
110.602,0.49888003732738184
110.60299999999999,0.50014171597210355
110.604,0.50140386098195089
110.605,0.50266647337092119
110.60599999999999,0.50392955414794161
110.607,0.505193104316779
110.608,0.50645712487596395
110.60899999999999,0.50772161681870065
110.61,0.50898658113278561
110.611,0.51025201880052462
110.61199999999999,0.51151793079865326
110.613,0.51278431809824321
110.614,0.51405118166463604
110.61499999999999,0.51531852245734466
110.616,0.51658634142998006
110.617,0.51785463953016908
110.61799999999999,0.5191234176994719
110.619,0.52039267687329449
110.62,0.52166241798081758
110.621,0.52293264194490652
110.622,0.52420334968203663
110.623,0.52547454210220845
110.624,0.52674622010886907
110.625,0.52801838459883443
110.626,0.52929103646219744
110.627,0.53056417658226884
110.628,0.53183780583547557
110.629,0.53311192509129857
110.63,0.53438653521218438
110.631,0.53566163705346703
110.63200000000001,0.53693723146329031
110.633,0.5382133192825358
110.634,0.53948990134473007
110.63500000000001,0.54076697847598387
110.636,0.54204455149490061
110.637,0.54332262121250485
110.63800000000001,0.54460118843216554
110.639,0.54588025394951911
110.64,0.54715981855238738
110.64100000000001,0.54843988302071089
110.642,0.5497204481264637
110.643,0.55100151463358005
110.64400000000001,0.55228308329788112
110.645,0.5535651548669982
110.646,0.55484773008029453
110.64700000000001,0.55613080966879735
110.648,0.55741439435511131
110.649,0.55869848485336204
110.65000000000001,0.55998308186909984
110.651,0.56126818609924767
110.652,0.56255379823201013
110.65300000000001,0.56383991894681085
110.654,0.56512654891421521
110.655,0.56641368879585752
110.65600000000001,0.56770133924436905
110.657,0.56898950090330791
110.658,0.57027817440708084
110.65900000000001,0.57156736038088107
110.66,0.57285705944060483
110.661,0.57414727219279493
110.66200000000001,0.57543799923455641
110.663,0.576729241153493
110.664,0.57802099852763389
110.66500000000001,0.57931327192537063
110.666,0.58060606190537367
110.667,0.58189936901653816
110.66800000000001,0.58319319379790713
110.669,0.58448753677859999
110.67,0.58578239847775082
110.67100000000001,0.58707777940443595
110.672,0.58837368005760915
110.673,0.58967010092602834
110.67400000000001,0.5909670424881952
110.675,0.59226450521228458
110.676,0.59356248955607605
110.67700000000001,0.59486099596689179
110.678,0.59616002488152953
110.679,0.59745957672619276
110.68000000000001,0.59875965191642866
110.681,0.60006025085706849
110.682,0.60136137394214773
110.68300000000001,0.60266302155485763
110.684,0.60396519406747196
110.685,0.60526789184128704
110.68600000000001,0.60657111522655516
110.687,0.60787486456242235
110.688,0.60917914017686714
110.68899999999999,0.61048394238663839
110.69,0.61178927149718954
110.691,0.61309512780262043
110.69199999999999,0.61440151158561518
110.693,0.6157084231173755
110.694,0.6170158626575728
110.69499999999999,0.61832383045426909
110.696,0.61963232674387569
110.697,0.62094135175108045
110.69799999999999,0.62225090568879216
110.699,0.6235609887580873
110.7,0.62487160114813856
110.70099999999999,0.6261827430361655
110.702,0.62749441458737731
110.703,0.6288066159549115
110.70399999999999,0.63011934727977392
110.705,0.63143260869078865
110.706,0.63274640030453488
110.70699999999999,0.63406072222529541
110.708,0.63537557454499805
110.709,0.63669095734315828
110.70999999999999,0.63800687068683093
110.711,0.63932331463054526
110.712,0.64064028921625571
110.71299999999999,0.64195779447329215
110.714,0.6432758304182995
110.715,0.64459439705518307
110.71599999999999,0.64591349437506462
110.717,0.64723312235621666
110.718,0.64855328096402198
110.71899999999999,0.64987397015091419
110.72,0.65119518985633018
110.721,0.65251694000665816
110.72199999999999,0.65383922051518217
110.723,0.65516203128204031
110.724,0.65648537219416525
110.72499999999999,0.65780924312524069
110.726,0.65913364393565166
110.727,0.66045857447243161
110.72799999999999,0.66178403456921764
110.729,0.66311002404620067
110.73,0.66443654271007802
110.73099999999999,0.66576359035400712
110.732,0.66709116675755231
110.733,0.66841927168665194
110.73399999999999,0.66974790489355307
110.735,0.67107706611678353
110.736,0.6724067550810946
110.73699999999999,0.67373697149742195
110.738,0.67506771506283503
110.739,0.67639898546050548
110.73999999999999,0.67773078235964457
110.741,0.67906310541547343
110.742,0.68039595426917954
110.74299999999999,0.68172932854786561
110.744,0.68306322786451545
110.745,0.68439765181794643
110.746,0.68573259999277036
110.747,0.6870680719593576
110.748,0.688404067273785
110.749,0.68974058547780426
110.75,0.69107762609880141
110.751,0.69241518864975382
110.752,0.69375327262919262
110.753,0.69509187752116719
110.754,0.69643100279519832
110.755,0.69777064790625509
110.756,0.69911081229470207
110.75700000000001,0.70045149538626972
110.758,0.70179269659202048
110.759,0.70313441530830634
110.76000000000001,0.70447665091673817
110.761,0.70581940278414645
110.762,0.70716267026254842
110.76300000000001,0.70850645268911827
110.764,0.70985074938613968
110.765,0.71119555966098891
110.76600000000001,0.71254088280609085
110.767,0.71388671809888771
110.768,0.71523306480181104
110.76900000000001,0.71657992216224464
110.77,0.71792728941249573
110.771,0.71927516576976691
110.77200000000001,0.7206235504361167
110.773,0.7219724425984404
110.774,0.72332184142843148
110.77500000000001,0.72467174608255713
110.776,0.72602215570203166
110.777,0.72737306941277557
110.77800000000001,0.72872448632540565
110.779,0.73007640553519404
110.78,0.73142882612204629
110.78100000000001,0.73278174715047295
110.782,0.73413516766956799
110.783,0.7354890867129722
110.78400000000001,0.73684350329886517
110.785,0.73819841642991979
110.786,0.73955382509329737
110.78700000000001,0.7409097282606083
110.788,0.7422661248878959
110.789,0.74362301391561503
110.79000000000001,0.74498039426860507
110.791,0.74633826485606858
110.792,0.7476966245715515
110.79300000000001,0.74905547229292013
110.794,0.75041480688234063
110.795,0.75177462718625843
110.79600000000001,0.75313493203538062
110.797,0.75449572024465028
110.798,0.75585699061323819
110.79900000000001,0.75721874192451066
110.8,0.75858097294602578
110.801,0.75994368242950117
110.80200000000001,0.76130686911080714
110.803,0.7626705317099518
110.804,0.76403466893104954
110.80500000000001,0.765399279462325
110.806,0.76676436197608289
110.807,0.76812991512869933
110.80800000000001,0.76949593756061052
110.809,0.77086242789628567
110.81,0.7722293847442312
110.81100000000001,0.77359680669696651
110.812,0.77496469233101095
110.813,0.77633304020687555
110.81399999999999,0.77770184886905724
110.815,0.77907111684600694
110.816,0.78044084265014591
110.81699999999999,0.78181102477783537
110.818,0.78318166170937431
110.819,0.78455275190899099
110.81999999999999,0.78592429382483009
110.821,0.7872962858889494
110.822,0.78866872651730624
110.82299999999999,0.79004161410975371
110.824,0.79141494705003512
110.825,0.79278872370577225
110.82599999999999,0.79416294242846419
110.827,0.79553760155347808
110.828,0.79691269940004617
110.82899999999999,0.79828823427126161
110.83,0.79966420445407116
110.831,0.80104060821927692
110.83199999999999,0.80241744382152858
110.833,0.80379470949931897
110.834,0.80517240347498742
110.83499999999999,0.80655052395471838
110.836,0.80792906912853213
110.837,0.80930803717028765
110.83799999999999,0.81068742623768975
110.839,0.81206723447227636
110.84,0.81344745999943124
110.84099999999999,0.81482810092837377
110.842,0.81620915535216709
110.843,0.81759062134772442
110.84399999999999,0.81897249697580099
110.845,0.82035478028100184
110.846,0.82173746929178648
110.84699999999999,0.82312056202047379
110.848,0.82450405646324398
110.849,0.82588795060014109
110.84999999999999,0.82727224239508224
110.851,0.82865692979586725
110.852,0.83004201073417083
110.85299999999999,0.83142748312556725
110.854,0.83281334486952541
110.855,0.83419959384941622
110.85599999999999,0.83558622793253345
110.857,0.83697324497008729
110.858,0.83836064279722011
110.85899999999999,0.83974841923301979
110.86,0.84113657208052128
110.861,0.84252509912672546
110.86199999999999,0.84391399814260448
110.863,0.84530326688311552
110.864,0.84669290308721701
110.86499999999999,0.84808290447787149
110.866,0.84947326876206386
110.867,0.8508639936308231
110.86799999999999,0.85225507675921852
110.869,0.85364651580638906
110.87,0.85503830841555284
110.871,0.85643045221402248
110.872,0.85782294481322086
110.873,0.85921578380869934
110.874,0.86060896678015064
110.875,0.86200249129143169
110.876,0.86339635489057698
110.877,0.86479055510981939
110.878,0.86618508946560602
110.879,0.86757995545862121
110.88,0.86897515057380548
110.881,0.87037067228037235
110.88200000000001,0.87176651803183103
110.883,0.87316268526601104
110.884,0.87455917140507666
110.88500000000001,0.87595597385555779
110.886,0.87735309000836637
110.887,0.87875051723881592
110.88800000000001,0.8801482529066571
110.889,0.88154629435609277
110.89,0.88294463891580088
110.89100000000001,0.88434328389896955
110.892,0.88574222660330948
110.893,0.88714146431109087
110.89400000000001,0.88854099428916533
110.895,0.88994081378898926
110.896,0.89134092004665821
110.89700000000001,0.89274131028293091
110.898,0.89414198170325609
110.899,0.89554293149780473
110.90000000000001,0.89694415684149842
110.901,0.89834565489403717
110.902,0.89974742279993247
110.90300000000001,0.90114945768853216
110.904,0.90255175667406062
110.905,0.90395431685564365
110.90600000000001,0.90535713531734285
110.907,0.90676020912818722
110.908,0.90816353534220595
110.90900000000001,0.90956711099846732
110.91,0.91097093312110089
110.911,0.91237499871934546
110.91200000000001,0.91377930478757374
110.913,0.91518384830533317
110.914,0.91658862623738258
110.91500000000001,0.91799363553372304
110.916,0.91939887312963564
110.917,0.92080433594572764
110.91800000000001,0.92221002088795889
110.919,0.92361592484768384
110.92,0.92502204470169458
110.92100000000001,0.92642837731225258
110.922,0.92783491952713293
110.923,0.92924166817966536
110.92400000000001,0.93064862008877003
110.925,0.93205577205900414
110.926,0.9334631208805968
110.92700000000001,0.93487066332949476
110.928,0.93627839616740904
110.929,0.93768631614184894
110.93000000000001,0.93909441998616794
110.931,0.94050270441961437
110.932,0.94191116614736514
110.93300000000001,0.94331980186057862
110.934,0.94472860823643323
110.935,0.94613758193817943
110.93600000000001,0.94754671961517811
110.937,0.94895601790295658
110.938,0.95036547342324318
110.93899999999999,0.95177508278402856
110.94,0.95318484257960256
110.941,0.95459474939060818
110.94199999999999,0.95600479978408504
110.943,0.95741499031352451
110.944,0.95882531751891453
110.94499999999999,0.9602357779267956
110.946,0.96164636805029979
110.947,0.963057084389217
110.94799999999999,0.96446792343003285
110.949,0.96587888164598934
110.95,0.96728995549713104
110.95099999999999,0.96870114143035946
110.952,0.97011243587949125
110.953,0.9715238352653035
110.95399999999999,0.97293533599559168
110.955,0.97434693446522691
110.956,0.97575862705620509
110.95699999999999,0.977170410137707
110.958,0.97858228006614634
110.959,0.97999423318523915
110.95999999999999,0.98140626582604784
110.961,0.98281837430704333
110.962,0.98423055493416323
110.96299999999999,0.98564280400086712
110.964,0.98705511778819433
110.965,0.98846749256482958
110.96599999999999,0.98987992458715235
110.967,0.99129241009929991
110.968,0.99270494533323328
110.96899999999999,0.99411752650878893
110.97,0.99553014983374233
110.971,0.99694281150387232
110.97199999999999,0.99835550770301906
110.973,0.99976823460314623
110.974,1.0011809883644072
110.97499999999999,1.0025937651352013
110.976,1.0040065610522459
110.977,1.0054193722406308
110.97799999999999,1.0068321948138861
110.979,1.0082450248740529
110.98,1.0096578585117331
110.98099999999999,1.0110706918061731
110.982,1.0124835208253176
110.983,1.0138963416258713
110.98399999999999,1.0153091502533838
110.985,1.016721942742296
110.986,1.0181347151160218
110.98699999999999,1.0195474633870079
110.988,1.0209601835568032
110.989,1.0223728716161329
110.98999999999999,1.0237855235449613
110.991,1.0251981353125557
110.992,1.0266107028775726
110.99299999999999,1.0280232221881138
110.994,1.0294356891817997
110.995,1.0308480997858431
110.996,1.0322604499171169
110.997,1.0336727354822299
110.998,1.0350849523775916
110.999,1.0364970964894942
111,1.0379091636941766
111.001,1.0393211498578994
111.002,1.0407330508370261
111.003,1.0421448624780818
111.004,1.0435565806178413
111.005,1.0449682010833989
111.006,1.0463797196922384
111.00700000000001,1.0477911322523163
111.008,1.049202434562134
111.009,1.050613622410806
111.01000000000001,1.0520246915781553
111.011,1.0534356378347705
111.012,1.0548464569420888
111.01300000000001,1.0562571446524835
111.014,1.057667696709325
111.015,1.0590781088470733
111.01600000000001,1.0604883767913484
111.017,1.0618984962590075
111.018,1.063308462958235
111.01900000000001,1.064718272588608
111.02,1.0661279208411856
111.021,1.0675374033985865
111.02200000000001,1.0689467159350681
111.023,1.0703558541166089
111.024,1.0717648136009894
111.02500000000001,1.0731735900378707
111.026,1.0745821790688834
111.027,1.0759905763277022
111.02800000000001,1.0773987774401284
111.029,1.0788067780241835
111.03,1.0802145736901758
111.03100000000001,1.0816221600407991
111.032,1.0830295326712074
111.033,1.0844366871690962
111.03400000000001,1.0858436191148007
111.035,1.0872503240813667
111.036,1.0886567976346408
111.03700000000001,1.0900630353333562
111.038,1.0914690327292162
111.039,1.0928747853669856
111.04000000000001,1.0942802887845684
111.041,1.0956855385130997
111.042,1.0970905300770313
111.04300000000001,1.0984952589942241
111.044,1.0998997207760191
111.045,1.1013039109273501
111.04600000000001,1.1027078249468067
111.047,1.1041114583267408
111.048,1.1055148065533444
111.04900000000001,1.1069178651067433
111.05,1.1083206294610863
111.051,1.109723095084634
111.05200000000001,1.1111252574398407
111.053,1.1125271119834632
111.054,1.1139286541666298
111.05500000000001,1.1153298794349458
111.056,1.116730783228576
111.057,1.1181313609823409
111.05799999999999,1.1195316081258004
111.059,1.1209315200833581
111.06,1.1223310922743388
111.06100000000001,1.1237303201130935
111.062,1.1251291990090786
111.063,1.1265277243669616
111.06399999999999,1.1279258915867056
111.065,1.1293236960636619
111.066,1.1307211331886704
111.06700000000001,1.1321181983481468
111.068,1.1335148869241753
111.069,1.1349111942946124
111.06999999999999,1.1363071158331659
111.071,1.1377026469095064
111.072,1.1390977828893489
111.07299999999999,1.1404925191345525
111.074,1.1418868510032163
111.075,1.1432807738497763
111.07599999999999,1.144674283025094
111.077,1.1460673738765621
111.078,1.1474600417481922
111.07899999999999,1.1488522819807174
111.08,1.1502440899116835
111.081,1.1516354608755475
111.08199999999999,1.1530263902037796
111.083,1.1544168732249511
111.084,1.1558069052648399
111.08499999999999,1.1571964816465246
111.086,1.1585855976904791
111.087,1.1599742487146787
111.08799999999999,1.1613624300346903
111.089,1.1627501369637725
111.09,1.1641373648129802
111.09099999999999,1.1655241088912565
111.092,1.1669103645055294
111.093,1.1682961269608223
111.09399999999999,1.1696813915603406
111.095,1.1710661536055809
111.096,1.1724504083964229
111.09699999999999,1.1738341512312325
111.098,1.1752173774069661
111.099,1.1766000822192608
111.09999999999999,1.1779822609625448
111.101,1.1793639089301304
111.102,1.1807450214143211
111.10299999999999,1.1821255937065045
111.104,1.1835056210972614
111.105,1.1848850988764581
111.10599999999999,1.1862640223333591
111.107,1.1876423867567156
111.108,1.1890201874348771
111.10899999999999,1.1903974196558877
111.11,1.1917740787075903
111.111,1.1931501598777261
111.11199999999999,1.1945256584540374
111.113,1.195900569724373
111.114,1.197274888976787
111.11499999999999,1.1986486114996422
111.116,1.2000217325817102
111.117,1.2013942475122801
111.11799999999999,1.2027661515812551
111.119,1.2041374400792608
111.12,1.2055081082977421
111.121,1.2068781515290694
111.122,1.2082475650666455
111.123,1.2096163442050032
111.124,1.2109844842399085
111.125,1.2123519804684726
111.126,1.2137188281892433
111.127,1.2150850227023193
111.128,1.216450559309447
111.129,1.2178154333141271
111.13,1.2191796400217201
111.131,1.2205431747395485
111.13200000000001,1.2219060327769993
111.133,1.2232682094456298
111.134,1.224629700059275
111.13500000000001,1.2259904999341482
111.136,1.2273506043889455
111.137,1.228710008744949
111.13800000000001,1.230068708326137
111.139,1.2314266984592857
111.14,1.2327839744740698
111.14100000000001,1.2341405317031717
111.142,1.2354963654823841
111.143,1.2368514711507226
111.14400000000001,1.2382058440505164
111.145,1.2395594795275224
111.146,1.2409123729310294
111.14700000000001,1.2422645196139634
111.148,1.2436159149329908
111.149,1.2449665542486221
111.15000000000001,1.2463164329253194
111.151,1.247665546331606
111.152,1.249013889840159
111.15300000000001,1.250361458827927
111.154,1.251708248676231
111.155,1.2530542547708647
111.15600000000001,1.2543994725022081
111.157,1.2557438972653274
111.158,1.2570875244600779
111.15900000000001,1.2584303494912201
111.16,1.2597723677685109
111.161,1.2611135747068183
111.16200000000001,1.2624539657262237
111.163,1.2637935362521253
111.164,1.2651322817153505
111.16500000000001,1.2664701975522494
111.166,1.2678072792048087
111.167,1.2691435221207583
111.16800000000001,1.2704789217536663
111.169,1.271813473563056
111.17,1.2731471730145028
111.17100000000001,1.2744800155797407
111.172,1.2758119967367731
111.173,1.2771431119699697
111.17400000000001,1.2784733567701723
111.175,1.2798027266348098
111.176,1.281131217067992
111.17700000000001,1.2824588235806149
111.178,1.2837855416904742
111.179,1.2851113669223604
111.18000000000001,1.2864362948081716
111.181,1.2877603208870076
111.182,1.2890834407052865
111.18299999999999,1.2904056498168419
111.184,1.2917269437830303
111.185,1.2930473181728288
111.18600000000001,1.294366768562953
111.187,1.2956852905379441
111.188,1.2970028796902895
111.18899999999999,1.2983195316205132
111.19,1.2996352419372879
111.191,1.3009500062575368
111.19200000000001,1.3022638202065386
111.193,1.3035766794180255
111.194,1.3048885795342939
111.19499999999999,1.3061995162063043
111.196,1.3075094850937892
111.197,1.3088184818653446
111.19799999999999,1.310126502198546
111.199,1.3114335417800465
111.2,1.3127395963056803
111.20099999999999,1.3140446614805621
111.202,1.3153487330191955
111.203,1.3166518066455701
111.20399999999999,1.3179538780932707
111.205,1.3192549431055729
111.206,1.3205549974355455
111.20699999999999,1.3218540368461611
111.208,1.3231520571103894
111.209,1.3244490540112974
111.20999999999999,1.3257450233421626
111.211,1.3270399609065606
111.212,1.3283338625184788
111.21299999999999,1.3296267240024076
111.214,1.3309185411934488
111.215,1.332209309937409
111.21599999999999,1.3334990260909121
111.217,1.3347876855214835
111.218,1.3360752841076684
111.21899999999999,1.3373618177391178
111.22,1.3386472823166957
111.221,1.3399316737525786
111.22199999999999,1.3412149879703521
111.223,1.3424972209051125
111.224,1.3437783685035682
111.22499999999999,1.3450584267241341
111.226,1.3463373915370369
111.227,1.3476152589244068
111.22799999999999,1.3488920248803815
111.229,1.3501676854112021
111.23,1.3514422365353127
111.23099999999999,1.3527156742834583
111.232,1.3539879946987821
111.233,1.3552591938369205
111.23399999999999,1.3565292677661087
111.235,1.3577982125672676
111.236,1.3590660243341075
111.23699999999999,1.3603326991732232
111.238,1.3615982332041896
111.239,1.362862622559661
111.23999999999999,1.3641258633854632
111.241,1.3653879518406906
111.242,1.3666488840978057
111.24299999999999,1.3679086563427283
111.244,1.3691672647749364
111.245,1.3704247056075558
111.246,1.3716809750674595
111.247,1.3729360693953605
111.248,1.3741899848459043
111.249,1.3754427176877646
111.25,1.3766942642037392
111.251,1.3779446206908379
111.252,1.3791937834603814
111.253,1.3804417488380902
111.254,1.3816885131641785
111.255,1.3829340727934483
111.256,1.3841784240953796
111.25700000000001,1.3854215634542251
111.258,1.3866634872690933
111.259,1.3879041919540533
111.26000000000001,1.3891436739382172
111.261,1.3903819296658289
111.262,1.3916189555963607
111.26300000000001,1.3928547482046021
111.264,1.3940893039807445
111.265,1.3953226194304817
111.26600000000001,1.3965546910750835
111.267,1.3977855154515033
111.268,1.3990150891124498
111.26900000000001,1.4002434086264868
111.27,1.4014704705781151
111.271,1.4026962715678664
111.27200000000001,1.4039208082123806
111.273,1.4051440771445092
111.274,1.406366075013382
111.27500000000001,1.4075867984845112
111.276,1.4088062442398701
111.277,1.4100244089779754
111.27800000000001,1.4112412894139812
111.279,1.4124568822797599
111.28,1.4136711843239851
111.28100000000001,1.4148841923122208
111.282,1.4160959030270006
111.283,1.4173063132679187
111.28400000000001,1.4185154198517063
111.285,1.4197232196123191
111.286,1.4209297094010169
111.28700000000001,1.4221348860864533
111.288,1.4233387465547487
111.289,1.4245412877095784
111.29000000000001,1.4257425064722509
111.291,1.4269423997817912
111.292,1.4281409645950218
111.29300000000001,1.4293381978866428
111.294,1.4305340966493076
111.295,1.4317286578937112
111.29600000000001,1.4329218786486619
111.297,1.434113755961167
111.298,1.4353042868965022
111.29900000000001,1.4364934685382995
111.3,1.4376812979886209
111.301,1.4388677723680348
111.30200000000001,1.4400528888156956
111.303,1.4412366444894158
111.304,1.4424190365657501
111.30500000000001,1.4436000622400667
111.306,1.444779718726622
111.307,1.4459580032586359
111.30799999999999,1.4471349130883693
111.309,1.4483104454871958
111.31,1.4494845977456794
111.31100000000001,1.450657367173644
111.312,1.4518287511002466
111.313,1.4529987468740553
111.31399999999999,1.4541673518631142
111.315,1.4553345634550219
111.316,1.4565003790570001
111.31700000000001,1.4576647960959648
111.318,1.4588278120185958
111.319,1.4599894242914122
111.31999999999999,1.4611496304008351
111.321,1.462308427853263
111.322,1.4634658141751364
111.32299999999999,1.4646217869130107
111.324,1.4657763436336237
111.325,1.4669294819239567
111.32599999999999,1.4680811993913103
111.327,1.4692314936633704
111.328,1.4703803623882685
111.32899999999999,1.4715278032346537
111.33,1.4726738138917563
111.331,1.4738183920694512
111.33199999999999,1.4749615354983274
111.333,1.4761032419297475
111.334,1.477243509135912
111.33499999999999,1.4783823349099272
111.336,1.4795197170658614
111.337,1.4806556534388153
111.33799999999999,1.4817901418849733
111.339,1.4829231802816762
111.34,1.4840547665274777
111.34099999999999,1.4851848985422023
111.342,1.4863135742670084
111.343,1.4874407916644494
111.34399999999999,1.4885665487185284
111.345,1.4896908434347658
111.346,1.4908136738402429
111.34699999999999,1.4919350379836747
111.348,1.4930549339354595
111.349,1.4941733597877387
111.34999999999999,1.4952903136544466
111.351,1.4964057936713797
111.352,1.4975197979962382
111.35299999999999,1.4986323248086888
111.354,1.4997433723104185
111.355,1.5008529387251841
111.35599999999999,1.5019610222988737
111.357,1.5030676212995537
111.358,1.5041727340175186
111.35899999999999,1.5052763587653557
111.36,1.5063784938779805
111.361,1.5074791377127001
111.36199999999999,1.5085782886492578
111.363,1.5096759450898856
111.364,1.510772105459353
111.36499999999999,1.5118667682050158
111.366,1.5129599317968638
111.367,1.5140515947275732
111.36799999999999,1.5151417555125493
111.369,1.5162304126899748
111.37,1.5173175648208588
111.371,1.5184032104890797
111.372,1.5194873483014328
111.373,1.5205699768876757
111.374,1.5216510949005715
111.375,1.5227307010159321
111.376,1.5238087939326634
111.377,1.5248853723728124
111.378,1.5259604350815978
111.379,1.527033980827464
111.38,1.5281060084021165
111.381,1.5291765166205662
111.38200000000001,1.5302455043211671
111.383,1.5313129703656556
111.384,1.532378913639191
111.38500000000001,1.5334433330503998
111.386,1.5345062275314023
111.387,1.5355675960378603
111.38800000000001,1.536627437549013
111.389,1.5376857510677067
111.39,1.5387425356204432
111.39100000000001,1.539797790257402
111.392,1.5408515140524832
111.393,1.5419037061033452
111.39400000000001,1.5429543655314308
111.395,1.5440034914820018
111.396,1.5450510831241817
111.39700000000001,1.5460971396509746
111.398,1.5471416602793095
111.399,1.5481846442500584
111.40000000000001,1.5492260908280788
111.401,1.550265999302243
111.402,1.5513043689854595
111.40300000000001,1.5523411992147078
111.404,1.55337648935107
111.405,1.5544102387797512
111.40600000000001,1.5554424469101176
111.407,1.5564731131757086
111.408,1.5575022370342813
111.40900000000001,1.558529817967822
111.41,1.5595558554825781
111.411,1.5605803491090804
111.41200000000001,1.5616032984021724
111.413,1.5626247029410254
111.414,1.5636445623291737
111.41500000000001,1.5646628761945216
111.416,1.5656796441893801
111.417,1.5666948659904816
111.41800000000001,1.5677085412990002
111.419,1.5687206698405749
111.42,1.5697312513653274
111.42100000000001,1.5707402856478834
111.422,1.5717477724873916
111.423,1.5727537117075356
111.42400000000001,1.5737581031565608
111.425,1.5747609467072856
111.426,1.5757622422571222
111.42700000000001,1.5767619897280838
111.428,1.5777601890668158
111.429,1.5787568402445888
111.43000000000001,1.5797519432573361
111.431,1.5807454981256504
111.432,1.5817375048948035
111.43299999999999,1.5827279636347613
111.434,1.5837168744401886
111.435,1.5847042374304683
111.43600000000001,1.5856900527497082
111.437,1.5866743205667513
111.438,1.5876570410751856
111.43899999999999,1.5886382144933575
111.44,1.5896178410643729
111.441,1.5905959210561129
111.44200000000001,1.5915724547612349
111.443,1.5925474424971844
111.444,1.593520884606201
111.44499999999999,1.5944927814553183
111.446,1.5954631334363776
111.447,1.5964319409660281
111.44799999999999,1.5973992044857299
111.449,1.5983649244617624
111.45,1.5993291013852198
111.45099999999999,1.6002917357720221
111.452,1.6012528281629108
111.453,1.6022123791234524
111.45399999999999,1.6031703892440399
111.455,1.6041268591398923
111.456,1.6050817894510507
111.45699999999999,1.6060351808423849
111.458,1.6069870340035881
111.459,1.607937349649168
111.45999999999999,1.6088861285184572
111.461,1.609833371375601
111.462,1.6107790790095549
111.46299999999999,1.6117232522340834
111.464,1.6126658918877506
111.465,1.6136069988339199
111.46599999999999,1.6145465739607419
111.467,1.6154846181811529
111.468,1.6164211324328677
111.46899999999999,1.6173561176783666
111.47,1.618289574904892
111.471,1.6192215051244394
111.47199999999999,1.6201519093737438
111.473,1.6210807887142766
111.474,1.6220081442322258
111.47499999999999,1.6229339770384958
111.476,1.6238582882686856
111.477,1.6247810790830837
111.47799999999999,1.6257023506666521
111.479,1.626622104229013
111.48,1.6275403410044325
111.48099999999999,1.6284570622518157
111.482,1.6293722692546806
111.483,1.6302859633211446
111.48399999999999,1.6311981457839153
111.485,1.632108818000267
111.486,1.6330179813520251
111.48699999999999,1.6339256372455493
111.488,1.6348317871117137
111.489,1.6357364324058896
111.48999999999999,1.6366395746079263
111.491,1.6375412152221254
111.492,1.6384413557772308
111.49299999999999,1.6393399978263947
111.494,1.6402371429471696
111.495,1.6411327927414725
111.496,1.6420269488355721
111.497,1.6429196128800625
111.498,1.6438107865498375
111.499,1.6447004715440645
111.5,1.6455886695861686
111.501,1.6464753824237961
111.502,1.647360611828792
111.503,1.648244359597179
111.504,1.649126627549121
111.505,1.6500074175289041
111.506,1.6508867314049001
111.50700000000001,1.6517645710695448
111.508,1.6526409384393037
111.509,1.6535158354546455
111.51000000000001,1.6543892640800091
111.511,1.6552612263037727
111.512,1.6561317241382243
111.51300000000001,1.6570007596195304
111.514,1.657868334807697
111.515,1.6587344517865441
111.51600000000001,1.6595991126636678
111.517,1.6604623195704069
111.518,1.6613240746618081
111.51900000000001,1.6621843801165928
111.52,1.6630432381371163
111.521,1.663900650949337
111.52200000000001,1.6647566208027773
111.523,1.6656111499704833
111.524,1.6664642407489929
111.52500000000001,1.6673158954582912
111.526,1.6681661164417774
111.527,1.6690149060662176
111.52800000000001,1.669862266721714
111.529,1.6707082008216594
111.53,1.6715527108026917
111.53100000000001,1.6723957991246656
111.532,1.6732374682705928
111.533,1.6740777207466153
111.53400000000001,1.674916559081953
111.535,1.6757539858288641
111.536,1.6765900035625967
111.53700000000001,1.677424614881351
111.538,1.6782578224062248
111.539,1.6790896287811812
111.54000000000001,1.6799200366729876
111.541,1.6807490487711771
111.542,1.6815766677880031
111.54300000000001,1.6824028964583859
111.544,1.6832277375398654
111.545,1.6840511938125606
111.54600000000001,1.6848732680791068
111.547,1.6856939631646199
111.548,1.6865132819166344
111.54900000000001,1.6873312272050573
111.55,1.6881478019221234
111.551,1.6889630089823329
111.55200000000001,1.6897768513224043
111.553,1.6905893319012248
111.554,1.6914004536997902
111.55500000000001,1.6922102197211588
111.556,1.6930186329903898
111.557,1.6938256965544956
111.55799999999999,1.6946314134823828
111.559,1.6954357868647976
111.56,1.6962388198142695
111.56100000000001,1.6970405154650579
111.562,1.6978408769730882
111.563,1.6986399075159027
111.56399999999999,1.6994376102925959
111.565,1.7002339885237614
111.566,1.7010290454514299
111.56700000000001,1.7018227843390112
111.568,1.7026152084712325
111.569,1.7034063211540831
111.56999999999999,1.7041961257147455
111.571,1.7049846255015468
111.572,1.705771823883881
111.57299999999999,1.7065577242521637
111.574,1.7073423300177561
111.575,1.7081256446129114
111.57599999999999,1.7089076714907039
111.577,1.7096884141249724
111.578,1.7104678760102519
111.57899999999999,1.7112460606617095
111.58,1.7120229716150792
111.581,1.7127986124265955
111.58199999999999,1.7135729866729315
111.583,1.714346097951128
111.584,1.7151179498785272
111.58499999999999,1.7158885460927076
111.586,1.7166578902514149
111.587,1.7174259860324963
111.58799999999999,1.7181928371338249
111.589,1.7189584472732389
111.59,1.7197228201884722
111.59099999999999,1.7204859596370725
111.592,1.7212478693963487
111.593,1.7220085532632874
111.59399999999999,1.7227680150544846
111.595,1.7235262586060802
111.596,1.7242832877736773
111.59699999999999,1.7250391064322759
111.598,1.7257937184762007
111.599,1.726547127819021
111.59999999999999,1.7272993383934854
111.601,1.7280503541514454
111.602,1.7288001790637788
111.60299999999999,1.7295488171203159
111.604,1.7302962723297686
111.605,1.7310425487196479
111.60599999999999,1.731787650336194
111.607,1.7325315812442978
111.608,1.7332743455274238
111.60899999999999,1.7340159472875349
111.61,1.7347563906450134
111.611,1.7354956797385843
111.61199999999999,1.736233818725236
111.613,1.736970811780143
111.614,1.7377066630965907
111.61499999999999,1.7384413768858862
111.616,1.7391749573772879
111.617,1.7399074088179254
111.61799999999999,1.7406387354727122
111.619,1.7413689416242724
111.62,1.7420980315728556
111.621,1.7428260096362573
111.622,1.7435528801497373
111.623,1.744278647465936
111.624,1.745003315954794
111.625,1.7457268900034708
111.626,1.7464493740162568
111.627,1.7471707724144938
111.628,1.7478910896364908
111.629,1.74861033013744
111.63,1.7493284983893318
111.631,1.7500455988808703
111.63200000000001,1.7507616361173879
111.633,1.7514766146207621
111.634,1.7521905389293266
111.63500000000001,1.7529034135977899
111.636,1.7536152431971417
111.637,1.7543260323145748
111.63800000000001,1.7550357855533933
111.639,1.7557445075329254
111.64,1.7564522028884397
111.64100000000001,1.7571588762710519
111.642,1.7578645323476392
111.643,1.758569175800754
111.64400000000001,1.7592728113285341
111.645,1.7599754436446111
111.646,1.7606770774780243
111.64700000000001,1.7613777175731298
111.648,1.7620773686895106
111.649,1.7627760356018878
111.65000000000001,1.7634737231000273
111.651,1.7641704359886541
111.652,1.7648661790873557
111.65300000000001,1.7655609572304964
111.654,1.7662547752671187
111.655,1.7669476380608615
111.65600000000001,1.7676395504898572
111.657,1.7683305174466495
111.658,1.7690205438380904
111.65900000000001,1.7697096345852614
111.66,1.7703977946233644
111.661,1.7710850289016415
111.66200000000001,1.7717713423832753
111.663,1.7724567400452942
111.664,1.7731412268784825
111.66500000000001,1.7738248078872849
111.666,1.7745074880897103
111.667,1.7751892725172356
111.66800000000001,1.7758701662147192
111.669,1.7765501742402932
111.67,1.7772293016652814
111.67100000000001,1.7779075535740922
111.672,1.7785849350641305
111.673,1.7792614512456972
111.67400000000001,1.7799371072418948
111.675,1.7806119081885325
111.676,1.7812858592340268
111.67700000000001,1.7819589655393053
111.678,1.7826312322777114
111.679,1.7833026646349026
111.68000000000001,1.783973267808761
111.681,1.7846430470092873
111.682,1.7853120074585052
111.68299999999999,1.7859801543903697
111.684,1.786647493050658
111.685,1.7873140286968814
111.68600000000001,1.78797976659818
111.687,1.7886447120352256
111.688,1.7893088703001263
111.68899999999999,1.7899722466963202
111.69,1.7906348465384831
111.691,1.7912966751524257
111.69200000000001,1.7919577378749958
111.693,1.7926180400539731
111.694,1.7932775870479785
111.69499999999999,1.7939363842263667
111.696,1.7945944369691287
111.697,1.7952517506667893
111.69799999999999,1.7959083307203114
111.699,1.796564182540989
111.7,1.7972193115503521
111.70099999999999,1.7978737231800612
111.702,1.7985274228718104
111.703,1.7991804160772205
111.70399999999999,1.7998327082577468
111.705,1.8004843048845665
111.706,1.8011352114384838
111.70699999999999,1.8017854334098304
111.708,1.8024349762983545
111.709,1.8030838456131288
111.70999999999999,1.803732046872446
111.711,1.8043795856037079
111.712,1.8050264673433347
111.71299999999999,1.8056726976366579
111.714,1.8063182820378167
111.715,1.8069632261096569
111.71599999999999,1.8076075354236283
111.717,1.8082512155596779
111.718,1.8088942721061572
111.71899999999999,1.8095367106597067
111.72,1.8101785368251626
111.721,1.8108197562154451
111.72199999999999,1.8114603744514659
111.723,1.8121003971620151
111.724,1.8127398299836619
111.72499999999999,1.81337867856065
111.726,1.8140169485448003
111.727,1.8146546455953949
111.72799999999999,1.8152917753790858
111.729,1.8159283435697831
111.73,1.8165643558485554
111.73099999999999,1.8171998179035254
111.732,1.8178347354297639
111.733,1.8184691141291873
111.73399999999999,1.8191029597104578
111.735,1.8197362778888695
111.736,1.8203690743862539
111.73699999999999,1.8210013549308723
111.738,1.8216331252573097
111.739,1.8222643911063749
111.73999999999999,1.8228951582249926
111.741,1.8235254323660988
111.742,1.8241552192885435
111.74299999999999,1.8247845247569765
111.744,1.8254133545417521
111.745,1.8260417144188157
111.746,1.8266696101696089
111.747,1.827297047580962
111.748,1.8279240324449839
111.749,1.8285505705589655
111.75,1.8291766677252728
111.751,1.82980232975124
111.752,1.8304275624490711
111.753,1.8310523716357303
111.754,1.831676763132837
111.755,1.8323007427665672
111.756,1.8329243163675444
111.75700000000001,1.8335474897707402
111.758,1.8341702688153616
111.759,1.8347926593447541
111.76000000000001,1.8354146672063001
111.761,1.8360362982513045
111.762,1.8366575583348967
111.76300000000001,1.8372784533159319
111.764,1.8378989890568738
111.765,1.8385191714237055
111.76600000000001,1.8391390062858108
111.767,1.839758499515884
111.768,1.8403776569898178
111.76900000000001,1.8409964845866003
111.77,1.8416149881882131
111.771,1.8422331736795292
111.77200000000001,1.8428510469482031
111.773,1.8434686138845757
111.774,1.844085880381563
111.77500000000001,1.8447028523345583
111.776,1.8453195356413246
111.777,1.8459359362018959
111.77800000000001,1.8465520599184697
111.779,1.8471679126953053
111.78,1.8477835004386227
111.78100000000001,1.8483988290564972
111.782,1.8490139044587552
111.783,1.8496287325568757
111.78400000000001,1.8502433192638863
111.785,1.850857670494257
111.786,1.8514717921638024
111.78700000000001,1.8520856901895744
111.788,1.8526993704897661
111.789,1.8533128389836033
111.79000000000001,1.8539261015912492
111.791,1.8545391642336901
111.792,1.8551520328326525
111.79300000000001,1.8557647133104811
111.794,1.8563772115900532
111.795,1.856989533594668
111.79600000000001,1.8576016852479469
111.797,1.8582136724737346
111.798,1.8588255011959949
111.79900000000001,1.8594371773387128
111.8,1.8600487068257907
111.801,1.8606600955809482
111.80200000000001,1.8612713495276236
111.803,1.8618824745888709
111.804,1.8624934766872598
111.80500000000001,1.8631043617447789
111.806,1.8637151356827282
111.807,1.8643258044216247
111.80799999999999,1.8649363738811071
111.809,1.8655468499798227
111.81,1.8661572386353402
111.81100000000001,1.8667675457640471
111.812,1.8673777772810465
111.813,1.8679879391000624
111.81399999999999,1.8685980371333399
111.815,1.8692080772915454
111.816,1.8698180654836709
111.81700000000001,1.87042800761693
111.818,1.8710379095966672
111.819,1.8716477773262543
111.81999999999999,1.8722576167069935
111.821,1.872867433638024
111.822,1.8734772340162187
111.82299999999999,1.8740870237360885
111.824,1.8746968086896905
111.825,1.8753065947665226
111.82599999999999,1.875916387853434
111.827,1.876526193834525
111.828,1.8771360185910511
111.82899999999999,1.8777458680013286
111.83,1.8783557479406374
111.831,1.8789656642811223
111.83199999999999,1.8795756228917078
111.833,1.880185629637988
111.834,1.8807956903821443
111.83499999999999,1.8814058109828449
111.836,1.8820159972951469
111.837,1.8826262551704123
111.83799999999999,1.8832365904562027
111.839,1.8838470089961914
111.84,1.8844575166300688
111.84099999999999,1.8850681191934466
111.842,1.8856788225177687
111.843,1.8862896324302145
111.84399999999999,1.8869005547536049
111.845,1.887511595306318
111.846,1.8881227599021844
111.84699999999999,1.8887340543504061
111.848,1.8893454844554571
111.849,1.8899570560169976
111.84999999999999,1.8905687748297741
111.851,1.8911806466835412
111.852,1.8917926773629588
111.85299999999999,1.8924048726475067
111.854,1.8930172383113946
111.855,1.8936297801234681
111.85599999999999,1.8942425038471256
111.857,1.8948554152402219
111.858,1.8954685200549812
111.85899999999999,1.8960818240379107
111.86,1.8966953329297072
111.861,1.8973090524651721
111.86199999999999,1.8979229883731195
111.863,1.8985371463762939
111.864,1.8991515321912766
111.86499999999999,1.8997661515284003
111.866,1.9003810100916625
111.867,1.9009961135786393
111.86799999999999,1.9016114676803948
111.869,1.9022270780814012
111.87,1.9028429504594451
111.871,1.9034590904855477
111.872,1.9040755038238786
111.873,1.9046921961316636
111.874,1.9053091730591118
111.875,1.9059264402493188
111.876,1.9065440033381917
111.877,1.9071618679543585
111.878,1.9077800397190887
111.879,1.908398524246206
111.88,1.9090173271420108
111.881,1.9096364540051893
111.88200000000001,1.9102559104267369
111.883,1.9108757019898759
111.884,1.9114958342699695
111.88500000000001,1.9121163128344447
111.886,1.9127371432427052
111.887,1.9133583310460587
111.88800000000001,1.9139798817876281
111.889,1.9146018010022745
111.89,1.915224094216518
111.89100000000001,1.9158467669484558
111.892,1.9164698247076837
111.893,1.917093272995217
111.89400000000001,1.9177171173034135
111.895,1.9183413631158892
111.896,1.9189660159074489
111.89700000000001,1.9195910811439978
111.898,1.9202165642824731
111.899,1.920842470770765
111.90000000000001,1.9214688060476335
111.901,1.9220955755426381
111.902,1.9227227846760613
111.90300000000001,1.9233504388588294
111.904,1.9239785434924404
111.905,1.9246071039688855
111.90600000000001,1.9252361256705779
111.907,1.9258656139702741
111.908,1.9264955742310037
111.90900000000001,1.9271260118059939
111.91,1.9277569320385926
111.911,1.9283883402622017
111.91200000000001,1.9290202418002005
111.913,1.9296526419658724
111.914,1.9302855460623358
111.91500000000001,1.9309189593824687
111.916,1.9315528872088397
111.917,1.9321873348136367
111.91800000000001,1.9328223074585971
111.919,1.9334578103949323
111.92,1.9340938488632671
111.92100000000001,1.934730428093558
111.922,1.9353675533050367
111.923,1.9360052297061294
111.92400000000001,1.9366434624943971
111.925,1.9372822568564612
111.926,1.9379216179679424
111.92700000000001,1.9385615509933836
111.928,1.9392020610861924
111.929,1.9398431533885665
111.93000000000001,1.9404848330314368
111.931,1.9411271051343881
111.932,1.9417699748056054
111.93299999999999,1.942413447141802
111.934,1.9430575272281589
111.935,1.9437022201382546
111.93600000000001,1.944347530934007
111.937,1.9449934646656033
111.938,1.9456400263714428
111.93899999999999,1.9462872210780704
111.94,1.9469350538001113
111.941,1.9475835295402173
111.94200000000001,1.9482326532889949
111.943,1.9488824300249468
111.944,1.9495328647144188
111.94499999999999,1.9501839623115238
111.946,1.9508357277580954
111.947,1.9514881659836192
111.94799999999999,1.952141281905178
111.949,1.9527950804273884
111.95,1.9534495664423448
111.95099999999999,1.9541047448295603
111.952,1.954760620455906
111.953,1.9554171981755601
111.95399999999999,1.956074482829941
111.955,1.9567324792476581
111.956,1.9573911922444487
111.95699999999999,1.9580506266231303
111.958,1.9587107871735356
111.959,1.9593716786724609
111.95999999999999,1.9600333058836139
111.961,1.9606956735575549
111.962,1.9613587864316449
111.96299999999999,1.9620226492299877
111.964,1.962687266663381
111.965,1.9633526434292641
111.96599999999999,1.9640187842116599
111.967,1.9646856936811243
111.968,1.9653533764946993
111.96899999999999,1.9660218372958531
111.97,1.9666910807144364
111.971,1.9673611113666256
111.97199999999999,1.9680319338548777
111.973,1.9687035527678773
111.974,1.9693759726804876
111.97499999999999,1.9700491981536985
111.976,1.970723233734585
111.977,1.9713980839562515
111.97799999999999,1.9720737533377855
111.979,1.9727502463842144
111.98,1.9734275675864508
111.98099999999999,1.9741057214212541
111.982,1.974784712351177
111.983,1.9754645448245209
111.98399999999999,1.9761452232752941
111.985,1.9768267521231633
111.986,1.9775091357734114
111.98699999999999,1.9781923786168867
111.988,1.9788764850299656
111.989,1.9795614593745072
111.98999999999999,1.9802473059978105
111.991,1.9809340292325652
111.992,1.9816216333968217
111.99299999999999,1.982310122793937
111.994,1.9829995017125395
111.995,1.9836897744264874
111.996,1.9843809451948231
111.997,1.9850730182617402
111.998,1.9857659978565381
111.999,1.9864598881935824
112,1.9871546934722688
112.001,1.9878504178769822
112.002,1.9885470655770559
112.003,1.9892446407267426
112.004,1.9899431474651614
112.005,1.9906425899162765
112.006,1.9913429721888487
112.00700000000001,1.9920442983764073
112.008,1.9927465725572064
112.009,1.9934497987941961
112.01000000000001,1.994153981134982
112.011,1.9948591236117936
112.012,1.9955652302414484
112.01300000000001,1.9962723050253155
112.014,1.9969803519492888
112.015,1.9976893749837494
112.01600000000001,1.9983993780835276
112.017,1.9991103651878794
112.018,1.99982234022045
112.01900000000001,2.0005353070892431
112.02,2.0012492696865873
112.021,2.0019642318891071
112.02200000000001,2.0026801975576958
112.023,2.0033971705374785
112.024,2.0041151546577858
112.02500000000001,2.004834153732125
112.026,2.0055541715581509
112.027,2.0062752119176386
112.02800000000001,2.0069972785764478
112.029,2.0077203752845088
112.03,2.0084445057757812
112.03100000000001,2.0091696737682376
112.032,2.0098958829638272
112.033,2.0106231370484586
112.03400000000001,2.0113514396919694
112.035,2.0120807945481038
112.036,2.0128112052544784
112.03700000000001,2.0135426754325749
112.038,2.0142752086876952
112.039,2.0150088086089557
112.04000000000001,2.0157434787692519
112.041,2.0164792227252404
112.042,2.0172160440173159
112.04300000000001,2.0179539461695883
112.044,2.0186929326898593
112.045,2.0194330070696052
112.04600000000001,2.0201741727839488
112.047,2.0209164332916458
112.048,2.021659792035063
112.04900000000001,2.02240425244015
112.05,2.0231498179164333
112.051,2.0238964918569886
112.05200000000001,2.0246442776384175
112.053,2.0253931786208437
112.054,2.0261431981478788
112.05500000000001,2.026894339546617
112.056,2.0276466061276106
112.057,2.0284000011848513
112.05799999999999,2.0291545279957663
112.059,2.0299101898211855
112.06,2.030666989905336
112.06100000000001,2.0314249314758248
112.062,2.0321840177436203
112.063,2.0329442519030443
112.06399999999999,2.0337056371317517
112.065,2.0344681765907144
112.066,2.0352318734242187
112.06700000000001,2.0359967307598406
112.068,2.0367627517084399
112.069,2.0375299393641413
112.06999999999999,2.0382982968043315
112.071,2.0390678270896383
112.072,2.0398385332639255
112.07299999999999,2.0406104183542757
112.074,2.0413834853709876
112.075,2.042157737307559
112.07599999999999,2.0429331771406805
112.077,2.0437098078302243
112.078,2.0444876323192345
112.07899999999999,2.0452666535339201
112.08,2.046046874383646
112.081,2.0468282977609213
112.08199999999999,2.0476109265413993
112.083,2.0483947635838629
112.084,2.0491798117302173
112.08499999999999,2.0499660738054915
112.086,2.0507535526178184
112.087,2.0515422509584473
112.08799999999999,2.0523321716017171
112.089,2.0531233173050687
112.09,2.0539156908090277
112.09099999999999,2.0547092948372079
112.092,2.0555041320963032
112.093,2.0563002052760826
112.09399999999999,2.0570975170493893
112.095,2.0578960700721391
112.096,2.0586958669833102
112.09699999999999,2.0594969104049468
112.098,2.0602992029421574
112.099,2.0611027471831065
112.09999999999999,2.0619075456990199
112.101,2.0627136010441816
112.102,2.0635209157559276
112.10299999999999,2.0643294923546556
112.104,2.0651393333438133
112.105,2.0659504412099077
112.10599999999999,2.0667628184225002
112.107,2.0675764674342085
112.108,2.0683913906807092
112.10899999999999,2.0692075905807368
112.11,2.0700250695360864
112.111,2.0708438299316194
112.11199999999999,2.0716638741352567
112.113,2.0724852044979905
112.114,2.073307823353884
112.11499999999999,2.074131733020073
112.116,2.0749569357967714
112.117,2.075783433967274
112.11799999999999,2.0766112297979626
112.119,2.0774403255383103
112.12,2.0782707234208821
112.121,2.0791024256613455
112.122,2.0799354344584735
112.123,2.0807697519941515
112.124,2.0816053804333796
112.125,2.0824423219242854
112.126,2.0832805785981252
112.127,2.0841201525692941
112.128,2.0849610459353318
112.129,2.0858032607769288
112.13,2.0866467991579389
112.131,2.087491663125383
112.13200000000001,2.088337854709458
112.133,2.0891853759235484
112.134,2.0900342287642322
112.13500000000001,2.0908844152112929
112.136,2.0917359372277251
112.137,2.0925887967597507
112.13800000000001,2.0934429957368241
112.139,2.0942985360716406
112.14,2.0951554196601547
112.14100000000001,2.0960136483815868
112.142,2.0968732240984318
112.143,2.0977341486564747
112.14400000000001,2.0985964238848038
112.145,2.0994600515958157
112.146,2.1003250335852375
112.14700000000001,2.1011913716321287
112.148,2.1020590674989048
112.149,2.1029281229313419
112.15000000000001,2.1037985396585954
112.151,2.104670319393211
112.152,2.1055434638311414
112.15300000000001,2.1064179746517566
112.154,2.1072938535178625
112.155,2.1081711020757119
112.15600000000001,2.1090497219550248
112.157,2.1099297147689962
112.158,2.110811082114318
112.15900000000001,2.111693825571193
112.16,2.1125779467033499
112.161,2.1134634470580589
112.16200000000001,2.1143503281661529
112.163,2.115238591542036
112.164,2.1161282386837108
112.16500000000001,2.1170192710727851
112.166,2.1179116901744979
112.167,2.1188054974377328
112.16800000000001,2.1197006942950374
112.169,2.1205972821626395
112.17,2.1214952624404702
112.17100000000001,2.1223946365121744
112.172,2.1232954057451412
112.173,2.1241975714905101
112.17400000000001,2.1251011350832014
112.175,2.1260060978419286
112.176,2.1269124610692232
112.17700000000001,2.1278202260514494
112.178,2.1287293940588308
112.179,2.1296399663454619
112.18000000000001,2.130551944149341
112.181,2.1314653286923786
112.182,2.132380121180427
112.18299999999999,2.1332963228032975
112.184,2.1342139347347842
112.185,2.135132958132683
112.18600000000001,2.136053394138818
112.187,2.1369752438790575
112.188,2.1378985084633415
112.18899999999999,2.1388231889857048
112.19,2.1397492865242911
112.191,2.1406768021413871
112.19200000000001,2.1416057368834398
112.193,2.1425360917810794
112.194,2.1434678678491461
112.19499999999999,2.1444010660867092
112.196,2.1453356874770964
112.197,2.1462717329879126
112.19799999999999,2.1472092035710668
112.199,2.1481481001627989
112.2,2.1490884236836987
112.20099999999999,2.1500301750387352
112.202,2.1509733551172787
112.203,2.1519179647931308
112.20399999999999,2.1528640049245427
112.205,2.1538114763542446
112.206,2.1547603799094728
112.20699999999999,2.1557107164019929
112.208,2.1566624866281257
112.209,2.1576156913687763
112.20999999999999,2.1585703313894546
112.211,2.1595264074403113
112.212,2.1604839202561545
112.21299999999999,2.1614428705564812
112.214,2.1624032590455045
112.215,2.1633650864121821
112.21599999999999,2.1643283533302382
112.217,2.1652930604581946
112.218,2.166259208439401
112.21899999999999,2.1672267979020559
112.22,2.1681958294592416
112.221,2.1691663037089453
112.22199999999999,2.1701382212340925
112.223,2.1711115826025735
112.224,2.172086388367271
112.22499999999999,2.1730626390660892
112.226,2.1740403352219837
112.227,2.1750194773429885
112.22799999999999,2.176000065922246
112.229,2.1769821014380355
112.23,2.1779655843538008
112.23099999999999,2.1789505151181854
112.232,2.1799368941650545
112.233,2.1809247219135286
112.23399999999999,2.1819139987680134
112.235,2.1829047251182274
112.236,2.1838969013392342
112.23699999999999,2.1848905277914703
112.238,2.1858856048207764
112.239,2.1868821327584302
112.23999999999999,2.1878801119211695
112.241,2.1888795426112306
112.242,2.1898804251163733
112.24299999999999,2.190882759709917
112.244,2.1918865466507653
112.245,2.1928917861834401
112.246,2.1938984785381113
112.247,2.1949066239306343
112.248,2.1959162225625679
112.249,2.1969272746212178
112.25,2.1979397802796621
112.251,2.1989537396967842
112.252,2.1999691530173058
112.253,2.2009860203718121
112.254,2.2020043418767927
112.255,2.2030241176346674
112.256,2.2040453477338184
112.25700000000001,2.205068032248624
112.258,2.2060921712394883
112.259,2.2071177647528768
112.26000000000001,2.2081448128213461
112.261,2.2091733154635755
112.262,2.2102032726843985
112.26300000000001,2.211234684474841
112.264,2.212267550812145
112.265,2.2133018716598092
112.26600000000001,2.2143376469676141
112.267,2.2153748766716621
112.268,2.2164135606944027
112.26900000000001,2.2174536989446714
112.27,2.2184952913177178
112.271,2.219538337695242
112.27200000000001,2.2205828379454249
112.273,2.2216287919229623
112.274,2.2226761994690967
112.27500000000001,2.2237250604116507
112.276,2.2247753745650631
112.277,2.2258271417304165
112.27800000000001,2.226880361695474
112.279,2.2279350342347106
112.28,2.2289911591093485
112.28100000000001,2.2300487360673893
112.282,2.231107764843645
112.283,2.2321682451597731
112.28400000000001,2.2332301767243141
112.285,2.2342935592327162
112.286,2.2353583923673721
112.28700000000001,2.2364246757976582
112.288,2.2374924091799615
112.289,2.2385615921577129
112.29000000000001,2.2396322243614235
112.291,2.2407043054087157
112.292,2.2417778349043616
112.29300000000001,2.2428528124403084
112.294,2.2439292375957178
112.295,2.2450071099369993
112.29600000000001,2.2460864290178404
112.297,2.2471671943792435
112.298,2.2482494055495561
112.29900000000001,2.2493330620445078
112.3,2.2504181633672413
112.301,2.2515047090083478
112.30200000000001,2.2525926984458975
112.303,2.2536821311454758
112.304,2.2547730065602183
112.30500000000001,2.2558653241308391
112.306,2.2569590832856674
112.307,2.2580542834406829
112.30799999999999,2.2591509239995453
112.309,2.2602490043536307
112.31,2.2613485238820616
112.31100000000001,2.2624494819517467
112.312,2.2635518779174069
112.313,2.264655711121613
112.31399999999999,2.2657609808948176
112.315,2.2668676865553889
112.316,2.267975827409646
112.31700000000001,2.269085402751887
112.318,2.2701964118644269
112.319,2.2713088540176294
112.31999999999999,2.2724227284699396
112.321,2.2735380344679186
112.322,2.2746547712462721
112.32299999999999,2.2757729380278922
112.324,2.2768925340238804
112.325,2.2780135584335883
112.32599999999999,2.2791360104446445
112.327,2.2802598892329953
112.328,2.2813851939629277
112.32899999999999,2.2825119237871117
112.33,2.2836400778466253
112.331,2.2847696552709933
112.33199999999999,2.2859006551782164
112.333,2.2870330766748044
112.334,2.2881669188558091
112.33499999999999,2.2893021808048584
112.336,2.2904388615941844
112.337,2.291576960284663
112.33799999999999,2.2927164759258369
112.339,2.2938574075559552
112.34,2.2949997542020055
112.34099999999999,2.2961435148797404
112.342,2.2972886885937127
112.343,2.2984352743373115
112.34399999999999,2.299583271092787
112.345,2.3007326778312875
112.346,2.3018834935128893
112.34699999999999,2.303035717086626
112.348,2.304189347490528
112.349,2.3053443836516454
112.34999999999999,2.3065008244860814
112.351,2.3076586688990295
112.352,2.3088179157847968
112.35299999999999,2.309978564026844
112.354,2.3111406124978049
112.355,2.3123040600595313
112.35599999999999,2.3134689055631119
112.357,2.3146351478489109
112.358,2.3158027857465968
112.35899999999999,2.3169718180751708
112.36,2.3181422436429999
112.361,2.3193140612478489
112.36199999999999,2.3204872696769061
112.363,2.3216618677068181
112.364,2.3228378541037173
112.36499999999999,2.3240152276232564
112.366,2.3251939870106315
112.367,2.3263741310006165
112.36799999999999,2.3275556583175958
112.369,2.328738567675587
112.37,2.3299228577782767
112.371,2.3311085273190457
112.372,2.3322955749810026
112.373,2.3334839994370107
112.374,2.3346737993497149
112.375,2.3358649733715775
112.376,2.3370575201449002
112.377,2.3382514383018584
112.378,2.3394467264645256
112.379,2.3406433832449061
112.38,2.3418414072449605
112.381,2.3430407970566356
112.38200000000001,2.3442415512618942
112.383,2.3454436684327371
112.384,2.3466471471312405
112.38500000000001,2.3478519859095783
112.386,2.3490581833100492
112.387,2.3502657378651053
112.38800000000001,2.3514746480973834
112.389,2.3526849125197287
112.39,2.3538965296352226
112.39100000000001,2.3551094979372094
112.392,2.356323815909326
112.393,2.3575394820255258
112.39400000000001,2.358756494750109
112.395,2.3599748525377442
112.396,2.3611945538335011
112.39700000000001,2.362415597072872
112.398,2.3636379806818013
112.399,2.3648617030767083
112.40000000000001,2.3660867626645161
112.401,2.3673131578426787
112.402,2.3685408869992011
112.40300000000001,2.36976994851267
112.404,2.3710003407522793
112.405,2.3722320620778508
112.40600000000001,2.3734651108398652
112.407,2.3746994853794812
112.408,2.3759351840285667
112.40900000000001,2.3771722051097175
112.41,2.3784105469362875
112.411,2.3796502078124075
112.41200000000001,2.3808911860330131
112.413,2.3821334798838691
112.414,2.3833770876415925
112.41500000000001,2.3846220075736739
112.416,2.3858682379385048
112.417,2.3871157769854006
112.41800000000001,2.3883646229546232
112.419,2.389614774077403
112.42,2.390866228575963
112.42100000000001,2.3921189846635418
112.422,2.393373040544418
112.423,2.3946283944139313
112.42400000000001,2.3958850444585007
112.425,2.3971429888556544
112.426,2.3984022257740483
112.42700000000001,2.3996627533734847
112.428,2.4009245698049422
112.429,2.4021876732105878
112.43000000000001,2.4034520617238053
112.431,2.4047177334692136
112.432,2.4059846865626882
112.43299999999999,2.407252919111381
112.434,2.4085224292137459
112.435,2.409793214959552
112.43600000000001,2.4110652744299101
112.437,2.4123386056972898
112.438,2.41361320682554
112.43899999999999,2.4148890758699126
112.44,2.4161662108770727
112.441,2.4174446098851319
112.44200000000001,2.4187242709236543
112.443,2.4200051920136829
112.444,2.4212873711677609
112.44499999999999,2.4225708063899418
112.446,2.4238554956758178
112.447,2.4251414370125324
112.44799999999999,2.4264286283787979
112.449,2.427717067744918
112.45,2.4290067530728052
112.45099999999999,2.4302976823159939
112.452,2.4315898534196636
112.453,2.4328832643206515
112.45399999999999,2.4341779129474754
112.455,2.4354737972203431
112.456,2.4367709150511798
112.45699999999999,2.4380692643436324
112.458,2.4393688429930975
112.459,2.4406696488867294
112.45999999999999,2.4419716799034621
112.461,2.4432749339140196
112.462,2.4445794087809385
112.46299999999999,2.4458851023585768
112.464,2.4471920124931335
112.465,2.4485001370226644
112.46599999999999,2.4498094737770941
112.467,2.4511200205782311
112.468,2.4524317752397877
112.46899999999999,2.4537447355673843
112.47,2.455058899358578
112.471,2.4563742644028617
112.47199999999999,2.4576908284816872
112.473,2.4590085893684783
112.474,2.4603275448286426
112.47499999999999,2.4616476926195809
112.476,2.462969030490711
112.477,2.464291556183468
112.47799999999999,2.4656152674313292
112.479,2.466940161959815
112.48,2.4682662374865121
112.48099999999999,2.4695934917210769
112.482,2.4709219223652545
112.483,2.472251527112884
112.48399999999999,2.4735823036499163
112.485,2.4749142496544212
112.486,2.4762473627966024
112.48699999999999,2.4775816407388027
112.488,2.4789170811355219
112.489,2.4802536816334229
112.48999999999999,2.4815914398713428
112.491,2.4829303534803047
112.492,2.4842704200835275
112.49299999999999,2.4856116372964316
112.494,2.4869540027266579
112.495,2.4882975139740675
112.496,2.4896421686307555
112.497,2.4909879642810617
112.498,2.4923348985015759
112.499,2.493682968861147
112.5,2.4950321729208973
112.501,2.4963825082342219
112.502,2.4977339723468028
112.503,2.4990865627966179
112.504,2.5004402771139413
112.505,2.5017951128213602
112.506,2.5031510674337749
112.50700000000001,2.5045081384584122
112.508,2.5058663233948253
112.509,2.5072256197349061
112.51000000000001,2.5085860249628906
112.511,2.509947536555365
112.512,2.5113101519812688
112.51300000000001,2.5126738687019077
112.514,2.5140386841709521
112.515,2.5154045958344482
112.51600000000001,2.5167716011308201
112.517,2.518139697490875
112.518,2.5195088823378109
112.51900000000001,2.5208791530872197
112.52,2.5222505071470906
112.521,2.5236229419178184
112.52200000000001,2.5249964547922019
112.523,2.5263710431554536
112.524,2.5277467043852004
112.52500000000001,2.5291234358514889
112.526,2.5305012349167857
112.527,2.5318800989359875
112.52800000000001,2.5332600252564146
112.529,2.5346410112178206
112.53,2.5360230541523947
112.53100000000001,2.5374061513847619
112.532,2.5387903002319865
112.533,2.5401754980035727
112.53400000000001,2.5415617420014689
112.535,2.5429490295200687
112.536,2.544337357846211
112.53700000000001,2.5457267242591821
112.538,2.5471171260307179
112.539,2.5485085604250042
112.54000000000001,2.5499010246986766
112.541,2.5512945161008211
112.542,2.552689031872978
112.54300000000001,2.5540845692491354
112.544,2.555481125455735
112.545,2.5568786977116718
112.54600000000001,2.5582772832282883
112.547,2.5596768792093796
112.548,2.5610774828511897
112.54900000000001,2.5624790913424129
112.55,2.5638817018641888
112.551,2.565285311590106
112.55200000000001,2.5666899176861948
112.553,2.5680955173109323
112.554,2.5695021076152336
112.55500000000001,2.5709096857424565
112.556,2.5723182488283913
112.557,2.5737277940012673
112.55799999999999,2.5751383183817427
112.559,2.5765498190829059
112.56,2.5779622932102702
112.56100000000001,2.579375737861775
112.562,2.5807901501277772
112.563,2.5822055270910482
112.56399999999999,2.5836218658267747
112.565,2.5850391634025494
112.566,2.5864574168783725
112.56700000000001,2.5878766233066406
112.568,2.5892967797321478
112.569,2.5907178831920796
112.56999999999999,2.5921399307160078
112.571,2.5935629193258842
112.572,2.5949868460360377
112.57299999999999,2.5964117078531674
112.574,2.5978375017763393
112.575,2.5992642247969786
112.57599999999999,2.6006918738988607
112.577,2.6021204460581124
112.578,2.6035499382432032
112.57899999999999,2.6049803474149336
112.58,2.6064116705264353
112.581,2.6078439045231616
112.58199999999999,2.6092770463428812
112.583,2.6107110929156701
112.584,2.6121460411639035
112.58499999999999,2.6135818880022521
112.586,2.6150186303376719
112.587,2.616456265069397
112.58799999999999,2.6178947890889304
112.589,2.6193341992800376
112.59,2.6207744925187386
112.59099999999999,2.6222156656732989
112.592,2.6236577156042178
112.593,2.6251006391642271
112.59399999999999,2.6265444331982746
112.595,2.6279890945435196
112.596,2.6294346200293215
112.59699999999999,2.6308810064772308
112.598,2.6323282507009824
112.599,2.6337763495064803
112.59999999999999,2.6352252996917924
112.601,2.6366750980471392
112.602,2.6381257413548829
112.60299999999999,2.6395772263895183
112.604,2.6410295499176599
112.605,2.6424827086980351
112.60599999999999,2.6439366994814693
112.607,2.6453915190108797
112.608,2.6468471640212567
112.60899999999999,2.6483036312396631
112.61,2.6497609173852124
112.611,2.6512190191690648
112.61199999999999,2.6526779332944104
112.613,2.6541376564564607
112.614,2.6555981853424351
112.61499999999999,2.6570595166315507
112.616,2.6585216469950046
112.617,2.6599845730959686
112.61799999999999,2.6614482915895716
112.619,2.6629127991228918
112.62,2.6643780923349358
112.621,2.6658441678566334
112.622,2.6673110223108218
112.623,2.6687786523122314
112.624,2.6702470544674726
112.625,2.6717162253750231
112.626,2.6731861616252139
112.627,2.6746568598002174
112.628,2.676128316474029
112.629,2.6776005282124555
112.63,2.679073491573102
112.631,2.680547203105359
112.63200000000001,2.6820216593503807
112.633,2.6834968568410771
112.634,2.6849727921020992
112.63500000000001,2.6864494616498202
112.636,2.6879268619923251
112.637,2.6894049896293888
112.63800000000001,2.6908838410524698
112.639,2.6923634127446876
112.64,2.6938437011808132
112.64100000000001,2.6953247028272456
112.642,2.696806414142003
112.643,2.6982888315747076
112.64400000000001,2.6997719515665635
112.645,2.7012557705503433
112.646,2.7027402849503757
112.64700000000001,2.7042254911825254
112.648,2.7057113856541761
112.649,2.7071979647642164
112.65000000000001,2.7086852249030224
112.651,2.710173162452441
112.652,2.7116617737857722
112.65300000000001,2.7131510552677529
112.654,2.7146410032545392
112.655,2.7161316140936935
112.65600000000001,2.7176228841241601
112.657,2.7191148096762516
112.658,2.7206073870716327
112.65900000000001,2.7221006126233012
112.66,2.7235944826355696
112.661,2.7250889934040492
112.66200000000001,2.7265841412156293
112.663,2.7280799223484644
112.664,2.729576333071952
112.66500000000001,2.7310733696467127
112.666,2.7325710283245783
112.667,2.7340693053485694
112.66800000000001,2.7355681969528778
112.669,2.7370676993628451
112.67,2.7385678087949503
112.67100000000001,2.7400685214567879
112.672,2.7415698335470484
112.673,2.7430717412554979
112.67400000000001,2.7445742407629647
112.675,2.7460773282413165
112.676,2.7475809998534424
112.67700000000001,2.7490852517532312
112.678,2.7505900800855572
112.679,2.7520954809862563
112.68000000000001,2.7536014505821127
112.681,2.7551079849908287
112.682,2.7566150803210165
112.68299999999999,2.7581227326721733
112.684,2.7596309381346633
112.685,2.7611396927896941
112.68600000000001,2.7626489927093036
112.687,2.7641588339563343
112.688,2.765669212584418
112.68899999999999,2.7671801246379508
112.69,2.7686915661520772
112.691,2.7702035331526709
112.69200000000001,2.7717160216563097
112.693,2.7732290276702583
112.694,2.7747425471924503
112.69499999999999,2.7762565762114639
112.696,2.7777711107065048
112.697,2.7792861466473813
112.69799999999999,2.7808016799944908
112.699,2.7823177066987927
112.7,2.7838342227017931
112.70099999999999,2.7853512239355189
112.702,2.7868687063225019
112.703,2.7883866657757559
112.70399999999999,2.7899050981987585
112.705,2.7914239994854237
112.706,2.7929433655200899
112.70699999999999,2.7944631921774943
112.708,2.7959834753227519
112.709,2.7975042108113355
112.70999999999999,2.7990253944890546
112.711,2.8005470221920357
112.712,2.8020690897467002
112.71299999999999,2.803591592969743
112.714,2.8051145276681115
112.715,2.8066378896389867
112.71599999999999,2.8081616746697597
112.717,2.8096858785380099
112.718,2.811210497011488
112.71899999999999,2.8127355258480908
112.72,2.8142609607958433
112.721,2.8157867975928732
112.72199999999999,2.8173130319673936
112.723,2.8188396596376815
112.724,2.8203666763120538
112.72499999999999,2.8218940776888504
112.726,2.823421859456408
112.727,2.8249500172930433
112.72799999999999,2.8264785468670288
112.729,2.8280074438365745
112.73,2.8295367038498007
112.73099999999999,2.8310663225447255
112.732,2.8325962955492368
112.733,2.8341266184810734
112.73399999999999,2.8356572869478036
112.735,2.8371882965468034
112.736,2.8387196428652381
112.73699999999999,2.8402513214800358
112.738,2.8417833279578697
112.739,2.8433156578551397
112.73999999999999,2.8448483067179433
112.741,2.8463812700820621
112.742,2.8479145434729367
112.74299999999999,2.8494481224056449
112.744,2.8509820023848866
112.745,2.8525161789049531
112.746,2.8540506474497125
112.747,2.85558540349259
112.748,2.8571204424965417
112.749,2.8586557599140345
112.75,2.8601913511870309
112.751,2.8617272117469592
112.752,2.8632633370147014
112.753,2.8647997224005652
112.754,2.8663363633042653
112.755,2.8678732551149064
112.756,2.8694103932109565
112.75700000000001,2.8709477729602306
112.758,2.8724853897198668
112.759,2.8740232388363074
112.76000000000001,2.8755613156452791
112.761,2.8770996154717707
112.762,2.8786381336300124
112.76300000000001,2.8801768654234561
112.764,2.8817158061447561
112.765,2.8832549510757461
112.76600000000001,2.8847942954874206
112.767,2.8863338346399146
112.768,2.8878735637824819
112.76900000000001,2.8894134781534779
112.77,2.8909535729803357
112.771,2.892493843479548
112.77200000000001,2.8940342848566472
112.773,2.895574892306187
112.774,2.8971156610117186
112.77500000000001,2.8986565861457723
112.776,2.9001976628698407
112.777,2.9017388863343561
112.77800000000001,2.9032802516786691
112.779,2.904821754031035
112.78,2.9063633885085891
112.78100000000001,2.9079051502173296
112.782,2.9094470342520959
112.783,2.9109890356965527
112.78400000000001,2.9125311496231694
112.785,2.9140733710932007
112.786,2.9156156951566676
112.78700000000001,2.9171581168523368
112.788,2.9187006312077064
112.789,2.9202432332389847
112.79000000000001,2.9217859179510683
112.791,2.9233286803375291
112.792,2.9248715153805906
112.79300000000001,2.9264144180511167
112.794,2.9279573833085832
112.795,2.9295004061010697
112.79600000000001,2.9310434813652337
112.797,2.9325866040262984
112.798,2.9341297689980324
112.79900000000001,2.9356729711827287
112.8,2.9372162054711928
112.801,2.9387594667427228
112.80200000000001,2.9403027498650891
112.803,2.9418460496945213
112.804,2.9433893610756878
112.80500000000001,2.944932678841683
112.806,2.9464759978140025
112.807,2.9480193128025327
112.80799999999999,2.9495626186055337
112.809,2.9511059100096202
112.81,2.9526491817897424
112.81100000000001,2.9541924287091788
112.812,2.9557356455195087
112.813,2.957278826960605
112.81399999999999,2.9588219677606107
112.815,2.9603650626359297
112.816,2.961908106291204
112.81700000000001,2.9634510934193066
112.818,2.9649940187013173
112.819,2.9665368768065115
112.81999999999999,2.9680796623923458
112.821,2.9696223701044424
112.822,2.9711649945765681
112.82299999999999,2.9727075304306294
112.824,2.9742499722766502
112.825,2.9757923147127618
112.82599999999999,2.9773345523251828
112.827,2.9788766796882111
112.828,2.9804186913642061
112.82899999999999,2.9819605819035755
112.83,2.9835023458447596
112.831,2.9850439777142217
112.83199999999999,2.9865854720264311
112.833,2.9881268232838498
112.834,2.9896680259769206
112.83499999999999,2.9912090745840541
112.836,2.9927499635716135
112.837,2.9942906873939044
112.83799999999999,2.9958312404931595
112.839,2.9973716172995304
112.84,2.9989118122310687
112.84099999999999,3.0004518196937218
112.842,3.0019916340813122
112.843,3.0035312497755338
112.84399999999999,3.0050706611459344
112.845,3.006609862549908
112.846,3.0081488483326795
112.84699999999999,3.0096876128272987
112.848,3.0112261503546232
112.849,3.0127644552233153
112.84999999999999,3.0143025217298227
112.851,3.0158403441583741
112.852,3.0173779167809673
112.85299999999999,3.0189152338573595
112.854,3.0204522896350552
112.855,3.0219890783492991
112.85599999999999,3.0235255942230652
112.857,3.0250618314670494
112.858,3.0265977842796561
112.85899999999999,3.028133446846994
112.86,3.0296688133428646
112.861,3.0312038779287542
112.86199999999999,3.0327386347538261
112.863,3.0342730779549099
112.864,3.0358072016564988
112.86499999999999,3.0373409999707368
112.866,3.0388744669974104
112.867,3.0404075968239477
112.86799999999999,3.0419403835254037
112.869,3.0434728211644608
112.87,3.0450049037914124
112.871,3.0465366254441655
112.872,3.0480679801482307
112.873,3.0495989619167152
112.874,3.0511295647503154
112.875,3.0526597826373179
112.876,3.054189609553585
112.877,3.0557190394625575
112.878,3.0572480663152448
112.879,3.0587766840502177
112.88,3.0603048865936127
112.881,3.0618326678591181
112.88200000000001,3.0633600217479766
112.883,3.0648869421489757
112.884,3.0664134229384463
112.88500000000001,3.0679394579802635
112.886,3.0694650411258362
112.887,3.0709901662141053
112.88800000000001,3.0725148270715472
112.889,3.0740390175121628
112.89,3.0755627313374814
112.89100000000001,3.0770859623365534
112.892,3.0786087042859518
112.893,3.080130950949771
112.89400000000001,3.0816526960796229
112.895,3.0831739334146344
112.896,3.084694656681453
112.89700000000001,3.0862148595942376
112.898,3.0877345358546662
112.899,3.0892536791519265
112.90000000000001,3.0907722831627256
112.901,3.0922903415512826
112.902,3.0938078479693329
112.90300000000001,3.0953247960561265
112.904,3.0968411794384343
112.905,3.0983569917305402
112.90600000000001,3.0998722265342518
112.907,3.1013868774388946
112.908,3.1029009380213206
112.90900000000001,3.1044144018459057
112.91,3.105927262464554
112.911,3.1074395134166992
112.91200000000001,3.1089511482293104
112.913,3.1104621604168932
112.914,3.1119725434814924
112.91500000000001,3.1134822909126973
112.916,3.1149913961876461
112.917,3.1164998527710295
112.91800000000001,3.1180076541150954
112.919,3.1195147936596497
112.92,3.1210212648320708
112.92100000000001,3.1225270610473066
112.922,3.1240321757078826
112.923,3.1255366022039062
112.92400000000001,3.1270403339130786
112.925,3.128543364200695
112.926,3.1300456864196549
112.92700000000001,3.1315472939104643
112.928,3.13304818000125
112.929,3.1345483380077619
112.93000000000001,3.136047761233383
112.931,3.1375464429691355
112.932,3.1390443764936915
112.93299999999999,3.1405415550733817
112.934,3.1420379719622016
112.935,3.1435336204018212
112.93600000000001,3.1450284936215982
112.937,3.1465225848385856
112.938,3.1480158872575372
112.93899999999999,3.1495083940709252
112.94,3.1510000984589479
112.941,3.1524909935895393
112.94200000000001,3.1539810726183819
112.943,3.1554703286889159
112.944,3.1569587549323543
112.94499999999999,3.158446344467694
112.946,3.1599330904017258
112.947,3.1614189858290502
112.94799999999999,3.1629040238320867
112.949,3.164388197481093
112.95,3.165871499834171
112.95099999999999,3.1673539239372865
112.952,3.1688354628242803
112.953,3.1703161095168841
112.95399999999999,3.1717958570247351
112.955,3.1732746983453883
112.956,3.174752626464338
112.95699999999999,3.176229634355026
112.958,3.1777057149788637
112.959,3.1791808612852428
112.95999999999999,3.1806550662115582
112.961,3.182128322683218
112.962,3.1836006236136676
112.96299999999999,3.1850719619044003
112.964,3.1865423304449814
112.965,3.1880117221130599
112.96599999999999,3.1894801297743944
112.967,3.190947546282862
112.968,3.1924139644804894
112.96899999999999,3.1938793771974607
112.97,3.1953437772521451
112.971,3.196807157451111
112.97199999999999,3.1982695105891521
112.973,3.1997308294493036
112.974,3.201191106802864
112.97499999999999,3.2026503354094173
112.976,3.2041085080168523
112.977,3.2055656173613882
112.97799999999999,3.207021656167595
112.979,3.2084766171484125
112.98,3.2099304930051789
112.98099999999999,3.2113832764276502
112.982,3.2128349600940256
112.983,3.2142855366709662
112.98399999999999,3.215734998813629
112.985,3.2171833391656817
112.986,3.2186305503593315
112.98699999999999,3.2200766250153503
112.988,3.2215215557430996
112.989,3.2229653351405547
112.98999999999999,3.2244079557943355
112.991,3.2258494102797246
112.992,3.227289691160701
112.99299999999999,3.228728790989968
112.994,3.2301667023089728
112.995,3.2316034176479396
112.996,3.2330389295258986
112.997,3.2344732304507113
112.998,3.2359063129191008
112.999,3.2373381694166783
113,3.2387687924179756
113.001,3.2401981743864754
113.002,3.2416263077746348
113.003,3.2430531850239257
113.004,3.2444787985648538
113.005,3.2459031408170005
113.006,3.2473262041890472
113.00700000000001,3.2487479810788065
113.008,3.2501684638732611
113.009,3.2515876449485903
113.01000000000001,3.2530055166701999
113.011,3.254422071392765
113.012,3.2558373014602529
113.01300000000001,3.2572511992059656
113.014,3.2586637569525658
113.015,3.2600749670121143
113.01600000000001,3.2614848216861105
113.017,3.2628933132655171
113.018,3.2643004340307997
113.01900000000001,3.2657061762519684
113.02,3.2671105321886036
113.021,3.268513494089901
113.02200000000001,3.2699150541947026
113.023,3.2713152047315335
113.024,3.2727139379186467
113.02500000000001,3.2741112459640505
113.026,3.2755071210655542
113.027,3.2769015554108045
113.02800000000001,3.2782945411773206
113.029,3.2796860705325397
113.03,3.2810761356338505
113.03100000000001,3.2824647286286348
113.032,3.283851841654311
113.033,3.2852374668383697
113.03400000000001,3.2866215962984153
113.035,3.2880042221422121
113.036,3.2893853364677166
113.03700000000001,3.29076493136313
113.038,3.2921429989069315
113.039,3.2935195311679224
113.04000000000001,3.2948945202052786
113.041,3.2962679580685768
113.042,3.2976398367978499
113.04300000000001,3.2990101484236325
113.044,3.3003788849669937
113.045,3.3017460384395956
113.04600000000001,3.3031116008437258
113.047,3.3044755641723484
113.048,3.3058379204091537
113.04900000000001,3.3071986615285947
113.05,3.3085577794959398
113.051,3.309915266267319
113.05199999999999,3.3112711137897675
113.053,3.3126253140012789
113.054,3.3139778588308459
113.05500000000001,3.3153287401985105
113.056,3.3166779500154187
113.057,3.3180254801838585
113.05799999999999,3.3193713225973145
113.059,3.3207154691405232
113.06,3.3220579116895075
113.06100000000001,3.3233986421116435
113.062,3.3247376522656995
113.063,3.3260749340018898
113.06399999999999,3.3274104791619288
113.065,3.328744279579078
113.066,3.3300763270781992
113.06700000000001,3.3314066134758109
113.068,3.3327351305801334
113.069,3.3340618701911473
113.06999999999999,3.3353868241006435
113.071,3.3367099840922765
113.072,3.3380313419416234
113.07300000000001,3.3393508894162314
113.074,3.3406686182756742
113.075,3.3419845202716103
113.07599999999999,3.3432985871478342
113.077,3.3446108106403343
113.078,3.3459211824773476
113.07899999999999,3.3472296943794135
113.08,3.3485363380594384
113.081,3.349841105222743
113.08199999999999,3.3511439875671245
113.083,3.3524449767829152
113.084,3.3537440645530374
113.08499999999999,3.3550412425530638
113.086,3.356336502451275
113.087,3.3576298359087176
113.08799999999999,3.3589212345792667
113.089,3.3602106901096827
113.09,3.3614981941396698
113.09099999999999,3.3627837383019439
113.092,3.364067314222281
113.093,3.3653489135195924
113.09399999999999,3.3666285278059727
113.095,3.3679061486867701
113.096,3.3691817677606459
113.09699999999999,3.3704553766196357
113.098,3.3717269668492125
113.099,3.3729965300283542
113.09999999999999,3.3742640577295959
113.101,3.375529541519108
113.102,3.3767929729567481
113.10299999999999,3.3780543435961299
113.104,3.379313644984693
113.105,3.3805708686637566
113.10599999999999,3.3818260061685939
113.107,3.3830790490284963
113.108,3.3843299887668357
113.10899999999999,3.3855788169011354
113.11,3.3868255249431325
113.111,3.3880701043988477
113.11199999999999,3.3893125467686529
113.113,3.3905528435473364
113.114,3.391790986224172
113.11499999999999,3.3930269662829899
113.116,3.3942607752022398
113.117,3.3954924044550654
113.11799999999999,3.3967218455093704
113.119,3.3979490898278888
113.12,3.3991741288682547
113.121,3.4003969540830745
113.122,3.4016175569199927
113.123,3.4028359288217702
113.124,3.4040520612263467
113.125,3.4052659455669207
113.126,3.4064775732720145
113.127,3.4076869357655499
113.128,3.4088940244669215
113.129,3.4100988307910662
113.13,3.4113013461485395
113.131,3.4125015619455876
113.13200000000001,3.4136994695842193
113.133,3.4148950604622854
113.134,3.4160883259735462
113.13500000000001,3.41727925750775
113.136,3.4184678464507114
113.137,3.419654084184379
113.13800000000001,3.4208379620869169
113.139,3.4220194715327792
113.14,3.4231986038927831
113.14100000000001,3.4243753505341923
113.142,3.4255497028207862
113.143,3.4267216521129424
113.14400000000001,3.4278911897677133
113.145,3.4290583071389005
113.146,3.4302229955771386
113.14700000000001,3.4313852464299681
113.148,3.4325450510419171
113.149,3.4337024007545804
113.15000000000001,3.4348572869066976
113.151,3.4360097008342323
113.152,3.4371596338704551
113.15300000000001,3.4383070773460203
113.154,3.4394520225890477
113.155,3.4405944609252046
113.15600000000001,3.4417343836777827
113.157,3.4428717821677877
113.158,3.4440066477140117
113.15900000000001,3.4451389716331198
113.16,3.4462687452397351
113.161,3.4473959598465127
113.16200000000001,3.4485206067642338
113.163,3.4496426773018785
113.164,3.4507621627667158
113.16500000000001,3.4518790544643876
113.166,3.4529933436989846
113.167,3.4541050217731399
113.16800000000001,3.4552140799881101
113.169,3.4563205096438598
113.17,3.4574243020391475
113.17100000000001,3.458525448471609
113.172,3.4596239402378464
113.173,3.4607197686335107
113.17400000000001,3.4618129249533913
113.175,3.4629034004914985
113.176,3.4639911865411563
113.17699999999999,3.4650762743950825
113.178,3.466158655345482
113.179,3.4672383206841313
113.18000000000001,3.4683152617024637
113.181,3.4693894696916665
113.182,3.4704609359427585
113.18299999999999,3.4715296517466872
113.184,3.4725956083944132
113.185,3.4736587971769994
113.18600000000001,3.4747192093857051
113.187,3.4757768363120691
113.188,3.4768316692480026
113.18899999999999,3.4778836994858855
113.19,3.4789329183186437
113.191,3.4799793170398523
113.19200000000001,3.4810228869438209
113.193,3.4820636193256851
113.194,3.4831015054815007
113.19499999999999,3.4841365367083301
113.196,3.4851687043043404
113.197,3.4861979995688941
113.19800000000001,3.4872244138026383
113.199,3.4882479383075995
113.2,3.4892685643872809
113.20099999999999,3.4902862833467476
113.202,3.4913010864927267
113.203,3.4923129651336979
113.20399999999999,3.4933219105799882
113.205,3.494327914143867
113.206,3.4953309671396391
113.20699999999999,3.4963310608837403
113.208,3.4973281866948334
113.209,3.4983223358938993
113.20999999999999,3.4993134998043396
113.211,3.5003016697520648
113.212,3.5012868370655923
113.21299999999999,3.5022689930761488
113.214,3.5032481291177557
113.215,3.5042242365273348
113.21599999999999,3.5051973066447992
113.217,3.5061673308131551
113.218,3.5071343003785969
113.21899999999999,3.5080982066906001
113.22,3.5090590411020286
113.221,3.5100167949692231
113.22199999999999,3.5109714596521058
113.223,3.5119230265142756
113.224,3.5128714869231068
113.22499999999999,3.5138168322498471
113.226,3.5147590538697209
113.227,3.5156981431620205
113.22799999999999,3.5166340915102134
113.229,3.5175668903020396
113.23,3.5184965309296068
113.23099999999999,3.5194230047894943
113.232,3.5203463032828552
113.233,3.5212664178155113
113.23399999999999,3.5221833397980582
113.235,3.5230970606459655
113.236,3.5240075717796708
113.23699999999999,3.5249148646246944
113.238,3.5258189306117265
113.239,3.526719761176738
113.23999999999999,3.5276173477610779
113.241,3.5285116818115752
113.242,3.529402754780647
113.24299999999999,3.5302905581263886
113.244,3.5311750833126858
113.245,3.5320563218093191
113.246,3.532934265092055
113.247,3.5338089046427594
113.248,3.534680231949499
113.249,3.5355482385066375
113.25,3.5364129158149495
113.251,3.5372742553817171
113.252,3.5381322487208333
113.253,3.5389868873529116
113.254,3.5398381628053821
113.255,3.540686066612607
113.256,3.5415305903159711
113.25700000000001,3.5423717254639957
113.258,3.5432094636124436
113.259,3.5440437963244196
113.26000000000001,3.544874715170474
113.261,3.5457022117287176
113.262,3.5465262775849142
113.26300000000001,3.5473469043325974
113.264,3.5481640835731678
113.265,3.5489778069160023
113.26600000000001,3.5497880659785634
113.267,3.5505948523864963
113.268,3.5513981577737428
113.26900000000001,3.5521979737826461
113.27,3.5529942920640543
113.271,3.5537871042774318
113.27200000000001,3.5545764020909596
113.273,3.5553621771816459
113.274,3.5561444212354356
113.27500000000001,3.5569231259473137
113.276,3.5576982830214101
113.277,3.5584698841711138
113.27800000000001,3.5592379211191743
113.279,3.5600023855978127
113.28,3.5607632693488287
113.28100000000001,3.561520564123704
113.282,3.5622742616837204
113.283,3.5630243538000559
113.28400000000001,3.5637708322538977
113.285,3.5645136888365561
113.286,3.5652529153495629
113.28700000000001,3.5659885036047871
113.288,3.5667204454245391
113.289,3.5674487326416813
113.29000000000001,3.5681733570997376
113.291,3.5688943106530004
113.292,3.5696115851666379
113.29300000000001,3.5703251725168106
113.294,3.5710350645907685
113.295,3.5717412532869721
113.29600000000001,3.5724437305151939
113.297,3.5731424881966292
113.298,3.5738375182640088
113.29900000000001,3.5745288126617032
113.3,3.5752163633458371
113.301,3.5759001622843964
113.30199999999999,3.5765802014573369
113.303,3.5772564728566989
113.304,3.5779289684867086
113.30500000000001,3.5785976803638961
113.306,3.5792626005172021
113.307,3.5799237209880883
113.30799999999999,3.5805810338306436
113.309,3.5812345311117024
113.31,3.5818842049109474
113.31100000000001,3.5825300473210238
113.312,3.5831720504476472
113.313,3.5838102064097148
113.31399999999999,3.5844445073394184
113.315,3.5850749453823494
113.316,3.5857015126976144
113.31700000000001,3.5863242014579431
113.318,3.5869430038497958
113.319,3.5875579120734851
113.31999999999999,3.5881689183432712
113.321,3.5887760148874848
113.322,3.5893791939486315
113.32300000000001,3.5899784477835044
113.324,3.5905737686632939
113.325,3.5911651488737011
113.32599999999999,3.591752580715045
113.327,3.5923360565023752
113.328,3.5929155685655827
113.32899999999999,3.5934911092495092
113.33,3.5940626709140622
113.331,3.59463024593432
113.33199999999999,3.5951938267006449
113.333,3.5957534056187979
113.334,3.5963089751100421
113.33499999999999,3.5968605276112613
113.336,3.5974080555750652
113.337,3.5979515514699005
113.33799999999999,3.5984910077801699
113.339,3.5990264170063289
113.34,3.5995577716650096
113.34099999999999,3.6000850642891242
113.342,3.6006082874279781
113.343,3.601127433647382
113.34399999999999,3.6016424955297586
113.345,3.6021534656742582
113.346,3.6026603366968666
113.34699999999999,3.6031631012305168
113.348,3.6036617519251979
113.349,3.6041562814480699
113.34999999999999,3.6046466824835686
113.351,3.6051329477335226
113.352,3.6056150699172593
113.35299999999999,3.6060930417717163
113.354,3.6065668560515514
113.355,3.6070365055292579
113.35599999999999,3.6075019829952666
113.357,3.6079632812580646
113.358,3.6084203931442995
113.35899999999999,3.6088733114988916
113.36,3.6093220291851473
113.361,3.6097665390848652
113.36199999999999,3.6102068340984452
113.363,3.6106429071450044
113.364,3.611074751162481
113.36499999999999,3.61150235910775
113.366,3.611925723956726
113.367,3.6123448387044799
113.36799999999999,3.612759696365345
113.369,3.6131702899730258
113.37,3.6135766125807116
113.371,3.6139786572611823
113.372,3.6143764171069197
113.373,3.6147698852302148
113.374,3.6151590547632808
113.375,3.615543918858358
113.376,3.6159244706878262
113.377,3.6163007034443124
113.378,3.6166726103408005
113.379,3.6170401846107372
113.38,3.6174034195081455
113.381,3.6177623083077304
113.38200000000001,3.618116844304986
113.383,3.6184670208163077
113.384,3.6188128311790995
113.38500000000001,3.6191542687518776
113.386,3.6194913269143876
113.387,3.6198239990677026
113.38800000000001,3.6201522786343387
113.389,3.6204761590583585
113.39,3.6207956338054794
113.39100000000001,3.6211106963631856
113.392,3.6214213402408255
113.393,3.6217275589697318
113.39400000000001,3.6220293461033171
113.395,3.622326695217188
113.396,3.6226195999092501
113.39700000000001,3.6229080537998146
113.398,3.6231920505317055
113.399,3.6234715837703635
113.40000000000001,3.6237466472039563
113.401,3.6240172345434827
113.402,3.6242833395228784
113.40300000000001,3.6245449558991227
113.404,3.6248020774523453
113.405,3.6250546979859282
113.40600000000001,3.6253028113266152
113.407,3.6255464113246156
113.408,3.6257854918537102
113.40900000000001,3.6260200468113535
113.41,3.6262500701187816
113.411,3.6264755557211177
113.41200000000001,3.6266964975874711
113.413,3.6269128897110479
113.414,3.627124726109253
113.41500000000001,3.6273320008237899
113.416,3.627534707920772
113.417,3.6277328414908219
113.41800000000001,3.6279263956491734
113.419,3.6281153645357778
113.42,3.6282997423154071
113.42100000000001,3.628479523177754
113.422,3.6286547013375374
113.423,3.6288252710346049
113.42400000000001,3.6289912265340316
113.425,3.6291525621262268
113.426,3.6293092721270339
113.42699999999999,3.6294613508778317
113.428,3.6296087927456364
113.429,3.6297515921232026
113.43000000000001,3.6298897434291266
113.431,3.6300232411079438
113.432,3.630152079630232
113.43299999999999,3.6302762534927102
113.434,3.6303957572183414
113.435,3.6305105853564283
113.43600000000001,3.6306207324827202
113.437,3.6307261931995036
113.438,3.6308269621357101
113.43899999999999,3.6309230339470093
113.44,3.6310144033159109
113.441,3.6311010649518645
113.44200000000001,3.6311830135913539
113.443,3.6312602439979993
113.444,3.6313327509626525
113.44499999999999,3.6314005293034981
113.446,3.6314635738661485
113.447,3.6315218795237394
113.44800000000001,3.6315754411770316
113.449,3.631624253754504
113.45,3.6316683122124536
113.45099999999999,3.631707611535087
113.452,3.63174214673462
113.453,3.6317719128513732
113.45399999999999,3.6317969049538674
113.455,3.6318171181389167
113.456,3.6318325475317264
113.45699999999999,3.631843188285985
113.458,3.6318490355839628
113.459,3.6318500846366013
113.45999999999999,3.6318463306836111
113.461,3.6318377689935626
113.462,3.6318243948639801
113.46299999999999,3.6318062036214389
113.464,3.6317831906216496
113.465,3.6317553512495602
113.46599999999999,3.6317226809194416
113.467,3.631685175074983
113.468,3.6316428291893832
113.46899999999999,3.6315956387654391
113.47,3.6315435993356409
113.471,3.6314867064622613
113.47199999999999,3.6314249557374461
113.473,3.6313583427833027
113.474,3.6312868632519928
113.47499999999999,3.6312105128258212
113.476,3.6311292872173238
113.477,3.6310431821693587
113.47799999999999,3.630952193455192
113.479,3.6308563168785914
113.48,3.6307555482739073
113.48099999999999,3.6306498835061678
113.482,3.6305393184711594
113.483,3.6304238490955192
113.48399999999999,3.6303034713368194
113.485,3.6301781811836564
113.486,3.6300479746557319
113.48699999999999,3.6299128478039435
113.488,3.6297727967104683
113.489,3.6296278174888488
113.48999999999999,3.6294779062840767
113.491,3.6293230592726791
113.492,3.6291632726628014
113.49299999999999,3.6289985426942906
113.494,3.6288288656387815
113.495,3.6286542377997768
113.496,3.6284746555127327
113.497,3.6282901151451386
113.498,3.6281006130966009
113.499,3.627906145798927
113.5,3.6277067097162004
113.501,3.6275023013448693
113.502,3.6272929172138229
113.503,3.6270785538844712
113.504,3.6268592079508291
113.505,3.6266348760395908
113.506,3.6264055548102152
113.50700000000001,3.6261712409550002
113.508,3.6259319311991614
113.509,3.6256876223009127
113.51000000000001,3.625438311051544
113.511,3.6251839942754955
113.512,3.6249246688304395
113.51300000000001,3.6246603316073531
113.514,3.6243909795305975
113.515,3.6241166095579915
113.51600000000001,3.6238372186808885
113.517,3.6235528039242508
113.518,3.6232633623467279
113.51900000000001,3.6229688910407249
113.52,3.6226693871324818
113.521,3.6223648477821442
113.52200000000001,3.6220552701838375
113.523,3.6217406515657418
113.524,3.6214209891901605
113.52500000000001,3.6210962803535942
113.526,3.6207665223868157
113.527,3.6204317126549332
113.52800000000001,3.6200918485574705
113.529,3.6197469275284311
113.53,3.6193969470363716
113.53100000000001,3.6190419045844688
113.532,3.6186817977105918
113.533,3.6183166239873685
113.53400000000001,3.6179463810222554
113.535,3.6175710664576055
113.536,3.6171906779707346
113.53700000000001,3.6168052132739907
113.538,3.6164146701148185
113.539,3.6160190462758308
113.54000000000001,3.6156183395748638
113.541,3.6152125478650552
113.542,3.6148016690349025
113.54300000000001,3.6143857010083265
113.544,3.6139646417447406
113.545,3.6135384892391098
113.54600000000001,3.6131072415220169
113.547,3.6126708966597252
113.548,3.6122294527542391
113.54900000000001,3.6117829079433692
113.55,3.6113312604007914
113.551,3.6108745083361091
113.55199999999999,3.6104126499949158
113.553,3.6099456836588502
113.554,3.6094736076456617
113.55500000000001,3.6089964203092677
113.556,3.6085141200398114
113.557,3.6080267052637227
113.55799999999999,3.6075341744437752
113.559,3.6070365260791415
113.56,3.606533758705456
113.56100000000001,3.606025870894864
113.562,3.6055128612560869
113.563,3.6049947284344706
113.56399999999999,3.6044714711120438
113.565,3.6039430880075729
113.566,3.6034095778766186
113.56700000000001,3.6028709395115834
113.568,3.6023271717417735
113.569,3.6017782734334443
113.56999999999999,3.6012242434898587
113.571,3.6006650808513365
113.572,3.6001007844953059
113.57300000000001,3.5995313534363547
113.574,3.5989567867262844
113.575,3.5983770834541531
113.57599999999999,3.5977922427463351
113.577,3.5972022637665599
113.578,3.5966071457159696
113.57899999999999,3.5960068878331621
113.58,3.5954014893942396
113.581,3.5947909497128596
113.58199999999999,3.594175268140277
113.583,3.5935544440653917
113.584,3.5929284769147984
113.58499999999999,3.5922973661528252
113.586,3.5916611112815859
113.587,3.5910197118410201
113.58799999999999,3.5903731674089343
113.589,3.5897214776010555
113.59,3.5890646420710635
113.59099999999999,3.5884026605106367
113.592,3.5877355326494991
113.593,3.587063258255454
113.59399999999999,3.5863858371344319
113.595,3.5857032691305237
113.596,3.5850155541260293
113.59699999999999,3.5843226920414897
113.598,3.5836246828357314
113.599,3.5829215265059
113.59999999999999,3.5822132230875017
113.601,3.58149977265444
113.602,3.5807811753190517
113.60299999999999,3.5800574312321456
113.604,3.579328540583036
113.605,3.5785945035995788
113.60599999999999,3.5778553205482071
113.607,3.5771109917339663
113.608,3.5763615175005454
113.60899999999999,3.5756068982303137
113.61,3.5748471343443518
113.611,3.5740822263024823
113.61199999999999,3.5733121746033065
113.613,3.5725369797842306
113.614,3.5717566424215024
113.61499999999999,3.5709711631302321
113.616,3.5701805425644344
113.617,3.569384781417047
113.61799999999999,3.5685838804199648
113.619,3.5677778403440694
113.62,3.5669666619992517
113.621,3.5661503462344424
113.622,3.5653288939376386
113.623,3.5645023060359313
113.624,3.5636705834955258
113.625,3.5628337273217721
113.626,3.5619917385591862
113.627,3.5611446182914785
113.628,3.5602923676415692
113.629,3.5594349877716223
113.63,3.5585724798830571
113.631,3.5577048452165756
113.63200000000001,3.5568320850521857
113.633,3.5559542007092175
113.634,3.5550711935463459
113.63500000000001,3.5541830649616113
113.636,3.5532898163924349
113.637,3.5523914493156439
113.63800000000001,3.55148796524748
113.639,3.55057936574363
113.64,3.5496656523992316
113.64100000000001,3.5487468268488924
113.642,3.5478228907667111
113.643,3.5468938458662871
113.64400000000001,3.5459596939007372
113.645,3.5450204366627132
113.646,3.5440760759844085
113.64700000000001,3.543126613737579
113.648,3.542172051833552
113.649,3.5412123922232381
113.65000000000001,3.5402476368971429
113.651,3.5392777878853825
113.652,3.5383028472576843
113.65300000000001,3.5373228171234095
113.654,3.5363376996315505
113.655,3.5353474969707483
113.65600000000001,3.5343522113692996
113.657,3.5333518450951575
113.658,3.5323464004559497
113.65900000000001,3.5313358797989776
113.66,3.5303202855112215
113.661,3.5292996200193554
113.66200000000001,3.5282738857897393
113.663,3.5272430853284344
113.664,3.5262072211812043
113.66500000000001,3.5251662959335106
113.666,3.5241203122105276
113.667,3.5230692726771369
113.66800000000001,3.5220131800379315
113.669,3.520952037037218
113.67,3.519885846459013
113.67100000000001,3.5188146111270489
113.672,3.5177383339047719
113.673,3.5166570176953331
113.67400000000001,3.5155706654416017
113.675,3.5144792801261486
113.676,3.5133828647712528
113.67699999999999,3.5122814224388952
113.678,3.511174956230751
113.679,3.510063469288192
113.68000000000001,3.5089469647922797
113.681,3.5078254459637543
113.682,3.506698916063038
113.68299999999999,3.5055673783902201
113.684,3.5044308362850538
113.685,3.5032892931269477
113.68600000000001,3.5021427523349571
113.687,3.5009912173677762
113.688,3.4998346917237302
113.68899999999999,3.4986731789407588
113.69,3.4975066825964127
113.691,3.4963352063078412
113.69200000000001,3.4951587537317752
113.693,3.4939773285645237
113.694,3.4927909345419521
113.69499999999999,3.4915995754394764
113.696,3.4904032550720454
113.697,3.4892019772941243
113.69800000000001,3.4879957459996862
113.699,3.4867845651221905
113.7,3.4855684386345684
113.70099999999999,3.4843473705492078
113.702,3.4831213649179351
113.703,3.4818904258319958
113.70399999999999,3.4806545574220409
113.705,3.4794137638581004
113.706,3.4781680493495699
113.70699999999999,3.4769174181451925
113.708,3.4756618745330266
113.709,3.4744014228404412
113.70999999999999,3.4731360674340785
113.711,3.4718658127198427
113.712,3.470590663142874
113.71299999999999,3.4693106231875199
113.714,3.4680256973773202
113.715,3.4667358902749776
113.71599999999999,3.4654412064823283
113.717,3.464141650640328
113.718,3.4628372274290142
113.71899999999999,3.4615279415674856
113.72,3.4602137978138741
113.721,3.458894800965314
113.72199999999999,3.4575709558579186
113.723,3.4562422673667479
113.724,3.4549087404057763
113.72499999999999,3.4535703799278705
113.726,3.4522271909247499
113.727,3.4508791784269626
113.72799999999999,3.4495263475038516
113.729,3.4481687032635175
113.73,3.4468062508527932
113.73099999999999,3.4454389954572084
113.732,3.44406694230095
113.733,3.4426900966468361
113.73399999999999,3.4413084637962728
113.735,3.4399220490892253
113.736,3.4385308579041802
113.73699999999999,3.4371348956581045
113.738,3.4357341678064128
113.739,3.4343286798429302
113.73999999999999,3.4329184372998478
113.741,3.4315034457476923
113.742,3.4300837107952762
113.74299999999999,3.4286592380896703
113.744,3.4272300333161536
113.745,3.4257961021981727
113.746,3.4243574504973076
113.747,3.4229140840132208
113.748,3.4214660085836188
113.749,3.4200132300842103
113.75,3.4185557544286573
113.751,3.4170935875685347
113.752,3.4156267354932881
113.753,3.4141552042301768
113.754,3.4126789998442453
113.755,3.4111981284382584
113.756,3.409712596152668
113.75700000000001,3.40822240916556
113.758,3.4067275736926037
113.759,3.4052280959870087
113.76000000000001,3.4037239823394714
113.761,3.4022152390781262
113.762,3.4007018725684985
113.76300000000001,3.3991838892134449
113.764,3.3976612954531147
113.765,3.3961340977648877
113.76600000000001,3.3946023026633245
113.767,3.3930659167001176
113.768,3.3915249464640311
113.76900000000001,3.3899793985808504
113.77,3.3884292797133311
113.771,3.3868745965611327
113.77200000000001,3.3853153558607785
113.773,3.3837515643855882
113.774,3.3821832289456193
113.77500000000001,3.3806103563876237
113.776,3.3790329535949759
113.777,3.3774510274876191
113.77800000000001,3.3758645850220117
113.779,3.3742736331910583
113.78,3.3726781790240588
113.78100000000001,3.3710782295866455
113.782,3.3694737919807154
113.783,3.3678648733443812
113.78400000000001,3.3662514808518993
113.785,3.364633621713609
113.786,3.3630113031758784
113.78700000000001,3.361384532521023
113.788,3.3597533170672635
113.789,3.358117664168645
113.79000000000001,3.356477581214977
113.791,3.3548330756317708
113.792,3.3531841548801715
113.79300000000001,3.3515308264568859
113.794,3.3498730978941293
113.795,3.3482109767595389
113.79600000000001,3.3465444706561258
113.797,3.344873587222192
113.798,3.343198334131265
113.79900000000001,3.3415187190920319
113.8,3.339834749848269
113.801,3.3381464341787623
113.80199999999999,3.3364537798972522
113.803,3.3347567948523431
113.804,3.3330554869274494
113.80500000000001,3.331349864040714
113.806,3.3296399341449292
113.807,3.3279257052274791
113.80799999999999,3.3262071853102531
113.809,3.3244843824495716
113.81,3.3227573047361205
113.81100000000001,3.3210259602948637
113.812,3.3192903572849768
113.813,3.3175505038997679
113.81399999999999,3.3158064083665932
113.815,3.3140580789467933
113.816,3.3123055239356072
113.81700000000001,3.3105487516620888
113.818,3.3087877704890407
113.819,3.3070225888129237
113.81999999999999,3.3052532150637832
113.821,3.3034796577051702
113.822,3.3017019252340516
113.82300000000001,3.2999200261807378
113.824,3.298133969108803
113.825,3.2963437626149883
113.82599999999999,3.2945494153291373
113.827,3.2927509359140998
113.828,3.2909483330656562
113.82899999999999,3.2891416155124293
113.83,3.2873307920157999
113.831,3.2855158713698245
113.83199999999999,3.2836968624011487
113.833,3.2818737739689166
113.834,3.2800466149646956
113.83499999999999,3.278215394312376
113.836,3.2763801209680952
113.837,3.2745408039201451
113.83799999999999,3.272697452188881
113.839,3.2708500748266394
113.84,3.2689986809176474
113.84099999999999,3.2671432795779256
113.842,3.265283879955212
113.843,3.2634204912288567
113.84399999999999,3.2615531226097438
113.845,3.2596817833401941
113.846,3.2578064826938697
113.84699999999999,3.2559272299756912
113.848,3.2540440345217405
113.849,3.252156905699163
113.84999999999999,3.2502658529060837
113.851,3.2483708855715037
113.852,3.2464720131552145
113.85299999999999,3.2445692451477006
113.854,3.242662591070038
113.855,3.2407520604738091
113.85599999999999,3.2388376629409992
113.857,3.2369194080839021
113.858,3.2349973055450274
113.85899999999999,3.2330713649969938
113.86,3.2311415961424412
113.861,3.2292080087139325
113.86199999999999,3.2272706124738422
113.863,3.2253294172142728
113.864,3.2233844327569527
113.86499999999999,3.2214356689531254
113.866,3.2194831356834652
113.867,3.2175268428579615
113.86799999999999,3.2155668004158304
113.869,3.213603018325411
113.87,3.2116355065840527
113.871,3.2096642752180289
113.872,3.2076893342824269
113.873,3.20571069386104
113.874,3.2037283640662761
113.875,3.2017423550390425
113.876,3.1997526769486506
113.877,3.1977593399927091
113.878,3.195762354397012
113.879,3.1937617304154458
113.88,3.1917574783298752
113.881,3.1897496084500383
113.88200000000001,3.1877381311134472
113.883,3.1857230566852688
113.884,3.1837043955582289
113.88500000000001,3.181682158152503
113.886,3.1796563549155987
113.887,3.1776269963222648
113.88800000000001,3.1755940928743644
113.889,3.1735576551007809
113.89,3.1715176935573024
113.89100000000001,3.1694742188265077
113.892,3.1674272415176645
113.893,3.1653767722666193
113.89400000000001,3.163322821735675
113.895,3.1612654006134973
113.896,3.1592045196149847
113.89700000000001,3.1571401894811735
113.898,3.1550724209791201
113.899,3.1530012249017787
113.90000000000001,3.150926612067904
113.901,3.1488485933219326
113.902,3.1467671795338599
113.90300000000001,3.1446823815991447
113.904,3.1425942104385771
113.905,3.1405026769981776
113.90600000000001,3.1384077922490783
113.907,3.1363095671873991
113.908,3.1342080128341476
113.90900000000001,3.132103140235095
113.91,3.1299949604606554
113.911,3.1278834846057828
113.91200000000001,3.1257687237898386
113.913,3.1236506891564892
113.914,3.1215293918735822
113.91500000000001,3.1194048431330241
113.916,3.1172770541506707
113.917,3.1151460361662089
113.91800000000001,3.1130118004430276
113.919,3.1108743582681138
113.92,3.108733720951919
113.92100000000001,3.1065898998282524
113.922,3.1044429062541563
113.923,3.10229275160978
113.92400000000001,3.10013944729827
113.925,3.0979830047456454
113.926,3.0958234354006713
113.92699999999999,3.0936607507347502
113.928,3.091494962241784
113.929,3.0893260814380712
113.93000000000001,3.0871541198621704
113.931,3.0849790890747824
113.932,3.0828010006586322
113.93299999999999,3.0806198662183406
113.934,3.0784356973803009
113.935,3.076248505792563
113.93600000000001,3.0740583031246995
113.937,3.071865101067691
113.938,3.0696689113337983
113.93899999999999,3.067469745656433
113.94,3.0652676157900438
113.941,3.0630625335099868
113.94200000000001,3.0608545106123914
113.943,3.0586435589140528
113.944,3.0564296902522887
113.94499999999999,3.0542129164848255
113.946,3.051993249489672
113.947,3.0497707011649804
113.94800000000001,3.0475452834289358
113.949,3.0453170082196239
113.95,3.0430858874948945
113.95099999999999,3.0408519332322506
113.952,3.0386151574287061
113.953,3.0363755721006704
113.95399999999999,3.0341331892838146
113.955,3.0318880210329371
113.956,3.0296400794218501
113.95699999999999,3.0273893765432396
113.958,3.0251359245085374
113.959,3.0228797354478001
113.95999999999999,3.020620821509568
113.961,3.0183591948607473
113.962,3.0160948676864754
113.96299999999999,3.0138278521899866
113.964,3.0115581605924899
113.965,3.0092858051330391
113.96599999999999,3.0070107980683893
113.967,3.004733151672887
113.968,3.0024528782383175
113.96899999999999,3.0001699900737928
113.97,2.9978844995056124
113.971,2.9955964188771249
113.97199999999999,2.9933057605486098
113.973,2.9910125368971392
113.974,2.9887167603164415
113.97499999999999,2.9864184432167815
113.976,2.9841175980248131
113.977,2.9818142371834604
113.97799999999999,2.9795083731517797
113.979,2.9772000184048215
113.98,2.974889185433506
113.98099999999999,2.9725758867444911
113.982,2.970260134860025
113.983,2.9679419423178324
113.98399999999999,2.9656213216709628
113.985,2.9632982854876744
113.986,2.9609728463512863
113.98699999999999,2.9586450168600482
113.988,2.9563148096270111
113.989,2.9539822372798907
113.98999999999999,2.9516473124609264
113.991,2.94931004782676
113.992,2.9469704560482848
113.99299999999999,2.944628549810528
113.994,2.9422843418125053
113.995,2.9399378447670825
113.996,2.9375890714008528
113.997,2.9352380344539934
113.998,2.9328847466801267
113.999,2.9305292208461959
114,2.928171469732316
114.001,2.9258115061316508
114.002,2.9234493428502719
114.003,2.9210849927070144
114.004,2.9187184685333589
114.005,2.9163497831732754
114.006,2.9139789494831039
114.00700000000001,2.91160598033141
114.008,2.9092308885988429
114.009,2.906853687178014
114.01000000000001,2.9044743889733473
114.011,2.9020930069009441
114.012,2.8997095538884574
114.01300000000001,2.8973240428749349
114.014,2.894936486810705
114.015,2.8925468986572258
114.01600000000001,2.8901552913869435
114.017,2.8877616779831716
114.018,2.8853660714399414
114.01900000000001,2.8829684847618648
114.02,2.8805689309640052
114.021,2.8781674230717291
114.02200000000001,2.8757639741205772
114.023,2.8733585971561264
114.024,2.8709513052338429
114.02500000000001,2.8685421114189569
114.026,2.8661310287863184
114.027,2.8637180704202567
114.02800000000001,2.8613032494144499
114.029,2.8588865788717785
114.03,2.8564680719041973
114.03100000000001,2.8540477416325913
114.032,2.8516256011866323
114.033,2.8492016637046547
114.03400000000001,2.8467759423335086
114.035,2.8443484502284164
114.036,2.8419192005528511
114.03700000000001,2.8394882064783786
114.038,2.8370554811845357
114.039,2.8346210378586854
114.04000000000001,2.8321848896958719
114.041,2.8297470498986956
114.042,2.8273075316771688
114.04300000000001,2.8248663482485696
114.044,2.8224235128373198
114.045,2.8199790386748296
114.04600000000001,2.8175329389993733
114.047,2.8150852270559446
114.048,2.8126359160961139
114.04900000000001,2.8101850193779008
114.05,2.8077325501656292
114.051,2.8052785217297851
114.05199999999999,2.8028229473468889
114.053,2.800365840299345
114.054,2.7979072138753156
114.05500000000001,2.7954470813685766
114.056,2.7929854560783736
114.057,2.7905223513092938
114.05799999999999,2.7880577803711271
114.059,2.7855917565787158
114.06,2.7831242932518343
114.06100000000001,2.7806554037150319
114.062,2.7781851012975163
114.063,2.7757133993329965
114.06399999999999,2.7732403111595527
114.065,2.7707658501195005
114.066,2.7682900295592523
114.06700000000001,2.7658128628291707
114.068,2.7633343632834477
114.069,2.7608545442799466
114.06999999999999,2.7583734191800811
114.071,2.7558910013486733
114.072,2.7534073041538054
114.07300000000001,2.7509223409666999
114.074,2.7484361251615712
114.075,2.7459486701154843
114.07599999999999,2.7434599892082319
114.077,2.7409700958221794
114.078,2.7384790033421438
114.07899999999999,2.7359867251552523
114.08,2.7334932746507907
114.081,2.7309986652200879
114.08199999999999,2.7285029102563709
114.083,2.7260060231546177
114.084,2.7235080173114388
114.08499999999999,2.7210089061249225
114.086,2.7185087029945141
114.087,2.7160074213208723
114.08799999999999,2.7135050745057256
114.089,2.711001675951751
114.09,2.7084972390624293
114.09099999999999,2.7059917772419051
114.092,2.703485303894861
114.093,2.7009778324263718
114.09399999999999,2.6984693762417775
114.095,2.6959599487465438
114.096,2.6934495633461211
114.09699999999999,2.6909382334458192
114.098,2.6884259724506676
114.099,2.6859127937652736
114.09999999999999,2.683398710793703
114.101,2.6808837369393239
114.102,2.6783678856046946
114.10299999999999,2.6758511701914141
114.104,2.6733336040999864
114.105,2.6708152007296979
114.10599999999999,2.6682959734784752
114.107,2.665775935742746
114.108,2.6632551009173198
114.10899999999999,2.6607334823952371
114.11,2.6582110935676484
114.111,2.655687947823679
114.11199999999999,2.6531640585502836
114.113,2.6506394391321288
114.114,2.648114102951455
114.11499999999999,2.6455880633879332
114.116,2.6430613338185491
114.117,2.6405339276174553
114.11799999999999,2.6380058581558483
114.119,2.6354771388018365
114.12,2.6329477829202963
114.121,2.6304178038727541
114.122,2.6278872150172523
114.123,2.625356029708203
114.124,2.6228242612962793
114.125,2.6202919231282626
114.126,2.6177590285469274
114.127,2.615225590890903
114.128,2.6126916234945394
114.129,2.6101571396877867
114.13,2.6076221527960515
114.131,2.6050866761400813
114.13200000000001,2.6025507230358258
114.133,2.6000143067943013
114.134,2.5974774407214767
114.13500000000001,2.5949401381181332
114.136,2.5924024122797302
114.137,2.5898642764962947
114.13800000000001,2.587325744052269
114.139,2.584786828226401
114.14,2.58224754229161
114.14100000000001,2.5797078995148488
114.142,2.5771679131569911
114.143,2.5746275964726957
114.14400000000001,2.5720869627102738
114.145,2.569546025111574
114.146,2.5670047969118408
114.14700000000001,2.5644632913396026
114.148,2.5619215216165356
114.149,2.5593795009573332
114.15000000000001,2.5568372425695922
114.151,2.5542947596536782
114.152,2.551752065402598
114.15300000000001,2.5492091730018842
114.154,2.5466660956294533
114.155,2.5441228464555001
114.15600000000001,2.5415794386423594
114.157,2.5390358853443793
114.158,2.5364921997078098
114.15900000000001,2.5339483948706696
114.16,2.5314044839626173
114.161,2.5288604801048429
114.16200000000001,2.5263163964099262
114.163,2.5237722459817289
114.164,2.5212280419152653
114.16500000000001,2.518683797296573
114.166,2.5161395252026049
114.167,2.5135952387010954
114.16800000000001,2.5110509508504393
114.169,2.5085066746995803
114.17,2.5059624232878721
114.17100000000001,2.5034182096449742
114.172,2.5008740467907256
114.173,2.4983299477350136
114.17400000000001,2.4957859254776711
114.175,2.4932419930083451
114.176,2.4906981633063747
114.17699999999999,2.488154449340684
114.178,2.4856108640696482
114.179,2.4830674204409844
114.18000000000001,2.4805241313916344
114.181,2.4779810098476314
114.182,2.4754380687240003
114.18299999999999,2.4728953209246312
114.184,2.4703527793421558
114.185,2.4678104568578467
114.18600000000001,2.4652683663414794
114.187,2.4627265206512332
114.188,2.4601849326335676
114.18899999999999,2.4576436151231027
114.19,2.4551025809425102
114.191,2.4525618429023961
114.19200000000001,2.4500214138011778
114.193,2.4474813064249847
114.194,2.4449415335475235
114.19499999999999,2.4424021079299827
114.196,2.4398630423209098
114.197,2.4373243494560923
114.19800000000001,2.4347860420584571
114.199,2.4322481328379482
114.2,2.4297106344914119
114.20099999999999,2.427173559702497
114.202,2.4246369211415235
114.203,2.4221007314653908
114.20399999999999,2.4195650033174547
114.205,2.4170297493274124
114.206,2.4144949821112038
114.20699999999999,2.411960714270895
114.208,2.4094269583945591
114.209,2.4068937270561865
114.20999999999999,2.4043610328155531
114.211,2.4018288882181276
114.212,2.3992973057949571
114.21299999999999,2.3967662980625506
114.214,2.3942358775227852
114.215,2.3917060566627915
114.21599999999999,2.3891768479548365
114.217,2.3866482638562347
114.218,2.3841203168092244
114.21899999999999,2.3815930192408739
114.22,2.379066383562968
114.221,2.3765404221718995
114.22199999999999,2.3740151474485742
114.223,2.3714905717582972
114.224,2.3689667074506646
114.22499999999999,2.3664435668594752
114.226,2.3639211623026042
114.227,2.3613995060819177
114.22799999999999,2.3588786104831643
114.229,2.3563584877758603
114.23,2.3538391502132061
114.23099999999999,2.3513206100319723
114.232,2.3488028794523932
114.233,2.346285970678081
114.23399999999999,2.3437698958959063
114.235,2.3412546672759111
114.236,2.3387402969712046
114.23699999999999,2.3362267971178508
114.238,2.3337141798347911
114.239,2.3312024572237284
114.23999999999999,2.3286916413690264
114.241,2.3261817443376271
114.242,2.3236727781789313
114.24299999999999,2.3211647549247174
114.244,2.3186576865890389
114.245,2.3161515851681189
114.246,2.3136464626402637
114.247,2.3111423309657666
114.248,2.308639202086797
114.249,2.3061370879273264
114.25,2.3036360003930123
114.251,2.3011359513711183
114.252,2.2986369527304138
114.253,2.2961390163210744
114.254,2.2936421539746004
114.255,2.2911463775037069
114.256,2.2886516987022474
114.25700000000001,2.2861581293451128
114.258,2.2836656811881344
114.259,2.2811743659680008
114.26000000000001,2.2786841954021653
114.261,2.2761951811887453
114.262,2.2737073350064452
114.26300000000001,2.2712206685144514
114.264,2.2687351933523567
114.265,2.2662509211400641
114.26600000000001,2.2637678634776894
114.267,2.2612860319454891
114.268,2.2588054381037606
114.26900000000001,2.2563260934927509
114.27,2.2538480096325846
114.271,2.2513711980231563
114.27200000000001,2.2488956701440634
114.273,2.2464214374545075
114.274,2.2439485113932065
114.27500000000001,2.2414769033783193
114.276,2.2390066248073572
114.277,2.236537687057087
114.27800000000001,2.2340701014834692
114.279,2.2316038794215478
114.28,2.2291390321853912
114.28100000000001,2.2266755710679949
114.282,2.2242135073411964
114.283,2.2217528522556051
114.28400000000001,2.219293617040512
114.285,2.2168358129038026
114.286,2.2143794510318942
114.28700000000001,2.2119245425896317
114.288,2.2094710987202273
114.289,2.2070191305451718
114.29000000000001,2.2045686491641492
114.291,2.2021196656549709
114.292,2.1996721910734891
114.29300000000001,2.1972262364535147
114.294,2.1947818128067524
114.295,2.1923389311227064
114.29600000000001,2.1898976023686192
114.297,2.1874578374893874
114.298,2.1850196474074792
114.29900000000001,2.1825830430228752
114.3,2.1801480352129796
114.301,2.1777146348325447
114.30199999999999,2.1752828527136097
114.303,2.1728526996654089
114.304,2.170424186474313
114.30500000000001,2.1679973239037511
114.306,2.1655721226941291
114.307,2.1631485935627723
114.30799999999999,2.1607267472038449
114.309,2.1583065942882751
114.31,2.1558881454636953
114.31100000000001,2.1534714113543578
114.312,2.1510564025610774
114.313,2.148643129661155
114.31399999999999,2.1462316032083035
114.315,2.1438218337325905
114.316,2.1414138317403637
114.31700000000001,2.1390076077141762
114.318,2.1366031721127321
114.319,2.1342005353708084
114.31999999999999,2.1317997078991944
114.321,2.1294007000846249
114.322,2.1270035222897077
114.32300000000001,2.1246081848528662
114.324,2.1222146980882743
114.325,2.1198230722857812
114.32599999999999,2.1174333177108622
114.327,2.1150454446045392
114.328,2.1126594631833346
114.32899999999999,2.1102753836391956
114.33,2.1078932161394306
114.331,2.1055129708266596
114.33199999999999,2.1031346578187438
114.333,2.1007582872087194
114.334,2.0983838690647514
114.33499999999999,2.0960114134300594
114.336,2.0936409303228656
114.337,2.0912724297363354
114.33799999999999,2.0889059216385117
114.339,2.0865414159722651
114.34,2.084178922655231
114.34099999999999,2.0818184515797489
114.342,2.0794600126128153
114.343,2.0771036155960125
114.34399999999999,2.0747492703454671
114.345,2.0723969866517873
114.346,2.0700467742800002
114.34699999999999,2.0676986429695114
114.348,2.0653526024340425
114.349,2.0630086623615709
114.34999999999999,2.0606668324142916
114.351,2.0583271222285453
114.352,2.0559895414147831
114.35299999999999,2.0536540995575052
114.354,2.0513208062152044
114.355,2.0489896709203252
114.35599999999999,2.0466607031792092
114.357,2.0443339124720357
114.358,2.042009308252787
114.35899999999999,2.0396868999491833
114.36,2.0373666969626454
114.361,2.0350487086682403
114.36199999999999,2.0327329444146294
114.363,2.0304194135240285
114.364,2.0281081252921576
114.36499999999999,2.0257990889881858
114.366,2.0234923138546979
114.367,2.0211878091076363
114.36799999999999,2.0188855839362647
114.369,2.016585647503117
114.37,2.014288008943951
114.371,2.0119926773677097
114.372,2.0096996618564766
114.373,2.0074089714654217
114.374,2.0051206152227765
114.375,2.0028346021297709
114.376,2.0005509411606086
114.377,1.9982696412624184
114.378,1.9959907113552044
114.379,1.9937141603318222
114.38,1.9914399970579213
114.381,1.9891682303719176
114.38200000000001,1.9868988690849485
114.383,1.9846319219808306
114.384,1.9823673978160281
114.38500000000001,1.9801053053196114
114.386,1.977845653193212
114.387,1.9755884501110015
114.38800000000001,1.973333704719634
114.389,1.9710814256382279
114.39,1.9688316214583215
114.39100000000001,1.9665843007438313
114.392,1.9643394720310297
114.393,1.9620971438285038
114.39400000000001,1.9598573246171145
114.395,1.9576200228499767
114.396,1.9553852469524098
114.39700000000001,1.9531530053219193
114.398,1.9509233063281561
114.399,1.9486961583128815
114.40000000000001,1.9464715695899446
114.401,1.9442495484452449
114.402,1.9420301031366975
114.40300000000001,1.9398132418942153
114.404,1.9375989729196623
114.405,1.9353873043868388
114.40600000000001,1.9331782444414469
114.407,1.9309718012010539
114.408,1.9287679827550768
114.40900000000001,1.9265667971647482
114.41,1.9243682524630841
114.411,1.9221723566548687
114.41200000000001,1.9199791177166139
114.413,1.9177885435965436
114.414,1.9156006422145668
114.41500000000001,1.913415421462243
114.416,1.9112328892027692
114.417,1.9090530532709504
114.41800000000001,1.9068759214731705
114.419,1.9047015015873794
114.42,1.9025298013630572
114.42100000000001,1.900360828521203
114.422,1.8981945907543085
114.423,1.8960310957263284
114.42400000000001,1.8938703510726707
114.425,1.891712364400171
114.426,1.8895571432870661
114.42699999999999,1.8874046952829846
114.428,1.8852550279089149
114.429,1.8831081486571972
114.43000000000001,1.8809640649914989
114.431,1.878822784346792
114.432,1.876684314129343
114.43299999999999,1.8745486617166938
114.434,1.8724158344576338
114.435,1.8702858396722
114.43600000000001,1.868158684651644
114.437,1.8660343766584293
114.438,1.8639129229262088
114.43899999999999,1.8617943306598055
114.44,1.8596786070352085
114.441,1.8575657591995518
114.44200000000001,1.8554557942710961
114.443,1.8533487193392282
114.444,1.851244541464431
114.44499999999999,1.8491432676782857
114.446,1.8470449049834525
114.447,1.8449494603536549
114.44800000000001,1.8428569407336757
114.449,1.8407673530393451
114.45,1.8386807041575191
114.45099999999999,1.836597000946087
114.452,1.8345162502339436
114.453,1.8324384588209917
114.45399999999999,1.8303636334781315
114.455,1.8282917809472423
114.456,1.8262229079411867
114.45699999999999,1.8241570211437965
114.458,1.8220941272098612
114.459,1.8200342327651327
114.45999999999999,1.8179773444063025
114.461,1.8159234687010102
114.462,1.8138726121878315
114.46299999999999,1.811824781376266
114.464,1.8097799827467442
114.465,1.8077382227506171
114.46599999999999,1.8056995078101457
114.467,1.8036638443185091
114.468,1.8016312386397897
114.46899999999999,1.7996016971089772
114.47,1.7975752260319648
114.471,1.795551831685541
114.47199999999999,1.7935315203173952
114.473,1.7915142981461116
114.474,1.7895001713611676
114.47499999999999,1.7874891461229372
114.476,1.7854812285626813
114.477,1.783476424782561
114.47799999999999,1.7814747408556268
114.479,1.7794761828258201
114.48,1.7774807567079822
114.48099999999999,1.7754884684878478
114.482,1.7734993241220478
114.483,1.7715133295381156
114.48399999999999,1.7695304906344833
114.485,1.7675508132804909
114.486,1.7655743033163884
114.48699999999999,1.7636009665533314
114.488,1.7616308087733983
114.489,1.7596638357295848
114.48999999999999,1.7577000531458085
114.491,1.7557394667169233
114.492,1.7537820821087116
114.49299999999999,1.7518279049579024
114.494,1.7498769408721717
114.495,1.7479291954301446
114.496,1.7459846741814127
114.497,1.7440433826465354
114.498,1.7421053263170414
114.499,1.7401705106554513
114.5,1.7382389410952717
114.501,1.736310623041013
114.502,1.7343855618681983
114.503,1.7324637629233606
114.504,1.730545231524073
114.505,1.7286299729589387
114.506,1.7267179924876157
114.50700000000001,1.7248092953408232
114.508,1.7229038867203457
114.509,1.7210017717990564
114.51000000000001,1.7191029557209245
114.511,1.7172074436010201
114.512,1.7153152405255399
114.51300000000001,1.7134263515518067
114.514,1.7115407817082935
114.515,1.7096585359946341
114.51600000000001,1.7077796193816301
114.517,1.7059040368112757
114.518,1.7040317931967663
114.51900000000001,1.7021628934225115
114.52,1.7002973423441585
114.521,1.6984351447885953
114.52200000000001,1.6965763055539815
114.523,1.6947208294097547
114.524,1.6928687210966449
114.52500000000001,1.6910199853267005
114.526,1.689174626783303
114.527,1.6873326501211745
114.52800000000001,1.6854940599664126
114.529,1.683658860916492
114.53,1.6818270575402967
114.53100000000001,1.6799986543781307
114.532,1.6781736559417377
114.533,1.6763520667143257
114.53400000000001,1.6745338911505825
114.535,1.6727191336766933
114.536,1.6709077986903711
114.53700000000001,1.6690998905608638
114.538,1.6672954136289895
114.539,1.6654943722071485
114.54000000000001,1.663696770579344
114.541,1.6619026130012142
114.542,1.6601119037000445
114.54300000000001,1.6583246468747912
114.544,1.6565408466961138
114.545,1.6547605073063847
114.54600000000001,1.6529836328197236
114.547,1.6512102273220182
114.548,1.6494402948709423
114.54900000000001,1.6476738394959907
114.55,1.6459108651984984
114.551,1.6441513759516611
114.55199999999999,1.6423953757005714
114.553,1.6406428683622341
114.554,1.638893857825598
114.55500000000001,1.6371483479515836
114.556,1.6354063425731005
114.557,1.6336678454950853
114.55799999999999,1.6319328604945236
114.559,1.6302013913204738
114.56,1.6284734416941036
114.56100000000001,1.6267490153087061
114.562,1.6250281158297413
114.563,1.6233107468948569
114.56399999999999,1.6215969121139135
114.565,1.6198866150690241
114.566,1.618179859314576
114.56700000000001,1.6164766483772592
114.568,1.6147769857561036
114.569,1.6130808749225005
114.56999999999999,1.6113883193202412
114.571,1.6096993223655436
114.572,1.6080138874470788
114.57300000000001,1.6063320179260123
114.574,1.6046537171360287
114.575,1.6029789883833614
114.57599999999999,1.6013078349468339
114.577,1.5996402600778796
114.578,1.5979762670005868
114.57899999999999,1.5963158589117239
114.58,1.5946590389807715
114.581,1.5930058103499622
114.58199999999999,1.5913561761343098
114.583,1.5897101394216406
114.584,1.5880677032726347
114.58499999999999,1.5864288707208518
114.586,1.5847936447727748
114.587,1.5831620284078385
114.58799999999999,1.5815340245784626
114.589,1.5799096362100951
114.59,1.5782888662012422
114.59099999999999,1.5766717174235019
114.592,1.5750581927216076
114.593,1.5734482949134565
114.59399999999999,1.5718420267901516
114.595,1.5702393911160373
114.596,1.5686403906287316
114.59699999999999,1.567045028039171
114.598,1.5654533060316433
114.599,1.5638652272638223
114.59999999999999,1.5622807943668167
114.601,1.5607000099451913
114.602,1.5591228765770238
114.60299999999999,1.5575493968139291
114.604,1.555979573181105
114.605,1.5544134081773695
114.60599999999999,1.5528509042752023
114.607,1.5512920639207759
114.608,1.5497368895340089
114.60899999999999,1.5481853835085917
114.61,1.5466375482120378
114.611,1.5450933859857188
114.61199999999999,1.5435528991449012
114.613,1.5420160899787978
114.614,1.5404829607505985
114.61499999999999,1.5389535136975141
114.616,1.5374277510308234
114.617,1.5359056749359035
114.61799999999999,1.5343872875722828
114.619,1.5328725910736782
114.62,1.5313615875480322
114.621,1.5298542790775655
114.622,1.5283506677188134
114.623,1.526850755502664
114.624,1.5253545444344134
114.625,1.5238620364937951
114.626,1.5223732336350344
114.627,1.5208881377868879
114.628,1.5194067508526805
114.629,1.5179290747103624
114.63,1.5164551112125393
114.631,1.5149848621865292
114.63200000000001,1.5135183294343977
114.633,1.5120555147330046
114.634,1.5105964198340514
114.63500000000001,1.5091410464641255
114.636,1.5076893963247409
114.637,1.5062414710923899
114.63800000000001,1.5047972724185814
114.639,1.5033568019298948
114.64,1.5019200612280217
114.64100000000001,1.5004870518898041
114.642,1.4990577754672973
114.643,1.4976322334878023
114.64400000000001,1.4962104274539134
114.645,1.4947923588435759
114.646,1.4933780291101162
114.64700000000001,1.4919674396823035
114.648,1.4905605919643898
114.649,1.4891574873361546
114.65000000000001,1.4877581271529587
114.651,1.4863625127457902
114.652,1.484970645421305
114.65300000000001,1.4835825264618858
114.654,1.4821981571256808
114.655,1.4808175386466564
114.65600000000001,1.4794406722346474
114.657,1.4780675590753964
114.658,1.4766982003306128
114.65900000000001,1.4753325971380182
114.66,1.4739707506113875
114.661,1.4726126618406112
114.66200000000001,1.4712583318917334
114.663,1.469907761807006
114.664,1.4685609526049401
114.66500000000001,1.4672179052803467
114.666,1.4658786208043968
114.667,1.4645431001246663
114.66800000000001,1.4632113441651817
114.669,1.4618833538264795
114.67,1.4605591299856466
114.67100000000001,1.4592386734963783
114.672,1.4579219851890255
114.673,1.4566090658706408
114.67400000000001,1.4552999163250371
114.675,1.4539945373128347
114.676,1.4526929295715074
114.67699999999999,1.4513950938154434
114.678,1.4501010307359861
114.679,1.4488107410014917
114.68000000000001,1.4475242252573801
114.681,1.4462414841261819
114.682,1.4449625182075929
114.68299999999999,1.4436873280785285
114.684,1.4424159142931681
114.685,1.4411482773830142
114.68600000000001,1.4398844178569372
114.687,1.4386243362012352
114.688,1.4373680328796807
114.68899999999999,1.4361155083335728
114.69,1.4348667629817906
114.691,1.4336217972208494
114.69200000000001,1.4323806114249431
114.693,1.4311432059460076
114.694,1.4299095811137665
114.69499999999999,1.4286797372357869
114.696,1.4274536745975315
114.697,1.4262313934624091
114.69800000000001,1.4250128940718316
114.699,1.4237981766452661
114.7,1.4225872413802814
114.70099999999999,1.4213800884526133
114.702,1.4201767180162059
114.703,1.4189771302032737
114.70399999999999,1.417781325124351
114.705,1.4165893028683421
114.706,1.4154010635025833
114.70699999999999,1.4142166070728903
114.708,1.41303593360361
114.709,1.4118590430976825
114.70999999999999,1.4106859355366852
114.711,1.4095166108808954
114.712,1.4083510690693386
114.71299999999999,1.4071893100198412
114.714,1.4060313336290922
114.715,1.4048771397726905
114.71599999999999,1.4037267283051982
114.717,1.4025800990602024
114.718,1.4014372518503606
114.71899999999999,1.4002981864674611
114.72,1.3991629026824768
114.721,1.3980314002456131
114.72199999999999,1.396903678886372
114.723,1.3957797383136015
114.724,1.3946595782155475
114.72499999999999,1.3935431982599158
114.726,1.392430598093918
114.727,1.391321777344334
114.72799999999999,1.3902167356175632
114.729,1.3891154724996764
114.73,1.388017987556476
114.73099999999999,1.3869242803335493
114.732,1.3858343503563189
114.733,1.384748197130105
114.73399999999999,1.3836658201401726
114.735,1.3825872188517927
114.736,1.3815123927102968
114.73699999999999,1.3804413411411245
114.738,1.3793740635498881
114.739,1.3783105593224239
114.73999999999999,1.3772508278248432
114.741,1.3761948684035956
114.742,1.3751426803855149
114.74299999999999,1.3740942630778841
114.744,1.3730496157684815
114.745,1.3720087377256402
114.746,1.3709716281983051
114.747,1.3699382864160847
114.748,1.3689087115893062
114.749,1.3678829029090749
114.75,1.3668608595473222
114.751,1.3658425806568693
114.752,1.3648280653714773
114.753,1.3638173128059012
114.754,1.362810322055952
114.755,1.3618070921985415
114.756,1.3608076222917482
114.75700000000001,1.359811911374867
114.758,1.3588199584684628
114.759,1.3578317625744307
114.76000000000001,1.3568473226760498
114.761,1.3558666377380328
114.762,1.3548897067065921
114.76300000000001,1.3539165285094839
114.764,1.3529471020560697
114.765,1.3519814262373731
114.76600000000001,1.351019499926128
114.767,1.3500613219768414
114.768,1.3491068912258426
114.76900000000001,1.3481562064913422
114.77,1.3472092665734861
114.771,1.3462660702544094
114.77200000000001,1.3453266162982938
114.773,1.344390903451423
114.774,1.3434589304422313
114.77500000000001,1.3425306959813699
114.776,1.3416061987617527
114.777,1.340685437458613
114.77800000000001,1.339768410729564
114.779,1.3388551172146452
114.78,1.3379455555363839
114.78100000000001,1.3370397242998493
114.782,1.3361376220927039
114.783,1.3352392474852599
114.78400000000001,1.3343445990305387
114.785,1.3334536752643176
114.786,1.3325664747051911
114.78700000000001,1.3316829958546212
114.788,1.330803237196994
114.789,1.3299271971996778
114.79000000000001,1.3290548743130692
114.791,1.3281862669706561
114.792,1.3273213735890679
114.79300000000001,1.326460192568131
114.794,1.3256027222909226
114.795,1.3247489611238248
114.79600000000001,1.323898907416583
114.797,1.3230525595023539
114.798,1.3222099156977625
114.79900000000001,1.3213709743029591
114.8,1.3205357336016703
114.801,1.3197041918612515
114.80199999999999,1.3188763473327461
114.803,1.3180521982509334
114.804,1.3172317428343885
114.80500000000001,1.3164149792855329
114.806,1.315601905790686
114.807,1.3147925205201261
114.80799999999999,1.313986821628137
114.809,1.3131848072530632
114.81,1.3123864755173684
114.81100000000001,1.3115918245276803
114.812,1.3108008523748531
114.813,1.3100135571340155
114.81399999999999,1.3092299368646232
114.815,1.3084499896105175
114.816,1.3076737133999734
114.81700000000001,1.3069011062457536
114.818,1.3061321661451657
114.819,1.3053668910801091
114.81999999999999,1.3046052790171307
114.821,1.3038473279074823
114.822,1.3030930356871613
114.82300000000001,1.3023424002769783
114.824,1.3015954195825976
114.825,1.3008520914945974
114.82599999999999,1.3001124138885183
114.827,1.2993763846249164
114.828,1.2986440015494167
114.82899999999999,1.2979152624927648
114.83,1.2971901652708786
114.831,1.2964687076848995
114.83199999999999,1.2957508875212489
114.833,1.2950367025516729
114.834,1.2943261505333008
114.83499999999999,1.293619229208691
114.836,1.2929159363058889
114.837,1.2922162695384733
114.83799999999999,1.2915202266056103
114.839,1.2908278051921023
114.84,1.2901390029684454
114.84099999999999,1.2894538175908712
114.842,1.2887722467014064
114.843,1.2880942879279185
114.84399999999999,1.2874199388841701
114.845,1.2867491971698675
114.846,1.2860820603707113
114.84699999999999,1.2854185260584488
114.848,1.2847585917909241
114.849,1.2841022551121268
114.84999999999999,1.2834495135522435
114.851,1.2828003646277084
114.852,1.282154805841254
114.85299999999999,1.2815128346819595
114.854,1.2808744486253005
114.855,1.2802396451331999
114.85599999999999,1.2796084216540802
114.857,1.278980775622907
114.858,1.2783567044612434
114.85899999999999,1.2777362055772967
114.86,1.2771192763659702
114.861,1.2765059142089117
114.86199999999999,1.2758961164745592
114.863,1.2752898805181945
114.864,1.2746872036819912
114.86499999999999,1.2740880832950583
114.866,1.2734925166734983
114.867,1.2729005011204448
114.86799999999999,1.2723120339261211
114.869,1.2717271123678813
114.87,1.2711457337102599
114.871,1.270567895205025
114.872,1.2699935940912179
114.873,1.2694228275952075
114.874,1.2688555929307348
114.875,1.2682918872989617
114.876,1.2677317078885182
114.877,1.2671750518755494
114.878,1.266621916423762
114.879,1.2660722986844761
114.88,1.2655261957966635
114.881,1.2649836048870029
114.88200000000001,1.2644445230699231
114.883,1.2639089474476473
114.884,1.2633768751102443
114.88500000000001,1.2628483031356732
114.886,1.2623232285898272
114.887,1.2618016485265819
114.88800000000001,1.2612835599878405
114.889,1.2607689600035825
114.89,1.2602578455919053
114.89100000000001,1.2597502137590704
114.892,1.2592460614995515
114.893,1.2587453857960789
114.89400000000001,1.2582481836196819
114.895,1.2577544519297381
114.896,1.2572641876740138
114.89700000000001,1.2567773877887154
114.898,1.2562940491985259
114.899,1.2558141688166542
114.90000000000001,1.2553377435448809
114.901,1.2548647702735987
114.902,1.2543952458818588
114.90300000000001,1.2539291672374147
114.904,1.2534665311967634
114.905,1.2530073346051949
114.90600000000001,1.2525515742968303
114.907,1.2520992470946668
114.908,1.2516503498106231
114.90900000000001,1.2512048792455797
114.91,1.2507628321894222
114.911,1.2503242054210877
114.91200000000001,1.2498889957086023
114.913,1.2494571998091282
114.914,1.2490288144690029
114.91500000000001,1.2486038364237833
114.916,1.2481822623982874
114.917,1.2477640891066375
114.91800000000001,1.2473493132522986
114.919,1.2469379315281239
114.92,1.2465299406163957
114.92100000000001,1.2461253371888632
114.922,1.2457241179067899
114.923,1.2453262794209901
114.92400000000001,1.2449318183718703
114.925,1.244540731389473
114.926,1.2441530150935138
114.92699999999999,1.2437686660934251
114.928,1.2433876809883933
114.929,1.2430100563674022
114.93000000000001,1.2426357888092714
114.931,1.2422648748826954
114.932,1.241897311146287
114.93299999999999,1.2415330941486116
114.934,1.2411722204282307
114.935,1.2408146865137413
114.93600000000001,1.2404604889238124
114.937,1.240109624167226
114.938,1.239762088742917
114.93899999999999,1.2394178791400079
114.94,1.2390769918378519
114.941,1.2387394233060693
114.94200000000001,1.2384051700045846
114.943,1.2380742283836688
114.944,1.237746594883971
114.94499999999999,1.2374222659365617
114.946,1.2371012379629691
114.947,1.2367835073752138
114.94800000000001,1.2364690705758501
114.949,1.2361579239580023
114.95,1.2358500639053975
114.95099999999999,1.2355454867924098
114.952,1.2352441889840897
114.953,1.2349461668362067
114.95399999999999,1.2346514166952818
114.955,1.2343599348986238
114.956,1.234071717774369
114.95699999999999,1.2337867616415135
114.958,1.2335050628099493
114.959,1.2332266175805029
114.95999999999999,1.2329514222449665
114.961,1.2326794730861368
114.962,1.2324107663778479
114.96299999999999,1.2321452983850079
114.964,1.2318830653636323
114.965,1.2316240635608795
114.96599999999999,1.2313682892150852
114.967,1.2311157385557971
114.968,1.2308664078038065
114.96899999999999,1.2306202931711874
114.97,1.2303773908613249
114.971,1.2301376970689522
114.97199999999999,1.2299012079801837
114.973,1.2296679197725469
114.974,1.2294378286150165
114.97499999999999,1.229210930668049
114.976,1.2289872220836136
114.977,1.2287666990052233
114.97799999999999,1.2285493575679727
114.979,1.2283351938985643
114.98,1.2281242041153457
114.98099999999999,1.2279163843283385
114.982,1.2277117306392722
114.983,1.2275102391416148
114.98399999999999,1.2273119059206026
114.985,1.2271167270532763
114.986,1.2269246986085087
114.98699999999999,1.2267358166470352
114.988,1.2265500772214881
114.989,1.2263674763764236
114.98999999999999,1.2261880101483547
114.991,1.226011674565783
114.992,1.2258384656492229
114.99299999999999,1.2256683794112391
114.994,1.2255014118564718
114.995,1.2253375589816689
114.996,1.225176816775712
114.997,1.2250191812196518
114.998,1.2248646482867316
114.999,1.2247132139424193
115,1.2245648741444353
115.001,1.2244196248427823
115.002,1.2242774619797745
115.003,1.2241383814900622
115.004,1.2240023793006638
115.005,1.2238694513309942
115.006,1.2237395934928894
115.00700000000001,1.2236128016906376
115.008,1.2234890718210041
115.009,1.2233683997732621
115.01000000000001,1.2232507814292164
115.011,1.2231362126632321
115.012,1.2230246893422627
115.01300000000001,1.2229162073258744
115.014,1.2228107624662752
115.015,1.22270835060834
115.01600000000001,1.2226089675896366
115.017,1.2225126092404517
115.018,1.2224192713838198
115.01900000000001,1.2223289498355452
115.02,1.2222416404042284
115.021,1.2221573388912934
115.02200000000001,1.2220760410910128
115.023,1.2219977427905293
115.024,1.221922439769886
115.02500000000001,1.221850127802049
115.026,1.2217808026529287
115.027,1.2217144600814092
115.02800000000001,1.2216510958393714
115.029,1.2215907056717148
115.03,1.2215332853163847
115.03100000000001,1.2214788305043935
115.032,1.2214273369598454
115.033,1.2213788003999599
115.03400000000001,1.2213332165350963
115.035,1.2212905810687733
115.036,1.2212508896976961
115.03700000000001,1.2212141381117778
115.038,1.2211803219941604
115.039,1.2211494370212401
115.04000000000001,1.2211214788626876
115.041,1.2210964431814713
115.042,1.221074325633879
115.04300000000001,1.2210551218695391
115.044,1.221038827531445
115.045,1.221025438255972
115.04600000000001,1.2210149496729037
115.047,1.2210073574054501
115.048,1.2210026570702694
115.04900000000001,1.2210008442774891
115.05,1.2210019146307269
115.051,1.2210058637271108
115.05199999999999,1.2210126871573002
115.053,1.2210223805055047
115.054,1.2210349393495066
115.05500000000001,1.2210503592606787
115.056,1.2210686358040059
115.057,1.2210897645381025
115.05799999999999,1.221113741015234
115.059,1.2211405607813355
115.06,1.2211702193760303
115.06100000000001,1.2212027123326488
115.062,1.2212380351782506
115.063,1.2212761834336379
115.06399999999999,1.221317152613377
115.065,1.2213609382258177
115.066,1.2214075357731085
115.06700000000001,1.2214569407512186
115.068,1.2215091486499505
115.069,1.2215641549529646
115.06999999999999,1.2216219551377889
115.071,1.2216825446758439
115.072,1.2217459190324538
115.07300000000001,1.2218120736668685
115.074,1.2218810040322778
115.075,1.2219527055758277
115.07599999999999,1.2220271737386392
115.077,1.2221044039558242
115.078,1.2221843916565003
115.07899999999999,1.2222671322638092
115.08,1.2223526211949314
115.081,1.2224408538611027
115.08199999999999,1.2225318256676283
115.083,1.2226255320139026
115.084,1.2227219682934178
115.08499999999999,1.2228211298937881
115.086,1.2229230121967556
115.087,1.2230276105782127
115.08799999999999,1.2231349204082123
115.089,1.2232449370509844
115.09,1.2233576558649508
115.09099999999999,1.2234730722027394
115.092,1.2235911814111973
115.093,1.2237119788314064
115.09399999999999,1.2238354597986962
115.095,1.2239616196426588
115.096,1.224090453687162
115.09699999999999,1.2242219572503616
115.098,1.224356125644716
115.099,1.2244929541770009
115.09999999999999,1.2246324381483196
115.101,1.2247745728541168
115.102,1.2249193535841931
115.10299999999999,1.2250667756227156
115.104,1.2252168342482308
115.105,1.2253695247336773
115.10599999999999,1.2255248423463996
115.107,1.2256827823481549
115.108,1.2258433399951334
115.10899999999999,1.2260065105379621
115.11,1.2261722892217211
115.111,1.2263406712859528
115.11199999999999,1.2265116519646768
115.113,1.2266852264863959
115.114,1.2268613900741099
115.11499999999999,1.2270401379453295
115.116,1.2272214653120812
115.117,1.2274053673809222
115.11799999999999,1.2275918393529506
115.119,1.227780876423813
115.12,1.2279724737837183
115.121,1.2281666266174462
115.122,1.2283633301043571
115.123,1.2285625794184014
115.124,1.2287643697281296
115.125,1.2289686961967063
115.126,1.2291755539819107
115.127,1.2293849382361528
115.128,1.2295968441064817
115.129,1.2298112667345933
115.13,1.2300282012568373
115.131,1.2302476428042326
115.13200000000001,1.2304695865024686
115.133,1.2306940274719167
115.134,1.2309209608276421
115.13500000000001,1.2311503816794052
115.136,1.2313822851316754
115.137,1.231616666283637
115.13800000000001,1.2318535202291976
115.139,1.2320928420569943
115.14,1.232334626850405
115.14100000000001,1.232578869687551
115.142,1.2328255656413092
115.143,1.2330747097793158
115.14400000000001,1.2333262971639756
115.145,1.2335803228524673
115.146,1.2338367818967542
115.14700000000001,1.2340956693435832
115.148,1.2343569802345018
115.149,1.2346207096058566
115.15000000000001,1.2348868524888017
115.151,1.235155403909308
115.152,1.2354263588881662
115.15300000000001,1.2356997124409925
115.154,1.2359754595782393
115.155,1.2362535953051936
115.15600000000001,1.2365341146219884
115.157,1.2368170125236082
115.158,1.2371022839998909
115.15900000000001,1.2373899240355355
115.16,1.2376799276101074
115.161,1.2379722896980434
115.16200000000001,1.2382670052686566
115.163,1.2385640692861408
115.164,1.238863476709575
115.16500000000001,1.2391652224929299
115.166,1.2394693015850722
115.167,1.2397757089297663
115.16800000000001,1.2400844394656814
115.169,1.2403954881263957
115.17,1.2407088498403989
115.17100000000001,1.2410245195310972
115.172,1.2413424921168177
115.173,1.2416627625108114
115.17400000000001,1.2419853256212572
115.175,1.2423101763512652
115.176,1.242637309598881
115.17699999999999,1.2429667202570884
115.178,1.2432984032138128
115.179,1.2436323533519238
115.18000000000001,1.2439685655492401
115.181,1.2443070346785321
115.182,1.2446477556075211
115.18299999999999,1.244990723198887
115.184,1.2453359323102688
115.185,1.2456833777942666
115.18600000000001,1.2460330544984461
115.187,1.2463849572653392
115.188,1.2467390809324455
115.18899999999999,1.247095420332238
115.19,1.2474539702921614
115.191,1.2478147256346348
115.19200000000001,1.2481776811770584
115.193,1.2485428317318066
115.194,1.2489101721062379
115.19499999999999,1.2492796971026912
115.196,1.2496514015184903
115.197,1.2500252801459435
115.19800000000001,1.2504013277723462
115.199,1.250779539179981
115.2,1.2511599091461214
115.20099999999999,1.2515424324430287
115.202,1.2519271038379567
115.203,1.2523139180931504
115.20399999999999,1.2527028699658489
115.205,1.2530939542082835
115.206,1.2534871655676798
115.20699999999999,1.2538824987862582
115.208,1.254279948601235
115.209,1.2546795097448222
115.20999999999999,1.2550811769442267
115.211,1.255484944921651
115.212,1.2558908083942961
115.21299999999999,1.2562987620743573
115.214,1.2567088006690275
115.215,1.2571209188804939
115.21599999999999,1.2575351114059428
115.217,1.257951372937552
115.218,1.2583696981624999
115.21899999999999,1.2587900817629547
115.22,1.2592125184160832
115.221,1.2596370027940431
115.22199999999999,1.2600635295639873
115.223,1.2604920933880608
115.224,1.2609226889234006
115.22499999999999,1.2613553108221334
115.226,1.2617899537313775
115.227,1.2622266122932397
115.22799999999999,1.2626652811448138
115.229,1.2631059549181816
115.23,1.2635486282404107
115.23099999999999,1.2639932957335502
115.232,1.2644399520146363
115.233,1.2648885916956834
115.23399999999999,1.2653392093836877
115.235,1.2657917996806232
115.236,1.2662463571834401
115.23699999999999,1.2667028764840655
115.238,1.2671613521693978
115.239,1.26762177882131
115.23999999999999,1.2680841510166416
115.241,1.2685484633272017
115.242,1.2690147103197649
115.24299999999999,1.2694828865560706
115.244,1.2699529865928165
115.245,1.2704250049816646
115.246,1.2708989362692307
115.247,1.2713747749970872
115.248,1.2718525157017586
115.249,1.2723321529147185
115.25,1.2728136811623918
115.251,1.2732970949661442
115.252,1.2737823888422886
115.253,1.2742695573020744
115.254,1.2747585948516889
115.255,1.2752494959922578
115.256,1.2757422552198345
115.25700000000001,1.2762368670254025
115.258,1.276733325894875
115.259,1.2772316263090835
115.26000000000001,1.2777317627437825
115.261,1.2782337296696453
115.262,1.2787375215522565
115.26300000000001,1.279243132852115
115.264,1.2797505580246249
115.265,1.2802597915200977
115.26600000000001,1.2807708277837446
115.267,1.2812836612556766
115.268,1.2817982863709001
115.26900000000001,1.2823146975593107
115.27,1.2828328892456955
115.271,1.2833528558497249
115.27200000000001,1.2838745917859511
115.273,1.2843980914638027
115.274,1.2849233492875856
115.27500000000001,1.2854503596564737
115.276,1.285979116964509
115.277,1.2865096156005971
115.27800000000001,1.2870418499485035
115.279,1.2875758143868499
115.28,1.2881115032891084
115.28100000000001,1.2886489110236019
115.282,1.289188031953497
115.283,1.2897288604368005
115.28400000000001,1.2902713908263566
115.285,1.2908156174698431
115.286,1.2913615347097638
115.28700000000001,1.2919091368834514
115.288,1.2924584183230587
115.289,1.2930093733555517
115.29000000000001,1.2935619963027147
115.291,1.2941162814811373
115.292,1.2946722232022139
115.29300000000001,1.2952298157721414
115.294,1.2957890534919114
115.295,1.2963499306573085
115.29600000000001,1.2969124415589051
115.297,1.2974765804820556
115.298,1.298042341706898
115.29900000000001,1.2986097195083415
115.3,1.2991787081560686
115.301,1.2997493019145276
115.30199999999999,1.3003214950429285
115.303,1.3008952817952417
115.304,1.3014706564201894
115.30500000000001,1.3020476131612413
115.306,1.3026261462566167
115.307,1.3032062499392718
115.30799999999999,1.3037879184368992
115.309,1.3043711459719254
115.31,1.3049559267615012
115.31100000000001,1.3055422550175022
115.312,1.3061301249465223
115.313,1.3067195307498678
115.31399999999999,1.3073104666235564
115.315,1.3079029267583091
115.316,1.3084969053395477
115.31700000000001,1.3090923965473911
115.318,1.3096893945566475
115.319,1.3102878935368145
115.31999999999999,1.3108878876520709
115.321,1.3114893710612723
115.322,1.3120923379179505
115.32300000000001,1.312696782370304
115.324,1.3133026985611937
115.325,1.313910080628147
115.32599999999999,1.3145189227033394
115.327,1.3151292189136012
115.328,1.3157409633804089
115.32899999999999,1.3163541502198783
115.33,1.3169687735427649
115.331,1.3175848274544557
115.33199999999999,1.3182023060549661
115.333,1.3188212034389353
115.334,1.3194415136956219
115.33499999999999,1.3200632309088991
115.336,1.32068634915725
115.337,1.3213108625137637
115.33799999999999,1.3219367650461311
115.339,1.3225640508166387
115.34,1.323192713882166
115.34099999999999,1.3238227482941807
115.342,1.3244541480987333
115.343,1.3250869073364551
115.34399999999999,1.3257210200425487
115.345,1.3263564802467904
115.346,1.326993281973522
115.34699999999999,1.3276314192416439
115.348,1.3282708860646157
115.349,1.3289116764504507
115.34999999999999,1.3295537844017089
115.351,1.3301972039154968
115.352,1.3308419289834577
115.35299999999999,1.331487953591773
115.354,1.3321352717211559
115.355,1.332783877346843
115.35599999999999,1.3334337644385987
115.357,1.3340849269607038
115.358,1.3347373588719529
115.35899999999999,1.3353910541256537
115.36,1.336046006669618
115.361,1.3367022104461599
115.36199999999999,1.3373596593920947
115.363,1.3380183474387282
115.364,1.3386782685118574
115.36499999999999,1.3393394165317678
115.366,1.3400017854132238
115.367,1.3406653690654706
115.36799999999999,1.3413301613922266
115.369,1.3419961562916807
115.37,1.3426633476564878
115.371,1.3433317293737688
115.372,1.3440012953250988
115.373,1.3446720393865137
115.374,1.3453439554284949
115.375,1.3460170373159781
115.376,1.3466912789083385
115.377,1.3473666740593919
115.378,1.3480432166173966
115.379,1.3487209004250371
115.38,1.349399719319434
115.381,1.3500796671321311
115.38200000000001,1.3507607376890951
115.383,1.3514429248107147
115.384,1.3521262223117931
115.38500000000001,1.3528106240015469
115.386,1.3534961236836032
115.387,1.3541827151559942
115.38800000000001,1.3548703922111576
115.389,1.3555591486359289
115.39,1.3562489782115417
115.39100000000001,1.3569398747136252
115.392,1.3576318319121961
115.393,1.3583248435716619
115.39400000000001,1.3590189034508153
115.395,1.359714005302828
115.396,1.3604101428752557
115.39700000000001,1.3611073099100277
115.398,1.3618055001434461
115.399,1.362504707306188
115.40000000000001,1.3632049251232952
115.401,1.3639061473141774
115.402,1.3646083675926075
115.40300000000001,1.3653115796667186
115.404,1.3660157772390031
115.405,1.3667209540063086
115.40600000000001,1.3674271036598376
115.407,1.3681342198851416
115.408,1.3688422963621236
115.40900000000001,1.3695513267650332
115.41,1.3702613047624641
115.411,1.3709722240173525
115.41200000000001,1.3716840781869788
115.413,1.3723968609229575
115.414,1.3731105658712426
115.41500000000001,1.3738251866721236
115.416,1.3745407169602222
115.417,1.3752571503644919
115.41800000000001,1.3759744805082181
115.419,1.3766927010090118
115.42,1.3774118054788125
115.42100000000001,1.3781317875238854
115.422,1.3788526407448174
115.423,1.3795743587365221
115.42400000000001,1.3802969350882315
115.425,1.3810203633834963
115.426,1.3817446372001909
115.42699999999999,1.3824697501105037
115.428,1.3831956956809417
115.429,1.3839224674723283
115.43000000000001,1.3846500590397985
115.431,1.3853784639328066
115.432,1.3861076756951174
115.43299999999999,1.386837687864807
115.434,1.3875684939742683
115.435,1.3883000875502001
115.43600000000001,1.3890324621136187
115.437,1.3897656111798455
115.438,1.3904995282585144
115.43899999999999,1.391234206853571
115.44,1.3919696404632675
115.441,1.3927058225801698
115.44200000000001,1.3934427466911494
115.443,1.3941804062773908
115.444,1.3949187948143875
115.44499999999999,1.3956579057719434
115.446,1.3963977326141699
115.447,1.3971382687994944
115.44800000000001,1.3978795077806496
115.449,1.3986214430046837
115.45,1.3993640679129571
115.45099999999999,1.4001073759411382
115.452,1.4008513605192154
115.453,1.4015960150714863
115.45399999999999,1.4023413330165659
115.455,1.4030873077673853
115.456,1.4038339327311926
115.45699999999999,1.404581201309552
115.458,1.4053291068983513
115.459,1.4060776428877952
115.45999999999999,1.4068268026624122
115.461,1.4075765796010544
115.462,1.408326967076897
115.46299999999999,1.4090779584574455
115.464,1.4098295471045303
115.465,1.4105817263743139
115.46599999999999,1.4113344896172899
115.467,1.412087830178286
115.468,1.4128417413964667
115.46899999999999,1.4135962166053335
115.47,1.4143512491327284
115.471,1.4151068323008373
115.47199999999999,1.4158629594261904
115.473,1.4166196238196631
115.474,1.4173768187864852
115.47499999999999,1.4181345376262364
115.476,1.4188927736328523
115.477,1.4196515200946269
115.47799999999999,1.4204107702942153
115.479,1.4211705175086384
115.48,1.4219307550092828
115.48099999999999,1.4226914760619049
115.482,1.423452673926638
115.483,1.4242143418579898
115.48399999999999,1.4249764731048506
115.485,1.4257390609104952
115.486,1.4265020985125823
115.48699999999999,1.4272655791431692
115.488,1.4280294960287039
115.489,1.428793842390035
115.48999999999999,1.4295586114424164
115.491,1.4303237963955073
115.492,1.4310893904533819
115.49299999999999,1.4318553868145283
115.494,1.4326217786718558
115.495,1.4333885592127011
115.496,1.4341557216188294
115.497,1.4349232590664391
115.498,1.4356911647261721
115.499,1.4364594317631114
115.5,1.4372280533367918
115.501,1.4379970226012013
115.502,1.4387663327047895
115.503,1.4395359767904699
115.504,1.4403059479956266
115.505,1.4410762394521222
115.506,1.4418468442862999
115.50700000000001,1.4426177556189883
115.508,1.4433889665655149
115.509,1.4441604702357012
115.51000000000001,1.4449322597338778
115.511,1.4457043281588873
115.512,1.446476668604086
115.51300000000001,1.4472492741573615
115.514,1.4480221379011264
115.515,1.4487952529123325
115.51600000000001,1.4495686122624776
115.517,1.4503422090176088
115.518,1.4511160362383304
115.51900000000001,1.4518900869798153
115.52,1.4526643542918027
115.521,1.4534388312186162
115.52200000000001,1.4542135107991641
115.523,1.4549883860669464
115.524,1.45576345005007
115.52500000000001,1.4565386957712465
115.526,1.4573141162478058
115.527,1.4580897044917041
115.52800000000001,1.4588654535095291
115.529,1.4596413563025097
115.53,1.4604174058665251
115.53100000000001,1.46119359519211
115.532,1.4619699172644673
115.533,1.462746365063474
115.53400000000001,1.4635229315636882
115.535,1.4642996097343643
115.536,1.4650763925394521
115.53700000000001,1.4658532729376177
115.538,1.4666302438822401
115.539,1.4674072983214301
115.54000000000001,1.4681844291980362
115.541,1.4689616294496517
115.542,1.4697388920086274
115.54300000000001,1.4705162098020821
115.544,1.4712935757519081
115.545,1.472070982774786
115.54600000000001,1.4728484237821919
115.547,1.4736258916804046
115.548,1.4744033793705258
115.54900000000001,1.475180879748478
115.55,1.4759583857050251
115.551,1.4767358901257763
115.55199999999999,1.4775133858912011
115.553,1.4782908658766376
115.554,1.4790683229523054
115.55500000000001,1.4798457499833138
115.556,1.4806231398296754
115.557,1.4814004853463199
115.55799999999999,1.4821777793830959
115.559,1.482955014784797
115.56,1.4837321843911584
115.56100000000001,1.4845092810368812
115.562,1.4852862975516357
115.563,1.4860632267600773
115.56399999999999,1.4868400614818582
115.565,1.4876167945316399
115.566,1.4883934187191035
115.56700000000001,1.4891699268489664
115.568,1.4899463117209906
115.569,1.490722566129997
115.56999999999999,1.4914986828658805
115.571,1.4922746547136176
115.572,1.4930504744532866
115.57300000000001,1.4938261348600741
115.574,1.4946016287042931
115.575,1.4953769487513953
115.57599999999999,1.4961520877619814
115.577,1.4969270384918212
115.578,1.4977017936918617
115.57899999999999,1.4984763461082424
115.58,1.4992506884823131
115.581,1.5000248135506427
115.58199999999999,1.5007987140450352
115.583,1.5015723826925491
115.584,1.5023458122155045
115.58499999999999,1.5031189953315021
115.586,1.5038919247534375
115.587,1.5046645931895146
115.58799999999999,1.5054369933432639
115.589,1.5062091179135542
115.59,1.5069809595946086
115.59099999999999,1.5077525110760235
115.592,1.508523765042779
115.593,1.509294714175258
115.59399999999999,1.510065351149261
115.595,1.5108356686360209
115.596,1.5116056593022231
115.59699999999999,1.5123753158100166
115.598,1.5131446308170322
115.599,1.5139135969764019
115.59999999999999,1.51468220693677
115.601,1.5154504533423157
115.602,1.5162183288327644
115.60299999999999,1.5169858260434081
115.604,1.5177529376051238
115.605,1.5185196561443843
115.60599999999999,1.5192859742832823
115.607,1.5200518846395463
115.608,1.5208173798265547
115.60899999999999,1.5215824524533592
115.61,1.5223470951246958
115.611,1.5231113004410082
115.61199999999999,1.5238750609984657
115.613,1.5246383693889767
115.614,1.5254012182002126
115.61499999999999,1.5261636000156231
115.616,1.5269255074144545
115.617,1.5276869329717724
115.61799999999999,1.5284478692584746
115.619,1.529208308841314
115.62,1.5299682442829188
115.621,1.5307276681418072
115.622,1.5314865729724094
115.623,1.5322449513250902
115.624,1.5330027957461612
115.625,1.5337600987779083
115.626,1.5345168529586068
115.627,1.5352730508225412
115.628,1.5360286849000289
115.629,1.5367837477174378
115.63,1.5375382317972075
115.631,1.5382921296578687
115.63200000000001,1.5390454338140647
115.633,1.5397981367765741
115.634,1.540550231052328
115.63500000000001,1.5413017091444319
115.636,1.5420525635521907
115.637,1.5428027867711249
115.63800000000001,1.5435523712929951
115.639,1.5443013096058213
115.64,1.5450495941939069
115.64100000000001,1.5457972175378594
115.642,1.5465441721146129
115.643,1.5472904503974472
115.64400000000001,1.5480360448560153
115.645,1.5487809479563608
115.646,1.5495251521609443
115.64700000000001,1.5502686499286615
115.648,1.5510114337148697
115.649,1.5517534959714099
115.65000000000001,1.5524948291466272
115.651,1.5532354256853966
115.652,1.5539752780291469
115.65300000000001,1.5547143786158797
115.654,1.5554527198801984
115.655,1.5561902942533272
115.65600000000001,1.5569270941631366
115.657,1.5576631120341686
115.658,1.5583983402876578
115.65900000000001,1.5591327713415579
115.66,1.5598663976105642
115.661,1.56059921150614
115.66200000000001,1.5613312054365396
115.663,1.5620623718068305
115.664,1.5627927030189241
115.66500000000001,1.563522191471596
115.666,1.5642508295605111
115.667,1.5649786096782508
115.66800000000001,1.5657055242143383
115.669,1.5664315655552594
115.67,1.567156726084495
115.67100000000001,1.5678809981825406
115.672,1.568604374226936
115.673,1.5693268465922898
115.67400000000001,1.5700484076503038
115.675,1.570769049769801
115.676,1.5714887653167535
115.67699999999999,1.5722075466543035
115.678,1.5729253861427959
115.679,1.573642276139801
115.68000000000001,1.5743582090001413
115.681,1.575073177075921
115.682,1.5757871727165511
115.68299999999999,1.5765001882687755
115.684,1.5772122160767008
115.685,1.577923248481822
115.68600000000001,1.5786332778230507
115.687,1.5793422964367423
115.688,1.580050296656722
115.68899999999999,1.5807572708143187
115.69,1.581463211238384
115.691,1.5821681102553271
115.69200000000001,1.5828719601891432
115.693,1.5835747533614357
115.694,1.5842764820914508
115.69499999999999,1.5849771386961056
115.696,1.5856767154900107
115.697,1.5863752047855062
115.69800000000001,1.5870725988926899
115.699,1.5877688901194402
115.7,1.5884640707714528
115.70099999999999,1.589158133152266
115.702,1.5898510695632906
115.703,1.5905428723038391
115.70399999999999,1.5912335336711585
115.705,1.5919230459604563
115.706,1.5926114014649311
115.70699999999999,1.5932985924758045
115.708,1.5939846112823517
115.709,1.5946694501719274
115.70999999999999,1.5953531014300013
115.711,1.5960355573401876
115.712,1.5967168101842699
115.71299999999999,1.5973968522422433
115.714,1.5980756757923331
115.715,1.598753273111035
115.71599999999999,1.5994296364731413
115.717,1.6001047581517733
115.718,1.6007786304184148
115.71899999999999,1.6014512455429395
115.72,1.6021225957936451
115.721,1.6027926734372877
115.72199999999999,1.6034614707391079
115.723,1.6041289799628651
115.724,1.604795193370874
115.72499999999999,1.6054601032240288
115.726,1.6061237017818422
115.727,1.6067859813024756
115.72799999999999,1.6074469340427693
115.729,1.6081065522582789
115.73,1.6087648282033069
115.73099999999999,1.6094217541309326
115.732,1.6100773222930513
115.733,1.6107315249404011
115.73399999999999,1.6113843543226016
115.735,1.6120358026881809
115.736,1.6126858622846159
115.73699999999999,1.6133345253583629
115.738,1.6139817841548876
115.739,1.6146276309187069
115.73999999999999,1.6152720578934157
115.741,1.6159150573217247
115.742,1.6165566214454941
115.74299999999999,1.6171967425057665
115.744,1.617835412742801
115.745,1.6184726243961118
115.746,1.6191083697044983
115.747,1.6197426409060798
115.748,1.6203754302383351
115.749,1.6210067299381319
115.75,1.6216365322417661
115.751,1.6222648293849928
115.752,1.6228916136030653
115.753,1.6235168771307698
115.754,1.6241406122024578
115.755,1.624762811052086
115.756,1.6253834659132507
115.75700000000001,1.6260025690192208
115.758,1.6266201126029767
115.759,1.6272360888972477
115.76000000000001,1.6278504901345414
115.761,1.62846330854719
115.762,1.6290745363673766
115.76300000000001,1.629684165827181
115.764,1.630292189158606
115.765,1.6308985985936237
115.76600000000001,1.6315033863642077
115.767,1.6321065447023684
115.768,1.6327080658401947
115.76900000000001,1.6333079420098873
115.77,1.6339061654437963
115.771,1.6345027283744609
115.77200000000001,1.6350976230346437
115.773,1.6356908416573712
115.774,1.6362823764759691
115.77500000000001,1.6368722197241006
115.776,1.6374603636358041
115.777,1.6380468004455335
115.77800000000001,1.6386315223881918
115.779,1.639214521699174
115.78,1.6397957906144003
115.78100000000001,1.6403753213703574
115.782,1.64095310620414
115.783,1.6415291373534815
115.78400000000001,1.6421034070567988
115.785,1.6426759075532307
115.786,1.6432466310826721
115.78700000000001,1.6438155698858183
115.788,1.6443827162042015
115.789,1.6449480622802291
115.79000000000001,1.645511600357225
115.791,1.6460733226794679
115.792,1.6466332214922286
115.79300000000001,1.6471912890418141
115.794,1.647747517575604
115.795,1.6483018993420899
115.79600000000001,1.6488544265909166
115.797,1.6494050915729201
115.798,1.6499538865401719
115.79900000000001,1.6505008037460134
115.8,1.651045835445099
115.801,1.6515889738934368
115.80199999999999,1.6521302113484275
115.803,1.652669540068906
115.804,1.6532069523151807
115.80500000000001,1.6537424403490746
115.806,1.6542759964339666
115.807,1.654807612834833
115.80799999999999,1.6553372818182841
115.809,1.655864995652611
115.81,1.6563907466078218
115.81100000000001,1.6569145269556873
115.812,1.6574363289697771
115.813,1.6579561449255045
115.81399999999999,1.6584739671001685
115.815,1.6589897877729902
115.816,1.6595035992251599
115.81700000000001,1.6600153937398778
115.818,1.6605251636023923
115.819,1.6610329011000458
115.81999999999999,1.6615385985223139
115.821,1.6620422481608477
115.822,1.6625438423095191
115.82300000000001,1.6630433732644581
115.824,1.6635408333240975
115.825,1.664036214789216
115.82599999999999,1.6645295099629789
115.827,1.6650207111509832
115.828,1.665509810661294
115.82899999999999,1.6659968008044952
115.83,1.6664816738937271
115.831,1.6669644222447302
115.83199999999999,1.6674450381758874
115.833,1.6679235140082709
115.834,1.6683998420656778
115.83499999999999,1.6688740146746821
115.836,1.6693460241646696
115.837,1.6698158628678872
115.83799999999999,1.6702835231194817
115.839,1.6707489972575482
115.84,1.6712122776231682
115.84099999999999,1.6716733565604562
115.842,1.6721322264166039
115.843,1.6725888795419224
115.84399999999999,1.6730433082898852
115.845,1.6734955050171743
115.846,1.6739454620837229
115.84699999999999,1.6743931718527574
115.848,1.6748386266908464
115.849,1.6752818189679415
115.84999999999999,1.6757227410574183
115.851,1.6761613853361277
115.852,1.676597744184438
115.85299999999999,1.6770318099862727
115.854,1.6774635751291633
115.855,1.6778930320042926
115.85599999999999,1.6783201730065329
115.857,1.6787449905344993
115.858,1.679167476990588
115.85899999999999,1.6795876247810242
115.86,1.680005426315905
115.861,1.6804208740092457
115.86199999999999,1.6808339602790259
115.863,1.6812446775472312
115.864,1.6816530182399001
115.86499999999999,1.6820589747871706
115.866,1.6824625396233233
115.867,1.6828637051868263
115.86799999999999,1.6832624639203828
115.869,1.6836588082709745
115.87,1.6840527306899082
115.871,1.6844442236328607
115.872,1.6848332795599246
115.873,1.6852198909356531
115.874,1.6856040502291068
115.875,1.6859857499139002
115.876,1.6863649824682434
115.877,1.6867417403749942
115.878,1.6871160161216983
115.879,1.687487802200637
115.88,1.6878570911088762
115.881,1.688223875348309
115.88200000000001,1.6885881474257007
115.883,1.6889498998527386
115.884,1.6893091251460777
115.88500000000001,1.689665815827383
115.886,1.6900199644233815
115.887,1.6903715634659031
115.88800000000001,1.6907206054919319
115.889,1.6910670830436476
115.89,1.6914109886684763
115.89100000000001,1.6917523149191354
115.892,1.6920910543536789
115.893,1.6924271995355467
115.89400000000001,1.6927607430336091
115.895,1.6930916774222133
115.896,1.693419995281233
115.89700000000001,1.6937456891961111
115.898,1.6940687517579101
115.899,1.6943891755633562
115.90000000000001,1.6947069532148895
115.901,1.695022077320707
115.902,1.6953345404948128
115.90300000000001,1.6956443353570623
115.904,1.6959514545332142
115.905,1.6962558906549696
115.90600000000001,1.6965576363600277
115.907,1.6968566842921278
115.908,1.6971530271010962
115.90900000000001,1.6974466574428972
115.91,1.6977375679796782
115.911,1.6980257513798156
115.91200000000001,1.6983112003179635
115.913,1.6985939074751037
115.914,1.6988738655385878
115.91500000000001,1.699151067202189
115.916,1.6994255051661478
115.917,1.6996971721372187
115.91800000000001,1.6999660608287201
115.919,1.7002321639605795
115.92,1.7004954742593839
115.92100000000001,1.7007559844584232
115.922,1.7010136872977419
115.923,1.701268575524185
115.92400000000001,1.7015206418914453
115.925,1.7017698791601119
115.926,1.7020162800977179
115.92699999999999,1.7022598374787892
115.928,1.7025005440848884
115.929,1.7027383927046684
115.93000000000001,1.7029733761339152
115.931,1.7032054871755982
115.932,1.7034347186399181
115.93299999999999,1.7036610633443536
115.934,1.7038845141137113
115.935,1.7041050637801713
115.93600000000001,1.7043227051833378
115.937,1.7045374311702823
115.938,1.7047492345955992
115.93899999999999,1.7049581083214465
115.94,1.7051640452175971
115.941,1.7053670381614894
115.94200000000001,1.7055670800382678
115.943,1.7057641637408385
115.944,1.7059582821699155
115.94499999999999,1.7061494282340655
115.946,1.7063375948497583
115.947,1.7065227749414174
115.94800000000001,1.7067049614414636
115.949,1.706884147290364
115.95,1.7070603254366854
115.95099999999999,1.7072334888371348
115.952,1.7074036304566125
115.953,1.7075707432682588
115.95399999999999,1.7077348202535017
115.955,1.707895854402107
115.956,1.7080538387122248
115.95699999999999,1.7082087661904373
115.958,1.7083606298518079
115.959,1.7085094227199304
115.95999999999999,1.708655137826975
115.961,1.7087977682137376
115.962,1.7089373069296894
115.96299999999999,1.7090737470330213
115.964,1.7092070815906975
115.965,1.7093373036784982
115.96599999999999,1.7094644063810718
115.967,1.70958838279198
115.968,1.7097092260137514
115.96899999999999,1.7098269291579209
115.97,1.7099414853450865
115.971,1.7100528877049537
115.97199999999999,1.7101611293763805
115.973,1.7102662035074347
115.974,1.7103681032554312
115.97499999999999,1.7104668217869881
115.976,1.7105623522780706
115.977,1.710654687914043
115.97799999999999,1.7107438218897104
115.979,1.7108297474093757
115.98,1.7109124576868795
115.98099999999999,1.7109919459456524
115.982,1.7110682054187629
115.983,1.7111412293489647
115.98399999999999,1.7112110109887446
115.985,1.7112775436003711
115.986,1.7113408204559422
115.98699999999999,1.7114008348374332
115.988,1.7114575800367455
115.989,1.7115110493557535
115.98999999999999,1.7115612361063535
115.991,1.7116081336105116
115.992,1.7116517352003093
115.99299999999999,1.7116920342179969
115.994,1.7117290240160341
115.995,1.7117626979571441
115.996,1.7117930494143585
115.997,1.7118200717710654
115.998,1.7118437584210573
115.999,1.7118641027685797
116,1.7118810982283774
116.001,1.7118947382257428
116.002,1.7119050161965657
116.003,1.7119119255873765
116.004,1.7119154598553976
116.005,1.7119156124685904
116.006,1.7119123769057016
116.00700000000001,1.7119057466563112
116.008,1.7118957152208816
116.009,1.7118822761108032
116.01000000000001,1.7118654228484418
116.011,1.7118451489671864
116.012,1.7118214480115004
116.01300000000001,1.7117943135369607
116.014,1.7117637391103127
116.015,1.711729718309515
116.01600000000001,1.7116922447237846
116.017,1.7116513119536476
116.018,1.7116069136109846
116.01900000000001,1.7115590433190768
116.02,1.7115076947126551
116.021,1.7114528614379472
116.02200000000001,1.7113945371527224
116.023,1.7113327155263414
116.024,1.7112673902397995
116.02500000000001,1.7111985549857807
116.026,1.7111262034686945
116.027,1.7110503294047299
116.02800000000001,1.710970926521902
116.029,1.7108879885600965
116.03,1.7108015092711133
116.03100000000001,1.7107114824187226
116.032,1.710617901778702
116.033,1.7105207611388864
116.03400000000001,1.7104200542992176
116.035,1.7103157750717861
116.036,1.7102079172808795
116.03700000000001,1.7100964747630294
116.038,1.7099814413670567
116.039,1.7098628109541183
116.04000000000001,1.7097405773977545
116.041,1.7096147345839312
116.042,1.7094852764110917
116.04300000000001,1.709352196790199
116.044,1.7092154896447809
116.045,1.7090751489109786
116.04600000000001,1.7089311685375921
116.047,1.7087835424861257
116.048,1.7086322647308325
116.04900000000001,1.7084773292587616
116.05,1.7083187300698035
116.051,1.7081564611767364
116.05199999999999,1.7079905166052687
116.053,1.7078208903940875
116.054,1.7076475765949051
116.05500000000001,1.7074705692724987
116.056,1.7072898625047628
116.057,1.7071054503827483
116.05799999999999,1.7069173270107125
116.059,1.7067254865061599
116.06,1.7065299229998909
116.06100000000001,1.7063306306360442
116.062,1.706127603572142
116.063,1.7059208359791385
116.06399999999999,1.7057103220414573
116.065,1.7054960559570436
116.066,1.7052780319374043
116.06700000000001,1.7050562442076547
116.068,1.7048306870065599
116.069,1.7046013545865839
116.06999999999999,1.7043682412139298
116.071,1.704131341168587
116.072,1.7038906487443721
116.07300000000001,1.703646158248977
116.074,1.7033978640040097
116.075,1.7031457603450388
116.07599999999999,1.7028898416216398
116.077,1.702630102197435
116.078,1.7023665364501404
116.07899999999999,1.7020991387716076
116.08,1.7018279035678694
116.081,1.7015528252591801
116.08199999999999,1.701273898280061
116.083,1.7009911170793441
116.084,1.7007044761202137
116.08499999999999,1.7004139698802507
116.086,1.7001195928514758
116.087,1.6998213395403925
116.08799999999999,1.6995192044680267
116.089,1.6992131821699754
116.09,1.6989032671964466
116.09099999999999,1.6985894541122986
116.092,1.6982717374970888
116.093,1.697950111945111
116.09399999999999,1.6976245720654402
116.095,1.6972951124819771
116.096,1.6969617278334832
116.09699999999999,1.6966244127736296
116.098,1.6962831619710377
116.099,1.6959379701093191
116.09999999999999,1.6955888318871182
116.101,1.6952357420181547
116.102,1.6948786952312651
116.10299999999999,1.6945176862704432
116.104,1.6941527098948834
116.105,1.6937837608790189
116.10599999999999,1.6934108340125669
116.107,1.6930339241005674
116.108,1.6926530259634238
116.10899999999999,1.6922681344369455
116.11,1.6918792443723871
116.111,1.6914863506364921
116.11199999999999,1.6910894481115291
116.113,1.6906885316953357
116.114,1.6902835963013572
116.11499999999999,1.6898746368586908
116.116,1.6894616483121188
116.117,1.6890446256221545
116.11799999999999,1.688623563765081
116.119,1.6881984577329896
116.12,1.6877693025338207
116.121,1.6873360931914054
116.122,1.6868988247455001
116.123,1.6864574922518296
116.124,1.6860120907821292
116.125,1.6855626154241767
116.126,1.6851090612818374
116.127,1.6846514234751016
116.128,1.6841896971401229
116.129,1.683723877429258
116.13,1.6832539595111033
116.131,1.6827799385705366
116.13200000000001,1.6823018098087541
116.133,1.6818195684433084
116.134,1.6813332097081464
116.13500000000001,1.6808427288536503
116.136,1.6803481211466713
116.137,1.6798493818705709
116.13800000000001,1.6793465063252582
116.139,1.6788394898272252
116.14,1.6783283277095884
116.14100000000001,1.6778130153221222
116.142,1.6772935480312987
116.143,1.6767699212203246
116.14400000000001,1.6762421302891775
116.145,1.675710170654644
116.146,1.675174037750353
116.14700000000001,1.6746337270268203
116.148,1.6740892339514764
116.149,1.6735405540087065
116.15000000000001,1.6729876826998902
116.151,1.6724306155434325
116.152,1.6718693480748008
116.15300000000001,1.6713038758465657
116.154,1.6707341944284293
116.155,1.670160299407268
116.15600000000001,1.6695821863871632
116.157,1.6689998509894388
116.158,1.6684132888526957
116.15900000000001,1.6678224956328502
116.16,1.6672274670031622
116.161,1.6666281986542777
116.16200000000001,1.666024686294258
116.163,1.665416925648618
116.164,1.664804912460361
116.16500000000001,1.6641886424900061
116.166,1.6635681115156327
116.167,1.6629433153329085
116.16800000000001,1.6623142497551235
116.169,1.6616809106132275
116.17,1.6610432937558584
116.17100000000001,1.660401395049381
116.172,1.6597552103779185
116.173,1.6591047356433837
116.17400000000001,1.6584499667655159
116.175,1.6577908996819113
116.176,1.6571275303480566
116.17699999999999,1.6564598547373623
116.178,1.6557878688411942
116.179,1.6551115686689075
116.18000000000001,1.6544309502478787
116.181,1.6537460096235332
116.182,1.6530567428593876
116.18299999999999,1.6523631460370711
116.184,1.6516652152563611
116.185,1.65096294663522
116.18600000000001,1.6502563363098162
116.187,1.649545380434565
116.188,1.648830075182155
116.18899999999999,1.6481104167435789
116.19,1.6473864013281665
116.191,1.6466580251636149
116.19200000000001,1.6459252844960177
116.193,1.6451881755898969
116.194,1.6444466947282315
116.19499999999999,1.6437008382124907
116.196,1.6429506023626614
116.197,1.6421959835172768
116.19800000000001,1.6414369780334495
116.199,1.6406735822869012
116.2,1.6399057926719849
116.20099999999999,1.6391336056017241
116.202,1.6383570175078359
116.203,1.6375760248407603
116.20399999999999,1.6367906240696919
116.205,1.6360008116826046
116.206,1.6352065841862817
116.20699999999999,1.6344079381063465
116.208,1.633604869987286
116.209,1.6327973763924832
116.20999999999999,1.6319854539042404
116.211,1.6311690991238126
116.212,1.6303483086714292
116.21299999999999,1.6295230791863242
116.214,1.6286934073267643
116.215,1.6278592897700739
116.21599999999999,1.627020723212661
116.217,1.6261777043700489
116.218,1.6253302299768966
116.21899999999999,1.6244782967870295
116.22,1.6236219015734645
116.221,1.6227610411284334
116.22199999999999,1.621895712263413
116.223,1.621025911809149
116.224,1.620151636615679
116.22499999999999,1.6192728835523631
116.226,1.6183896495079038
116.227,1.6175019313903749
116.22799999999999,1.6166097261272454
116.229,1.6157130306654008
116.23,1.6148118419711754
116.23099999999999,1.6139061570303681
116.232,1.612995972848271
116.233,1.6120812864496954
116.23399999999999,1.6111620948789889
116.235,1.6102383952000652
116.236,1.6093101844964277
116.23699999999999,1.6083774598711891
116.238,1.6074402184470955
116.239,1.6064984573665524
116.23999999999999,1.6055521737916436
116.241,1.6046013649041566
116.242,1.6036460279056033
116.24299999999999,1.6026861600172448
116.244,1.601721758480112
116.245,1.6007528205550241
116.246,1.5997793435226184
116.247,1.5988013246833657
116.248,1.5978187613575914
116.249,1.5968316508855021
116.25,1.5958399906272003
116.251,1.5948437779627107
116.252,1.593843010291998
116.253,1.5928376850349881
116.254,1.5918277996315884
116.255,1.590813351541706
116.256,1.5897943382452757
116.25700000000001,1.588770757242268
116.258,1.5877426060527171
116.259,1.5867098822167385
116.26000000000001,1.585672583294548
116.261,1.5846307068664789
116.262,1.5835842505330053
116.26300000000001,1.5825332119147564
116.264,1.5814775886525374
116.265,1.5804173784073492
116.26600000000001,1.5793525788604024
116.267,1.5782831877131391
116.268,1.5772092026872511
116.26900000000001,1.576130621524692
116.27,1.5750474419877034
116.271,1.5739596618588232
116.27200000000001,1.5728672789409113
116.273,1.5717702910571603
116.274,1.5706686960511114
116.27500000000001,1.5695624917866795
116.276,1.5684516761481602
116.277,1.5673362470402488
116.27800000000001,1.5662162023880617
116.279,1.5650915401371417
116.28,1.5639622582534844
116.28100000000001,1.562828354723548
116.282,1.5616898275542668
116.283,1.5605466747730707
116.28400000000001,1.5593988944279016
116.285,1.5582464845872175
116.286,1.5570894433400206
116.28700000000001,1.5559277687958624
116.288,1.5547614590848606
116.289,1.5535905123577163
116.29000000000001,1.552414926785719
116.291,1.5512347005607707
116.292,1.5500498318953937
116.29300000000001,1.5488603190227406
116.294,1.5476661601966153
116.295,1.5464673536914797
116.29600000000001,1.5452638978024669
116.297,1.5440557908453998
116.298,1.5428430311567916
116.29900000000001,1.5416256170938685
116.3,1.5404035470345792
116.301,1.539176819377599
116.30199999999999,1.5379454325423541
116.303,1.5367093849690201
116.304,1.5354686751185425
116.30500000000001,1.5342233014726436
116.306,1.5329732625338301
116.307,1.5317185568254119
116.30799999999999,1.5304591828915046
116.309,1.5291951392970418
116.31,1.5279264246277875
116.31100000000001,1.526653037490342
116.312,1.5253749765121543
116.313,1.5240922403415307
116.31399999999999,1.5228048276476416
116.315,1.5215127371205335
116.316,1.5202159674711393
116.31700000000001,1.5189145174312775
116.318,1.5176083857536751
116.319,1.5162975712119584
116.31999999999999,1.514982072600678
116.321,1.5136618887353059
116.322,1.5123370184522433
116.32300000000001,1.5110074606088348
116.324,1.5096732140833684
116.325,1.5083342777750848
116.32599999999999,1.5069906506041864
116.327,1.5056423315118386
116.328,1.5042893194601834
116.32899999999999,1.5029316134323394
116.33,1.5015692124324083
116.331,1.500202115485485
116.33199999999999,1.4988303216376595
116.333,1.4974538299560207
116.334,1.4960726395286683
116.33499999999999,1.4946867494647069
116.336,1.4932961588942624
116.337,1.4919008669684801
116.33799999999999,1.4905008728595273
116.339,1.4890961757606038
116.34,1.4876867748859415
116.34099999999999,1.4862726694708044
116.342,1.4848538587715039
116.343,1.4834303420653874
116.34399999999999,1.482002118650855
116.345,1.4805691878473526
116.346,1.4791315489953776
116.34699999999999,1.4776892014564846
116.348,1.4762421446132845
116.349,1.4747903778694449
116.34999999999999,1.4733339006496973
116.351,1.4718727123998323
116.352,1.4704068125867078
116.35299999999999,1.4689362006982476
116.354,1.4674608762434365
116.355,1.4659808387523316
116.35599999999999,1.4644960877760582
116.357,1.4630066228868062
116.358,1.4615124436778386
116.35899999999999,1.4600135497634836
116.36,1.4585099407791395
116.361,1.4570016163812756
116.36199999999999,1.4554885762474237
116.363,1.4539708200761863
116.364,1.4524483475872327
116.36499999999999,1.4509211585212938
116.366,1.4493892526401673
116.367,1.44785262972671
116.36799999999999,1.4463112895848425
116.369,1.4447652320395421
116.37,1.4432144569368395
116.371,1.441658964143824
116.372,1.4400987535486349
116.373,1.4385338250604558
116.374,1.4369641786095222
116.375,1.4353898141471069
116.376,1.4338107316455226
116.377,1.4322269310981213
116.378,1.4306384125192793
116.379,1.4290451759444078
116.38,1.4274472214299339
116.381,1.4258445490533107
116.38200000000001,1.4242371589130025
116.383,1.4226250511284808
116.384,1.4210082258402243
116.38500000000001,1.4193866832097122
116.386,1.4177604234194121
116.387,1.4161294466727874
116.38800000000001,1.4144937531942749
116.389,1.4128533432292945
116.39,1.4112082170442353
116.39100000000001,1.409558374926446
116.392,1.4079038171842355
116.393,1.4062445441468643
116.39400000000001,1.4045805561645308
116.395,1.4029118536083744
116.396,1.4012384368704573
116.39700000000001,1.3995603063637672
116.398,1.3978774625222037
116.399,1.3961899058005667
116.40000000000001,1.3944976366745585
116.401,1.3928006556407675
116.402,1.3910989632166568
116.40300000000001,1.3893925599405681
116.404,1.387681446371694
116.405,1.3859656230900879
116.40600000000001,1.3842450906966426
116.407,1.3825198498130824
116.408,1.3807899010819549
116.40900000000001,1.3790552451666234
116.41,1.3773158827512479
116.411,1.3755718145407869
116.41200000000001,1.3738230412609727
116.413,1.3720695636583145
116.414,1.3703113825000797
116.41500000000001,1.368548498574278
116.416,1.3667809126896615
116.417,1.3650086256757061
116.41800000000001,1.363231638382596
116.419,1.3614499516812228
116.42,1.3596635664631589
116.42100000000001,1.3578724836406577
116.422,1.3560767041466368
116.423,1.354276228934657
116.42400000000001,1.3524710589789206
116.425,1.3506611952742564
116.426,1.3488466388360965
116.42699999999999,1.3470273907004753
116.428,1.3452034519240055
116.429,1.3433748235838712
116.43000000000001,1.3415415067778091
116.431,1.3397035026240942
116.432,1.3378608122615288
116.43299999999999,1.3360134368494243
116.434,1.334161377567584
116.435,1.332304635616296
116.43600000000001,1.3304432122163063
116.437,1.3285771086088134
116.438,1.3267063260554486
116.43899999999999,1.3248308658382535
116.44,1.3229507292596749
116.441,1.3210659176425432
116.44200000000001,1.3191764323300512
116.443,1.3172822746857475
116.444,1.3153834460935052
116.44499999999999,1.3134799479575201
116.446,1.3115717817022843
116.447,1.3096589487725661
116.44800000000001,1.3077414506334009
116.449,1.305819288770067
116.45,1.3038924646880665
116.45099999999999,1.3019609799131124
116.452,1.3000248359911031
116.453,1.2980840344881084
116.45399999999999,1.2961385769903524
116.455,1.2941884651041853
116.456,1.292233700456072
116.45699999999999,1.2902742846925739
116.458,1.2883102194803175
116.459,1.2863415065059898
116.45999999999999,1.2843681474763038
116.461,1.2823901441179884
116.462,1.2804074981777678
116.46299999999999,1.2784202114223275
116.464,1.276428285638312
116.465,1.2744317226322921
116.46599999999999,1.2724305242307405
116.467,1.2704246922800253
116.468,1.2684142286463693
116.46899999999999,1.2663991352158441
116.47,1.2643794138943409
116.471,1.262355066607544
116.47199999999999,1.260326095300917
116.473,1.2582925019396787
116.474,1.2562542885087697
116.47499999999999,1.2542114570128462
116.476,1.2521640094762394
116.477,1.250111947942949
116.47799999999999,1.2480552744766069
116.479,1.2459939911604558
116.48,1.243928100097331
116.48099999999999,1.2418576034096318
116.482,1.2397825032392944
116.483,1.2377028017477765
116.48399999999999,1.2356185011160192
116.485,1.2335296035444361
116.486,1.231436111252882
116.48699999999999,1.2293380264806204
116.488,1.2272353514863115
116.489,1.2251280885479807
116.48999999999999,1.2230162399629871
116.491,1.2208998080480074
116.492,1.2187787951390001
116.49299999999999,1.2166532035911894
116.494,1.214523035779032
116.495,1.2123882940961868
116.496,1.2102489809554988
116.497,1.2081050987889659
116.498,1.2059566500477044
116.499,1.2038036372019405
116.5,1.20164606274096
116.501,1.199483929173099
116.502,1.197317239025709
116.503,1.1951459948451215
116.504,1.1929701991966346
116.505,1.1907898546644695
116.506,1.1886049638517551
116.50700000000001,1.1864155293804899
116.508,1.1842215538915137
116.509,1.182023040044486
116.51000000000001,1.179819990517849
116.511,1.1776124080087971
116.512,1.1754002952332572
116.51300000000001,1.1731836549258448
116.514,1.1709624898398459
116.515,1.1687368027471838
116.51600000000001,1.1665065964383807
116.517,1.164271873722539
116.518,1.162032637427306
116.51900000000001,1.1597888903988354
116.52,1.157540635501771
116.521,1.1552878756191998
116.52200000000001,1.1530306136526345
116.523,1.1507688525219746
116.524,1.1485025951654704
116.52500000000001,1.1462318445397028
116.526,1.143956603619545
116.527,1.141676875398123
116.52800000000001,1.1393926628867996
116.529,1.1371039691151239
116.53,1.1348107971308132
116.53100000000001,1.1325131499997154
116.532,1.1302110308057678
116.533,1.1279044426509774
116.53400000000001,1.1255933886553804
116.535,1.123277871957004
116.536,1.1209578957118462
116.53700000000001,1.1186334630938246
116.538,1.1163045772947591
116.539,1.113971241524329
116.54000000000001,1.1116334590100343
116.541,1.1092912329971749
116.542,1.1069445667488045
116.54300000000001,1.1045934635456953
116.544,1.1022379266863152
116.545,1.099877959486776
116.54600000000001,1.0975135652808123
116.547,1.0951447474197418
116.548,1.0927715092724211
116.54900000000001,1.0903938542252241
116.55,1.0880117856819991
116.551,1.0856253070640276
116.55199999999999,1.0832344218100021
116.553,1.0808391333759704
116.554,1.0784394452353205
116.55500000000001,1.0760353608787312
116.556,1.0736268838141312
116.557,1.0712140175666753
116.55799999999999,1.0687967656787019
116.559,1.0663751317096879
116.56,1.063949119236226
116.56100000000001,1.0615187318519719
116.562,1.0590839731676198
116.563,1.0566448468108594
116.56399999999999,1.0542013564263324
116.565,1.0517535056756033
116.566,1.0493012982371199
116.56700000000001,1.0468447378061669
116.568,1.0443838280948383
116.569,1.0419185728319893
116.56999999999999,1.0394489757632053
116.571,1.0369750406507621
116.572,1.0344967712735755
116.57300000000001,1.0320141714271804
116.574,1.0295272449236792
116.575,1.027035995591701
116.57599999999999,1.0245404272763738
116.577,1.0220405438392708
116.578,1.0195363491583815
116.57899999999999,1.0170278471280676
116.58,1.014515041659019
116.581,1.011997936678219
116.58199999999999,1.0094765361289058
116.583,1.0069508439705221
116.584,1.0044208641786883
116.58499999999999,1.0018866007451441
116.586,0.99934805767772827
116.587,0.99680523900032392
116.58799999999999,0.99425814875281548
116.589,0.99170679099105952
116.59,0.98915116978683515
116.59099999999999,0.98659128922779926
116.592,0.98402715341745561
116.593,0.98145876647510155
116.59399999999999,0.97888613253579515
116.595,0.9763092557503108
116.596,0.97372814028509125
116.59699999999999,0.9711427903222134
116.598,0.96855321005934569
116.599,0.96595940370969324
116.59999999999999,0.96336137550197565
116.601,0.96075912968036326
116.602,0.95815267050445141
116.60299999999999,0.9555420022492116
116.604,0.95292712920493794
116.605,0.95030805567722276
116.60599999999999,0.94768478598690398
116.607,0.94505732447001178
116.608,0.94242567547774758
116.60899999999999,0.93978984337641713
116.61,0.93714983254740547
116.611,0.93450564738712449
116.61199999999999,0.93185729230696235
116.613,0.92920477173325544
116.614,0.92654809010723427
116.61499999999999,0.92388725188497456
116.616,0.92122226153736642
116.617,0.91855312355005547
116.61799999999999,0.91587984242341158
116.619,0.91320242267247664
116.62,0.91052086882691508
116.621,0.90783518543098207
116.622,0.9051453770434712
116.623,0.90245144823766221
116.624,0.89975340360129352
116.625,0.89705124773649647
116.626,0.8943449852597678
116.627,0.89163462080191658
116.628,0.88892015900801113
116.629,0.88620160453735197
116.63,0.88347896206340315
116.631,0.88075223627376831
116.63200000000001,0.87802143187013226
116.633,0.87528655356821172
116.634,0.87254760609772264
116.63500000000001,0.86980459420232559
116.636,0.86705752263957203
116.637,0.86430639618087834
116.63800000000001,0.86155121961145653
116.639,0.8587919977302847
116.64,0.8560287353500553
116.64100000000001,0.85326143729711923
116.642,0.85049010841145578
116.643,0.84771475354661496
116.64400000000001,0.84493537756966686
116.645,0.84215198536116964
116.646,0.83936458181510365
116.64700000000001,0.83657317183884095
116.648,0.83377776035309181
116.649,0.83097835229184613
116.65000000000001,0.82817495260234697
116.651,0.8253675662450306
116.652,0.82255619819347459
116.65300000000001,0.81974085343436398
116.654,0.81692153696742853
116.655,0.81409825380540779
116.65600000000001,0.81127100897399851
116.657,0.80843980751179845
116.658,0.80560465447027196
116.65900000000001,0.80276555491369828
116.66,0.79992251391911129
116.661,0.7970755365762705
116.66200000000001,0.79422462798759619
116.663,0.79136979326813139
116.664,0.78851103754549379
116.66500000000001,0.78564836595981302
116.666,0.78278178366370232
116.667,0.77991129582220076
116.66800000000001,0.77703690761271327
116.669,0.77415862422498583
116.67,0.77127645086103391
116.67100000000001,0.76839039273510767
116.672,0.76550045507364217
116.673,0.76260664311519633
116.67400000000001,0.75970896211042005
116.675,0.75680741732199786
116.676,0.75390201402459134
116.67699999999999,0.75099275750481054
116.678,0.74807965306113866
116.679,0.74516270600390944
116.68000000000001,0.74224192165524028
116.681,0.73931730534898255
116.682,0.73638886243068491
116.68299999999999,0.73345659825753606
116.684,0.73052051819830588
116.685,0.72758062763331854
116.68600000000001,0.72463693195437795
116.687,0.72168943656473905
116.688,0.71873814687904636
116.68899999999999,0.71578306832328153
116.69,0.71282420633472587
116.691,0.70986156636190456
116.69200000000001,0.70689515386452761
116.693,0.70392497431345724
116.694,0.70095103319064034
116.69499999999999,0.69797333598907518
116.696,0.69499188821275304
116.697,0.69200669537659953
116.69800000000001,0.6890177630064438
116.699,0.68602509663895628
116.7,0.68302870182159259
116.70099999999999,0.68002858411256462
116.702,0.6770247490807626
116.703,0.67401720230573003
116.70399999999999,0.6710059493776015
116.705,0.66799099589704714
116.706,0.66497234747523537
116.70699999999999,0.66195000973377693
116.708,0.65892398830466536
116.709,0.65589428883024636
116.70999999999999,0.65286091696314363
116.711,0.64982387836623179
116.712,0.6467831787125724
116.71299999999999,0.64373882368535984
116.714,0.64069081897788482
116.715,0.63763917029347539
116.71599999999999,0.63458388334544091
116.717,0.6315249638570366
116.718,0.62846241756139598
116.71899999999999,0.62539625020149536
116.72,0.62232646753009746
116.721,0.61925307530969098
116.72199999999999,0.61617607931245733
116.723,0.61309548532021418
116.724,0.61001129912435159
116.72499999999999,0.60692352652580395
116.726,0.60383217333497674
116.727,0.6007372453717168
116.72799999999999,0.59763874846524923
116.729,0.59453668845412366
116.73,0.59143107118617566
116.73099999999999,0.58832190251847072
116.732,0.58520918831724478
116.733,0.5820929344578718
116.73399999999999,0.57897314682479317
116.735,0.57584983131148348
116.736,0.5727229938203946
116.73699999999999,0.56959264026289391
116.738,0.56645877655923282
116.739,0.5633214086384859
116.73999999999999,0.56018054243849491
116.741,0.55703618390583332
116.742,0.55388833899573697
116.74299999999999,0.55073701367207084
116.744,0.54758221390727257
116.745,0.54442394568229036
116.746,0.54126221498655225
116.747,0.53809702781790403
116.748,0.53492839018255278
116.749,0.53175630809503716
116.75,0.52858078757815008
116.751,0.52540183466291213
116.752,0.522219455388508
116.753,0.51903365580223593
116.754,0.51584444195946588
116.755,0.51265181992357611
116.756,0.5094557957659176
116.75700000000001,0.50625637556575631
116.758,0.50305356541021373
116.759,0.49984737139423707
116.76000000000001,0.49663779962053578
116.761,0.49342485619952337
116.762,0.49020854724929119
116.76300000000001,0.48698887889553166
116.764,0.48376585727150845
116.765,0.48053948851799966
116.76600000000001,0.47730977878323699
116.767,0.47407673422287377
116.768,0.47084036099992765
116.76900000000001,0.46760066528471889
116.77,0.46435765325484368
116.771,0.46111133109509916
116.77200000000001,0.45786170499745493
116.773,0.45460878116099268
116.774,0.45135256579184979
116.77500000000001,0.44809306510318647
116.776,0.44483028531512625
116.777,0.44156423265469913
116.77800000000001,0.43829491335581006
116.779,0.43502233365916831
116.78,0.43174649981225732
116.78100000000001,0.42846741806927513
116.782,0.42518509469107979
116.783,0.42189953594515339
116.78400000000001,0.41861074810554522
116.785,0.41531873745281711
116.786,0.41202351027400841
116.78700000000001,0.40872507286256754
116.788,0.40542343151832227
116.789,0.40211859254742199
116.79000000000001,0.39881056226227862
116.791,0.39549934698153955
116.792,0.39218495303002099
116.79300000000001,0.38886738673866139
116.794,0.38554665444448455
116.795,0.38222276249052944
116.79600000000001,0.37889571722582582
116.797,0.37556552500533114
116.798,0.37223219218987857
116.79900000000001,0.36889572514613977
116.8,0.3655561302465733
116.801,0.36221341386936601
116.80199999999999,0.35886758239840111
116.803,0.35551864222319418
116.804,0.35216659973885678
116.80500000000001,0.34881146134604624
116.806,0.3454532334509044
116.807,0.34209192246503051
116.80799999999999,0.33872753480542128
116.809,0.3353600768944176
116.81,0.33198955515967432
116.81100000000001,0.32861597603409054
116.812,0.32523934595578163
116.813,0.32185967136802418
116.81399999999999,0.31847695871919779
116.815,0.31509121446275579
116.816,0.31170244505717193
116.81700000000001,0.30831065696587912
116.818,0.30491585665724674
116.819,0.30151805060450876
116.81999999999999,0.29811724528573702
116.821,0.29471344718378623
116.822,0.29130666278623618
116.82300000000001,0.28789689858536516
116.824,0.28448416107809305
116.825,0.28106845676592629
116.82599999999999,0.27764979215493124
116.827,0.27422817375566533
116.828,0.27080360808314996
116.82899999999999,0.26737610165681769
116.83,0.26394566100045047
116.831,0.26051229264216413
116.83199999999999,0.25707600311433865
116.833,0.2536367989535746
116.834,0.25019468670066081
116.83499999999999,0.24674967290050986
116.836,0.24330176410213156
116.837,0.23985096685857554
116.83799999999999,0.23639728772688207
116.839,0.23294073326804865
116.84,0.22948131004698258
116.84099999999999,0.22601902463244183
116.842,0.22255388359701245
116.843,0.21908589351703878
116.84399999999999,0.21561506097260086
116.845,0.21214139254746112
116.846,0.20866489482900752
116.84699999999999,0.20518557440823004
116.848,0.20170343787966782
116.849,0.19821849184135321
116.84999999999999,0.19473074289478776
116.851,0.19124019764487965
116.852,0.18774686269991303
116.85299999999999,0.18425074467150226
116.854,0.18075185017453377
116.855,0.17725018582714291
116.85599999999999,0.17374575825066163
116.857,0.17023857406956333
116.858,0.16672863991144427
116.85899999999999,0.16321596240695158
116.86,0.1597005481897682
116.861,0.15618240389655247
116.86199999999999,0.15266153616689193
116.863,0.1491379516432767
116.864,0.14561165697104839
116.86499999999999,0.14208265879834547
116.866,0.13855096377608822
116.867,0.1350165785579045
116.86799999999999,0.1314795098001178
116.869,0.12793976416168462
116.87,0.1243973483041545
116.871,0.12085226889163847
116.872,0.11730453259076379
116.873,0.11375414607061884
116.874,0.11020111600273541
116.875,0.10664544906102114
116.876,0.10308715192174356
116.877,0.099526231263474152
116.878,0.095962693767043028
116.879,0.092396546115517175
116.88,0.088827794994133402
116.881,0.085256447090285459
116.88200000000001,0.081682509093468525
116.883,0.078105987695227252
116.884,0.074526889589145995
116.88500000000001,0.070945221470784858
116.886,0.067360990037641955
116.887,0.063774201989128088
116.88800000000001,0.060184864026504137
116.889,0.056592982852865958
116.89,0.052998565173092427
116.89100000000001,0.049401617693799249
116.892,0.045802147123314541
116.893,0.042200160171636192
116.89400000000001,0.038595663550378134
116.895,0.034988663972757905
116.896,0.031379168153529591
116.89700000000001,0.027767182808970503
116.898,0.02415271465683011
116.899,0.020535770416283849
116.90000000000001,0.016916356807915811
116.901,0.013294480553668553
116.902,0.009670148376799137
116.90300000000001,0.0060433670018587016
116.904,0.0024141431546342851
116.905,-0.0012175164378662728
116.90600000000001,-0.0048516050474649575
116.907,-0.0084881159448588761
116.908,-0.012127042399634025
116.90900000000001,-0.015768377680315027
116.91,-0.019412115054412649
116.911,-0.023058247788433572
116.91200000000001,-0.026706769147947007
116.913,-0.03035767239759446
116.914,-0.034010950801137252
116.91500000000001,-0.037666597621501374
116.916,-0.04132460612079436
116.917,-0.044984969560350141
116.91800000000001,-0.048647681200775672
116.919,-0.052312734301959818
116.92,-0.055980122123136855
116.92100000000001,-0.059649837922898907
116.922,-0.063321874959240798
116.923,-0.066996226489600463
116.92400000000001,-0.070672885770881155
116.925,-0.074351846059488302
116.926,-0.078033100611375694
116.92699999999999,-0.081716642682058804
116.928,-0.085402465526674742
116.929,-0.089090562399986695
116.93000000000001,-0.092780926556437215
116.931,-0.096473551250181533
116.932,-0.10016842973510887
116.93299999999999,-0.1038655552648815
116.934,-0.10756492109297611
116.935,-0.1112665204726988
116.93600000000001,-0.11497034665723715
116.937,-0.11867639289967391
116.938,-0.1223846524530301
116.93899999999999,-0.12609511857030187
116.94,-0.12980778450447739
116.941,-0.13352264350857634
116.94200000000001,-0.13723968883569304
116.943,-0.14095891373899949
116.944,-0.14468031147181204
116.94499999999999,-0.14840387528759003
116.946,-0.1521295984399833
116.947,-0.15585747418286733
116.94800000000001,-0.15958749577036135
116.949,-0.16331965645685953
116.95,-0.16705394949707841
116.95099999999999,-0.17079036814606008
116.952,-0.17452890565922985
116.953,-0.17826955529240252
116.95399999999999,-0.18201231030182141
116.955,-0.18575716394419794
116.956,-0.18950410947672225
116.95699999999999,-0.19325314015709916
116.958,-0.19700424924358861
116.959,-0.20075742999501234
116.95999999999999,-0.204512675670808
116.961,-0.20826997953103321
116.962,-0.21202933483640596
116.96299999999999,-0.21579073484833744
116.964,-0.21955417282894807
116.965,-0.22331964204109633
116.96599999999999,-0.22708713574842454
116.967,-0.23085664721535659
116.968,-0.23462816970715261
116.96899999999999,-0.23840169648991605
116.97,-0.24217722083062787
116.971,-0.24595473599718165
116.97199999999999,-0.24973423525839378
116.973,-0.25351571188403543
116.974,-0.25729915914487433
116.97499999999999,-0.26108457031267029
116.976,-0.26487193866023295
116.977,-0.26866125746142133
116.97799999999999,-0.27245251999117936
116.979,-0.2762457195255732
116.98,-0.28004084934179341
116.98099999999999,-0.28383790271819187
116.982,-0.28763687293431239
116.983,-0.29143775327089827
116.98399999999999,-0.29524053700993891
116.985,-0.29904521743467116
116.986,-0.30285178782961353
116.98699999999999,-0.30666024148059901
116.988,-0.31047057167477998
116.989,-0.31428277170066288
116.98999999999999,-0.31809683484813567
116.991,-0.32191275440847544
116.992,-0.32573052367439193
116.99299999999999,-0.3295501359400248
116.994,-0.33337158450098858
116.995,-0.33719486265438814
116.996,-0.34101996369883336
116.997,-0.3448468809344658
116.998,-0.34867560766298888
116.999,-0.35250613718767054
117,-0.35633846281338943
117.001,-0.36017257784662737
117.002,-0.36400847559552352
117.003,-0.36784614936985127
117.004,-0.37168559248108668
117.005,-0.37552679824240798
117.006,-0.37936975996868982
117.00700000000001,-0.38321447097657257
117.008,-0.38706092458444941
117.009,-0.39090911411250051
117.01000000000001,-0.39475903288268555
117.011,-0.39861067421880669
117.012,-0.40246403144650245
117.01300000000001,-0.40631909789324938
117.014,-0.41017586688841901
117.015,-0.41403433176328175
117.01600000000001,-0.41789448585099809
117.017,-0.42175632248667894
117.018,-0.42561983500739098
117.01900000000001,-0.42948501675213846
117.02,-0.43335186106194135
117.021,-0.43722036127981312
117.02200000000001,-0.44109051075077277
117.023,-0.4449623028218932
117.024,-0.448835730842295
117.02500000000001,-0.45271078816317667
117.026,-0.45658746813780215
117.027,-0.46046576412156082
117.02800000000001,-0.46434566947195988
117.029,-0.46822717754862131
117.03,-0.47211028171334046
117.03100000000001,-0.47599497533007806
117.032,-0.47988125176495711
117.033,-0.48376910438631748
117.03400000000001,-0.48765852656471331
117.035,-0.49154951167290495
117.036,-0.49544205308591405
117.03700000000001,-0.49933614418101868
117.038,-0.50323177833775024
117.039,-0.50712894893794225
117.03999999999999,-0.51102764936571932
117.041,-0.51492787300753085
117.042,-0.51882961325212484
117.04300000000001,-0.52273286349061499
117.044,-0.52663761711646462
117.045,-0.53054386752548055
117.04599999999999,-0.53445160811587478
117.047,-0.53836083228824272
117.048,-0.54227153344556944
117.04900000000001,-0.54618370499327007
117.05,-0.55009734033919244
117.051,-0.55401243289360025
117.05199999999999,-0.55792897606923342
117.053,-0.56184696328128947
117.054,-0.56576638794742262
117.05500000000001,-0.56968724348779309
117.056,-0.57360952332504933
117.057,-0.5775332208843551
117.05799999999999,-0.5814583295933704
117.059,-0.5853848428823043
117.06,-0.58931275418390383
117.06100000000001,-0.59324205693344467
117.062,-0.59717274456878044
117.063,-0.60110481053033338
117.06399999999999,-0.60503824826108366
117.065,-0.60897305120661605
117.066,-0.61290921281511324
117.06700000000001,-0.61684672653734118
117.068,-0.62078558582670151
117.069,-0.62472578413921731
117.06999999999999,-0.62866731493352068
117.071,-0.63261017167090383
117.072,-0.63655434781529996
117.07300000000001,-0.64049983683330414
117.074,-0.64444663219415155
117.075,-0.64839472736976811
117.07599999999999,-0.6523441158347576
117.077,-0.65629479106638922
117.078,-0.66024674654464066
117.07900000000001,-0.66419997575219192
117.08,-0.66815447217440349
117.081,-0.67211022929937059
117.08199999999999,-0.67606724061790446
117.083,-0.68002549962351777
117.084,-0.68398499981247785
117.08500000000001,-0.68794573468378273
117.086,-0.69190769773915273
117.087,-0.69587088248307349
117.08799999999999,-0.69983528242277693
117.089,-0.70380089106825849
117.09,-0.70776770193225014
117.09099999999999,-0.71173570853027446
117.092,-0.71570490438062428
117.093,-0.71967528300434225
117.09399999999999,-0.72364683792527629
117.095,-0.72761956267005345
117.096,-0.7315934507680657
117.09699999999999,-0.73556849575151961
117.098,-0.73954469115541155
117.099,-0.74352203051751786
117.09999999999999,-0.74750050737843265
117.101,-0.75148011528155489
117.102,-0.75546084777306666
117.10299999999999,-0.75944269840198153
117.104,-0.76342566072011309
117.105,-0.76740972828210063
117.10599999999999,-0.77139489464537325
117.107,-0.77538115337020042
117.108,-0.77936849801966757
117.10899999999999,-0.78335692215966279
117.11,-0.78734641935891547
117.111,-0.79133698318897716
117.11199999999999,-0.79532860722420518
117.113,-0.79932128504180122
117.114,-0.80331501022179186
117.11499999999999,-0.80730977634701162
117.116,-0.81130557700314077
117.117,-0.81530240577868796
117.11799999999999,-0.8193002562649685
117.119,-0.82329912205614475
117.12,-0.8272989967491986
117.121,-0.83129987394394833
117.122,-0.83530174724301354
117.123,-0.83930461025186309
117.124,-0.84330845657878983
117.125,-0.8473132798348888
117.126,-0.85131907363409676
117.127,-0.85532583159317266
117.128,-0.85933354733167633
117.129,-0.86334221447200221
117.13,-0.86735182663936516
117.131,-0.87136237746176848
117.13200000000001,-0.87537386057005095
117.133,-0.87938626959785582
117.134,-0.88339959818163738
117.13500000000001,-0.88741383996063439
117.136,-0.89142898857690867
117.137,-0.89544503767532246
117.13800000000001,-0.89946198090351137
117.139,-0.90347981191192606
117.14,-0.90749852435380474
117.14100000000001,-0.91151811188515275
117.142,-0.91553856816477808
117.143,-0.9195598868542687
117.14400000000001,-0.92358206161796153
117.145,-0.92760508612299208
117.146,-0.9316289540392555
117.14700000000001,-0.93565365903939357
117.148,-0.93967919479882189
117.149,-0.94370555499570452
117.15000000000001,-0.94773273331096197
117.151,-0.95176072342823348
117.152,-0.95578951903391873
117.15300000000001,-0.95981911381714946
117.154,-0.96384950146976767
117.155,-0.96788067568635228
117.15600000000001,-0.97191263016420359
117.157,-0.97594535860330822
117.158,-0.97997885470637991
117.15900000000001,-0.98401311217883158
117.16,-0.98804812472874426
117.161,-0.99208388606690967
117.16200000000001,-0.99612038990679741
117.163,-1.0001576299645296
117.164,-1.0041955999589134
117.16499999999999,-1.0082342936114119
117.166,-1.0122737046461476
117.167,-1.0163138267898626
117.16800000000001,-1.0203546537719617
117.169,-1.0243961793244796
117.17,-1.0284383971820539
117.17099999999999,-1.0324813010819582
117.172,-1.0365248847640718
117.173,-1.0405691419708543
117.17400000000001,-1.0446140664473811
117.175,-1.0486596519413061
117.176,-1.0527058922028414
117.17699999999999,-1.0567527809847848
117.178,-1.0608003120424945
117.179,-1.0648484791338566
117.18000000000001,-1.0688972760193192
117.181,-1.0729466964618553
117.182,-1.0769967342269706
117.18299999999999,-1.0810473830826623
117.184,-1.0850986367994517
117.185,-1.0891504891503594
117.18600000000001,-1.0932029339108698
117.187,-1.0972559648589635
117.188,-1.1013095757750908
117.18899999999999,-1.105363760442136
117.19,-1.1094185126454503
117.191,-1.1134738261728292
117.19200000000001,-1.1175296948144657
117.193,-1.1215861123629955
117.194,-1.1256430726134603
117.19499999999999,-1.129700569363278
117.196,-1.1337585964122714
117.197,-1.1378171475626302
117.19800000000001,-1.1418762166189191
117.199,-1.1459357973880309
117.2,-1.1499958836792277
117.20099999999999,-1.1540564693040967
117.202,-1.1581175480765284
117.203,-1.1621791138127406
117.20400000000001,-1.1662411603312521
117.205,-1.1703036814528422
117.206,-1.1743666710005911
117.20699999999999,-1.1784301227998397
117.208,-1.1824940306781575
117.209,-1.186558388465377
117.21000000000001,-1.1906231899935547
117.211,-1.1946884290969484
117.212,-1.1987540996120325
117.21299999999999,-1.2028201953774715
117.214,-1.2068867102341128
117.215,-1.2109536380249484
117.21599999999999,-1.2150209725951484
117.217,-1.219088707792026
117.218,-1.2231568374649955
117.21899999999999,-1.2272253554656136
117.22,-1.2312942556475419
117.221,-1.2353635318665082
117.22199999999999,-1.2394331779803389
117.223,-1.2435031878489275
117.224,-1.2475735553341987
117.22499999999999,-1.2516442743001308
117.226,-1.2557153386127351
117.227,-1.2597867421400073
117.22799999999999,-1.2638584787519664
117.229,-1.2679305423206082
117.23,-1.2720029267199076
117.23099999999999,-1.2760756258257739
117.232,-1.2801486335160837
117.233,-1.2842219436706452
117.23399999999999,-1.2882955501711582
117.235,-1.2923694469012483
117.236,-1.2964436277464322
117.23699999999999,-1.3005180865940758
117.238,-1.3045928173334307
117.239,-1.3086678138555925
117.23999999999999,-1.3127430700534681
117.241,-1.3168185798218035
117.242,-1.320894337057152
117.24299999999999,-1.32497033565783
117.244,-1.3290465695239533
117.245,-1.3331230325573911
117.246,-1.3371997186617621
117.247,-1.3412766217423986
117.248,-1.3453537357063716
117.249,-1.3494310544624515
117.25,-1.3535085719210738
117.251,-1.3575862819943714
117.252,-1.3616641785961345
117.253,-1.3657422556417709
117.254,-1.3698205070483409
117.255,-1.3738989267345181
117.256,-1.3779775086205506
117.25700000000001,-1.3820562466282915
117.258,-1.3861351346811546
117.259,-1.3902141667041157
117.26000000000001,-1.3942933366236616
117.261,-1.398372638367829
117.262,-1.4024520658661546
117.26300000000001,-1.4065316130496521
117.264,-1.4106112738508303
117.265,-1.4146910422036587
117.26600000000001,-1.4187709120435317
117.267,-1.4228508773072939
117.268,-1.4269309319332102
117.26900000000001,-1.431011069860916
117.27,-1.4350912850314597
117.271,-1.4391715713872522
117.27200000000001,-1.4432519228720411
117.273,-1.4473323334309267
117.274,-1.4514127970103301
117.27500000000001,-1.455493307557985
117.276,-1.4595738590228899
117.277,-1.4636544453553455
117.27800000000001,-1.4677350605069091
117.279,-1.4718156984303601
117.28,-1.4758963530797313
117.28100000000001,-1.4799770184102625
117.282,-1.4840576883783712
117.283,-1.4881383569416808
117.28400000000001,-1.4922190180589743
117.285,-1.4962996656901684
117.286,-1.5003802937963329
117.28700000000001,-1.5044608963396549
117.288,-1.508541467283405
117.289,-1.5126220005919597
117.28999999999999,-1.5167024902307622
117.291,-1.520782930166316
117.292,-1.5248633143661454
117.29300000000001,-1.5289436367988163
117.294,-1.5330238914339063
117.295,-1.5371040722419629
117.29599999999999,-1.5411841731945337
117.297,-1.5452641882641238
117.298,-1.5493441114241646
117.29900000000001,-1.5534239366490397
117.3,-1.5575036579140447
117.301,-1.5615832691953537
117.30199999999999,-1.5656627644700434
117.303,-1.5697421377160623
117.304,-1.5738213829121825
117.30500000000001,-1.5779004940380386
117.306,-1.5819794650740766
117.307,-1.586058290001553
117.30799999999999,-1.5901369628024966
117.309,-1.5942154774597288
117.31,-1.5982938279568275
117.31100000000001,-1.6023720082780963
117.312,-1.606450012408585
117.313,-1.6105278343340554
117.31399999999999,-1.6146054680409465
117.315,-1.6186829075163995
117.316,-1.6227601467482193
117.31700000000001,-1.6268371797248449
117.318,-1.6309140004353679
117.319,-1.634990602869502
117.31999999999999,-1.6390669810175442
117.321,-1.6431431288704061
117.322,-1.6472190404195626
117.32300000000001,-1.6512947096570576
117.324,-1.6553701305754585
117.325,-1.6594452971678857
117.32599999999999,-1.6635202034279724
117.327,-1.6675948433498302
117.328,-1.67166921092808
117.32900000000001,-1.6757433001578121
117.33,-1.6798171050345507
117.331,-1.6838906195542833
117.33199999999999,-1.687963837713423
117.333,-1.6920367535087752
117.334,-1.6961093609375606
117.33500000000001,-1.7001816539973893
117.336,-1.7042536266862109
117.337,-1.708325273002357
117.33799999999999,-1.7123965869444904
117.339,-1.7164675625116033
117.34,-1.720538193702982
117.34099999999999,-1.7246084745182317
117.342,-1.7286783989572392
117.343,-1.7327479610201397
117.34399999999999,-1.7368171547073459
117.345,-1.7408859740195144
117.346,-1.7449544129575036
117.34699999999999,-1.7490224655224127
117.348,-1.7530901257155378
117.349,-1.7571573875383439
117.34999999999999,-1.7612242449924906
117.351,-1.7652906920797937
117.352,-1.7693567228022014
117.35299999999999,-1.7734223311618127
117.354,-1.7774875111608415
117.355,-1.781552256801616
117.35599999999999,-1.7856165620865392
117.357,-1.7896804210181134
117.358,-1.7937438275989166
117.35899999999999,-1.7978067758315532
117.36,-1.8018692597187025
117.361,-1.8059312732630648
117.36199999999999,-1.8099928104673442
117.363,-1.8140538653342704
117.364,-1.8181144318665678
117.36499999999999,-1.8221745040669184
117.366,-1.8262340759380011
117.367,-1.8302931414824464
117.36799999999999,-1.8343516947028142
117.369,-1.8384097296016151
117.37,-1.8424672401812794
117.371,-1.8465242204441541
117.372,-1.8505806643924627
117.373,-1.8546365660283399
117.374,-1.8586919193537943
117.375,-1.8627467183706834
117.376,-1.8668009570807378
117.377,-1.8708546294855299
117.378,-1.8749077295864476
117.379,-1.8789602513847194
117.38,-1.883012188881386
117.381,-1.8870635360772665
117.38200000000001,-1.8911142869729956
117.383,-1.8951644355689785
117.384,-1.899213975865397
117.38500000000001,-1.9032629018621732
117.386,-1.9073112075590011
117.387,-1.9113588869553171
117.38800000000001,-1.9154059340502601
117.389,-1.9194523428427201
117.39,-1.9234981073312936
117.39100000000001,-1.9275432215142621
117.392,-1.9315876793896196
117.393,-1.9356314749550432
117.39400000000001,-1.9396746022078704
117.395,-1.9437170551451217
117.396,-1.9477588277634759
117.39700000000001,-1.9517999140592437
117.398,-1.955840308028395
117.399,-1.9598800036665303
117.40000000000001,-1.9639189949688785
117.401,-1.9679572759302664
117.402,-1.9719948405451495
117.40300000000001,-1.9760316828075881
117.404,-1.9800677967112126
117.405,-1.984103176249266
117.40600000000001,-1.9881378154145688
117.407,-1.9921717081994874
117.408,-1.9962048485959851
117.40900000000001,-2.0002372305955776
117.41,-2.0042688481893158
117.411,-2.0082996953678149
117.41200000000001,-2.012329766121228
117.413,-2.0163590544392251
117.414,-2.0203875543110241
117.41499999999999,-2.0244152597253535
117.416,-2.0284421646704685
117.417,-2.0324682631341133
117.41800000000001,-2.0364935491035547
117.419,-2.0405180165655628
117.42,-2.0445416595063817
117.42099999999999,-2.0485644719117611
117.422,-2.0525864477669442
117.423,-2.0566075810566264
117.42400000000001,-2.0606278657650021
117.425,-2.0646472958757389
117.426,-2.0686658653719512
117.42699999999999,-2.0726835682362372
117.428,-2.0767003984506553
117.429,-2.0807163499966999
117.43000000000001,-2.0847314168553392
117.431,-2.0887455930069869
117.432,-2.0927588724315038
117.43299999999999,-2.0967712491081816
117.434,-2.1007827170157727
117.435,-2.1047932701324648
117.43600000000001,-2.1088029024358619
117.437,-2.1128116079030281
117.438,-2.1168193805104556
117.43899999999999,-2.1208262142340493
117.44,-2.1248321030491573
117.441,-2.1288370409305664
117.44200000000001,-2.1328410218524594
117.443,-2.1368440397884694
117.444,-2.1408460887116556
117.44499999999999,-2.1448471625944752
117.446,-2.1488472554088371
117.447,-2.1528463611260591
117.44800000000001,-2.1568444737168928
117.449,-2.1608415871514906
117.45,-2.1648376953994504
117.45099999999999,-2.1688327924297939
117.452,-2.1728268722109458
117.453,-2.1768199287107759
117.45400000000001,-2.1808119558965844
117.455,-2.1848029477350739
117.456,-2.1887928981924043
117.45699999999999,-2.1927818012341556
117.458,-2.1967696508253267
117.459,-2.2007564409303759
117.46000000000001,-2.2047421655131902
117.461,-2.2087268185370803
117.462,-2.2127103939648185
117.46299999999999,-2.2166928857586186
117.464,-2.2206742878801462
117.465,-2.2246545942904978
117.46599999999999,-2.2286337989502494
117.467,-2.2326118958194305
117.468,-2.2365888788575194
117.46899999999999,-2.2405647420234773
117.47,-2.2445394792757369
117.471,-2.2485130845721892
117.47199999999999,-2.2524855518702243
117.473,-2.2564568751267196
117.474,-2.2604270482980215
117.47499999999999,-2.2643960653399926
117.476,-2.2683639202080039
117.477,-2.2723306068569054
117.47799999999999,-2.2762961192410875
117.479,-2.2802604513144509
117.48,-2.2842235970304312
117.48099999999999,-2.2881855503419795
117.482,-2.2921463052016051
117.483,-2.2961058555613674
117.48399999999999,-2.3000641953728573
117.485,-2.3040213185872558
117.486,-2.3079772191553074
117.48699999999999,-2.3119318910273217
117.488,-2.3158853281532084
117.489,-2.3198375244824812
117.48999999999999,-2.3237884739642354
117.491,-2.3277381705471969
117.492,-2.3316866081797221
117.49299999999999,-2.3356337808097694
117.494,-2.3395796823849713
117.495,-2.3435243068525962
117.496,-2.3474676481595882
117.497,-2.3514097002525398
117.498,-2.3553504570777504
117.499,-2.359289912581211
117.5,-2.3632280607086003
117.501,-2.3671648954053337
117.502,-2.3711004106165534
117.503,-2.3750346002871252
117.504,-2.3789674583616822
117.505,-2.3828989787846293
117.506,-2.3868291555001244
117.50700000000001,-2.3907579824521337
117.508,-2.3946854535844251
117.509,-2.3986115628405873
117.51000000000001,-2.4025363041640189
117.511,-2.4064596714979816
117.512,-2.4103816587855968
117.51300000000001,-2.4143022599698378
117.514,-2.4182214689935861
117.515,-2.4221392797996204
117.51600000000001,-2.4260556863306197
117.517,-2.4299706825292109
117.518,-2.4338842623379744
117.51900000000001,-2.4377964196994277
117.52,-2.4417071485560928
117.521,-2.4456164428504801
117.52200000000001,-2.4495242965250981
117.523,-2.4534307035224998
117.524,-2.457335657785281
117.52500000000001,-2.4612391532561055
117.526,-2.4651411838776953
117.527,-2.469041743592892
117.52800000000001,-2.4729408263446544
117.529,-2.4768384260760552
117.53,-2.4807345367303402
117.53100000000001,-2.4846291522509265
117.532,-2.488522266581402
117.533,-2.4924138736655861
117.53400000000001,-2.4963039674475258
117.535,-2.5001925418714981
117.536,-2.5040795908820757
117.53700000000001,-2.5079651084241066
117.538,-2.5118490884427453
117.539,-2.5157315248834902
117.53999999999999,-2.5196124116921856
117.541,-2.5234917428150556
117.542,-2.5273695121987014
117.54300000000001,-2.5312457137901623
117.544,-2.535120341536917
117.545,-2.5389933893868823
117.54599999999999,-2.5428648512884848
117.547,-2.5467347211906564
117.548,-2.5506029930428369
117.54900000000001,-2.5544696607950472
117.55,-2.5583347183978784
117.551,-2.562198159802505
117.55199999999999,-2.5660599789607534
117.553,-2.5699201698250977
117.554,-2.573778726348662
117.55500000000001,-2.5776356424852978
117.556,-2.5814909121895724
117.557,-2.5853445294168109
117.55799999999999,-2.5891964881230969
117.559,-2.5930467822653371
117.56,-2.5968954058012672
117.56100000000001,-2.6007423526894557
117.562,-2.6045876168893827
117.563,-2.6084311923614303
117.56399999999999,-2.6122730730669019
117.565,-2.6161132529680833
117.566,-2.6199517260282601
117.56700000000001,-2.6237884862117129
117.568,-2.6276235274837942
117.569,-2.6314568438109367
117.56999999999999,-2.6352884291606591
117.571,-2.6391182775016393
117.572,-2.6429463828037125
117.57300000000001,-2.6467727390379192
117.574,-2.6505973401765051
117.575,-2.6544201801929939
117.57599999999999,-2.6582412530621946
117.577,-2.6620605527602192
117.578,-2.6658780732645413
117.57900000000001,-2.6696938085540269
117.58,-2.6735077526089235
117.581,-2.6773198994109526
117.58199999999999,-2.6811302429433033
117.583,-2.6849387771906628
117.584,-2.6887454961392763
117.58500000000001,-2.6925503937769637
117.586,-2.6963534640931348
117.587,-2.7001547010788611
117.58799999999999,-2.7039540987268831
117.589,-2.7077516510316606
117.59,-2.7115473519893767
117.59099999999999,-2.7153411955980076
117.592,-2.7191331758573556
117.593,-2.7229232867690394
117.59399999999999,-2.7267115223365908
117.595,-2.7304978765654599
117.596,-2.7342823434630326
117.59699999999999,-2.7380649170387059
117.598,-2.7418455913039104
117.599,-2.7456243602721191
117.59999999999999,-2.7494012179589271
117.601,-2.7531761583820753
117.602,-2.7569491755614548
117.60299999999999,-2.7607202635191994
117.604,-2.7644894162796856
117.605,-2.7682566278695928
117.60599999999999,-2.7720218923179054
117.607,-2.775785203656004
117.608,-2.7795465559176753
117.60899999999999,-2.7833059431391334
117.61,-2.7870633593591032
117.611,-2.7908187986188393
117.61199999999999,-2.7945722549621346
117.613,-2.7983237224354243
117.614,-2.802073195087786
117.61499999999999,-2.8058206669709689
117.616,-2.8095661321394747
117.617,-2.8133095846505798
117.61799999999999,-2.8170510185643529
117.619,-2.8207904279437432
117.62,-2.8245278068545945
117.621,-2.8282631493656938
117.622,-2.8319964495487993
117.623,-2.8357277014787146
117.624,-2.8394568992333173
117.625,-2.8431840368935788
117.626,-2.8469091085436506
117.627,-2.8506321082708865
117.628,-2.8543530301658731
117.629,-2.8580718683224999
117.63,-2.8617886168380045
117.631,-2.8655032698129839
117.63200000000001,-2.8692158213514816
117.633,-2.8729262655610093
117.634,-2.8766345965526074
117.63500000000001,-2.8803408084408595
117.636,-2.8840448953439841
117.637,-2.8877468513838584
117.63800000000001,-2.8914466706860464
117.639,-2.8951443473798859
117.64,-2.8988398755985161
117.64100000000001,-2.9025332494789042
117.642,-2.9062244631619363
117.643,-2.9099135107924408
117.64400000000001,-2.9136003865192235
117.645,-2.9172850844951475
117.646,-2.9209675988771755
117.64700000000001,-2.9246479238263818
117.648,-2.9283260535080586
117.649,-2.9320019820917258
117.65000000000001,-2.9356757037512047
117.651,-2.9393472126646341
117.652,-2.9430165030145643
117.65300000000001,-2.9466835689879867
117.654,-2.9503484047763626
117.655,-2.954011004575726
117.65600000000001,-2.9576713625866944
117.657,-2.9613294730145183
117.658,-2.9649853300691698
117.65900000000001,-2.9686389279653662
117.66,-2.972290260922609
117.661,-2.9759393231652806
117.66200000000001,-2.9795861089226658
117.663,-2.9832306124289998
117.664,-2.986872827923543
117.66499999999999,-2.9905127496506276
117.666,-2.9941503718597078
117.667,-2.9977856888054042
117.66800000000001,-3.0014186947475805
117.669,-3.0050493839513859
117.67,-3.0086777506872977
117.67099999999999,-3.0123037892312041
117.672,-3.015927493864444
117.673,-3.0195488588738435
117.67400000000001,-3.0231678785518117
117.675,-3.0267845471963755
117.676,-3.030398859111215
117.67699999999999,-3.0340108086057613
117.678,-3.0376203899952321
117.679,-3.0412275976006757
117.68000000000001,-3.0448324257490471
117.681,-3.0484348687732687
117.682,-3.0520349210122744
117.68299999999999,-3.0556325768110586
117.684,-3.0592278305207641
117.685,-3.0628206764987196
117.68600000000001,-3.0664111091084889
117.687,-3.0699991227199606
117.688,-3.0735847117093842
117.68899999999999,-3.0771678704594185
117.69,-3.0807485933592238
117.691,-3.0843268748045043
117.69200000000001,-3.0879027091975457
117.693,-3.0914760909473165
117.694,-3.0950470144695075
117.69499999999999,-3.098615474186575
117.696,-3.1021814645278374
117.697,-3.1057449799295052
117.69800000000001,-3.1093060148347691
117.699,-3.1128645636938197
117.7,-3.1164206209639573
117.70099999999999,-3.1199741811096287
117.702,-3.1235252386024763
117.703,-3.127073787921427
117.70400000000001,-3.1306198235527498
117.705,-3.1341633399900841
117.706,-3.1377043317345521
117.70699999999999,-3.1412427932947971
117.708,-3.144778719187026
117.709,-3.1483121039351154
117.71000000000001,-3.1518429420706484
117.711,-3.1553712281329682
117.712,-3.1588969566692722
117.71299999999999,-3.1624201222346517
117.714,-3.1659407193921743
117.715,-3.1694587427129131
117.71599999999999,-3.1729741867760612
117.717,-3.1764870461689627
117.718,-3.1799973154871699
117.71899999999999,-3.183504989334546
117.72,-3.1870100623232984
117.721,-3.1905125290740415
117.72199999999999,-3.1940123842158892
117.723,-3.197509622386506
117.724,-3.2010042382321515
117.72499999999999,-3.2044962264077892
117.726,-3.2079855815771232
117.727,-3.211472298412656
117.72799999999999,-3.2149563715957896
117.729,-3.2184377958168628
117.73,-3.2219165657752367
117.73099999999999,-3.2253926761793315
117.732,-3.2288661217467372
117.733,-3.2323368972042505
117.73399999999999,-3.2358049972879401
117.735,-3.2392704167432314
117.736,-3.2427331503249786
117.73699999999999,-3.2461931927974925
117.738,-3.2496505389346586
117.739,-3.2531051835199856
117.73999999999999,-3.2565571213466473
117.741,-3.2600063472175975
117.742,-3.2634528559456113
117.74299999999999,-3.2668966423533448
117.744,-3.2703377012734336
117.745,-3.2737760275485392
117.746,-3.2772116160314315
117.747,-3.2806444615850312
117.748,-3.2840745590825184
117.749,-3.2875019034073834
117.75,-3.2909264894534775
117.751,-3.2943483121251171
117.752,-3.2977673663371396
117.753,-3.3011836470149518
117.754,-3.3045971490946364
117.755,-3.308007867523008
117.756,-3.3114157972576646
117.75700000000001,-3.3148209332670824
117.758,-3.3182232705306856
117.759,-3.321622804038908
117.76000000000001,-3.3250195287932502
117.761,-3.32841343980638
117.762,-3.3318045321021961
117.76300000000001,-3.3351928007158707
117.764,-3.3385782406939599
117.765,-3.3419608470944606
117.76600000000001,-3.345340614986859
117.767,-3.3487175394522462
117.768,-3.3520916155833591
117.76900000000001,-3.3554628384846437
117.77,-3.3588312032723646
117.771,-3.3621967050746475
117.77200000000001,-3.3655593390315461
117.773,-3.3689191002951464
117.774,-3.3722759840296099
117.77500000000001,-3.3756299854112601
117.776,-3.3789810996286374
117.777,-3.3823293218826009
117.77800000000001,-3.3856746473863808
117.779,-3.3890170713656431
117.78,-3.3923565890585854
117.78100000000001,-3.3956931957160048
117.782,-3.3990268866013418
117.783,-3.4023576569907981
117.78400000000001,-3.4056855021733821
117.785,-3.4090104174509737
117.786,-3.4123323981384281
117.78700000000001,-3.4156514395636304
117.788,-3.4189675370675561
117.789,-3.4222806860043695
117.78999999999999,-3.4255908817414902
117.791,-3.4288981196596628
117.792,-3.4322023951530101
117.79300000000001,-3.4355037036291529
117.794,-3.4388020405092492
117.795,-3.4420974012280663
117.79599999999999,-3.4453897812340752
117.797,-3.4486791759895183
117.798,-3.451965580970457
117.79900000000001,-3.4552489916668927
117.8,-3.4585294035828031
117.801,-3.4618068122362207
117.80199999999999,-3.465081213159328
117.803,-3.4683526018985154
117.804,-3.4716209740144439
117.80500000000001,-3.4748863250821476
117.806,-3.478148650691085
117.807,-3.4814079464452323
117.80799999999999,-3.4846642079631227
117.809,-3.4879174308779657
117.81,-3.4911676108376968
117.81100000000001,-3.494414743505037
117.812,-3.4976588245576004
117.813,-3.500899849687956
117.81399999999999,-3.5041378146036761
117.815,-3.5073727150274525
117.816,-3.5106045466971487
117.81700000000001,-3.5138333053658597
117.818,-3.5170589868020192
117.819,-3.5202815867894586
117.81999999999999,-3.523501101127458
117.821,-3.5267175256308629
117.822,-3.5299308561301297
117.82300000000001,-3.5331410884714165
117.824,-3.5363482185166237
117.825,-3.5395522421435164
117.82599999999999,-3.5427531552457747
117.827,-3.5459509537330449
117.828,-3.5491456335310581
117.82900000000001,-3.5523371905816834
117.83,-3.5555256208429782
117.831,-3.558710920289311
117.83199999999999,-3.5618930849113992
117.833,-3.5650721107163807
117.834,-3.5682479937279217
117.83500000000001,-3.5714207299862606
117.836,-3.5745903155482788
117.837,-3.5777567464875997
117.83799999999999,-3.5809200188946475
117.839,-3.5840801288767201
117.84,-3.5872370725580538
117.84099999999999,-3.5903908460799219
117.842,-3.5935414456006924
117.843,-3.5966888672958923
117.84399999999999,-3.5998331073582959
117.845,-3.6029741619980094
117.846,-3.6061120274424976
117.84699999999999,-3.609246699936711
117.848,-3.6123781757431406
117.849,-3.6155064511418589
117.84999999999999,-3.6186315224306442
117.851,-3.6217533859250253
117.852,-3.6248720379583474
117.85299999999999,-3.6279874748818655
117.854,-3.6310996930648063
117.855,-3.6342086888944447
117.85599999999999,-3.637314458776161
117.857,-3.6404169991335378
117.858,-3.6435163064084231
117.85899999999999,-3.6466123770609808
117.86,-3.6497052075698004
117.861,-3.6527947944319488
117.86199999999999,-3.6558811341630255
117.863,-3.6589642232972732
117.864,-3.6620440583876253
117.86499999999999,-3.6651206360057662
117.866,-3.6681939527422331
117.867,-3.6712640052064716
117.86799999999999,-3.6743307900268922
117.869,-3.6773943038509698
117.87,-3.6804545433452995
117.871,-3.6835115051956731
117.872,-3.6865651861071251
117.873,-3.6896155828040493
117.874,-3.6926626920302388
117.875,-3.6957065105489439
117.876,-3.6987470351429792
117.877,-3.701784262614777
117.878,-3.7048181897864323
117.879,-3.7078488134998162
117.88,-3.7108761306166214
117.881,-3.7139001380184204
117.88200000000001,-3.7169208326067666
117.883,-3.7199382113032398
117.884,-3.7229522710495235
117.88500000000001,-3.7259630088074598
117.886,-3.7289704215591435
117.887,-3.7319745063069849
117.88800000000001,-3.7349752600737434
117.889,-3.7379726799026445
117.89,-3.7409667628574264
117.89100000000001,-3.743957506022392
117.892,-3.7469449065025096
117.893,-3.7499289614234579
117.89400000000001,-3.7529096679316885
117.895,-3.7558870231945169
117.896,-3.7588610244001766
117.89700000000001,-3.761831668757865
117.898,-3.7647989534978539
117.899,-3.7677628758715205
117.90000000000001,-3.7707234331514323
117.901,-3.7736806226313915
117.902,-3.7766344416265305
117.90300000000001,-3.7795848874733622
117.904,-3.7825319575298275
117.905,-3.7854756491754005
117.90600000000001,-3.7884159598111253
117.907,-3.7913528868596744
117.908,-3.7942864277654431
117.90900000000001,-3.7972165799945925
117.91,-3.800143341035108
117.911,-3.8030667083968801
117.91200000000001,-3.8059866796117703
117.913,-3.8089032522336437
117.914,-3.8118164238384731
117.91499999999999,-3.8147261920243745
117.916,-3.8176325544116851
117.917,-3.820535508643002
117.91800000000001,-3.823435052383279
117.919,-3.8263311833198683
117.92,-3.82922389916257
117.92099999999999,-3.8321131976437233
117.922,-3.8349990765182556
117.923,-3.8378815335637251
117.92400000000001,-3.8407605665804105
117.925,-3.8436361733913609
117.926,-3.8465083518424352
117.92699999999999,-3.849377099802398
117.928,-3.8522424151629631
117.929,-3.8551042958388351
117.93000000000001,-3.8579627397677987
117.931,-3.8608177449107624
117.932,-3.8636693092518222
117.93299999999999,-3.8665174307983019
117.934,-3.8693621075808373
117.935,-3.8722033376534313
117.93600000000001,-3.8750411190934804
117.937,-3.8778754500018735
117.938,-3.8807063285030283
117.93899999999999,-3.8835337527449312
117.94,-3.8863577208992313
117.941,-3.8891782311612761
117.94200000000001,-3.8919952817501509
117.943,-3.8948088709087711
117.944,-3.8976189969039154
117.94499999999999,-3.900425658026264
117.946,-3.9032288525904928
117.947,-3.9060285789353015
117.94800000000001,-3.9088248354234754
117.949,-3.9116176204419215
117.95,-3.9144069324017545
117.95099999999999,-3.91719276973833
117.952,-3.9199751309112889
117.953,-3.9227540144046289
117.95400000000001,-3.9255294187267511
117.955,-3.9283013424104922
117.956,-3.9310697840132054
117.95699999999999,-3.9338347421168027
117.958,-3.9365962153277811
117.959,-3.9393542022773103
117.96000000000001,-3.9421087016212626
117.961,-3.94485971204025
117.962,-3.9476072322397053
117.96299999999999,-3.9503512609499047
117.964,-3.9530917969260377
117.965,-3.9558288389482197
117.96599999999999,-3.9585623858215842
117.967,-3.9612924363763078
117.968,-3.9640189894676423
117.96899999999999,-3.9667420439759935
117.97,-3.9694615988069542
117.971,-3.9721776528913333
117.97199999999999,-3.9748902051852237
117.973,-3.9775992546700536
117.974,-3.9803048003525898
117.97499999999999,-3.983006841265035
117.976,-3.9857053764650363
117.977,-3.9884004050357387
117.97799999999999,-3.9910919260858337
117.979,-3.993779938749598
117.98,-3.9964644421869409
117.98099999999999,-3.9991454355834222
117.982,-4.0018229181503386
117.983,-4.0044968891247281
117.98399999999999,-4.0071673477694194
117.985,-4.0098342933730802
117.986,-4.0124977252502614
117.98699999999999,-4.0151576427414097
117.988,-4.0178140452129441
117.989,-4.0204669320572703
117.98999999999999,-4.0231163026928183
117.991,-4.0257621565640997
117.992,-4.028404493141732
117.99299999999999,-4.0310433119224633
117.994,-4.0336786124292416
117.995,-4.0363103942112222
117.996,-4.0389386568438219
117.997,-4.0415633999287328
117.998,-4.0441846230939866
117.999,-4.0468023259939745
118,-4.0494165083094655
118.001,-4.0520271697476717
118.002,-4.054634310042263
118.003,-4.0572379289533949
118.004,-4.0598380262677587
118.005,-4.0624346017986035
118.006,-4.0650276553857561
118.00700000000001,-4.0676171868956805
118.008,-4.0702031962214829
118.009,-4.0727856832829605
118.01000000000001,-4.075364648026607
118.011,-4.0779400904256695
118.012,-4.0805120104801658
118.01300000000001,-4.083080408216901
118.014,-4.085645283689515
118.015,-4.0882066369785051
118.01600000000001,-4.0907644681912352
118.017,-4.093318777461989
118.018,-4.0958695649519843
118.01900000000001,-4.0984168308493851
118.02,-4.1009605753693492
118.021,-4.1035007987540446
118.02200000000001,-4.1060375012726613
118.023,-4.1085706832214557
118.024,-4.1111003449237584
118.02500000000001,-4.1136264867300074
118.026,-4.1161491090177522
118.027,-4.1186682121917029
118.02800000000001,-4.1211837966837326
118.029,-4.1236958629528901
118.03,-4.126204411485447
118.03100000000001,-4.1287094427949009
118.032,-4.1312109574219837
118.033,-4.1337089559346998
118.03400000000001,-4.136203438928348
118.035,-4.1386944070255041
118.036,-4.1411818608760838
118.03700000000001,-4.1436658011573329
118.038,-4.1461462285738335
118.039,-4.1486231438575532
118.03999999999999,-4.1510965477678292
118.041,-4.1535664410914075
118.042,-4.156032824642419
118.04300000000001,-4.1584956992624482
118.044,-4.1609550658204997
118.045,-4.1634109252130225
118.04599999999999,-4.1658632783639398
118.047,-4.1683121262246443
118.048,-4.1707574697739966
118.04900000000001,-4.1731993100183704
118.05,-4.1756376479916373
118.051,-4.1780724847551713
118.05199999999999,-4.1805038213978776
118.053,-4.1829316590361927
118.054,-4.1853559988140763
118.05500000000001,-4.1877768419030454
118.056,-4.1901941895021624
118.057,-4.1926080428380521
118.05799999999999,-4.1950184031648847
118.059,-4.1974252717644127
118.06,-4.1998286499459603
118.06100000000001,-4.2022285390464118
118.062,-4.2046249404302438
118.063,-4.2070178554895108
118.06399999999999,-4.2094072856438389
118.065,-4.2117932323404528
118.066,-4.2141756970541584
118.06700000000001,-4.216554681287338
118.068,-4.2189301865699678
118.069,-4.2213022144596142
118.06999999999999,-4.223670766541411
118.071,-4.2260358444280852
118.072,-4.2283974497599379
118.07300000000001,-4.2307555842048545
118.074,-4.2331102494582744
118.075,-4.2354614472432219
118.07599999999999,-4.2378091793102826
118.077,-4.2401534474375868
118.078,-4.2424942534308334
118.07900000000001,-4.2448315991232599
118.08,-4.2471654863756347
118.081,-4.2494959170762678
118.08199999999999,-4.2518228931409929
118.083,-4.2541464165131417
118.084,-4.2564664891635653
118.08500000000001,-4.2587831130906055
118.086,-4.2610962903200793
118.087,-4.2634060229052864
118.08799999999999,-4.2657123129269792
118.089,-4.2680151624933664
118.09,-4.2703145737400785
118.09099999999999,-4.2726105488301798
118.092,-4.2749030899541385
118.093,-4.2771921993298045
118.09399999999999,-4.2794778792024175
118.095,-4.2817601318445782
118.096,-4.2840389595562174
118.09699999999999,-4.2863143646646042
118.098,-4.2885863495243202
118.099,-4.290854916517219
118.09999999999999,-4.2931200680524473
118.101,-4.2953818065663905
118.102,-4.2976401345226671
118.10299999999999,-4.2998950544121088
118.104,-4.302146568752736
118.105,-4.3043946800897359
118.10599999999999,-4.3066393909954357
118.107,-4.3088807040692858
118.108,-4.3111186219378403
118.10899999999999,-4.31335314725471
118.11,-4.3155842827005637
118.111,-4.317812030983097
118.11199999999999,-4.3200363948369791
118.113,-4.322257377023865
118.114,-4.3244749803323481
118.11499999999999,-4.3266892075779202
118.116,-4.3289000616029671
118.117,-4.3311075452767263
118.11799999999999,-4.3333116614952525
118.119,-4.3355124131813927
118.12,-4.3377098032847599
118.121,-4.3399038347816923
118.122,-4.3420945106752198
118.123,-4.3442818339950353
118.124,-4.3464658077974665
118.125,-4.3486464351654206
118.126,-4.3508237192083739
118.127,-4.3529976630623297
118.128,-4.3551682698897567
118.129,-4.3573355428795875
118.13,-4.3594994852471673
118.131,-4.3616601002341975
118.13200000000001,-4.3638173911087286
118.133,-4.3659713611650943
118.134,-4.3681220137238892
118.13500000000001,-4.3702693521319063
118.136,-4.372413379762123
118.137,-4.3745541000136408
118.13800000000001,-4.3766915163116344
118.139,-4.3788256321073336
118.14,-4.3809564508779637
118.14100000000001,-4.3830839761266924
118.142,-4.3852082113825999
118.143,-4.3873291602006335
118.14400000000001,-4.3894468261615405
118.145,-4.3915612128718449
118.146,-4.3936723239637869
118.14700000000001,-4.3957801630952655
118.148,-4.3978847339498142
118.149,-4.3999860402365325
118.15000000000001,-4.4020840856900332
118.151,-4.4041788740703991
118.152,-4.4062704091631311
118.15300000000001,-4.4083586947790989
118.154,-4.4104437347544643
118.155,-4.4125255329506601
118.15600000000001,-4.414604093254324
118.157,-4.4166794195772221
118.158,-4.4187515158562283
118.15900000000001,-4.4208203860532436
118.16,-4.4228860341551375
118.161,-4.4249484641737142
118.16200000000001,-4.4270076801456311
118.163,-4.4290636861323378
118.164,-4.4311164862200423
118.16499999999999,-4.433166084519617
118.166,-4.4352124851665753
118.167,-4.4372556923209618
118.16800000000001,-4.4392957101673369
118.169,-4.4413325429146928
118.17,-4.4433661947963801
118.17099999999999,-4.4453966700700613
118.172,-4.4474239730176439
118.173,-4.4494481079451988
118.17400000000001,-4.4514690791829095
118.175,-4.4534868910850101
118.176,-4.4555015480296891
118.17699999999999,-4.4575130544190564
118.178,-4.4595214146790569
118.179,-4.4615266332593917
118.18000000000001,-4.463528714633469
118.181,-4.4655276632983236
118.182,-4.4675234837745448
118.18299999999999,-4.4695161806061918
118.184,-4.471505758360748
118.185,-4.4734922216290336
118.18600000000001,-4.4754755750251176
118.187,-4.4774558231862702
118.188,-4.4794329707728764
118.18899999999999,-4.4814070224683347
118.19,-4.4833779829790332
118.191,-4.4853458570342264
118.19200000000001,-4.4873106493859707
118.193,-4.4892723648090573
118.194,-4.4912310081009261
118.19499999999999,-4.4931865840815686
118.196,-4.49513909759348
118.197,-4.4970885535015528
118.19800000000001,-4.4990349566930119
118.199,-4.5009783120773053
118.2,-4.5029186245860569
118.20099999999999,-4.5048558991729601
118.202,-4.5067901408136946
118.203,-4.5087213545058482
118.20400000000001,-4.5106495452688344
118.205,-4.5125747181437879
118.206,-4.5144968781934978
118.20699999999999,-4.5164160305023193
118.208,-4.5183321801760625
118.209,-4.52024533234193
118.21000000000001,-4.5221554921484204
118.211,-4.5240626647652258
118.212,-4.5259668553831531
118.21299999999999,-4.5278680692140361
118.214,-4.5297663114906372
118.215,-4.5316615874665462
118.21599999999999,-4.5335539024161013
118.217,-4.5354432616342963
118.218,-4.5373296704366695
118.21899999999999,-4.5392131341592261
118.22,-4.5410936581583368
118.221,-4.5429712478106312
118.22199999999999,-4.5448459085129196
118.223,-4.5467176456820857
118.224,-4.5485864647549805
118.22499999999999,-4.5504523711883369
118.226,-4.5523153704586674
118.227,-4.5541754680621587
118.22799999999999,-4.5560326695145728
118.229,-4.5578869803511495
118.23,-4.559738406126506
118.23099999999999,-4.5615869524145207
118.232,-4.5634326248082449
118.233,-4.5652754289198008
118.23399999999999,-4.5671153703802583
118.235,-4.5689524548395521
118.236,-4.5707866879663648
118.23699999999999,-4.5726180754480144
118.238,-4.5744466229903686
118.239,-4.576272336317718
118.23999999999999,-4.5780952211726724
118.241,-4.5799152833160583
118.242,-4.5817325285268096
118.24299999999999,-4.5835469626018446
118.244,-4.5853585913559725
118.245,-4.5871674206217774
118.246,-4.5889734562495015
118.247,-4.5907767041069372
118.248,-4.5925771700793128
118.249,-4.5943748600691867
118.25,-4.5961697799963179
118.251,-4.5979619357975663
118.252,-4.5997513334267746
118.253,-4.6015379788546413
118.254,-4.6033218780686251
118.255,-4.6051030370728112
118.256,-4.6068814618877987
118.25700000000001,-4.6086571585505851
118.258,-4.6104301331144484
118.259,-4.6122003916488268
118.26000000000001,-4.6139679402391911
118.261,-4.6157327849869381
118.262,-4.6174949320092669
118.26300000000001,-4.6192543874390477
118.264,-4.6210111574247099
118.265,-4.6227652481301185
118.26600000000001,-4.6245166657344434
118.267,-4.6262654164320498
118.268,-4.6280115064323626
118.26900000000001,-4.6297549419597397
118.27,-4.6314957292533645
118.271,-4.6332338745671011
118.27200000000001,-4.6349693841693709
118.273,-4.6367022643430413
118.274,-4.6384325213852771
118.27500000000001,-4.6401601616074357
118.276,-4.6418851913349082
118.277,-4.64360761690702
118.27800000000001,-4.6453274446768953
118.279,-4.6470446810113026
118.28,-4.6487593322905596
118.28100000000001,-4.6504714049083793
118.282,-4.6521809052717451
118.283,-4.6538878398007784
118.28400000000001,-4.6555922149286086
118.285,-4.6572940371012326
118.286,-4.6589933127773877
118.28700000000001,-4.6606900484284211
118.288,-4.662384250538139
118.289,-4.6640759256026962
118.28999999999999,-4.6657650801304325
118.291,-4.6674517206417656
118.292,-4.6691358536690259
118.29300000000001,-4.6708174857563396
118.294,-4.6724966234594891
118.295,-4.6741732733457582
118.29599999999999,-4.675847441993815
118.297,-4.6775191359935642
118.298,-4.6791883619459975
118.29900000000001,-4.680855126463074
118.3,-4.6825194361675635
118.301,-4.6841812976929047
118.30199999999999,-4.685840717683079
118.303,-4.6874977027924576
118.304,-4.6891522596856499
118.30500000000001,-4.6908043950373859
118.306,-4.6924541155323487
118.307,-4.6941014278650446
118.30799999999999,-4.6957463387396485
118.309,-4.6973888548698719
118.31,-4.6990289829788079
118.31100000000001,-4.7006667297987841
118.312,-4.7023021020712292
118.313,-4.703935106546516
118.31399999999999,-4.7055657499838066
118.315,-4.7071940391509282
118.316,-4.7088199808242113
118.31700000000001,-4.7104435817883292
118.318,-4.7120648488361736
118.319,-4.713683788768698
118.31999999999999,-4.7153004083947483
118.321,-4.7169147145309429
118.322,-4.7185267140015048
118.32300000000001,-4.7201364136381141
118.324,-4.7217438202797517
118.325,-4.7233489407725635
118.32599999999999,-4.7249517819696907
118.327,-4.7265523507311231
118.328,-4.7281506539235512
118.32900000000001,-4.7297466984202128
118.33,-4.7313404911007293
118.331,-4.7329320388509588
118.33199999999999,-4.7345213485628523
118.333,-4.7361084271342726
118.334,-4.737693281468867
118.33500000000001,-4.7392759184758946
118.336,-4.7408563450700676
118.337,-4.7424345681714186
118.33799999999999,-4.7440105947051183
118.339,-4.745584431601328
118.34,-4.7471560857950452
118.34099999999999,-4.7487255642259418
118.342,-4.7502928738382106
118.343,-4.7518580215803983
118.34399999999999,-4.7534210144052542
118.345,-4.7549818592695745
118.346,-4.7565405631340276
118.34699999999999,-4.7580971329630124
118.348,-4.7596515757244875
118.349,-4.7612038983898097
118.34999999999999,-4.7627541079335813
118.351,-4.7643022113334865
118.352,-4.7658482155701192
118.35299999999999,-4.7673921276268354
118.354,-4.7689339544895875
118.355,-4.7704737031467621
118.35599999999999,-4.7720113805890039
118.357,-4.7735469938090755
118.358,-4.7750805498016851
118.35899999999999,-4.776612055563306
118.36,-4.778141518092041
118.361,-4.7796689443874483
118.36199999999999,-4.7811943414503544
118.363,-4.7827177162827272
118.364,-4.7842390758874904
118.36499999999999,-4.7857584272683491
118.366,-4.7872757774296426
118.367,-4.7887911333761801
118.36799999999999,-4.7903045021130506
118.369,-4.7918158906454815
118.37,-4.793325305978664
118.371,-4.7948327551175831
118.372,-4.7963382450668499
118.373,-4.7978417828305364
118.374,-4.7993433754120201
118.375,-4.8008430298137892
118.376,-4.802340753037301
118.377,-4.8038365520828048
118.378,-4.8053304339491554
118.379,-4.8068224056336799
118.38,-4.8083124741319834
118.381,-4.8098006464377798
118.38200000000001,-4.811286929542737
118.383,-4.8127713304362958
118.384,-4.8142538561055099
118.38500000000001,-4.8157345135348582
118.386,-4.8172133097060952
118.387,-4.818690251598075
118.38800000000001,-4.8201653461865668
118.389,-4.8216386004441079
118.39,-4.8231100213398141
118.39100000000001,-4.8245796158392125
118.392,-4.8260473909040815
118.393,-4.8275133534922672
118.39400000000001,-4.8289775105575101
118.395,-4.8304398690492887
118.396,-4.8319004359126367
118.39700000000001,-4.8333592180879661
118.398,-4.834816222510911
118.399,-4.8362714561121383
118.40000000000001,-4.8377249258171933
118.401,-4.8391766385463066
118.402,-4.8406266012142396
118.40300000000001,-4.8420748207301081
118.404,-4.8435213039971918
118.405,-4.8449660579127922
118.40600000000001,-4.8464090893680378
118.407,-4.8478504052477067
118.408,-4.84929001243008
118.40900000000001,-4.8507279177867426
118.41,-4.852164128182415
118.411,-4.8535986504747912
118.41200000000001,-4.8550314915143575
118.413,-4.8564626581442125
118.414,-4.8578921571999079
118.41499999999999,-4.8593199955092583
118.416,-4.8607461798921916
118.417,-4.8621707171605379
118.41800000000001,-4.8635936141178933
118.419,-4.8650148775594264
118.42,-4.8664345142717025
118.42099999999999,-4.8678525310325167
118.422,-4.8692689346107292
118.423,-4.8706837317660572
118.42400000000001,-4.8720969292489436
118.425,-4.8735085338003561
118.426,-4.8749185521516125
118.42699999999999,-4.8763269910242215
118.428,-4.8777338571297015
118.429,-4.8791391571693943
118.43000000000001,-4.8805428978343146
118.431,-4.8819450858049551
118.432,-4.8833457277511236
118.43299999999999,-4.8847448303317611
118.434,-4.8861424001947755
118.435,-4.8875384439768652
118.43600000000001,-4.8889329683033376
118.437,-4.8903259797879413
118.438,-4.8917174850327001
118.43899999999999,-4.8931074906277194
118.44,-4.894496003151029
118.441,-4.8958830291684032
118.44200000000001,-4.897268575233185
118.443,-4.898652647886113
118.444,-4.9000352536551537
118.44499999999999,-4.9014163990553143
118.446,-4.9027960905884891
118.447,-4.9041743347432645
118.44800000000001,-4.9055511379947641
118.449,-4.9069265068044547
118.45,-4.9083004476199958
118.45099999999999,-4.9096729668750543
118.452,-4.9110440709891234
118.453,-4.9124137663673677
118.45400000000001,-4.9137820594004449
118.455,-4.9151489564643143
118.456,-4.9165144639200911
118.45699999999999,-4.9178785881138651
118.458,-4.9192413353765092
118.459,-4.920602712023542
118.46000000000001,-4.9219627243549251
118.461,-4.9233213786549044
118.462,-4.9246786811918382
118.46299999999999,-4.9260346382180238
118.464,-4.927389255969528
118.465,-4.9287425406660059
118.46599999999999,-4.9300944985105453
118.467,-4.9314451356894908
118.468,-4.9327944583722561
118.46899999999999,-4.9341424727111773
118.47,-4.9354891848413347
118.471,-4.9368346008803714
118.47199999999999,-4.9381787269283377
118.473,-4.9395215690675132
118.474,-4.940863133362237
118.47499999999999,-4.9422034258587466
118.476,-4.9435424525849951
118.477,-4.9448802195504902
118.47799999999999,-4.9462167327461302
118.479,-4.9475519981440224
118.48,-4.9488860216973256
118.48099999999999,-4.9502188093400799
118.482,-4.9515503669870293
118.483,-4.9528807005334752
118.48399999999999,-4.9542098158550765
118.485,-4.955537718807717
118.486,-4.9568644152273169
118.48699999999999,-4.9581899109296721
118.488,-4.9595142117102888
118.489,-4.9608373233442169
118.48999999999999,-4.9621592515858817
118.491,-4.9634800021689189
118.492,-4.9647995808060186
118.49299999999999,-4.9661179931887416
118.494,-4.9674352449873735
118.495,-4.9687513418507487
118.496,-4.9700662894060947
118.497,-4.9713800932588565
118.498,-4.9726927589925465
118.499,-4.9740042921685745
118.5,-4.9753146983260779
118.501,-4.9766239829817813
118.502,-4.9779321516298145
118.503,-4.9792392097415448
118.504,-4.9805451627654458
118.505,-4.9818500161269101
118.506,-4.9831537752280886
118.50700000000001,-4.9844564454477522
118.508,-4.9857580321411046
118.509,-4.9870585406396497
118.51000000000001,-4.9883579762510024
118.511,-4.9896563442587567
118.512,-4.9909536499223179
118.51300000000001,-4.9922498984767287
118.514,-4.9935450951325402
118.515,-4.9948392450756387
118.51600000000001,-4.9961323534670798
118.517,-4.9974244254429561
118.518,-4.9987154661142172
118.51900000000001,-5.0000054805665295
118.52,-5.0012944738601117
118.521,-5.00258245102959
118.52200000000001,-5.0038694170838331
118.523,-5.0051553770058064
118.524,-5.006440335752413
118.52500000000001,-5.0077242982543444
118.526,-5.0090072694159238
118.527,-5.0102892541149631
118.52800000000001,-5.0115702572025995
118.529,-5.0128502835031465
118.53,-5.0141293378139551
118.53100000000001,-5.0154074249052512
118.532,-5.0166845495199857
118.533,-5.0179607163736932
118.53400000000001,-5.0192359301543394
118.535,-5.0205101955221689
118.536,-5.0217835171095642
118.53700000000001,-5.0230558995208963
118.538,-5.0243273473323713
118.539,-5.0255978650918935
118.53999999999999,-5.0268674573189172
118.541,-5.0281361285042978
118.542,-5.0294038831101471
118.54300000000001,-5.0306707255696992
118.544,-5.0319366602871485
118.545,-5.033201691637526
118.54599999999999,-5.0344658239665439
118.547,-5.035729061590458
118.548,-5.0369914087959247
118.54900000000001,-5.0382528698398659
118.55,-5.0395134489493199
118.551,-5.0407731503213054
118.55199999999999,-5.0420319781226848
118.553,-5.0432899364900239
118.554,-5.0445470295294506
118.55500000000001,-5.0458032613165233
118.556,-5.047058635896092
118.557,-5.0483131572821565
118.55799999999999,-5.0495668294577367
118.559,-5.0508196563747418
118.56,-5.052071641953825
118.56100000000001,-5.0533227900842519
118.562,-5.0545731046237758
118.563,-5.0558225893985034
118.56399999999999,-5.0570712482027451
118.565,-5.058319084798911
118.566,-5.0595661029173646
118.56700000000001,-5.0608123062562846
118.568,-5.0620576984815591
118.569,-5.0633022832266361
118.56999999999999,-5.0645460640924052
118.571,-5.0657890446470617
118.572,-5.0670312284259964
118.57300000000001,-5.0682726189316556
118.574,-5.0695132196334081
118.575,-5.0707530339674438
118.57599999999999,-5.0719920653366337
118.577,-5.0732303171104052
118.578,-5.0744677926246293
118.57900000000001,-5.0757044951814914
118.58,-5.0769404280493662
118.581,-5.0781755944627101
118.58199999999999,-5.0794099976219309
118.583,-5.0806436406932658
118.584,-5.081876526808677
118.58500000000001,-5.0831086590657186
118.586,-5.0843400405274277
118.587,-5.085570674222204
118.58799999999999,-5.0868005631437017
118.589,-5.0880297102507059
118.59,-5.0892581184670176
118.59099999999999,-5.0904857906813481
118.592,-5.091712729747206
118.593,-5.0929389384827717
118.59399999999999,-5.0941644196708067
118.595,-5.0953891760585286
118.596,-5.096613210357499
118.59699999999999,-5.0978365252435314
118.598,-5.0990591233565645
118.599,-5.1002810073005644
118.59999999999999,-5.1015021796434201
118.601,-5.1027226429168291
118.602,-5.1039423996162006
118.60299999999999,-5.1051614522005409
118.604,-5.1063798030923673
118.605,-5.1075974546775891
118.60599999999999,-5.1088144093054071
118.607,-5.110030669288224
118.608,-5.1112462369015335
118.60899999999999,-5.1124611143838221
118.61,-5.1136753039364766
118.611,-5.1148888077236814
118.61199999999999,-5.116101627872319
118.613,-5.1173137664718782
118.614,-5.1185252255743618
118.61499999999999,-5.1197360071941782
118.616,-5.1209461133080687
118.617,-5.1221555458549961
118.61799999999999,-5.1233643067360601
118.619,-5.1245723978144087
118.62,-5.1257798209151364
118.621,-5.1269865778252175
118.622,-5.1281926702933935
118.623,-5.1293981000300946
118.624,-5.1306028687073573
118.625,-5.1318069779587283
118.626,-5.1330104293791932
118.627,-5.1342132245250776
118.628,-5.1354153649139729
118.629,-5.1366168520246553
118.63,-5.1378176872969918
118.631,-5.1390178721318698
118.63200000000001,-5.1402174078911189
118.633,-5.1414162958974297
118.634,-5.1426145374342696
118.63500000000001,-5.1438121337458051
118.636,-5.1450090860368416
118.637,-5.1462053954727338
118.63800000000001,-5.1474010631793083
118.639,-5.1485960902428012
118.64,-5.1497904777097832
118.64100000000001,-5.1509842265870756
118.642,-5.1521773378416977
118.643,-5.1533698124007907
118.64400000000001,-5.154561651151532
118.645,-5.1557528549410945
118.646,-5.1569434245765651
118.64700000000001,-5.1581333608248734
118.648,-5.1593226644127386
118.649,-5.1605113360265991
118.65000000000001,-5.1616993763125487
118.651,-5.1628867858762737
118.652,-5.1640735652829983
118.65300000000001,-5.1652597150574122
118.654,-5.1664452356836232
118.655,-5.1676301276050918
118.65600000000001,-5.1688143912245748
118.657,-5.1699980269040688
118.658,-5.1711810349647545
118.65900000000001,-5.1723634156869469
118.66,-5.1735451693100289
118.661,-5.1747262960324107
118.66200000000001,-5.1759067960114828
118.663,-5.177086669363538
118.664,-5.1782659161637561
118.66499999999999,-5.179444536446133
118.666,-5.1806225302034425
118.667,-5.1817998973871786
118.66800000000001,-5.1829766379075251
118.669,-5.1841527516333006
118.67,-5.1853282383919117
118.67099999999999,-5.186503097969327
118.672,-5.1876773301100148
118.673,-5.1888509345169096
118.67400000000001,-5.1900239108513793
118.675,-5.1911962587331839
118.676,-5.1923679777404246
118.67699999999999,-5.1935390674095236
118.678,-5.1947095272351884
118.679,-5.1958793566703578
118.68000000000001,-5.1970485551261882
118.681,-5.1982171219720126
118.682,-5.199385056535319
118.68299999999999,-5.2005523581016933
118.684,-5.2017190259148176
118.685,-5.20288505917644
118.68600000000001,-5.2040504570463177
118.687,-5.2052152186422305
118.688,-5.2063793430399308
118.68899999999999,-5.2075428292731161
118.69,-5.2087056763334232
118.691,-5.2098678831703982
118.69200000000001,-5.2110294486914643
118.693,-5.2121903717619178
118.694,-5.213350651204907
118.69499999999999,-5.2145102858013948
118.696,-5.215669274290172
118.697,-5.2168276153678104
118.69800000000001,-5.2179853076886777
118.699,-5.2191423498648959
118.7,-5.2202987404663483
118.70099999999999,-5.22145447802066
118.702,-5.2226095610131829
118.703,-5.2237639878869944
118.70400000000001,-5.2249177570428893
118.705,-5.2260708668393603
118.706,-5.2272233155926004
118.70699999999999,-5.2283751015765043
118.708,-5.2295262230226482
118.709,-5.2306766781202949
118.71000000000001,-5.2318264650163968
118.711,-5.2329755818155839
118.712,-5.2341240265801687
118.71299999999999,-5.2352717973301548
118.714,-5.2364188920432229
118.715,-5.2375653086547462
118.71599999999999,-5.2387110450577925
118.717,-5.2398560991031289
118.718,-5.241000468599224
118.71899999999999,-5.2421441513122584
118.72,-5.2432871449661427
118.721,-5.2444294472425064
118.72199999999999,-5.2455710557807267
118.723,-5.2467119681779399
118.724,-5.2478521819890362
118.72499999999999,-5.2489916947266915
118.726,-5.2501305038613877
118.727,-5.2512686068213981
118.72799999999999,-5.2524060009928419
118.729,-5.2535426837196741
118.73,-5.2546786523037294
118.73099999999999,-5.2558139040047163
118.732,-5.2569484360402576
118.733,-5.258082245585916
118.73399999999999,-5.2592153297751922
118.735,-5.2603476856995819
118.736,-5.2614793104085837
118.73699999999999,-5.2626102009097258
118.738,-5.2637403541686014
118.739,-5.2648697671089
118.73999999999999,-5.265998436612418
118.741,-5.2671263595191187
118.742,-5.26825353262715
118.74299999999999,-5.2693799526928657
118.744,-5.2705056164308903
118.745,-5.2716305205141287
118.746,-5.2727546615738179
118.747,-5.2738780361995552
118.748,-5.275000640939342
118.749,-5.2761224722996305
118.75,-5.2772435267453517
118.751,-5.2783638006999665
118.752,-5.2794832905455147
118.753,-5.2806019926226391
118.754,-5.2817199032306581
118.755,-5.2828370186275944
118.756,-5.2839533350302235
118.75700000000001,-5.2850688486141326
118.758,-5.2861835555137624
118.759,-5.2872974518224662
118.76000000000001,-5.2884105335925486
118.761,-5.2895227968353353
118.762,-5.290634237521215
118.76300000000001,-5.2917448515797041
118.764,-5.2928546348994931
118.765,-5.2939635833285212
118.76600000000001,-5.2950716926740098
118.767,-5.2961789587025487
118.768,-5.2972853771401462
118.76900000000001,-5.2983909436722811
118.77,-5.2994956539439855
118.771,-5.3005995035598978
118.77200000000001,-5.3017024880843184
118.773,-5.3028046030413076
118.774,-5.3039058439147171
118.77500000000001,-5.305006206148283
118.776,-5.3061056851456812
118.777,-5.3072042762706113
118.77800000000001,-5.3083019748468612
118.779,-5.3093987761583712
118.78,-5.3104946754493323
118.78100000000001,-5.3115896679242383
118.782,-5.3126837487479666
118.783,-5.313776913045869
118.78400000000001,-5.3148691559038443
118.785,-5.3159604723683955
118.786,-5.3170508574467465
118.78700000000001,-5.318140306106903
118.788,-5.3192288132777357
118.789,-5.3203163738490655
118.78999999999999,-5.3214029826717564
118.791,-5.3224886345577982
118.792,-5.3235733242803747
118.79300000000001,-5.324657046573984
118.794,-5.3257397961345099
118.795,-5.326821567619298
118.79599999999999,-5.3279023556472875
118.797,-5.328982154799057
118.798,-5.3300609596169508
118.79900000000001,-5.3311387646051625
118.8,-5.3322155642298252
118.801,-5.3332913529191153
118.80199999999999,-5.3343661250633509
118.803,-5.3354398750150871
118.804,-5.3365125970892144
118.80500000000001,-5.3375842855630591
118.806,-5.3386549346764927
118.807,-5.3397245386320336
118.80799999999999,-5.3407930915949322
118.809,-5.3418605876933043
118.81,-5.3429270210182214
118.81100000000001,-5.3439923856238138
118.812,-5.3450566755273901
118.813,-5.346119884709541
118.81399999999999,-5.3471820071142453
118.815,-5.3482430366489915
118.816,-5.3493029671848813
118.81700000000001,-5.3503617925567397
118.818,-5.3514195065632411
118.819,-5.3524761029670191
118.81999999999999,-5.3535315754947757
118.821,-5.3545859178374116
118.822,-5.3556391236501337
118.82300000000001,-5.3566911865525828
118.824,-5.3577421001289434
118.825,-5.3587918579280718
118.82599999999999,-5.3598404534636259
118.827,-5.3608878802141682
118.828,-5.3619341316233147
118.82900000000001,-5.3629792010998401
118.83,-5.3640230820178143
118.831,-5.3650657677167235
118.83199999999999,-5.3661072515016119
118.833,-5.3671475266431905
118.834,-5.3681865863779841
118.83500000000001,-5.3692244239084577
118.836,-5.3702610324031408
118.837,-5.3712964049967766
118.83799999999999,-5.3723305347904393
118.839,-5.3733634148516831
118.84,-5.374395038214665
118.84099999999999,-5.3754253978802957
118.842,-5.3764544868163675
118.843,-5.3774822979576928
118.84399999999999,-5.3785088242062571
118.845,-5.3795340584313465
118.846,-5.380557993469683
118.84699999999999,-5.3815806221255951
118.848,-5.3826019371711347
118.849,-5.3836219313462319
118.84999999999999,-5.3846405973588354
118.851,-5.3856579278850738
118.852,-5.3866739155693839
118.85299999999999,-5.3876885530246703
118.854,-5.388701832832453
118.855,-5.3897137475430181
118.85599999999999,-5.3907242896755569
118.857,-5.3917334517183448
118.858,-5.3927412261288676
118.85899999999999,-5.3937476053339815
118.86,-5.3947525817300832
118.861,-5.3957561476832421
118.86199999999999,-5.3967582955293771
118.863,-5.397759017574403
118.864,-5.3987583060943898
118.86499999999999,-5.3997561533357246
118.866,-5.4007525515152732
118.867,-5.401747492820526
118.86799999999999,-5.4027409694097877
118.869,-5.4037329734123123
118.87,-5.4047234969284847
118.871,-5.4057125320299768
118.872,-5.4067000707599107
118.873,-5.4076861051330347
118.874,-5.40867062713588
118.875,-5.4096536287269323
118.876,-5.4106351018368013
118.877,-5.4116150383683905
118.878,-5.4125934301970631
118.879,-5.4135702691708154
118.88,-5.4145455471104569
118.881,-5.4155192558097642
118.88200000000001,-5.4164913870356735
118.883,-5.4174619325284432
118.884,-5.4184308840018414
118.88500000000001,-5.4193982331432977
118.886,-5.4203639716141083
118.887,-5.4213280910495953
118.88800000000001,-5.42229058305929
118.889,-5.4232514392271156
118.89,-5.4242106511115633
118.89100000000001,-5.4251682102458627
118.892,-5.426124108138195
118.893,-5.4270783362718369
118.89400000000001,-5.4280308861053612
118.895,-5.4289817490728289
118.896,-5.4299309165839613
118.89700000000001,-5.4308783800243194
118.898,-5.431824130755512
118.899,-5.4327681601153621
118.90000000000001,-5.4337104594181014
118.901,-5.4346510199545595
118.902,-5.4355898329923491
118.90300000000001,-5.4365268897760668
118.904,-5.4374621815274615
118.905,-5.4383956994456462
118.90600000000001,-5.4393274347072822
118.907,-5.4402573784667663
118.908,-5.4411855218564344
118.90900000000001,-5.4421118559867452
118.91,-5.4430363719464818
118.911,-5.4439590608029391
118.91200000000001,-5.4448799136021311
118.913,-5.4457989213689775
118.914,-5.4467160751075028
118.91499999999999,-5.4476313658010351
118.916,-5.4485447844124089
118.917,-5.4494563218841581
118.91800000000001,-5.4503659691387103
118.919,-5.4512737170786121
118.92,-5.4521795565866924
118.92099999999999,-5.4530834785262936
118.922,-5.4539854737414686
118.923,-5.4548855330571726
118.92400000000001,-5.4557836472794747
118.925,-5.4566798071957638
118.926,-5.4575740035749458
118.92699999999999,-5.4584662271676567
118.928,-5.4593564687064671
118.929,-5.4602447189060772
118.93000000000001,-5.4611309684635465
118.931,-5.4620152080584781
118.932,-5.4628974283532425
118.93299999999999,-5.4637776199931771
118.934,-5.464655773606804
118.935,-5.4655318798060311
118.93600000000001,-5.4664059291863669
118.937,-5.4672779123271322
118.938,-5.4681478197916746
118.93899999999999,-5.4690156421275695
118.94,-5.469881369866842
118.941,-5.4707449935261838
118.94200000000001,-5.471606503607152
118.943,-5.4724658905963945
118.944,-5.4733231449658675
118.94499999999999,-5.4741782571730351
118.946,-5.4750312176611029
118.947,-5.4758820168592255
118.94800000000001,-5.4767306451827213
118.949,-5.4775770930332897
118.95,-5.4784213507992359
118.95099999999999,-5.4792634088556866
118.952,-5.4801032575647888
118.953,-5.4809408872759686
118.95400000000001,-5.4817762883261114
118.955,-5.4826094510398011
118.956,-5.4834403657295425
118.95699999999999,-5.4842690226959707
118.958,-5.4850954122280786
118.959,-5.4859195246034389
118.96000000000001,-5.4867413500884279
118.961,-5.4875608789384334
118.962,-5.4883781013981014
118.96299999999999,-5.4891930077015427
118.964,-5.4900055880725542
118.965,-5.4908158327248557
118.96599999999999,-5.4916237318623011
118.967,-5.4924292756791182
118.968,-5.4932324543601112
118.96899999999999,-5.4940332580809095
118.97,-5.4948316770081806
118.971,-5.4956277012998545
118.97199999999999,-5.496421321105359
118.973,-5.4972125265658409
118.974,-5.4980013078143894
118.97499999999999,-5.4987876549762706
118.976,-5.4995715581691584
118.977,-5.5003530075033389
118.97799999999999,-5.5011319930819766
118.979,-5.5019085050013068
118.98,-5.5026825333508889
118.98099999999999,-5.50345406821382
118.982,-5.5042230996669748
118.983,-5.5049896177812343
118.98399999999999,-5.5057536126217048
118.985,-5.5065150742479592
118.986,-5.5072739927142678
118.98699999999999,-5.5080303580698224
118.988,-5.5087841603589691
118.989,-5.5095353896214441
118.98999999999999,-5.5102840358925942
118.991,-5.5110300892036275
118.992,-5.5117735395818244
118.99299999999999,-5.5125143770507776
118.994,-5.5132525916306339
118.995,-5.5139881733383103
118.996,-5.514721112187738
118.997,-5.5154513981900894
118.998,-5.5161790213540183
118.999,-5.516903971685883
119,-5.5176262391899815
119.001,-5.5183458138687964
119.002,-5.5190626857232186
119.003,-5.5197768447527764
119.004,-5.5204882809558793
119.005,-5.5211969843300501
119.006,-5.5219029448721528
119.00700000000001,-5.5226061525786356
119.008,-5.5233065974457602
119.009,-5.5240042694698346
119.01000000000001,-5.5246991586474508
119.011,-5.5253912549757214
119.012,-5.5260805484525068
119.01300000000001,-5.5267670290766571
119.014,-5.5274506868482494
119.015,-5.5281315117688123
119.01600000000001,-5.5288094938415657
119.017,-5.5294846230716583
119.018,-5.5301568894664115
119.01900000000001,-5.530826283035525
119.02,-5.5314927937913492
119.021,-5.5321564117490887
119.02200000000001,-5.5328171269270658
119.023,-5.5334749293469283
119.024,-5.5341298090339048
119.02500000000001,-5.5347817560170309
119.026,-5.5354307603293851
119.027,-5.5360768120083304
119.02800000000001,-5.53671990109574
119.029,-5.5373600176382389
119.03,-5.5379971516874367
119.03100000000001,-5.5386312933001669
119.032,-5.5392624325387132
119.033,-5.5398905594710488
119.03400000000001,-5.5405156641710782
119.035,-5.5411377367188628
119.036,-5.5417567672008587
119.03700000000001,-5.5423727457101553
119.038,-5.5429856623467
119.039,-5.5435955072175478
119.03999999999999,-5.5442022704370792
119.041,-5.5448059421272493
119.042,-5.5454065124178111
119.04300000000001,-5.5460039714465541
119.044,-5.5465983093595455
119.045,-5.5471895163113434
119.04599999999999,-5.5477775824652564
119.047,-5.5483624979935602
119.048,-5.5489442530777335
119.04900000000001,-5.5495228379086967
119.05,-5.550098242687044
119.051,-5.5506704576232639
119.05199999999999,-5.551239472937997
119.053,-5.5518052788622434
119.054,-5.5523678656376081
119.05500000000001,-5.5529272235165337
119.056,-5.5534833427625259
119.057,-5.5540362136503951
119.05799999999999,-5.5545858264664716
119.059,-5.5551321715088573
119.06,-5.5556752390876429
119.06100000000001,-5.5562150195251387
119.062,-5.5567515031561214
119.063,-5.5572846803280402
119.06399999999999,-5.5578145414012603
119.065,-5.5583410767493024
119.066,-5.5588642767590528
119.06700000000001,-5.5593841318310044
119.068,-5.5599006323794793
119.069,-5.5604137688328699
119.06999999999999,-5.5609235316338523
119.071,-5.5614299112396246
119.072,-5.5619328981221301
119.07300000000001,-5.5624324827682869
119.074,-5.5629286556802136
119.075,-5.5634214073754595
119.07599999999999,-5.5639107283872278
119.077,-5.5643966092646036
119.078,-5.5648790405727784
119.07900000000001,-5.5653580128932791
119.08,-5.5658335168241884
119.081,-5.5663055429803769
119.08199999999999,-5.5667740819937119
119.083,-5.567239124513307
119.084,-5.5677006612057234
119.08500000000001,-5.5681586827552039
119.086,-5.56861317986389
119.087,-5.5690641432520493
119.08799999999999,-5.5695115636583008
119.089,-5.5699554318398281
119.09,-5.5703957385726035
119.09099999999999,-5.5708324746516116
119.092,-5.5712656308910731
119.093,-5.5716951981246527
119.09399999999999,-5.5721211672056885
119.095,-5.5725435290074135
119.096,-5.5729622744231655
119.09699999999999,-5.5733773943666041
119.098,-5.5737888797719499
119.099,-5.5741967215941717
119.09999999999999,-5.5746009108092167
119.101,-5.5750014384142457
119.102,-5.5753982954278047
119.10299999999999,-5.5757914728900886
119.104,-5.5761809618631233
119.105,-5.5765667534309902
119.10599999999999,-5.5769488387000443
119.107,-5.5773272087991206
119.108,-5.5777018548797557
119.10899999999999,-5.5780727681163871
119.11,-5.5784399397065734
119.111,-5.5788033608712126
119.11199999999999,-5.5791630228547309
119.113,-5.5795189169253181
119.114,-5.5798710343751186
119.11499999999999,-5.5802193665204438
119.116,-5.5805639047019913
119.117,-5.5809046402850395
119.11799999999999,-5.5812415646596651
