timestamp,signal
118,-5.9431723233395166
118.001,-5.9434345837249163
118.002,-5.943695232629234
118.003,-5.9439542724152021
118.004,-5.9442117054415755
118.005,-5.9444675340631035
118.006,-5.944721760630479
118.00700000000001,-5.9449743874903112
118.008,-5.9452254169850862
118.009,-5.9454748514531284
118.01000000000001,-5.9457226932285625
118.011,-5.9459689446412725
118.012,-5.9462136080168762
118.01300000000001,-5.9464566856766794
118.014,-5.9466981799376342
118.015,-5.9469380931123084
118.01600000000001,-5.9471764275088503
118.017,-5.9474131854309444
118.018,-5.9476483691777826
118.01900000000001,-5.9478819810440164
118.02,-5.9481140233197243
118.021,-5.9483444982903837
118.02200000000001,-5.9485734082368156
118.023,-5.9488007554351654
118.024,-5.9490265421568553
118.02500000000001,-5.9492507706685451
118.026,-5.9494734432321064
118.027,-5.9496945621045718
118.02800000000001,-5.9499141295381133
118.029,-5.9501321477799882
118.03,-5.950348619072515
118.03100000000001,-5.950563545653031
118.032,-5.9507769297538573
118.033,-5.9509887736022584
118.03400000000001,-5.9511990794204097
118.035,-5.9514078494253591
118.036,-5.9516150858289869
118.03700000000001,-5.9518207908379752
118.038,-5.9520249666537639
118.039,-5.9522276154725198
118.04000000000001,-5.9524287394850965
118.041,-5.9526283408770011
118.042,-5.9528264218283518
118.04300000000001,-5.9530229845138454
118.044,-5.953218031102721
118.045,-5.9534115637587224
118.04600000000001,-5.9536035846400592
118.047,-5.953794095899374
118.048,-5.9539830996837058
118.04900000000001,-5.9541705981344446
118.05,-5.9543565933873124
118.051,-5.9545410875723075
118.05200000000001,-5.9547240828136818
118.053,-5.9549055812298999
118.054,-5.9550855849336015
118.05500000000001,-5.9552640960315655
118.056,-5.9554411166246739
118.057,-5.9556166488078794
118.05800000000001,-5.9557906946701635
118.059,-5.9559632562945017
118.06,-5.9561343357578318
118.06100000000001,-5.9563039351310083
118.062,-5.9564720564787805
118.063,-5.9566387018597409
118.06399999999999,-5.9568038733263036
118.065,-5.9569675729246532
118.066,-5.9571298026947259
118.06699999999999,-5.9572905646701617
118.068,-5.9574498608782651
118.069,-5.9576076933399866
118.06999999999999,-5.9577640640698704
118.071,-5.9579189750760246
118.072,-5.9580724283600883
118.07299999999999,-5.9582244259171917
118.074,-5.9583749697359218
118.075,-5.9585240617982871
118.07599999999999,-5.9586717040796797
118.077,-5.958817898548852
118.078,-5.9589626471678576
118.07899999999999,-5.9591059518920417
118.08,-5.9592478146699905
118.081,-5.9593882374434912
118.08199999999999,-5.9595272221475195
118.083,-5.9596647707101811
118.084,-5.9598008850526858
118.08499999999999,-5.9599355670893113
118.086,-5.960068818727378
118.087,-5.9602006418671909
118.08799999999999,-5.9603310384020318
118.089,-5.9604600102180987
118.09,-5.9605875591944981
118.09099999999999,-5.9607136872031843
118.092,-5.9608383961089366
118.093,-5.960961687769335
118.09399999999999,-5.9610835640347029
118.095,-5.9612040267480877
118.096,-5.9613230777452273
118.09699999999999,-5.9614407188545036
118.098,-5.9615569518969265
118.099,-5.9616717786860747
118.09999999999999,-5.9617852010280901
118.101,-5.9618972207216183
118.102,-5.9620078395577885
118.10299999999999,-5.9621170593201782
118.104,-5.9622248817847732
118.105,-5.9623313087199428
118.10599999999999,-5.9624363418863888
118.107,-5.9625399830371384
118.108,-5.9626422339174852
118.10899999999999,-5.9627430962649646
118.11,-5.9628425718093245
118.111,-5.9629406622724881
118.11199999999999,-5.9630373693685161
118.113,-5.9631326948035843
118.114,-5.9632266402759324
118.11499999999999,-5.9633192074758483
118.116,-5.9634103980856299
118.117,-5.9635002137795414
118.11799999999999,-5.9635886562237941
118.119,-5.9636757270765042
118.12,-5.9637614279876647
118.121,-5.9638457605991064
118.122,-5.9639287265444754
118.123,-5.9640103274491896
118.124,-5.9640905649304088
118.125,-5.9641694405970069
118.126,-5.9642469560495304
118.127,-5.9643231128801757
118.128,-5.9643979126727471
118.129,-5.9644713570026306
118.13,-5.9645434474367631
118.131,-5.9646141855335886
118.13200000000001,-5.9646835728430414
118.133,-5.9647516109065046
118.134,-5.9648183012567726
118.13500000000001,-5.9648836454180367
118.136,-5.9649476449058341
118.137,-5.9650103012270304
118.13800000000001,-5.9650716158797756
118.139,-5.9651315903534856
118.14,-5.9651902261287955
118.14100000000001,-5.9652475246775412
118.142,-5.9653034874627187
118.143,-5.9653581159384608
118.14400000000001,-5.9654114115499963
118.145,-5.9654633757336226
118.146,-5.9655140099166832
118.14700000000001,-5.9655633155175201
118.148,-5.9656112939454546
118.149,-5.9656579466007527
118.15000000000001,-5.9657032748745973
118.151,-5.9657472801490492
118.152,-5.9657899637970235
118.15300000000001,-5.9658313271822552
118.154,-5.9658713716592748
118.155,-5.9659100985733708
118.15600000000001,-5.9659475092605581
118.157,-5.9659836050475565
118.158,-5.9660183872517507
118.15900000000001,-5.9660518571811698
118.16,-5.9660840161344453
118.161,-5.9661148654007894
118.16200000000001,-5.9661444062599678
118.163,-5.9661726399822568
118.164,-5.9661995678284327
118.16500000000001,-5.9662251910497197
118.166,-5.9662495108877804
118.167,-5.9662725285746721
118.16800000000001,-5.9662942453328274
118.169,-5.9663146623750176
118.17,-5.9663337809043258
118.17100000000001,-5.9663516021141216
118.172,-5.9663681271880247
118.173,-5.9663833572998817
118.17400000000001,-5.9663972936137322
118.175,-5.9664099372837907
118.176,-5.9664212894544013
118.17700000000001,-5.966431351260022
118.178,-5.966440123825195
118.179,-5.9664476082645059
118.18000000000001,-5.9664538056825762
118.181,-5.9664587171740173
118.182,-5.966462343823407
118.18300000000001,-5.9664646867052706
118.184,-5.9664657468840385
118.185,-5.9664655254140264
118.18600000000001,-5.9664640233394071
118.187,-5.9664612416941845
118.188,-5.9664571815021583
118.18899999999999,-5.9664518437769081
118.19,-5.9664452295217547
118.191,-5.9664373397297394
118.19199999999999,-5.9664281753835953
118.193,-5.9664177374557221
118.194,-5.9664060269081514
118.19499999999999,-5.9663930446925306
118.196,-5.9663787917500919
118.197,-5.9663632690116186
118.19799999999999,-5.9663464773974297
118.199,-5.9663284178173495
118.2,-5.9663090911706744
118.20099999999999,-5.9662884983461577
118.202,-5.9662666402219751
118.203,-5.9662435176657009
118.20399999999999,-5.9662191315342863
118.205,-5.9661934826740257
118.206,-5.9661665719205379
118.20699999999999,-5.9661384000987381
118.208,-5.9661089680228088
118.209,-5.9660782764961802
118.20999999999999,-5.9660463263115027
118.211,-5.9660131182506193
118.212,-5.9659786530845427
118.21299999999999,-5.9659429315734318
118.214,-5.9659059544665638
118.215,-5.9658677225023116
118.21599999999999,-5.9658282364081154
118.217,-5.9657874969004654
118.218,-5.9657455046848655
118.21899999999999,-5.9657022604558287
118.22,-5.965657764896827
118.221,-5.9656120186802921
118.22199999999999,-5.9655650224675734
118.223,-5.9655167769089195
118.224,-5.9654672826434636
118.22499999999999,-5.9654165402991906
118.226,-5.9653645504929047
118.227,-5.9653113138302283
118.22799999999999,-5.965256830905564
118.229,-5.9652011023020721
118.23,-5.9651441285916498
118.23099999999999,-5.9650859103349099
118.232,-5.9650264480811543
118.233,-5.9649657423683564
118.23399999999999,-5.9649037937231322
118.235,-5.9648406026607246
118.236,-5.9647761696849715
118.23699999999999,-5.9647104952882977
118.238,-5.9646435799516757
118.239,-5.9645754241446207
118.23999999999999,-5.9645060283251592
118.241,-5.9644353929398051
118.242,-5.9643635184235455
118.24299999999999,-5.9642904051998133
118.244,-5.9642160536804711
118.245,-5.9641404642657827
118.246,-5.9640636373444043
118.247,-5.9639855732933453
118.248,-5.9639062724779617
118.249,-5.9638257352519384
118.25,-5.9637439619572516
118.251,-5.9636609529241644
118.252,-5.9635767084711997
118.253,-5.9634912289051183
118.254,-5.9634045145209038
118.255,-5.9633165656017395
118.256,-5.9632273824189905
118.25700000000001,-5.9631369652321782
118.258,-5.963045314288971
118.259,-5.9629524298251608
118.26000000000001,-5.9628583120646299
118.261,-5.9627629612193571
118.262,-5.9626663774893824
118.26300000000001,-5.9625685610627874
118.264,-5.9624695121156854
118.265,-5.9623692308121976
118.26600000000001,-5.9622677173044289
118.267,-5.962164971732463
118.268,-5.9620609942243332
118.26900000000001,-5.9619557848960101
118.27,-5.9618493438513775
118.271,-5.9617416711822253
118.27200000000001,-5.9616327669682185
118.273,-5.9615226312768899
118.274,-5.9614112641636199
118.27500000000001,-5.9612986656716149
118.276,-5.9611848358319008
118.277,-5.9610697746632901
118.27800000000001,-5.960953482172382
118.279,-5.9608359583535329
118.28,-5.960717203188846
118.28100000000001,-5.9605972166481562
118.282,-5.9604759986890103
118.283,-5.9603535492566477
118.28400000000001,-5.9602298682839985
118.285,-5.9601049556916479
118.286,-5.9599788113878338
118.28700000000001,-5.9598514352684333
118.288,-5.9597228272169334
118.289,-5.9595929871044309
118.29000000000001,-5.9594619147896086
118.291,-5.9593296101187248
118.292,-5.9591960729255931
118.29300000000001,-5.9590613030315724
118.294,-5.95892530024555
118.295,-5.958788064363933
118.29600000000001,-5.9586495951706224
118.297,-5.9585098924370135
118.298,-5.9583689559219684
118.29900000000001,-5.9582267853718127
118.3,-5.9580833805203133
118.301,-5.9579387410886726
118.30200000000001,-5.957792866785514
118.303,-5.9576457573068637
118.304,-5.9574974123361395
118.30500000000001,-5.9573478315441406
118.306,-5.9571970145890365
118.307,-5.9570449611163463
118.30800000000001,-5.9568916707589379
118.309,-5.9567371431370022
118.31,-5.956581377858055
118.31100000000001,-5.9564243745169145
118.312,-5.9562661326956947
118.313,-5.9561066519637933
118.31399999999999,-5.9559459318778787
118.315,-5.9557839719818793
118.316,-5.9556207718069762
118.31699999999999,-5.9554563308715824
118.318,-5.9552906486813457
118.319,-5.9551237247291242
118.31999999999999,-5.9549555584949889
118.321,-5.9547861494462007
118.322,-5.9546154970372118
118.32299999999999,-5.9544436007096486
118.324,-5.9542704598923022
118.325,-5.9540960740011224
118.32599999999999,-5.9539204424392036
118.327,-5.953743564596782
118.328,-5.953565439851217
118.32899999999999,-5.9533860675669938
118.33,-5.9532054470957041
118.331,-5.9530235777760412
118.33199999999999,-5.9528404589337951
118.333,-5.9526560898818417
118.334,-5.9524704699201267
118.33499999999999,-5.9522835983356757
118.336,-5.9520954744025651
118.337,-5.9519060973819338
118.33799999999999,-5.9517154665219598
118.339,-5.9515235810578657
118.34,-5.9513304402118985
118.34099999999999,-5.9511360431933404
118.342,-5.9509403891984798
118.343,-5.9507434774106223
118.34399999999999,-5.9505453070000796
118.345,-5.950345877124156
118.346,-5.9501451869271573
118.34699999999999,-5.9499432355403634
118.348,-5.949740022082044
118.349,-5.9495355456574393
118.34999999999999,-5.9493298053587633
118.351,-5.9491228002651875
118.352,-5.9489145294428454
118.35299999999999,-5.9487049919448278
118.354,-5.9484941868111694
118.355,-5.9482821130688528
118.35599999999999,-5.9480687697318029
118.357,-5.9478541558008731
118.358,-5.9476382702638571
118.35899999999999,-5.9474211120954736
118.36,-5.9472026802573623
118.361,-5.9469829736980904
118.36199999999999,-5.9467619913531378
118.363,-5.9465397321449025
118.364,-5.9463161949826882
118.36499999999999,-5.9460913787627145
118.366,-5.9458652823681026
118.367,-5.9456379046688781
118.36799999999999,-5.945409244521966
118.369,-5.9451793007711977
118.37,-5.9449480722472909
118.371,-5.9447155577678679
118.372,-5.9444817561374395
118.373,-5.9442466661474169
118.374,-5.9440102865760931
118.375,-5.9437726161886575
118.376,-5.9435336537371874
118.377,-5.9432933979606508
118.378,-5.9430518475849032
118.379,-5.9428090013226873
118.38,-5.9425648578736352
118.381,-5.9423194159242705
118.38200000000001,-5.942072674148001
118.383,-5.9418246312051268
118.384,-5.9415752857428314
118.38500000000001,-5.9413246363952013
118.386,-5.9410726817832042
118.387,-5.9408194205147034
118.38800000000001,-5.9405648511844618
118.389,-5.9403089723741296
118.39,-5.9400517826522616
118.39100000000001,-5.9397932805743103
118.392,-5.9395334646826319
118.393,-5.939272333506481
118.39400000000001,-5.9390098855620277
118.395,-5.938746119352345
118.396,-5.9384810333674221
118.39700000000001,-5.9382146260841644
118.398,-5.9379468959663919
118.399,-5.9376778414648506
118.40000000000001,-5.9374074610172132
118.401,-5.9371357530480813
118.402,-5.9368627159689904
118.40300000000001,-5.9365883481784163
118.404,-5.9363126480617749
118.405,-5.9360356139914323
118.40600000000001,-5.9357572443267053
118.407,-5.9354775374138704
118.408,-5.9351964915861632
118.40900000000001,-5.9349141051637924
118.41,-5.934630376453935
118.411,-5.934345303750753
118.41200000000001,-5.9340588853353902
118.413,-5.9337711194759848
118.414,-5.9334820044276704
118.41500000000001,-5.9331915384325908
118.416,-5.9328997197198952
118.417,-5.9326065465057551
118.41800000000001,-5.9323120169933672
118.419,-5.9320161293729603
118.42,-5.9317188818218085
118.42100000000001,-5.9314202725042309
118.422,-5.9311202995716004
118.423,-5.9308189611623643
118.42400000000001,-5.9305162554020319
118.425,-5.9302121804032026
118.426,-5.9299067342655629
118.42700000000001,-5.9295999150759009
118.428,-5.9292917209081129
118.429,-5.9289821498232103
118.43000000000001,-5.9286711998693384
118.431,-5.9283588690817748
118.432,-5.9280451554829483
118.43300000000001,-5.9277300570824423
118.434,-5.927413571877012
118.435,-5.9270956978505893
118.43600000000001,-5.9267764329742958
118.437,-5.9264557752064562
118.438,-5.9261337224926018
118.43899999999999,-5.9258102727654931
118.44,-5.9254854239451209
118.441,-5.9251591739387255
118.44199999999999,-5.9248315206408044
118.443,-5.9245024619331268
118.444,-5.9241719956847456
118.44499999999999,-5.9238401197520094
118.446,-5.9235068319785764
118.447,-5.9231721301954217
118.44799999999999,-5.9228360122208645
118.449,-5.922498475860567
118.45,-5.9221595189075513
118.45099999999999,-5.9218191391422197
118.452,-5.9214773343323674
118.453,-5.9211341022331867
118.45399999999999,-5.9207894405872938
118.455,-5.9204433471247384
118.456,-5.9200958195630138
118.45699999999999,-5.9197468556070847
118.458,-5.9193964529493908
118.459,-5.9190446092698625
118.45999999999999,-5.918691322235949
118.461,-5.9183365895026192
118.462,-5.9179804087123848
118.46299999999999,-5.9176227774953176
118.464,-5.9172636934690663
118.465,-5.9169031542388666
118.46599999999999,-5.9165411573975693
118.467,-5.9161777005256448
118.468,-5.915812781191212
118.46899999999999,-5.9154463969500499
118.47,-5.9150785453456134
118.471,-5.9147092239090613
118.47199999999999,-5.9143384301592565
118.473,-5.913966161602807
118.474,-5.9135924157340671
118.47499999999999,-5.9132171900351631
118.476,-5.9128404819760103
118.477,-5.9124622890143366
118.47799999999999,-5.9120826085956963
118.479,-5.9117014381534938
118.48,-5.9113187751089997
118.48099999999999,-5.9109346168713763
118.482,-5.9105489608376942
118.483,-5.9101618043929536
118.48399999999999,-5.909773144910103
118.485,-5.9093829797500659
118.486,-5.9089913062617567
118.48699999999999,-5.9085981217820995
118.488,-5.9082034236360617
118.489,-5.9078072091366618
118.48999999999999,-5.9074094755850028
118.491,-5.9070102202702834
118.492,-5.9066094404698317
118.49299999999999,-5.9062071334491186
118.494,-5.9058032964617873
118.495,-5.905397926749675
118.496,-5.9049910215428278
118.497,-5.9045825780595402
118.498,-5.904172593506364
118.499,-5.9037610650781414
118.5,-5.9033479899580232
118.501,-5.902933365317498
118.502,-5.9025171883164145
118.503,-5.9020994561030076
118.504,-5.901680165813918
118.505,-5.9012593145742249
118.506,-5.9008368994974703
118.50700000000001,-5.9004129176856761
118.508,-5.8999873662293858
118.509,-5.8995602422076718
118.51000000000001,-5.8991315426881759
118.511,-5.8987012647271353
118.512,-5.8982694053693896
118.51300000000001,-5.8978359616484441
118.514,-5.8974009305864623
118.515,-5.896964309194308
118.51600000000001,-5.8965260944715769
118.517,-5.8960862834066141
118.518,-5.8956448729765532
118.51900000000001,-5.8952018601473295
118.52,-5.8947572418737302
118.521,-5.8943110150993974
118.52200000000001,-5.8938631767568772
118.523,-5.8934137237676421
118.524,-5.8929626530421162
118.52500000000001,-5.8925099614797087
118.526,-5.8920556459688447
118.527,-5.8915997033869933
118.52800000000001,-5.891142130600695
118.529,-5.8906829244656018
118.53,-5.8902220818264901
118.53100000000001,-5.8897595995173102
118.532,-5.8892954743612105
118.533,-5.8888297031705621
118.53400000000001,-5.8883622827469972
118.535,-5.8878932098814403
118.536,-5.8874224813541414
118.53700000000001,-5.8869500939346979
118.538,-5.8864760443821016
118.539,-5.8860003294447631
118.54000000000001,-5.8855229458605418
118.541,-5.8850438903567852
118.542,-5.8845631596503587
118.54300000000001,-5.88408075044768
118.544,-5.8835966594447502
118.545,-5.8831108833271921
118.54600000000001,-5.8826234187702786
118.547,-5.8821342624389743
118.548,-5.8816434109879587
118.54900000000001,-5.8811508610616743
118.55,-5.8806566092943493
118.551,-5.8801606523100416
118.55200000000001,-5.8796629867226695
118.553,-5.8791636091360422
118.554,-5.878662516143911
118.55500000000001,-5.87815970432999
118.556,-5.8776551702679969
118.557,-5.8771489105216901
118.55800000000001,-5.876640921644908
118.559,-5.8761312001815993
118.56,-5.8756197426658652
118.56100000000001,-5.8751065456219935
118.562,-5.8745916055644996
118.563,-5.8740749189981578
118.56399999999999,-5.8735564824180431
118.565,-5.8730362923095738
118.566,-5.8725143451485389
118.56699999999999,-5.8719906374011455
118.568,-5.8714651655240537
118.569,-5.8709379259644141
118.56999999999999,-5.8704089151599099
118.571,-5.8698781295387947
118.572,-5.869345565519934
118.57299999999999,-5.8688112195128381
118.574,-5.8682750879177137
118.575,-5.8677371671254885
118.57599999999999,-5.8671974535178659
118.577,-5.8666559434673573
118.578,-5.8661126333373268
118.57899999999999,-5.8655675194820249
118.58,-5.8650205982466401
118.581,-5.8644718659673361
118.58199999999999,-5.8639213189712853
118.583,-5.8633689535767246
118.584,-5.8628147660929821
118.58499999999999,-5.8622587528205363
118.586,-5.8617009100510433
118.587,-5.8611412340673859
118.58799999999999,-5.8605797211437141
118.589,-5.8600163675454935
118.59,-5.8594511695295433
118.59099999999999,-5.8588841233440805
118.592,-5.8583152252287594
118.593,-5.8577444714147271
118.59399999999999,-5.8571718581246532
118.595,-5.8565973815727865
118.596,-5.8560210379649877
118.59699999999999,-5.8554428234987856
118.598,-5.8548627343634116
118.599,-5.8542807667398522
118.59999999999999,-5.8536969168008879
118.601,-5.8531111807111378
118.602,-5.8525235546271235
118.60299999999999,-5.851934034697285
118.604,-5.8513426170620484
118.605,-5.8507492978538638
118.60599999999999,-5.8501540731972552
118.607,-5.8495569392088642
118.608,-5.8489578919974976
118.60899999999999,-5.8483569276641738
118.61,-5.8477540423021681
118.611,-5.8471492319970686
118.61199999999999,-5.8465424928268162
118.613,-5.8459338208617453
118.614,-5.845323212164649
118.61499999999999,-5.844710662790817
118.616,-5.8440961687880808
118.617,-5.8434797261968665
118.61799999999999,-5.8428613310502513
118.619,-5.8422409793739929
118.62,-5.8416186671866006
118.621,-5.8409943904993655
118.622,-5.8403681453164236
118.623,-5.8397399276348008
118.624,-5.8391097334444559
118.625,-5.8384775587283437
118.626,-5.8378433994624546
118.627,-5.8372072516158697
118.628,-5.8365691111508111
118.629,-5.835928974022691
118.63,-5.8352868361801615
118.631,-5.834642693565173
118.63200000000001,-5.8339965421130158
118.633,-5.8333483777523769
118.634,-5.832698196405393
118.63500000000001,-5.8320459939876983
118.636,-5.8313917664084789
118.637,-5.8307355095705233
118.63800000000001,-5.8300772193702795
118.639,-5.8294168916978997
118.64,-5.8287545224373005
118.64100000000001,-5.8280901074662141
118.642,-5.827423642656238
118.643,-5.8267551238728901
118.64400000000001,-5.8260845469756628
118.645,-5.8254119078180802
118.646,-5.8247372022477446
118.64700000000001,-5.8240604261063948
118.648,-5.8233815752299591
118.649,-5.8227006454486139
118.65000000000001,-5.8220176325868334
118.651,-5.8213325324634413
118.652,-5.8206453408916756
118.65300000000001,-5.8199560536792356
118.654,-5.8192646666283387
118.655,-5.818571175535781
118.65600000000001,-5.8178755761929821
118.657,-5.8171778643860526
118.658,-5.8164780358958472
118.65900000000001,-5.8157760864980101
118.66,-5.8150720119630481
118.661,-5.8143658080563725
118.66200000000001,-5.8136574705383666
118.663,-5.8129469951644372
118.664,-5.8122343776850691
118.66500000000001,-5.8115196138458858
118.666,-5.8108026993877093
118.667,-5.8100836300466145
118.66800000000001,-5.8093624015539822
118.669,-5.8086390096365657
118.67,-5.8079134500165424
118.67100000000001,-5.807185718411576
118.672,-5.8064558105348718
118.673,-5.8057237220952338
118.67400000000001,-5.804989448797131
118.675,-5.8042529863407442
118.676,-5.8035143304220398
118.67700000000001,-5.8027734767328116
118.678,-5.8020304209607509
118.679,-5.8012851587895122
118.68000000000001,-5.8005376858987523
118.681,-5.7997879979642111
118.682,-5.7990360906577569
118.68300000000001,-5.7982819596474542
118.684,-5.7975256005976226
118.685,-5.7967670091688959
118.68600000000001,-5.7960061810182779
118.687,-5.7952431117992136
118.688,-5.7944777971616421
118.68899999999999,-5.7937102327520558
118.69,-5.7929404142135725
118.691,-5.7921683371859807
118.69199999999999,-5.7913939973058151
118.693,-5.7906173902064113
118.694,-5.7898385115179671
118.69499999999999,-5.7890573568676045
118.696,-5.7882739218794397
118.697,-5.7874882021746261
118.69799999999999,-5.7867001933714368
118.699,-5.7859098910853186
118.7,-5.7851172909289508
118.70099999999999,-5.7843223885123116
118.702,-5.7835251794427451
118.703,-5.7827256593250143
118.70399999999999,-5.7819238237613719
118.705,-5.7811196683516188
118.706,-5.7803131886931727
118.70699999999999,-5.7795043803811268
118.708,-5.7786932390083141
118.709,-5.777879760165372
118.70999999999999,-5.7770639394408061
118.711,-5.7762457724210563
118.712,-5.7754252546905516
118.71299999999999,-5.7746023818317891
118.714,-5.7737771494253822
118.715,-5.7729495530501413
118.71599999999999,-5.7721195882831235
118.717,-5.7712872506997073
118.718,-5.77045253587365
118.71899999999999,-5.7696154393771613
118.72,-5.76877595678096
118.721,-5.7679340836543451
118.72199999999999,-5.7670898155652548
118.723,-5.7662431480803393
118.724,-5.7653940767650216
118.72499999999999,-5.7645425971835609
118.726,-5.7636887048991277
118.727,-5.7628323954738576
118.72799999999999,-5.7619736644689254
118.729,-5.7611125074446106
118.73,-5.7602489199603539
118.73099999999999,-5.7593828975748433
118.732,-5.7585144358460587
118.733,-5.7576435303313511
118.73399999999999,-5.7567701765875059
118.735,-5.7558943701708145
118.736,-5.755016106637127
118.73699999999999,-5.7541353815419383
118.738,-5.7532521904404375
118.739,-5.7523665288875838
118.73999999999999,-5.7514783924381803
118.741,-5.750587776646924
118.742,-5.7496946770684865
118.74299999999999,-5.7487990892575809
118.744,-5.747901008769019
118.745,-5.7470004311577938
118.746,-5.7460973519791345
118.747,-5.7451917667885812
118.748,-5.7442836711420515
118.749,-5.7433730605959044
118.75,-5.7424599307070165
118.751,-5.7415442770328458
118.752,-5.7406260951314954
118.753,-5.7397053805617926
118.754,-5.7387821288833436
118.755,-5.7378563356566152
118.756,-5.7369279964429962
118.75700000000001,-5.7359971068048639
118.758,-5.7350636623056648
118.759,-5.734127658509971
118.76000000000001,-5.7331890909835428
118.761,-5.7322479552934276
118.762,-5.7313042470079942
118.76300000000001,-5.7303579616970248
118.764,-5.7294090949317704
118.765,-5.7284576422850311
118.76600000000001,-5.7275035993312216
118.767,-5.7265469616464326
118.768,-5.7255877248085163
118.76900000000001,-5.7246258843971356
118.77,-5.7236614359938587
118.771,-5.7226943751822033
118.77200000000001,-5.721724697547721
118.773,-5.7207523986780648
118.774,-5.7197774741630605
118.77500000000001,-5.7187999195947699
118.776,-5.717819730567566
118.777,-5.716836902678204
118.77800000000001,-5.7158514315258859
118.779,-5.7148633127123398
118.78,-5.7138725418418757
118.78100000000001,-5.7128791145214715
118.782,-5.7118830263608329
118.783,-5.7108842729724651
118.78400000000001,-5.7098828499717467
118.785,-5.7088787529770011
118.786,-5.7078719776095559
118.78700000000001,-5.7068625194938276
118.788,-5.7058503742573841
118.789,-5.7048355375310162
118.79000000000001,-5.7038180049488139
118.791,-5.7027977721482204
118.792,-5.7017748347701263
118.79300000000001,-5.7007491884589223
118.794,-5.699720828862576
118.795,-5.6986897516327017
118.79600000000001,-5.6976559524246362
118.797,-5.6966194268975032
118.798,-5.6955801707142815
118.79900000000001,-5.6945381795418895
118.8,-5.6934934490512381
118.801,-5.6924459749173151
118.80200000000001,-5.6913957528192514
118.803,-5.6903427784403906
118.804,-5.6892870474683619
118.80500000000001,-5.6882285555951499
118.806,-5.6871672985171697
118.807,-5.6861032719353268
118.80800000000001,-5.6850364715551063
118.809,-5.6839668930866178
118.81,-5.6828945322446982
118.81100000000001,-5.6818193847489553
118.812,-5.6807414463238546
118.813,-5.6796607126987819
118.81399999999999,-5.6785771796081219
118.815,-5.6774908427913218
118.816,-5.6764016979929677
118.81699999999999,-5.6753097409628515
118.818,-5.6742149674560443
118.819,-5.673117373232972
118.81999999999999,-5.672016954059476
118.821,-5.670913705706889
118.822,-5.6698076239521091
118.82299999999999,-5.6686987045776673
118.824,-5.6675869433718029
118.825,-5.6664723361285256
118.82599999999999,-5.6653548786476922
118.827,-5.6642345667350815
118.828,-5.6631113962024555
118.82899999999999,-5.6619853628676395
118.83,-5.6608564625545874
118.831,-5.6597246910934542
118.83199999999999,-5.6585900443206656
118.833,-5.6574525180789941
118.834,-5.6563121082176178
118.83499999999999,-5.6551688105922082
118.836,-5.6540226210649829
118.837,-5.6528735355047912
118.83799999999999,-5.6517215497871796
118.839,-5.6505666597944497
118.84,-5.649408861415754
118.84099999999999,-5.6482481505471496
118.842,-5.6470845230916629
118.843,-5.6459179749593789
118.84399999999999,-5.6447485020675003
118.845,-5.6435761003404137
118.846,-5.6424007657097723
118.84699999999999,-5.6412224941145528
118.848,-5.6400412815011371
118.849,-5.6388571238233753
118.84999999999999,-5.6376700170426588
118.851,-5.6364799571279871
118.852,-5.6352869400560444
118.85299999999999,-5.6340909618112631
118.854,-5.6328920183858946
118.855,-5.6316901057800823
118.85599999999999,-5.6304852200019297
118.857,-5.6292773570675694
118.858,-5.628066513001234
118.85899999999999,-5.6268526838353221
118.86,-5.6256358656104748
118.861,-5.6244160543756374
118.86199999999999,-5.623193246188138
118.863,-5.6219674371137422
118.864,-5.6207386232267398
118.86499999999999,-5.6195068006100009
118.866,-5.6182719653550492
118.867,-5.6170341135621342
118.86799999999999,-5.6157932413402962
118.869,-5.6145493448074353
118.87,-5.6133024200903794
118.871,-5.6120524633249591
118.872,-5.6107994706560662
118.873,-5.6095434382377318
118.874,-5.6082843622331895
118.875,-5.60702223881494
118.876,-5.6057570641648322
118.877,-5.6044888344741164
118.878,-5.6032175459435241
118.879,-5.6019431947833258
118.88,-5.6006657772134032
118.881,-5.599385289463326
118.88200000000001,-5.5981017277724021
118.883,-5.5968150883897572
118.884,-5.5955253675744006
118.88500000000001,-5.594232561595291
118.886,-5.592936666731398
118.887,-5.5916376792717823
118.88800000000001,-5.5903355955156515
118.889,-5.5890304117724297
118.89,-5.5877221243618269
118.89100000000001,-5.5864107296139052
118.892,-5.5850962238691375
118.893,-5.58377860347849
118.89400000000001,-5.5824578648034704
118.895,-5.5811340042162074
118.896,-5.5798070180995083
118.89700000000001,-5.5784769028469325
118.898,-5.577143654862847
118.899,-5.5758072705625024
118.90000000000001,-5.5744677463720933
118.901,-5.5731250787288271
118.902,-5.5717792640809769
118.90300000000001,-5.5704302988879668
118.904,-5.569078179620421
118.905,-5.5677229027602388
118.90600000000001,-5.5663644648006407
118.907,-5.5650028622462644
118.908,-5.5636380916131971
118.90900000000001,-5.5622701494290645
118.91,-5.560899032233074
118.911,-5.559524736576094
118.91200000000001,-5.5581472590207142
118.913,-5.5567665961413049
118.914,-5.5553827445240804
118.91500000000001,-5.5539957007671727
118.916,-5.552605461480681
118.917,-5.5512120232867384
118.91800000000001,-5.5498153828195793
118.919,-5.5484155367256056
118.92,-5.5470124816634341
118.92100000000001,-5.545606214303973
118.922,-5.5441967313304765
118.923,-5.5427840294386099
118.92400000000001,-5.5413681053365131
118.925,-5.5399489557448582
118.926,-5.5385265773969117
118.92700000000001,-5.5371009670385947
118.928,-5.5356721214285551
118.929,-5.5342400373382086
118.93000000000001,-5.5328047115518153
118.931,-5.5313661408665373
118.932,-5.5299243220924952
118.93300000000001,-5.5284792520528301
118.934,-5.5270309275837626
118.935,-5.5255793455346538
118.93600000000001,-5.5241245027680677
118.937,-5.5226663961598277
118.938,-5.5212050225990712
118.93899999999999,-5.5197403789883186
118.94,-5.5182724622435249
118.941,-5.5168012692941408
118.94199999999999,-5.5153267970831683
118.943,-5.5138490425672266
118.944,-5.5123680027166033
118.94499999999999,-5.51088367451531
118.946,-5.5093960549611483
118.947,-5.5079051410657618
118.94799999999999,-5.5064109298546926
118.949,-5.5049134183674413
118.95,-5.5034126036575239
118.95099999999999,-5.5019084827925262
118.952,-5.5004010528541594
118.953,-5.4988903109383216
118.95399999999999,-5.4973762541551423
118.955,-5.4958588796290577
118.956,-5.4943381844988419
118.95699999999999,-5.4928141659176841
118.958,-5.4912868210532295
118.959,-5.489756147087637
118.95999999999999,-5.4882221412176415
118.961,-5.4866848006546007
118.962,-5.4851441226245434
118.96299999999999,-5.4836001043682394
118.964,-5.4820527431412405
118.965,-5.4805020362139398
118.96599999999999,-5.4789479808716202
118.967,-5.4773905744145166
118.968,-5.4758298141578523
118.96899999999999,-5.4742656974319113
118.97,-5.4726982215820739
118.971,-5.471127383968879
118.97199999999999,-5.4695531819680694
118.973,-5.4679756129706476
118.974,-5.466394674382923
118.97499999999999,-5.4648103636265732
118.976,-5.4632226781386786
118.977,-5.4616316153717825
118.97799999999999,-5.4600371727939452
118.979,-5.4584393478887803
118.98,-5.4568381381555211
118.98099999999999,-5.4552335411090551
118.982,-5.4536255542799896
118.983,-5.4520141752146767
118.98399999999999,-5.4503994014752877
118.985,-5.4487812306398471
118.986,-5.4471596603022796
118.98699999999999,-5.4455346880724687
118.988,-5.4439063115762893
118.989,-5.4422745284556742
118.98999999999999,-5.4406393363686387
118.991,-5.4390007329893448
118.992,-5.4373587160081458
118.99299999999999,-5.4357132831316166
118.994,-5.4340644320826241
118.995,-5.4324121606003528
118.996,-5.4307564664403589
118.997,-5.4290973473746176
118.998,-5.4274348011915601
118.999,-5.4257688256961272
119,-5.4240994187098019
119.001,-5.4224265780706702
119.002,-5.4207503016334417
119.003,-5.4190705872695242
119.004,-5.4173874328670308
119.005,-5.4157008363308528
119.006,-5.4140107955826826
119.00700000000001,-5.4123173085610699
119.008,-5.4106203732214508
119.009,-5.4089199875362013
119.01000000000001,-5.4072161494946691
119.011,-5.4055088571032215
119.012,-5.4037981083852813
119.01300000000001,-5.4020839013813706
119.014,-5.4003662341491472
119.015,-5.3986451047634505
119.01600000000001,-5.3969205113163321
119.017,-5.3951924519171035
119.018,-5.3934609246923717
119.01900000000001,-5.3917259277860774
119.02,-5.3899874593595296
119.021,-5.3882455175914519
119.02200000000001,-5.386500100678016
119.023,-5.3847512068328767
119.024,-5.3829988342872079
119.02500000000001,-5.3812429812897484
119.026,-5.3794836461068272
119.027,-5.3777208270224088
119.02800000000001,-5.3759545223381222
119.029,-5.3741847303732975
119.03,-5.3724114494650026
119.03100000000001,-5.3706346779680816
119.032,-5.3688544142551793
119.033,-5.3670706567167876
119.03400000000001,-5.3652834037612642
119.035,-5.363492653814883
119.036,-5.3616984053218575
119.03700000000001,-5.3599006567443697
119.038,-5.358099406562614
119.039,-5.356294653274821
119.04000000000001,-5.3544863953972905
119.041,-5.3526746314644269
119.042,-5.3508593600287631
119.04300000000001,-5.3490405796610023
119.044,-5.3472182889500353
119.045,-5.3453924865029796
119.04600000000001,-5.3435631709452069
119.047,-5.341730340920372
119.048,-5.339893995090442
119.04900000000001,-5.3380541321357295
119.05,-5.3362107507549066
119.051,-5.3343638496650554
119.05200000000001,-5.3325134276016746
119.053,-5.3306594833187209
119.054,-5.3288020155886269
119.05500000000001,-5.3269410232023358
119.056,-5.3250765049693207
119.057,-5.3232084597176152
119.05800000000001,-5.3213368862938353
119.059,-5.3194617835632112
119.06,-5.3175831504096029
119.06100000000001,-5.3157009857355311
119.062,-5.3138152884622034
119.063,-5.3119260575295293
119.06399999999999,-5.3100332918961515
119.065,-5.3081369905394729
119.066,-5.3062371524556635
119.06699999999999,-5.3043337766596945
119.068,-5.3024268621853663
119.069,-5.3005164080853122
119.06999999999999,-5.2986024134310359
119.071,-5.2966848773129263
119.072,-5.294763798840278
119.07299999999999,-5.2928391771413086
119.074,-5.2909110113631872
119.075,-5.2889793006720467
119.07599999999999,-5.2870440442530002
119.077,-5.2851052413101751
119.078,-5.283162891066711
119.07899999999999,-5.2812169927647954
119.08,-5.2792675456656681
119.081,-5.2773145490496471
119.08199999999999,-5.2753580022161435
119.083,-5.2733979044836783
119.084,-5.2714342551898934
119.08499999999999,-5.2694670536915744
119.086,-5.2674962993646686
119.087,-5.2655219916042864
119.08799999999999,-5.2635441298247301
119.089,-5.2615627134595053
119.09,-5.2595777419613245
119.09099999999999,-5.2575892148021364
119.092,-5.2555971314731327
119.093,-5.2536014914847495
119.09399999999999,-5.2516022943667053
119.095,-5.2495995396679831
119.096,-5.2475932269568704
119.09699999999999,-5.2455833558209504
119.098,-5.2435699258671198
119.099,-5.2415529367216021
119.09999999999999,-5.2395323880299562
119.101,-5.2375082794570833
119.102,-5.235480610687242
119.10299999999999,-5.2334493814240499
119.104,-5.2314145913904992
119.105,-5.229376240328965
119.10599999999999,-5.2273343280012066
119.107,-5.2252888541883804
119.108,-5.2232398186910487
119.10899999999999,-5.2211872213291821
119.11,-5.2191310619421687
119.111,-5.2170713403888174
119.11199999999999,-5.2150080565473713
119.113,-5.2129412103154982
119.114,-5.2108708016103131
119.11499999999999,-5.2087968303683736
119.116,-5.2067192965456801
119.117,-5.2046382001176887
119.11799999999999,-5.2025535410793093
119.119,-5.2004653194449091
119.12,-5.1983735352483187
119.121,-5.1962781885428289
119.122,-5.1941792794011992
119.123,-5.1920768079156483
119.124,-5.1899707741978682
119.125,-5.1878611783790243
119.126,-5.1857480206097364
119.127,-5.1836313010601085
119.128,-5.1815110199197036
119.129,-5.1793871773975537
119.13,-5.1772597737221622
119.131,-5.1751288091414924
119.13200000000001,-5.1729942839229714
119.133,-5.1708561983534906
119.134,-5.1687145527393996
119.13500000000001,-5.1665693474064938
119.136,-5.1644205827000329
119.137,-5.1622682589847182
119.13800000000001,-5.1601123766446957
119.139,-5.1579529360835501
119.14,-5.1557899377243004
119.14100000000001,-5.1536233820093971
119.142,-5.1514532694007107
119.143,-5.1492796003795291
119.14400000000001,-5.1471023754465488
119.145,-5.1449215951218781
119.146,-5.1427372599450134
119.14700000000001,-5.1405493704748455
119.148,-5.1383579272896371
119.149,-5.1361629309870382
119.15000000000001,-5.1339643821840486
119.151,-5.1317622815170312
119.152,-5.129556629641689
119.15300000000001,-5.1273474272330635
119.154,-5.12513467498552
119.155,-5.1229183736127402
119.15600000000001,-5.1206985238477039
119.157,-5.1184751264426849
119.158,-5.1162481821692438
119.15900000000001,-5.1140176918182005
119.16,-5.1117836561996315
119.161,-5.1095460761428591
119.16200000000001,-5.1073049524964365
119.163,-5.1050602861281265
119.164,-5.1028120779248969
119.16500000000001,-5.1005603287929029
119.166,-5.0983050396574727
119.167,-5.0960462114630873
119.16800000000001,-5.0937838451733795
119.169,-5.0915179417710972
119.17,-5.0892485022581013
119.17100000000001,-5.0869755276553521
119.172,-5.0846990190028771
119.173,-5.0824189773597661
119.17400000000001,-5.0801354038041522
119.175,-5.0778482994331871
119.176,-5.0755576653630321
119.17700000000001,-5.0732635027288291
119.178,-5.0709658126846895
119.179,-5.0686645964036749
119.18000000000001,-5.0663598550777635
119.181,-5.0640515899178506
119.182,-5.0617398021537152
119.18300000000001,-5.0594244930339975
119.184,-5.0571056638261851
119.185,-5.0547833158165885
119.18600000000001,-5.0524574503103148
119.187,-5.05012806863125
119.188,-5.0477951721220364
119.18899999999999,-5.0454587621440483
119.19,-5.0431188400773665
119.191,-5.0407754073207567
119.19199999999999,-5.038428465291644
119.193,-5.0360780154260905
119.194,-5.033724059178768
119.19499999999999,-5.0313665980229345
119.196,-5.0290056334504083
119.197,-5.0266411669715421
119.19799999999999,-5.0242732001151911
119.199,-5.0219017344286989
119.2,-5.0195267714778584
119.20099999999999,-5.017148312846893
119.202,-5.0147663601384185
119.203,-5.012380914973428
119.20399999999999,-5.0099919789912555
119.205,-5.0075995538495501
119.206,-5.0052036412242424
119.20699999999999,-5.0028042428095203
119.208,-5.0004013603177997
119.209,-4.9979949954796856
119.20999999999999,-4.9955851500439605
119.211,-4.9931718257775302
119.212,-4.9907550244654102
119.21299999999999,-4.9883347479106872
119.214,-4.9859109979344867
119.215,-4.9834837763759454
119.21599999999999,-4.9810530850921761
119.217,-4.9786189259582319
119.218,-4.9761813008670819
119.21899999999999,-4.9737402117295701
119.22,-4.9712956604743823
119.221,-4.9688476490480173
119.22199999999999,-4.9663961794147493
119.223,-4.9639412535565874
119.224,-4.9614828734732574
119.22499999999999,-4.9590210411821447
119.226,-4.9565557587182818
119.227,-4.9540870281342881
119.22799999999999,-4.9516148515003575
119.229,-4.9491392309042013
119.23,-4.9466601684510296
119.23099999999999,-4.9441776662634993
119.232,-4.9416917264816869
119.233,-4.9392023512630443
119.23399999999999,-4.9367095427823653
119.235,-4.9342133032317426
119.236,-4.9317136348205359
119.23699999999999,-4.9292105397753279
119.238,-4.926704020339888
119.239,-4.9241940787751277
119.23999999999999,-4.9216807173590666
119.241,-4.9191639383867924
119.242,-4.9166437441704147
119.24299999999999,-4.9141201370390339
119.244,-4.9115931193386881
119.245,-4.9090626934323227
119.246,-4.9065288616997451
119.247,-4.9039916265375796
119.248,-4.9014509903592343
119.249,-4.8989069555948443
119.25,-4.896359524691249
119.251,-4.8938087001119275
119.252,-4.8912544843369741
119.253,-4.8886968798630432
119.254,-4.8861358892033104
119.255,-4.8835715148874312
119.256,-4.8810037594614872
119.25700000000001,-4.8784326254879531
119.258,-4.8758581155456469
119.259,-4.8732802322296829
119.26000000000001,-4.8706989781514283
119.261,-4.868114355938463
119.262,-4.865526368234522
119.26300000000001,-4.8629350176994652
119.264,-4.8603403070092144
119.265,-4.8577422388557219
119.26600000000001,-4.855140815946914
119.267,-4.8525360410066494
119.268,-4.8499279167746643
119.26900000000001,-4.847316446006543
119.27,-4.8447016314736429
119.271,-4.8420834759630731
119.27200000000001,-4.8394619822776352
119.273,-4.8368371532357646
119.274,-4.8342089916715052
119.27500000000001,-4.831577500434439
119.276,-4.8289426823896511
119.277,-4.8263045404176745
119.27800000000001,-4.8236630774144382
119.279,-4.8210182962912285
119.28,-4.8183701999746251
119.28100000000001,-4.8157187914064599
119.282,-4.8130640735437655
119.283,-4.8104060493587273
119.28400000000001,-4.807744721838624
119.285,-4.8050800939857847
119.286,-4.8024121688175381
119.28700000000001,-4.7997409493661527
119.288,-4.7970664386788009
119.289,-4.7943886398174875
119.29000000000001,-4.7917075558590172
119.291,-4.7890231898949276
119.292,-4.7863355450314486
119.29300000000001,-4.7836446243894404
119.294,-4.7809504311043485
119.295,-4.7782529683261457
119.29600000000001,-4.7755522392192846
119.297,-4.772848246962635
119.298,-4.7701409947494451
119.29900000000001,-4.7674304857872736
119.3,-4.7647167232979459
119.301,-4.7619997105174976
119.30200000000001,-4.7592794506961162
119.303,-4.7565559470980974
119.304,-4.7538292030017786
119.30500000000001,-4.7510992216994925
119.306,-4.7483660064975135
119.307,-4.7456295607159964
119.30800000000001,-4.7428898876889267
119.309,-4.7401469907640665
119.31,-4.7374008733028923
119.31100000000001,-4.7346515386805512
119.312,-4.7318989902857949
119.313,-4.7291432315209301
119.31399999999999,-4.7263842658017623
119.315,-4.7236220965575342
119.316,-4.7208567272308848
119.31699999999999,-4.7180881612777759
119.318,-4.7153164021674412
119.319,-4.7125414533823422
119.31999999999999,-4.7097633184180951
119.321,-4.7069820007834222
119.322,-4.7041975040000965
119.32299999999999,-4.7014098316028834
119.324,-4.6986189871394828
119.325,-4.6958249741704723
119.32599999999999,-4.6930277962692548
119.327,-4.6902274570219928
119.328,-4.6874239600275631
119.32899999999999,-4.6846173088974874
119.33,-4.6818075072558809
119.331,-4.6789945587394008
119.33199999999999,-4.6761784669971735
119.333,-4.6733592356907518
119.334,-4.6705368684940511
119.33499999999999,-4.6677113690932934
119.336,-4.6648827411869451
119.337,-4.6620509884856638
119.33799999999999,-4.6592161147122422
119.339,-4.6563781236015434
119.34,-4.6535370189004466
119.34099999999999,-4.650692804367794
119.342,-4.6478454837743222
119.343,-4.6449950609026107
119.34399999999999,-4.6421415395470236
119.345,-4.6392849235136522
119.346,-4.6364252166202533
119.34699999999999,-4.6335624226961922
119.348,-4.6306965455823823
119.349,-4.6278275891312335
119.34999999999999,-4.6249555572065892
119.351,-4.6220804536836626
119.352,-4.6192022824489891
119.35299999999999,-4.6163210474003593
119.354,-4.6134367524467654
119.355,-4.610549401508341
119.35599999999999,-4.6076589985162961
119.357,-4.6047655474128772
119.358,-4.6018690521512848
119.35899999999999,-4.5989695166956315
119.36,-4.5960669450208762
119.361,-4.5931613411127721
119.36199999999999,-4.5902527089677969
119.363,-4.5873410525931106
119.364,-4.5844263760064754
119.36499999999999,-4.5815086832362217
119.366,-4.5785879783211696
119.367,-4.575664265310575
119.36799999999999,-4.572737548264084
119.369,-4.5698078312516621
119.37,-4.5668751183535283
119.371,-4.5639394136601235
119.372,-4.5610007212720198
119.373,-4.5580590452998893
119.374,-4.5551143898644275
119.375,-4.5521667590963055
119.376,-4.5492161571361107
119.377,-4.5462625881342777
119.378,-4.543306056251053
119.379,-4.5403465656564084
119.38,-4.5373841205300085
119.381,-4.5344187250611379
119.38200000000001,-4.5314503834486484
119.383,-4.5284790999008973
119.384,-4.5255048786356999
119.38500000000001,-4.5225277238802608
119.386,-4.5195476398711198
119.387,-4.5165646308540977
119.38800000000001,-4.5135787010842359
119.389,-4.5105898548257386
119.39,-4.50759809635192
119.39100000000001,-4.5046034299451385
119.392,-4.5016058598967552
119.393,-4.4986053905070573
119.39400000000001,-4.4956020260852192
119.395,-4.4925957709492312
119.396,-4.4895866294258537
119.39700000000001,-4.4865746058505582
119.398,-4.4835597045674671
119.399,-4.4805419299292994
119.40000000000001,-4.4775212862973213
119.401,-4.4744977780412762
119.402,-4.4714714095393422
119.40300000000001,-4.4684421851780689
119.404,-4.4654101093523284
119.405,-4.462375186465251
119.40600000000001,-4.4593374209281746
119.407,-4.4562968171605943
119.408,-4.4532533795900999
119.40900000000001,-4.4502071126523211
119.41,-4.4471580207908818
119.411,-4.4441061084573343
119.41200000000001,-4.441051380111114
119.413,-4.4379938402194803
119.414,-4.4349334932574616
119.41500000000001,-4.4318703437078009
119.416,-4.4288043960609151
119.417,-4.4257356548148206
119.41800000000001,-4.4226641244750962
119.419,-4.4195898095548198
119.42,-4.4165127145745258
119.42100000000001,-4.4134328440621404
119.422,-4.4103502025529382
119.423,-4.4072647945894845
119.42400000000001,-4.4041766247215888
119.425,-4.401085697506244
119.426,-4.3979920175075842
119.42700000000001,-4.3948955892968264
119.428,-4.3917964174522188
119.429,-4.3886945065589975
119.43000000000001,-4.3855898612093274
119.431,-4.3824824860022558
119.432,-4.3793723855436548
119.43300000000001,-4.3762595644461824
119.434,-4.373144027329225
119.435,-4.3700257788188468
119.43600000000001,-4.3669048235477472
119.437,-4.3637811661551993
119.438,-4.3606548112870129
119.43899999999999,-4.3575257635954809
119.44,-4.3543940277393309
119.441,-4.3512596083836721
119.44199999999999,-4.3481225101999543
119.443,-4.3449827378659167
119.444,-4.3418402960655413
119.44499999999999,-4.3386951894890036
119.446,-4.3355474228326276
119.447,-4.3323970007988368
119.44799999999999,-4.3292439280961084
119.449,-4.326088209438927
119.45,-4.3229298495477417
119.45099999999999,-4.319768853148914
119.452,-4.3166052249746789
119.453,-4.3134389697630917
119.45399999999999,-4.3102700922579924
119.455,-4.3070985972089524
119.456,-4.3039244893712381
119.45699999999999,-4.3007477735057602
119.458,-4.2975684543790331
119.459,-4.2943865367631302
119.45999999999999,-4.2912020254356404
119.461,-4.2880149251796311
119.462,-4.2848252407835963
119.46299999999999,-4.2816329770414168
119.464,-4.2784381387523256
119.465,-4.2752407307208582
119.46599999999999,-4.2720407577568116
119.467,-4.2688382246752079
119.468,-4.2656331362962518
119.46899999999999,-4.2624254974452889
119.47,-4.259215312952767
119.471,-4.2560025876541925
119.47199999999999,-4.2527873263900995
119.473,-4.2495695340060031
119.474,-4.2463492153523612
119.47499999999999,-4.2431263752845432
119.476,-4.2399010186627848
119.477,-4.2366731503521464
119.47799999999999,-4.2334427752224952
119.479,-4.2302098981484404
119.48,-4.2269745240093242
119.48099999999999,-4.2237366576891624
119.482,-4.220496304076625
119.483,-4.2172534680649898
119.48399999999999,-4.2140081545521157
119.485,-4.2107603684404022
119.486,-4.2075101146367597
119.48699999999999,-4.2042573980525635
119.488,-4.2010022236036422
119.489,-4.19774459621022
119.48999999999999,-4.1944845207969026
119.491,-4.1912220022926334
119.492,-4.1879570456306681
119.49299999999999,-4.1846896557485351
119.494,-4.1814198375880149
119.495,-4.1781475960950996
119.496,-4.1748729362199679
119.497,-4.1715958629169503
119.498,-4.168316381144507
119.499,-4.1650344958651875
119.5,-4.1617502120456136
119.501,-4.1584635346564394
119.502,-4.1551744686723318
119.503,-4.1518830190719394
119.504,-4.1485891908378631
119.505,-4.1452929889566388
119.506,-4.1419944184186903
119.50700000000001,-4.1386934842183312
119.508,-4.1353901913537099
119.509,-4.1320845448268129
119.51000000000001,-4.1287765496434146
119.511,-4.1254662108130731
119.512,-4.1221535333490893
119.51300000000001,-4.1188385222684971
119.514,-4.1155211825920324
119.515,-4.1122015193441142
119.51600000000001,-4.10887953755282
119.517,-4.1055552422498645
119.518,-4.1022286384705788
119.51900000000001,-4.0988997312538897
119.52,-4.0955685256422978
119.521,-4.0922350266818617
119.52200000000001,-4.0888992394221715
119.523,-4.085561168916338
119.524,-4.0822208202209627
119.52500000000001,-4.0788781983961355
119.526,-4.0755333085053991
119.527,-4.0721861556157481
119.52800000000001,-4.0688367447975997
119.529,-4.0654850811247849
119.53,-4.0621311696745295
119.53100000000001,-4.0587750155274387
119.532,-4.0554166237674814
119.533,-4.0520559994819818
119.53400000000001,-4.0486931477615951
119.535,-4.0453280737003023
119.536,-4.0419607823953942
119.53700000000001,-4.0385912789474609
119.538,-4.0352195684603727
119.539,-4.0318456560412761
119.54000000000001,-4.028469546800582
119.541,-4.025091245851951
119.542,-4.0217107583122855
119.54300000000001,-4.018328089301721
119.544,-4.0149432439436126
119.545,-4.011556227364534
119.54600000000001,-4.0081670446942628
119.547,-4.004775701065773
119.548,-4.0013822016152307
119.54900000000001,-3.9979865514819872
119.55,-3.9945887558085689
119.551,-3.9911888197406773
119.55200000000001,-3.9877867484271796
119.553,-3.9843825470201049
119.554,-3.9809762206746386
119.55500000000001,-3.9775677745491231
119.556,-3.97415721380505
119.557,-3.9707445436070596
119.55800000000001,-3.9673297691229372
119.559,-3.9639128955236158
119.56,-3.960493927983161
119.56100000000001,-3.9570728716787951
119.562,-3.9536497317908728
119.563,-3.9502245135028931
119.56399999999999,-3.9467972220014982
119.565,-3.9433678624764763
119.566,-3.9399364401207571
119.56699999999999,-3.9365029601304276
119.568,-3.93306742770472
119.569,-3.9296298480460194
119.56999999999999,-3.9261902263598758
119.571,-3.9227485678549998
119.572,-3.9193048777432695
119.57299999999999,-3.9158591612397373
119.574,-3.9124114235626362
119.575,-3.9089616699333849
119.57599999999999,-3.9055099055765927
119.577,-3.9020561357200751
119.578,-3.8986003655948522
119.57899999999999,-3.8951426004351619
119.58,-3.8916828454784715
119.581,-3.8882211059654814
119.58199999999999,-3.8847573871401408
119.583,-3.881291694249656
119.584,-3.877824032544499
119.58499999999999,-3.8743544072784237
119.586,-3.8708828237084791
119.587,-3.8674092870950183
119.58799999999999,-3.8639338027017089
119.589,-3.8604563757955539
119.59,-3.8569770116469035
119.59099999999999,-3.8534957155294745
119.592,-3.8500124927203494
119.593,-3.8465273485000155
119.59399999999999,-3.8430402881523644
119.595,-3.839551316964716
119.596,-3.8360604402278335
119.59699999999999,-3.8325676632359453
119.598,-3.8290729912867594
119.599,-3.8255764296814858
119.59999999999999,-3.8220779837248511
119.601,-3.8185776587251246
119.602,-3.8150754599941425
119.60299999999999,-3.8115713928473136
119.604,-3.8080654626036567
119.605,-3.8045576745858209
119.60599999999999,-3.8010480341200941
119.607,-3.797536546536449
119.608,-3.7940232171685491
119.60899999999999,-3.7905080513537817
119.61,-3.7869910544332814
119.611,-3.7834722317519534
119.61199999999999,-3.7799515886585002
119.613,-3.7764291305054538
119.614,-3.7729048626491934
119.61499999999999,-3.7693787904499816
119.616,-3.7658509192719878
119.617,-3.7623212544833171
119.61799999999999,-3.7587898014560448
119.619,-3.7552565655662375
119.62,-3.7517215521939873
119.621,-3.7481847667234485
119.622,-3.7446462145428621
119.623,-3.7411059010445866
119.624,-3.7375638316251347
119.625,-3.7340200116852085
119.626,-3.7304744466297235
119.627,-3.7269271418678525
119.628,-3.7233781028130544
119.629,-3.719827334883111
119.63,-3.7162748435001651
119.631,-3.7127206340907488
119.63200000000001,-3.7091647120858307
119.633,-3.7056070829208432
119.634,-3.7020477520357273
119.63500000000001,-3.698486724874968
119.636,-3.6949240068876312
119.637,-3.6913596035274061
119.63800000000001,-3.6877935202526437
119.639,-3.6842257625263954
119.64,-3.6806563358164563
119.64100000000001,-3.6770852455954053
119.642,-3.6735124973406474
119.643,-3.6699380965344508
119.64400000000001,-3.6663620486640021
119.645,-3.662784359221436
119.646,-3.6592050337038833
119.64700000000001,-3.6556240776135231
119.648,-3.6520414964576178
119.649,-3.6484572957485568
119.65000000000001,-3.6448714810039178
119.651,-3.6412840577464927
119.652,-3.637695031504351
119.65300000000001,-3.634104407810872
119.654,-3.6305121922048098
119.655,-3.626918390230327
119.65600000000001,-3.6233230074370493
119.657,-3.6197260493801151
119.658,-3.6161275216202293
119.65900000000001,-3.6125274297236967
119.66,-3.6089257792624974
119.661,-3.6053225758143164
119.66200000000001,-3.6017178249626083
119.663,-3.5981115322966435
119.664,-3.5945037034115632
119.66500000000001,-3.590894343908432
119.666,-3.5872834593942899
119.667,-3.5836710554822071
119.66800000000001,-3.5800571377913437
119.669,-3.5764417119469902
119.67,-3.5728247835806437
119.67100000000001,-3.5692063583300442
119.672,-3.5655864418392458
119.673,-3.5619650397586611
119.67400000000001,-3.5583421577451295
119.675,-3.5547178014619654
119.676,-3.5510919765790261
119.67700000000001,-3.5474646887727594
119.678,-3.5438359437262719
119.679,-3.5402057471293862
119.68000000000001,-3.536574104678694
119.681,-3.5329410220776296
119.682,-3.5293065050365167
119.68300000000001,-3.5256705592726378
119.684,-3.5220331905103004
119.685,-3.518394404480885
119.68600000000001,-3.5147542069229187
119.687,-3.5111126035821343
119.688,-3.5074696002115369
119.68899999999999,-3.5038252025714645
119.69,-3.5001794164296545
119.691,-3.4965322475613005
119.69199999999999,-3.4928837017491325
119.693,-3.4892337847834689
119.694,-3.4855825024622868
119.69499999999999,-3.4819298605912943
119.696,-3.4782758649839849
119.697,-3.4746205214617154
119.69799999999999,-3.4709638358537678
119.699,-3.4673058139974202
119.7,-3.4636464617380138
119.70099999999999,-3.4599857849290183
119.702,-3.4563237894321093
119.703,-3.4526604811172281
119.70399999999999,-3.4489958658626589
119.705,-3.4453299495550951
119.706,-3.4416627380897102
119.70699999999999,-3.4379942373702312
119.708,-3.4343244533090074
119.709,-3.4306533918270814
119.70999999999999,-3.4269810588542642
119.711,-3.4233074603292075
119.712,-3.419632602199473
119.71299999999999,-3.4159564904216055
119.714,-3.412279130961215
119.715,-3.4086005297930351
119.71599999999999,-3.4049206929010136
119.717,-3.4012396262783744
119.718,-3.3975573359276994
119.71899999999999,-3.3938738278610003
119.72,-3.3901891080997979
119.721,-3.3865031826751917
119.72199999999999,-3.3828160576279411
119.723,-3.379127739008541
119.724,-3.3754382328772992
119.72499999999999,-3.3717475453044052
119.726,-3.3680556823700227
119.727,-3.3643626501643569
119.72799999999999,-3.360668454787731
119.729,-3.3569731023506724
119.73,-3.3532765989739861
119.73099999999999,-3.3495789507888314
119.732,-3.3458801639368101
119.733,-3.3421802445700335
119.73399999999999,-3.3384791988512141
119.735,-3.3347770329537334
119.736,-3.3310737530617383
119.73699999999999,-3.3273693653702026
119.738,-3.3236638760850226
119.739,-3.3199572914230906
119.73999999999999,-3.3162496176123808
119.741,-3.3125408608920246
119.742,-3.3088310275124022
119.74299999999999,-3.305120123735211
119.744,-3.3014081558335611
119.745,-3.2976951300920505
119.746,-3.2939810528068496
119.747,-3.2902659302857837
119.748,-3.2865497688484173
119.749,-3.2828325748261356
119.75,-3.2791143545622301
119.751,-3.2753951144119835
119.752,-3.2716748607427464
119.753,-3.2679535999340334
119.754,-3.2642313383775936
119.755,-3.2605080824775099
119.756,-3.2567838386502745
119.75700000000001,-3.2530586133248733
119.758,-3.2493324129428762
119.759,-3.2456052439585177
119.76000000000001,-3.2418771128387873
119.761,-3.2381480260635125
119.762,-3.23441799012544
119.76300000000001,-3.2306870115303346
119.764,-3.2269550967970471
119.765,-3.2232222524576182
119.76600000000001,-3.2194884850573562
119.767,-3.2157538011549209
119.768,-3.2120182073224175
119.76900000000001,-3.2082817101454784
119.77,-3.2045443162233531
119.771,-3.2008060321689928
119.77200000000001,-3.1970668646091402
119.773,-3.1933268201844132
119.774,-3.1895859055493969
119.77500000000001,-3.1858441273727274
119.776,-3.1821014923371789
119.777,-3.1783580071397597
119.77800000000001,-3.174613678491784
119.779,-3.1708685131189775
119.78,-3.1671225177615514
119.78100000000001,-3.1633756991743032
119.782,-3.159628064126689
119.783,-3.1558796194029273
119.78400000000001,-3.1521303718020759
119.785,-3.1483803281381286
119.786,-3.1446294952400966
119.78700000000001,-3.1408778799521002
119.788,-3.1371254891334588
119.789,-3.1333723296587728
119.79000000000001,-3.1296184084180245
119.791,-3.1258637323166485
119.792,-3.1221083082756387
119.79300000000001,-3.1183521432316246
119.794,-3.1145952441369653
119.795,-3.1108376179598345
119.79600000000001,-3.1070792716843116
119.797,-3.1033202123104715
119.798,-3.0995604468544693
119.79900000000001,-3.09579998234863
119.8,-3.0920388258415383
119.801,-3.0882769843981293
119.80200000000001,-3.0845144650997689
119.803,-3.0807512750443511
119.804,-3.0769874213463799
119.80500000000001,-3.0732229111370599
119.806,-3.0694577515643879
119.807,-3.0656919497932376
119.80800000000001,-3.0619255130054408
119.809,-3.0581584483998934
119.81,-3.0543907631926239
119.81100000000001,-3.0506224646168958
119.812,-3.0468535599232847
119.813,-3.0430840563797741
119.81399999999999,-3.0393139612718385
119.815,-3.0355432819025308
119.816,-3.0317720255925735
119.81699999999999,-3.0280001996804442
119.818,-3.0242278115224557
119.819,-3.0204548684928554
119.81999999999999,-3.0166813779839052
119.821,-3.0129073474059669
119.822,-3.009132784187595
119.82299999999999,-3.0053576957756141
119.824,-3.0015820896352117
119.825,-2.99780597325003
119.82599999999999,-2.9940293541222336
119.827,-2.9902522397726177
119.828,-2.9864746377406735
119.82899999999999,-2.9826965555846896
119.83,-2.978918000881829
119.831,-2.9751389812282136
119.83199999999999,-2.9713595042390151
119.833,-2.9675795775485345
119.834,-2.9637992088102862
119.83499999999999,-2.9600184056970886
119.836,-2.9562371759011414
119.837,-2.9524555271341111
119.83799999999999,-2.9486734671272181
119.839,-2.9448910036313172
119.84,-2.9411081444169778
119.84099999999999,-2.9373248972745771
119.842,-2.9335412700143668
119.843,-2.9297572704665726
119.84399999999999,-2.9259729064814652
119.845,-2.9221881859294441
119.846,-2.9184031167011231
119.84699999999999,-2.9146177067074079
119.848,-2.9108319638795765
119.849,-2.9070458961693664
119.84999999999999,-2.9032595115490443
119.851,-2.8994728180114988
119.852,-2.8956858235703087
119.85299999999999,-2.8918985362598311
119.854,-2.8881109641352762
119.855,-2.8843231152727875
119.85599999999999,-2.8805349977695172
119.857,-2.8767466197437157
119.858,-2.8729579893347901
119.85899999999999,-2.8691691147034022
119.86,-2.8653800040315311
119.861,-2.8615906655225589
119.86199999999999,-2.8578011074013414
119.863,-2.854011337914288
119.864,-2.8502213653294324
119.86499999999999,-2.8464311979365191
119.866,-2.8426408440470627
119.867,-2.8388503119944355
119.86799999999999,-2.8350596101339356
119.869,-2.8312687468428615
119.87,-2.8274777305205863
119.871,-2.8236865695886322
119.872,-2.8198952724907373
119.873,-2.8161038476929354
119.874,-2.8123123036836222
119.875,-2.8085206489736283
119.876,-2.8047288920962905
119.877,-2.8009370416075199
119.878,-2.7971451060858779
119.879,-2.793353094132637
119.88,-2.789561014371857
119.881,-2.7857688754504495
119.88200000000001,-2.7819766860382478
119.883,-2.7781844548280739
119.884,-2.7743921905358047
119.88500000000001,-2.7705999019004399
119.886,-2.7668075976841711
119.887,-2.7630152866724376
119.88800000000001,-2.759222977674002
119.889,-2.7554306795210111
119.89,-2.7516384010690578
119.89100000000001,-2.7478461511972472
119.892,-2.7440539388082601
119.893,-2.7402617728284091
119.89400000000001,-2.7364696622077154
119.895,-2.7326776159199477
119.896,-2.7288856429627071
119.89700000000001,-2.7250937523574681
119.898,-2.7213019531496507
119.899,-2.7175102544086749
119.90000000000001,-2.7137186652280167
119.901,-2.7099271947252688
119.902,-2.7061358520422023
119.90300000000001,-2.7023446463448146
119.904,-2.6985535868233925
119.905,-2.6947626826925641
119.90600000000001,-2.6909719431913559
119.907,-2.6871813775832476
119.908,-2.683390995156226
119.90900000000001,-2.6796008052228291
119.91,-2.6758108171202175
119.911,-2.6720210402102071
119.91200000000001,-2.6682314838793322
119.913,-2.664442157538891
119.914,-2.6606530706249969
119.91500000000001,-2.6568642325986294
119.916,-2.6530756529456809
119.917,-2.6492873411770015
119.91800000000001,-2.6454993068284565
119.919,-2.6417115594609597
119.92,-2.637924108660529
119.92100000000001,-2.6341369640383285
119.922,-2.630350135230715
119.923,-2.6265636318992764
119.92400000000001,-2.6227774637308796
119.925,-2.6189916404377134
119.926,-2.6152061717573307
119.92700000000001,-2.6114210674526812
119.928,-2.6076363373121647
119.929,-2.6038519911496594
119.93000000000001,-2.6000680388045714
119.931,-2.5962844901418594
119.932,-2.5925013550520872
119.93300000000001,-2.5887186434514442
119.934,-2.5849363652818007
119.935,-2.5811545305107222
119.93600000000001,-2.577373149131521
119.937,-2.5735922311632766
119.938,-2.5698117866508801
119.93899999999999,-2.5660318256650556
119.94,-2.5622523583024011
119.941,-2.5584733946854112
119.94199999999999,-2.5546949449625123
119.943,-2.5509170193080868
119.944,-2.5471396279225083
119.94499999999999,-2.5433627810321568
119.946,-2.5395864888894613
119.947,-2.5358107617729093
119.94799999999999,-2.5320356099870853
119.949,-2.5282610438626834
119.95,-2.524487073756541
119.95099999999999,-2.5207137100516523
119.952,-2.516940963157194
119.953,-2.5131688435085491
119.95399999999999,-2.5093973615673173
119.955,-2.5056265278213461
119.956,-2.5018563527847402
119.95699999999999,-2.4980868469978788
119.958,-2.4943180210274409
119.959,-2.4905498854664092
119.95999999999999,-2.4867824509340921
119.961,-2.4830157280761345
119.962,-2.4792497275645347
119.96299999999999,-2.4754844600976522
119.964,-2.4717199364002194
119.965,-2.4679561672233508
119.96599999999999,-2.4641931633445631
119.967,-2.4604309355677629
119.968,-2.4566694947232768
119.96899999999999,-2.4529088516678392
119.97,-2.4491490172846131
119.971,-2.4453900024831823
119.97199999999999,-2.44163181819957
119.973,-2.4378744753962209
119.974,-2.4341179850620249
119.97499999999999,-2.4303623582123053
119.976,-2.4266076058888224
119.977,-2.4228537391597724
119.97799999999999,-2.4191007691197877
119.979,-2.4153487068899295
119.98,-2.4115975636176921
119.98099999999999,-2.4078473504769868
119.982,-2.4040980786681505
119.983,-2.4003497594179244
119.98399999999999,-2.3966024039794598
119.985,-2.3928560236322993
119.986,-2.389110629682377
119.98699999999999,-2.3853662334619985
119.988,-2.3816228463298352
119.989,-2.3778804796709103
119.98999999999999,-2.3741391448965885
119.991,-2.3703988534445575
119.992,-2.3666596167788154
119.99299999999999,-2.3629214463896493
119.994,-2.3591843537936263
119.995,-2.3554483505335706
119.996,-2.3517134481785424
119.997,-2.3479796583238208
119.998,-2.344246992590882
119.999,-2.3405154626273732
120,-2.3367850801070986
120.001,-2.3330558567299788
120.002,-2.3293278042220447
120.003,-2.3256009343353932
120.004,-2.3218752588481775
120.005,-2.318150789564561
120.006,-2.3144275383146988
120.00700000000001,-2.3107055169547017
120.008,-2.3069847373666108
120.009,-2.3032652114583607
120.01000000000001,-2.299546951163741
120.011,-2.2958299684423693
120.012,-2.2921142752796553
120.01300000000001,-2.2883998836867567
120.014,-2.2846868057005487
120.015,-2.2809750533835764
120.01600000000001,-2.277264638824029
120.017,-2.2735555741356821
120.018,-2.2698478714578649
120.01900000000001,-2.2661415429554159
120.02,-2.2624366008186394
120.021,-2.2587330572632562
120.02200000000001,-2.2550309245303577
120.023,-2.2513302148863614
120.024,-2.2476309406229613
120.02500000000001,-2.243933114057076
120.026,-2.2402367475308007
120.027,-2.2365418534113504
120.02800000000001,-2.2328484440910166
120.029,-2.2291565319870976
120.03,-2.2254661295418607
120.03100000000001,-2.2217772492224697
120.032,-2.2180899035209425
120.033,-2.2144041049540846
120.03400000000001,-2.210719866063422
120.035,-2.2070371994151561
120.036,-2.2033561176000949
120.03700000000001,-2.1996766332335858
120.038,-2.1959987589554553
120.039,-2.1923225074299437
120.04000000000001,-2.1886478913456435
120.041,-2.1849749234154232
120.042,-2.1813036163763604
120.04300000000001,-2.1776339829896774
120.044,-2.173966036040671
120.045,-2.1702997883386344
120.04600000000001,-2.1666352527167865
120.047,-2.162972442032193
120.048,-2.1593113691657098
120.04900000000001,-2.1556520470218836
120.05,-2.151994488528886
120.051,-2.1483387066384321
120.05200000000001,-2.1446847143257073
120.053,-2.1410325245892743
120.054,-2.1373821504510016
120.05500000000001,-2.1337336049559728
120.056,-2.1300869011724108
120.057,-2.1264420521915861
120.05799999999999,-2.1227990711277305
120.059,-2.1191579711179491
120.06,-2.1155187653221388
120.06100000000001,-2.1118814669228887
120.062,-2.1082460891253927
120.063,-2.1046126451573604
120.06399999999999,-2.1009811482689207
120.065,-2.0973516117325266
120.066,-2.093724048842863
120.06700000000001,-2.0900984729167429
120.068,-2.0864748972930216
120.069,-2.0828533353324858
120.06999999999999,-2.07923380041776
120.071,-2.0756163059532011
120.072,-2.0720008653648043
120.07299999999999,-2.0683874921000878
120.074,-2.0647761996279974
120.075,-2.0611670014387937
120.07599999999999,-2.0575599110439566
120.077,-2.0539549419760608
120.078,-2.0503521077886795
120.07899999999999,-2.0467514220562673
120.08,-2.0431528983740583
120.081,-2.0395565503579398
120.08199999999999,-2.035962391644345
120.083,-2.0323704358901407
120.084,-2.0287806967725088
120.08499999999999,-2.0251931879888314
120.086,-2.0216079232565662
120.087,-2.0180249163131321
120.08799999999999,-2.0144441809157909
120.089,-2.0108657308415223
120.09,-2.007289579886899
120.09099999999999,-2.0037157418679641
120.092,-2.0001442306201129
120.093,-1.9965750599979568
120.09399999999999,-1.9930082438752024
120.095,-1.9894437961445153
120.096,-1.9858817307174061
120.09699999999999,-1.9823220615240831
120.098,-1.9787648025133273
120.099,-1.97520996765236
120.09999999999999,-1.9716575709267139
120.101,-1.9681076263400832
120.102,-1.9645601479142041
120.10299999999999,-1.9610151496887029
120.104,-1.9574726457209737
120.105,-1.9539326500860215
120.10599999999999,-1.9503951768763312
120.107,-1.9468602402017261
120.108,-1.943327854189226
120.10899999999999,-1.9397980329828917
120.11,-1.9362707907436971
120.111,-1.9327461416493676
120.11199999999999,-1.9292240998942467
120.113,-1.9257046796891353
120.114,-1.9221878952611489
120.11499999999999,-1.9186737608535629
120.116,-1.9151622907256716
120.117,-1.9116534991526173
120.11799999999999,-1.9081474004252534
120.119,-1.9046440088499783
120.12,-1.9011433387485877
120.121,-1.8976454044581135
120.122,-1.8941502203306593
120.123,-1.8906578007332522
120.124,-1.88716816004768
120.125,-1.8836813126703249
120.126,-1.8801972730120027
120.127,-1.8767160554978015
120.128,-1.8732376745669139
120.129,-1.869762144672479
120.13,-1.8662894802814054
120.131,-1.8628196958742076
120.13200000000001,-1.8593528059448401
120.133,-1.855888825000525
120.134,-1.8524277675615819
120.13500000000001,-1.8489696481612525
120.136,-1.8455144813455315
120.137,-1.8420622816729955
120.13800000000001,-1.838613063714619
120.139,-1.8351668420536082
120.14,-1.8317236312852097
120.14100000000001,-1.8282834460165578
120.142,-1.8248463008664646
120.143,-1.821412210465263
120.14400000000001,-1.8179811894546107
120.145,-1.8145532524873245
120.146,-1.8111284142271757
120.14700000000001,-1.807706689348727
120.148,-1.804288092537127
120.149,-1.8008726384879492
120.15000000000001,-1.7974603419069801
120.151,-1.7940512175100416
120.152,-1.7906452800228045
120.15300000000001,-1.787242544180597
120.154,-1.7838430247282093
120.155,-1.7804467364197043
120.15600000000001,-1.7770536940182242
120.157,-1.773663912295802
120.158,-1.7702774060331565
120.15900000000001,-1.7668941900195025
120.16,-1.7635142790523526
120.161,-1.7601376879373225
120.16200000000001,-1.756764431487928
120.163,-1.7533945245253837
120.164,-1.7500279818784081
120.16500000000001,-1.7466648183830218
120.166,-1.7433050488823416
120.167,-1.7399486882263742
120.16800000000001,-1.736595751271818
120.169,-1.7332462528818602
120.17,-1.7299002079259611
120.17100000000001,-1.7265576312796536
120.172,-1.7232185378243337
120.173,-1.7198829424470543
120.17400000000001,-1.7165508600403099
120.175,-1.7132223055018336
120.176,-1.7098972937343726
120.17700000000001,-1.706575839645498
120.178,-1.7032579581473661
120.179,-1.6999436641565238
120.18000000000001,-1.6966329725936773
120.181,-1.6933258983835016
120.182,-1.6900224564543902
120.18299999999999,-1.6867226617382651
120.184,-1.6834265291703439
120.185,-1.6801340736889312
120.18600000000001,-1.6768453102351852
120.187,-1.6735602537529095
120.188,-1.6702789191883243
120.18899999999999,-1.6670013214898458
120.19,-1.6637274756078662
120.191,-1.6604573964945244
120.19200000000001,-1.6571910991034793
120.193,-1.6539285983896992
120.194,-1.6506699093092148
120.19499999999999,-1.647415046818907
120.196,-1.6441640258762704
120.197,-1.6409168614391931
120.19799999999999,-1.6376735684657171
120.199,-1.6344341619138198
120.2,-1.6311986567411654
120.20099999999999,-1.6279670679048976
120.202,-1.6247394103613848
120.203,-1.6215156990660016
120.20399999999999,-1.6182959489728805
120.205,-1.615080175034699
120.206,-1.6118683922024224
120.20699999999999,-1.6086606154250784
120.208,-1.6054568596495193
120.209,-1.6022571398201886
120.20999999999999,-1.5990614708788713
120.211,-1.5958698677644669
120.212,-1.5926823454127406
120.21299999999999,-1.5894989187560946
120.214,-1.5863196027233175
120.215,-1.5831444122393452
120.21599999999999,-1.5799733622250174
120.217,-1.5768064675968443
120.218,-1.5736437432667483
120.21899999999999,-1.5704852041418342
120.22,-1.5673308651241324
120.221,-1.5641807411103628
120.22199999999999,-1.5610348469916868
120.223,-1.5578931976534567
120.224,-1.5547558079749724
120.22499999999999,-1.5516226928292345
120.226,-1.5484938670826938
120.227,-1.5453693455950055
120.22799999999999,-1.5422491432187697
120.229,-1.5391332747993012
120.23,-1.5360217551743593
120.23099999999999,-1.5329145991739086
120.232,-1.5298118216198606
120.233,-1.5267134373258306
120.23399999999999,-1.5236194610968723
120.235,-1.5205299077292374
120.236,-1.5174447920101115
120.23699999999999,-1.5143641287173684
120.238,-1.5112879326193123
120.239,-1.5082162184744212
120.23999999999999,-1.5051490010310875
120.241,-1.5020862950273766
120.242,-1.4990281151907539
120.24299999999999,-1.4959744762378366
120.244,-1.4929253928741297
120.245,-1.4898808797937821
120.246,-1.4868409516793113
120.247,-1.4838056232013526
120.248,-1.4807749090184017
120.249,-1.4777488237765533
120.25,-1.4747273821092395
120.251,-1.4717105986369692
120.252,-1.4686984879670719
120.253,-1.4656910646934285
120.254,-1.4626883433962221
120.255,-1.459690338641662
120.256,-1.4566970649817306
120.25700000000001,-1.4537085369539173
120.258,-1.4507247690809568
120.259,-1.4477457758705672
120.26000000000001,-1.4447715718151819
120.261,-1.4418021713916891
120.262,-1.4388375890611678
120.26300000000001,-1.4358778392686222
120.264,-1.4329229364427152
120.265,-1.429972894995504
120.26600000000001,-1.4270277293221796
120.267,-1.4240874538007948
120.268,-1.4211520827920006
120.26900000000001,-1.4182216306387758
120.27,-1.4152961116661738
120.271,-1.4123755401810354
120.27200000000001,-1.4094599304717426
120.273,-1.4065492968079343
120.274,-1.4036436534402517
120.27500000000001,-1.4007430146000626
120.276,-1.3978473944991989
120.277,-1.394956807329679
120.27800000000001,-1.3920712672634581
120.279,-1.3891907884521393
120.28,-1.386315385026718
120.28100000000001,-1.3834450710973043
120.282,-1.3805798607528696
120.283,-1.3777197680609565
120.28400000000001,-1.3748648070674279
120.285,-1.3720149917961837
120.286,-1.3691703362489045
120.28700000000001,-1.3663308544047705
120.288,-1.3634965602202005
120.289,-1.3606674676285764
120.29000000000001,-1.3578435905399771
120.291,-1.3550249428409089
120.292,-1.3522115383940307
120.29300000000001,-1.3494033910378886
120.294,-1.346600514586648
120.295,-1.3438029228298161
120.29600000000001,-1.3410106295319761
120.297,-1.3382236484325205
120.298,-1.3354419932453774
120.29900000000001,-1.3326656776587376
120.3,-1.3298947153347891
120.301,-1.3271291199094428
120.30200000000001,-1.3243689049920699
120.303,-1.3216140841652255
120.304,-1.318864670984375
120.30500000000001,-1.3161206789776347
120.306,-1.3133821216454955
120.307,-1.310649012460553
120.30799999999999,-1.3079213648672359
120.309,-1.3051991922815418
120.31,-1.3024825080907674
120.31100000000001,-1.2997713256532297
120.312,-1.2970656582980091
120.313,-1.2943655193246715
120.31399999999999,-1.2916709220030003
120.315,-1.288981879572733
120.316,-1.2862984052432844
120.31700000000001,-1.2836205121934838
120.318,-1.2809482135713022
120.319,-1.2782815224935895
120.31999999999999,-1.2756204520457997
120.321,-1.2729650152817218
120.322,-1.2703152252232255
120.32299999999999,-1.2676710948599761
120.324,-1.2650326371491782
120.325,-1.2623998650153023
120.32599999999999,-1.2597727913498251
120.327,-1.2571514290109551
120.328,-1.254535790823369
120.32899999999999,-1.2519258895779448
120.33,-1.2493217380314996
120.331,-1.2467233489065177
120.33199999999999,-1.2441307348908905
120.333,-1.241543908637645
120.334,-1.2389628827646908
120.33499999999999,-1.2363876698545389
120.336,-1.2338182824540529
120.337,-1.2312547330741728
120.33799999999999,-1.2286970341896613
120.339,-1.2261451982388352
120.34,-1.2235992376233027
120.34099999999999,-1.2210591647076996
120.342,-1.2185249918194361
120.343,-1.2159967312484214
120.34399999999999,-1.2134743952468112
120.345,-1.2109579960287453
120.346,-1.2084475457700852
120.34699999999999,-1.2059430566081544
120.348,-1.203444540641482
120.349,-1.2009520099295343
120.34999999999999,-1.1984654764924707
120.351,-1.1959849523108699
120.352,-1.1935104493254789
120.35299999999999,-1.1910419794369587
120.354,-1.1885795545056221
120.355,-1.1861231863511776
120.35599999999999,-1.1836728867524735
120.357,-1.1812286674472461
120.358,-1.1787905401318608
120.35899999999999,-1.1763585164610557
120.36,-1.1739326080476953
120.361,-1.1715128264625057
120.36199999999999,-1.1690991832338331
120.363,-1.1666916898473834
120.364,-1.1642903577459742
120.36499999999999,-1.1618951983292805
120.366,-1.159506222953588
120.367,-1.1571234429315396
120.36799999999999,-1.1547468695318897
120.369,-1.1523765139792461
120.37,-1.1500123874538368
120.371,-1.1476545010912464
120.372,-1.1453028659821798
120.373,-1.1429574931722131
120.374,-1.1406183936615444
120.375,-1.1382855784047525
120.376,-1.1359590583105521
120.377,-1.1336388442415464
120.378,-1.1313249470139886
120.379,-1.1290173773975385
120.38,-1.1267161461150168
120.381,-1.1244212638421698
120.38200000000001,-1.1221327412074218
120.383,-1.1198505887916468
120.384,-1.1175748171279158
120.38500000000001,-1.1153054367012711
120.386,-1.113042457948477
120.387,-1.110785891257799
120.38800000000001,-1.1085357469687476
120.389,-1.1062920353718617
120.39,-1.1040547667084637
120.39100000000001,-1.101823951170428
120.392,-1.0995995988999523
120.393,-1.0973817199893192
120.39400000000001,-1.0951703244806679
120.395,-1.0929654223657679
120.396,-1.0907670235857823
120.39700000000001,-1.0885751380310422
120.398,-1.0863897755408214
120.399,-1.0842109459031097
120.40000000000001,-1.0820386588543789
120.401,-1.0798729240793652
120.402,-1.0777137512108443
120.40300000000001,-1.0755611498294033
120.404,-1.0734151294632255
120.405,-1.0712756995878592
120.40600000000001,-1.0691428696260035
120.407,-1.0670166489472901
120.408,-1.0648970468680574
120.40900000000001,-1.0627840726511359
120.41,-1.0606777355056354
120.411,-1.0585780445867208
120.41200000000001,-1.056485008995403
120.413,-1.0543986377783205
120.414,-1.0523189399275297
120.41500000000001,-1.0502459243802915
120.416,-1.0481796000188592
120.417,-1.0461199756702659
120.41800000000001,-1.0440670601061228
120.419,-1.0420208620424007
120.42,-1.0399813901392316
120.42100000000001,-1.0379486530006956
120.422,-1.0359226591746205
120.423,-1.0339034171523762
120.42400000000001,-1.0318909353686705
120.425,-1.0298852222013448
120.426,-1.0278862859711793
120.42700000000001,-1.0258941349416868
120.428,-1.0239087773189188
120.429,-1.0219302212512626
120.43000000000001,-1.0199584748292478
120.431,-1.0179935460853491
120.432,-1.016035442993795
120.43299999999999,-1.0140841734703674
120.434,-1.0121397453722167
120.435,-1.0102021664976677
120.43600000000001,-1.0082714445860244
120.437,-1.0063475873173915
120.438,-1.0044306023124756
120.43899999999999,-1.0025204971324062
120.44,-1.0006172792785477
120.441,-0.99872095619231382
120.44200000000001,-0.9968315352549828
120.443,-0.99494902378752359
120.444,-0.99307342905040352
120.44499999999999,-0.99120475824341581
120.446,-0.98934301850550055
120.447,-0.98748821691456357
120.44799999999999,-0.98564036048730852
120.449,-0.98379945617904929
120.45,-0.98196551088354855
120.45099999999999,-0.98013853143283725
120.452,-0.97831852459704827
120.453,-0.97650549708424239
120.45399999999999,-0.9746994555402424
120.455,-0.97290040654846832
120.456,-0.97110835662976225
120.45699999999999,-0.96932331224222956
120.458,-0.96754527978107752
120.459,-0.9657742655784487
120.45999999999999,-0.96401027590325961
120.461,-0.96225331696104055
120.462,-0.96050339489378067
120.46299999999999,-0.95876051577977206
120.464,-0.95702468563344301
120.465,-0.95529591040521211
120.46599999999999,-0.95357419598133797
120.467,-0.95185954818375906
120.468,-0.95015197276994612
120.46899999999999,-0.94845147543275332
120.47,-0.94675806180027067
120.471,-0.94507173743567541
120.47199999999999,-0.94339250783709083
120.473,-0.94172037843743572
120.474,-0.9400553546042838
120.47499999999999,-0.93839744163972849
120.476,-0.9367466447802375
120.477,-0.93510296919651292
120.47799999999999,-0.933466419993354
120.479,-0.93183700220953147
120.48,-0.93021472081763745
120.48099999999999,-0.9285995807239642
120.482,-0.92699158676836513
120.483,-0.92539074372413666
120.48399999999999,-0.92379705629786724
120.485,-0.92221052912933388
120.486,-0.9206311667913627
120.48699999999999,-0.91905897378970769
120.488,-0.91749395456292526
120.489,-0.91593611348225878
120.48999999999999,-0.91438545485150846
120.491,-0.91284198290692697
120.492,-0.91130570181708359
120.49299999999999,-0.90977661568276535
120.494,-0.90825472853685008
120.495,-0.9067400443442033
120.496,-0.90523256700156018
120.497,-0.90373230033741603
120.498,-0.90223924811192013
120.499,-0.90075341401676878
120.5,-0.89927480167509621
120.501,-0.89780341464137448
120.502,-0.89633925640130507
120.503,-0.89488233037172638
120.504,-0.89343263990050681
120.505,-0.89199018826644783
120.506,-0.89055497867919242
120.50700000000001,-0.88912701427912055
120.508,-0.88770629813726631
120.509,-0.88629283325521424
120.51000000000001,-0.88488662256502093
120.511,-0.88348766892911401
120.512,-0.88209597514021643
120.51300000000001,-0.88071154392124829
120.514,-0.87933437792525027
120.515,-0.87796447973530056
120.51600000000001,-0.87660185186442963
120.517,-0.87524649675554245
120.518,-0.87389841678133817
120.51900000000001,-0.8725576142442375
120.52,-0.87122409137630585
120.521,-0.86989785033917255
120.52200000000001,-0.86857889322397042
120.523,-0.86726722205125828
120.524,-0.86596283877095082
120.52500000000001,-0.8646657452622557
120.526,-0.86337594333360324
120.527,-0.86209343472258548
120.52800000000001,-0.86081822109589323
120.529,-0.85955030404924915
120.53,-0.8582896851073587
120.53100000000001,-0.85703636572383979
120.532,-0.85579034728117542
120.533,-0.85455163109065868
120.53400000000001,-0.85332021839232985
120.535,-0.85209611035493915
120.536,-0.85087930807588408
120.53700000000001,-0.84966981258116525
120.538,-0.84846762482534266
120.539,-0.84727274569148503
120.54000000000001,-0.84608517599113098
120.541,-0.84490491646424615
120.542,-0.84373196777917481
120.54300000000001,-0.8425663305326121
120.544,-0.84140800524956205
120.545,-0.84025699238329876
120.54600000000001,-0.83911329231533816
120.547,-0.83797690535540115
120.548,-0.83684783174138122
120.54900000000001,-0.83572607163932355
120.55,-0.83461162514338705
120.551,-0.83350449227582679
120.55200000000001,-0.8324046729869643
120.553,-0.83131216715516376
120.554,-0.83022697458681671
120.55500000000001,-0.82914909501631806
120.556,-0.82807852810605009
120.557,-0.82701527344636383
120.55799999999999,-0.82595933055556703
120.559,-0.82491069887990776
120.56,-0.82386937779356839
120.56100000000001,-0.82283536659864964
120.562,-0.82180866452516632
120.563,-0.82078927073103891
120.56399999999999,-0.81977718430209001
120.565,-0.81877240425204123
120.566,-0.81777492952250586
120.56700000000001,-0.81678475898299907
120.568,-0.81580189143093418
120.569,-0.81482632559161927
120.56999999999999,-0.81385806011827699
120.571,-0.81289709359203322
120.572,-0.81194342452194079
120.57299999999999,-0.81099705134498223
120.574,-0.81005797242607813
120.575,-0.80912618605810849
120.57599999999999,-0.80820169046191603
120.577,-0.80728448378633666
120.578,-0.80637456410820429
120.57899999999999,-0.80547192943237556
120.58,-0.80457657769175284
120.581,-0.80368850674730585
120.58199999999999,-0.80280771438809229
120.583,-0.80193419833129043
120.584,-0.80106795622222005
120.58499999999999,-0.80020898563437814
120.586,-0.79935728406946316
120.587,-0.79851284895741359
120.58799999999999,-0.79767567765643932
120.589,-0.79684576745305491
120.59,-0.79602311556212002
120.59099999999999,-0.79520771912688248
120.592,-0.79439957521901139
120.593,-0.7935986808386386
120.59399999999999,-0.79280503291441473
120.595,-0.79201862830353686
120.596,-0.79123946379181231
120.59699999999999,-0.79046753609369813
120.598,-0.78970284185235218
120.599,-0.78894537763968642
120.59999999999999,-0.78819513995642265
120.601,-0.7874521252321407
120.602,-0.786716329825347
120.60299999999999,-0.78598775002351706
120.604,-0.78526638204317201
120.605,-0.78455222202992747
120.60599999999999,-0.78384526605856331
120.607,-0.78314551013308664
120.608,-0.7824529501867985
120.60899999999999,-0.78176758208236108
120.61,-0.78108940161186791
120.611,-0.78041840449691602
120.61199999999999,-0.77975458638867323
120.613,-0.77909794286796474
120.614,-0.77844846944533175
120.61499999999999,-0.7778061615611247
120.616,-0.77717101458557569
120.617,-0.77654302381887241
120.61799999999999,-0.77592218449125827
120.619,-0.77530849176309613
120.62,-0.77470194072496557
120.621,-0.77410252639775035
120.622,-0.77351024373271482
120.623,-0.77292508761161294
120.624,-0.77234705284676486
120.625,-0.77177613418115154
120.626,-0.77121232628851777
120.627,-0.77065562377346142
120.628,-0.77010602117153293
120.629,-0.76956351294933611
120.63,-0.7690280935046252
120.631,-0.76849975716641539
120.63200000000001,-0.7679784981950728
120.633,-0.76746431078243771
120.634,-0.76695718905191534
120.63500000000001,-0.76645712705859559
120.636,-0.76596411878935755
120.637,-0.76547815816298015
120.63800000000001,-0.76499923903026246
120.639,-0.76452735517413117
120.64,-0.76406250030975587
120.64100000000001,-0.76360466808467398
120.642,-0.76315385207890496
120.643,-0.76271004580506929
120.64400000000001,-0.76227324270851571
120.645,-0.76184343616743844
120.646,-0.76142061949300932
120.64700000000001,-0.76100478592949861
120.648,-0.76059592865440573
120.649,-0.76019404077858788
120.65000000000001,-0.75979911534639233
120.651,-0.75941114533578613
120.652,-0.75903012365849465
120.65300000000001,-0.75865604316013191
120.654,-0.75828889662033783
120.655,-0.75792867675292164
120.65600000000001,-0.75757537620599491
120.657,-0.75722898756211565
120.658,-0.75688950333843552
120.65900000000001,-0.75655691598683394
120.66,-0.75623121789406977
120.661,-0.75591240138193072
120.66200000000001,-0.7556004587073728
120.663,-0.7552953820626791
120.664,-0.75499716357560431
120.66500000000001,-0.75470579530953019
120.666,-0.75442126926361985
120.667,-0.75414357737297055
120.66800000000001,-0.75387271150877622
120.669,-0.75360866347847266
120.67,-0.75335142502591212
120.67100000000001,-0.75310098783151647
120.672,-0.75285734351243594
120.673,-0.75262048362272016
120.67400000000001,-0.75239039965347776
120.675,-0.75216708303304447
120.676,-0.75195052512715144
120.67700000000001,-0.75174071723909242
120.678,-0.75153765060989208
120.679,-0.75134131641848212
120.68000000000001,-0.75115170578187351
120.681,-0.75096880975532376
120.682,-0.75079261933252361
120.68299999999999,-0.75062312544576137
120.684,-0.75046031896611187
120.685,-0.75030419070361143
120.68600000000001,-0.75015473140743505
120.687,-0.75001193176608227
120.688,-0.74987578240756059
120.68899999999999,-0.74974627389956949
120.69,-0.74962339674968304
120.691,-0.74950714140554298
120.69200000000001,-0.7493974982550391
120.693,-0.74929445762650748
120.694,-0.74919800978890949
120.69499999999999,-0.74910814495204159
120.696,-0.74902485326670609
120.697,-0.74894812482492634
120.69799999999999,-0.74887794966012899
120.699,-0.74881431774734408
120.7,-0.74875721900340531
120.70099999999999,-0.7487066432871492
120.702,-0.74866258039961342
120.703,-0.74862502008423748
120.70399999999999,-0.74859395202706702
120.705,-0.74856936585696077
120.706,-0.74855125114578969
120.70699999999999,-0.74853959740864728
120.708,-0.74853439410405653
120.709,-0.74853563063417705
120.70999999999999,-0.74854329634501382
120.711,-0.74855738052663212
120.712,-0.74857787241336848
120.71299999999999,-0.7486047611840343
120.714,-0.74863803596214784
120.715,-0.74867768581613325
120.71599999999999,-0.74872369975954411
120.717,-0.74877606675128372
120.718,-0.74883477569581136
120.71899999999999,-0.74889981544338124
120.72,-0.74897117479024145
120.721,-0.74904884247887438
120.72199999999999,-0.74913280719820841
120.723,-0.74922305758384566
120.724,-0.74931958221828321
120.72499999999999,-0.74942236963114683
120.726,-0.74953140829940823
120.727,-0.74964668664761858
120.72799999999999,-0.74976819304813835
120.729,-0.74989591582136517
120.73,-0.75002984323596356
120.73099999999999,-0.75016996350909615
120.732,-0.75031626480666569
120.733,-0.75046873524353641
120.73399999999999,-0.75062736288377119
120.735,-0.75079213574087955
120.736,-0.75096304177803752
120.73699999999999,-0.75114006890833696
120.738,-0.75132320499502292
120.739,-0.75151243785172017
120.73999999999999,-0.7517077552426974
120.741,-0.75190914488308769
120.742,-0.75211659443913992
120.74299999999999,-0.75233009152845987
120.744,-0.75254962372025647
120.745,-0.75277517853558429
120.746,-0.75300674344759178
120.747,-0.75324430588176172
120.748,-0.75348785321617151
120.749,-0.75373737278172714
120.75,-0.75399285186242193
120.751,-0.7542542776955814
120.752,-0.75452163747211798
120.753,-0.75479491833678347
120.754,-0.75507410738841485
120.755,-0.75535919168019361
120.756,-0.75565015821989912
120.75700000000001,-0.75594699397016418
120.758,-0.75624968584872465
120.759,-0.75655822072868562
120.76000000000001,-0.75687258543876945
120.761,-0.75719276676358405
120.762,-0.7575187514438686
120.76300000000001,-0.7578505261767623
120.764,-0.75818807761606655
120.765,-0.75853139237249367
120.76600000000001,-0.75888045701394358
120.767,-0.75923525806575487
120.768,-0.75959578201097377
120.76900000000001,-0.7599620152906168
120.77,-0.76033394430393209
120.771,-0.76071155540866897
120.77200000000001,-0.76109483492134156
120.773,-0.76148376911749405
120.774,-0.76187834423196987
120.77500000000001,-0.76227854645917814
120.776,-0.76268436195336364
120.777,-0.76309577682887308
120.77800000000001,-0.76351277716042754
120.779,-0.76393534898338999
120.78,-0.7643634782940365
120.78100000000001,-0.76479715104983303
120.782,-0.76523635316969685
120.783,-0.76568107053427936
120.78400000000001,-0.7661312889862304
120.785,-0.76658699433048327
120.786,-0.76704817233451461
120.78700000000001,-0.76751480872863032
120.788,-0.76798688920623825
120.789,-0.76846439942411759
120.79000000000001,-0.76894732500270546
120.791,-0.7694356515263685
120.792,-0.769929364543674
120.79300000000001,-0.7704284495676812
120.794,-0.77093289207620774
120.795,-0.77144267751211415
120.79600000000001,-0.77195779128358466
120.797,-0.7724782187643997
120.798,-0.77300394529422056
120.79900000000001,-0.7735349561788718
120.8,-0.77407123669061928
120.801,-0.77461277206845125
120.80200000000001,-0.77515954751836569
120.803,-0.7757115482136403
120.804,-0.77626875929512917
120.80500000000001,-0.77683116587153589
120.806,-0.77739875301970152
120.807,-0.7779715057848875
120.80799999999999,-0.77854940918105986
120.809,-0.77913244819117122
120.81,-0.779720607767449
120.81100000000001,-0.78031387283167764
120.812,-0.78091222827548834
120.813,-0.78151565896063779
120.81399999999999,-0.78212414971930055
120.815,-0.78273768535435462
120.816,-0.78335625063966163
120.81700000000001,-0.78397983032036356
120.818,-0.78460840911316398
120.819,-0.7852419717066137
120.81999999999999,-0.78588050276140708
120.821,-0.78652398691065728
120.822,-0.78717240876019723
120.82299999999999,-0.78782575288885637
120.824,-0.78848400384876394
120.825,-0.78914714616561876
120.82599999999999,-0.78981516433899834
120.827,-0.79048804284262819
120.828,-0.79116576612469269
120.82899999999999,-0.79184831860810512
120.83,-0.79253568469080826
120.831,-0.793227848746064
120.83199999999999,-0.79392479512273795
120.833,-0.79462650814559566
120.834,-0.79533297211558884
120.83499999999999,-0.79604417131015026
120.836,-0.7967600899834768
120.837,-0.79748071236682971
120.83799999999999,-0.79820602266881635
120.839,-0.79893600507569085
120.84,-0.79967064375163477
120.84099999999999,-0.8004099228390571
120.842,-0.80115382645887756
120.843,-0.80190233871082439
120.84399999999999,-0.80265544367372299
120.845,-0.8034131254057868
120.846,-0.80417536794490685
120.84699999999999,-0.80494215530895064
120.848,-0.80571347149604322
120.849,-0.80648930048486522
120.84999999999999,-0.80726962623494436
120.851,-0.80805443268693966
120.852,-0.8088437037629459
120.85299999999999,-0.80963742336677158
120.854,-0.81043557538423716
120.855,-0.81123814368346547
120.85599999999999,-0.8120451121151735
120.857,-0.81285646451296234
120.858,-0.81367218469360636
120.85899999999999,-0.81449225645734624
120.86,-0.81531666358818367
120.861,-0.81614538985416507
120.86199999999999,-0.81697841900767543
120.863,-0.81781573478573311
120.864,-0.81865732091027144
120.86499999999999,-0.81950316108843535
120.866,-0.82035323901287627
120.867,-0.82120753836202431
120.86799999999999,-0.82206604280040207
120.869,-0.82292873597889526
120.87,-0.82379560153505205
120.871,-0.82466662309337146
120.872,-0.82554178426558367
120.873,-0.8264210686509601
120.874,-0.8273044598365753
120.875,-0.82819194139761465
120.876,-0.8290834968976597
120.877,-0.82997910988896817
120.878,-0.83087876391277371
120.879,-0.83178244249956301
120.88,-0.83269012916936824
120.881,-0.83360180743205725
120.88200000000001,-0.83451746078761335
120.883,-0.8354370727264282
120.884,-0.83636062672958555
120.88500000000001,-0.8372881062691464
120.886,-0.83821949480843561
120.887,-0.83915477580233344
120.88800000000001,-0.84009393269754717
120.889,-0.8410369489329117
120.89,-0.84198380793966066
120.89100000000001,-0.84293449314171887
120.892,-0.84388898795598632
120.893,-0.84484727579261709
120.89400000000001,-0.84580934005530461
120.895,-0.84677516414156484
120.896,-0.84774473144301798
120.89700000000001,-0.84871802534567364
120.898,-0.84969502923020768
120.899,-0.85067572647224843
120.90000000000001,-0.85166010044265206
120.901,-0.8526481345077872
120.902,-0.85363981202981498
120.90300000000001,-0.85463511636696698
120.904,-0.85563403087382417
120.905,-0.85663653890159708
120.90600000000001,-0.85764262379840539
120.907,-0.85865226890954927
120.908,-0.85966545757779844
120.90900000000001,-0.86068217314365403
120.91,-0.86170239894564138
120.911,-0.86272611832057122
120.91200000000001,-0.86375331460382476
120.913,-0.8647839711296279
120.914,-0.86581807123131882
120.91500000000001,-0.86685559824162728
120.916,-0.8678965354929522
120.917,-0.86894086631762391
120.91800000000001,-0.86998857404818675
120.919,-0.87103964201766559
120.92,-0.87209405355983383
120.92100000000001,-0.873151792009496
120.922,-0.87421284070274363
120.923,-0.87527718297723434
120.92400000000001,-0.87634480217245891
120.925,-0.87741568163000982
120.926,-0.87848980469384585
120.92700000000001,-0.87956715471056257
120.928,-0.88064771502965589
120.929,-0.88173146900379651
120.93000000000001,-0.88281839998908396
120.931,-0.88390849134531901
120.932,-0.88500172643626551
120.93299999999999,-0.88609808862991146
120.934,-0.88719756129874239
120.935,-0.88830012781998602
120.93600000000001,-0.88940577157588807
120.937,-0.89051447595397026
120.938,-0.89162622434728656
120.93899999999999,-0.89274100015468627
120.94,-0.893858786781073
120.941,-0.89497956763765885
120.94200000000001,-0.89610332614223109
120.943,-0.89723004571939757
120.944,-0.89835970980084867
120.94499999999999,-0.8994923018256149
120.946,-0.90062780524031938
120.947,-0.9017662034994276
120.94799999999999,-0.90290748006550814
120.949,-0.90405161840948067
120.95,-0.90519860201086977
120.95099999999999,-0.90634841435805269
120.952,-0.90750103894851031
120.953,-0.90865645928908623
120.95399999999999,-0.90981465889622237
120.955,-0.91097562129620813
120.956,-0.91213933002543768
120.95699999999999,-0.9133057686306465
120.958,-0.91447492066916802
120.959,-0.9156467697091617
120.95999999999999,-0.91682129932987078
120.961,-0.9179984931218641
120.962,-0.91917833468727106
120.96299999999999,-0.92036080764003092
120.964,-0.9215458956061322
120.965,-0.92273358222384649
120.96599999999999,-0.92392385114397846
120.967,-0.9251166860300899
120.968,-0.92631207055875397
120.96899999999999,-0.92750998841977661
120.97,-0.92871042331644205
120.971,-0.9299133589657429
120.97199999999999,-0.93111877909861707
120.973,-0.93232666746017889
120.974,-0.93353700780995186
120.97499999999999,-0.93474978392210195
120.976,-0.9359649795856626
120.977,-0.93718257860477316
120.97799999999999,-0.93840256479889961
120.979,-0.93962492200306413
120.98,-0.94084963406807898
120.98099999999999,-0.94207668486076157
120.982,-0.94330605826416902
120.983,-0.94453773817781372
120.98399999999999,-0.94577170851789627
120.985,-0.94700795321751974
120.986,-0.94824645622691439
120.98699999999999,-0.94948720151365973
120.988,-0.95073017306290142
120.989,-0.95197535487757046
120.98999999999999,-0.95322273097859922
120.991,-0.95447228540514573
120.992,-0.95572400221479592
120.99299999999999,-0.95697786548379482
120.994,-0.95823385930724592
120.995,-0.95949196779933033
120.996,-0.96075217509352262
120.997,-0.96201446534279156
120.998,-0.96327882271981924
120.999,-0.96454523141720716
121,-0.96581367564768117
121.001,-0.96708413964430218
121.002,-0.96835660766067022
121.003,-0.96963106397113186
121.004,-0.97090749287098133
121.005,-0.97218587867666018
121.006,-0.97346620572597131
121.00700000000001,-0.97474845837826507
121.008,-0.97603262101464705
121.009,-0.97731867803818062
121.01000000000001,-0.97860661387407366
121.011,-0.97989641296988617
121.012,-0.98118805979571921
121.01300000000001,-0.98248153884441325
121.014,-0.98377683463173904
121.015,-0.98507393169659396
121.01600000000001,-0.98637281460118609
121.017,-0.98767346793123778
121.018,-0.98897587629616179
121.01900000000001,-0.99028002432925755
121.02,-0.9915858966878961
121.021,-0.99289347805370465
121.02200000000001,-0.99420275313275508
121.023,-0.99551370665574535
121.024,-0.99682632337818955
121.02500000000001,-0.99814058808058292
121.026,-0.99945648556860633
121.027,-1.0007740006732875
121.02800000000001,-1.0020931182511863
121.029,-1.0034138231845717
121.03,-1.0047361003816038
121.03100000000001,-1.0060599347764994
121.032,-1.0073853113297113
121.033,-1.008712215028106
121.03400000000001,-1.010040630885126
121.035,-1.0113705439409735
121.036,-1.0127019392627663
121.03700000000001,-1.0140348019447185
121.038,-1.0153691171083028
121.039,-1.0167048699024133
121.04000000000001,-1.0180420455035435
121.041,-1.0193806291159369
121.042,-1.0207206059717575
121.04300000000001,-1.0220619613312547
121.044,-1.0234046804829147
121.045,-1.0247487487436275
121.04600000000001,-1.0260941514588482
121.047,-1.0274408740027472
121.048,-1.0287889017783711
121.04900000000001,-1.0301382202177991
121.05,-1.0314888147822929
121.051,-1.0328406709624534
121.05200000000001,-1.0341937742783742
121.053,-1.0355481102797897
121.054,-1.0369036645462197
121.05500000000001,-1.0382604226871359
121.056,-1.0396183703420807
121.057,-1.0409774931808424
121.05799999999999,-1.0423377769035835
121.059,-1.0436992072409905
121.06,-1.0450617699544129
121.06100000000001,-1.0464254508360065
121.062,-1.0477902357088815
121.063,-1.0491561104272262
121.06399999999999,-1.0505230608764606
121.065,-1.0518910729733633
121.066,-1.0532601326662134
121.06700000000001,-1.0546302259349245
121.068,-1.056001338791172
121.069,-1.0573734572785343
121.06999999999999,-1.0587465674726197
121.071,-1.060120655481197
121.072,-1.0614957074443239
121.07299999999999,-1.0628717095344751
121.074,-1.0642486479566715
121.075,-1.0656265089486008
121.07599999999999,-1.0670052787807467
121.077,-1.0683849437565081
121.078,-1.0697654902123244
121.07899999999999,-1.0711469045177957
121.08,-1.0725291730757966
121.081,-1.0739122823226064
121.08199999999999,-1.0752962187280113
121.083,-1.0766809687954408
121.084,-1.078066519062058
121.08499999999999,-1.0794528560988927
121.086,-1.0808399665109483
121.087,-1.08222783693731
121.08799999999999,-1.0836164540512581
121.089,-1.0850058045603752
121.09,-1.0863958752066583
121.09099999999999,-1.0877866527666229
121.092,-1.0891781240514049
121.093,-1.0905702759068723
121.09399999999999,-1.0919630952137207
121.095,-1.0933565688875861
121.096,-1.0947506838791332
121.09699999999999,-1.0961454271741635
121.098,-1.0975407857937121
121.099,-1.0989367467941447
121.09999999999999,-1.100333297267251
121.101,-1.1017304243403476
121.102,-1.1031281151763628
121.10299999999999,-1.1045263569739356
121.104,-1.1059251369675041
121.105,-1.1073244424273976
121.10599999999999,-1.1087242606599259
121.107,-1.1101245790074652
121.108,-1.1115253848485476
121.10899999999999,-1.1129266655979455
121.11,-1.1143284087067573
121.111,-1.1157306016624911
121.11199999999999,-1.1171332319891414
121.113,-1.118536287247279
121.114,-1.1199397550341277
121.11499999999999,-1.12134362298364
121.116,-1.1227478787665748
121.117,-1.1241525100905794
121.11799999999999,-1.1255575047002622
121.119,-1.1269628503772637
121.12,-1.1283685349403325
121.121,-1.1297745462453956
121.122,-1.1311808721856331
121.123,-1.1325875006915445
121.124,-1.1339944197310143
121.125,-1.1354016173093835
121.126,-1.1368090814695182
121.127,-1.1382168002918664
121.128,-1.1396247618945308
121.129,-1.1410329544333244
121.13,-1.142441366101834
121.131,-1.1438499851314858
121.13200000000001,-1.1452587997915966
121.133,-1.1466677983894373
121.134,-1.1480769692702892
121.13500000000001,-1.1494863008174954
121.136,-1.150895781452526
121.137,-1.1523053996350201
121.13800000000001,-1.1537151438628426
121.139,-1.1551250026721394
121.14,-1.156534964637383
121.14100000000001,-1.1579450183714246
121.142,-1.1593551525255383
121.143,-1.1607653557894724
121.14400000000001,-1.1621756168914918
121.145,-1.1635859245984261
121.146,-1.1649962677157071
121.14700000000001,-1.1664066350874216
121.148,-1.1678170155963414
121.149,-1.1692273981639711
121.15000000000001,-1.1706377717505834
121.151,-1.1720481253552599
121.152,-1.1734584480159265
121.15300000000001,-1.1748687288093886
121.154,-1.176278956851367
121.155,-1.1776891212965361
121.15600000000001,-1.1790992113385428
121.157,-1.1805092162100521
121.158,-1.1819191251827763
121.15900000000001,-1.1833289275674921
121.16,-1.1847386127140849
121.161,-1.1861481700115639
121.16200000000001,-1.1875575888880936
121.163,-1.1889668588110192
121.164,-1.1903759692868885
121.16500000000001,-1.1917849098614752
121.166,-1.1931936701198016
121.167,-1.1946022396861615
121.16800000000001,-1.196010608224134
121.169,-1.1974187654366069
121.17,-1.1988267010657931
121.17100000000001,-1.200234404893251
121.172,-1.2016418667398896
121.173,-1.2030490764659931
121.17400000000001,-1.2044560239712352
121.175,-1.2058626991946793
121.176,-1.2072690921148077
121.17700000000001,-1.2086751927495123
121.178,-1.2100809911561194
121.179,-1.211486477431394
121.18000000000001,-1.2128916417115438
121.181,-1.2142964741722253
121.182,-1.2157009650285553
121.18299999999999,-1.2171051045351089
121.184,-1.218508882985927
121.185,-1.2199122907145132
121.18600000000001,-1.2213153180938403
121.187,-1.222717955536353
121.188,-1.2241201934939547
121.18899999999999,-1.2255220224580194
121.19,-1.2269234329593848
121.191,-1.2283244155683419
121.19200000000001,-1.229724960894643
121.193,-1.2311250595874834
121.194,-1.2325247023355035
121.19499999999999,-1.2339238798667771
121.196,-1.2353225829488039
121.197,-1.2367208023884997
121.19799999999999,-1.2381185290321894
121.199,-1.2395157537655876
121.2,-1.2409124675137937
121.20099999999999,-1.2423086612412777
121.202,-1.2437043259518612
121.203,-1.2450994526887074
121.20399999999999,-1.2464940325343037
121.205,-1.247888056610438
121.206,-1.2492815160781965
121.20699999999999,-1.2506744021379266
121.208,-1.252066706029229
121.209,-1.2534584190309321
121.20999999999999,-1.2548495324610729
121.211,-1.2562400376768743
121.212,-1.2576299260747157
121.21299999999999,-1.259019189090119
121.214,-1.2604078181977143
121.215,-1.2617958049112179
121.21599999999999,-1.2631831407834084
121.217,-1.2645698174060871
121.218,-1.265955826410065
121.21899999999999,-1.2673411594651207
121.22,-1.2687258082799773
121.221,-1.2701097646022659
121.22199999999999,-1.2714930202184964
121.223,-1.2728755669540242
121.224,-1.2742573966730155
121.22499999999999,-1.2756385012784111
121.226,-1.2770188727118912
121.227,-1.2783985029538463
121.22799999999999,-1.2797773840233257
121.229,-1.2811555079780108
121.23,-1.2825328669141716
121.23099999999999,-1.2839094529666277
121.232,-1.2852852583087078
121.233,-1.2866602751522076
121.23399999999999,-1.2880344957473469
121.235,-1.2894079123827278
121.236,-1.2907805173852935
121.23699999999999,-1.292152303120274
121.238,-1.2935232619911552
121.239,-1.2948933864396177
121.23999999999999,-1.2962626689454986
121.241,-1.2976311020267461
121.242,-1.2989986782393592
121.24299999999999,-1.3003653901773504
121.244,-1.3017312304726916
121.245,-1.3030961917952557
121.246,-1.3044602668527796
121.247,-1.3058234483907978
121.248,-1.307185729192601
121.249,-1.3085471020791688
121.25,-1.3099075599091274
121.251,-1.3112670955786905
121.252,-1.3126257020215975
121.253,-1.3139833722090659
121.254,-1.3153400991497262
121.255,-1.3166958758895659
121.256,-1.3180506955118745
121.25700000000001,-1.3194045511371786
121.258,-1.3207574359231804
121.259,-1.3221093430647028
121.26000000000001,-1.3234602657936267
121.261,-1.3248101973788211
121.262,-1.3261591311260859
121.26300000000001,-1.3275070603780903
121.264,-1.3288539785143034
121.265,-1.3301998789509317
121.26600000000001,-1.3315447551408484
121.267,-1.3328886005735361
121.268,-1.3342314087750125
121.26900000000001,-1.3355731733077656
121.27,-1.3369138877706805
121.271,-1.3382535457989797
121.27200000000001,-1.3395921410641431
121.273,-1.3409296672738458
121.274,-1.3422661181718814
121.27500000000001,-1.3436014875380939
121.276,-1.3449357691883039
121.277,-1.3462689569742372
121.27800000000001,-1.3476010447834486
121.279,-1.3489320265392528
121.28,-1.350261896200643
121.28100000000001,-1.3515906477622233
121.282,-1.3529182752541262
121.283,-1.3542447727419409
121.28400000000001,-1.3555701343266331
121.285,-1.3568943541444722
121.286,-1.3582174263669478
121.28700000000001,-1.3595393452006914
121.288,-1.3608601048874056
121.289,-1.362179699703773
121.29000000000001,-1.3634981239613797
121.291,-1.3648153720066416
121.292,-1.3661314382207141
121.29300000000001,-1.367446317019412
121.294,-1.3687600028531304
121.295,-1.3700724902067594
121.29600000000001,-1.3713837735996026
121.297,-1.3726938475852895
121.298,-1.374002706751696
121.29900000000001,-1.375310345720854
121.3,-1.3766167591488705
121.301,-1.3779219417258415
121.30200000000001,-1.3792258881757615
121.303,-1.3805285932564391
121.304,-1.3818300517594126
121.30500000000001,-1.3831302585098562
121.306,-1.384429208366496
121.307,-1.3857268962215241
121.30799999999999,-1.3870233170004973
121.309,-1.3883184656622656
121.31,-1.3896123371988613
121.31100000000001,-1.3909049266354292
121.312,-1.3921962290301191
121.313,-1.3934862394740051
121.31399999999999,-1.3947749530909868
121.315,-1.3960623650377024
121.316,-1.3973484705034307
121.31700000000001,-1.3986332647100059
121.318,-1.3999167429117143
121.319,-1.4011989003952092
121.31999999999999,-1.4024797324794094
121.321,-1.4037592345154124
121.322,-1.4050374018863905
121.32299999999999,-1.4063142300075024
121.324,-1.4075897143257956
121.325,-1.4088638503201092
121.32599999999999,-1.4101366335009755
121.327,-1.4114080594105289
121.328,-1.4126781236224026
121.32899999999999,-1.4139468217416369
121.33,-1.415214149404574
121.331,-1.4164801022787685
121.33199999999999,-1.4177446760628796
121.333,-1.4190078664865804
121.334,-1.4202696693104533
121.33499999999999,-1.4215300803258935
121.336,-1.4227890953550058
121.337,-1.4240467102505101
121.33799999999999,-1.4253029208956329
121.339,-1.4265577232040141
121.34,-1.4278111131196038
121.34099999999999,-1.4290630866165566
121.342,-1.4303136396991352
121.343,-1.4315627684016075
121.34399999999999,-1.4328104687881422
121.345,-1.43405673695271
121.346,-1.435301569018975
121.34699999999999,-1.4365449611401981
121.348,-1.4377869094991311
121.349,-1.4390274103079126
121.34999999999999,-1.4402664598079633
121.351,-1.4415040542698856
121.352,-1.4427401899933585
121.35299999999999,-1.4439748633070295
121.354,-1.4452080705684127
121.355,-1.446439808163787
121.35599999999999,-1.4476700725080835
121.357,-1.448898860044789
121.358,-1.4501261672458321
121.35899999999999,-1.4513519906114831
121.36,-1.4525763266702476
121.361,-1.4537991719787571
121.36199999999999,-1.4550205231216657
121.363,-1.4562403767115444
121.364,-1.45745872938877
121.36499999999999,-1.458675577821426
121.366,-1.4598909187051854
121.367,-1.4611047487632129
121.36799999999999,-1.4623170647460504
121.369,-1.4635278634315179
121.37,-1.4647371416245969
121.371,-1.4659448961573283
121.372,-1.4671511238887009
121.373,-1.46835582170455
121.374,-1.4695589865174412
121.375,-1.4707606152665664
121.376,-1.4719607049176346
121.377,-1.4731592524627644
121.378,-1.4743562549203739
121.379,-1.4755517093350745
121.38,-1.4767456127775551
121.381,-1.4779379623444848
121.38200000000001,-1.4791287551583943
121.383,-1.4803179883675686
121.384,-1.4815056591459421
121.38500000000001,-1.482691764692984
121.386,-1.4838763022335941
121.387,-1.4850592690179876
121.38800000000001,-1.4862406623215927
121.389,-1.4874204794449319
121.39,-1.4885987177135234
121.39100000000001,-1.489775374477762
121.392,-1.4909504471128137
121.393,-1.4921239330185068
121.39400000000001,-1.4932958296192198
121.395,-1.4944661343637731
121.396,-1.4956348447253185
121.39700000000001,-1.49680195820123
121.398,-1.4979674723129928
121.399,-1.499131384606093
121.40000000000001,-1.5002936926499131
121.401,-1.5014543940376126
121.402,-1.5026134863860263
121.40300000000001,-1.5037709673355533
121.404,-1.5049268345500382
121.405,-1.5060810857166755
121.40600000000001,-1.5072337185458893
121.407,-1.5083847307712257
121.408,-1.5095341201492469
121.40900000000001,-1.5106818844594136
121.41,-1.5118280215039848
121.411,-1.5129725291078997
121.41200000000001,-1.5141154051186709
121.413,-1.5152566474062805
121.414,-1.5163962538630607
121.41500000000001,-1.5175342224035848
121.416,-1.518670550964571
121.417,-1.5198052375047575
121.41800000000001,-1.5209382800047995
121.419,-1.5220696764671615
121.42,-1.5231994249160032
121.42100000000001,-1.5243275233970741
121.422,-1.5254539699776046
121.423,-1.5265787627461949
121.42400000000001,-1.5277018998127048
121.425,-1.5288233793081503
121.426,-1.5299431993845896
121.42700000000001,-1.5310613582150148
121.428,-1.5321778539932462
121.429,-1.5332926849338224
121.43000000000001,-1.5344058492718928
121.431,-1.535517345263107
121.432,-1.5366271711835058
121.43299999999999,-1.5377353253294195
121.434,-1.5388418060173548
121.435,-1.5399466115838862
121.43600000000001,-1.5410497403855516
121.437,-1.5421511907987466
121.438,-1.5432509612196075
121.43899999999999,-1.5443490500639157
121.44,-1.5454454557669837
121.441,-1.5465401767835489
121.44200000000001,-1.5476332115876716
121.443,-1.5487245586726224
121.444,-1.5498142165507747
121.44499999999999,-1.5509021837535086
121.446,-1.5519884588310919
121.447,-1.5530730403525843
121.44799999999999,-1.5541559269057235
121.449,-1.5552371170968273
121.45,-1.5563166095506813
121.45099999999999,-1.5573944029104392
121.452,-1.5584704958375122
121.453,-1.5595448870114716
121.45399999999999,-1.5606175751299349
121.455,-1.5616885589084677
121.456,-1.5627578370804813
121.45699999999999,-1.563825408397117
121.458,-1.5648912716271597
121.459,-1.5659554255569184
121.45999999999999,-1.5670178689901313
121.461,-1.5680786007478602
121.462,-1.5691376196683882
121.46299999999999,-1.5701949246071152
121.464,-1.5712505144364557
121.465,-1.5723043880457421
121.46599999999999,-1.5733565443411131
121.467,-1.5744069822454154
121.468,-1.5754557006981065
121.46899999999999,-1.5765026986551489
121.47,-1.577547975088911
121.471,-1.5785915289880603
121.47199999999999,-1.5796333593574725
121.473,-1.580673465218124
121.474,-1.5817118456069945
121.47499999999999,-1.5827484995769661
121.476,-1.5837834261967227
121.477,-1.5848166245506534
121.47799999999999,-1.5858480937387518
121.479,-1.5868778328765143
121.48,-1.5879058410948486
121.48099999999999,-1.5889321175399691
121.482,-1.5899566613733001
121.483,-1.5909794717713797
121.48399999999999,-1.5920005479257617
121.485,-1.5930198890429175
121.486,-1.5940374943441418
121.48699999999999,-1.5950533630654489
121.488,-1.5960674944574871
121.489,-1.5970798877854349
121.48999999999999,-1.598090542328908
121.491,-1.5990994573818624
121.492,-1.6001066322524991
121.49299999999999,-1.601112066263175
121.494,-1.6021157587502977
121.495,-1.6031177090642412
121.496,-1.6041179165692476
121.497,-1.6051163806433326
121.498,-1.606113100678197
121.499,-1.6071080760791254
121.5,-1.608101306264901
121.501,-1.6090927906677126
121.502,-1.6100825287330589
121.503,-1.6110705199196595
121.504,-1.6120567636993632
121.505,-1.6130412595570531
121.506,-1.6140240069905656
121.50700000000001,-1.6150050055105898
121.508,-1.6159842546405834
121.509,-1.616961753916681
121.51000000000001,-1.6179375028876026
121.511,-1.6189115011145732
121.512,-1.619883748171222
121.51300000000001,-1.6208542436435041
121.514,-1.6218229871296068
121.515,-1.6227899782398651
121.51600000000001,-1.6237552165966727
121.517,-1.6247187018343969
121.518,-1.6256804335992889
121.51900000000001,-1.6266404115494026
121.52,-1.6275986353545053
121.521,-1.6285551046959887
121.52200000000001,-1.6295098192667963
121.523,-1.6304627787713235
121.524,-1.6314139829253418
121.52500000000001,-1.6323634314559152
121.526,-1.6333111241013163
121.527,-1.6342570606109361
121.52800000000001,-1.6352012407452108
121.529,-1.6361436642755334
121.53,-1.6370843309841767
121.53100000000001,-1.6380232406642028
121.532,-1.6389603931193903
121.533,-1.6398957881641523
121.53400000000001,-1.6408294256234486
121.535,-1.641761305332718
121.536,-1.6426914271377853
121.53700000000001,-1.6436197908947898
121.538,-1.6445463964701035
121.539,-1.645471243740257
121.54000000000001,-1.6463943325918522
121.541,-1.6473156629214958
121.542,-1.648235234635711
121.54300000000001,-1.6491530476508691
121.544,-1.6500691018931062
121.545,-1.6509833972982508
121.54600000000001,-1.6518959338117507
121.547,-1.652806711388588
121.548,-1.6537157299932139
121.54900000000001,-1.6546229895994702
121.55,-1.6555284901905134
121.551,-1.6564322317587421
121.55200000000001,-1.657334214305727
121.553,-1.6582344378421303
121.554,-1.6591329023876424
121.55500000000001,-1.660029607970904
121.556,-1.6609245546294282
121.557,-1.6618177424095477
121.55799999999999,-1.6627091713663242
121.559,-1.6635988415634881
121.56,-1.664486753073366
121.56100000000001,-1.6653729059768114
121.562,-1.6662573003631356
121.563,-1.6671399363300359
121.56399999999999,-1.6680208139835324
121.565,-1.6688999334378956
121.566,-1.6697772948155802
121.56700000000001,-1.6706528982471589
121.568,-1.6715267438712518
121.569,-1.672398831834466
121.56999999999999,-1.6732691622913247
121.571,-1.6741377354042029
121.572,-1.6750045513432643
121.57299999999999,-1.675869610286393
121.574,-1.6767329124191299
121.575,-1.6775944579346183
121.57599999999999,-1.6784542470335206
121.577,-1.6793122799239746
121.578,-1.6801685568215214
121.57899999999999,-1.6810230779490456
121.58,-1.6818758435367096
121.581,-1.6827268538219027
121.58199999999999,-1.6835761090491652
121.583,-1.684423609470143
121.584,-1.6852693553435154
121.58499999999999,-1.6861133469349423
121.586,-1.6869555845170074
121.587,-1.6877960683691504
121.58799999999999,-1.6886347987776116
121.589,-1.6894717760353846
121.59,-1.690307000442143
121.59099999999999,-1.6911404723041943
121.592,-1.6919721919344184
121.593,-1.692802159652214
121.59399999999999,-1.6936303757834401
121.595,-1.6944568406603615
121.596,-1.6952815546215971
121.59699999999999,-1.6961045180120622
121.598,-1.6969257311829136
121.599,-1.697745194491501
121.59999999999999,-1.698562908301307
121.601,-1.6993788729818977
121.602,-1.7001930889088746
121.60299999999999,-1.701005556463814
121.604,-1.7018162760342226
121.605,-1.7026252480134847
121.60599999999999,-1.7034324728008077
121.607,-1.7042379508011791
121.608,-1.7050416824253118
121.60899999999999,-1.7058436680895941
121.61,-1.7066439082160425
121.611,-1.7074424032322559
121.61199999999999,-1.7082391535713626
121.613,-1.7090341596719778
121.614,-1.70982742197815
121.61499999999999,-1.7106189409393213
121.616,-1.7114087170102761
121.617,-1.7121967506510973
121.61799999999999,-1.7129830423271191
121.619,-1.7137675925088889
121.62,-1.7145504016721067
121.621,-1.7153314702976008
121.622,-1.7161107988712705
121.623,-1.7168883878840484
121.624,-1.7176642378318534
121.625,-1.7184383492155519
121.626,-1.7192107225409159
121.627,-1.7199813583185768
121.628,-1.7207502570639921
121.629,-1.7215174192973959
121.63,-1.7222828455437615
121.631,-1.7230465363327667
121.63200000000001,-1.7238084921987458
121.633,-1.7245687136806578
121.634,-1.7253272013220413
121.63500000000001,-1.7260839556709824
121.636,-1.7268389772800736
121.637,-1.7275922667063721
121.63800000000001,-1.7283438245113709
121.639,-1.7290936512609609
121.64,-1.7298417475253851
121.64100000000001,-1.7305881138792163
121.642,-1.7313327509013119
121.643,-1.7320756591747841
121.64400000000001,-1.7328168392869618
121.645,-1.7335562918293586
121.646,-1.7342940173976396
121.64700000000001,-1.735030016591586
121.648,-1.7357642900150627
121.649,-1.7364968382759867
121.65000000000001,-1.7372276619862954
121.651,-1.7379567617619145
121.652,-1.7386841382227201
121.65300000000001,-1.7394097919925224
121.654,-1.7401337236990204
121.655,-1.7408559339737808
121.65600000000001,-1.7415764234522024
121.657,-1.7422951927734927
121.658,-1.7430122425806345
121.65900000000001,-1.7437275735203603
121.66,-1.7444411862431188
121.661,-1.7451530814030543
121.66200000000001,-1.7458632596579764
121.663,-1.7465717216693295
121.664,-1.7472784681021727
121.66500000000001,-1.7479834996251462
121.666,-1.7486868169104541
121.667,-1.7493884206338306
121.66800000000001,-1.7500883114745207
121.669,-1.7507864901152526
121.67,-1.7514829572422159
121.67100000000001,-1.7521777135450334
121.672,-1.7528707597167417
121.673,-1.7535620964537681
121.67400000000001,-1.7542517244559037
121.675,-1.754939644426285
121.676,-1.7556258570713728
121.67700000000001,-1.7563103631009245
121.678,-1.7569931632279774
121.679,-1.7576742581688309
121.68000000000001,-1.7583536486430189
121.681,-1.7590313353732903
121.682,-1.7597073190855976
121.68299999999999,-1.7603816005090676
121.684,-1.7610541803759876
121.685,-1.7617250594217859
121.68600000000001,-1.7623942383850117
121.687,-1.7630617180073189
121.688,-1.7637274990334499
121.68899999999999,-1.7643915822112137
121.69,-1.7650539682914737
121.691,-1.7657146580281253
121.69200000000001,-1.7663736521780877
121.693,-1.7670309515012845
121.694,-1.7676865567606228
121.69499999999999,-1.7683404687219841
121.696,-1.7689926881542113
121.697,-1.7696432158290882
121.69799999999999,-1.770292052521329
121.699,-1.7709391990085606
121.7,-1.7715846560713189
121.70099999999999,-1.7722284244930222
121.702,-1.7728705050599665
121.703,-1.7735108985613155
121.70399999999999,-1.7741496057890798
121.705,-1.7747866275381128
121.706,-1.7754219646060951
121.70699999999999,-1.7760556177935243
121.708,-1.7766875879037061
121.709,-1.7773178757427393
121.70999999999999,-1.7779464821195115
121.711,-1.7785734078456841
121.712,-1.7791986537356852
121.71299999999999,-1.7798222206067016
121.714,-1.7804441092786658
121.715,-1.7810643205742505
121.71599999999999,-1.7816828553188624
121.717,-1.7822997143406258
121.718,-1.7829148984703878
121.71899999999999,-1.7835284085416974
121.72,-1.7841402453908102
121.721,-1.7847504098566698
121.72199999999999,-1.7853589027809154
121.723,-1.7859657250078609
121.724,-1.7865708773845022
121.72499999999999,-1.7871743607605004
121.726,-1.7877761759881845
121.727,-1.7883763239225434
121.72799999999999,-1.7889748054212196
121.729,-1.7895716213445096
121.73,-1.7901667725553545
121.73099999999999,-1.7907602599193364
121.732,-1.7913520843046835
121.733,-1.7919422465822512
121.73399999999999,-1.7925307476255345
121.735,-1.7931175883106572
121.736,-1.7937027695163694
121.73699999999999,-1.7942862921240477
121.738,-1.7948681570176932
121.739,-1.7954483650839284
121.73999999999999,-1.7960269172119947
121.741,-1.796603814293757
121.742,-1.7971790572236928
121.74299999999999,-1.7977526468989065
121.744,-1.7983245842191109
121.745,-1.7988948700866421
121.746,-1.7994635054064516
121.747,-1.8000304910861096
121.748,-1.8005958280358048
121.749,-1.8011595171683461
121.75,-1.8017215593991622
121.751,-1.802281955646305
121.752,-1.8028407068304491
121.753,-1.8033978138748958
121.754,-1.8039532777055745
121.755,-1.8045070992510417
121.756,-1.8050592794424887
121.75700000000001,-1.805609819213744
121.758,-1.8061587195012718
121.759,-1.8067059812441784
121.76000000000001,-1.8072516053842138
121.761,-1.8077955928657827
121.762,-1.8083379446359356
121.76300000000001,-1.8088786616443833
121.764,-1.8094177448434974
121.765,-1.8099551951883144
121.76600000000001,-1.8104910136365424
121.767,-1.8110252011485661
121.768,-1.8115577586874472
121.76900000000001,-1.812088687218937
121.77,-1.812617987711477
121.771,-1.8131456611362062
121.77200000000001,-1.8136717084669676
121.773,-1.8141961306803132
121.774,-1.8147189287555112
121.77500000000001,-1.8152401036745527
121.776,-1.8157596564221574
121.777,-1.8162775879857831
121.77800000000001,-1.8167938993556283
121.779,-1.8173085915246445
121.78,-1.8178216654885411
121.78100000000001,-1.8183331222457912
121.782,-1.8188429627976452
121.783,-1.8193511881481323
121.78400000000001,-1.8198577993040743
121.785,-1.8203627972750906
121.786,-1.8208661830736044
121.78700000000001,-1.8213679577148576
121.788,-1.8218681222169182
121.789,-1.8223666776006837
121.79000000000001,-1.8228636248898966
121.791,-1.8233589651111508
121.792,-1.8238526992939019
121.79300000000001,-1.8243448284704771
121.794,-1.8248353536760842
121.795,-1.8253242759488213
121.79600000000001,-1.825811596329689
121.797,-1.8262973158625995
121.798,-1.826781435594381
121.79900000000001,-1.8272639565748032
121.8,-1.8277448798565703
121.801,-1.8282242064953471
121.80200000000001,-1.8287019375497562
121.803,-1.8291780740814008
121.804,-1.8296526171548702
121.80500000000001,-1.8301255678377473
121.806,-1.8305969272006308
121.807,-1.8310666963171385
121.80799999999999,-1.8315348762639183
121.809,-1.8320014681206658
121.81,-1.8324664729701312
121.81100000000001,-1.8329298918981332
121.812,-1.8333917259935735
121.813,-1.8338519763484444
121.81399999999999,-1.8343106440578452
121.815,-1.8347677302199883
121.816,-1.8352232359362231
121.81700000000001,-1.8356771623110371
121.818,-1.8361295104520767
121.819,-1.8365802814701526
121.81999999999999,-1.8370294764792612
121.821,-1.8374770965965905
121.822,-1.8379231429425373
121.82299999999999,-1.8383676166407215
121.824,-1.8388105188179913
121.825,-1.8392518506044477
121.82599999999999,-1.8396916131334509
121.827,-1.8401298075416332
121.828,-1.8405664349689213
121.82899999999999,-1.8410014965585373
121.83,-1.8414349934570202
121.831,-1.8418669268142422
121.83199999999999,-1.8422972977834129
121.833,-1.8427261075211039
121.834,-1.8431533571872576
121.83499999999999,-1.8435790479451981
121.836,-1.8440031809616531
121.837,-1.844425757406762
121.83799999999999,-1.8448467784540914
121.839,-1.8452662452806545
121.84,-1.8456841590669137
121.84099999999999,-1.8461005209968113
121.842,-1.8465153322577668
121.843,-1.8469285940407043
121.84399999999999,-1.8473403075400614
121.845,-1.8477504739538069
121.846,-1.8481590944834494
121.84699999999999,-1.8485661703340588
121.848,-1.8489717027142758
121.849,-1.8493756928363325
121.84999999999999,-1.8497781419160604
121.851,-1.8501790511729088
121.852,-1.8505784218299612
121.85299999999999,-1.8509762551139448
121.854,-1.8513725522552518
121.855,-1.8517673144879478
121.85599999999999,-1.8521605430497945
121.857,-1.8525522391822564
121.858,-1.8529424041305207
121.85899999999999,-1.8533310391435101
121.86,-1.8537181454738993
121.861,-1.8541037243781298
121.86199999999999,-1.8544877771164221
121.863,-1.8548703049527973
121.864,-1.8552513091550811
121.86499999999999,-1.8556307909949297
121.866,-1.856008751747841
121.867,-1.8563851926931636
121.86799999999999,-1.856760115114124
121.869,-1.8571335202978267
121.87,-1.8575054095352841
121.871,-1.8578757841214206
121.872,-1.8582446453550903
121.873,-1.858611994539094
121.874,-1.8589778329801945
121.875,-1.8593421619891237
121.876,-1.8597049828806105
121.877,-1.8600662969733843
121.878,-1.8604261055901956
121.879,-1.8607844100578257
121.88,-1.8611412117071091
121.881,-1.8614965118729416
121.88200000000001,-1.8618503118942975
121.883,-1.8622026131142424
121.884,-1.862553416879952
121.88500000000001,-1.8629027245427219
121.886,-1.8632505374579842
121.887,-1.8635968569853212
121.88800000000001,-1.8639416844884811
121.889,-1.8642850213353936
121.89,-1.8646268688981769
121.89100000000001,-1.8649672285531613
121.892,-1.8653061016808992
121.893,-1.8656434896661773
121.89400000000001,-1.8659793938980345
121.895,-1.8663138157697734
121.896,-1.8666467566789726
121.89700000000001,-1.8669782180275099
121.898,-1.8673082012215625
121.899,-1.8676367076716285
121.90000000000001,-1.8679637387925427
121.901,-1.8682892960034856
121.902,-1.8686133807279965
121.90300000000001,-1.8689359943939929
121.904,-1.8692571384337766
121.905,-1.8695768142840534
121.90600000000001,-1.8698950233859404
121.907,-1.8702117671849865
121.908,-1.8705270471311763
121.90900000000001,-1.8708408646789527
121.91,-1.8711532212872206
121.911,-1.8714641184193694
121.91200000000001,-1.8717735575432775
121.913,-1.8720815401313295
121.914,-1.8723880676604279
121.91500000000001,-1.8726931416120043
121.916,-1.8729967634720319
121.917,-1.873298934731042
121.91800000000001,-1.873599656884132
121.919,-1.8738989314309751
121.92,-1.87419675987584
121.92100000000001,-1.8744931437275962
121.922,-1.8747880844997282
121.923,-1.8750815837103478
121.92400000000001,-1.875373642882205
121.925,-1.8756642635426997
121.926,-1.8759534472238926
121.92700000000001,-1.8762411954625162
121.928,-1.8765275097999883
121.929,-1.8768123917824182
121.93000000000001,-1.8770958429606259
121.931,-1.8773778648901427
121.932,-1.8776584591312293
121.93299999999999,-1.8779376272488841
121.934,-1.8782153708128533
121.935,-1.8784916913976426
121.93600000000001,-1.8787665905825226
121.937,-1.8790400699515475
121.938,-1.8793121310935597
121.93899999999999,-1.8795827756021954
121.94,-1.8798520050759056
121.941,-1.8801198211179533
121.94200000000001,-1.8803862253364327
121.943,-1.8806512193442741
121.944,-1.880914804759251
121.94499999999999,-1.8811769832039955
121.946,-1.8814377563060014
121.947,-1.881697125697634
121.94799999999999,-1.8819550930161402
121.949,-1.8822116599036587
121.95,-1.882466828007225
121.95099999999999,-1.8827205989787785
121.952,-1.8829729744751744
121.953,-1.8832239561581909
121.95399999999999,-1.8834735456945353
121.955,-1.8837217447558521
121.956,-1.8839685550187295
121.95699999999999,-1.8842139781647118
121.958,-1.8844580158802975
121.959,-1.8847006698569535
121.95999999999999,-1.8849419417911233
121.961,-1.8851818333842241
121.962,-1.8854203463426633
121.96299999999999,-1.8856574823778405
121.964,-1.8858932432061541
121.965,-1.8861276305490073
121.96599999999999,-1.8863606461328142
121.967,-1.8865922916890052
121.968,-1.8868225689540341
121.96899999999999,-1.8870514796693811
121.97,-1.8872790255815595
121.971,-1.88750520844212
121.97199999999999,-1.8877300300076576
121.973,-1.8879534920398124
121.974,-1.888175596305278
121.97499999999999,-1.8883963445758045
121.976,-1.8886157386282023
121.977,-1.888833780244346
121.97799999999999,-1.88905047121118
121.979,-1.8892658133207179
121.98,-1.8894798083700541
121.98099999999999,-1.8896924581613566
121.982,-1.8899037645018808
121.983,-1.8901137292039607
121.98399999999999,-1.8903223540850247
121.985,-1.8905296409675887
121.986,-1.8907355916792619
121.98699999999999,-1.8909402080527493
121.988,-1.891143491925853
121.989,-1.891345445141472
121.98999999999999,-1.8915460695476112
121.991,-1.8917453669973745
121.992,-1.8919433393489689
121.99299999999999,-1.8921399884657086
121.994,-1.8923353162160135
121.995,-1.8925293244734065
121.996,-1.8927220151165227
121.997,-1.8929133900291011
121.998,-1.8931034510999911
121.999,-1.8932922002231467
122,-1.8934796392976332
122.001,-1.8936657702276194
122.002,-1.8938505949223825
122.003,-1.8940341152963072
122.004,-1.8942163332688775
122.005,-1.8943972507646887
122.006,-1.8945768697134318
122.00700000000001,-1.8947551920499013
122.008,-1.89493221971399
122.009,-1.8951079546506886
122.01000000000001,-1.8952823988100822
122.011,-1.8954555541473481
122.012,-1.8956274226227521
122.01300000000001,-1.8957980062016495
122.014,-1.8959673068544785
122.015,-1.8961353265567586
122.01600000000001,-1.8963020672890871
122.017,-1.8964675310371342
122.018,-1.8966317197916425
122.01900000000001,-1.8967946355484169
122.02,-1.8969562803083293
122.021,-1.897116656077305
122.02200000000001,-1.8972757648663263
122.023,-1.8974336086914194
122.024,-1.8975901895736578
122.02500000000001,-1.8977455095391496
122.026,-1.8978995706190389
122.027,-1.8980523748494931
122.02800000000001,-1.8982039242717028
122.029,-1.898354220931874
122.03,-1.8985032668812201
122.03100000000001,-1.8986510641759575
122.032,-1.8987976148772989
122.033,-1.8989429210514439
122.03400000000001,-1.8990869847695757
122.035,-1.8992298081078496
122.036,-1.8993713931473892
122.03700000000001,-1.8995117419742771
122.038,-1.8996508566795467
122.039,-1.8997887393591744
122.04000000000001,-1.8999253921140689
122.041,-1.9000608170500675
122.042,-1.9001950162779249
122.04300000000001,-1.9003279919133034
122.044,-1.9004597460767614
122.045,-1.9005902808937489
122.04600000000001,-1.9007195984945979
122.047,-1.9008477010145044
122.048,-1.9009745905935311
122.04900000000001,-1.9011002693765855
122.05,-1.9012247395134132
122.051,-1.9013480031585934
122.05199999999999,-1.9014700624715175
122.053,-1.9015909196163854
122.054,-1.9017105767621905
122.05500000000001,-1.9018290360827099
122.056,-1.9019462997564931
122.057,-1.9020623699668464
122.05799999999999,-1.9021772489018245
122.059,-1.9022909387542191
122.06,-1.9024034417215381
122.06100000000001,-1.9025147600060044
122.062,-1.9026248958145335
122.063,-1.9027338513587244
122.06399999999999,-1.9028416288548429
122.065,-1.902948230523815
122.066,-1.903053658591205
122.06700000000001,-1.903157915287204
122.068,-1.9032610028466164
122.069,-1.903362923508845
122.06999999999999,-1.9034636795178752
122.071,-1.9035632731222627
122.072,-1.9036617065751154
122.07300000000001,-1.9037589821340761
122.074,-1.9038551020613137
122.075,-1.9039500686234989
122.07599999999999,-1.9040438840917959
122.077,-1.9041365507418386
122.078,-1.9042280708537236
122.07899999999999,-1.9043184467119811
122.08,-1.9044076806055692
122.081,-1.9044957748278488
122.08199999999999,-1.9045827316765727
122.083,-1.9046685534538614
122.084,-1.9047532424661924
122.08499999999999,-1.9048368010243735
122.086,-1.9049192314435333
122.087,-1.9050005360430968
122.08799999999999,-1.9050807171467694
122.089,-1.9051597770825177
122.09,-1.9052377181825486
122.09099999999999,-1.9053145427832918
122.092,-1.9053902532253821
122.093,-1.9054648518536332
122.09399999999999,-1.9055383410170266
122.095,-1.9056107230686816
122.096,-1.9056820003658457
122.09699999999999,-1.9057521752698632
122.098,-1.9058212501461638
122.099,-1.9058892273642338
122.09999999999999,-1.9059561092976023
122.101,-1.9060218983238131
122.102,-1.9060865968244052
122.10299999999999,-1.9061502071848948
122.104,-1.9062127317947501
122.105,-1.9062741730473647
122.10599999999999,-1.9063345333400434
122.107,-1.9063938150739763
122.108,-1.9064520206542128
122.10899999999999,-1.9065091524896403
122.11,-1.906565212992966
122.111,-1.9066202045806855
122.11199999999999,-1.9066741296730636
122.113,-1.9067269906941093
122.114,-1.9067787900715523
122.11499999999999,-1.9068295302368194
122.116,-1.9068792136250061
122.117,-1.9069278426748575
122.11799999999999,-1.9069754198287394
122.119,-1.9070219475326131
122.12,-1.9070674282360152
122.121,-1.9071118643920255
122.122,-1.9071552584572453
122.123,-1.907197612891768
122.124,-1.907238930159159
122.125,-1.907279212726424
122.126,-1.9073184630639832
122.127,-1.9073566836456477
122.128,-1.907393876948591
122.129,-1.9074300454533195
122.13,-1.9074651916436491
122.131,-1.9074993180066748
122.13200000000001,-1.9075324270327454
122.133,-1.9075645212154351
122.134,-1.9075956030515124
122.13500000000001,-1.9076256750409173
122.136,-1.9076547396867287
122.137,-1.9076827994951366
122.13800000000001,-1.9077098569754152
122.139,-1.907735914639892
122.14,-1.9077609750039195
122.14100000000001,-1.907785040585845
122.142,-1.9078081139069827
122.143,-1.9078301974915819
122.14400000000001,-1.9078512938667989
122.145,-1.9078714055626684
122.146,-1.9078905351120676
122.14700000000001,-1.9079086850506894
122.148,-1.9079258579170153
122.149,-1.9079420562522769
122.15000000000001,-1.907957282600433
122.151,-1.9079715395081318
122.152,-1.9079848295246831
122.15300000000001,-1.9079971552020258
122.154,-1.9080085190946967
122.155,-1.9080189237597982
122.15600000000001,-1.9080283717569659
122.157,-1.9080368656483397
122.158,-1.908044407998525
122.15900000000001,-1.9080510013745662
122.16,-1.9080566483459114
122.161,-1.9080613514843794
122.16200000000001,-1.9080651133641275
122.163,-1.9080679365616167
122.164,-1.9080698236555826
122.16500000000001,-1.9080707772269943
122.166,-1.9080707998590301
122.167,-1.9080698941370358
122.16800000000001,-1.9080680626484923
122.169,-1.9080653079829859
122.17,-1.9080616327321707
122.17100000000001,-1.9080570394897318
122.172,-1.9080515308513539
122.173,-1.9080451094146857
122.17400000000001,-1.9080377777793083
122.175,-1.9080295385466886
122.176,-1.9080203943201597
122.17699999999999,-1.9080103477048747
122.178,-1.9079994013077743
122.179,-1.9079875577375511
122.18000000000001,-1.9079748196046125
122.181,-1.9079611895210484
122.182,-1.9079466701005896
122.18299999999999,-1.9079312639585764
122.184,-1.9079149737119181
122.185,-1.907897801979058
122.18600000000001,-1.907879751379939
122.187,-1.9078608245359634
122.188,-1.907841024069957
122.18899999999999,-1.9078203526061297
122.19,-1.9077988127700447
122.191,-1.9077764071885728
122.19200000000001,-1.9077531384898609
122.193,-1.907729009303289
122.194,-1.9077040222594426
122.19499999999999,-1.9076781799900573
122.196,-1.9076514851279982
122.197,-1.9076239403072099
122.19800000000001,-1.9075955481626869
122.199,-1.9075663113304251
122.2,-1.9075362324473915
122.20099999999999,-1.9075053141514839
122.202,-1.9074735590814864
122.203,-1.9074409698770407
122.20399999999999,-1.9074075491785929
122.205,-1.9073732996273676
122.206,-1.9073382238653229
122.20699999999999,-1.907302324535106
122.208,-1.9072656042800245
122.209,-1.9072280657439959
122.20999999999999,-1.9071897115715157
122.211,-1.907150544407612
122.212,-1.9071105668978077
122.21299999999999,-1.9070697816880795
122.214,-1.9070281914248217
122.215,-1.9069857987547962
122.21599999999999,-1.9069426063251025
122.217,-1.9068986167831308
122.218,-1.9068538327765228
122.21899999999999,-1.9068082569531311
122.22,-1.906761891960977
122.221,-1.9067147404482117
122.22199999999999,-1.9066668050630726
122.223,-1.9066180884538446
122.224,-1.9065685932688163
122.22499999999999,-1.9065183221562392
122.226,-1.9064672777642864
122.227,-1.9064154627410126
122.22799999999999,-1.9063628797343082
122.229,-1.9063095313918623
122.23,-1.9062554203611164
122.23099999999999,-1.9062005492892262
122.232,-1.9061449208230137
122.233,-1.9060885376089343
122.23399999999999,-1.9060314022930243
122.235,-1.9059735175208674
122.236,-1.905914885937543
122.23699999999999,-1.9058555101875934
122.238,-1.9057953929149742
122.239,-1.9057345367630134
122.23999999999999,-1.9056729443743698
122.241,-1.9056106183909884
122.242,-1.9055475614540613
122.24299999999999,-1.9054837762039765
122.244,-1.905419265280285
122.245,-1.9053540313216502
122.246,-1.9052880769658072
122.247,-1.9052214048495189
122.248,-1.9051540176085351
122.249,-1.9050859178775466
122.25,-1.9050171082901395
122.251,-1.9049475914787566
122.252,-1.9048773700746504
122.253,-1.904806446707842
122.254,-1.9047348240070732
122.255,-1.9046625045997674
122.256,-1.9045894911119818
122.25700000000001,-1.9045157861683659
122.258,-1.9044413923921182
122.259,-1.9043663124049375
122.26000000000001,-1.9042905488269857
122.261,-1.9042141042768357
122.262,-1.9041369813714368
122.26300000000001,-1.9040591827260611
122.264,-1.9039807109542646
122.265,-1.9039015686678407
122.26600000000001,-1.903821758476778
122.267,-1.903741282989214
122.268,-1.9036601448113903
122.26900000000001,-1.9035783465476115
122.27,-1.9034958908001927
122.271,-1.9034127801694289
122.27200000000001,-1.9033290172535331
122.273,-1.9032446046486049
122.274,-1.9031595449485814
122.27500000000001,-1.9030738407451904
122.276,-1.9029874946279106
122.277,-1.9029005091839211
122.27800000000001,-1.9028128869980598
122.279,-1.9027246306527794
122.28,-1.9026357427281022
122.28100000000001,-1.90254622580157
122.282,-1.9024560824482091
122.283,-1.9023653152404751
122.28400000000001,-1.9022739267482165
122.285,-1.902181919538624
122.286,-1.9020892961761868
122.28700000000001,-1.9019960592226517
122.288,-1.9019022112369703
122.289,-1.901807754775263
122.29000000000001,-1.9017126923907646
122.291,-1.9016170266337888
122.292,-1.9015207600516768
122.29300000000001,-1.9014238951887523
122.294,-1.9013264345862795
122.295,-1.9012283807824182
122.29600000000001,-1.9011297363121749
122.297,-1.901030503707362
122.298,-1.9009306854965478
122.29900000000001,-1.9008302842050182
122.3,-1.9007293023547267
122.301,-1.900627742464251
122.30199999999999,-1.9005256070487464
122.303,-1.9004228986199028
122.304,-1.9003196196858991
122.30500000000001,-1.9002157727513587
122.306,-1.9001113603173021
122.307,-1.9000063848811051
122.30799999999999,-1.8999008489364515
122.309,-1.899794754973291
122.31,-1.8996881054777899
122.31100000000001,-1.8995809029322905
122.312,-1.8994731498152628
122.313,-1.8993648486012629
122.31399999999999,-1.8992560017608868
122.315,-1.8991466117607225
122.316,-1.8990366810633099
122.31700000000001,-1.8989262121270944
122.318,-1.8988152074063822
122.319,-1.8987036693512929
122.31999999999999,-1.8985916004077206
122.321,-1.8984790030172842
122.322,-1.8983658796172826
122.32300000000001,-1.8982522326406568
122.324,-1.8981380645159369
122.325,-1.8980233776672022
122.32599999999999,-1.8979081745140354
122.327,-1.8977924574714802
122.328,-1.8976762289499938
122.32899999999999,-1.8975594913554041
122.33,-1.8974422470888697
122.331,-1.8973244985468245
122.33199999999999,-1.8972062481209444
122.333,-1.8970874981980996
122.334,-1.8969682511603105
122.33499999999999,-1.8968485093847018
122.336,-1.89672827524346
122.337,-1.8966075511037901
122.33799999999999,-1.8964863393278728
122.339,-1.8963646422728155
122.34,-1.896242462290616
122.34099999999999,-1.8961198017281129
122.342,-1.8959966629269429
122.343,-1.8958730482235029
122.34399999999999,-1.8957489599488939
122.345,-1.8956244004288965
122.346,-1.8954993719839051
122.34699999999999,-1.8953738769289048
122.348,-1.8952479175734167
122.349,-1.8951214962214573
122.34999999999999,-1.8949946151714938
122.351,-1.8948672767164094
122.352,-1.8947394831434434
122.35299999999999,-1.8946112367341712
122.354,-1.894482539764438
122.355,-1.8943533945043352
122.35599999999999,-1.894223803218146
122.357,-1.894093768164308
122.358,-1.893963291595369
122.35899999999999,-1.8938323757579458
122.36,-1.8937010228926803
122.361,-1.8935692352341986
122.36199999999999,-1.8934370150110675
122.363,-1.8933043644457563
122.364,-1.8931712857545886
122.36499999999999,-1.8930377811477062
122.366,-1.8929038528290243
122.367,-1.89276950299619
122.36799999999999,-1.8926347338405427
122.369,-1.8924995475470689
122.37,-1.8923639462943673
122.371,-1.8922279322545981
122.372,-1.8920915075934515
122.373,-1.891954674470099
122.374,-1.8918174350371597
122.375,-1.891679791440652
122.376,-1.8915417458199553
122.377,-1.8914033003077764
122.378,-1.8912644570300965
122.379,-1.8911252181061409
122.38,-1.8909855856483331
122.381,-1.8908455617622568
122.38200000000001,-1.8907051485466191
122.383,-1.8905643480931995
122.384,-1.8904231624868246
122.38500000000001,-1.8902815938053181
122.386,-1.8901396441194631
122.387,-1.8899973154929683
122.38800000000001,-1.8898546099824181
122.389,-1.8897115296372453
122.39,-1.8895680764996805
122.39100000000001,-1.889424252604722
122.392,-1.8892800599800945
122.393,-1.8891355006462054
122.39400000000001,-1.8889905766161137
122.395,-1.8888452898954848
122.396,-1.8886996424825586
122.39700000000001,-1.8885536363681057
122.398,-1.8884072735353912
122.399,-1.8882605559601382
122.40000000000001,-1.888113485610488
122.401,-1.8879660644469634
122.402,-1.8878182944224307
122.40300000000001,-1.8876701774820615
122.404,-1.8875217155632997
122.405,-1.8873729105958144
122.40600000000001,-1.8872237645014764
122.407,-1.8870742791943109
122.408,-1.8869244565804637
122.40900000000001,-1.8867742985581675
122.41,-1.8866238070176986
122.411,-1.8864729838413519
122.41200000000001,-1.8863218309033907
122.413,-1.8861703500700226
122.414,-1.8860185431993592
122.41500000000001,-1.8858664121413762
122.416,-1.8857139587378859
122.417,-1.8855611848224938
122.41800000000001,-1.8854080922205734
122.419,-1.8852546827492178
122.42,-1.8851009582172171
122.42100000000001,-1.8849469204250178
122.422,-1.8847925711646845
122.423,-1.8846379122198766
122.42400000000001,-1.8844829453658036
122.425,-1.8843276723691931
122.426,-1.8841720949882625
122.42699999999999,-1.8840162149726769
122.428,-1.8838600340635243
122.429,-1.8837035539932705
122.43000000000001,-1.8835467764857414
122.431,-1.8833897032560754
122.432,-1.8832323360106971
122.43299999999999,-1.8830746764472845
122.434,-1.8829167262547362
122.435,-1.8827584871131355
122.43600000000001,-1.882599960693724
122.437,-1.8824411486588661
122.438,-1.8822820526620139
122.43899999999999,-1.8821226743476833
122.44,-1.8819630153514146
122.441,-1.8818030772997472
122.44200000000001,-1.8816428618101844
122.443,-1.8814823704911618
122.444,-1.8813216049420216
122.44499999999999,-1.881160566752976
122.446,-1.8809992575050809
122.447,-1.8808376787702015
122.44800000000001,-1.8806758321109878
122.449,-1.880513719080839
122.45,-1.8803513412238777
122.45099999999999,-1.8801887000749171
122.452,-1.8800257971594356
122.453,-1.8798626339935414
122.45399999999999,-1.8796992120839517
122.455,-1.8795355329279575
122.456,-1.8793715980133952
122.45699999999999,-1.879207408818623
122.458,-1.8790429668124871
122.459,-1.8788782734542986
122.45999999999999,-1.878713330193801
122.461,-1.8785481384711451
122.462,-1.878382699716862
122.46299999999999,-1.8782170153518347
122.464,-1.8780510867872682
122.465,-1.8778849154246711
122.46599999999999,-1.8777185026558181
122.467,-1.8775518498627326
122.468,-1.8773849584176547
122.46899999999999,-1.8772178296830173
122.47,-1.8770504650114215
122.471,-1.8768828657456074
122.47199999999999,-1.8767150332184319
122.473,-1.8765469687528404
122.474,-1.8763786736618453
122.47499999999999,-1.8762101492484997
122.476,-1.8760413968058711
122.477,-1.8758724176170167
122.47799999999999,-1.8757032129549658
122.479,-1.8755337840826845
122.48,-1.875364132253063
122.48099999999999,-1.8751942587088837
122.482,-1.8750241646828032
122.483,-1.8748538513973245
122.48399999999999,-1.8746833200647797
122.485,-1.8745125718873017
122.486,-1.8743416080568069
122.48699999999999,-1.8741704297549657
122.488,-1.8739990381531859
122.489,-1.8738274344125951
122.48999999999999,-1.8736556196840053
122.491,-1.8734835951079023
122.492,-1.8733113618144257
122.49299999999999,-1.8731389209233393
122.494,-1.8729662735440189
122.495,-1.8727934207754209
122.496,-1.8726203637060768
122.497,-1.8724471034140584
122.498,-1.8722736409669687
122.499,-1.8720999774219154
122.5,-1.8719261138254955
122.501,-1.8717520512137726
122.502,-1.871577790612263
122.503,-1.8714033330359094
122.504,-1.8712286794890685
122.505,-1.8710538309654901
122.506,-1.8708787884483002
122.50700000000001,-1.8707035529099807
122.508,-1.8705281253123553
122.509,-1.8703525066065687
122.51000000000001,-1.8701766977330703
122.511,-1.870000699621599
122.512,-1.8698245131911633
122.51300000000001,-1.8696481393500273
122.514,-1.8694715789956931
122.515,-1.8692948330148864
122.51600000000001,-1.8691179022835365
122.517,-1.8689407876667663
122.518,-1.868763490018873
122.51900000000001,-1.8685860101833129
122.52,-1.8684083489926904
122.521,-1.8682305072687351
122.52200000000001,-1.8680524858222993
122.523,-1.8678742854533334
122.524,-1.8676959069508752
122.52500000000001,-1.8675173510930367
122.526,-1.8673386186469938
122.527,-1.8671597103689637
122.52800000000001,-1.8669806270042035
122.529,-1.8668013692869887
122.53,-1.8666219379406019
122.53100000000001,-1.8664423336773268
122.532,-1.8662625571984268
122.533,-1.86608260919414
122.53400000000001,-1.865902490343665
122.535,-1.8657222013151471
122.536,-1.8655417427656733
122.53700000000001,-1.865361115341257
122.538,-1.8651803196768277
122.539,-1.8649993563962202
122.54000000000001,-1.8648182261121655
122.541,-1.8646369294262795
122.542,-1.8644554669290581
122.54300000000001,-1.8642738391998597
122.544,-1.8640920468069018
122.545,-1.8639100903072494
122.54600000000001,-1.8637279702468099
122.547,-1.8635456871603191
122.548,-1.8633632415713346
122.54900000000001,-1.8631806339922328
122.55,-1.8629978649241945
122.551,-1.862814934857199
122.55199999999999,-1.8626318442700209
122.553,-1.8624485936302171
122.554,-1.8622651833941251
122.55500000000001,-1.862081614006851
122.556,-1.8618978859022697
122.557,-1.8617139995030128
122.55799999999999,-1.8615299552204667
122.559,-1.8613457534547653
122.56,-1.8611613945947854
122.56100000000001,-1.8609768790181405
122.562,-1.8607922070911771
122.563,-1.8606073791689686
122.56399999999999,-1.8604223955953128
122.565,-1.8602372567027272
122.566,-1.8600519628124461
122.56700000000001,-1.85986651423441
122.568,-1.8596809112672759
122.569,-1.8594951541983993
122.56999999999999,-1.8593092433038425
122.571,-1.8591231788483666
122.572,-1.8589369610854281
122.57300000000001,-1.8587505902571824
122.574,-1.8585640665944734
122.575,-1.8583773903168415
122.57599999999999,-1.8581905616325138
122.577,-1.8580035807384099
122.578,-1.8578164478201344
122.57899999999999,-1.8576291630519801
122.58,-1.857441726596929
122.581,-1.8572541386066472
122.58199999999999,-1.8570663992214893
122.583,-1.8568785085704977
122.584,-1.8566904667713984
122.58499999999999,-1.8565022739306132
122.586,-1.8563139301432501
122.587,-1.8561254354931052
122.58799999999999,-1.8559367900526711
122.589,-1.8557479938831336
122.59,-1.8555590470343755
122.59099999999999,-1.8553699495449751
122.592,-1.8551807014422175
122.593,-1.854991302742087
122.59399999999999,-1.854801753449276
122.595,-1.8546120535571902
122.596,-1.8544222030479456
122.59699999999999,-1.854232201892378
122.598,-1.8540420500500425
122.599,-1.8538517474692249
122.59999999999999,-1.8536612940869359
122.601,-1.8534706898289239
122.602,-1.8532799346096787
122.60299999999999,-1.8530890283324353
122.604,-1.8528979708891762
122.605,-1.8527067621606466
122.60599999999999,-1.8525154020163477
122.607,-1.8523238903145569
122.608,-1.8521322269023219
122.60899999999999,-1.8519404116154736
122.61,-1.8517484442786349
122.611,-1.8515563247052205
122.61199999999999,-1.8513640526974537
122.613,-1.8511716280463659
122.614,-1.8509790505318122
122.61499999999999,-1.8507863199224692
122.616,-1.850593435975858
122.617,-1.8504003984383361
122.61799999999999,-1.8502072070451216
122.619,-1.8500138615202921
122.62,-1.8498203615767994
122.621,-1.8496267069164771
122.622,-1.8494328972300513
122.623,-1.8492389321971494
122.624,-1.8490448114863116
122.625,-1.848850534755003
122.626,-1.8486561016496221
122.627,-1.8484615118055134
122.628,-1.8482667648469757
122.629,-1.8480718603872801
122.63,-1.8478767980286745
122.631,-1.847681577362402
122.63200000000001,-1.8474861979687081
122.633,-1.8472906594168577
122.634,-1.8470949612651442
122.63500000000001,-1.8468991030609057
122.636,-1.8467030843405352
122.637,-1.8465069046294964
122.63800000000001,-1.8463105634423393
122.639,-1.8461140602827064
122.64,-1.8459173946433589
122.64100000000001,-1.8457205660061802
122.642,-1.8455235738421956
122.643,-1.8453264176115884
122.64400000000001,-1.8451290967637139
122.645,-1.8449316107371119
122.646,-1.8447339589595271
122.64700000000001,-1.8445361408479233
122.648,-1.8443381558084964
122.649,-1.8441400032366975
122.65000000000001,-1.8439416825172428
122.651,-1.8437431930241353
122.652,-1.8435445341206771
122.65300000000001,-1.8433457051594928
122.654,-1.8431467054825434
122.655,-1.8429475344211417
122.65600000000001,-1.8427481912959776
122.657,-1.8425486754171283
122.658,-1.8423489860840823
122.65900000000001,-1.8421491225857567
122.66,-1.8419490842005146
122.661,-1.841748870196187
122.66200000000001,-1.8415484798300907
122.663,-1.8413479123490455
122.664,-1.8411471669894017
122.66500000000001,-1.8409462429770511
122.666,-1.8407451395274528
122.667,-1.8405438558456524
122.66800000000001,-1.8403423911263035
122.669,-1.8401407445536879
122.67,-1.8399389153017358
122.67100000000001,-1.8397369025340518
122.672,-1.8395347054039286
122.673,-1.839332323054379
122.67400000000001,-1.8391297546181504
122.675,-1.838926999217751
122.676,-1.8387240559654674
122.67699999999999,-1.8385209239633946
122.678,-1.8383176023034564
122.679,-1.838114090067426
122.68000000000001,-1.8379103863269517
122.681,-1.8377064901435802
122.682,-1.8375024005687828
122.68299999999999,-1.8372981166439759
122.684,-1.8370936374005447
122.685,-1.8368889618598776
122.68600000000001,-1.8366840890333749
122.687,-1.8364790179224872
122.688,-1.8362737475187387
122.68899999999999,-1.8360682768037426
122.69,-1.8358626047492419
122.691,-1.8356567303171225
122.69200000000001,-1.8354506524594485
122.693,-1.835244370118482
122.694,-1.8350378822267124
122.69499999999999,-1.834831187706885
122.696,-1.8346242854720249
122.697,-1.8344171744254658
122.69800000000001,-1.8342098534608775
122.699,-1.83400232146229
122.7,-1.8337945773041304
122.70099999999999,-1.8335866198512396
122.702,-1.8333784479589097
122.703,-1.8331700604729066
122.70399999999999,-1.8329614562295027
122.705,-1.8327526340555007
122.706,-1.8325435927682703
122.70699999999999,-1.8323343311757716
122.708,-1.8321248480765853
122.709,-1.8319151422599442
122.70999999999999,-1.8317052125057618
122.711,-1.831495057584664
122.712,-1.8312846762580186
122.71299999999999,-1.8310740672779624
122.714,-1.8308632293874409
122.715,-1.830652161320228
122.71599999999999,-1.8304408618009655
122.717,-1.8302293295451921
122.718,-1.8300175632593731
122.71899999999999,-1.8298055616409337
122.72,-1.8295933233782913
122.721,-1.8293808471508877
122.72199999999999,-1.8291681316292183
122.723,-1.8289551754748703
122.724,-1.8287419773405515
122.72499999999999,-1.8285285358701233
122.726,-1.828314849698633
122.727,-1.8281009174523519
122.72799999999999,-1.8278867377488059
122.729,-1.8276723091968039
122.73,-1.8274576303964833
122.73099999999999,-1.8272426999393327
122.732,-1.827027516408231
122.733,-1.8268120783774853
122.73399999999999,-1.8265963844128574
122.735,-1.8263804330716082
122.736,-1.8261642229025243
122.73699999999999,-1.8259477524459573
122.738,-1.8257310202338588
122.739,-1.8255140247898165
122.73999999999999,-1.8252967646290874
122.741,-1.8250792382586383
122.742,-1.8248614441771753
122.74299999999999,-1.8246433808751874
122.744,-1.8244250468349783
122.745,-1.8242064405307046
122.746,-1.823987560428411
122.747,-1.8237684049860698
122.748,-1.8235489726536165
122.749,-1.8233292618729902
122.75,-1.8231092710781627
122.751,-1.8228889986951877
122.752,-1.822668443142232
122.753,-1.8224476028296106
122.754,-1.8222264761598366
122.755,-1.8220050615276437
122.756,-1.8217833573200384
122.75700000000001,-1.8215613619163324
122.758,-1.8213390736881836
122.759,-1.8211164909996302
122.76000000000001,-1.8208936122071382
122.761,-1.8206704356596362
122.762,-1.82044695969855
122.76300000000001,-1.8202231826578577
122.764,-1.8199991028641103
122.765,-1.8197747186364852
122.76600000000001,-1.8195500282868236
122.767,-1.8193250301196664
122.768,-1.8190997224323011
122.76900000000001,-1.8188741035147977
122.77,-1.8186481716500529
122.771,-1.8184219251138276
122.77200000000001,-1.8181953621747922
122.773,-1.8179684810945651
122.774,-1.8177412801277542
122.77500000000001,-1.8175137575220019
122.776,-1.817285911518022
122.777,-1.8170577403496453
122.77800000000001,-1.8168292422438626
122.779,-1.8166004154208579
122.78,-1.8163712580940672
122.78100000000001,-1.8161417684702057
122.782,-1.8159119447493191
122.783,-1.815681785124823
122.78400000000001,-1.8154512877835471
122.785,-1.8152204509057777
122.786,-1.8149892726653056
122.78700000000001,-1.8147577512294588
122.788,-1.8145258847591585
122.789,-1.8142936714089539
122.79000000000001,-1.8140611093270707
122.791,-1.8138281966554533
122.792,-1.8135949315298108
122.79300000000001,-1.8133613120796586
122.794,-1.8131273364283658
122.795,-1.8128930026931949
122.79600000000001,-1.8126583089853541
122.797,-1.8124232534100364
122.798,-1.8121878340664646
122.79900000000001,-1.8119520490479397
122.8,-1.8117158964418838
122.801,-1.8114793743298878
122.80199999999999,-1.811242480787751
122.803,-1.8110052138855361
122.804,-1.8107675716876064
122.80500000000001,-1.8105295522526772
122.806,-1.8102911536338575
122.807,-1.810052373878702
122.80799999999999,-1.8098132110292502
122.809,-1.8095736631220785
122.81,-1.8093337281883466
122.81100000000001,-1.8090934042538374
122.812,-1.8088526893390142
122.813,-1.808611581459056
122.81399999999999,-1.8083700786239167
122.815,-1.8081281788383619
122.816,-1.8078858801020234
122.81700000000001,-1.8076431804094404
122.818,-1.8074000777501129
122.819,-1.8071565701085452
122.81999999999999,-1.8069126554642958
122.821,-1.8066683317920229
122.822,-1.8064235970615354
122.82300000000001,-1.8061784492378381
122.824,-1.8059328862811834
122.825,-1.8056869061471148
122.82599999999999,-1.8054405067865202
122.827,-1.8051936861456745
122.828,-1.8049464421662953
122.82899999999999,-1.8046987727855872
122.83,-1.8044506759362893
122.831,-1.8042021495467271
122.83199999999999,-1.8039531915408635
122.833,-1.8037037998383409
122.834,-1.803453972354538
122.83499999999999,-1.8032037070006117
122.836,-1.8029530016835542
122.837,-1.8027018543062363
122.83799999999999,-1.8024502627674619
122.839,-1.8021982249620123
122.84,-1.8019457387807005
122.84099999999999,-1.8016928021104199
122.842,-1.8014394128341933
122.843,-1.8011855688312219
122.84399999999999,-1.8009312679769405
122.845,-1.8006765081430616
122.846,-1.8004212871976315
122.84699999999999,-1.8001656030050746
122.848,-1.7999094534262459
122.849,-1.7996528363184883
122.84999999999999,-1.7993957495356723
122.851,-1.7991381909282551
122.852,-1.7988801583433287
122.85299999999999,-1.7986216496246659
122.854,-1.7983626626127842
122.855,-1.7981031951449804
122.85599999999999,-1.7978432450553967
122.857,-1.7975828101750606
122.858,-1.7973218883319437
122.85899999999999,-1.7970604773510099
122.86,-1.7967985750542672
122.861,-1.7965361792608179
122.86199999999999,-1.7962732877869145
122.863,-1.7960098984460058
122.864,-1.7957460090487922
122.86499999999999,-1.7954816174032779
122.866,-1.795216721314822
122.867,-1.794951318586187
122.86799999999999,-1.7946854070175977
122.869,-1.7944189844067866
122.87,-1.7941520485490514
122.871,-1.793884597237303
122.872,-1.7936166282621211
122.873,-1.7933481394118034
122.874,-1.7930791284724221
122.875,-1.7928095932278696
122.876,-1.7925395314599211
122.877,-1.7922689409482775
122.878,-1.7919978194706228
122.879,-1.791726164802677
122.88,-1.7914539747182454
122.881,-1.7911812469892796
122.88200000000001,-1.7909079793859179
122.883,-1.7906341696765464
122.884,-1.7903598156278551
122.88500000000001,-1.7900849150048819
122.886,-1.7898094655710706
122.887,-1.7895334650883243
122.88800000000001,-1.7892569113170578
122.889,-1.7889798020162506
122.89,-1.7887021349435006
122.89100000000001,-1.7884239078550759
122.892,-1.7881451185059705
122.893,-1.7878657646499554
122.89400000000001,-1.7875858440396355
122.895,-1.7873053544264965
122.896,-1.7870242935609673
122.89700000000001,-1.7867426591924636
122.898,-1.7864604490694518
122.899,-1.7861776609394955
122.90000000000001,-1.7858942925493064
122.901,-1.7856103416448121
122.902,-1.7853258059711918
122.90300000000001,-1.7850406832729422
122.904,-1.7847549712939275
122.905,-1.7844686677774324
122.90600000000001,-1.7841817704662195
122.907,-1.7838942771025765
122.908,-1.7836061854283769
122.90900000000001,-1.783317493185129
122.91,-1.7830281981140348
122.911,-1.7827382979560378
122.91200000000001,-1.7824477904518834
122.913,-1.7821566733421657
122.914,-1.7818649443673906
122.91500000000001,-1.7815726012680195
122.916,-1.7812796417845318
122.917,-1.7809860636574761
122.91800000000001,-1.7806918646275225
122.919,-1.780397042435518
122.92,-1.780101594822542
122.92100000000001,-1.7798055195299574
122.922,-1.7795088142994686
122.923,-1.7792114768731739
122.92400000000001,-1.7789135049936156
122.925,-1.7786148964038424
122.926,-1.7783156488474567
122.92699999999999,-1.7780157600686723
122.928,-1.7777152278123651
122.929,-1.7774140498241331
122.93000000000001,-1.7771122238503465
122.931,-1.7768097476381994
122.932,-1.7765066189357723
122.93299999999999,-1.7762028354920765
122.934,-1.7758983950571157
122.935,-1.7755932953819391
122.93600000000001,-1.7752875342186889
122.937,-1.774981109320664
122.938,-1.7746740184423695
122.93899999999999,-1.7743662593395699
122.94,-1.7740578297693457
122.941,-1.7737487274901476
122.94200000000001,-1.7734389502618462
122.943,-1.7731284958457945
122.944,-1.7728173620048722
122.94499999999999,-1.772505546503548
122.946,-1.7721930471079315
122.947,-1.7718798615858229
122.94800000000001,-1.7715659877067744
122.949,-1.7712514232421381
122.95,-1.770936165965125
122.95099999999999,-1.770620213650854
122.952,-1.7703035640764098
122.953,-1.7699862150208965
122.95399999999999,-1.7696681642654899
122.955,-1.769349409593493
122.956,-1.7690299487903891
122.95699999999999,-1.7687097796438986
122.958,-1.7683888999440245
122.959,-1.7680673074831192
122.95999999999999,-1.7677450000559269
122.961,-1.7674219754596447
122.962,-1.7670982314939714
122.96299999999999,-1.7667737659611653
122.964,-1.7664485766660971
122.965,-1.7661226614163019
122.96599999999999,-1.7657960180220318
122.967,-1.7654686442963157
122.968,-1.7651405380550078
122.96899999999999,-1.7648116971168397
122.97,-1.764482119303481
122.971,-1.7641518024395855
122.97199999999999,-1.7638207443528482
122.973,-1.7634889428740599
122.974,-1.7631563958371568
122.97499999999999,-1.7628231010792783
122.976,-1.7624890564408182
122.977,-1.7621542597654751
122.97799999999999,-1.7618187089003134
122.979,-1.7614824016958073
122.98,-1.7611453360059026
122.98099999999999,-1.7608075096880631
122.982,-1.760468920603325
122.983,-1.7601295666163557
122.98399999999999,-1.7597894455954988
122.985,-1.7594485554128321
122.986,-1.7591068939442205
122.98699999999999,-1.7587644590693627
122.988,-1.7584212486718549
122.989,-1.7580772606392339
122.98999999999999,-1.7577324928630325
122.991,-1.7573869432388354
122.992,-1.7570406096663294
122.99299999999999,-1.7566934900493529
122.994,-1.7563455822959542
122.995,-1.7559968843184421
122.996,-1.7556473940334336
122.997,-1.7552971093619125
122.998,-1.7549460282292784
122.999,-1.7545941485654004
123,-1.7542414683046674
123.001,-1.7538879853860401
123.002,-1.7535336977531069
123.003,-1.7531786033541303
123.004,-1.7528227001421026
123.005,-1.7524659860747964
123.006,-1.7521084591148162
123.00700000000001,-1.751750117229653
123.008,-1.7513909583917271
123.009,-1.751030980578451
123.01000000000001,-1.7506701817722745
123.011,-1.7503085599607355
123.012,-1.7499461131365157
123.01300000000001,-1.7495828392974868
123.014,-1.7492187364467631
123.015,-1.7488538025927585
123.01600000000001,-1.7484880357492263
123.017,-1.7481214339353204
123.018,-1.7477539951756396
123.01900000000001,-1.7473857175002818
123.02,-1.7470165989448949
123.021,-1.7466466375507239
123.02200000000001,-1.7462758313646654
123.023,-1.7459041784393157
123.024,-1.7455316768330222
123.02500000000001,-1.7451583246099323
123.026,-1.744784119840046
123.027,-1.7444090605992644
123.02800000000001,-1.7440331449694391
123.029,-1.7436563710384223
123.03,-1.7432787369001188
123.03100000000001,-1.7429002406545355
123.032,-1.7425208804078256
123.033,-1.7421406542723452
123.03400000000001,-1.7417595603667011
123.035,-1.7413775968157963
123.036,-1.7409947617508843
123.03700000000001,-1.740611053309614
123.038,-1.7402264696360819
123.039,-1.7398410088808802
123.04000000000001,-1.7394546692011437
123.041,-1.7390674487606037
123.042,-1.7386793457296328
123.04300000000001,-1.7382903582852895
123.044,-1.7379004846113784
123.045,-1.7375097228984848
123.04600000000001,-1.7371180713440344
123.047,-1.7367255281523377
123.048,-1.7363320915346305
123.04900000000001,-1.7359377597091363
123.05,-1.7355425309011037
123.051,-1.735146403342855
123.05199999999999,-1.734749375273839
123.053,-1.7343514449406734
123.054,-1.7339526105971932
123.05500000000001,-1.733552870504504
123.056,-1.7331522229310208
123.057,-1.7327506661525165
123.05799999999999,-1.7323481984521778
123.059,-1.7319448181206374
123.06,-1.731540523456037
123.06100000000001,-1.7311353127640583
123.062,-1.7307291843579815
123.063,-1.7303221365587271
123.06399999999999,-1.7299141676948993
123.065,-1.7295052761028393
123.066,-1.7290954601266653
123.06700000000001,-1.7286847181183189
123.068,-1.7282730484376163
123.069,-1.7278604494522893
123.06999999999999,-1.7274469195380275
123.071,-1.7270324570785349
123.072,-1.7266170604655642
123.07300000000001,-1.7262007280989664
123.074,-1.72578345838674
123.075,-1.7253652497450656
123.07599999999999,-1.7249461005983622
123.077,-1.724526009379324
123.078,-1.7241049745289696
123.07899999999999,-1.7236829944966834
123.08,-1.7232600677402599
123.081,-1.7228361927259521
123.08199999999999,-1.7224113679285113
123.083,-1.721985591831233
123.084,-1.7215588629259968
123.08499999999999,-1.7211311797133182
123.086,-1.7207025407023853
123.087,-1.7202729444111027
123.08799999999999,-1.7198423893661392
123.089,-1.7194108741029668
123.09,-1.7189783971659032
123.09099999999999,-1.7185449571081608
123.092,-1.7181105524918805
123.093,-1.7176751818881821
123.09399999999999,-1.7172388438772002
123.095,-1.7168015370481351
123.096,-1.7163632599992837
123.09699999999999,-1.7159240113380925
123.098,-1.7154837896811923
123.099,-1.7150425936544402
123.09999999999999,-1.7146004218929671
123.101,-1.7141572730412138
123.102,-1.7137131457529717
123.10299999999999,-1.7132680386914299
123.104,-1.7128219505292064
123.105,-1.7123748799484013
123.10599999999999,-1.7119268256406275
123.107,-1.7114777863070554
123.108,-1.7110277606584519
123.10899999999999,-1.7105767474152249
123.11,-1.7101247453074544
123.111,-1.7096717530749443
123.11199999999999,-1.7092177694672519
123.113,-1.7087627932437308
123.114,-1.7083068231735763
123.11499999999999,-1.7078498580358543
123.116,-1.7073918966195492
123.117,-1.7069329377235971
123.11799999999999,-1.7064729801569314
123.119,-1.7060120227385127
123.12,-1.7055500642973742
123.121,-1.7050871036726569
123.122,-1.7046231397136511
123.123,-1.7041581712798295
123.124,-1.7036921972408896
123.125,-1.7032252164767883
123.126,-1.7027572278777825
123.127,-1.7022882303444633
123.128,-1.7018182227877952
123.129,-1.7013472041291555
123.13,-1.7008751733003646
123.131,-1.7004021292437286
123.13200000000001,-1.6999280709120779
123.133,-1.6994529972687911
123.134,-1.6989769072878484
123.13500000000001,-1.6984997999538569
123.136,-1.6980216742620864
123.137,-1.6975425292185098
123.13800000000001,-1.6970623638398386
123.139,-1.6965811771535528
123.14,-1.6960989681979428
123.14100000000001,-1.6956157360221389
123.142,-1.6951314796861512
123.143,-1.6946461982608998
123.14400000000001,-1.6941598908282529
123.145,-1.6936725564810593
123.146,-1.6931841943231833
123.14700000000001,-1.6926948034695384
123.148,-1.6922043830461218
123.149,-1.6917129321900459
123.15000000000001,-1.6912204500495767
123.151,-1.6907269357841597
123.152,-1.690232388564461
123.15300000000001,-1.689736807572396
123.154,-1.6892401920011606
123.155,-1.6887425410552681
123.15600000000001,-1.68824385395058
123.157,-1.6877441299143348
123.158,-1.6872433681851859
123.15900000000001,-1.6867415680132307
123.16,-1.6862387286600393
123.161,-1.6857348493986928
123.16200000000001,-1.6852299295138091
123.163,-1.684723968301574
123.164,-1.6842169650697785
123.16500000000001,-1.6837089191378398
123.166,-1.6831998298368398
123.167,-1.6826896965095552
123.16800000000001,-1.6821785185104803
123.169,-1.6816662952058654
123.17,-1.6811530259737424
123.17100000000001,-1.6806387102039557
123.172,-1.6801233472981916
123.173,-1.6796069366700079
123.17400000000001,-1.6790894777448591
123.175,-1.6785709699601319
123.176,-1.6780514127651709
123.17699999999999,-1.6775308056213043
123.178,-1.6770091480018761
123.179,-1.676486439392272
123.18000000000001,-1.6759626792899507
123.181,-1.6754378672044674
123.182,-1.6749120026575008
123.18299999999999,-1.6743850851828861
123.184,-1.6738571143266379
123.185,-1.6733280896469771
123.18600000000001,-1.6727980107143572
123.187,-1.6722668771114959
123.188,-1.671734688433395
123.18899999999999,-1.6712014442873682
123.19,-1.6706671442930725
123.191,-1.6701317880825246
123.19200000000001,-1.6695953753001342
123.193,-1.6690579056027262
123.194,-1.6685193786595645
123.19499999999999,-1.667979794152382
123.196,-1.6674391517753997
123.197,-1.6668974512353523
123.19800000000001,-1.6663546922515167
123.199,-1.6658108745557301
123.2,-1.6652659978924218
123.20099999999999,-1.6647200620186267
123.202,-1.6641730667040164
123.203,-1.6636250117309235
123.20399999999999,-1.6630758968943558
123.205,-1.6625257220020289
123.206,-1.6619744868743838
123.20699999999999,-1.6614221913446126
123.208,-1.6608688352586749
123.209,-1.6603144184753265
123.20999999999999,-1.6597589408661375
123.211,-1.6592024023155165
123.212,-1.6586448027207275
123.21299999999999,-1.6580861419919173
123.214,-1.6575264200521311
123.215,-1.6569656368373362
123.21599999999999,-1.6564037922964419
123.217,-1.6558408863913208
123.218,-1.6552769190968264
123.21899999999999,-1.6547118904008156
123.22,-1.6541458003041698
123.221,-1.653578648820806
123.22199999999999,-1.6530104359777109
123.223,-1.6524411618149442
123.224,-1.6518708263856672
123.22499999999999,-1.6512994297561616
123.226,-1.6507269720058404
123.227,-1.6501534532272752
123.22799999999999,-1.6495788735262091
123.229,-1.6490032330215736
123.23,-1.6484265318455109
123.23099999999999,-1.6478487701433866
123.232,-1.6472699480738093
123.233,-1.6466900658086474
123.23399999999999,-1.6461091235330443
123.235,-1.6455271214454377
123.236,-1.6449440597575724
123.23699999999999,-1.6443599386945182
123.238,-1.6437747584946876
123.239,-1.6431885194098483
123.23999999999999,-1.6426012217051378
123.241,-1.6420128656590847
123.242,-1.6414234515636141
123.24299999999999,-1.6408329797240739
123.244,-1.6402414504592384
123.245,-1.6396488641013285
123.246,-1.6390552209960259
123.247,-1.6384605215024837
123.248,-1.6378647659933434
123.249,-1.6372679548547442
123.25,-1.6366700884863423
123.251,-1.6360711673013189
123.252,-1.6354711917263929
123.253,-1.6348701622018349
123.254,-1.6342680791814828
123.255,-1.6336649431327452
123.256,-1.6330607545366229
123.25700000000001,-1.6324555138877126
123.258,-1.6318492216942229
123.259,-1.6312418784779834
123.26000000000001,-1.6306334847744588
123.261,-1.6300240411327529
123.262,-1.629413548115628
123.26300000000001,-1.6288020062995052
123.264,-1.6281894162744832
123.265,-1.6275757786443421
123.26600000000001,-1.6269610940265573
123.267,-1.6263453630523039
123.268,-1.6257285863664719
123.26900000000001,-1.6251107646276677
123.27,-1.6244918985082304
123.271,-1.6238719886942312
123.27200000000001,-1.6232510358854944
123.273,-1.6226290407955899
123.274,-1.6220060041518525
123.27500000000001,-1.6213819266953848
123.276,-1.6207568091810662
123.277,-1.6201306523775534
123.27800000000001,-1.6195034570673004
123.279,-1.6188752240465503
123.28,-1.6182459541253515
123.28100000000001,-1.6176156481275608
123.282,-1.6169843068908456
123.283,-1.6163519312666965
123.28400000000001,-1.6157185221204275
123.285,-1.6150840803311812
123.286,-1.6144486067919379
123.28700000000001,-1.6138121024095131
123.288,-1.6131745681045708
123.289,-1.6125360048116186
123.29000000000001,-1.6118964134790188
123.291,-1.6112557950689879
123.292,-1.6106141505576015
123.29300000000001,-1.6099714809347976
123.294,-1.6093277872043799
123.295,-1.6086830703840174
123.29600000000001,-1.6080373315052534
123.297,-1.6073905716134997
123.298,-1.6067427917680472
123.29900000000001,-1.6060939930420592
123.3,-1.6054441765225786
123.301,-1.6047933433105261
123.30199999999999,-1.6041414945207064
123.303,-1.6034886312818015
123.304,-1.6028347547363766
123.30500000000001,-1.6021798660408795
123.306,-1.6015239663656398
123.307,-1.6008670568948675
123.30799999999999,-1.6002091388266586
123.309,-1.5995502133729844
123.31,-1.5988902817597004
123.31100000000001,-1.598229345226541
123.312,-1.5975674050271165
123.313,-1.596904462428915
123.31399999999999,-1.5962405187132984
123.315,-1.5955755751755016
123.316,-1.5949096331246291
123.31700000000001,-1.5942426938836523
123.318,-1.5935747587894085
123.319,-1.5929058291925964
123.31999999999999,-1.5922359064577725
123.321,-1.5915649919633497
123.322,-1.5908930871015894
123.32300000000001,-1.5902201932786038
123.324,-1.5895463119143454
123.325,-1.5888714444426069
123.32599999999999,-1.5881955923110151
123.327,-1.5875187569810238
123.328,-1.5868409399279106
123.32899999999999,-1.5861621426407746
123.33,-1.5854823666225251
123.331,-1.5848016133898755
123.33199999999999,-1.5841198844733455
123.333,-1.583437181417243
123.334,-1.5827535057796696
123.33499999999999,-1.5820688591325003
123.336,-1.5813832430613894
123.337,-1.580696659165755
123.33799999999999,-1.5800091090587727
123.339,-1.57932059436737
123.34,-1.5786311167322165
123.34099999999999,-1.5779406778077161
123.342,-1.5772492792619963
123.343,-1.5765569227769038
123.34399999999999,-1.5758636100479917
123.345,-1.5751693427845117
123.346,-1.5744741227094026
123.34699999999999,-1.5737779515592831
123.348,-1.5730808310844444
123.349,-1.5723827630488283
123.34999999999999,-1.5716837492300302
123.351,-1.5709837914192821
123.352,-1.5702828914214391
123.35299999999999,-1.5695810510549748
123.354,-1.5688782721519638
123.355,-1.5681745565580734
123.35599999999999,-1.5674699061325494
123.357,-1.5667643227482042
123.358,-1.5660578082914078
123.35899999999999,-1.5653503646620694
123.36,-1.5646419937736269
123.361,-1.5639326975530379
123.36199999999999,-1.5632224779407582
123.363,-1.5625113368907333
123.364,-1.5617992763703836
123.36499999999999,-1.5610862983605904
123.366,-1.5603724048556811
123.367,-1.5596575978634117
123.36799999999999,-1.5589418794049581
123.369,-1.5582252515148958
123.37,-1.5575077162411848
123.371,-1.5567892756451558
123.372,-1.5560699318014963
123.373,-1.5553496867982273
123.374,-1.5546285427366948
123.375,-1.5539065017315474
123.376,-1.5531835659107238
123.377,-1.5524597374154325
123.378,-1.5517350184001346
123.379,-1.5510094110325294
123.38,-1.5502829174935311
123.381,-1.5495555399772565
123.38200000000001,-1.5488272806910017
123.383,-1.5480981418552302
123.384,-1.5473681257035437
123.38500000000001,-1.5466372344826729
123.386,-1.5459054704524524
123.387,-1.5451728358858041
123.38800000000001,-1.5444393330687172
123.389,-1.5437049643002219
123.39,-1.5429697318923834
123.39100000000001,-1.5422336381702633
123.392,-1.5414966854719139
123.393,-1.5407588761483506
123.39400000000001,-1.5400202125635269
123.395,-1.5392806970943234
123.396,-1.5385403321305136
123.39700000000001,-1.5377991200747543
123.398,-1.5370570633425538
123.399,-1.5363141643622518
123.40000000000001,-1.5355704255750013
123.401,-1.5348258494347413
123.402,-1.534080438408171
123.40300000000001,-1.5333341949747341
123.404,-1.5325871216265909
123.405,-1.5318392208685898
123.40600000000001,-1.5310904952182538
123.407,-1.5303409472057439
123.408,-1.5295905793738465
123.40900000000001,-1.5288393942779388
123.41,-1.5280873944859672
123.411,-1.5273345825784279
123.41200000000001,-1.5265809611483276
123.413,-1.5258265328011706
123.414,-1.525071300154929
123.41500000000001,-1.5243152658400114
123.416,-1.5235584324992439
123.417,-1.5228008027878377
123.41800000000001,-1.5220423793733633
123.419,-1.5212831649357286
123.42,-1.52052316216714
123.42100000000001,-1.5197623737720867
123.422,-1.519000802467307
123.423,-1.5182384509817584
123.42400000000001,-1.517475322056594
123.425,-1.5167114184451291
123.426,-1.5159467429128144
123.42699999999999,-1.5151812982372119
123.428,-1.5144150872079525
123.429,-1.5136481126267212
123.43000000000001,-1.512880377307217
123.431,-1.512111884075126
123.432,-1.5113426357680937
123.43299999999999,-1.5105726352356932
123.434,-1.5098018853393875
123.435,-1.5090303889525116
123.43600000000001,-1.5082581489602274
123.437,-1.5074851682595036
123.438,-1.5067114497590772
123.43899999999999,-1.505936996379424
123.44,-1.5051618110527252
123.441,-1.5043858967228378
123.44200000000001,-1.5036092563452579
123.443,-1.5028318928870905
123.444,-1.5020538093270157
123.44499999999999,-1.5012750086552544
123.446,-1.5004954938735415
123.447,-1.4997152679950752
123.44800000000001,-1.4989343340445047
123.449,-1.4981526950578816
123.45,-1.4973703540826278
123.45099999999999,-1.4965873141775043
123.452,-1.4958035784125721
123.453,-1.4950191498691616
123.45399999999999,-1.4942340316398321
123.455,-1.4934482268283427
123.456,-1.4926617385496068
123.45699999999999,-1.4918745699296689
123.458,-1.4910867241056533
123.459,-1.4902982042257422
123.45999999999999,-1.4895090134491293
123.461,-1.4887191549459846
123.462,-1.4879286318974221
123.46299999999999,-1.4871374474954542
123.464,-1.486345604942962
123.465,-1.485553107453653
123.46599999999999,-1.4847599582520217
123.467,-1.4839661605733183
123.468,-1.4831717176634993
123.46899999999999,-1.4823766327792001
123.47,-1.4815809091876906
123.471,-1.480784550166832
123.47199999999999,-1.479987559005044
123.473,-1.4791899390012651
123.474,-1.4783916934649057
123.47499999999999,-1.4775928257158175
123.476,-1.4767933390842445
123.477,-1.4759932369107895
123.47799999999999,-1.4751925225463691
123.479,-1.4743911993521728
123.48,-1.4735892706996245
123.48099999999999,-1.4727867399703407
123.482,-1.4719836105560851
123.483,-1.4711798858587319
123.48399999999999,-1.4703755692902196
123.485,-1.4695706642725126
123.486,-1.4687651742375563
123.48699999999999,-1.4679591026272329
123.488,-1.4671524528933242
123.489,-1.4663452284974619
123.48999999999999,-1.4655374329110873
123.491,-1.4647290696154105
123.492,-1.4639201421013608
123.49299999999999,-1.4631106538695486
123.494,-1.4623006084302168
123.495,-1.4614900093031995
123.496,-1.4606788600178757
123.497,-1.4598671641131244
123.498,-1.4590549251372824
123.499,-1.4582421466480939
123.5,-1.4574288322126712
123.501,-1.4566149854074444
123.502,-1.4558006098181211
123.503,-1.4549857090396277
123.504,-1.4541702866760842
123.505,-1.4533543463407359
123.506,-1.4525378916559233
123.50700000000001,-1.4517209262530251
123.508,-1.4509034537724153
123.509,-1.450085477863416
123.51000000000001,-1.4492670021842509
123.511,-1.4484480304019938
123.512,-1.4476285661925257
123.51300000000001,-1.4468086132404818
123.514,-1.4459881752392074
123.515,-1.4451672558907103
123.51600000000001,-1.444345858905606
123.517,-1.4435239880030719
123.518,-1.4427016469108072
123.51900000000001,-1.4418788393649637
123.52,-1.4410555691101214
123.521,-1.4402318398992151
123.52200000000001,-1.4394076554935022
123.523,-1.438583019662506
123.524,-1.437757936183959
123.52500000000001,-1.4369324088437672
123.526,-1.4361064414359486
123.527,-1.4352800377625834
123.52800000000001,-1.4344532016337703
123.529,-1.433625936867563
123.53,-1.432798247289933
123.53100000000001,-1.4319701367347097
123.532,-1.4311416090435258
123.533,-1.4303126680657776
123.53400000000001,-1.4294833176585597
123.535,-1.4286535616866198
123.536,-1.4278234040223083
123.53700000000001,-1.4269928485455172
123.538,-1.4261618991436371
123.539,-1.4253305597114982
123.54000000000001,-1.4244988341513174
123.541,-1.4236667263726484
123.542,-1.4228342402923271
123.54300000000001,-1.4220013798344133
123.544,-1.4211681489301449
123.545,-1.4203345515178758
123.54600000000001,-1.4195005915430301
123.547,-1.4186662729580386
123.548,-1.4178315997222912
123.54900000000001,-1.4169965758020817
123.55,-1.4161612051705479
123.551,-1.415325491807619
123.55199999999999,-1.4144894396999677
123.553,-1.4136530528409397
123.554,-1.412816335230513
123.55500000000001,-1.4119792908752338
123.556,-1.4111419237881613
123.557,-1.4103042379888142
123.55799999999999,-1.4094662375031171
123.559,-1.4086279263633321
123.56,-1.4077893086080169
123.56100000000001,-1.406950388281961
123.562,-1.4061111694361268
123.563,-1.405271656127598
123.56399999999999,-1.4044318524195156
123.565,-1.4035917623810299
123.566,-1.4027513900872342
123.56700000000001,-1.4019107396191113
123.568,-1.4010698150634735
123.569,-1.400228620512908
123.56999999999999,-1.3993871600657155
123.571,-1.3985454378258542
123.572,-1.3977034579028786
123.57300000000001,-1.3968612244118843
123.574,-1.3960187414734451
123.575,-1.3951760132135578
123.57599999999999,-1.3943330437635819
123.577,-1.3934898372601798
123.578,-1.392646397845257
123.57899999999999,-1.3918027296659043
123.58,-1.3909588368743366
123.581,-1.3901147236278342
123.58199999999999,-1.3892703940886806
123.583,-1.3884258524241069
123.584,-1.3875811028062275
123.58499999999999,-1.3867361494119779
123.586,-1.3858909964230604
123.587,-1.3850456480258801
123.58799999999999,-1.3842001084114832
123.589,-1.3833543817754959
123.59,-1.3825084723180674
123.59099999999999,-1.3816623842438005
123.592,-1.3808161217617017
123.593,-1.3799696890851065
123.59399999999999,-1.3791230904316292
123.595,-1.3782763300230967
123.596,-1.3774294120854833
123.59699999999999,-1.3765823408488529
123.598,-1.3757351205472967
123.599,-1.3748877554188668
123.59999999999999,-1.3740402497055204
123.601,-1.3731926076530527
123.602,-1.3723448335110318
123.60299999999999,-1.3714969315327425
123.604,-1.3706489059751195
123.605,-1.3698007610986833
123.60599999999999,-1.3689525011674808
123.607,-1.3681041304490176
123.608,-1.3672556532141973
123.60899999999999,-1.3664070737372576
123.61,-1.3655583962957054
123.611,-1.3647096251702582
123.61199999999999,-1.3638607646447676
123.613,-1.3630118190061702
123.614,-1.3621627925444173
123.61499999999999,-1.3613136895524041
123.616,-1.3604645143259178
123.617,-1.3596152711635636
123.61799999999999,-1.3587659643667023
123.619,-1.357916598239391
123.62,-1.357067177088308
123.621,-1.3562177052226971
123.622,-1.3553681869543011
123.623,-1.3545186265972877
123.624,-1.3536690284682009
123.625,-1.352819396885877
123.626,-1.3519697361713929
123.627,-1.3511200506479981
123.628,-1.3502703446410409
123.629,-1.3494206224779139
123.63,-1.3485708884879781
123.631,-1.3477211470025059
123.63200000000001,-1.34687140235461
123.633,-1.3460216588791756
123.634,-1.3451719209127986
123.63500000000001,-1.3443221927937199
123.636,-1.3434724788617511
123.637,-1.3426227834582178
123.63800000000001,-1.3417731109258866
123.639,-1.3409234656089011
123.64,-1.3400738518527151
123.64100000000001,-1.3392242740040234
123.642,-1.3383747364106988
123.643,-1.3375252434217213
123.64400000000001,-1.3366757993871128
123.645,-1.3358264086578706
123.646,-1.3349770755858992
123.64700000000001,-1.3341278045239418
123.648,-1.3332785998255163
123.649,-1.3324294658448421
123.65000000000001,-1.33158040693678
123.651,-1.3307314274567588
123.652,-1.3298825317607095
123.65300000000001,-1.3290337242049974
123.654,-1.3281850091463541
123.655,-1.3273363909418101
123.65600000000001,-1.3264878739486279
123.657,-1.3256394625242283
123.658,-1.3247911610261309
123.65900000000001,-1.3239429738118795
123.66,-1.3230949052389758
123.661,-1.3222469596648116
123.66200000000001,-1.3213991414465991
123.663,-1.3205514549413051
123.664,-1.3197039045055787
123.66500000000001,-1.3188564944956844
123.666,-1.3180092292674357
123.667,-1.317162113176126
123.66800000000001,-1.3163151505764508
123.669,-1.3154683458224565
123.67,-1.3146217032674532
123.67100000000001,-1.3137752272639607
123.672,-1.3129289221636296
123.673,-1.3120827923171752
123.67400000000001,-1.3112368420743123
123.675,-1.3103910757836785
123.676,-1.3095454977927741
123.67699999999999,-1.3087001124478856
123.678,-1.3078549240940187
123.679,-1.3070099370748314
123.68000000000001,-1.3061651557325635
123.681,-1.3053205844079638
123.682,-1.3044762274402257
123.68299999999999,-1.3036320891669155
123.684,-1.3027881739239031
123.685,-1.3019444860452933
123.68600000000001,-1.3011010298633539
123.687,-1.3002578097084481
123.688,-1.2994148299089694
123.68899999999999,-1.2985720947912607
123.69,-1.2977296086795551
123.691,-1.2968873758959027
123.69200000000001,-1.2960454007601003
123.693,-1.2952036875896222
123.694,-1.2943622406995492
123.69499999999999,-1.2935210644025033
123.696,-1.2926801630085725
123.697,-1.2918395408252432
123.69800000000001,-1.2909992021573333
123.699,-1.2901591513069177
123.7,-1.28931939257326
123.70099999999999,-1.2884799302527445
123.702,-1.2876407686388054
123.703,-1.2868019120218559
123.70399999999999,-1.2859633646892208
123.705,-1.2851251309250611
123.706,-1.2842872150103111
123.70699999999999,-1.2834496212226079
123.708,-1.2826123538362115
123.709,-1.2817754171219513
123.70999999999999,-1.2809388153471402
123.711,-1.2801025527755168
123.712,-1.2792666336671694
123.71299999999999,-1.2784310622784663
123.714,-1.2775958428619878
123.715,-1.2767609796664556
123.71599999999999,-1.2759264769366641
123.717,-1.2750923389134081
123.718,-1.2742585698334128
123.71899999999999,-1.2734251739292699
123.72,-1.2725921554293593
123.721,-1.2717595185577855
123.72199999999999,-1.2709272675343051
123.723,-1.2700954065742567
123.724,-1.2692639398884924
123.72499999999999,-1.2684328716833115
123.726,-1.2676022061603798
123.727,-1.266771947516673
123.72799999999999,-1.2659420999444011
123.729,-1.2651126676309346
123.73,-1.2642836547587419
123.73099999999999,-1.2634550655053183
123.732,-1.262626904043112
123.733,-1.2617991745394599
123.73399999999999,-1.2609718811565143
123.735,-1.2601450280511766
123.736,-1.2593186193750268
123.73699999999999,-1.2584926592742487
123.738,-1.2576671518895717
123.739,-1.2568421013561915
123.73999999999999,-1.2560175118037047
123.741,-1.2551933873560419
123.742,-1.2543697321313914
123.74299999999999,-1.2535465502421397
123.744,-1.2527238457947938
123.745,-1.2519016228899167
123.746,-1.2510798856220555
123.747,-1.2502586380796805
123.748,-1.2494378843450993
123.749,-1.2486176284944095
123.75,-1.2477978745974112
123.751,-1.24697862671755
123.752,-1.2461598889118453
123.753,-1.2453416652308136
123.754,-1.2445239597184172
123.755,-1.2437067764119767
123.756,-1.2428901193421156
123.75700000000001,-1.2420739925326885
123.758,-1.2412584000007072
123.759,-1.2404433457562811
123.76000000000001,-1.2396288338025441
123.761,-1.2388148681355855
123.762,-1.2380014527443854
123.76300000000001,-1.2371885916107435
123.764,-1.2363762887092136
123.765,-1.2355645480070365
123.76600000000001,-1.2347533734640659
123.767,-1.2339427690327087
123.768,-1.233132738657855
123.76900000000001,-1.2323232862768028
123.77,-1.2315144158192055
123.771,-1.2307061312069905
123.77200000000001,-1.2298984363543
123.773,-1.2290913351674213
123.774,-1.2282848315447179
123.77500000000001,-1.2274789293765653
123.776,-1.2266736325452836
123.777,-1.2258689449250675
123.77800000000001,-1.2250648703819274
123.779,-1.224261412773608
123.78,-1.2234585759495404
123.78100000000001,-1.2226563637507615
123.782,-1.2218547800098505
123.783,-1.2210538285508683
123.78400000000001,-1.2202535131892864
123.785,-1.219453837731918
123.786,-1.2186548059768603
123.78700000000001,-1.2178564217134205
123.788,-1.2170586887220565
123.789,-1.2162616107743058
123.79000000000001,-1.2154651916327219
123.791,-1.2146694350508109
123.792,-1.2138743447729632
123.79300000000001,-1.2130799245343891
123.794,-1.2122861780610554
123.795,-1.211493109069617
123.79600000000001,-1.2107007212673548
123.797,-1.2099090183521111
123.798,-1.2091180040122207
123.79900000000001,-1.2083276819264521
123.8,-1.2075380557639395
123.801,-1.2067491291841188
123.80199999999999,-1.2059609058366645
123.803,-1.2051733893614249
123.804,-1.2043865833883576
123.80500000000001,-1.2036004915374681
123.806,-1.2028151174187409
123.807,-1.2020304646320843
123.80799999999999,-1.2012465367672585
123.809,-1.2004633374038149
123.81,-1.1996808701110375
123.81100000000001,-1.1988991384478733
123.812,-1.1981181459628736
123.813,-1.1973378961941301
123.81399999999999,-1.1965583926692112
123.815,-1.195779638905101
123.816,-1.1950016384081374
123.81700000000001,-1.1942243946739464
123.818,-1.1934479111873859
123.819,-1.1926721914224765
123.81999999999999,-1.1918972388423479
123.821,-1.1911230568991706
123.822,-1.1903496490340966
123.82300000000001,-1.1895770186772003
123.824,-1.1888051692474149
123.825,-1.18803410415247
123.82599999999999,-1.1872638267888362
123.827,-1.1864943405416581
123.828,-1.1857256487846974
123.82899999999999,-1.1849577548802741
123.83,-1.1841906621791991
123.831,-1.1834243740207222
123.83199999999999,-1.1826588937324707
123.833,-1.1818942246303832
123.834,-1.1811303700186608
123.83499999999999,-1.1803673331896949
123.836,-1.1796051174240194
123.837,-1.1788437259902476
123.83799999999999,-1.1780831621450085
123.839,-1.1773234291328967
123.84,-1.1765645301864083
123.84099999999999,-1.1758064685258813
123.842,-1.175049247359444
123.843,-1.1742928698829482
123.84399999999999,-1.1735373392799209
123.845,-1.1727826587214982
123.846,-1.1720288313663725
123.84699999999999,-1.1712758603607352
123.848,-1.1705237488382159
123.849,-1.1697724999198298
123.84999999999999,-1.1690221167139205
123.851,-1.1682726023160992
123.852,-1.1675239598091924
123.85299999999999,-1.1667761922631879
123.854,-1.1660293027351691
123.855,-1.1652832942692704
123.85599999999999,-1.1645381698966175
123.857,-1.1637939326352664
123.858,-1.1630505854901592
123.85899999999999,-1.1623081314530574
123.86,-1.161566573502496
123.861,-1.160825914603727
123.86199999999999,-1.1600861577086583
123.863,-1.1593473057558088
123.864,-1.1586093616702513
123.86499999999999,-1.1578723283635537
123.866,-1.1571362087337325
123.867,-1.1564010056651939
123.86799999999999,-1.1556667220286858
123.869,-1.1549333606812406
123.87,-1.1542009244661224
123.871,-1.1534694162127779
123.872,-1.1527388387367827
123.873,-1.1520091948397853
123.874,-1.1512804873094622
123.875,-1.1505527189194578
123.876,-1.1498258924293423
123.877,-1.1491000105845524
123.878,-1.1483750761163434
123.879,-1.1476510917417404
123.88,-1.1469280601634839
123.881,-1.146205984069981
123.88200000000001,-1.1454848661352577
123.883,-1.1447647090189035
123.884,-1.1440455153660263
123.88500000000001,-1.1433272878072016
123.886,-1.1426100289584227
123.887,-1.1418937414210519
123.88800000000001,-1.1411784277817705
123.889,-1.1404640906125343
123.89,-1.1397507324705209
123.89100000000001,-1.1390383558980817
123.892,-1.1383269634226971
123.893,-1.1376165575569275
123.89400000000001,-1.1369071407983629
123.895,-1.1361987156295821
123.896,-1.135491284518098
123.89700000000001,-1.1347848499163189
123.898,-1.1340794142614954
123.899,-1.133374979975678
123.90000000000001,-1.1326715494656669
123.901,-1.1319691251229758
123.902,-1.131267709323772
123.90300000000001,-1.1305673044288453
123.904,-1.129867912783554
123.905,-1.1291695367177821
123.90600000000001,-1.1284721785458973
123.907,-1.1277758405667055
123.908,-1.1270805250634028
123.90900000000001,-1.1263862343035402
123.91,-1.1256929705389715
123.911,-1.1250007360058152
123.91200000000001,-1.1243095329244082
123.913,-1.1236193634992668
123.914,-1.1229302299190433
123.91500000000001,-1.122242134356479
123.916,-1.1215550789683684
123.917,-1.1208690658955156
123.91800000000001,-1.1201840972626893
123.919,-1.1195001751785894
123.92,-1.1188173017357952
123.92100000000001,-1.1181354790107356
123.922,-1.1174547090636417
123.923,-1.1167749939385088
123.92400000000001,-1.1160963356630573
123.925,-1.1154187362486929
123.926,-1.1147421976904623
123.92699999999999,-1.1140667219670244
123.928,-1.1133923110406012
123.929,-1.1127189668569462
123.93000000000001,-1.1120466913453018
123.931,-1.1113754864183627
123.932,-1.1107053539722405
123.93299999999999,-1.1100362958864229
123.934,-1.1093683140237365
123.935,-1.1087014102303141
123.93600000000001,-1.1080355863355515
123.937,-1.1073708441520769
123.938,-1.1067071854757142
123.93899999999999,-1.106044612085441
123.94,-1.1053831257433622
123.941,-1.1047227281946688
123.94200000000001,-1.1040634211676013
123.943,-1.1034052063734237
123.944,-1.1027480855063783
123.94499999999999,-1.1020920602436581
123.946,-1.1014371322453755
123.947,-1.1007833031545173
123.94800000000001,-1.100130574596925
123.949,-1.0994789481812532
123.95,-1.0988284254989384
123.95099999999999,-1.0981790081241696
123.952,-1.0975306976138519
123.953,-1.096883495507579
123.95399999999999,-1.0962374033275981
123.955,-1.0955924225787774
123.956,-1.0949485547485827
123.95699999999999,-1.0943058013070386
123.958,-1.0936641637066999
123.959,-1.0930236433826248
123.95999999999999,-1.0923842417523417
123.961,-1.091745960215821
123.962,-1.0911088001554459
123.96299999999999,-1.0904727629359838
123.964,-1.0898378499045547
123.965,-1.0892040623906076
123.96599999999999,-1.0885714017058896
123.967,-1.0879398691444171
123.968,-1.0873094659824496
123.96899999999999,-1.0866801934784645
123.97,-1.0860520528731283
123.971,-1.0854250453892673
123.97199999999999,-1.084799172231846
123.973,-1.0841744345879403
123.974,-1.0835508336267072
123.97499999999999,-1.0829283704993657
123.976,-1.0823070463391677
123.977,-1.0816868622613736
123.97799999999999,-1.0810678193632313
123.979,-1.0804499187239447
123.98,-1.0798331614046581
123.98099999999999,-1.0792175484484283
123.982,-1.0786030808802001
123.983,-1.0779897597067867
123.98399999999999,-1.077377585916844
123.985,-1.0767665604808498
123.986,-1.0761566843510839
123.98699999999999,-1.0755479584615999
123.988,-1.074940383728211
123.989,-1.0743339610484652
123.98999999999999,-1.0737286913016229
123.991,-1.0731245753486405
123.992,-1.0725216140321456
123.99299999999999,-1.0719198081764227
123.994,-1.0713191585873889
123.995,-1.0707196660525735
123.996,-1.0701213313411058
123.997,-1.0695241552036896
123.998,-1.068928138372587
123.999,-1.0683332815616025
124,-1.0677395854660616
124.001,-1.0671470507627967
124.002,-1.0665556781101269
124.003,-1.0659654681478428
124.004,-1.0653764214971915
124.005,-1.0647885387608564
124.006,-1.0642018205229451
124.00700000000001,-1.0636162673489726
124.008,-1.0630318797858438
124.009,-1.0624486583618422
124.01000000000001,-1.0618666035866127
124.011,-1.0612857159511477
124.012,-1.0607059959277754
124.01300000000001,-1.0601274439701402
124.014,-1.0595500605131976
124.015,-1.058973845973195
124.01600000000001,-1.0583988007476579
124.017,-1.0578249252153831
124.018,-1.0572522197364238
124.01900000000001,-1.0566806846520764
124.02,-1.0561103202848701
124.021,-1.0555411269385544
124.02200000000001,-1.0549731048980913
124.023,-1.0544062544296446
124.024,-1.0538405757805633
124.02500000000001,-1.0532760691793801
124.026,-1.0527127348357959
124.027,-1.0521505729406717
124.02800000000001,-1.0515895836660238
124.029,-1.0510297671650077
124.03,-1.0504711235719166
124.03100000000001,-1.0499136530021682
124.032,-1.0493573555523008
124.033,-1.0488022312999632
124.03400000000001,-1.0482482803039082
124.035,-1.0476955026039865
124.036,-1.0471438982211403
124.03700000000001,-1.0465934671573971
124.038,-1.0460442093958613
124.039,-1.0454961249007118
124.04000000000001,-1.0449492136171961
124.041,-1.0444034754716236
124.042,-1.0438589103713645
124.04300000000001,-1.0433155182048395
124.044,-1.0427732988415246
124.045,-1.0422322521319374
124.04600000000001,-1.0416923779076419
124.047,-1.0411536759812414
124.048,-1.0406161461463752
124.04900000000001,-1.0400797881777204
124.05,-1.0395446018309844
124.051,-1.0390105868429076
124.05199999999999,-1.0384777429312577
124.053,-1.0379460697948335
124.054,-1.0374155671134588
124.05500000000001,-1.0368862345479863
124.056,-1.036358071740294
124.057,-1.0358310783132876
124.05799999999999,-1.0353052538709
124.059,-1.0347805979980913
124.06,-1.0342571102608509
124.06100000000001,-1.0337347902061977
124.062,-1.0332136373621836
124.063,-1.0326936512378939
124.06399999999999,-1.0321748313234484
124.065,-1.0316571770900069
124.066,-1.0311406879897709
124.06700000000001,-1.0306253634559843
124.068,-1.0301112029029424
124.069,-1.0295982057259885
124.06999999999999,-1.0290863713015244
124.071,-1.0285756989870121
124.072,-1.0280661881209752
124.07300000000001,-1.0275578380230119
124.074,-1.0270506479937938
124.075,-1.0265446173150727
124.07599999999999,-1.0260397452496879
124.077,-1.0255360310415711
124.078,-1.0250334739157556
124.07899999999999,-1.0245320730783789
124.08,-1.0240318277166927
124.081,-1.023532736999069
124.08199999999999,-1.0230348000750131
124.083,-1.0225380160751596
124.084,-1.0220423841112953
124.08499999999999,-1.0215479032763555
124.086,-1.021054572644442
124.087,-1.0205623912708264
124.08799999999999,-1.0200713581919627
124.089,-1.0195814724254975
124.09,-1.0190927329702768
124.09099999999999,-1.0186051388063602
124.092,-1.0181186888950295
124.093,-1.0176333821788004
124.09399999999999,-1.0171492175814332
124.095,-1.0166661940079469
124.096,-1.0161843103446266
124.09699999999999,-1.0157035654590398
124.098,-1.0152239582000491
124.099,-1.0147454873978181
124.09999999999999,-1.014268151863837
124.101,-1.0137919503909223
124.102,-1.0133168817532416
124.10299999999999,-1.0128429447063194
124.104,-1.012370137987058
124.105,-1.0118984603137473
124.10599999999999,-1.0114279103860815
124.107,-1.0109584868851738
124.108,-1.0104901884735724
124.10899999999999,-1.0100230137952759
124.11,-1.0095569614757474
124.111,-1.0090920301219382
124.11199999999999,-1.0086282183222917
124.113,-1.0081655246467711
124.114,-1.0077039476468743
124.11499999999999,-1.0072434858556449
124.116,-1.0067841377876996
124.117,-1.0063259019392379
124.11799999999999,-1.0058687767880654
124.119,-1.0054127607936127
124.12,-1.0049578523969473
124.121,-1.0045040500208005
124.122,-1.0040513520695855
124.123,-1.0035997569294113
124.124,-1.0031492629681107
124.125,-1.0026998685352539
124.126,-1.0022515719621723
124.127,-1.0018043715619793
124.128,-1.0013582656295883
124.129,-1.0009132524417395
124.13,-1.0004693302570147
124.131,-1.0000264973158639
124.13200000000001,-0.99958475184062712
124.133,-0.99914409203555299
124.134,-0.99870451608682642
124.13500000000001,-0.99826602216258786
124.136,-0.99782860841295773
124.137,-0.99739227297006017
124.13800000000001,-0.99695701394804392
124.139,-0.99652282944311166
124.14,-0.99608971753354081
124.14100000000001,-0.99565767627970558
124.142,-0.99522670372410582
124.143,-0.99479679789139142
124.14400000000001,-0.99436795678838497
124.145,-0.99394017840411086
124.146,-0.9935134607098155
124.14700000000001,-0.99308780165900035
124.148,-0.99266319918744328
124.149,-0.99223965121322477
124.15000000000001,-0.99181715563675854
124.151,-0.99139571034081575
124.152,-0.99097531319055032
124.15300000000001,-0.99055596203353224
124.154,-0.99013765469976822
124.155,-0.98972038900173698
124.15600000000001,-0.98930416273441013
124.157,-0.98888897367528594
124.158,-0.98847481958441596
124.15900000000001,-0.98806169820443546
124.16,-0.98764960726058693
124.161,-0.98723854446075943
124.16200000000001,-0.98682850749550943
124.163,-0.98641949403809526
124.164,-0.98601150174450503
124.16500000000001,-0.9856045282534871
124.166,-0.98519857118658316
124.167,-0.98479362814815796
124.16800000000001,-0.98438969672542465
124.169,-0.98398677448848804
124.17,-0.98358485899036197
124.17100000000001,-0.98318394776701368
124.172,-0.98278403833738781
124.173,-0.98238512820344037
124.17400000000001,-0.98198721485017226
124.175,-0.9815902957456617
124.176,-0.98119436834109552
124.17699999999999,-0.9807994300708045
124.178,-0.98040547835229397
124.179,-0.98001251058627981
124.18000000000001,-0.97962052415672063
124.181,-0.97922951643085154
124.182,-0.97883948475921967
124.18299999999999,-0.97845042647571701
124.184,-0.97806233889761462
124.185,-0.97767521932559953
124.18600000000001,-0.97728906504380797
124.187,-0.97690387331986006
124.188,-0.97651964140489866
124.18899999999999,-0.97613636653361779
124.19,-0.97575404592430615
124.191,-0.97537267677888084
124.19200000000001,-0.97499225628291764
124.193,-0.97461278160569664
124.194,-0.97423424990023211
124.19499999999999,-0.97385665830331036
124.196,-0.97348000393553202
124.197,-0.97310428390133952
124.19800000000001,-0.97272949528906261
124.199,-0.97235563517095325
124.2,-0.97198270060322156
124.20099999999999,-0.97161068862607558
124.202,-0.97123959626375833
124.203,-0.97086942052458691
124.20399999999999,-0.97050015840099157
124.205,-0.97013180686955192
124.206,-0.9697643628910364
124.20699999999999,-0.96939782341044567
124.208,-0.9690321853570425
124.209,-0.96866744564439933
124.20999999999999,-0.96830360117043646
124.211,-0.96794064881745689
124.212,-0.96757858545219122
124.21299999999999,-0.96721740792583644
124.214,-0.96685711307409261
124.215,-0.96649769771720839
124.21599999999999,-0.96613915866001943
124.217,-0.96578149269198699
124.218,-0.96542469658724039
124.21899999999999,-0.96506876710461853
124.22,-0.96471370098771225
124.221,-0.96435949496490037
124.22199999999999,-0.96400614574939736
124.223,-0.96365365003929004
124.224,-0.96330200451758352
124.22499999999999,-0.96295120585223759
124.226,-0.96260125069621538
124.227,-0.96225213568752155
124.22799999999999,-0.96190385744924334
124.229,-0.96155641258959657
124.23,-0.9612097977019658
124.23099999999999,-0.9608640093649492
124.232,-0.96051904414239875
124.233,-0.96017489858346416
124.23399999999999,-0.95983156922263957
124.235,-0.95948905257979855
124.236,-0.95914734516024724
124.23699999999999,-0.95880644345476207
124.238,-0.9584663439396337
124.239,-0.9581270430767117
124.23999999999999,-0.95778853731345226
124.241,-0.95745082308295282
124.242,-0.95711389680400583
124.24299999999999,-0.95677775488113936
124.244,-0.95644239370466022
124.245,-0.95610780965069919
124.246,-0.95577399908125704
124.247,-0.95544095834424891
124.248,-0.95510868377354807
124.249,-0.95477717168903209
124.25,-0.95444641839662614
124.251,-0.95411642018834986
124.252,-0.9537871733423644
124.253,-0.95345867412301244
124.254,-0.95313091878086897
124.255,-0.95280390355278577
124.256,-0.95247762466193353
124.25700000000001,-0.95215207831785276
124.258,-0.95182726071649704
124.259,-0.95150316804027812
124.26000000000001,-0.95117979645811568
124.261,-0.95085714212547834
124.262,-0.95053520118443613
124.26300000000001,-0.95021396976369998
124.264,-0.94989344397867237
124.265,-0.94957361993149725
124.26600000000001,-0.94925449371109805
124.267,-0.94893606139323028
124.268,-0.94861831904052862
124.26900000000001,-0.94830126270255
124.27,-0.94798488841582484
124.271,-0.94766919220389956
124.27200000000001,-0.94735417007738842
124.273,-0.94703981803401871
124.274,-0.94672613205867506
124.27500000000001,-0.94641310812345125
124.276,-0.94610074218769591
124.277,-0.94578903019805893
124.27800000000001,-0.94547796808854079
124.279,-0.94516755178053802
124.28,-0.94485777718289188
124.28100000000001,-0.94454864019193829
124.282,-0.94424013669155094
124.283,-0.94393226255319163
124.28400000000001,-0.94362501363596096
124.285,-0.94331838578663985
124.286,-0.94301237483974276
124.28700000000001,-0.9427069766175622
124.288,-0.9424021869302206
124.289,-0.94209800157571677
124.29000000000001,-0.94179441633997008
124.291,-0.94149142699687416
124.292,-0.94118902930834425
124.29300000000001,-0.94088721902436223
124.294,-0.94058599188302727
124.295,-0.94028534361060401
124.29600000000001,-0.93998526992157116
124.297,-0.93968576651866886
124.298,-0.93938682909294835
124.29900000000001,-0.93908845332381796
124.3,-0.93879063487909531
124.301,-0.93849336941505235
124.30199999999999,-0.93819665257646712
124.303,-0.9379004799966677
124.304,-0.93760484729758642
124.30500000000001,-0.93730975008980466
124.306,-0.93701518397260108
124.307,-0.93672114453400335
124.30799999999999,-0.93642762735083407
124.309,-0.93613462798875968
124.31,-0.93584214200234106
124.31100000000001,-0.93555016493507992
124.312,-0.93525869231946768
124.313,-0.93496771967703718
124.31399999999999,-0.93467724251840556
124.315,-0.93438725634332953
124.316,-0.93409775664074801
124.31700000000001,-0.9338087388888352
124.318,-0.9335201985550472
124.319,-0.93323213109617109
124.31999999999999,-0.93294453195837401
124.321,-0.93265739657725044
124.322,-0.93237072037787128
124.32300000000001,-0.93208449877483601
124.324,-0.93179872717231205
124.325,-0.93151340096409574
124.32599999999999,-0.93122851553365216
124.327,-0.93094406625416459
124.328,-0.93066004848858652
124.32899999999999,-0.93037645758968801
124.33,-0.93009328890010323
124.331,-0.92981053775238021
124.33199999999999,-0.92952819946903031
124.333,-0.92924626936257448
124.334,-0.92896474273559271
124.33499999999999,-0.92868361488077156
124.336,-0.9284028810809537
124.337,-0.92812253660918609
124.33799999999999,-0.92784257672876636
124.339,-0.92756299669329301
124.34,-0.92728379174671316
124.34099999999999,-0.92700495712336983
124.342,-0.9267264880480508
124.343,-0.92644837973603567
124.34399999999999,-0.92617062739314671
124.345,-0.92589322621579195
124.346,-0.92561617139101759
124.34699999999999,-0.92533945809655216
124.348,-0.92506308150085892
124.349,-0.92478703676317742
124.34999999999999,-0.92451131903357786
124.351,-0.92423592345300287
124.352,-0.92396084515331789
124.35299999999999,-0.92368607925736068
124.354,-0.92341162087898243
124.355,-0.92313746512310346
124.35599999999999,-0.92286360708575232
124.357,-0.92259004185411975
124.358,-0.92231676450660105
124.35899999999999,-0.92204377011284722
124.36,-0.92177105373380708
124.361,-0.92149861042177994
124.36199999999999,-0.921226435220458
124.363,-0.92095452316497473
124.364,-0.9206828692819522
124.36499999999999,-0.92041146858954703
124.366,-0.92014031609749702
124.367,-0.919869406807168
124.36799999999999,-0.91959873571159911
124.369,-0.91932829779555214
124.37,-0.91905808803555211
124.371,-0.91878810139994194
124.372,-0.91851833284891904
124.373,-0.91824877733458776
124.374,-0.91797942980100355
124.375,-0.91771028518421827
124.376,-0.91744133841232567
124.377,-0.91717258440550831
124.378,-0.91690401807608235
124.379,-0.91663563432854245
124.38,-0.91636742805960769
124.381,-0.91609939415826602
124.38200000000001,-0.91583152750582242
124.383,-0.91556382297593797
124.384,-0.91529627543468139
124.38500000000001,-0.91502887974056946
124.386,-0.91476163074461292
124.387,-0.91449452329036207
124.38800000000001,-0.91422755221394936
124.389,-0.91396071234413467
124.39,-0.91369399850235067
124.39100000000001,-0.9134274055027467
124.392,-0.9131609281522286
124.393,-0.91289456125051038
124.39400000000001,-0.91262829959015068
124.395,-0.91236213795660115
124.396,-0.91209607112824886
124.39700000000001,-0.91183009387645519
124.398,-0.91156420096560975
124.399,-0.91129838715316125
124.40000000000001,-0.91103264718966948
124.401,-0.9107669758188448
124.402,-0.91050136777758994
124.40300000000001,-0.91023581779604545
124.404,-0.90997032059763039
124.405,-0.90970487089908558
124.40600000000001,-0.90943946341051407
124.407,-0.90917409283542705
124.408,-0.90890875387078141
124.40900000000001,-0.90864344120702523
124.41,-0.90837814952813867
124.411,-0.90811287351167325
124.41200000000001,-0.90784760782879692
124.413,-0.90758234714433095
124.414,-0.90731708611679784
124.41500000000001,-0.90705181939845514
124.416,-0.90678654163534222
124.417,-0.90652124746731477
124.41800000000001,-0.90625593152809159
124.419,-0.90599058844529456
124.42,-0.90572521284048224
124.42100000000001,-0.90545979932919818
124.422,-0.90519434252100717
124.423,-0.90492883701953319
124.42400000000001,-0.90466327742250519
124.425,-0.90439765832179186
124.426,-0.90413197430343928
124.42699999999999,-0.90386621994771787
124.428,-0.90360038982915314
124.429,-0.90333447851656956
124.43000000000001,-0.9030684805731295
124.431,-0.90280239055636735
124.432,-0.90253620301823445
124.43299999999999,-0.90226991250513189
124.434,-0.90200351355795338
124.435,-0.90173700071211793
124.43600000000001,-0.90147036849761264
124.437,-0.90120361143902805
124.438,-0.90093672405559611
124.43899999999999,-0.90066970086122722
124.44,-0.90040253636454737
124.441,-0.90013522506893584
124.44200000000001,-0.89986776147256209
124.443,-0.89960014006842193
124.444,-0.8993323553443735
124.44499999999999,-0.89906440178317504
124.446,-0.89879627386252148
124.447,-0.89852796605507557
124.44800000000001,-0.89825947282851337
124.449,-0.89799078864554782
124.45,-0.89772190796397644
124.45099999999999,-0.89745282523670644
124.452,-0.8971835349117947
124.453,-0.89691403143248505
124.45399999999999,-0.89664430923723848
124.455,-0.89637436275976912
124.456,-0.89610418642907952
124.45699999999999,-0.89583377466949532
124.458,-0.89556312190069631
124.459,-0.89529222253775687
124.45999999999999,-0.89502107099117212
124.461,-0.8947496616668944
124.462,-0.8944779889663701
124.46299999999999,-0.89420604728656716
124.464,-0.89393383102001289
124.465,-0.89366133455482322
124.46599999999999,-0.89338855227473601
124.467,-0.89311547855914819
124.468,-0.89284210778314077
124.46899999999999,-0.89256843431751465
124.47,-0.89229445252882389
124.471,-0.89202015677940549
124.47199999999999,-0.89174554142740958
124.473,-0.8914706008268356
124.474,-0.89119532932755652
124.47499999999999,-0.89091972127535768
124.476,-0.89064377101196102
124.477,-0.89036747287505924
124.47799999999999,-0.89009082119834515
124.479,-0.88981381031154161
124.48,-0.8895364345404333
124.48099999999999,-0.88925868820689491
124.482,-0.88898056562891914
124.483,-0.88870206112065175
124.48399999999999,-0.88842316899241491
124.485,-0.88814388355073981
124.486,-0.88786419909839398
124.48699999999999,-0.88758410993441106
124.488,-0.8873036103541192
124.489,-0.88702269464916728
124.48999999999999,-0.88674135710755775
124.491,-0.88645959201366908
124.492,-0.88617739364828707
124.49299999999999,-0.88589475628863235
124.494,-0.88561167420838638
124.495,-0.88532814167771767
124.496,-0.88504415296331285
124.497,-0.88475970232839929
124.498,-0.88447478403277402
124.499,-0.88418939233282901
124.5,-0.88390352148157825
124.501,-0.8836171657286831
124.502,-0.8833303193204789
124.503,-0.88304297650000052
124.504,-0.88275513150700613
124.505,-0.88246677857800471
124.506,-0.88217791194628026
124.50700000000001,-0.88188852584191713
124.508,-0.88159861449182286
124.509,-0.88130817211975598
124.51000000000001,-0.88101719294634662
124.511,-0.88072567118912271
124.512,-0.88043360106253554
124.51300000000001,-0.88014097677797754
124.514,-0.8798477925438144
124.515,-0.87955404256540093
124.51600000000001,-0.87925972104510741
124.517,-0.8789648221823434
124.518,-0.87866934017357834
124.51900000000001,-0.87837326921236469
124.52,-0.87807660348936212
124.521,-0.87777933719235723
124.52200000000001,-0.87748146450628739
124.523,-0.87718297961326153
124.524,-0.8768838766925815
124.52500000000001,-0.87658414992076472
124.526,-0.87628379347156415
124.527,-0.87598280151599073
124.52800000000001,-0.87568116822233288
124.529,-0.875378887756177
124.53,-0.87507595428042984
124.53100000000001,-0.87477236195533736
124.532,-0.8744681049385048
124.533,-0.87416317738491589
124.53400000000001,-0.87385757344695647
124.535,-0.87355128727442799
124.536,-0.87324431301457084
124.53700000000001,-0.87293664481208344
124.538,-0.8726282768091409
124.539,-0.87231920314541167
124.54000000000001,-0.87200941795807818
124.541,-0.87169891538185529
124.542,-0.87138768954901025
124.54300000000001,-0.87107573458937493
124.544,-0.87076304463036869
124.545,-0.87044961379701613
124.54600000000001,-0.87013543621196243
124.547,-0.86982050599549132
124.548,-0.86950481726554196
124.54900000000001,-0.86918836413772849
124.55,-0.86887114072535199
124.551,-0.86855314113942073
124.55199999999999,-0.86823435948866745
124.553,-0.8679147898795605
124.554,-0.86759442641632689
124.55500000000001,-0.8672732632009621
124.556,-0.86695129433324758
124.557,-0.86662851391076967
124.55799999999999,-0.86630491602893067
124.559,-0.86598049478096439
124.56,-0.86565524425795548
124.56100000000001,-0.86532915854884873
124.562,-0.86500223174046642
124.563,-0.86467445791752362
124.56399999999999,-0.86434583116264108
124.565,-0.86401634555635987
124.566,-0.86368599517715539
124.56700000000001,-0.86335477410145045
124.568,-0.86302267640363084
124.569,-0.86268969615605684
124.56999999999999,-0.86235582742907813
124.571,-0.86202106429104508
124.572,-0.8616854008083239
124.57300000000001,-0.86134883104530724
124.574,-0.86101134906443066
124.575,-0.86067294892617774
124.57599999999999,-0.86033362468910379
124.577,-0.85999337040983548
124.578,-0.8596521801430923
124.57899999999999,-0.85931004794169463
124.58,-0.85896696785657456
124.581,-0.8586229339367919
124.58199999999999,-0.85827794022953796
124.583,-0.85793198078015576
124.584,-0.85758504963214466
124.58499999999999,-0.85723714082717262
124.586,-0.85688824840509015
124.587,-0.85653836640393743
124.58799999999999,-0.85618748885995521
124.589,-0.85583560980759721
124.59,-0.85548272327954056
124.59099999999999,-0.85512882330669071
124.592,-0.85477390391819963
124.593,-0.85441795914146668
124.59399999999999,-0.85406098300215616
124.595,-0.85370296952420222
124.596,-0.8533439127298188
124.59699999999999,-0.85298380663951079
124.598,-0.85262264527208154
124.599,-0.85226042264464108
124.59999999999999,-0.85189713277261747
124.601,-0.85153276966976255
124.602,-0.85116732734816281
124.60299999999999,-0.85080079981824808
124.604,-0.85043318108879729
124.605,-0.85006446516694911
124.60599999999999,-0.84969464605820821
124.607,-0.84932371776645388
124.608,-0.84895167429395091
124.60899999999999,-0.84857850964135051
124.61,-0.84820421780770405
124.611,-0.84782879279046819
124.61199999999999,-0.84745222858551084
124.613,-0.84707451918712207
124.614,-0.84669565858801721
124.61499999999999,-0.8463156407793464
124.616,-0.8459344597506997
124.617,-0.84555210949011705
124.61799999999999,-0.84516858398408989
124.619,-0.84478387721757242
124.62,-0.84439798317398629
124.621,-0.84401089583522482
124.622,-0.84362260918166432
124.623,-0.84323311719216276
124.624,-0.8428424138440751
124.625,-0.84245049311325193
124.626,-0.84205734897404705
124.627,-0.84166297539932455
124.628,-0.84126736636046284
124.629,-0.84087051582736394
124.63,-0.84047241776845305
124.631,-0.84007306615068833
124.63200000000001,-0.83967245493956444
124.633,-0.83927057809911898
124.634,-0.83886742959193472
124.63500000000001,-0.83846300337915047
124.636,-0.83805729342045709
124.637,-0.8376502936741137
124.63800000000001,-0.83724199809694011
124.639,-0.83683240064433129
124.64,-0.83642149527025822
124.64100000000001,-0.83600927592727148
124.642,-0.83559573656650787
124.643,-0.83518087113769424
124.64400000000001,-0.83476467358914963
124.645,-0.83434713786779491
124.646,-0.83392825791914871
124.64700000000001,-0.83350802768734056
124.648,-0.83308644111510932
124.649,-0.83266349214380941
124.65000000000001,-0.83223917471341302
124.651,-0.83181348276251543
124.652,-0.83138641022833926
124.65300000000001,-0.83095795104673842
124.654,-0.83052809915219838
124.655,-0.83009684847784504
124.65600000000001,-0.82966419295544624
124.657,-0.82923012651541383
124.658,-0.82879464308680872
124.65900000000001,-0.82835773659734424
124.66,-0.82791940097339145
124.661,-0.82747963013997872
124.66200000000001,-0.8270384180207988
124.663,-0.82659575853820999
124.664,-0.8261516456132405
124.66500000000001,-0.82570607316559208
124.666,-0.82525903511364151
124.667,-0.82481052537444799
124.66800000000001,-0.82436053786374908
124.669,-0.82390906649597317
124.67,-0.82345610518423484
124.67100000000001,-0.82300164784034346
124.672,-0.82254568837480257
124.673,-0.82208822069681475
124.67400000000001,-0.82162923871428672
124.675,-0.82116873633382825
124.676,-0.8207067074607568
124.67699999999999,-0.82024314599910442
124.678,-0.81977804585161507
124.679,-0.81931140091975152
124.68000000000001,-0.81884320510369912
124.681,-0.81837345230236314
124.682,-0.81790213641337983
124.68299999999999,-0.8174292513331145
124.684,-0.81695479095666479
124.685,-0.81647874917786734
124.68600000000001,-0.81600111988929624
124.687,-0.81552189698226862
124.688,-0.81504107434685014
124.68899999999999,-0.81455864587185389
124.69,-0.81407460544484489
124.691,-0.81358894695214579
124.69200000000001,-0.8131016642788369
124.693,-0.81261275130876154
124.694,-0.81212220192452977
124.69499999999999,-0.811630010007518
124.696,-0.81113616943787958
124.697,-0.81064067409453777
124.69800000000001,-0.81014351785520056
124.699,-0.80964469459635735
124.7,-0.80914419819328032
124.70099999999999,-0.80864202252003836
124.702,-0.8081381614494878
124.703,-0.80763260885328614
124.70399999999999,-0.8071253586018905
124.705,-0.80661640456456207
124.706,-0.80610574060937257
124.70699999999999,-0.80559336060320508
124.708,-0.80507925841175831
124.709,-0.80456342789955348
124.70999999999999,-0.80404586292993474
124.711,-0.80352655736507672
124.712,-0.80300550506598478
124.71299999999999,-0.80248269989250143
124.714,-0.80195813570331298
124.715,-0.80143180635595024
124.71599999999999,-0.80090370570679292
124.717,-0.80037382761107878
124.718,-0.79984216592290203
124.71899999999999,-0.79930871449522356
124.72,-0.7987734671798723
124.721,-0.79823641782755006
124.72199999999999,-0.79769756028783867
124.723,-0.7971568884092064
124.724,-0.79661439603900663
124.72499999999999,-0.79607007702348809
124.726,-0.79552392520780146
124.727,-0.79497593443599968
124.72799999999999,-0.79442609855104962
124.729,-0.7938744113948315
124.73,-0.79332086680815106
124.73099999999999,-0.79276545863073844
124.732,-0.7922081807012602
124.733,-0.79164902685732219
124.73399999999999,-0.79108799093547688
124.735,-0.79052506677123002
124.736,-0.78996024819904553
124.73699999999999,-0.78939352905235216
124.738,-0.78882490316355214
124.739,-0.78825436436402874
124.73999999999999,-0.78768190648414649
124.741,-0.78710752335326828
124.742,-0.78653120879975269
124.74299999999999,-0.78595295665096909
124.744,-0.78537276073330142
124.745,-0.78479061487215418
124.746,-0.78420651289196686
124.747,-0.78362044861621172
124.748,-0.78303241586741268
124.749,-0.78244240846714375
124.75,-0.78185042023604523
124.751,-0.78125644499382552
124.752,-0.78066047655927884
124.753,-0.78006250875027994
124.754,-0.77946253538380894
124.755,-0.77886055027594825
124.756,-0.77825654724189719
124.75700000000001,-0.77765052009598357
124.758,-0.77704246265166566
124.759,-0.77643236872155064
124.76000000000001,-0.77582023211739948
124.761,-0.77520604665013604
124.762,-0.7745898061298635
124.76300000000001,-0.77397150436586748
124.764,-0.77335113516663045
124.765,-0.77272869233984487
124.76600000000001,-0.77210416969241735
124.767,-0.77147756103048803
124.768,-0.77084886015943499
124.76900000000001,-0.77021806088389
124.77,-0.76958515700774988
124.771,-0.76895014233418668
124.77200000000001,-0.76831301066565993
124.773,-0.76767375580393238
124.774,-0.76703237155007753
124.77500000000001,-0.76638885170449722
124.776,-0.76574319006693092
124.777,-0.76509538043647041
124.77800000000001,-0.76444541661157506
124.779,-0.76379329239008076
124.78,-0.76313900156921788
124.78100000000001,-0.76248253794562482
124.782,-0.76182389531535888
124.783,-0.76116306747391671
124.78400000000001,-0.7605000482162434
124.785,-0.75983483133674889
124.786,-0.75916741062932513
124.78700000000001,-0.75849777988736
124.788,-0.75782593290375311
124.789,-0.75715186347093111
124.79000000000001,-0.75647556538086369
124.791,-0.75579703242508312
124.792,-0.75511625839469487
124.79300000000001,-0.75443323708039922
124.794,-0.75374796227250651
124.795,-0.75306042776095494
124.79600000000001,-0.75237062733532878
124.797,-0.75167855478487278
124.798,-0.75098420389851417
124.79900000000001,-0.75028756846488021
124.8,-0.74958864227231436
124.801,-0.748887419108897
124.80199999999999,-0.74818389276246555
124.803,-0.74747805702063053
124.804,-0.74676990567079726
124.80500000000001,-0.74605943250018725
124.806,-0.74534663129585432
124.807,-0.74463149584470822
124.80799999999999,-0.74391401993353523
124.809,-0.74319419734901526
124.81,-0.74247202187774919
124.81100000000001,-0.74174748730627371
124.812,-0.74102058742109023
124.813,-0.74029131600868037
124.81399999999999,-0.73955966685553087
124.815,-0.73882563374815846
124.816,-0.73808921047312914
124.81700000000001,-0.73735039081708198
124.818,-0.73660916856675707
124.819,-0.73586553750900996
124.81999999999999,-0.73511949143084654
124.821,-0.73437102411944033
124.822,-0.73362012936215804
124.82300000000001,-0.73286680094658707
124.824,-0.7321110326605591
124.825,-0.73135281829217469
124.82599999999999,-0.73059215162983193
124.827,-0.72982902646224779
124.828,-0.72906343657849004
124.82899999999999,-0.72829537576800285
124.83,-0.72752483782062916
124.831,-0.72675181652664333
124.83199999999999,-0.72597630567677962
124.833,-0.72519829906225097
124.834,-0.72441779047479082
124.83499999999999,-0.72363477370667151
124.836,-0.72284924255073779
124.837,-0.7220611908004344
124.83799999999999,-0.72127061224983713
124.839,-0.72047750069368233
124.84,-0.71968184992739537
124.84099999999999,-0.71888365374712349
124.842,-0.71808290594976731
124.843,-0.71727960033300753
124.84399999999999,-0.71647373069534392
124.845,-0.7156652908361214
124.846,-0.71485427455556216
124.84699999999999,-0.71404067565480211
124.848,-0.71322448793592375
124.849,-0.71240570520198321
124.84999999999999,-0.71158432125705384
124.851,-0.71076032990624749
124.852,-0.70993372495576312
124.85299999999999,-0.70910450021291171
124.854,-0.70827264948615087
124.855,-0.70743816658512926
124.85599999999999,-0.70660104532071255
124.857,-0.70576127950502321
124.858,-0.70491886295147954
124.85899999999999,-0.70407378947482702
124.86,-0.70322605289118001
124.861,-0.70237564701805932
124.86199999999999,-0.70152256567442417
124.863,-0.7006668026807199
124.864,-0.69980835185890822
124.86499999999999,-0.69894720703250868
124.866,-0.69808336202664156
124.867,-0.69721681066806052
124.86799999999999,-0.69634754678520183
124.869,-0.69547556420821599
124.87,-0.69460085676901273
124.871,-0.69372341830130257
124.872,-0.69284324264063835
124.873,-0.69196032362445403
124.874,-0.69107465509211097
124.875,-0.69018623088493736
124.876,-0.68929504484627402
124.877,-0.68840109082151657
124.878,-0.68750436265815695
124.879,-0.68660485420583361
124.88,-0.68570255931636948
124.881,-0.68479747184381945
124.88200000000001,-0.68388958564451929
124.883,-0.68297889457712269
124.884,-0.68206539250265608
124.88500000000001,-0.68114907328456287
124.886,-0.68022993078874583
124.887,-0.67930795888361928
124.88800000000001,-0.67838315144015526
124.889,-0.67745550233193041
124.89,-0.67652500543517702
124.89100000000001,-0.67559165462882698
124.892,-0.67465544379456754
124.893,-0.67371636681688662
124.89400000000001,-0.67277441758312162
124.895,-0.67182958998351516
124.896,-0.67088187791125931
124.89700000000001,-0.66993127526255147
124.898,-0.66897777593664642
124.899,-0.6680213738359011
124.90000000000001,-0.66706206286583836
124.901,-0.66609983693519026
124.902,-0.66513468995595493
124.90300000000001,-0.66416661584344938
124.904,-0.66319560851636372
124.905,-0.66222166189681686
124.90600000000001,-0.66124476991041181
124.907,-0.66026492648628321
124.908,-0.6592821255571637
124.90900000000001,-0.65829636105943545
124.91,-0.65730762693318101
124.911,-0.65631591712225235
124.91200000000001,-0.65532122557431505
124.913,-0.65432354624091338
124.914,-0.65332287307752934
124.91500000000001,-0.65231920004363353
124.916,-0.65131252110275284
124.917,-0.65030283022252622
124.91800000000001,-0.64929012137476039
124.919,-0.64827438853549513
124.92,-0.64725562568506079
124.92100000000001,-0.64623382680814268
124.922,-0.64520898589383968
124.923,-0.64418109693572245
124.92400000000001,-0.64315015393190356
124.925,-0.64211615088509499
124.926,-0.64107908180266882
124.92699999999999,-0.64003894069672662
124.928,-0.63899572158415818
124.929,-0.63794941848670983
124.93000000000001,-0.63690002543104529
124.931,-0.63584753644881009
124.932,-0.63479194557670326
124.93299999999999,-0.63373324685653598
124.934,-0.63267143433530082
124.935,-0.63160650206523927
124.93600000000001,-0.63053844410390592
124.937,-0.62946725451423946
124.938,-0.62839292736462848
124.93899999999999,-0.62731545672897715
124.94,-0.62623483668678248
124.941,-0.62515106132319298
124.94200000000001,-0.62406412472908346
124.943,-0.62297402100112631
124.944,-0.62188074424185746
124.94499999999999,-0.62078428855975187
124.946,-0.6196846480692908
124.947,-0.61858181689103486
124.94800000000001,-0.61747578915169732
124.949,-0.61636655898421489
124.95,-0.61525412052781903
124.95099999999999,-0.61413846792811344
124.952,-0.6130195953371429
124.953,-0.61189749691347139
124.95399999999999,-0.61077216682225499
124.955,-0.6096435992353133
124.956,-0.60851178833121189
124.95699999999999,-0.60737672829533151
124.958,-0.6062384133199461
124.959,-0.60509683760430244
124.95999999999999,-0.60395199535469124
124.961,-0.60280388078452907
124.962,-0.60165248811443539
124.96299999999999,-0.60049781157230608
124.964,-0.59933984539339935
124.965,-0.59817858382041011
124.96599999999999,-0.5970140211035484
124.967,-0.59584615150062281
124.968,-0.59467496927711627
124.96899999999999,-0.59350046870627038
124.97,-0.59232264406916535
124.971,-0.5911414896547984
124.97199999999999,-0.58995699976016946
124.973,-0.58876916869036267
124.974,-0.58757799075862582
124.97499999999999,-0.58638346028645594
124.976,-0.58518557160368045
124.977,-0.58398431904854609
124.97799999999999,-0.58277969696779741
124.979,-0.58157169971676148
124.98,-0.58036032165943596
124.98099999999999,-0.5791455571685753
124.982,-0.57792740062576753
124.983,-0.57670584642153422
124.98399999999999,-0.5754808889554035
124.985,-0.57425252263600557
124.986,-0.57302074188115992
124.98699999999999,-0.57178554111795354
124.988,-0.57054691478284081
124.989,-0.56930485732172587
124.98999999999999,-0.56805936319005146
124.991,-0.56681042685288818
124.992,-0.56555804278502531
124.99299999999999,-0.56430220547106114
124.994,-0.56304290940549184
124.995,-0.56178014909280005
124.996,-0.56051391904754899
124.997,-0.55924421379447886
124.998,-0.55797102786858455
124.999,-0.55669435581522175
125,-0.55541419219018984
125.001,-0.55413053155983416
125.002,-0.55284336850113069
125.003,-0.55155269760178305
125.004,-0.55025851346031729
125.005,-0.54896081068617297
125.006,-0.54765958389980507
125.00700000000001,-0.54635482773277166
125.008,-0.54504653682783033
125.009,-0.54373470583903893
125.01000000000001,-0.54241932943184845
125.011,-0.54110040228319556
125.012,-0.5397779190816081
125.01300000000001,-0.53845187452729482
125.014,-0.53712226333224744
125.015,-0.53578908022033822
125.01600000000001,-0.53445231992741227
125.017,-0.53311197720139658
125.018,-0.53176804680239065
125.01900000000001,-0.53042052350276725
125.02,-0.52906940208727704
125.021,-0.52771467735313959
125.02200000000001,-0.52635634411015308
125.023,-0.52499439718079155
125.024,-0.5236288314002997
125.02500000000001,-0.52225964161680416
125.026,-0.52088682269141118
125.027,-0.51951036949830431
125.02800000000001,-0.51813027692485525
125.029,-0.51674653987171504
125.03,-0.51535915325292891
125.03100000000001,-0.51396811199603576
125.032,-0.51257341104216381
125.033,-0.51117504534614588
125.03400000000001,-0.509773009876618
125.035,-0.50836729961612281
125.036,-0.50695790956121844
125.03700000000001,-0.50554483472257905
125.038,-0.50412807012510474
125.039,-0.50270761080802484
125.04000000000001,-0.50128345182500333
125.041,-0.49985558824424658
125.042,-0.49842401514861101
125.04300000000001,-0.4969887276357059
125.044,-0.4955497208180073
125.045,-0.49410698982295664
125.04600000000001,-0.49266052979307751
125.047,-0.49121033588608043
125.048,-0.48975640327496484
125.04900000000001,-0.48829872714814093
125.05,-0.48683730270952696
125.051,-0.48537212517866246
125.05199999999999,-0.48390318979082036
125.053,-0.48243049179711139
125.054,-0.4809540264645995
125.05500000000001,-0.47947378907641136
125.056,-0.47798977493183981
125.057,-0.47650197934646399
125.05799999999999,-0.47501039765225861
125.059,-0.47351502519769828
125.06,-0.47201585734787899
125.06100000000001,-0.47051288948462
125.062,-0.46900611700658623
125.063,-0.46749553532939347
125.06399999999999,-0.4659811398857221
125.065,-0.46446292612543005
125.066,-0.46294088951567169
125.06700000000001,-0.46141502554099811
125.068,-0.45988532970348661
125.069,-0.45835179752283906
125.06999999999999,-0.45681442453650878
125.071,-0.45527320629980916
125.072,-0.45372813838602255
125.07300000000001,-0.45217921638652747
125.074,-0.4506264359109029
125.075,-0.44906979258704605
125.07599999999999,-0.44750928206129381
125.077,-0.44594489999852538
125.078,-0.44437664208229299
125.07899999999999,-0.44280450401492855
125.08,-0.44122848151765715
125.081,-0.43964857033072258
125.08199999999999,-0.43806476621350254
125.083,-0.43647706494461214
125.084,-0.43488546232203995
125.08499999999999,-0.43328995416324978
125.086,-0.4316905363053074
125.087,-0.43008720460499472
125.08799999999999,-0.42847995493892377
125.089,-0.42686878320366128
125.09,-0.42525368531584173
125.09099999999999,-0.42363465721228677
125.092,-0.42201169485012524
125.093,-0.420384794206906
125.09399999999999,-0.41875395128072546
125.095,-0.41711916209034017
125.096,-0.41548042267528351
125.09699999999999,-0.41383772909599226
125.098,-0.41219107743392114
125.099,-0.41054046379165854
125.09999999999999,-0.4088858842930565
125.101,-0.40722733508333719
125.102,-0.40556481232922437
125.10299999999999,-0.40389831221905803
125.104,-0.40222783096290982
125.105,-0.40055336479271242
125.10599999999999,-0.39887490996237551
125.107,-0.39719246274790077
125.108,-0.39550601944751429
125.10899999999999,-0.39381557638177145
125.11,-0.39212112989369452
125.111,-0.39042267634888228
125.11199999999999,-0.38872021213563024
125.113,-0.38701373366505964
125.114,-0.38530323737123329
125.11499999999999,-0.38358871971127284
125.116,-0.38187017716549132
125.117,-0.38014760623750032
125.11799999999999,-0.37842100345434326
125.119,-0.3766903653666126
125.12,-0.37495568854856498
125.121,-0.3732169695982549
125.122,-0.37147420513764784
125.123,-0.36972739181274183
125.124,-0.36797652629369493
125.125,-0.36622160527494008
125.126,-0.36446262547531305
125.127,-0.36269958363817245
125.128,-0.36093247653151461
125.129,-0.35916130094810994
125.13,-0.35738605370561016
125.131,-0.35560673164668066
125.13200000000001,-0.3538233316391175
125.133,-0.35203585057596998
125.134,-0.35024428537566266
125.13500000000001,-0.34844863298212159
125.136,-0.34664889036488844
125.137,-0.34484505451925218
125.13800000000001,-0.34303712246635876
125.139,-0.34122509125334721
125.14,-0.33940895795346482
125.14100000000001,-0.33758871966618353
125.142,-0.33576437351733346
125.143,-0.33393591665921929
125.14400000000001,-0.33210334627073779
125.145,-0.33026665955751011
125.146,-0.32842585375199307
125.14700000000001,-0.32658092611360967
125.148,-0.32473187392886815
125.149,-0.32287869451147755
125.15000000000001,-0.32102138520248114
125.151,-0.3191599433703719
125.152,-0.31729436641120856
125.15300000000001,-0.31542465174875112
125.154,-0.31355079683456777
125.155,-0.31167279914816737
125.15600000000001,-0.30979065619711843
125.157,-0.30790436551716149
125.158,-0.30601392467234634
125.15900000000001,-0.30411933125514234
125.16,-0.30222058288655673
125.161,-0.30031767721626823
125.16200000000001,-0.29841061192273588
125.163,-0.29649938471332704
125.164,-0.29458399332443885
125.16500000000001,-0.2926644355216087
125.166,-0.29074070909964767
125.167,-0.28881281188275842
125.16800000000001,-0.28688074172464284
125.169,-0.28494449650864251
125.17,-0.28300407414783957
125.17100000000001,-0.28105947258519248
125.172,-0.27911068979364717
125.173,-0.27715772377625358
125.17400000000001,-0.27520057256629604
125.175,-0.27323923422740781
125.176,-0.27127370685368135
125.17699999999999,-0.26930398856980353
125.178,-0.26733007753116167
125.179,-0.26535197192396953
125.18000000000001,-0.26336966996538436
125.181,-0.26138316990362032
125.182,-0.25939247001807519
125.18299999999999,-0.25739756861944485
125.184,-0.2553984640498359
125.185,-0.25339515468289486
125.18600000000001,-0.25138763892391058
125.187,-0.24937591520994884
125.188,-0.24735998200995724
125.18899999999999,-0.24533983782488344
125.19,-0.24331548118779578
125.191,-0.24128691066400276
125.19200000000001,-0.23925412485115638
125.193,-0.23721712237938475
125.194,-0.23517590191139293
125.19499999999999,-0.23313046214258915
125.196,-0.23108080180120083
125.197,-0.22902691964837596
125.19800000000001,-0.22696881447831596
125.199,-0.22490648511837996
125.2,-0.22283993042919803
125.20099999999999,-0.22076914930479441
125.202,-0.21869414067268922
125.203,-0.21661490349402446
125.20399999999999,-0.21453143676367104
125.205,-0.21244373951033713
125.206,-0.21035181079669274
125.20699999999999,-0.20825564971947508
125.208,-0.20615525540959734
125.209,-0.20405062703227039
125.20999999999999,-0.20194176378710549
125.211,-0.19982866490823048
125.212,-0.19771132966440474
125.21299999999999,-0.19558975735911643
125.214,-0.19346394733070815
125.215,-0.19133389895248065
125.21599999999999,-0.18919961163279797
125.217,-0.187061084815209
125.218,-0.18491831797854197
125.21899999999999,-0.18277131063702612
125.22,-0.18062006234039718
125.221,-0.17846457267399451
125.22199999999999,-0.17630484125888701
125.223,-0.1741408677519698
125.224,-0.17197265184606758
125.22499999999999,-0.16980019327005669
125.226,-0.16762349178895297
125.227,-0.16544254720403107
125.22799999999999,-0.16325735935293018
125.229,-0.16106792810974668
125.23,-0.15887425338515404
125.23099999999999,-0.15667633512650236
125.232,-0.15447417331791402
125.233,-0.15226776798040365
125.23399999999999,-0.15005711917196507
125.235,-0.14784222698768856
125.236,-0.14562309155985531
125.23699999999999,-0.14339971305803711
125.238,-0.14117209168920875
125.239,-0.1389402276978422
125.23999999999999,-0.13670412136600352
125.241,-0.13446377301346524
125.242,-0.13221918299779301
125.24299999999999,-0.12997035171445759
125.244,-0.12771727959692969
125.245,-0.12545996711677065
125.246,-0.12319841478374416
125.247,-0.12093262314590791
125.248,-0.11866259278970737
125.249,-0.1163883243400804
125.25,-0.11410981846054691
125.251,-0.11182707585331053
125.252,-0.10954009725935487
125.253,-0.1072488834585269
125.254,-0.10495343526965017
125.255,-0.10265375355060202
125.256,-0.10034983919841889
125.25700000000001,-0.098041693149386377
125.258,-0.095729316379125073
125.259,-0.093412709902694679
125.26000000000001,-0.091091874774679615
125.261,-0.088766812089274505
125.262,-0.086437522980388315
125.26300000000001,-0.08410400862171985
125.264,-0.081766270226861337
125.265,-0.079424309049379582
125.26600000000001,-0.077078126382901235
125.267,-0.074727723561211046
125.268,-0.072373101958334352
125.26900000000001,-0.070014262988618015
125.27,-0.067651208106831118
125.271,-0.065283938808235242
125.27200000000001,-0.062912456628680724
125.273,-0.060536763144692918
125.274,-0.058156859973541253
125.27500000000001,-0.055772748773340486
125.276,-0.053384431243129971
125.277,-0.050991909122943935
125.27800000000001,-0.048595184193911067
125.279,-0.046194258278321021
125.28,-0.043789133239717226
125.28100000000001,-0.041379810982973497
125.282,-0.038966293454363088
125.283,-0.036548582641655614
125.28400000000001,-0.034126680574187329
125.285,-0.03170058932292863
125.286,-0.029270311000584526
125.28700000000001,-0.026835847761646825
125.288,-0.024397201802488166
125.289,-0.021954375361432854
125.29000000000001,-0.019507370718821249
125.291,-0.017056190197099586
125.292,-0.014600836160887698
125.29300000000001,-0.01214131101704341
125.294,-0.0096776172147506889
125.295,-0.0072097572455760428
125.29600000000001,-0.00473773364355079
125.297,-0.0022615489852398918
125.298,0.00021879411019976036
125.29900000000001,0.0027032929809330808
125.3,0.0051919449223871705
125.301,0.0076847471871897
125.30199999999999,0.010181696985085864
125.303,0.012682791482889533
125.304,0.015188027804403315
125.30500000000001,0.017697403030356829
125.306,0.020210914198352858
125.307,0.022728558302789525
125.30799999999999,0.025250332294799782
125.309,0.027776233082199897
125.31,0.030306257529412073
125.31100000000001,0.032840402457419038
125.312,0.035378664643688773
125.313,0.037921040822123886
125.31399999999999,0.040467527683005655
125.315,0.043018121872924253
125.316,0.045572819994729896
125.31700000000001,0.048131618607479276
125.318,0.050694514226365561
125.319,0.053261503322681036
125.31999999999999,0.055832582323747104
125.321,0.058407747612866656
125.322,0.060986995529275723
125.32300000000001,0.063570322368082799
125.324,0.066157724380217331
125.325,0.068749197772391635
125.32599999999999,0.071344738707030342
125.327,0.073944343302241089
125.328,0.076548007631750514
125.32899999999999,0.079155727724861735
125.33,0.081767499566413548
125.331,0.084383319096723697
125.33199999999999,0.087003182211546237
125.333,0.08962708476203457
125.334,0.092255022554683208
125.33499999999999,0.094886991351300354
125.336,0.097522986868951
125.337,0.10016300477992041
125.33799999999999,0.1028070407116804
125.339,0.1054550902468378
125.34,0.10810714892309803
125.34099999999999,0.11076321223323732
125.342,0.11342327562504373
125.343,0.11608733450130354
125.34399999999999,0.11875538421974696
125.345,0.12142742009301893
125.346,0.12410343738865187
125.34699999999999,0.1267834313290182
125.348,0.12946739709130378
125.349,0.13215532980748429
125.34999999999999,0.13484722456427378
125.351,0.13754307640311791
125.352,0.14024288032014393
125.35299999999999,0.14294663126614043
125.354,0.14565432414653401
125.355,0.14836595382135398
125.35599999999999,0.15108151510520373
125.357,0.15380100276725184
125.358,0.15652441153118313
125.35899999999999,0.1592517360751981
125.36,0.16198297103197123
125.361,0.16471811098863753
125.36199999999999,0.16745715048677651
125.363,0.1702000840223778
125.364,0.17294690604583018
125.36499999999999,0.17569761096190828
125.366,0.17845219312973798
125.367,0.18121064686279842
125.36799999999999,0.18397296642889105
125.369,0.18673914605012654
125.37,0.1895091799029246
125.371,0.19228306211797869
125.372,0.19506078678025568
125.373,0.19784234792898958
125.374,0.20062773955765045
125.375,0.20341695561395962
125.376,0.20620998999985735
125.377,0.20900683657150848
125.378,0.21180748913929431
125.379,0.214611941467795
125.38,0.21742018727580203
125.381,0.22023222023629307
125.38200000000001,0.22304803397644096
125.383,0.22586762207761235
125.384,0.22869097807535499
125.38500000000001,0.23151809545940161
125.386,0.23434896767367736
125.387,0.23718358811628359
125.38800000000001,0.24002195013951871
125.389,0.24286404704986481
125.39,0.24570987210799267
125.39100000000001,0.24855941852878261
125.392,0.25141267948130586
125.393,0.25426964808884372
125.39400000000001,0.25713031742890025
125.395,0.25999468053318942
125.396,0.26286273038766972
125.39700000000001,0.2657344599325327
125.398,0.26860986206222065
125.399,0.27148892962544791
125.40000000000001,0.27437165542519593
125.401,0.27725803221873652
125.402,0.28014805271765164
125.40300000000001,0.28304170958783065
125.404,0.28593899544951029
125.405,0.28883990287726841
125.40600000000001,0.29174442440005405
125.407,0.29465255250121447
125.408,0.29756427961849374
125.40900000000001,0.30047959814406922
125.41,0.30339850042457389
125.411,0.30632097876110631
125.41200000000001,0.30924702540927251
125.413,0.31217663257919082
125.414,0.31510979243552995
125.41500000000001,0.31804649709753735
125.416,0.32098673863905614
125.417,0.32393050908855836
125.41800000000001,0.32687780042918246
125.419,0.32982860459874541
125.42,0.33278291348979616
125.42100000000001,0.33574071894962654
125.422,0.33870201278031509
125.423,0.3416667867387681
125.42400000000001,0.34463503253673688
125.425,0.34760674184086487
125.426,0.35058190627272956
125.42699999999999,0.35356051740886374
125.428,0.35654256678081447
125.429,0.35952804587516529
125.43000000000001,0.36251694613358315
125.431,0.36550925895287034
125.432,0.36850497568498825
125.43299999999999,0.37150408763711229
125.434,0.37450658607168252
125.435,0.37751246220642942
125.43600000000001,0.38052170721444384
125.437,0.3835343122242062
125.438,0.38655026831963846
125.43899999999999,0.38956956654016883
125.44,0.39259219788075805
125.441,0.39561815329196437
125.44200000000001,0.39864742368000172
125.443,0.40167999990677444
125.444,0.40471587278995214
125.44499999999999,0.40775503310300776
125.446,0.41079747157528029
125.447,0.41384317889203992
125.44800000000001,0.4168921456945297
125.449,0.41994436258003587
125.45,0.42299982010195053
125.45099999999999,0.42605850876981621
125.452,0.42912041904941178
125.453,0.43218554136279336
125.45399999999999,0.43525386608836475
125.455,0.43832538356095629
125.456,0.44140008407186654
125.45699999999999,0.44447795786894495
125.458,0.44755899515666192
125.459,0.45064318609615939
125.45999999999999,0.45373052080534676
125.461,0.456820989358945
125.462,0.45991458178857147
125.46299999999999,0.46301128808282122
125.464,0.46611109818731877
125.465,0.46921400200480734
125.46599999999999,0.4723199893952264
125.467,0.47542905017577342
125.468,0.47854117412100045
125.46899999999999,0.48165635096287512
125.47,0.48477457039086536
125.471,0.48789582205203025
125.47199999999999,0.49102009555108422
125.473,0.49414738045048606
125.474,0.49727766627053266
125.47499999999999,0.50041094248942009
125.476,0.50354719854335472
125.477,0.50668642382661844
125.47799999999999,0.50982860769166083
125.479,0.51297373944919866
125.48,0.51612180836828858
125.48099999999999,0.51927280367642226
125.482,0.52242671455962775
125.483,0.52558353016254022
125.48399999999999,0.5287432395885181
125.485,0.53190583189971563
125.486,0.53507129611718673
125.48699999999999,0.53823962122099001
125.488,0.54141079615026366
125.489,0.54458480980333801
125.48999999999999,0.54776165103783814
125.491,0.55094130867076163
125.492,0.55412377147860625
125.49299999999999,0.55730902819744665
125.494,0.56049706752304906
125.495,0.56368787811097809
125.496,0.56688144857668898
125.497,0.5700777674956351
125.498,0.57327682340338837
125.499,0.57647860479572011
125.5,0.57968310012873647
125.501,0.58289029781896395
125.502,0.58610018624346816
125.503,0.58931275373997472
125.504,0.59252798860695677
125.505,0.59574587910377386
125.506,0.59896641345076407
125.50700000000001,0.60218957982936372
125.508,0.60541536638223648
125.509,0.60864376121336838
125.51000000000001,0.61187475238819311
125.511,0.61510832793372128
125.512,0.61834447583863461
125.51300000000001,0.62158318405343327
125.514,0.62482444049053409
125.515,0.62806823302440029
125.51600000000001,0.63131454949167198
125.517,0.63456337769127358
125.518,0.63781470538454688
125.51900000000001,0.64106852029538242
125.52,0.64432481011032694
125.521,0.6475835624787355
125.52200000000001,0.65084476501287247
125.523,0.65410840528805569
125.524,0.6573744708427911
125.52500000000001,0.660642949178886
125.526,0.66391382776159036
125.527,0.66718709401973675
125.52800000000001,0.67046273534585221
125.529,0.67374073909631771
125.53,0.67702109259148069
125.53100000000001,0.68030378311580009
125.532,0.68358879791799043
125.533,0.68687612421114397
125.53400000000001,0.69016574917287754
125.535,0.69345765994547781
125.536,0.69675184363602338
125.53700000000001,0.70004828731654745
125.538,0.70334697802416135
125.539,0.70664790276120326
125.54000000000001,0.70995104849539037
125.541,0.7132564021599499
125.542,0.71656395065376677
125.54300000000001,0.71987368084154224
125.544,0.72318557955392049
125.545,0.72649963358765768
125.54600000000001,0.72981582970575043
125.547,0.73313415463759435
125.548,0.73645459507914479
125.54900000000001,0.73977713769304509
125.55,0.74310176910879278
125.551,0.74642847592289763
125.55199999999999,0.74975724469901739
125.553,0.75308806196813038
125.554,0.75642091422867519
125.55500000000001,0.75975578794671339
125.556,0.763092669556096
125.557,0.76643154545859926
125.55799999999999,0.76977240202409825
125.559,0.77311522559072954
125.56,0.77646000246503288
125.56100000000001,0.77980671892213493
125.562,0.78315536120588902
125.563,0.78650591552904903
125.56399999999999,0.78985836807343768
125.565,0.79321270499009466
125.566,0.79656891239945082
125.56700000000001,0.79992697639150001
125.568,0.80328688302594697
125.569,0.80664861833239532
125.56999999999999,0.81001216831049705
125.571,0.81337751893012755
125.572,0.81674465613156555
125.57300000000001,0.82011356582564388
125.574,0.82348423389393011
125.575,0.8268566461889042
125.57599999999999,0.83023078853411425
125.577,0.83360664672437013
125.578,0.83698420652589633
125.57899999999999,0.84036345367651555
125.58,0.84374437388583368
125.581,0.8471269528353973
125.58199999999999,0.85051117617887639
125.583,0.85389702954225599
125.584,0.85728449852398791
125.58499999999999,0.86067356869519707
125.586,0.86406422559983598
125.587,0.86745645475487909
125.58799999999999,0.87085024165050673
125.589,0.87424557175027351
125.59,0.87764243049129531
125.59099999999999,0.88104080328444478
125.592,0.88444067551451089
125.593,0.88784203254040794
125.59399999999999,0.89124485969534195
125.595,0.89464914228700065
125.596,0.89805486559775194
125.59699999999999,0.90146201488481048
125.598,0.90487057538043747
125.599,0.90828053229213468
125.59999999999999,0.91169187080281255
125.601,0.91510457607100626
125.602,0.91851863323104088
125.60299999999999,0.92193402739323438
125.604,0.92535074364409631
125.605,0.92876876704650224
125.60599999999999,0.93218808263989561
125.607,0.93560867544048931
125.608,0.93903053044143836
125.60899999999999,0.94245363261305992
125.61,0.9458779669030053
125.611,0.94930351823646664
125.61199999999999,0.95273027151637935
125.613,0.95615821162360481
125.614,0.95958732341713349
125.61499999999999,0.96301759173429313
125.616,0.96644900139092615
125.617,0.96988153718161363
125.61799999999999,0.97331518387985472
125.619,0.97674992623827184
125.62,0.98018574898882549
125.621,0.98362263684299522
125.622,0.98706057449199136
125.623,0.99049954660696482
125.624,0.99393953783919264
125.625,0.99738053282030248
125.626,1.0008225161624558
125.627,1.0042654724585649
125.628,1.0077093862825035
125.629,1.0111542421892938
125.63,1.0146000247153333
125.631,1.0180467183785864
125.63200000000001,1.0214943076787946
125.633,1.0249427770976978
125.634,1.0283921110992216
125.63500000000001,1.031842294129697
125.636,1.0352933106180777
125.637,1.038745144976128
125.63800000000001,1.0421977815986589
125.639,1.0456512048637179
125.64,1.0491053991328068
125.64100000000001,1.0525603487511037
125.642,1.0560160380476575
125.643,1.0594724513356086
125.64400000000001,1.0629295729124124
125.645,1.0663873870600296
125.646,1.0698458780451645
125.64700000000001,1.0733050301194613
125.648,1.0767648275197224
125.649,1.0802252544681377
125.65000000000001,1.0836862951724786
125.651,1.0871479338263266
125.652,1.0906101546092932
125.65300000000001,1.0940729416872228
125.654,1.0975362792124268
125.655,1.1010001513238858
125.65600000000001,1.1044645421474724
125.657,1.107929435796182
125.658,1.1113948163703324
125.65900000000001,1.1148606679577886
125.66,1.1183269746341982
125.661,1.1217937204631832
125.66200000000001,1.1252608894965881
125.663,1.128728465774679
125.664,1.132196433326373
125.66500000000001,1.135664776169468
125.666,1.1391334783108475
125.667,1.142602523746711
125.66800000000001,1.1460718964628036
125.669,1.1495415804346214
125.67,1.1530115596276538
125.67100000000001,1.1564818179975895
125.672,1.1599523394905451
125.673,1.1634231080433044
125.67400000000001,1.1668941075835155
125.675,1.1703653220299322
125.676,1.1738367352926433
125.67699999999999,1.1773083312732771
125.678,1.1807800938652528
125.679,1.1842520069539808
125.68000000000001,1.1877240544171028
125.681,1.1911962201247221
125.682,1.1946684879396141
125.68299999999999,1.1981408417174615
125.684,1.2016132653070897
125.685,1.2050857425506742
125.68600000000001,1.208558257283989
125.687,1.212030793336615
125.688,1.2155033345321771
125.68899999999999,1.2189758646885793
125.69,1.2224483676182158
125.691,1.2259208271282094
125.69200000000001,1.2293932270206454
125.693,1.2328655510927833
125.694,1.2363377831373075
125.69499999999999,1.2398099069425355
125.696,1.2432819062926566
125.697,1.2467537649679699
125.69800000000001,1.2502254667450945
125.699,1.2536969953972117
125.7,1.2571683346943012
125.70099999999999,1.2606394684033488
125.702,1.2641103802886051
125.703,1.2675810541117891
125.70399999999999,1.2710514736323317
125.705,1.2745216226076157
125.706,1.2779914847931835
125.70699999999999,1.2814610439429812
125.708,1.2849302838095986
125.709,1.2883991881444765
125.70999999999999,1.2918677406981627
125.711,1.2953359252205234
125.712,1.2988037254609828
125.71299999999999,1.3022711251687613
125.714,1.3057381080930937
125.715,1.3092046579834637
125.71599999999999,1.3126707585898487
125.717,1.3161363936629293
125.718,1.3196015469543441
125.71899999999999,1.3230662022169013
125.72,1.3265303432048183
125.721,1.3299939536739633
125.72199999999999,1.3334570173820708
125.723,1.3369195180889779
125.724,1.3403814395568685
125.72499999999999,1.3438427655504841
125.726,1.3473034798373784
125.727,1.3507635661881279
125.72799999999999,1.3542230083765747
125.729,1.3576817901800653
125.73,1.3611398953796647
125.73099999999999,1.3645973077603979
125.732,1.3680540111114907
125.733,1.3715099892265803
125.73399999999999,1.3749652259039689
125.735,1.3784197049468385
125.736,1.3818734101634869
125.73699999999999,1.3853263253675716
125.738,1.388778434378322
125.739,1.3922297210207795
125.73999999999999,1.395680169126039
125.741,1.3991297625314569
125.742,1.4025784850809084
125.74299999999999,1.406026320624997
125.744,1.4094732530212939
125.745,1.4129192661345791
125.746,1.4163643438370519
125.747,1.4198084700085722
125.748,1.4232516285368999
125.749,1.4266938033179062
125.75,1.4301349782558228
125.751,1.4335751372634551
125.752,1.4370142642624208
125.753,1.4404523431833878
125.754,1.4438893579662826
125.755,1.4473252925605453
125.756,1.4507601309253362
125.75700000000001,1.4541938570297757
125.758,1.4576264548531821
125.759,1.4610579083852797
125.76000000000001,1.4644882016264407
125.761,1.46791731858792
125.762,1.4713452432920626
125.76300000000001,1.4747719597725577
125.764,1.4781974520746415
125.765,1.481621704255339
125.76600000000001,1.4850447003836971
125.767,1.4884664245409924
125.768,1.4918868608209728
125.76900000000001,1.4953059933300865
125.77,1.4987238061876935
125.771,1.5021402835263105
125.77200000000001,1.5055554094918202
125.773,1.5089691682437043
125.774,1.5123815439552772
125.77500000000001,1.5157925208138945
125.776,1.5192020830211863
125.777,1.5226102147932901
125.77800000000001,1.5260169003610566
125.779,1.5294221239702959
125.78,1.5328258698819786
125.78100000000001,1.5362281223724739
125.782,1.539628865733774
125.783,1.5430280842737065
125.78400000000001,1.5464257623161599
125.785,1.5498218842013194
125.786,1.5532164342858641
125.78700000000001,1.556609396943216
125.788,1.5600007565637377
125.789,1.5633904975549617
125.79000000000001,1.5667786043418228
125.791,1.5701650613668579
125.792,1.5735498530904362
125.79300000000001,1.5769329639909859
125.794,1.5803143785651945
125.795,1.5836940813282498
125.79600000000001,1.5870720568140371
125.797,1.5904482895753667
125.798,1.5938227641842015
125.79900000000001,1.5971954652318541
125.8,1.6005663773292136
125.801,1.6039354851069696
125.80199999999999,1.6073027732158112
125.803,1.6106682263266592
125.804,1.6140318291308671
125.80500000000001,1.6173935663404413
125.806,1.6207534226882656
125.807,1.6241113829282938
125.80799999999999,1.6274674318357776
125.809,1.6308215542074829
125.81,1.6341737348618846
125.81100000000001,1.637523958639401
125.812,1.6408722104025846
125.813,1.644218475036342
125.81399999999999,1.6475627374481541
125.815,1.6509049825682671
125.816,1.6542451953499115
125.81700000000001,1.6575833607695201
125.818,1.6609194638269156
125.819,1.6642534895455423
125.81999999999999,1.667585422972653
125.821,1.6709152491795243
125.822,1.6742429532616743
125.82300000000001,1.6775685203390465
125.824,1.68089193555623
125.825,1.6842131840826666
125.82599999999999,1.6875322511128406
125.827,1.6908491218665009
125.828,1.6941637815888502
125.82899999999999,1.6974762155507475
125.83,1.7007864090489286
125.831,1.7040943474061838
125.83199999999999,1.7074000159715699
125.833,1.7107034001206203
125.834,1.714004485255521
125.83499999999999,1.717303256805339
125.836,1.7205997002261946
125.837,1.723893801001473
125.83799999999999,1.7271855446420272
125.839,1.7304749166863596
125.84,1.7337619027008262
125.84099999999999,1.7370464882798418
125.842,1.7403286590460538
125.843,1.743608400650561
125.84399999999999,1.7468856987730852
125.845,1.7501605391221771
125.846,1.753432907435412
125.84699999999999,1.7567027894795706
125.848,1.7599701710508338
125.849,1.7632350379749855
125.84999999999999,1.7664973761075797
125.851,1.7697571713341571
125.852,1.773014409570409
125.85299999999999,1.7762690767623766
125.854,1.7795211588866471
125.855,1.7827706419505216
125.85599999999999,1.7860175119922128
125.857,1.7892617550810344
125.858,1.792503357317571
125.85899999999999,1.795742304833881
125.86,1.7989785837936607
125.861,1.8022121803924391
125.86199999999999,1.8054430808577631
125.863,1.8086712714493631
125.864,1.811896738459345
125.86499999999999,1.8151194682123757
125.866,1.8183394470658434
125.867,1.8215566614100578
125.86799999999999,1.8247710976684079
125.869,1.8279827422975494
125.87,1.8311915817875868
125.871,1.8343976026622328
125.872,1.8376007914789909
125.873,1.8408011348293416
125.874,1.8439986193388893
125.875,1.8471932316675617
125.876,1.8503849585097614
125.877,1.8535737865945434
125.878,1.856759702685796
125.879,1.8599426935823902
125.88,1.8631227461183668
125.881,1.8662998471630901
125.88200000000001,1.8694739836214214
125.883,1.8726451424338915
125.884,1.8758133105768509
125.88500000000001,1.8789784750626453
125.886,1.882140622939783
125.887,1.885299741293083
125.88800000000001,1.8884558172438559
125.889,1.8916088379500497
125.89,1.8947587906064143
125.89100000000001,1.8979056624446728
125.892,1.9010494407336633
125.893,1.9041901127795058
125.89400000000001,1.9073276659257659
125.895,1.9104620875535929
125.896,1.9135933650819008
125.89700000000001,1.9167214859674984
125.898,1.9198464377052542
125.899,1.9229682078282599
125.90000000000001,1.9260867839079621
125.901,1.9292021535543256
125.902,1.9323143044159903
125.90300000000001,1.9354232241804012
125.904,1.9385289005739825
125.905,1.9416313213622627
125.90600000000001,1.9447304743500324
125.907,1.9478263473814967
125.908,1.9509189283404078
125.90900000000001,1.9540082051502137
125.91,1.9570941657742122
125.911,1.9601767982156755
125.91200000000001,1.9632560905180119
125.913,1.9663320307648882
125.914,1.9694046070803788
125.91500000000001,1.9724738076291133
125.916,1.9755396206163989
125.917,1.9786020342883623
125.91800000000001,1.9816610369320993
125.919,1.9847166168757893
125.92,1.9877687624888516
125.92100000000001,1.9908174621820602
125.922,1.9938627044076862
125.923,1.9969044776596347
125.92400000000001,1.9999427704735642
125.925,2.0029775714270213
125.926,2.0060088691395785
125.92699999999999,2.0090366522729468
125.928,2.0120609095311202
125.929,2.0150816296604859
125.93000000000001,2.0180988014499568
125.931,2.021112413731105
125.932,2.0241224553782695
125.93299999999999,2.0271289153086851
125.934,2.0301317824826151
125.935,2.0331310459034508
125.93600000000001,2.0361266946178542
125.937,2.0391187177158558
125.938,2.0421071043309844
125.93899999999999,2.0450918436403906
125.94,2.0480729248649459
125.941,2.0510503372693645
125.94200000000001,2.0540240701623285
125.943,2.0569941128965823
125.944,2.0599604548690609
125.94499999999999,2.0629230855209926
125.946,2.065881994338004
125.947,2.0688371708502489
125.94800000000001,2.0717886046324949
125.949,2.074736285304239
125.95,2.0776802025298231
125.95099999999999,2.0806203460185202
125.952,2.0835567055246607
125.953,2.0864892708477139
125.95399999999999,2.0894180318324058
125.955,2.0923429783688188
125.956,2.0952641003924839
125.95699999999999,2.0981813878844844
125.958,2.101094830871562
125.959,2.1040044194261993
125.95999999999999,2.1069101436667315
125.961,2.1098119937574298
125.962,2.1127099599085977
125.96299999999999,2.1156040323766785
125.964,2.1184942014643244
125.965,2.121380457520504
125.96599999999999,2.1242627909405938
125.967,2.1271411921664534
125.968,2.1300156516865325
125.96899999999999,2.132886160035941
125.97,2.1357527077965441
125.971,2.1386152855970524
125.97199999999999,2.1414738841130947
125.973,2.1443284940673051
125.974,2.1471791062294145
125.97499999999999,2.1500257114163182
125.976,2.1528683004921669
125.977,2.1557068643684376
125.97799999999999,2.1585413940040148
125.979,2.1613718804052757
125.98,2.1641983146261503
125.98099999999999,2.1670206877682086
125.982,2.1698389909807352
125.983,2.17265321546079
125.98399999999999,2.1754633524532991
125.985,2.1782693932511084
125.986,2.181071329195059
125.98699999999999,2.1838691516740649
125.988,2.1866628521251683
125.989,2.18945242203361
125.98999999999999,2.1922378529329052
125.991,2.1950191364048894
125.992,2.1977962640798037
125.99299999999999,2.2005692276363384
125.994,2.2033380188017033
125.995,2.2061026293516948
125.996,2.208863051110741
125.997,2.2116192759519686
125.998,2.2143712957972674
125.999,2.2171191026173265
126,2.2198626884317152
126.001,2.2226020453089119
126.002,2.2253371653663834
126.003,2.2280680407706068
126.004,2.230794663737151
126.005,2.2335170265307145
126.006,2.2362351214651581
126.00700000000001,2.2389489409035828
126.008,2.2416584772583592
126.009,2.2443637229911784
126.01000000000001,2.247064670613085
126.011,2.2497613126845422
126.012,2.2524536418154653
126.01300000000001,2.2551416506652475
126.014,2.2578253319428301
126.015,2.2605046784067255
126.01600000000001,2.2631796828650455
126.017,2.2658503381755626
126.018,2.2685166372457397
126.01900000000001,2.2711785730327412
126.02,2.2738361385435057
126.021,2.2764893268347599
126.02200000000001,2.2791381310130374
126.023,2.2817825442347379
126.024,2.2844225597061429
126.02500000000001,2.2870581706834492
126.026,2.2896893704727797
126.027,2.2923161524302405
126.02800000000001,2.2949385099619315
126.029,2.2975564365239567
126.03,2.3001699256224795
126.03100000000001,2.3027789708137272
126.032,2.3053835657040027
126.033,2.3079837039497306
126.03400000000001,2.310579379257466
126.035,2.3131705853838964
126.036,2.3157573161358895
126.03700000000001,2.3183395653704952
126.038,2.3209173269949455
126.039,2.3234905949667017
126.03999999999999,2.326059363293445
126.041,2.3286236260330995
126.042,2.331183377293828
126.04300000000001,2.333738611234065
126.044,2.3362893220625156
126.045,2.338835504038153
126.04599999999999,2.3413771514702457
126.047,2.3439142587183577
126.048,2.3464468201923352
126.04900000000001,2.3489748303523417
126.05,2.3514982837088443
126.051,2.3540171748226055
126.05199999999999,2.3565314983047081
126.053,2.3590412488165455
126.054,2.3615464210698045
126.05500000000001,2.3640470098264927
126.056,2.3665430098989151
126.057,2.3690344161496797
126.05799999999999,2.3715212234916789
126.059,2.3740034268881018
126.06,2.376481021352423
126.06100000000001,2.3789540019483759
126.062,2.3814223637899694
126.063,2.3838861020414699
126.06399999999999,2.3863452119173711
126.065,2.3887996886824112
126.066,2.3912495276515493
126.06700000000001,2.3936947241899293
126.068,2.3961352737129031
126.069,2.3985711716859921
126.06999999999999,2.4010024136248593
126.071,2.4034289950953207
126.072,2.405850911713304
126.07300000000001,2.4082681591448396
126.074,2.4106807331060232
126.075,2.4130886293630156
126.07599999999999,2.4154918437320116
126.077,2.4178903720792002
126.078,2.4202842103207631
126.07900000000001,2.4226733544228409
126.08,2.4250578004014907
126.081,2.4274375443226806
126.08199999999999,2.4298125823022509
126.083,2.4321829105058761
126.084,2.4345485251490464
126.08500000000001,2.4369094224970369
126.086,2.4392655988648513
126.087,2.4416170506172197
126.08799999999999,2.4439637741685454
126.089,2.4463057659828751
126.09,2.4486430225738469
126.09099999999999,2.450975540504678
126.092,2.4533033163881108
126.093,2.4556263468863655
126.09399999999999,2.4579446287111182
126.095,2.4602581586234509
126.096,2.4625669334337954
126.09699999999999,2.4648709500019139
126.098,2.4671702052368412
126.099,2.4694646960968289
126.09999999999999,2.4717544195893231
126.101,2.4740393727709016
126.102,2.476319552747217
126.10299999999999,2.4785949566729704
126.104,2.4808655817518455
126.105,2.4831314252364631
126.10599999999999,2.4853924844283148
126.107,2.4876487566777343
126.108,2.4899002393838296
126.10899999999999,2.4921469299944183
126.11,2.4943888260059932
126.111,2.4966259249636549
126.11199999999999,2.4988582244610438
126.113,2.5010857221402989
126.114,2.5033084156919951
126.11499999999999,2.5055263028550652
126.116,2.507739381416763
126.117,2.5099476492125898
126.11799999999999,2.5121511041262199
126.119,2.514349744089456
126.12,2.5165435670821568
126.121,2.5187325711321709
126.122,2.520916754315258
126.123,2.5230961147550426
126.124,2.5252706506229372
126.125,2.5274403601380566
126.126,2.5296052415671766
126.127,2.5317652932246442
126.128,2.5339205134722977
126.129,2.5360709007194191
126.13,2.5382164534226428
126.131,2.5403571700858754
126.13200000000001,2.5424930492602362
126.133,2.5446240895439738
126.134,2.5467502895823899
126.13500000000001,2.5488716480677467
126.136,2.5509881637392149
126.137,2.5530998353827763
126.13800000000001,2.5552066618311371
126.139,2.5573086419636648
126.14,2.5594057747062964
126.14100000000001,2.5614980590314462
126.142,2.5635854939579379
126.143,2.5656680785509138
126.14400000000001,2.5677458119217382
126.145,2.5698186932279268
126.146,2.5718867216730565
126.14700000000001,2.5739498965066594
126.148,2.5760082170241589
126.149,2.5780616825667662
126.15000000000001,2.5801102925213915
126.151,2.582154046320547
126.152,2.5841929434422664
126.15300000000001,2.5862269834100076
126.154,2.5882561657925471
126.155,2.5902804902039032
126.15600000000001,2.5922999563032354
126.157,2.5943145637947311
126.158,2.5963243124275364
126.15900000000001,2.5983292019956412
126.16,2.6003292323377751
126.161,2.6023244033373265
126.16200000000001,2.6043147149222343
126.163,2.6063001670648727
126.164,2.6082807597819735
126.16499999999999,2.6102564931345067
126.166,2.61222736722759
126.167,2.6141933822103653
126.16800000000001,2.6161545382759166
126.169,2.6181108356611551
126.17,2.6200622746467008
126.17099999999999,2.6220088555567993
126.172,2.6239505787592008
126.173,2.6258874446650426
126.17400000000001,2.6278194537287596
126.175,2.6297466064479686
126.176,2.6316689033633391
126.17699999999999,2.6335863450585117
126.178,2.6354989321599702
126.179,2.6374066653369193
126.18000000000001,2.6393095453011934
126.181,2.6412075728071294
126.182,2.6431007486514542
126.18299999999999,2.6449890736731629
126.184,2.6468725487534157
126.185,2.6487511748154153
126.18600000000001,2.6506249528242791
126.187,2.6524938837869385
126.188,2.6543579687520142
126.18899999999999,2.6562172088096814
126.19,2.6580716050915756
126.191,2.6599211587706546
126.19200000000001,2.6617658710610752
126.193,2.6636057432180844
126.194,2.6654407765378898
126.19499999999999,2.6672709723575245
126.196,2.6690963320547465
126.197,2.6709168570478945
126.19800000000001,2.6727325487957745
126.199,2.6745434087975202
126.2,2.6763494385924838
126.20099999999999,2.6781506397600991
126.202,2.6799470139197461
126.203,2.6817385627306387
126.20400000000001,2.6835252878916913
126.205,2.6853071911413737
126.206,2.687084274257602
126.20699999999999,2.6888565390576016
126.208,2.6906239873977587
126.209,2.6923866211735179
126.21000000000001,2.6941444423192289
126.211,2.6958974528080106
126.212,2.6976456546516379
126.21299999999999,2.6993890499003856
126.214,2.7011276406429108
126.215,2.7028614290060977
126.21599999999999,2.7045904171549422
126.217,2.7063146072924087
126.218,2.7080340016592785
126.21899999999999,2.7097486025340345
126.22,2.7114584122327128
126.221,2.7131634331087553
126.22199999999999,2.714863667552887
126.223,2.7165591179929689
126.224,2.718249786893848
126.22499999999999,2.7199356767572351
126.226,2.7216167901215522
126.227,2.7232931295617848
126.22799999999999,2.7249646976893551
126.229,2.7266314971519678
126.23,2.7282935306334744
126.23099999999999,2.7299508008537163
126.232,2.7316033105683943
126.233,2.733251062568923
126.23399999999999,2.7348940596822704
126.235,2.7365323047708312
126.236,2.7381658007322729
126.23699999999999,2.7397945504993788
126.238,2.7414185570399208
126.239,2.7430378233564996
126.23999999999999,2.7446523524863888
126.241,2.7462621475014077
126.242,2.7478672115077596
126.24299999999999,2.7494675476458719
126.244,2.7510631590902701
126.245,2.7526540490494091
126.246,2.7542402207655345
126.247,2.7558216775145135
126.248,2.7573984226057062
126.249,2.7589704593818021
126.25,2.7605377912186597
126.251,2.7621004215251719
126.252,2.7636583537431014
126.253,2.7652115913469224
126.254,2.7667601378436815
126.255,2.768303996772834
126.256,2.7698431717060825
126.25700000000001,2.7713776662472407
126.258,2.7729074840320589
126.259,2.7744326287280829
126.26000000000001,2.7759531040344831
126.261,2.77746891368191
126.262,2.7789800614323381
126.26300000000001,2.780486551078893
126.264,2.7819883864457111
126.265,2.78348557138778
126.26600000000001,2.7849781097907629
126.267,2.7864660055708597
126.268,2.7879492626746458
126.26900000000001,2.7894278850788949
126.27,2.7909018767904419
126.271,2.7923712418460145
126.27200000000001,2.7938359843120604
126.273,2.7952961082846115
126.274,2.7967516178891025
126.27500000000001,2.7982025172802221
126.276,2.7996488106417368
126.277,2.8010905021863497
126.27800000000001,2.8025275961555258
126.279,2.8039600968193241
126.28,2.8053880084762515
126.28100000000001,2.8068113354530904
126.282,2.8082300821047292
126.283,2.8096442528140146
126.28400000000001,2.8110538519915789
126.285,2.812458884075669
126.286,2.813859353532
126.28700000000001,2.8152552648535787
126.288,2.8166466225605369
126.289,2.818033431199976
126.28999999999999,2.8194156953457985
126.291,2.8207934195985396
126.292,2.8221666085852002
126.29300000000001,2.8235352669590914
126.294,2.8248993993996594
126.295,2.8262590106123202
126.29599999999999,2.8276141053282982
126.297,2.8289646883044575
126.298,2.8303107643231287
126.29900000000001,2.8316523381919532
126.3,2.8329894147437136
126.301,2.8343219988361557
126.30199999999999,2.8356500953518342
126.303,2.8369737091979434
126.304,2.8382928453061371
126.30500000000001,2.8396075086323767
126.306,2.8409177041567557
126.307,2.8422234368833341
126.30799999999999,2.8435247118399616
126.309,2.8448215340781204
126.31,2.8461139086727552
126.31100000000001,2.8474018407220916
126.312,2.8486853353474846
126.313,2.8499643976932432
126.31399999999999,2.8512390329264528
126.315,2.8525092462368171
126.316,2.8537750428364892
126.31700000000001,2.8550364279598872
126.318,2.8562934068635437
126.319,2.8575459848259297
126.31999999999999,2.8587941671472721
126.321,2.8600379591494041
126.322,2.8612773661755826
126.32300000000001,2.8625123935903245
126.324,2.8637430467792275
126.325,2.8649693311488105
126.32599999999999,2.8661912521263404
126.327,2.8674088151596546
126.328,2.8686220257170021
126.32900000000001,2.8698308892868685
126.33,2.8710354113777954
126.331,2.8722355975182303
126.33199999999999,2.8734314532563414
126.333,2.8746229841598456
126.334,2.8758101958158497
126.33500000000001,2.8769930938306723
126.336,2.8781716838296671
126.337,2.8793459714570679
126.33799999999999,2.8805159623758052
126.339,2.8816816622673418
126.34,2.8828430768314943
126.34099999999999,2.8840002117862733
126.342,2.8851530728677082
126.343,2.8863016658296701
126.34399999999999,2.8874459964437107
126.345,2.8885860704988917
126.346,2.8897218938016005
126.34699999999999,2.8908534721753965
126.348,2.8919808114608347
126.349,2.8931039175152882
126.34999999999999,2.8942227962127856
126.351,2.8953374534438443
126.352,2.8964478951152826
126.35299999999999,2.8975541271500713
126.354,2.8986561554871475
126.355,2.8997539860812549
126.35599999999999,2.9008476249027604
126.357,2.9019370779374976
126.358,2.9030223511865958
126.35899999999999,2.9041034506662946
126.36,2.9051803824077935
126.361,2.9062531524570723
126.36199999999999,2.907321766874718
126.363,2.9083862317357636
126.364,2.9094465531295182
126.36499999999999,2.9105027371593857
126.366,2.9115547899427097
126.367,2.9126027176105995
126.36799999999999,2.9136465263077529
126.369,2.914686222192302
126.37,2.9157218114356316
126.371,2.9167533002222212
126.372,2.9177806947494611
126.373,2.9188040012275014
126.374,2.9198232258790737
126.375,2.9208383749393212
126.376,2.9218494546556379
126.377,2.9228564712874974
126.378,2.9238594311062802
126.379,2.9248583403951138
126.38,2.9258532054487043
126.381,2.9268440325731575
126.38200000000001,2.9278308280858312
126.383,2.9288135983151515
126.384,2.9297923496004579
126.38500000000001,2.9307670882918231
126.386,2.931737820749901
126.387,2.9327045533457547
126.38800000000001,2.9336672924606821
126.389,2.9346260444860666
126.39,2.9355808158231977
126.39100000000001,2.93653161288311
126.392,2.9374784420864204
126.393,2.9384213098631609
126.39400000000001,2.9393602226526094
126.395,2.9402951869031342
126.396,2.9412262090720245
126.39700000000001,2.9421532956253205
126.398,2.9430764530376625
126.399,2.9439956877921154
126.40000000000001,2.9449110063800137
126.401,2.9458224153007877
126.402,2.9467299210618121
126.40300000000001,2.9476335301782384
126.404,2.948533249172828
126.405,2.9494290845757969
126.40600000000001,2.950321042924652
126.407,2.9512091307640218
126.408,2.9520933546455068
126.40900000000001,2.952973721127512
126.41,2.9538502367750823
126.411,2.9547229081597512
126.41200000000001,2.9555917418593713
126.413,2.9564567444579568
126.414,2.9573179225455291
126.41499999999999,2.9581752827179493
126.416,2.9590288315767648
126.417,2.9598785757290433
126.41800000000001,2.9607245217872218
126.419,2.9615666763689483
126.42,2.9624050460969129
126.42099999999999,2.9632396375987016
126.422,2.9640704575066366
126.423,2.9648975124576116
126.42400000000001,2.9657208090929448
126.425,2.9665403540582185
126.426,2.9673561540031166
126.42699999999999,2.9681682155812821
126.428,2.9689765454501491
126.429,2.9697811502707916
126.43000000000001,2.9705820367077727
126.431,2.9713792114289852
126.432,2.9721726811054978
126.43299999999999,2.9729624524114033
126.434,2.973748532023663
126.435,2.9745309266219566
126.43600000000001,2.9753096428885235
126.437,2.9760846875080178
126.438,2.9768560671673505
126.43899999999999,2.9776237885555399
126.44,2.9783878583635599
126.441,2.9791482832841911
126.44200000000001,2.9799050700118634
126.443,2.9806582252425149
126.444,2.9814077556734375
126.44499999999999,2.982153668003122
126.446,2.9828959689311216
126.447,2.9836346651578913
126.44800000000001,2.9843697633846467
126.449,2.9851012703132107
126.45,2.9858291926458707
126.45099999999999,2.9865535370852303
126.452,2.98727431033406
126.453,2.9879915190951523
126.45400000000001,2.9887051700711784
126.455,2.9894152699645371
126.456,2.9901218254772153
126.45699999999999,2.9908248433106399
126.458,2.9915243301655332
126.459,2.9922202927417718
126.46000000000001,2.992912737738243
126.461,2.9936016718526943
126.462,2.9942871017816035
126.46299999999999,2.9949690342200257
126.464,2.9956474758614591
126.465,2.9963224333976948
126.46599999999999,2.9969939135186867
126.467,2.9976619229124037
126.468,2.9983264682646893
126.46899999999999,2.9989875562591291
126.47,2.9996451935769053
126.471,3.0002993868966565
126.47199999999999,3.000950142894347
126.473,3.0015974682431255
126.474,3.002241369613182
126.47499999999999,3.0028818536716204
126.476,3.0035189270823195
126.477,3.00415259650579
126.47799999999999,3.0047828685990483
126.479,3.0054097500154775
126.48,3.0060332474046958
126.48099999999999,3.0066533674124134
126.482,3.0072701166803122
126.483,3.0078835018459031
126.48399999999999,3.0084935295423949
126.485,3.0091002063985668
126.486,3.009703539038636
126.48699999999999,3.0103035340821154
126.488,3.0109001981437005
126.489,3.0114935378331289
126.48999999999999,3.0120835597550486
126.491,3.012670270508897
126.492,3.0132536766887683
126.49299999999999,3.0138337848832806
126.494,3.0144106016754559
126.495,3.0149841336425895
126.496,3.0155543873561257
126.497,3.0161213693815245
126.498,3.0166850862781449
126.499,3.017245544599116
126.5,3.0178027508912111
126.501,3.0183567116947252
126.502,3.0189074335433541
126.503,3.0194549229640617
126.504,3.0199991864769724
126.505,3.0205402305952371
126.506,3.0210780618249138
126.50700000000001,3.0216126866648527
126.508,3.0221441116065684
126.509,3.0226723431341269
126.51000000000001,3.0231973877240184
126.511,3.0237192518450446
126.512,3.0242379419582011
126.51300000000001,3.0247534645165528
126.514,3.0252658259651231
126.515,3.0257750327407784
126.51600000000001,3.0262810912721023
126.517,3.0267840079792916
126.518,3.0272837892740365
126.51900000000001,3.0277804415594018
126.52,3.0282739712297211
126.521,3.0287643846704775
126.52200000000001,3.0292516882581939
126.523,3.0297358883603174
126.524,3.0302169913351138
126.52500000000001,3.0306950035315494
126.526,3.0311699312891829
126.527,3.0316417809380578
126.52800000000001,3.0321105587985908
126.529,3.0325762711814628
126.53,3.03303892438751
126.53100000000001,3.0334985247076203
126.532,3.0339550784226175
126.533,3.0344085918031651
126.53400000000001,3.0348590711096537
126.535,3.0353065225920948
126.536,3.0357509524900195
126.53700000000001,3.0361923670323758
126.538,3.0366307724374151
126.539,3.0370661749126007
126.53999999999999,3.0374985806544981
126.541,3.0379279958486767
126.542,3.0383544266696036
126.54300000000001,3.0387778792805475
126.544,3.0391983598334771
126.545,3.0396158744689585
126.54599999999999,3.0400304293160598
126.547,3.0404420304922533
126.548,3.0408506841033098
126.54900000000001,3.0412563962432122
126.55,3.0416591729940508
126.551,3.0420590204259281
126.55199999999999,3.0424559445968677
126.553,3.0428499515527148
126.554,3.0432410473270406
126.55500000000001,3.0436292379410563
126.556,3.0440145294035088
126.557,3.0443969277105984
126.55799999999999,3.044776438845878
126.559,3.0451530687801687
126.56,3.0455268234714654
126.56100000000001,3.0458977088648456
126.562,3.0462657308923808
126.563,3.0466308954730517
126.56399999999999,3.0469932085126508
126.565,3.0473526759037033
126.566,3.0477093035253735
126.56700000000001,3.0480630972433809
126.568,3.0484140629099139
126.569,3.0487622063635467
126.56999999999999,3.0491075334291482
126.571,3.0494500499178039
126.572,3.0497897616267298
126.57300000000001,3.0501266743391882
126.574,3.0504607938244064
126.575,3.0507921258374959
126.57599999999999,3.0511206761193708
126.577,3.0514464503966634
126.578,3.0517694543816503
126.57900000000001,3.05208969377217
126.58,3.0524071742515395
126.581,3.052721901488487
126.58199999999999,3.0530338811370643
126.583,3.0533431188365734
126.584,3.0536496202114911
126.58500000000001,3.0539533908713938
126.586,3.054254436410877
126.587,3.0545527624094877
126.58799999999999,3.0548483744316464
126.589,3.0551412780265754
126.59,3.0554314787282255
126.59099999999999,3.0557189820552026
126.592,3.056003793510699
126.593,3.0562859185824198
126.59399999999999,3.0565653627425156
126.595,3.0568421314475107
126.596,3.0571162301382322
126.59699999999999,3.0573876642397471
126.598,3.0576564391612906
126.599,3.0579225602961988
126.59999999999999,3.0581860330218422
126.601,3.0584468626995651
126.602,3.0587050546746086
126.60299999999999,3.0589606142760606
126.604,3.0592135468167769
126.605,3.0594638575933319
126.60599999999999,3.0597115518859428
126.607,3.0599566349584171
126.608,3.0601991120580849
126.60899999999999,3.0604389884157408
126.61,3.060676269245584
126.611,3.0609109597451551
126.61199999999999,3.0611430650952811
126.613,3.0613725904600129
126.614,3.0615995409865704
126.61499999999999,3.0618239218052832
126.616,3.0620457380295361
126.617,3.0622649947557097
126.61799999999999,3.0624816970631281
126.619,3.062695850014002
126.62,3.062907458653374
126.621,3.0631165280090689
126.622,3.0633230630916333
126.623,3.0635270688942917
126.624,3.0637285503928879
126.625,3.0639275125458378
126.626,3.0641239602940762
126.627,3.06431789856101
126.628,3.064509332252463
126.629,3.0646982662566344
126.63,3.0648847054440465
126.631,3.0650686546674955
126.63200000000001,3.0652501187620094
126.633,3.0654291025447984
126.634,3.0656056108152097
126.63500000000001,3.0657796483546815
126.636,3.0659512199266996
126.637,3.0661203302767559
126.63800000000001,3.0662869841322991
126.639,3.0664511862026966
126.64,3.0666129411791934
126.64100000000001,3.0667722537348654
126.642,3.0669291285245825
126.643,3.0670835701849692
126.64400000000001,3.0672355833343601
126.645,3.0673851725727648
126.646,3.0675323424818308
126.64700000000001,3.0676770976247991
126.648,3.0678194425464747
126.649,3.0679593817731847
126.65000000000001,3.0680969198127443
126.651,3.0682320611544198
126.652,3.0683648102688963
126.65300000000001,3.0684951716082391
126.654,3.0686231496058674
126.655,3.0687487486765126
126.65600000000001,3.0688719732161904
126.657,3.0689928276021701
126.658,3.0691113161929402
126.65900000000001,3.0692274433281792
126.66,3.0693412133287237
126.661,3.0694526304965435
126.66200000000001,3.0695616991147072
126.663,3.0696684234473568
126.664,3.0697728077396791
126.66499999999999,3.0698748562178797
126.666,3.0699745730891541
126.667,3.0700719625416641
126.66800000000001,3.0701670287445091
126.669,3.0702597758477079
126.67,3.0703502079821656
126.67099999999999,3.0704383292596558
126.672,3.0705241437727975
126.673,3.0706076555950284
126.67400000000001,3.0706888687805889
126.675,3.0707677873644936
126.676,3.070844415362517
126.67699999999999,3.0709187567711709
126.678,3.0709908155676846
126.679,3.0710605957099832
126.68000000000001,3.0711281011366749
126.681,3.0711933357670289
126.682,3.071256303500959
126.68299999999999,3.0713170082190056
126.684,3.0713754537823235
126.685,3.0714316440326619
126.68600000000001,3.0714855827923486
126.687,3.0715372738642839
126.688,3.0715867210319154
126.68899999999999,3.0716339280592324
126.69,3.0716788986907488
126.691,3.0717216366514939
126.69200000000001,3.0717621456470003
126.693,3.0718004293632881
126.694,3.0718364914668617
126.69499999999999,3.0718703356046948
126.696,3.0719019654042232
126.697,3.0719313844733316
126.69800000000001,3.071958596400354
126.699,3.0719836047540539
126.7,3.0720064130836291
126.70099999999999,3.0720270249186972
126.702,3.0720454437692903
126.703,3.0720616731258534
126.70400000000001,3.0720757164592336
126.705,3.0720875772206808
126.706,3.0720972588418416
126.70699999999999,3.0721047647347537
126.708,3.0721100982918448
126.709,3.0721132628859338
126.71000000000001,3.0721142618702215
126.711,3.0721130985782952
126.712,3.0721097763241256
126.71299999999999,3.0721042984020666
126.714,3.0720966680868562
126.715,3.0720868886336166
126.71599999999999,3.0720749632778559
126.717,3.0720608952354698
126.718,3.072044687702745
126.71899999999999,3.0720263438563595
126.72,3.0720058668533894
126.721,3.0719832598313088
126.72199999999999,3.0719585259079989
126.723,3.0719316681817497
126.724,3.0719026897312656
126.72499999999999,3.0718715936156737
126.726,3.0718383828745277
126.727,3.0718030605278153
126.72799999999999,3.0717656295759688
126.729,3.0717260929998682
126.73,3.0716844537608536
126.73099999999999,3.0716407148007341
126.732,3.0715948790417928
126.733,3.0715469493868026
126.73399999999999,3.0714969287190348
126.735,3.0714448199022679
126.736,3.0713906257808006
126.73699999999999,3.0713343491794682
126.738,3.0712759929036459
126.739,3.0712155597392705
126.73999999999999,3.0711530524528485
126.741,3.071088473791471
126.742,3.0710218264828333
126.74299999999999,3.0709531132352406
126.744,3.070882336737633
126.745,3.0708094996595934
126.746,3.0707346046513688
126.747,3.0706576543438859
126.748,3.0705786513487694
126.749,3.0704975982583562
126.75,3.0704144976457184
126.751,3.0703293520646788
126.752,3.0702421640498323
126.753,3.0701529361165627
126.754,3.0700616707610671
126.755,3.0699683704603729
126.756,3.0698730376723589
126.75700000000001,3.0697756748357805
126.758,3.0696762843702885
126.759,3.0695748686764506
126.76000000000001,3.0694714301357795
126.761,3.0693659711107486
126.762,3.0692584939448238
126.76300000000001,3.069149000962482
126.764,3.0690374944692387
126.765,3.0689239767516714
126.76600000000001,3.0688084500774457
126.767,3.0686909166953442
126.768,3.0685713788352897
126.76900000000001,3.0684498387083687
126.77,3.0683262985068702
126.771,3.0682007604043005
126.77200000000001,3.0680732265554194
126.773,3.0679436990962681
126.774,3.0678121801441924
126.77500000000001,3.0676786717978821
126.776,3.0675431761373919
126.777,3.0674056952241759
126.77800000000001,3.0672662311011192
126.779,3.0671247857925654
126.78,3.0669813613043533
126.78100000000001,3.0668359596238437
126.782,3.0666885827199546
126.783,3.0665392325431955
126.78400000000001,3.0663879110256969
126.785,3.0662346200812474
126.786,3.0660793616053246
126.78700000000001,3.0659221374751318
126.788,3.0657629495496348
126.789,3.0656017996695915
126.78999999999999,3.0654386896575914
126.791,3.065273621318092
126.792,3.065106596437456
126.79300000000001,3.0649376167839812
126.794,3.0647666841079477
126.795,3.0645938001416497
126.79599999999999,3.0644189665994341
126.797,3.0642421851777386
126.798,3.0640634575551333
126.79900000000001,3.0638827853923565
126.8,3.0637001703323556
126.801,3.063515614000329
126.80199999999999,3.0633291180037605
126.803,3.0631406839324677
126.804,3.0629503133586371
126.80500000000001,3.0627580078368686
126.806,3.0625637689042149
126.807,3.0623675980802259
126.80799999999999,3.062169496866991
126.809,3.0619694667491797
126.81,3.0617675091940861
126.81100000000001,3.0615636256516741
126.812,3.0613578175546188
126.813,3.0611500863183516
126.81399999999999,3.060940433341107
126.815,3.0607288600039624
126.816,3.0605153676708881
126.81700000000001,3.0602999576887933
126.818,3.0600826313875666
126.819,3.0598633900801273
126.81999999999999,3.0596422350624728
126.821,3.0594191676137203
126.822,3.0591941889961589
126.82300000000001,3.0589673004552953
126.824,3.0587385032199021
126.825,3.0585077985020668
126.82599999999999,3.0582751874972383
126.827,3.0580406713842794
126.828,3.0578042513255119
126.82900000000001,3.05756592846677
126.83,3.0573257039374475
126.831,3.0570835788505502
126.83199999999999,3.0568395543027425
126.833,3.0565936313744055
126.834,3.0563458111296802
126.83500000000001,3.0560960946165223
126.836,3.0558444828667581
126.837,3.0555909768961289
126.83799999999999,3.0553355777043478
126.839,3.0550782862751524
126.84,3.054819103576357
126.84099999999999,3.0545580305599049
126.842,3.0542950681619243
126.843,3.0540302173027807
126.84399999999999,3.0537634788871295
126.845,3.0534948538039739
126.846,3.053224342926717
126.84699999999999,3.0529519471132174
126.848,3.0526776672058435
126.849,3.0524015040315322
126.84999999999999,3.0521234584018426
126.851,3.0518435311130085
126.852,3.0515617229460035
126.85299999999999,3.0512780346665891
126.854,3.0509924670253739
126.855,3.0507050207578752
126.85599999999999,3.0504156965845706
126.857,3.0501244952109596
126.858,3.0498314173276175
126.85899999999999,3.0495364636102602
126.86,3.0492396347197936
126.861,3.0489409313023801
126.86199999999999,3.0486403539894957
126.863,3.0483379033979849
126.864,3.048033580130125
126.86499999999999,3.0477273847736841
126.866,3.0474193179019835
126.867,3.0471093800739486
126.86799999999999,3.0467975718341846
126.869,3.0464838937130234
126.87,3.0461683462265894
126.871,3.0458509298768623
126.872,3.0455316451517396
126.873,3.0452104925250914
126.874,3.0448874724568271
126.875,3.044562585392959
126.876,3.0442358317656604
126.877,3.043907211993329
126.878,3.0435767264806528
126.879,3.0432443756186678
126.88,3.0429101597848272
126.881,3.0425740793430567
126.88200000000001,3.0422361346438267
126.883,3.0418963260242102
126.884,3.0415546538079474
126.88500000000001,3.0412111183055135
126.886,3.0408657198141786
126.887,3.0405184586180725
126.88800000000001,3.0401693349882541
126.889,3.0398183491827711
126.89,3.0394655014467267
126.89100000000001,3.0391107920123472
126.892,3.038754221099043
126.893,3.0383957889134767
126.89400000000001,3.0380354956496336
126.895,3.0376733414888775
126.896,3.0373093266000244
126.89700000000001,3.0369434511394089
126.898,3.0365757152509456
126.899,3.0362061190662026
126.90000000000001,3.0358346627044606
126.901,3.035461346272788
126.902,3.0350861698661031
126.90300000000001,3.0347091335672425
126.904,3.0343302374470285
126.905,3.0339494815643393
126.90600000000001,3.0335668659661716
126.907,3.0331823906877156
126.908,3.0327960557524163
126.90900000000001,3.0324078611720471
126.91,3.0320178069467749
126.911,3.0316258930652311
126.91200000000001,3.0312321195045793
126.913,3.0308364862305837
126.914,3.0304389931976803
126.91499999999999,3.0300396403490413
126.916,3.0296384276166517
126.917,3.029235354921374
126.91800000000001,3.028830422173018
126.919,3.0284236292704101
126.92,3.0280149761014674
126.92099999999999,3.0276044625432639
126.922,3.0271920884620989
126.923,3.0267778537135754
126.92400000000001,3.0263617581426607
126.925,3.0259438015837605
126.926,3.0255239838607952
126.92699999999999,3.0251023047872638
126.928,3.0246787641663122
126.929,3.0242533617908181
126.93000000000001,3.0238260974434445
126.931,3.0233969708967239
126.932,3.0229659819131234
126.93299999999999,3.0225331302451188
126.934,3.0220984156352642
126.935,3.0216618378162639
126.93600000000001,3.0212233965110498
126.937,3.0207830914328415
126.938,3.0203409222852287
126.93899999999999,3.0198968887622399
126.94,3.019450990548413
126.941,3.0190032273188692
126.94200000000001,3.0185535987393859
126.943,3.0181021044664673
126.944,3.017648744147416
126.94499999999999,3.0171935174204116
126.946,3.0167364239145749
126.947,3.0162774632500469
126.94800000000001,3.0158166350380577
126.949,3.0153539388810047
126.95,3.0148893743725185
126.95099999999999,3.0144229410975409
126.952,3.0139546386323972
126.953,3.0134844665448681
126.95400000000001,3.0130124243942622
126.955,3.012538511731496
126.956,3.0120627280991545
126.95699999999999,3.0115850730315783
126.958,3.0111055460549276
126.959,3.0106241466872623
126.96000000000001,3.010140874438608
126.961,3.0096557288110373
126.962,3.0091687092987409
126.96299999999999,3.0086798153880987
126.964,3.0081890465577534
126.965,3.0076964022786954
126.96599999999999,3.0072018820143178
126.967,3.0067054852205088
126.968,3.006207211345711
126.96899999999999,3.0057070598310065
126.97,3.0052050301101825
126.971,3.0047011216098145
126.97199999999999,3.0041953337493306
126.973,3.0036876659410905
126.974,3.0031781175904637
126.97499999999999,3.002666688095895
126.976,3.0021533768489848
126.977,3.0016381832345638
126.97799999999999,3.0011211066307637
126.979,3.0006021464090944
126.98,3.0000813019345141
126.98099999999999,2.9995585725655109
126.982,2.9990339576541722
126.983,2.9985074565462586
126.98399999999999,2.9979790685812824
126.985,2.9974487930925764
126.986,2.9969166294073721
126.98699999999999,2.9963825768468775
126.988,2.9958466347263433
126.989,2.9953088023551406
126.98999999999999,2.9947690790368426
126.991,2.9942274640692879
126.992,2.9936839567446603
126.99299999999999,2.9931385563495652
126.994,2.9925912621651021
126.995,2.9920420734669357
126.996,2.9914909895253761
126.997,2.9909380096054523
126.998,2.9903831329669819
126.999,2.9898263588646499
127,2.9892676865480845
127.001,2.9887071152619251
127.002,2.9881446442459043
127.003,2.9875802727349159
127.004,2.9870139999590948
127.005,2.986445825143885
127.006,2.9858757475101227
127.00700000000001,2.9853037662741024
127.008,2.9847298806476532
127.009,2.9841540898382162
127.01000000000001,2.9835763930489168
127.011,2.9829967894786389
127.012,2.9824152783220974
127.01300000000001,2.9818318587699157
127.014,2.9812465300086992
127.015,2.980659291221103
127.01600000000001,2.980070141585919
127.017,2.9794790802781366
127.018,2.9788861064690235
127.01900000000001,2.978291219326199
127.02,2.9776944180137082
127.021,2.9770957016920905
127.02200000000001,2.9764950695184655
127.023,2.975892520646592
127.024,2.9752880542269518
127.02500000000001,2.9746816694068188
127.026,2.9740733653303373
127.027,2.9734631411385899
127.02800000000001,2.9728509959696732
127.029,2.9722369289587727
127.03,2.9716209392382344
127.03100000000001,2.9710030259376379
127.032,2.9703831881838743
127.033,2.9697614251012112
127.03400000000001,2.9691377358113695
127.035,2.9685121194336039
127.036,2.9678845750847622
127.03700000000001,2.9672551018793687
127.038,2.9666236989296935
127.039,2.9659903653458248
127.03999999999999,2.965355100235743
127.041,2.9647179027053898
127.042,2.9640787718587478
127.04300000000001,2.963437706797909
127.044,2.9627947066231428
127.045,2.9621497704329767
127.04599999999999,2.9615028973242632
127.047,2.9608540863922528
127.048,2.9602033367306677
127.04900000000001,2.9595506474317728
127.05,2.9588960175864463
127.051,2.9582394462842569
127.05199999999999,2.9575809326135278
127.053,2.9569204756614118
127.054,2.9562580745139684
127.05500000000001,2.955593728256225
127.056,2.9549274359722579
127.057,2.9542591967452543
127.05799999999999,2.9535890096575952
127.059,2.9529168737909144
127.06,2.9522427882261781
127.06100000000001,2.9515667520437519
127.062,2.9508887643234734
127.063,2.9502088241447191
127.06399999999999,2.9495269305864853
127.065,2.9488430827274437
127.066,2.9481572796460238
127.06700000000001,2.947469520420479
127.068,2.9467798041289557
127.069,2.9460881298495636
127.06999999999999,2.9453944966604517
127.071,2.9446989036398681
127.072,2.9440013498662365
127.07300000000001,2.9433018344182238
127.074,2.9426003563748133
127.075,2.9418969148153686
127.07599999999999,2.9411915088197031
127.077,2.9404841374681583
127.078,2.9397747998416599
127.07900000000001,2.9390634950217942
127.08,2.9383502220908788
127.081,2.9376349801320258
127.08199999999999,2.9369177682292129
127.083,2.9361985854673529
127.084,2.9354774309323624
127.08500000000001,2.9347543037112249
127.086,2.9340292028920674
127.087,2.9333021275642213
127.08799999999999,2.9325730768182932
127.089,2.9318420497462299
127.09,2.9311090454413944
127.09099999999999,2.9303740629986215
127.092,2.929637101514293
127.093,2.9288981600864039
127.09399999999999,2.9281572378146268
127.095,2.92741433380038
127.096,2.9266694471468981
127.09699999999999,2.9259225769592923
127.098,2.9251737223446179
127.099,2.9244228824119505
127.09999999999999,2.9236700562724356
127.101,2.9229152430393674
127.102,2.922158441828254
127.10299999999999,2.9213996517568748
127.104,2.9206388719453535
127.105,2.9198761015162207
127.10599999999999,2.9191113395944832
127.107,2.9183445853076853
127.108,2.9175758377859693
127.10899999999999,2.9168050961621543
127.11,2.9160323595717874
127.111,2.9152576271532116
127.11199999999999,2.9144808980476387
127.113,2.9137021713992026
127.114,2.9129214463550261
127.11499999999999,2.912138722065293
127.116,2.9113539976833005
127.117,2.9105672723655278
127.11799999999999,2.9097785452717044
127.119,2.9089878155648634
127.12,2.9081950824114156
127.121,2.9074003449812018
127.122,2.9066036024475657
127.123,2.9058048539874104
127.124,2.9050040987812595
127.125,2.9042013360133305
127.126,2.90339656487158
127.127,2.9025897845477799
127.128,2.9017809942375736
127.129,2.9009701931405405
127.13,2.9001573804602492
127.131,2.8993425554043326
127.13200000000001,2.8985257171845373
127.133,2.8977068650167892
127.134,2.8968859981212556
127.13500000000001,2.8960631157224053
127.136,2.8952382170490663
127.137,2.8944113013344888
127.13800000000001,2.8935823678164065
127.139,2.8927514157370942
127.14,2.8919184443434252
127.14100000000001,2.8910834528869409
127.142,2.8902464406238981
127.143,2.8894074068153337
127.14400000000001,2.8885663507271286
127.145,2.8877232716300569
127.146,2.8868781687998522
127.14700000000001,2.8860310415172634
127.148,2.885181889068114
127.149,2.8843307107433578
127.15000000000001,2.8834775058391395
127.151,2.8826222736568541
127.152,2.8817650135031996
127.15300000000001,2.8809057246902379
127.154,2.880044406535454
127.155,2.8791810583618065
127.15600000000001,2.8783156794977893
127.157,2.8774482692774916
127.158,2.8765788270406469
127.15900000000001,2.8757073521326912
127.16,2.8748338439048271
127.161,2.873958301714068
127.16200000000001,2.8730807249232986
127.163,2.8722011129013381
127.164,2.8713194650229816
127.16499999999999,2.8704357806690664
127.166,2.8695500592265204
127.167,2.8686623000884239
127.16800000000001,2.8677725026540561
127.169,2.8668806663289526
127.17,2.8659867905249654
127.17099999999999,2.8650908746603085
127.172,2.8641929181596115
127.173,2.8632929204539863
127.17400000000001,2.8623908809810619
127.175,2.8614867991850499
127.176,2.8605806745167985
127.17699999999999,2.8596725064338346
127.178,2.8587622944004267
127.179,2.8578500378876357
127.18000000000001,2.8569357363733614
127.181,2.8560193893423991
127.182,2.8551009962864904
127.18299999999999,2.8541805567043785
127.184,2.8532580701018526
127.185,2.852333535991801
127.18600000000001,2.8514069538942701
127.187,2.8504783233365041
127.188,2.8495476438529996
127.18899999999999,2.8486149149855606
127.19,2.8476801362833428
127.191,2.8467433073029023
127.19200000000001,2.8458044276082566
127.193,2.8448634967709183
127.194,2.8439205143699549
127.19499999999999,2.8429754799920381
127.196,2.8420283932314887
127.197,2.841079253690324
127.19800000000001,2.8401280609783086
127.199,2.8391748147130089
127.2,2.8382195145198312
127.20099999999999,2.8372621600320702
127.202,2.8363027508909684
127.203,2.835341286745749
127.20400000000001,2.8343777672536685
127.205,2.8334121920800723
127.206,2.8324445608984243
127.20699999999999,2.8314748733903672
127.208,2.830503129245769
127.209,2.8295293281627565
127.21000000000001,2.8285534698477743
127.211,2.8275755540156249
127.212,2.8265955803895171
127.21299999999999,2.8256135487011056
127.214,2.8246294586905396
127.215,2.8236433101065126
127.21599999999999,2.8226551027062978
127.217,2.8216648362557959
127.218,2.8206725105295867
127.21899999999999,2.81967812531096
127.22,2.818681680391967
127.221,2.8176831755734675
127.22199999999999,2.8166826106651639
127.223,2.8156799854856489
127.224,2.8146752998624529
127.22499999999999,2.8136685536320778
127.226,2.8126597466400436
127.227,2.8116488787409351
127.22799999999999,2.8106359497984359
127.229,2.8096209596853758
127.23,2.8086039082837657
127.23099999999999,2.8075847954848521
127.232,2.8065636211891429
127.233,2.8055403853064562
127.23399999999999,2.8045150877559641
127.235,2.8034877284662238
127.236,2.8024583073752209
127.23699999999999,2.8014268244304223
127.238,2.8003932795887927
127.239,2.7993576728168517
127.23999999999999,2.7983200040907095
127.241,2.7972802733961015
127.242,2.7962384807284284
127.24299999999999,2.7951946260928011
127.244,2.7941487095040718
127.245,2.7931007309868732
127.246,2.7920506905756577
127.247,2.790998588314741
127.248,2.7899444242583273
127.249,2.7888881984705534
127.25,2.7878299110255318
127.251,2.7867695620073754
127.252,2.785707151510239
127.253,2.7846426796383632
127.254,2.7835761465060962
127.255,2.782507552237941
127.256,2.7814368969685881
127.25700000000001,2.7803641808429491
127.258,2.7792894040161911
127.259,2.778212566653774
127.26000000000001,2.7771336689314889
127.261,2.7760527110354847
127.262,2.7749696931623036
127.26300000000001,2.7738846155189258
127.264,2.7727974783227869
127.265,2.771708281801823
127.26600000000001,2.7706170261945031
127.267,2.7695237117498559
127.268,2.7684283387275079
127.26900000000001,2.7673309073977181
127.27,2.7662314180414032
127.271,2.7651298709501719
127.27200000000001,2.764026266426368
127.273,2.7629206047830839
127.274,2.7618128863442037
127.27500000000001,2.7607031114444323
127.276,2.7595912804293286
127.277,2.7584773936553288
127.27800000000001,2.7573614514897824
127.279,2.7562434543109884
127.28,2.7551234025082123
127.28100000000001,2.7540012964817229
127.282,2.7528771366428266
127.283,2.7517509234138884
127.28400000000001,2.7506226572283632
127.285,2.7494923385308319
127.286,2.7483599677770196
127.28700000000001,2.7472255454338264
127.288,2.7460890719793669
127.289,2.7449505479029828
127.28999999999999,2.743809973705277
127.291,2.7426673498981433
127.292,2.7415226770047942
127.29300000000001,2.7403759555597822
127.294,2.7392271861090287
127.295,2.7380763692098578
127.29599999999999,2.7369235054310126
127.297,2.7357685953526842
127.298,2.7346116395665447
127.29900000000001,2.7334526386757632
127.3,2.7322915932950322
127.301,2.7311285040506048
127.30199999999999,2.7299633715803031
127.303,2.7287961965335503
127.304,2.7276269795714039
127.30500000000001,2.7264557213665621
127.306,2.725282422603402
127.307,2.7241070839779953
127.30799999999999,2.7229297061981423
127.309,2.7217502899833814
127.31,2.7205688360650186
127.31100000000001,2.71938534518616
127.312,2.7181998181017137
127.313,2.7170122555784291
127.31399999999999,2.715822658394917
127.315,2.7146310273416612
127.316,2.7134373632210522
127.31700000000001,2.7122416668474045
127.318,2.7110439390469727
127.319,2.7098441806579783
127.31999999999999,2.7086423925306335
127.321,2.7074385755271515
127.322,2.7062327305217764
127.32300000000001,2.7050248584007948
127.324,2.7038149600625681
127.325,2.7026030364175391
127.32599999999999,2.701389088388253
127.327,2.700173116909391
127.328,2.6989551229277673
127.32900000000001,2.6977351074023641
127.33,2.6965130713043481
127.331,2.6952890156170777
127.33199999999999,2.6940629413361314
127.333,2.6928348494693277
127.334,2.6916047410367332
127.33500000000001,2.6903726170706812
127.336,2.6891384786158024
127.337,2.687902326729021
127.33799999999999,2.6866641624795857
127.339,2.6854239869490781
127.34,2.6841818012314436
127.34099999999999,2.6829376064329851
127.342,2.6816914036723913
127.343,2.6804431940807567
127.34399999999999,2.6791929788015874
127.345,2.6779407589908151
127.346,2.6766865358168257
127.34699999999999,2.6754303104604555
127.348,2.6741720841150167
127.349,2.672911857986314
127.34999999999999,2.671649633292648
127.351,2.6703854112648333
127.352,2.6691191931462188
127.35299999999999,2.6678509801926893
127.354,2.6665807736726848
127.355,2.6653085748672125
127.35599999999999,2.6640343850698631
127.357,2.6627582055868131
127.358,2.6614800377368422
127.35899999999999,2.6601998828513524
127.36,2.6589177422743653
127.361,2.6576336173625412
127.36199999999999,2.6563475094851969
127.363,2.655059420024299
127.364,2.653769350374489
127.36499999999999,2.6524773019430938
127.366,2.6511832761501228
127.367,2.64988727442829
127.36799999999999,2.6485892982230244
127.369,2.6472893489924707
127.37,2.6459874282075018
127.371,2.6446835373517277
127.372,2.6433776779215137
127.373,2.6420698514259722
127.374,2.6407600593869822
127.375,2.6394483033391989
127.376,2.6381345848300501
127.377,2.6368189054197537
127.378,2.6355012666813287
127.379,2.6341816702005865
127.38,2.6328601175761519
127.381,2.6315366104194706
127.38200000000001,2.6302111503548034
127.383,2.6288837390192419
127.384,2.6275543780627104
127.38500000000001,2.626223069147982
127.386,2.6248898139506665
127.387,2.6235546141592279
127.38800000000001,2.6222174714749924
127.389,2.6208783876121404
127.39,2.6195373642977202
127.39100000000001,2.6181944032716578
127.392,2.6168495062867461
127.393,2.6155026751086581
127.39400000000001,2.6141539115159573
127.395,2.6128032173000868
127.396,2.6114505942653787
127.39700000000001,2.6100960442290662
127.398,2.6087395690212718
127.399,2.60738117048502
127.40000000000001,2.6060208504762317
127.401,2.6046586108637415
127.402,2.6032944535292804
127.40300000000001,2.6019283803674895
127.404,2.6005603932859236
127.405,2.5991904942050432
127.40600000000001,2.5978186850582197
127.407,2.5964449677917436
127.408,2.5950693443648141
127.40900000000001,2.5936918167495411
127.41,2.5923123869309594
127.411,2.5909310569070092
127.41200000000001,2.5895478286885454
127.413,2.5881627042993456
127.414,2.5867756857760908
127.41499999999999,2.5853867751683781
127.416,2.5839959745387167
127.417,2.582603285962529
127.41800000000001,2.5812087115281424
127.419,2.5798122533367907
127.42,2.5784139135026214
127.42099999999999,2.5770136941526753
127.422,2.5756115974268985
127.423,2.5742076254781403
127.42400000000001,2.5728017804721404
127.425,2.5713940645875302
127.426,2.5699844800158385
127.42699999999999,2.5685730289614739
127.428,2.5671597136417295
127.429,2.5657445362867817
127.43000000000001,2.5643274991396776
127.431,2.5629086044563367
127.432,2.5614878545055428
127.43299999999999,2.5600652515689495
127.434,2.558640797941059
127.435,2.5572144959292276
127.43600000000001,2.555786347853664
127.437,2.5543563560474123
127.438,2.552924522856352
127.43899999999999,2.5514908506391998
127.44,2.5500553417674889
127.441,2.548617998625569
127.44200000000001,2.547178823610611
127.443,2.5457378191325799
127.444,2.5442949876142387
127.44499999999999,2.5428503314911488
127.446,2.5414038532116461
127.447,2.5399555552368458
127.44800000000001,2.5385054400406259
127.449,2.5370535101096348
127.45,2.5355997679432605
127.45099999999999,2.5341442160536394
127.452,2.5326868569656451
127.453,2.5312276932168736
127.45400000000001,2.5297667273576341
127.455,2.5283039619509537
127.456,2.5268393995725482
127.45699999999999,2.525373042810823
127.458,2.5239048942668711
127.459,2.5224349565544451
127.46000000000001,2.5209632322999558
127.461,2.5194897241424723
127.462,2.5180144347336912
127.46299999999999,2.5165373667379418
127.464,2.5150585228321631
127.465,2.5135779057059069
127.46599999999999,2.5120955180613151
127.467,2.5106113626131066
127.468,2.5091254420885791
127.46899999999999,2.5076377592275811
127.47,2.5061483167825065
127.471,2.5046571175182919
127.47199999999999,2.5031641642123832
127.473,2.5016694596547389
127.474,2.5001730066478176
127.47499999999999,2.4986748080065508
127.476,2.4971748665583435
127.477,2.4956731851430556
127.47799999999999,2.4941697666129898
127.479,2.4926646138328707
127.48,2.4911577296798377
127.48099999999999,2.4896491170434354
127.482,2.4881387788255842
127.483,2.4866267179405752
127.48399999999999,2.485112937315062
127.485,2.4835974398880292
127.486,2.4820802286107861
127.48699999999999,2.4805613064469569
127.488,2.4790406763724535
127.489,2.4775183413754629
127.48999999999999,2.4759943044564432
127.491,2.4744685686280867
127.492,2.472941136915316
127.49299999999999,2.4714120123552741
127.494,2.4698811979972874
127.495,2.4683486969028676
127.496,2.4668145121456826
127.497,2.4652786468115488
127.498,2.4637411039984061
127.499,2.4622018868162971
127.5,2.4606609983873651
127.501,2.4591184418458187
127.502,2.4575742203379187
127.503,2.4560283370219684
127.504,2.4544807950682799
127.505,2.4529315976591644
127.506,2.45138074798892
127.50700000000001,2.4498282492637937
127.508,2.4482741047019783
127.509,2.4467183175335814
127.51000000000001,2.4451608910006235
127.511,2.4436018283569938
127.512,2.4420411328684422
127.51300000000001,2.4404788078125712
127.514,2.4389148564787915
127.515,2.4373492821683125
127.51600000000001,2.4357820881941348
127.517,2.4342132778810015
127.518,2.4326428545653984
127.51900000000001,2.4310708215955295
127.52,2.4294971823312874
127.521,2.4279219401442322
127.52200000000001,2.4263450984175869
127.523,2.4247666605461884
127.524,2.4231866299364864
127.52500000000001,2.421605010006509
127.526,2.420021804185851
127.527,2.4184370159156394
127.52800000000001,2.4168506486485146
127.529,2.4152627058486167
127.53,2.4136731909915454
127.53100000000001,2.412082107564347
127.532,2.4104894590654942
127.533,2.4088952490048503
127.53400000000001,2.4072994809036539
127.535,2.4057021582944977
127.536,2.4041032847212933
127.53700000000001,2.4025028637392518
127.538,2.4009008989148692
127.539,2.3992973938258837
127.53999999999999,2.3976923520612621
127.541,2.3960857772211703
127.542,2.394477672916957
127.54300000000001,2.3928680427711133
127.544,2.3912568904172549
127.545,2.389644219500104
127.54599999999999,2.3880300336754479
127.547,2.3864143366101218
127.548,2.3847971319819852
127.54900000000001,2.3831784234798885
127.55,2.3815582148036447
127.551,2.3799365096640193
127.55199999999999,2.3783133117826809
127.553,2.3766886248921866
127.554,2.3750624527359578
127.55500000000001,2.373434799068241
127.556,2.3718056676540922
127.557,2.3701750622693369
127.55799999999999,2.3685429867005605
127.559,2.3669094447450592
127.56,2.3652744402108223
127.56100000000001,2.363637976916511
127.562,2.3620000586914145
127.563,2.3603606893754279
127.56399999999999,2.3587198728190328
127.565,2.3570776128832511
127.566,2.3554339134396258
127.56700000000001,2.3537887783701987
127.568,2.3521422115674628
127.569,2.3504942169343446
127.56999999999999,2.3488447983841798
127.571,2.3471939598406677
127.572,2.3455417052378538
127.57300000000001,2.3438880385200895
127.574,2.3422329636420196
127.575,2.3405764845685284
127.57599999999999,2.338918605274722
127.577,2.3372593297459043
127.578,2.3355986619775297
127.57900000000001,2.3339366059751776
127.58,2.3322731657545361
127.581,2.3306083453413469
127.58199999999999,2.3289421487713859
127.583,2.3272745800904389
127.584,2.3256056433542533
127.58500000000001,2.3239353426285145
127.586,2.3222636819888232
127.587,2.3205906655206432
127.58799999999999,2.3189162973192845
127.589,2.3172405814898607
127.59,2.3155635221472721
127.59099999999999,2.3138851234161537
127.592,2.3122053894308503
127.593,2.3105243243353923
127.59399999999999,2.3088419322834453
127.595,2.3071582174382863
127.596,2.3054731839727785
127.59699999999999,2.3037868360693192
127.598,2.3020991779198168
127.599,2.3004102137256623
127.59999999999999,2.2987199476976832
127.601,2.2970283840561114
127.602,2.2953355270305629
127.60299999999999,2.2936413808599836
127.604,2.2919459497926269
127.605,2.2902492380860133
127.60599999999999,2.288551250006905
127.607,2.28685198983126
127.608,2.2851514618441962
127.60899999999999,2.2834496703399729
127.61,2.2817466196219351
127.611,2.2800423140024844
127.61199999999999,2.2783367578030562
127.613,2.2766299553540645
127.614,2.2749219109948755
127.61499999999999,2.2732126290737784
127.616,2.2715021139479346
127.617,2.269790369983347
127.61799999999999,2.2680774015548373
127.619,2.2663632130459845
127.62,2.2646478088491095
127.621,2.2629311933652243
127.622,2.2612133710040094
127.623,2.2594943461837627
127.624,2.2577741233313642
127.625,2.2560527068822567
127.626,2.2543301012803814
127.627,2.2526063109781567
127.628,2.2508813404364441
127.629,2.2491551941244965
127.63,2.2474278765199283
127.631,2.2456993921086852
127.63200000000001,2.2439697453849883
127.633,2.242238940851311
127.634,2.2405069830183297
127.63500000000001,2.2387738764049017
127.636,2.2370396255380074
127.637,2.2353042349527179
127.63800000000001,2.2335677091921711
127.639,2.231830052807509
127.64,2.2300912703578506
127.64100000000001,2.2283513664102621
127.642,2.2266103455396991
127.643,2.2248682123289747
127.64400000000001,2.2231249713687342
127.645,2.2213806272573891
127.646,2.2196351846010947
127.64700000000001,2.2178886480137154
127.648,2.2161410221167683
127.649,2.2143923115393922
127.65000000000001,2.2126425209183065
127.651,2.2108916548977802
127.652,2.2091397181295713
127.65300000000001,2.2073867152729001
127.654,2.2056326509944162
127.655,2.2038775299681368
127.65600000000001,2.2021213568754203
127.657,2.2003641364049313
127.658,2.1986058732525811
127.65900000000001,2.1968465721214976
127.66,2.1950862377219922
127.661,2.193324874771502
127.66200000000001,2.1915624879945552
127.663,2.1897990821227418
127.664,2.1880346618946493
127.66499999999999,2.1862692320558397
127.666,2.1845027973587969
127.667,2.1827353625628962
127.66800000000001,2.1809669324343512
127.669,2.1791975117461719
127.67,2.1774271052781398
127.67099999999999,2.1756557178167415
127.672,2.173883354155139
127.673,2.1721100190931351
127.67400000000001,2.1703357174371143
127.675,2.1685604540000067
127.676,2.1667842336012573
127.67699999999999,2.1650070610667638
127.678,2.1632289412288435
127.679,2.1614498789261978
127.68000000000001,2.1596698790038547
127.681,2.1578889463131343
127.682,2.1561070857116
127.68299999999999,2.1543243020630305
127.684,2.1525406002373551
127.685,2.1507559851106199
127.68600000000001,2.1489704615649572
127.687,2.1471840344885171
127.688,2.1453967087754382
127.68899999999999,2.1436084893258123
127.69,2.1418193810456199
127.691,2.1400293888466977
127.69200000000001,2.1382385176467036
127.693,2.1364467723690543
127.694,2.1346541579428897
127.69499999999999,2.1328606793030369
127.696,2.131066341389952
127.697,2.1292711491496825
127.69800000000001,2.1274751075338205
127.699,2.1256782214994674
127.7,2.1238804960091766
127.70099999999999,2.1220819360309093
127.702,2.12028254653801
127.703,2.118482332509132
127.70400000000001,2.1166812989282096
127.705,2.1148794507844206
127.706,2.1130767930721195
127.70699999999999,2.1112733307908078
127.708,2.1094690689450921
127.709,2.1076640125446238
127.71000000000001,2.105858166604063
127.711,2.1040515361430412
127.712,2.1022441261860982
127.71299999999999,2.1004359417626484
127.714,2.098626987906929
127.715,2.0968172696579686
127.71599999999999,2.0950067920595199
127.717,2.0931955601600274
127.718,2.0913835790125854
127.71899999999999,2.0895708536748798
127.72,2.0877573892091457
127.721,2.0859431906821353
127.72199999999999,2.0841282631650504
127.723,2.0823126117335065
127.724,2.0804962414674963
127.72499999999999,2.0786791574513259
127.726,2.0768613647735741
127.727,2.0750428685270599
127.72799999999999,2.0732236738087746
127.729,2.0714037857198493
127.73,2.0695832093655011
127.73099999999999,2.0677619498549991
127.732,2.065940012301601
127.733,2.0641174018225126
127.73399999999999,2.0622941235388534
127.735,2.0604701825755898
127.736,2.0586455840614963
127.73699999999999,2.0568203331291222
127.738,2.05499443491472
127.739,2.0531678945582152
127.73999999999999,2.0513407172031606
127.741,2.049512907996677
127.742,2.0476844720894114
127.74299999999999,2.0458554146355024
127.744,2.0440257407925109
127.745,2.0421954557213886
127.746,2.0403645645864215
127.747,2.0385330725551993
127.748,2.0367009847985429
127.749,2.0348683064904725
127.75,2.0330350428081672
127.751,2.031201198931897
127.752,2.0293667800449882
127.753,2.0275317913337818
127.754,2.0256962379875691
127.755,2.0238601251985533
127.756,2.0220234581618106
127.75700000000001,2.0201862420752237
127.758,2.018348482139448
127.759,2.0165101835578536
127.76000000000001,2.0146713515364976
127.761,2.0128319912840467
127.762,2.0109921080117497
127.76300000000001,2.0091517069333911
127.764,2.0073107932652281
127.765,2.0054693722259502
127.76600000000001,2.0036274490366428
127.767,2.0017850289207173
127.768,1.999942117103876
127.76900000000001,1.9980987188140691
127.77,1.9962548392814323
127.771,1.9944104837382444
127.77200000000001,1.9925656574188912
127.773,1.9907203655597949
127.774,1.9888746133993829
127.77500000000001,1.9870284061780312
127.776,1.9851817491380259
127.777,1.9833346475235012
127.77800000000001,1.9814871065803967
127.779,1.9796391315564204
127.78,1.9777907277009796
127.78100000000001,1.9759419002651437
127.782,1.9740926545016044
127.783,1.9722429956646088
127.78400000000001,1.9703929290099189
127.785,1.9685424597947752
127.786,1.9666915932778262
127.78700000000001,1.9648403347190921
127.788,1.9629886893799238
127.789,1.9611366625229367
127.78999999999999,1.9592842594119739
127.791,1.9574314853120509
127.792,1.9555783454893214
127.79300000000001,1.9537248452110074
127.794,1.9518709897453619
127.795,1.9500167843616298
127.79599999999999,1.9481622343299778
127.797,1.9463073449214585
127.798,1.9444521214079691
127.79900000000001,1.9425965690621836
127.8,1.9407406931575157
127.801,1.9388844989680782
127.80199999999999,1.9370279917686133
127.803,1.9351711768344566
127.804,1.9333140594414975
127.80500000000001,1.9314566448661099
127.806,1.9295989383851166
127.807,1.9277409452757344
127.80799999999999,1.9258826708155385
127.809,1.9240241202823942
127.81,1.9221652989544182
127.81100000000001,1.9203062121099383
127.812,1.9184468650274271
127.813,1.9165872629854608
127.81399999999999,1.9147274112626824
127.815,1.9128673151377322
127.816,1.9110069798892086
127.81700000000001,1.90914641079563
127.818,1.9072856131353657
127.819,1.9054245921865978
127.81999999999999,1.9035633532272815
127.821,1.9017019015350773
127.822,1.8998402423873146
127.82300000000001,1.8979783810609374
127.824,1.8961163228324682
127.825,1.89425407297794
127.82599999999999,1.8923916367728564
127.827,1.8905290194921538
127.828,1.8886662264101335
127.82900000000001,1.8868032628004214
127.83,1.8849401339359297
127.831,1.8830768450887894
127.83199999999999,1.8812134015303112
127.833,1.8793498085309457
127.834,1.8774860713602162
127.83500000000001,1.8756221952866801
127.836,1.8737581855778882
127.837,1.8718940475003212
127.83799999999999,1.8700297863193469
127.839,1.8681654072991722
127.84,1.866300915702805
127.84099999999999,1.8644363167919842
127.842,1.8625716158271435
127.843,1.8607068180673725
127.84399999999999,1.8588419287703473
127.845,1.8569769531922935
127.846,1.8551118965879463
127.84699999999999,1.8532467642104846
127.848,1.8513815613114892
127.849,1.849516293140907
127.84999999999999,1.8476509649469823
127.851,1.8457855819762188
127.852,1.8439201494733388
127.85299999999999,1.8420546726812195
127.854,1.8401891568408542
127.855,1.8383236071912992
127.85599999999999,1.8364580289696391
127.857,1.8345924274109193
127.858,1.8327268077481047
127.85899999999999,1.8308611752120458
127.86,1.8289955350314087
127.861,1.8271298924326373
127.86199999999999,1.8252642526399141
127.863,1.8233986208750956
127.864,1.821533002357671
127.86499999999999,1.8196674023047268
127.866,1.8178018259308766
127.867,1.815936278448226
127.86799999999999,1.8140707650663332
127.869,1.8122052909921409
127.87,1.8103398614299442
127.871,1.8084744815813329
127.872,1.806609156645161
127.873,1.8047438918174767
127.874,1.8028786922914852
127.875,1.8010135632575122
127.876,1.7991485099029352
127.877,1.7972835374121481
127.878,1.79541865096652
127.879,1.7935538557443338
127.88,1.7916891569207432
127.881,1.7898245596677385
127.88200000000001,1.7879600691540787
127.883,1.786095690545259
127.884,1.7842314290034547
127.88500000000001,1.7823672896874885
127.886,1.7805032777527647
127.887,1.7786393983512316
127.88800000000001,1.7767756566313433
127.889,1.7749120577379942
127.89,1.7730486068124822
127.89100000000001,1.7711853089924723
127.892,1.7693221694119279
127.893,1.7674591932010768
127.89400000000001,1.7655963854863734
127.895,1.7637337513904314
127.896,1.7618712960319893
127.89700000000001,1.7600090245258717
127.898,1.7581469419829259
127.899,1.7562850535099839
127.90000000000001,1.7544233642098166
127.901,1.7525618791810946
127.902,1.7507006035183248
127.90300000000001,1.7488395423118153
127.904,1.7469787006476376
127.905,1.7451180836075597
127.90600000000001,1.7432576962690138
127.907,1.7413975437050573
127.908,1.7395376309843091
127.90900000000001,1.7376779631709118
127.91,1.7358185453244976
127.911,1.7339593825001227
127.91200000000001,1.7321004797482304
127.913,1.7302418421146171
127.914,1.7283834746403672
127.91499999999999,1.7265253823618194
127.916,1.7246675703105161
127.917,1.7228100435131704
127.91800000000001,1.7209528069916031
127.919,1.7190958657627049
127.92,1.7172392248384039
127.92099999999999,1.715382889225598
127.922,1.7135268639261243
127.923,1.7116711539367189
127.92400000000001,1.709815764248956
127.925,1.7079606998492129
127.926,1.7061059657186328
127.92699999999999,1.7042515668330649
127.928,1.7023975081630249
127.929,1.7005437946736643
127.93000000000001,1.6986904313247049
127.931,1.6968374230704071
127.932,1.6949847748595213
127.93299999999999,1.6931324916352546
127.934,1.6912805783352085
127.935,1.6894290398913447
127.93600000000001,1.6875778812299518
127.937,1.6857271072715794
127.938,1.6838767229310068
127.93899999999999,1.682026733117209
127.94,1.6801771427332928
127.941,1.6783279566764624
127.94200000000001,1.6764791798379886
127.943,1.6746308171031428
127.944,1.6727828733511656
127.94499999999999,1.6709353534552329
127.946,1.669088262282393
127.947,1.6672416046935381
127.94800000000001,1.6653953855433539
127.949,1.6635496096802882
127.95,1.6617042819464929
127.95099999999999,1.6598594071777877
127.952,1.6580149902036276
127.953,1.6561710358470427
127.95400000000001,1.6543275489246052
127.955,1.6524845342463961
127.956,1.6506419966159429
127.95699999999999,1.6487999408301903
127.958,1.6469583716794649
127.959,1.645117293947415
127.96000000000001,1.6432767124109795
127.961,1.6414366318403533
127.962,1.63959705699893
127.96299999999999,1.6377579926432706
127.964,1.635919443523056
127.965,1.6340814143810596
127.96599999999999,1.6322439099530857
127.967,1.63040693496794
127.968,1.6285704941473942
127.96899999999999,1.6267345922061311
127.97,1.6248992338517081
127.971,1.6230644237845311
127.97199999999999,1.6212301666977911
127.973,1.6193964672774339
127.974,1.6175633302021306
127.97499999999999,1.6157307601432169
127.976,1.6138987617646632
127.977,1.6120673397230438
127.97799999999999,1.6102364986674764
127.979,1.6084062432395974
127.98,1.6065765780735146
127.98099999999999,1.6047475077957785
127.982,1.602919037025327
127.983,1.6010911703734529
127.98399999999999,1.5992639124437742
127.985,1.5974372678321764
127.986,1.595611241126784
127.98699999999999,1.5937858369079276
127.988,1.5919610597480898
127.989,1.5901369142118724
127.98999999999999,1.5883134048559699
127.991,1.5864905362291095
127.992,1.5846683128720238
127.99299999999999,1.5828467393174215
127.994,1.5810258200899294
127.995,1.579205559706067
127.996,1.5773859626742026
127.997,1.5755670334945275
127.998,1.5737487766590001
127.999,1.5719311966513154
128,1.5701142979468792
128.001,1.568298085012749
128.00200000000001,1.5664825623076108
128.00299999999999,1.5646677342817454
128.00399999999999,1.562853605376975
128.005,1.5610401800266367
128.006,1.5592274626555533
128.00700000000001,1.5574154576799772
128.00800000000001,1.5556041695075691
128.00900000000001,1.55379360253735
128.00999999999999,1.5519837611596836
128.011,1.5501746497562161
128.012,1.5483662726998495
128.01300000000001,1.5465586343547191
128.01400000000001,1.5447517390761341
128.01499999999999,1.5429455912105534
128.01599999999999,1.5411401950955592
128.017,1.5393355550598016
128.018,1.5375316754229709
128.01900000000001,1.5357285604957773
128.02000000000001,1.5339262145798909
128.02100000000002,1.5321246419679162
128.02199999999999,1.5303238469433722
128.023,1.5285238337806315
128.024,1.5267246067449021
128.02500000000001,1.5249261700921861
128.02600000000001,1.5231285280692566
128.02699999999999,1.5213316849136054
128.02799999999999,1.5195356448534163
128.029,1.5177404121075428
128.03,1.5159459908854545
128.03100000000001,1.5141523853872105
128.03200000000001,1.5123595998034383
128.03299999999999,1.5105676383152775
128.03399999999999,1.5087765050943609
128.035,1.5069862043027842
128.036,1.5051967400930586
128.03700000000001,1.5034081166080848
128.03800000000001,1.501620337981131
128.03899999999999,1.4998334083357792
128.03999999999999,1.4980473317859062
128.041,1.4962621124356443
128.042,1.4944777543793619
128.04300000000001,1.4926942617016121
128.04400000000001,1.4909116384771084
128.04499999999999,1.4891298887707043
128.04599999999999,1.4873490166373409
128.047,1.4855690261220249
128.048,1.483789921259806
128.04900000000001,1.482011706075729
128.05000000000001,1.4802343845848061
128.05099999999999,1.4784579607920016
128.05199999999999,1.4766824386921766
128.053,1.4749078222700707
128.054,1.4731341155002791
128.05500000000001,1.4713613223472033
128.05600000000001,1.4695894467650328
128.05699999999999,1.4678184926977087
128.05799999999999,1.4660484640789058
128.059,1.4642793648319832
128.06,1.4625111988699644
128.06100000000001,1.4607439700955149
128.06200000000001,1.4589776824008969
128.06299999999999,1.4572123396679455
128.06399999999999,1.4554479457680514
128.065,1.4536845045621094
128.066,1.4519220199005036
128.06700000000001,1.4501604956230827
128.06800000000001,1.4483999355591144
128.06899999999999,1.4466403435272674
128.06999999999999,1.4448817233355886
128.071,1.4431240787814588
128.072,1.4413674136515757
128.07300000000001,1.4396117317219197
128.07400000000001,1.4378570367577381
128.07499999999999,1.4361033325134984
128.07599999999999,1.4343506227328686
128.077,1.4325989111487023
128.078,1.4308482014829893
128.07900000000001,1.4290984974468379
128.08000000000001,1.4273498027404601
128.08099999999999,1.4256021210531198
128.08199999999999,1.4238554560631227
128.083,1.4221098114377917
128.084,1.4203651908334274
128.08500000000001,1.4186215978952874
128.08600000000001,1.4168790362575705
128.08699999999999,1.4151375095433711
128.08799999999999,1.4133970213646672
128.089,1.4116575753222858
128.09,1.409919175005893
128.09100000000001,1.4081818239939459
128.09200000000001,1.406445525853679
128.09299999999999,1.4047102841410881
128.09399999999999,1.4029761024008853
128.095,1.4012429841664837
128.096,1.3995109329599833
128.09700000000001,1.3977799522921257
128.09800000000001,1.3960500456622795
128.09899999999999,1.3943212165584253
128.09999999999999,1.3925934684571146
128.101,1.3908668048234503
128.102,1.3891412291110785
128.10300000000001,1.3874167447621399
128.10399999999998,1.3856933552072628
128.10499999999999,1.3839710638655323
128.10599999999999,1.382249874144478
128.107,1.380529789440033
128.108,1.3788108131365227
128.10900000000001,1.3770929486066472
128.11000000000001,1.3753761992114422
128.11099999999999,1.373660568300265
128.11199999999999,1.3719460592107824
128.113,1.3702326752689291
128.114,1.3685204197888945
128.11500000000001,1.3668092960731117
128.11599999999999,1.3650993074122146
128.11699999999999,1.3633904570850282
128.11799999999999,1.3616827483585543
128.119,1.3599761844879341
128.12,1.3582707687164355
128.12100000000001,1.3565665042754309
128.12200000000001,1.354863394384384
128.12299999999999,1.3531614422508145
128.124,1.3514606510702833
128.125,1.3497610240263853
128.126,1.3480625642907076
128.12700000000001,1.3463652750228179
128.12799999999999,1.3446691593702593
128.12899999999999,1.3429742204685056
128.13,1.341280461440955
128.131,1.3395878853989189
128.13200000000001,1.3378964954415842
128.13300000000001,1.3362062946560054
128.13400000000001,1.3345172861170815
128.13499999999999,1.3328294728875481
128.136,1.3311428580179423
128.137,1.3294574445465894
128.13800000000001,1.3277732354995986
128.13900000000001,1.3260902338908234
128.13999999999999,1.3244084427218548
128.14099999999999,1.3227278649820109
128.142,1.3210485036483015
128.143,1.3193703616854204
128.14400000000001,1.3176934420457374
128.14500000000001,1.3160177476692616
128.14600000000002,1.3143432814836347
128.14699999999999,1.312670046404123
128.148,1.3109980453335823
128.149,1.3093272811624534
128.15000000000001,1.3076577567687411
128.15100000000001,1.3059894750180079
128.15199999999999,1.3043224387633416
128.15299999999999,1.3026566508453485
128.154,1.300992114092145
128.155,1.2993288313193263
128.15600000000001,1.2976668053299587
128.15700000000001,1.2960060389145736
128.15799999999999,1.2943465348511363
128.15899999999999,1.2926882959050361
128.16,1.2910313248290846
128.161,1.2893756243634811
128.16200000000001,1.2877211972358089
128.16300000000001,1.2860680461610283
128.16399999999999,1.2844161738414446
128.16499999999999,1.2827655829667084
128.166,1.2811162762137931
128.167,1.2794682562469966
128.16800000000001,1.2778215257179064
128.16900000000001,1.2761760872653984
128.16999999999999,1.2745319435156306
128.17099999999999,1.2728890970820141
128.172,1.2712475505652094
128.173,1.2696073065531199
128.17400000000001,1.2679683676208646
128.17500000000001,1.2663307363307754
128.17599999999999,1.2646944152323918
128.17699999999999,1.2630594068624312
128.178,1.2614257137447891
128.179,1.2597933383905318
128.18000000000001,1.2581622832978723
128.18100000000001,1.2565325509521672
128.18199999999999,1.2549041438259012
128.18299999999999,1.253277064378689
128.184,1.2516513150572446
128.185,1.2500268982953813
128.18600000000001,1.2484038165140112
128.18700000000001,1.2467820721211131
128.18799999999999,1.2451616675117387
128.18899999999999,1.2435426050680023
128.19,1.2419248871590614
128.191,1.2403085161411125
128.19200000000001,1.2386934943573902
128.19300000000001,1.2370798241381418
128.19399999999999,1.2354675078006263
128.19499999999999,1.2338565476491152
128.196,1.2322469459748657
128.197,1.2306387050561232
128.19800000000001,1.2290318271581087
128.19900000000001,1.2274263145330209
128.19999999999999,1.2258221694200111
128.20099999999999,1.224219394045186
128.202,1.222617990621605
128.203,1.2210179613492587
128.20400000000001,1.2194193084150693
128.20500000000001,1.2178220339928916
128.20599999999999,1.2162261402434869
128.20699999999999,1.2146316293145314
128.208,1.2130385033406097
128.209,1.211446764443197
128.21000000000001,1.2098564147306594
128.21100000000001,1.2082674562982563
128.21199999999999,1.2066798912281187
128.21299999999999,1.2050937215892514
128.214,1.2035089494375262
128.215,1.2019255768156845
128.21600000000001,1.2003436057533161
128.21700000000001,1.1987630382668633
128.21799999999999,1.1971838763596232
128.21899999999999,1.1956061220217267
128.22,1.1940297772301423
128.221,1.1924548439486804
128.22200000000001,1.1908813241279703
128.22300000000001,1.1893092197054687
128.22399999999999,1.1877385326054588
128.22499999999999,1.1861692647390343
128.226,1.1846014180041022
128.227,1.1830349942853871
128.22800000000001,1.1814699954544126
128.22899999999998,1.1799064233695091
128.22999999999999,1.1783442798758053
128.23099999999999,1.1767835668052355
128.232,1.1752242859765221
128.233,1.1736664391951801
128.23400000000001,1.1721100282535246
128.23500000000001,1.17055505493065
128.23599999999999,1.1690015209924391
128.23699999999999,1.1674494281915675
128.238,1.1658987782674863
128.239,1.164349572946429
128.24000000000001,1.1628018139414187
128.24099999999999,1.1612555029522504
128.24199999999999,1.1597106416654976
128.24299999999999,1.158167231754522
128.244,1.156625274879453
128.245,1.1550847726872022
128.24600000000001,1.1535457268114548
128.24700000000001,1.1520081388726819
128.24799999999999,1.1504720104781239
128.249,1.1489373432217986
128.25,1.1474041386845109
128.251,1.1458723984338355
128.25200000000001,1.1443421240241274
128.25299999999999,1.1428133169965302
128.25399999999999,1.1412859788789613
128.255,1.1397601111861217
128.256,1.1382357154195035
128.25700000000001,1.1367127930673779
128.25800000000001,1.1351913456048077
128.25900000000001,1.1336713744936402
128.25999999999999,1.1321528811825261
128.261,1.1306358671069001
128.262,1.1291203336889952
128.26300000000001,1.1276062823378517
128.26400000000001,1.1260937144493028
128.26499999999999,1.124582631405989
128.26599999999999,1.1230730345773661
128.267,1.1215649253196931
128.268,1.1200583049760469
128.26900000000001,1.1185531748763267
128.27000000000001,1.1170495363372503
128.27100000000002,1.1155473906623605
128.27199999999999,1.1140467391420392
128.273,1.112547583053495
128.274,1.1110499236607778
128.27500000000001,1.1095537622147813
128.27600000000001,1.108059099953254
128.27699999999999,1.1065659381007908
128.27799999999999,1.1050742778688458
128.279,1.1035841204557451
128.28,1.1020954670466772
128.28100000000001,1.1006083188137046
128.28200000000001,1.0991226769157796
128.28299999999999,1.0976385424987338
128.28399999999999,1.0961559166952917
128.285,1.094674800625085
128.286,1.0931951953946428
128.28700000000001,1.0917171020974079
128.28800000000001,1.0902405218137485
128.28899999999999,1.0887654556109525
128.28999999999999,1.0872919045432428
128.291,1.0858198696517798
128.292,1.0843493519646801
128.29300000000001,1.0828803524970074
128.29400000000001,1.0814128722507892
128.29499999999999,1.0799469122150303
128.29599999999999,1.0784824733657086
128.297,1.0770195566657876
128.298,1.0755581630652344
128.29900000000001,1.0740982935010135
128.30000000000001,1.0726399488971015
128.30099999999999,1.0711831301645038
128.30199999999999,1.0697278382012501
128.303,1.0682740738924079
128.304,1.0668218381101042
128.30500000000001,1.0653711317135146
128.30600000000001,1.0639219555488868
128.30699999999999,1.0624743104495431
128.30799999999999,1.0610281972359028
128.309,1.0595836167154746
128.31,1.0581405696828763
128.31100000000001,1.0566990569198516
128.31200000000001,1.0552590791952672
128.31299999999999,1.0538206372651282
128.31399999999999,1.0523837318726001
128.315,1.0509483637480028
128.316,1.0495145336088285
128.31700000000001,1.0480822421597633
128.31800000000001,1.0466514900926804
128.31899999999999,1.0452222780866629
128.31999999999999,1.0437946068080204
128.321,1.0423684769102857
128.322,1.0409438890342404
128.32300000000001,1.0395208438079186
128.32400000000001,1.0380993418466311
128.32499999999999,1.0366793837529624
128.32599999999999,1.035260970116791
128.327,1.033844101515311
128.328,1.0324287785130284
128.32900000000001,1.0310150016617823
128.33000000000001,1.0296027715007681
128.33099999999999,1.028192088556531
128.33199999999999,1.0267829533429937
128.333,1.0253753663614713
128.334,1.0239693281006748
128.33500000000001,1.0225648390367319
128.33600000000001,1.0211618996332068
128.33699999999999,1.0197605103411018
128.33799999999999,1.0183606715988809
128.339,1.0169623838324791
128.34,1.0155656474553294
128.34100000000001,1.0141704628683605
128.34200000000001,1.0127768304600204
128.34299999999999,1.0113847506062996
128.34399999999999,1.0099942236707307
128.345,1.0086052500044134
128.346,1.0072178299460339
128.34700000000001,1.0058319638218716
128.34800000000001,1.0044476519458174
128.34899999999999,1.0030648946194001
128.34999999999999,1.0016836921317878
128.351,1.0003040447598099
128.352,0.99892595276798479
128.35300000000001,0.99754941640851835
128.35399999999998,0.99617443592133159
128.35499999999999,0.99480101153407485
128.35599999999999,0.99342914346215239
128.357,0.9920588319087269
128.358,0.99069007706474299
128.35900000000001,0.98932287910895278
128.36000000000001,0.98795723820791936
128.36099999999999,0.98659315451604201
128.36199999999999,0.98523062817558116
128.363,0.98386965931666248
128.364,0.98251024805730203
128.36500000000001,0.98115239450343328
128.36599999999999,0.97979609874891005
128.36699999999999,0.97844136087553268
128.36799999999999,0.9770881809530747
128.369,0.97573655903928747
128.37,0.97438649517992926
128.37100000000001,0.97303798940877928
128.37200000000001,0.97169104174766674
128.37299999999999,0.97034565220647595
128.374,0.96900182078317476
128.375,0.96765954746383942
128.376,0.96631883222266357
128.37700000000001,0.96497967502198179
128.37799999999999,0.96364207581229921
128.37899999999999,0.96230603453229779
128.38,0.96097155110886323
128.381,0.9596386254571142
128.38200000000001,0.95830725748040702
128.38300000000001,0.95697744707036803
128.38400000000001,0.95564919410690918
128.38499999999999,0.95432249845825801
128.386,0.95299735998096646
128.387,0.95167377851993884
128.38800000000001,0.95035175390846127
128.38900000000001,0.94903128596820596
128.38999999999999,0.9477123745092666
128.39099999999999,0.94639501933018022
128.392,0.94507922021794166
128.393,0.94376497694802897
128.39400000000001,0.94245228928443425
128.39500000000001,0.94114115697967282
128.39600000000002,0.93983157977481069
128.39699999999999,0.93852355739949833
128.398,0.93721708957197536
128.399,0.93591217599910581
128.40000000000001,0.93460881637639659
128.40100000000001,0.93330701038802799
128.40199999999999,0.9320067577068667
128.40299999999999,0.93070805799449241
128.404,0.92941091090123229
128.405,0.92811531606616815
128.40600000000001,0.92682127311716977
128.40700000000001,0.92552878167092345
128.40799999999999,0.92423784133294395
128.40899999999999,0.9229484516976062
128.41,0.92166061234817587
128.411,0.92037432285681953
128.41200000000001,0.91908958278463859
128.41300000000001,0.91780639168169831
128.41399999999999,0.91652474908704129
128.41499999999999,0.91524465452872072
128.416,0.91396610752382024
128.417,0.91268910757849064
128.41800000000001,0.91141365418795939
128.41900000000001,0.9101397468365644
128.41999999999999,0.90886738499778608
128.42099999999999,0.90759656813426004
128.422,0.90632729569780879
128.423,0.90505956712947588
128.42400000000001,0.90379338185953828
128.42500000000001,0.90252873930753785
128.42599999999999,0.9012656388823167
128.42699999999999,0.90000407998202936
128.428,0.89874406199417622
128.429,0.89748558429563507
128.43000000000001,0.8962286462526794
128.43100000000001,0.89497324722100902
128.43199999999999,0.89371938654577621
128.43299999999999,0.89246706356162009
128.434,0.89121627759268141
128.435,0.88996702795263638
128.43600000000001,0.88871931394473025
128.43700000000001,0.88747313486179413
128.43799999999999,0.88622848998627535
128.43899999999999,0.88498537859027615
128.44,0.88374379993556529
128.441,0.8825037532736143
128.44200000000001,0.88126523784563227
128.44300000000001,0.88002825288258113
128.44399999999999,0.87879279760520879
128.44499999999999,0.87755887122408693
128.446,0.87632647293962507
128.447,0.87509560194210767
128.44800000000001,0.87386625741171975
128.44900000000001,0.87263843851858403
128.44999999999999,0.8714121444227767
128.45099999999999,0.87018737427436288
128.452,0.86896412721343463
128.453,0.86774240237012301
128.45400000000001,0.86652219886463722
128.45500000000001,0.86530351580730258
128.45599999999999,0.86408635229857067
128.45699999999999,0.86287070742906213
128.458,0.86165658027959946
128.459,0.86044396992122596
128.46000000000001,0.85923287541524007
128.46100000000001,0.85802329581323411
128.46199999999999,0.85681523015711059
128.46299999999999,0.85560867747912117
128.464,0.85440363680189368
128.465,0.85320010713846939
128.46600000000001,0.8519980874923232
128.46700000000001,0.85079757685739965
128.46799999999999,0.84959857421814911
128.46899999999999,0.84840107854954794
128.47,0.84720508881713452
128.471,0.84601060397704708
128.47200000000001,0.84481762297604313
128.47300000000001,0.84362614475153486
128.47399999999999,0.8424361682316297
128.47499999999999,0.84124769233514685
128.476,0.84006071597165599
128.477,0.83887523804151665
128.47800000000001,0.83769125743589468
128.47899999999998,0.8365087730368046
128.47999999999999,0.8353277837171359
128.48099999999999,0.83414828834069565
128.482,0.8329702857622252
128.483,0.83179377482744055
128.48400000000001,0.83061875437307087
128.48500000000001,0.82944522322687653
128.48599999999999,0.82827318020769103
128.48699999999999,0.82710262412545643
128.488,0.82593355378124567
128.489,0.82476596796730095
128.49000000000001,0.82359986546707198
128.49099999999999,0.82243524505523768
128.49199999999999,0.82127210549774476
128.49299999999999,0.82011044555184687
128.494,0.81895026396612447
128.495,0.81779155948052895
128.49600000000001,0.81663433082640846
128.49700000000001,0.81547857672655177
128.49799999999999,0.81432429589520927
128.499,0.8131714870381308
128.5,0.81202014885260743
128.501,0.81087028002749162
128.50200000000001,0.80972187924323824
128.50299999999999,0.80857494517194273
128.50399999999999,0.80742947647736485
128.505,0.80628547181496679
128.506,0.80514292983195568
128.50700000000001,0.80400184916730211
128.50800000000001,0.80286222845178612
128.50900000000001,0.80172406630802417
128.50999999999999,0.80058736135051467
128.511,0.79945211218565804
128.512,0.79831831741179637
