timestamp,signal
105,-1.5560597548368038
105.001,-1.5607538879787106
105.002,-1.5654527917915984
105.003,-1.5701564548739584
105.004,-1.5748648658023723
105.005,-1.5795780131316308
105.006,-1.5842958853948395
105.00700000000001,-1.5890184711035442
105.008,-1.5937457587478445
105.009,-1.5984777367965026
105.01000000000001,-1.6032143936970742
105.011,-1.607955717876012
105.012,-1.6127016977387911
105.01300000000001,-1.6174523216700227
105.014,-1.6222075780335716
105.015,-1.6269674551726818
105.01600000000001,-1.631731941410079
105.017,-1.6365010250481067
105.018,-1.6412746943688341
105.01900000000001,-1.646052937634175
105.02,-1.6508357430860141
105.021,-1.6556230989463208
105.02200000000001,-1.6604149934172716
105.023,-1.6652114146813703
105.024,-1.6700123509015616
105.02500000000001,-1.6748177902213632
105.026,-1.6796277207649832
105.027,-1.6844421306374304
105.02800000000001,-1.6892610079246504
105.029,-1.6940843406936379
105.03,-1.6989121169925647
105.03100000000001,-1.7037443248508959
105.032,-1.7085809522795126
105.033,-1.7134219872708409
105.03400000000001,-1.7182674177989685
105.035,-1.7231172318197738
105.036,-1.7279714172710354
105.03700000000001,-1.7328299620725742
105.038,-1.7376928541263634
105.039,-1.7425600813166608
105.04000000000001,-1.7474316315101239
105.041,-1.7523074925559463
105.042,-1.7571876522859693
105.04300000000001,-1.7620720985148195
105.044,-1.7669608190400214
105.045,-1.7718538016421348
105.04600000000001,-1.7767510340848696
105.047,-1.7816525041152194
105.048,-1.7865581994635833
105.04900000000001,-1.7914681078438943
105.05,-1.7963822169537405
105.051,-1.8013005144745029
105.05200000000001,-1.8062229880714713
105.053,-1.8111496253939727
105.054,-1.816080414075506
105.05500000000001,-1.8210153417338599
105.056,-1.8259543959712481
105.057,-1.8308975643744341
105.05800000000001,-1.8358448345148601
105.059,-1.8407961939487687
105.06,-1.8457516302173471
105.06100000000001,-1.8507111308468347
105.062,-1.8556746833486721
105.063,-1.8606422752196139
105.06399999999999,-1.8656138939418723
105.065,-1.8705895269832333
105.066,-1.8755691617971977
105.06699999999999,-1.8805527858230975
105.068,-1.8855403864862472
105.069,-1.8905319511980423
105.06999999999999,-1.8955274673561291
105.071,-1.9005269223444952
105.072,-1.9055303035336317
105.07299999999999,-1.9105375982806465
105.074,-1.9155487939294005
105.075,-1.9205638778106446
105.07599999999999,-1.9255828372421331
105.077,-1.9306056595287826
105.078,-1.9356323319627764
105.07899999999999,-1.9406628418237175
105.08,-1.9456971763787436
105.081,-1.9507353228826765
105.08199999999999,-1.95577726857814
105.083,-1.9608230006956997
105.084,-1.9658725064539966
105.08499999999999,-1.9709257730598719
105.086,-1.9759827877085137
105.087,-1.9810435375835755
105.08799999999999,-1.9861080098573194
105.089,-1.9911761916907476
105.09,-1.9962480702337362
105.09099999999999,-2.0013236326251622
105.092,-2.006402865993048
105.093,-2.0114857574546927
105.09399999999999,-2.0165722941167994
105.095,-2.0216624630756179
105.096,-2.0267562514170749
105.09699999999999,-2.0318536462169101
105.098,-2.0369546345408089
105.099,-2.0420592034445439
105.09999999999999,-2.0471673399741008
105.101,-2.0522790311658188
105.102,-2.0573942640465277
105.10299999999999,-2.0625130256336774
105.104,-2.0676353029354786
105.105,-2.0727610829510392
105.10599999999999,-2.0778903526704955
105.107,-2.083023099075147
105.108,-2.0881593091376032
105.10899999999999,-2.0932989698219084
105.11,-2.0984420680836848
105.111,-2.1035885908702627
105.11199999999999,-2.1087385251208235
105.113,-2.1138918577665322
105.114,-2.1190485757306776
105.11499999999999,-2.124208665928804
105.116,-2.1293721152688549
105.117,-2.1345389106513037
105.11799999999999,-2.139709038969297
105.119,-2.1448824871087839
105.12,-2.1500592419486644
105.121,-2.155239290360913
105.122,-2.1604226192107294
105.123,-2.1656092153566702
105.124,-2.170799065650785
105.125,-2.175992156938757
105.126,-2.1811884760600404
105.127,-2.1863880098479993
105.128,-2.1915907451300467
105.129,-2.1967966687277767
105.13,-2.202005767457107
105.131,-2.2072180281284193
105.13200000000001,-2.2124334375466956
105.133,-2.217651982511657
105.134,-2.2228736498179007
105.13500000000001,-2.2280984262550394
105.136,-2.2333262986078446
105.137,-2.238557253656376
105.13800000000001,-2.24379127817613
105.139,-2.2490283589381699
105.14,-2.2542684827092745
105.14100000000001,-2.2595116362520673
105.142,-2.2647578063251657
105.143,-2.2700069796833064
105.14400000000001,-2.2752591430775047
105.145,-2.2805142832551697
105.146,-2.2857723869602609
105.14700000000001,-2.291033440933429
105.148,-2.2962974319121399
105.149,-2.3015643466308253
105.15000000000001,-2.306834171821023
105.151,-2.3121068942115106
105.152,-2.317382500528451
105.15300000000001,-2.3226609774955267
105.154,-2.3279423118340805
105.155,-2.3332264902632591
105.15600000000001,-2.3385134995001513
105.157,-2.3438033262599243
105.158,-2.3490959572559671
105.15900000000001,-2.3543913792000257
105.16,-2.359689578802354
105.161,-2.3649905427718378
105.16200000000001,-2.3702942578161474
105.163,-2.3756007106418711
105.164,-2.3809098879546617
105.16500000000001,-2.3862217764593638
105.166,-2.3915363628601702
105.167,-2.3968536338607471
105.16800000000001,-2.4021735761643823
105.169,-2.4074961764741261
105.17,-2.4128214214929233
105.17100000000001,-2.4181492979237631
105.172,-2.423479792469815
105.173,-2.4288128918345597
105.17400000000001,-2.4341485827219476
105.175,-2.4394868518365285
105.176,-2.4448276858835825
105.17700000000001,-2.4501710715692777
105.178,-2.4555169956007994
105.179,-2.4608654446864922
105.18000000000001,-2.4662164055360023
105.181,-2.4715698648604123
105.182,-2.4769258093723856
105.18300000000001,-2.4822842257863065
105.184,-2.4876451008184173
105.185,-2.4930084211869588
105.18600000000001,-2.4983741736123108
105.187,-2.5037423448171339
105.188,-2.5091129215265049
105.18899999999999,-2.514485890468062
105.19,-2.5198612383721342
105.191,-2.5252389519718976
105.19199999999999,-2.5306190180035002
105.193,-2.5360014232062067
105.194,-2.5413861543225424
105.19499999999999,-2.5467731980984256
105.196,-2.552162541283308
105.197,-2.5575541706303211
105.19799999999999,-2.562948072896408
105.199,-2.5683442348424661
105.2,-2.5737426432334862
105.20099999999999,-2.5791432848386933
105.202,-2.5845461464316779
105.203,-2.5899512147905464
105.20399999999999,-2.5953584766980526
105.205,-2.6007679189417412
105.206,-2.6061795283140814
105.20699999999999,-2.6115932916126141
105.208,-2.6170091956400778
105.209,-2.6224272272045583
105.20999999999999,-2.6278473731196295
105.211,-2.6332696202044765
105.212,-2.638693955284054
105.21299999999999,-2.6441203651892087
105.214,-2.6495488367568241
105.215,-2.6549793568299629
105.21599999999999,-2.6604119122579966
105.217,-2.6658464898967491
105.218,-2.6712830766086322
105.21899999999999,-2.6767216592627907
105.22,-2.6821622247352264
105.221,-2.6876047599089485
105.22199999999999,-2.693049251674104
105.223,-2.6984956869281191
105.224,-2.7039440525758387
105.22499999999999,-2.7093943355296544
105.226,-2.7148465227096485
105.227,-2.7203006010437365
105.22799999999999,-2.7257565574677893
105.229,-2.731214378925785
105.23,-2.736674052369938
105.23099999999999,-2.7421355647608379
105.232,-2.7475989030675816
105.233,-2.7530640542679174
105.23399999999999,-2.7585310053483765
105.235,-2.7639997433044101
105.236,-2.7694702551405248
105.23699999999999,-2.7749425278704227
105.238,-2.7804165485171275
105.239,-2.7858923041131325
105.23999999999999,-2.7913697817005279
105.241,-2.7968489683311386
105.242,-2.8023298510666583
105.24299999999999,-2.8078124169787899
105.244,-2.8132966531493713
105.245,-2.8187825466705192
105.246,-2.824270084644759
105.247,-2.8297592541851615
105.248,-2.8352500424154723
105.249,-2.8407424364702552
105.25,-2.8462364234950153
105.251,-2.8517319906463481
105.252,-2.8572291250920565
105.253,-2.8627278140112922
105.254,-2.8682280445946935
105.255,-2.8737298040445105
105.256,-2.8792330795747434
105.25700000000001,-2.8847378584112739
105.258,-2.8902441277919997
105.259,-2.8957518749669613
105.26000000000001,-2.9012610871984856
105.261,-2.9067717517613056
105.262,-2.9122838559426985
105.26300000000001,-2.9177973870426221
105.264,-2.9233123323738397
105.265,-2.9288286792620513
105.26600000000001,-2.9343464150460337
105.267,-2.9398655270777567
105.268,-2.9453860027225316
105.26900000000001,-2.9509078293591307
105.27,-2.9564309943799181
105.271,-2.9619554851909848
105.27200000000001,-2.9674812892122802
105.273,-2.973008393877731
105.274,-2.9785367866353862
105.27500000000001,-2.9840664549475369
105.276,-2.9895973862908445
105.277,-2.9951295681564809
105.27800000000001,-3.0006629880502418
105.279,-3.0061976334926905
105.28,-3.0117334920192755
105.28100000000001,-3.0172705511804656
105.282,-3.0228087985418739
105.283,-3.0283482216843867
105.28400000000001,-3.0338888082042956
105.285,-3.0394305457134134
105.286,-3.0449734218392193
105.28700000000001,-3.0505174242249673
105.288,-3.0560625405298247
105.289,-3.0616087584289922
105.29000000000001,-3.0671560656138368
105.291,-3.0727044497920124
105.292,-3.0782538986875845
105.29300000000001,-3.083804400041164
105.294,-3.0893559416100227
105.295,-3.094908511168224
105.29600000000001,-3.1004620965067464
105.297,-3.106016685433608
105.298,-3.1115722657739884
105.29900000000001,-3.1171288253703597
105.3,-3.1226863520825998
105.301,-3.1282448337881266
105.30200000000001,-3.1338042583820158
105.303,-3.1393646137771203
105.304,-3.1449258879042001
105.30500000000001,-3.1504880687120438
105.306,-3.1560511441675834
105.307,-3.1616151022560235
105.30800000000001,-3.1671799309809643
105.309,-3.1727456183645151
105.31,-3.1783121524474183
105.31100000000001,-3.1838795212891773
105.312,-3.1894477129681666
105.313,-3.195016715581759
105.31399999999999,-3.2005865172464385
105.315,-3.2061571060979297
105.316,-3.2117284702913138
105.31699999999999,-3.2173005980011382
105.318,-3.2228734774215453
105.319,-3.2284470967663914
105.31999999999999,-3.2340214442693602
105.321,-3.2395965081840803
105.322,-3.2451722767842455
105.32299999999999,-3.250748738363733
105.324,-3.2563258812367151
105.325,-3.2619036937377794
105.32599999999999,-3.2674821642220486
105.327,-3.2730612810652855
105.328,-3.2786410326640221
105.32899999999999,-3.2842214074356653
105.33,-3.2898023938186123
105.331,-3.2953839802723719
105.33199999999999,-3.300966155277675
105.333,-3.3065489073365835
105.334,-3.3121322249726113
105.33499999999999,-3.3177160967308339
105.336,-3.3233005111780072
105.337,-3.328885456902666
105.33799999999999,-3.3344709225152553
105.339,-3.340056896648226
105.34,-3.3456433679561544
105.34099999999999,-3.3512303251158544
105.342,-3.3568177568264823
105.343,-3.3624056518096537
105.34399999999999,-3.3679939988095464
105.345,-3.3735827865930221
105.346,-3.3791720039497224
105.34699999999999,-3.3847616396921847
105.348,-3.3903516826559539
105.349,-3.3959421216996826
105.34999999999999,-3.4015329457052452
105.351,-3.4071241435778443
105.352,-3.4127157042461151
105.35299999999999,-3.4183076166622373
105.354,-3.4238998698020375
105.355,-3.4294924526650976
105.35599999999999,-3.4350853542748552
105.357,-3.440678563678722
105.358,-3.446272069948169
105.35899999999999,-3.4518658621788507
105.36,-3.457459929490696
105.361,-3.4630542610280184
105.36199999999999,-3.4686488459596179
105.363,-3.4742436734788793
105.364,-3.4798387328038856
105.36499999999999,-3.4854340131775094
105.366,-3.4910295038675199
105.367,-3.4966251941666791
105.36799999999999,-3.502221073392854
105.369,-3.5078171308891077
105.37,-3.5134133560237975
105.371,-3.5190097381906837
105.372,-3.5246062668090192
105.373,-3.5302029313236618
105.374,-3.5357997212051502
105.375,-3.5413966259498295
105.376,-3.5469936350799278
105.377,-3.5525907381436608
105.378,-3.5581879247153325
105.379,-3.5637851843954214
105.38,-3.5693825068106855
105.381,-3.5749798816142562
105.38200000000001,-3.5805772984857276
105.383,-3.5861747471312566
105.384,-3.591772217283657
105.38500000000001,-3.5973696987024879
105.386,-3.6029671811741553
105.387,-3.6085646545119938
105.38800000000001,-3.6141621085563687
105.389,-3.6197595331747641
105.39,-3.6253569182618741
105.39100000000001,-3.6309542537396928
105.392,-3.6365515295576047
105.393,-3.6421487356924804
105.39400000000001,-3.6477458621487577
105.395,-3.6533428989585355
105.396,-3.6589398361816565
105.39700000000001,-3.6645366639058086
105.398,-3.6701333722465987
105.399,-3.6757299513476451
105.40000000000001,-3.6813263913806633
105.401,-3.6869226825455574
105.402,-3.6925188150704957
105.40300000000001,-3.6981147792120055
105.404,-3.7037105652550517
105.405,-3.7093061635131219
105.40600000000001,-3.7149015643283141
105.407,-3.7204967580714143
105.408,-3.7260917351419849
105.40900000000001,-3.7316864859684418
105.41,-3.7372810010081401
105.411,-3.7428752707474531
105.41200000000001,-3.7484692857018476
105.413,-3.7540630364159782
105.414,-3.7596565134637565
105.41500000000001,-3.7652497074484268
105.416,-3.7708426090026603
105.417,-3.7764352087886111
105.41800000000001,-3.7820274974980173
105.419,-3.7876194658522597
105.42,-3.793211104602447
105.42100000000001,-3.7988024045294915
105.422,-3.804393356444181
105.423,-3.8099839511872573
105.42400000000001,-3.8155741796294889
105.425,-3.821164032671748
105.426,-3.8267535012450771
105.42700000000001,-3.8323425763107681
105.428,-3.8379312488604307
105.429,-3.8435195099160682
105.43000000000001,-3.8491073505301445
105.431,-3.8546947617856566
105.432,-3.8602817347962062
105.43300000000001,-3.865868260706065
105.434,-3.8714543306902485
105.435,-3.8770399359545791
105.43600000000001,-3.8826250677357601
105.437,-3.8882097173014403
105.438,-3.893793875950275
105.43899999999999,-3.8993775350120035
105.44,-3.9049606858475068
105.441,-3.910543319848871
105.44199999999999,-3.9161254284394595
105.443,-3.9217070030739709
105.444,-3.927288035238504
105.44499999999999,-3.9328685164506179
105.446,-3.9384484382594018
105.447,-3.9440277922455271
105.44799999999999,-3.9496065700213125
105.449,-3.9551847632307879
105.45,-3.9607623635497475
105.45099999999999,-3.966339362685813
105.452,-3.9719157523784907
105.453,-3.9774915243992326
105.45399999999999,-3.9830666705514894
105.455,-3.9886411826707695
105.456,-3.994215052624694
105.45699999999999,-3.9997882723130549
105.458,-4.0053608336678685
105.459,-4.0109327286534242
105.45999999999999,-4.0165039492663537
105.461,-4.022074487535666
105.462,-4.0276443355228118
105.46299999999999,-4.0332134853217294
105.464,-4.0387819290588958
105.465,-4.0443496588933883
105.46599999999999,-4.049916667016916
105.467,-4.055482945653889
105.468,-4.0610484870614449
105.46899999999999,-4.0666132835295237
105.47,-4.0721773273808912
105.471,-4.0777406109711984
105.47199999999999,-4.0833031266890263
105.473,-4.0888648669559258
105.474,-4.0944258242264748
105.47499999999999,-4.0999859909883059
105.476,-4.1055453597621669
105.477,-4.1111039231019513
105.47799999999999,-4.116661673594745
105.479,-4.1222186038608744
105.48,-4.1277747065539332
105.48099999999999,-4.1333299743608354
105.482,-4.1388844000018494
105.483,-4.1444379762306411
105.48399999999999,-4.1499906958343056
105.485,-4.1555425516334124
105.486,-4.1610935364820385
105.48699999999999,-4.1666436432678058
105.488,-4.1721928649119109
105.489,-4.177741194369176
105.48999999999999,-4.1832886246280658
105.491,-4.1888351487107318
105.492,-4.194380759673038
105.49299999999999,-4.1999254506046064
105.494,-4.2054692146288311
105.495,-4.2110120449029242
105.496,-4.2165539346179326
105.497,-4.2220948769987858
105.498,-4.2276348653043065
105.499,-4.2331738928272475
105.5,-4.2387119528943211
105.501,-4.2442490388662231
105.502,-4.2497851441376593
105.503,-4.2553202621373689
105.504,-4.2608543863281501
105.505,-4.26638751020689
105.506,-4.2719196273045839
105.50700000000001,-4.2774507311863541
105.508,-4.2829808154514772
105.509,-4.2885098737334006
105.51000000000001,-4.2940378996997737
105.511,-4.2995648870524539
105.512,-4.3050908295275327
105.51300000000001,-4.3106157208953526
105.514,-4.3161395549605324
105.515,-4.3216623255619684
105.51600000000001,-4.3271840265728638
105.517,-4.3327046519007446
105.518,-4.3382241954874647
105.51900000000001,-4.3437426513092223
105.52,-4.3492600133765844
105.521,-4.354776275734487
105.52200000000001,-4.3602914324622528
105.523,-4.3658054776735966
105.524,-4.3713184055166474
105.52500000000001,-4.3768302101739458
105.526,-4.3823408858624555
105.527,-4.387850426833583
105.52800000000001,-4.3933588273731665
105.529,-4.3988660818014971
105.53,-4.4043721844733206
105.53100000000001,-4.4098771297778372
105.532,-4.4153809121387155
105.533,-4.4208835260140882
105.53400000000001,-4.4263849658965606
105.535,-4.4318852263132111
105.536,-4.4373843018255892
105.53700000000001,-4.4428821870297206
105.538,-4.4483788765561076
105.539,-4.4538743650697237
105.54000000000001,-4.4593686472700158
105.541,-4.4648617178908996
105.542,-4.4703535717007608
105.54300000000001,-4.4758442035024455
105.544,-4.4813336081332587
105.545,-4.4868217804649593
105.54600000000001,-4.4923087154037509
105.547,-4.4977944078902787
105.548,-4.5032788528996193
105.54900000000001,-4.5087620454412747
105.55,-4.5142439805591597
105.551,-4.5197246533315916
105.55200000000001,-4.5252040588712834
105.553,-4.5306821923253304
105.554,-4.5361590488751959
105.55500000000001,-4.5416346237366998
105.556,-4.547108912160005
105.557,-4.5525819094295974
105.55800000000001,-4.5580536108642828
105.559,-4.5635240118171563
105.56,-4.5689931076755927
105.56100000000001,-4.5744608938612252
105.562,-4.5799273658299366
105.563,-4.5853925190718208
105.56399999999999,-4.5908563491111831
105.565,-4.5963188515065045
105.566,-4.6017800218504235
105.56699999999999,-4.6072398557697198
105.568,-4.6126983489252797
105.569,-4.6181554970120819
105.56999999999999,-4.6236112957591651
105.571,-4.629065740929609
105.572,-4.6345188283205019
105.57299999999999,-4.6399705537629092
105.574,-4.6454209131218587
105.575,-4.6508699022963
105.57599999999999,-4.6563175172190769
105.577,-4.6617637538569001
105.578,-4.6672086082103075
105.57899999999999,-4.6726520763136463
105.58,-4.678094154235021
105.581,-4.6835348380762731
105.58199999999999,-4.6889741239729421
105.583,-4.6944120080942344
105.584,-4.6998484866429706
105.58499999999999,-4.7052835558555692
105.586,-4.7107172120019953
105.587,-4.7161494513857232
105.58799999999999,-4.7215802703437033
105.589,-4.7270096652463121
105.59,-4.7324376324973159
105.59099999999999,-4.737864168533827
105.592,-4.7432892698262634
105.593,-4.7487129328783002
105.59399999999999,-4.7541351542268302
105.595,-4.7595559304419091
105.596,-4.7649752581267215
105.59699999999999,-4.770393133917521
105.598,-4.7758095544835939
105.599,-4.7812245165271978
105.59999999999999,-4.7866380167835256
105.601,-4.7920500520206399
105.602,-4.7974606190394358
105.60299999999999,-4.8028697146735766
105.604,-4.8082773357894473
105.605,-4.8136834792861016
105.60599999999999,-4.8190881420951985
105.607,-4.8244913211809575
105.608,-4.8298930135400973
105.60899999999999,-4.8352932162017686
105.61,-4.8406919262275192
105.611,-4.8460891407112108
105.61199999999999,-4.8514848567789741
105.613,-4.8568790715891366
105.614,-4.8622717823321757
105.61499999999999,-4.8676629862306378
105.616,-4.8730526805390966
105.617,-4.8784408625440676
105.61799999999999,-4.8838275295639537
105.619,-4.8892126789489829
105.62,-4.8945963080811348
105.621,-4.8999784143740683
105.622,-4.9053589952730698
105.623,-4.9107380482549665
105.624,-4.916115570828067
105.625,-4.9214915605320844
105.626,-4.926866014938069
105.627,-4.9322389316483317
105.628,-4.9376103082963692
105.629,-4.9429801425467979
105.63,-4.94834843209527
105.631,-4.9537151746683961
105.63200000000001,-4.959080368023681
105.633,-4.9644440099494282
105.634,-4.9698060982646721
105.63500000000001,-4.9751666308191034
105.636,-4.9805256054929732
105.637,-4.9858830201970212
105.63800000000001,-4.9912388728723931
105.639,-4.9965931614905585
105.64,-5.0019458840532209
105.64100000000001,-5.0072970385922417
105.642,-5.0126466231695499
105.643,-5.0179946358770486
105.64400000000001,-5.0233410748365444
105.645,-5.0286859381996418
105.646,-5.0340292241476661
105.64700000000001,-5.0393709308915646
105.648,-5.0447110566718267
105.649,-5.050049599758383
105.65000000000001,-5.0553865584505147
105.651,-5.0607219310767624
105.652,-5.0660557159948274
105.65300000000001,-5.0713879115914846
105.654,-5.0767185162824813
105.655,-5.0820475285124402
105.65600000000001,-5.0873749467547551
105.657,-5.0927007695115112
105.658,-5.0980249953133683
105.65900000000001,-5.1033476227194692
105.66,-5.1086686503173313
105.661,-5.1139880767227535
105.66200000000001,-5.1193059005797021
105.663,-5.1246221205602236
105.664,-5.1299367353643248
105.66500000000001,-5.1352497437198732
105.666,-5.1405611443824935
105.667,-5.1458709361354549
105.66800000000001,-5.1511791177895638
105.669,-5.1564856881830643
105.67,-5.1617906461815153
105.67100000000001,-5.1670939906776852
105.672,-5.1723957205914477
105.673,-5.1776958348696578
105.67400000000001,-5.1829943324860395
105.675,-5.1882912124410874
105.676,-5.1935864737619344
105.67700000000001,-5.1988801155022433
105.678,-5.2041721367420868
105.679,-5.2094625365878366
105.68000000000001,-5.2147513141720401
105.681,-5.2200384686533035
105.682,-5.2253239992161689
105.68300000000001,-5.230607905070995
105.684,-5.2358901854538393
105.685,-5.2411708396263297
105.68600000000001,-5.2464498668755457
105.687,-5.2517272665138943
105.688,-5.2570030378789765
105.68899999999999,-5.2622771803334745
105.69,-5.2675496932650194
105.691,-5.2728205760860565
105.69199999999999,-5.2780898282337292
105.693,-5.2833574491697437
105.694,-5.2886234383802364
105.69499999999999,-5.2938877953756469
105.696,-5.2991505196905901
105.697,-5.3044116108837125
105.69799999999999,-5.3096710685375683
105.699,-5.3149288922584823
105.7,-5.3201850816764171
105.70099999999999,-5.3254396364448304
105.702,-5.3306925562405443
105.703,-5.3359438407636084
105.70399999999999,-5.3411934897371616
105.705,-5.3464415029072825
105.706,-5.3516878800428653
105.70699999999999,-5.3569326209354706
105.708,-5.3621757253991813
105.709,-5.3674171932704642
105.70999999999999,-5.3726570244080296
105.711,-5.3778952186926823
105.712,-5.3831317760271737
105.71299999999999,-5.3883666963360657
105.714,-5.3935999795655754
105.715,-5.3988316256834352
105.71599999999999,-5.4040616346787367
105.717,-5.4092900065617915
105.718,-5.4145167413639648
105.71899999999999,-5.4197418391375507
105.72,-5.4249652999555931
105.721,-5.4301871239117556
105.72199999999999,-5.4354073111201533
105.723,-5.4406258617152083
105.724,-5.4458427758514922
105.72499999999999,-5.4510580537035676
105.726,-5.456271695465837
105.727,-5.4614837013523854
105.72799999999999,-5.4666940715968195
105.729,-5.4719028064521105
105.73,-5.4771099061904316
105.73099999999999,-5.4823153711030095
105.732,-5.4875192014999534
105.733,-5.4927213977100884
105.73399999999999,-5.4979219600808094
105.735,-5.5031208889779002
105.736,-5.5083181847853879
105.73699999999999,-5.5135138479053563
105.738,-5.5187078787578052
105.739,-5.5239002777804647
105.73999999999999,-5.5290910454286362
105.741,-5.5342801821750189
105.742,-5.5394676885095588
105.74299999999999,-5.5446535649392548
105.744,-5.5498378119880041
105.745,-5.555020430196425
105.746,-5.5602014201216949
105.747,-5.5653807823373675
105.748,-5.5705585174332022
105.749,-5.5757346260149951
105.75,-5.5809091087043967
105.751,-5.5860819661387442
105.752,-5.5912531989708878
105.753,-5.5964228078690006
105.754,-5.6015907935164062
105.755,-5.6067571566114189
105.756,-5.6119218978671359
105.75700000000001,-5.6170850180112808
105.758,-5.622246517786003
105.759,-5.6274063979477233
105.76000000000001,-5.6325646592669223
105.761,-5.6377213025279787
105.762,-5.6428763285289794
105.76300000000001,-5.6480297380815419
105.764,-5.6531815320106098
105.765,-5.6583317111542968
105.76600000000001,-5.6634802763636785
105.767,-5.6686272285026131
105.768,-5.6737725684475553
105.76900000000001,-5.678916297087369
105.77,-5.6840584153231308
105.771,-5.6891989240679557
105.77200000000001,-5.6943378242467944
105.773,-5.6994751167962416
105.774,-5.7046108026643552
105.77500000000001,-5.7097448828104564
105.776,-5.7148773582049408
105.777,-5.7200082298290802
105.77800000000001,-5.7251374986748367
105.779,-5.7302651657446582
105.78,-5.7353912320512919
105.78100000000001,-5.7405156986175836
105.782,-5.7456385664762788
105.783,-5.7507598366698378
105.78400000000001,-5.7558795102502209
105.785,-5.7609975882787001
105.786,-5.76611407182566
105.78700000000001,-5.771228961970392
105.788,-5.7763422598009058
105.789,-5.7814539664137108
105.79000000000001,-5.7865640829136318
105.791,-5.7916726104136007
105.792,-5.7967795500344419
105.79300000000001,-5.8018849029046944
105.794,-5.8069886701603828
105.795,-5.812090852944829
105.79600000000001,-5.8171914524084336
105.797,-5.8222904697084843
105.798,-5.8273879060089442
105.79900000000001,-5.8324837624802353
105.8,-5.8375780402990554
105.801,-5.8426707406481349
105.80200000000001,-5.8477618647160572
105.803,-5.852851413697044
105.804,-5.8579393887907365
105.80500000000001,-5.8630257912019896
105.806,-5.868110622140664
105.807,-5.8731938828214112
105.80800000000001,-5.8782755744634638
105.809,-5.8833556982904227
105.81,-5.8884342555300453
105.81100000000001,-5.8935112474140272
105.812,-5.8985866751777944
105.813,-5.9036605400602848
105.81399999999999,-5.9087328433037349
105.815,-5.9138035861534632
105.816,-5.9188727698576589
105.81699999999999,-5.9239403956671559
105.818,-5.9290064648352239
105.819,-5.9340709786173473
105.81999999999999,-5.9391339382710111
105.821,-5.9441953450554763
105.822,-5.9492552002315655
105.82299999999999,-5.9543135050614442
105.824,-5.9593702608083987
105.825,-5.9644254687366143
105.82599999999999,-5.9694791301109564
105.827,-5.9745312461967455
105.828,-5.9795818182595539
105.82899999999999,-5.9846308475649526
105.83,-5.989678335378315
105.831,-5.9947242829645777
105.83199999999999,-5.9997686915880326
105.833,-6.0048115625120815
105.834,-6.0098528969990372
105.83499999999999,-6.0148926963098752
105.836,-6.0199309617040306
105.837,-6.0249676944391553
105.83799999999999,-6.0300028957708953
105.839,-6.0350365669526731
105.84,-6.0400687092354577
105.84099999999999,-6.045099323867527
105.842,-6.05012841209426
105.843,-6.0551559751578896
105.84399999999999,-6.060182014297288
105.845,-6.0652065307477301
105.846,-6.0702295257406718
105.84699999999999,-6.0752510005035116
105.848,-6.0802709562593673
105.849,-6.0852893942268587
105.84999999999999,-6.0903063156198467
105.851,-6.0953217216472293
105.852,-6.1003356135127014
105.85299999999999,-6.1053479924145186
105.854,-6.1103588595452809
105.855,-6.1153682160916851
105.85599999999999,-6.1203760632343034
105.857,-6.1253824021473413
105.858,-6.1303872339984178
105.85899999999999,-6.1353905599483198
105.86,-6.1403923811507788
105.861,-6.1453926987522305
105.86199999999999,-6.1503915138915897
105.863,-6.1553888277000048
105.864,-6.1603846413006309
105.86499999999999,-6.1653789558083982
105.866,-6.1703717723297675
105.867,-6.1753630919625095
105.86799999999999,-6.1803529157954546
105.869,-6.1853412449082672
105.87,-6.1903280803712128
105.871,-6.1953134232449045
105.872,-6.2002972745800946
105.873,-6.2052796354174173
105.874,-6.2102605067871561
105.875,-6.2152398897090144
105.876,-6.2202177851918741
105.877,-6.2251941942335591
105.878,-6.2301691178205978
105.879,-6.2351425569279915
105.88,-6.2401145125189661
105.881,-6.2450849855447466
105.88200000000001,-6.2500539769443098
105.883,-6.2550214876441572
105.884,-6.2599875185580629
105.88500000000001,-6.2649520705868564
105.886,-6.2699151446181585
105.887,-6.2748767415261675
105.88800000000001,-6.279836862171404
105.889,-6.2847955074004833
105.89,-6.2897526780458719
105.89100000000001,-6.2947083749256478
105.892,-6.2996625988432697
105.893,-6.3046153505873299
105.89400000000001,-6.3095666309313163
105.895,-6.3145164406333798
105.896,-6.3194647804360962
105.89700000000001,-6.3244116510662138
105.898,-6.3293570532344354
105.899,-6.3343009876351584
105.90000000000001,-6.3392434549462529
105.901,-6.3441844558288132
105.902,-6.3491239909269286
105.90300000000001,-6.3540620608674256
105.904,-6.3589986662596552
105.905,-6.3639338076952292
105.90600000000001,-6.3688674857478045
105.907,-6.3737997009728193
105.908,-6.3787304539072807
105.90900000000001,-6.3836597450695116
105.91,-6.3885875749589029
105.911,-6.3935139440557016
105.91200000000001,-6.3984388528207461
105.913,-6.4033623016952426
105.914,-6.4082842911005287
105.91500000000001,-6.4132048214378212
105.916,-6.4181238930879925
105.917,-6.4230415064113249
105.91800000000001,-6.4279576617472749
105.919,-6.4328723594142367
105.92,-6.4377855997093061
105.92100000000001,-6.4426973829080332
105.922,-6.4476077092642008
105.923,-6.4525165790095738
105.92400000000001,-6.4574239923536716
105.925,-6.4623299494835251
105.926,-6.4672344505634438
105.92700000000001,-6.4721374957347741
105.928,-6.4770390851156741
105.929,-6.4819392188008624
105.93000000000001,-6.4868378968614042
105.931,-6.4917351193444439
105.932,-6.4966308862730031
105.93300000000001,-6.5015251976457265
105.934,-6.5064180534366418
105.935,-6.5113094535949454
105.93600000000001,-6.5161993980447566
105.937,-6.5210878866848763
105.938,-6.525974919388565
105.93899999999999,-6.5308604960033065
105.94,-6.5357446163505717
105.941,-6.540627280225582
105.94199999999999,-6.5455084873970915
105.943,-6.5503882376071356
105.944,-6.5552665305708135
105.94499999999999,-6.5601433659760442
105.946,-6.5650187434833551
105.947,-6.5698926627256213
105.94799999999999,-6.5747651233078663
105.949,-6.5796361248070028
105.95,-6.5845056667716264
105.95099999999999,-6.5893737487217745
105.952,-6.5942403701486967
105.953,-6.5991055305146258
105.95399999999999,-6.6039692292525594
105.955,-6.6088314657660163
105.956,-6.6136922394288185
105.95699999999999,-6.6185515495848595
105.958,-6.6234093955478883
105.959,-6.6282657766012694
105.95999999999999,-6.633120691997755
105.961,-6.6379741409592796
105.962,-6.642826122676718
105.96299999999999,-6.6476766363096598
105.964,-6.6525256809861908
105.965,-6.6573732558026748
105.96599999999999,-6.662219359823526
105.967,-6.6670639920809762
105.968,-6.6719071515748691
105.96899999999999,-6.6767488372724237
105.97,-6.6815890481080302
105.971,-6.6864277829830172
105.97199999999999,-6.6912650407654315
105.973,-6.6961008202898231
105.974,-6.7009351203570269
105.97499999999999,-6.705767939733942
105.976,-6.7105992771533156
105.977,-6.7154291313135221
105.97799999999999,-6.7202575008783505
105.979,-6.7250843844767925
105.98,-6.7299097807028154
105.98099999999999,-6.7347336881151545
105.982,-6.7395561052371047
105.983,-6.7443770305562918
105.98399999999999,-6.7491964625244787
105.985,-6.7540143995573345
105.986,-6.7588308400342392
105.98699999999999,-6.7636457822980613
105.988,-6.7684592246549542
105.989,-6.7732711653741404
105.98999999999999,-6.7780816026877115
105.991,-6.7828905347904129
105.992,-6.7876979598394396
105.99299999999999,-6.7925038759542247
105.994,-6.7973082812162495
105.995,-6.8021111736688109
105.996,-6.8069125513168416
105.997,-6.8117124121266972
105.998,-6.8165107540259502
105.999,-6.8213075749031908
106,-6.8261028726078266
106.001,-6.8308966449498811
106.002,-6.8356888896997976
106.003,-6.8404796045882232
106.004,-6.8452687873058391
106.005,-6.8500564355031397
106.006,-6.854842546790243
106.00700000000001,-6.8596271187366966
106.008,-6.8644101488712899
106.009,-6.8691916346818385
106.01000000000001,-6.8739715736150142
106.011,-6.8787499630761388
106.012,-6.8835268004290011
106.01300000000001,-6.8883020829956561
106.014,-6.8930758080562473
106.015,-6.8978479728488047
106.01600000000001,-6.9026185745690736
106.017,-6.9073876103703089
106.018,-6.9121550773631064
106.01900000000001,-6.9169209726151983
106.02,-6.9216852931512971
106.021,-6.9264480359528768
106.02200000000001,-6.9312091979580277
106.023,-6.9359687760612374
106.024,-6.9407267671132491
106.02500000000001,-6.9454831679208482
106.026,-6.9502379752467096
106.027,-6.9549911858091988
106.02800000000001,-6.9597427962822191
106.029,-6.9644928032950126
106.03,-6.9692412034320004
106.03100000000001,-6.9739879932326065
106.032,-6.9787331691910879
106.033,-6.9834767277563525
106.03400000000001,-6.9882186653318055
106.035,-6.9929589782751638
106.036,-6.9976976628983021
106.03700000000001,-7.002434715467075
106.038,-7.0071701322011624
106.039,-7.0119039092738884
106.04000000000001,-7.0166360428120758
106.041,-7.0213665288958786
106.042,-7.026095363558607
106.04300000000001,-7.0308225427865807
106.044,-7.0355480625189735
106.045,-7.0402719186476439
106.04600000000001,-7.0449941070169793
106.047,-7.0497146234237533
106.048,-7.0544334636169559
106.04900000000001,-7.0591506232976418
106.05,-7.0638660981187957
106.051,-7.0685798836851585
106.05200000000001,-7.0732919755530901
106.053,-7.0780023692304166
106.054,-7.0827110601762922
106.05500000000001,-7.087418043801037
106.056,-7.0921233154660097
106.057,-7.0968268704834454
106.05800000000001,-7.1015287041163333
106.059,-7.1062288115782568
106.06,-7.110927188033271
106.06100000000001,-7.1156238285957478
106.062,-7.1203187283302558
106.063,-7.1250118822514068
106.06399999999999,-7.1297032853237319
106.065,-7.134392932461548
106.066,-7.1390808185288197
106.06699999999999,-7.1437669383390379
106.068,-7.1484512866550816
106.069,-7.1531338581890918
106.06999999999999,-7.1578146476023505
106.071,-7.1624936495051479
106.072,-7.1671708584566609
106.07299999999999,-7.171846268964833
106.074,-7.1765198754862549
106.075,-7.1811916724260296
106.07599999999999,-7.1858616541376819
106.077,-7.190529814923007
106.078,-7.1951961490319842
106.07899999999999,-7.1998606506626484
106.08,-7.2045233139609763
106.081,-7.209184133020786
106.08199999999999,-7.2138431018836116
106.083,-7.2185002145386044
106.084,-7.2231554649224279
106.08499999999999,-7.2278088469191424
106.086,-7.2324603543601089
106.087,-7.2371099810238864
106.08799999999999,-7.2417577206361283
106.089,-7.2464035668694731
106.09,-7.2510475133434706
106.09099999999999,-7.2556895536244603
106.092,-7.2603296812254836
106.093,-7.2649678896062007
106.09399999999999,-7.2696041721727909
106.095,-7.2742385222778481
106.096,-7.2788709332203165
106.09699999999999,-7.283501398245388
106.098,-7.2881299105444182
106.099,-7.2927564632548396
106.09999999999999,-7.297381049460089
106.101,-7.3020036621895095
106.102,-7.3066242944182935
106.10299999999999,-7.3112429390673732
106.104,-7.3158595890033773
106.105,-7.3204742370385336
106.10599999999999,-7.325086875930598
106.107,-7.3296974983827923
106.108,-7.334306097043731
106.10899999999999,-7.3389126645073386
106.11,-7.3435171933128096
106.111,-7.3481196759445115
106.11199999999999,-7.3527201048319473
106.113,-7.3573184723496805
106.114,-7.3619147708172754
106.11499999999999,-7.3665089924992397
106.116,-7.3711011296049751
106.117,-7.3756911742887024
106.11799999999999,-7.3802791186494261
106.119,-7.3848649547308778
106.12,-7.3894486745214625
106.121,-7.3940302699542038
106.122,-7.3986097329067171
106.123,-7.4031870552011405
106.124,-7.4077622286041045
106.125,-7.4123352448266928
106.126,-7.4169060955243875
106.127,-7.4214747722970529
106.128,-7.4260412666888698
106.129,-7.430605570188332
106.13,-7.4351676742281843
106.131,-7.4397275701854131
106.13200000000001,-7.4442852493812079
106.133,-7.4488407030809238
106.134,-7.453393922494076
106.13500000000001,-7.4579448987742971
106.136,-7.46249362301932
106.137,-7.4670400862709698
106.13800000000001,-7.4715842795151186
106.139,-7.4761261936816883
106.14,-7.4806658196446367
106.14100000000001,-7.4852031482219239
106.142,-7.489738170175519
106.143,-7.4942708762113917
106.14400000000001,-7.498801256979478
106.145,-7.5033293030737145
106.146,-7.5078550050319937
106.14700000000001,-7.5123783533361888
106.148,-7.5168993384121379
106.149,-7.5214179506296546
106.15000000000001,-7.5259341803025208
106.151,-7.5304480176884976
106.152,-7.534959452989332
106.15300000000001,-7.5394684763507644
106.154,-7.5439750778625392
106.155,-7.5484792475584115
106.15600000000001,-7.5529809754161654
106.157,-7.5574802513576369
106.158,-7.5619770652487137
106.15900000000001,-7.5664714068993764
106.16,-7.5709632660636981
106.161,-7.5754526324398839
106.16200000000001,-7.5799394956702919
106.163,-7.5844238453414583
106.164,-7.5889056709841221
106.16500000000001,-7.5933849620732676
106.166,-7.5978617080281499
106.167,-7.6023358982123277
106.16800000000001,-7.6068075219337015
106.169,-7.6112765684445591
106.17,-7.6157430269416064
106.17100000000001,-7.6202068865660149
106.172,-7.6246681364034643
106.173,-7.6291267654841928
106.17400000000001,-7.633582762783039
106.175,-7.6380361172194942
106.176,-7.6424868176577601
106.17700000000001,-7.6469348529067975
106.178,-7.6513802117203777
106.179,-7.6558228827971551
106.18000000000001,-7.6602628547807115
106.181,-7.6647001162596275
106.182,-7.6691346557675431
106.18300000000001,-7.6735664617832242
106.184,-7.6779955227306331
106.185,-7.6824218269789881
106.18600000000001,-7.6868453628428526
106.187,-7.69126611858219
106.188,-7.6956840824024582
106.18899999999999,-7.7000992424546642
106.19,-7.704511586835471
106.191,-7.708921103587258
106.19199999999999,-7.7133277806982168
106.193,-7.7177316061024221
106.194,-7.7221325676799424
106.19499999999999,-7.7265306532569049
106.196,-7.7309258506056135
106.197,-7.7353181474446142
106.19799999999999,-7.7397075314388122
106.199,-7.7440939901995591
106.2,-7.7484775112847508
106.20099999999999,-7.7528580821989479
106.202,-7.7572356903934505
106.203,-7.7616103232664262
106.20399999999999,-7.765981968163004
106.205,-7.7703506123754025
106.206,-7.774716243143013
106.20699999999999,-7.7790788476525439
106.208,-7.7834384130381071
106.209,-7.7877949263813733
106.20999999999999,-7.7921483747116422
106.211,-7.7964987450060121
106.212,-7.8008460241894735
106.21299999999999,-7.8051901991350441
106.214,-7.8095312566639006
106.215,-7.8138691835455045
106.21599999999999,-7.8182039664977303
106.217,-7.822535592187009
106.218,-7.8268640472284527
106.21899999999999,-7.8311893181860039
106.22,-7.8355113915725667
106.221,-7.8398302538501525
106.22199999999999,-7.8441458914300206
106.223,-7.8484582906728377
106.224,-7.8527674378887991
106.22499999999999,-7.8570733193378128
106.226,-7.8613759212296213
106.227,-7.8656752297239709
106.22799999999999,-7.8699712309307728
106.229,-7.8742639109102424
106.23,-7.8785532556730811
106.23099999999999,-7.88283925118062
106.232,-7.8871218833450012
106.233,-7.8914011380293285
106.23399999999999,-7.8956770010478419
106.235,-7.8999494581660983
106.236,-7.9042184951011247
106.23699999999999,-7.9084840975216046
106.238,-7.912746251048052
106.239,-7.9170049412529906
106.23999999999999,-7.9212601536611302
106.241,-7.9255118737495565
106.242,-7.9297600869479083
106.24299999999999,-7.934004778638565
106.244,-7.938245934156841
106.245,-7.9424835387911656
106.246,-7.9467175777832892
106.247,-7.9509480363284659
106.248,-7.9551748995756473
106.249,-7.9593981526277062
106.25,-7.9636177805416004
106.251,-7.9678337683286031
106.252,-7.9720461009544952
106.253,-7.9762547633397709
106.254,-7.9804597403598585
106.255,-7.98466101684531
106.256,-7.9888585775820307
106.25700000000001,-7.9930524073114935
106.258,-7.9972424907309403
106.259,-8.0014288124936126
106.26000000000001,-8.0056113572089753
106.261,-8.0097901094429229
106.262,-8.0139650537180209
106.26300000000001,-8.0181361745137192
106.264,-8.0223034562665916
106.265,-8.0264668833705546
106.26600000000001,-8.0306264401771053
106.267,-8.0347821109955593
106.268,-8.0389338800932784
106.26900000000001,-8.0430817316959118
106.27,-8.0472256499876433
106.271,-8.0513656191114169
106.27200000000001,-8.0555016231691976
106.273,-8.0596336462222098
106.274,-8.0637616722911769
106.27500000000001,-8.0678856853565843
106.276,-8.0720056693589264
106.277,-8.0761216081989602
106.27800000000001,-8.0802334857379563
106.279,-8.0843412857979544
106.28,-8.0884449921620369
106.28100000000001,-8.0925445885745741
106.282,-8.0966400587414942
106.283,-8.1007313863305477
106.28400000000001,-8.1048185549715708
106.285,-8.1089015482567621
106.286,-8.1129803497409441
106.28700000000001,-8.1170549429418397
106.288,-8.121125311340343
106.289,-8.1251914383808064
106.29000000000001,-8.1292533074712985
106.291,-8.1333109019839043
106.292,-8.1373642052549968
106.29300000000001,-8.1414132005855198
106.294,-8.1454578712412786
106.295,-8.1494982004532215
106.29600000000001,-8.1535341714177285
106.297,-8.1575657672969086
106.298,-8.1615929712188873
106.29900000000001,-8.1656157662781084
106.3,-8.1696341355356132
106.301,-8.173648062019355
106.30200000000001,-8.177657528724497
106.303,-8.181662518613706
106.304,-8.1856630146174592
106.30500000000001,-8.1896589996343536
106.306,-8.1936504565314117
106.307,-8.197637368144381
106.30800000000001,-8.2016197172780601
106.309,-8.2055974867065959
106.31,-8.20957065917381
106.31100000000001,-8.2135392173935049
106.312,-8.2175031440497914
106.313,-8.2214624217973924
106.31399999999999,-8.22541703326198
106.315,-8.2293669610404869
106.316,-8.2333121877014417
106.31699999999999,-8.2372526957852852
106.318,-8.2411884678046938
106.319,-8.2451194862449295
106.31999999999999,-8.2490457335641487
106.321,-8.2529671921937471
106.322,-8.2568838445386952
106.32299999999999,-8.26079567297786
106.324,-8.2647026598643638
106.325,-8.2686047875259021
106.32599999999999,-8.2725020382651113
106.327,-8.2763943943598797
106.328,-8.2802818380637131
106.32899999999999,-8.2841643516060763
106.33,-8.2880419171927358
106.331,-8.2919145170061164
106.33199999999999,-8.2957821332056447
106.333,-8.2996447479281095
106.334,-8.3035023432879971
106.33499999999999,-8.3073549013778791
106.336,-8.3112024042687302
106.337,-8.3150448340103225
106.33799999999999,-8.3188821726315609
106.339,-8.3227144021408552
106.34,-8.3265415045264799
106.34099999999999,-8.3303634617569458
106.342,-8.3341802557813516
106.343,-8.3379918685297643
106.34399999999999,-8.3417982819135883
106.345,-8.345599477825921
106.346,-8.3493954381419435
106.34699999999999,-8.3531861447192828
106.348,-8.3569715793983921
106.349,-8.3607517240029221
106.34999999999999,-8.3645265603401029
106.351,-8.3682960702011169
106.352,-8.372060235361495
106.35299999999999,-8.3758190375814721
106.354,-8.3795724586063987
106.355,-8.3833204801671091
106.35599999999999,-8.3870630839803102
106.357,-8.3908002517489653
106.358,-8.3945319651626953
106.35899999999999,-8.398258205898161
106.36,-8.4019789556194517
106.361,-8.4056941959784819
106.36199999999999,-8.4094039086153778
106.363,-8.4131080751588936
106.364,-8.416806677226786
106.36499999999999,-8.4204996964262229
106.366,-8.4241871143541722
106.367,-8.4278689125978197
106.36799999999999,-8.4315450727349646
106.369,-8.4352155763344072
106.37,-8.4388804049563753
106.371,-8.4425395401529144
106.372,-8.4461929634683059
106.373,-8.449840656439461
106.374,-8.4534826005963488
106.375,-8.4571187774623855
106.376,-8.4607491685548553
106.377,-8.4643737553853331
106.378,-8.4679925194600845
106.379,-8.4716054422804792
106.38,-8.4752125053434231
106.381,-8.4788136901417523
106.38200000000001,-8.4824089781646794
106.383,-8.485998350898182
106.384,-8.4895817898254489
106.38500000000001,-8.4931592764272832
106.386,-8.496730792182543
106.387,-8.5002963185685481
106.38800000000001,-8.5038558370615061
106.389,-8.5074093291369515
106.39,-8.510956776270163
106.39100000000001,-8.5144981599365845
106.392,-8.5180334616122693
106.393,-8.5215626627742953
106.39400000000001,-8.5250857449012027
106.395,-8.528602689473427
106.396,-8.5321134779737253
106.39700000000001,-8.5356180918876134
106.398,-8.5391165127038047
106.399,-8.5426087219146289
106.40000000000001,-8.5460947010164894
106.401,-8.5495744315102815
106.402,-8.553047894901848
106.40300000000001,-8.5565150727024015
106.404,-8.5599759464289704
106.405,-8.5634304976048412
106.40600000000001,-8.5668787077600026
106.407,-8.5703205584315736
106.408,-8.5737560311642547
106.40900000000001,-8.5771851075107843
106.41,-8.5806077690323512
106.411,-8.5840239972990808
106.41200000000001,-8.5874337738904352
106.413,-8.5908370803957013
106.414,-8.5942338984144087
106.41500000000001,-8.597624209556793
106.416,-8.6010079954442364
106.417,-8.6043852377097263
106.41800000000001,-8.6077559179982881
106.419,-8.6111200179674583
106.42,-8.6144775192877105
106.42100000000001,-8.6178284036429318
106.422,-8.621172652730861
106.423,-8.6245102482635367
106.42400000000001,-8.6278411719677663
106.425,-8.6311654055855698
106.426,-8.6344829308746345
106.42700000000001,-8.6377937296087701
106.428,-8.641097783578374
106.429,-8.6443950745908733
106.43000000000001,-8.6476855844711942
106.431,-8.6509692950622004
106.432,-8.6542461882251782
106.43300000000001,-8.6575162458402701
106.434,-8.6607794498069453
106.435,-8.6640357820444613
106.43600000000001,-8.6672852244923124
106.437,-8.670527759110696
106.438,-8.6737633678809711
106.43899999999999,-8.6769920328061261
106.44,-8.6802137359112272
106.441,-8.6834284592438902
106.44199999999999,-8.6866361848747342
106.443,-8.6898368948978515
106.444,-8.6930305714312617
106.44499999999999,-8.6962171966173756
106.446,-8.6993967526234712
106.447,-8.702569221642138
106.44799999999999,-8.7057345858917436
106.449,-8.708892827616916
106.45,-8.7120439290889777
106.45099999999999,-8.7151878726064407
106.452,-8.7183246404954406
106.453,-8.7214542151102261
106.45399999999999,-8.7245765788336094
106.455,-8.7276917140774355
106.456,-8.7307996032830424
106.45699999999999,-8.7339002289217369
106.458,-8.7369935734952406
106.459,-8.7400796195361803
106.45999999999999,-8.7431583496085317
106.461,-8.7462297463080958
106.462,-8.7492937922629554
106.46299999999999,-8.7523504701339565
106.464,-8.7553997626151503
106.465,-8.7584416524342839
106.46599999999999,-8.7614761223532458
106.467,-8.7645031551685406
106.468,-8.7675227337117558
106.46899999999999,-8.7705348408500168
106.47,-8.7735394594864626
106.471,-8.7765365725607136
106.47199999999999,-8.7795261630493222
106.473,-8.7825082139662474
106.474,-8.7854827083633182
106.47499999999999,-8.7884496293307031
106.476,-8.7914089599973604
106.477,-8.794360683531524
106.47799999999999,-8.7973047831411453
106.479,-8.8002412420743692
106.48,-8.8031700436200016
106.48099999999999,-8.8060911711079601
106.482,-8.809004607909749
106.483,-8.8119103374389152
106.48399999999999,-8.8148083431515136
106.485,-8.8176986085465714
106.486,-8.8205811171665474
106.48699999999999,-8.8234558525977924
106.488,-8.8263227984710202
106.489,-8.8291819384617511
106.48999999999999,-8.8320332562907939
106.491,-8.8348767357246896
106.492,-8.8377123605761785
106.49299999999999,-8.8405401147046572
106.494,-8.8433599820166471
106.495,-8.8461719464662405
106.496,-8.8489759920555588
106.497,-8.8517721028352288
106.498,-8.854560262904819
106.499,-8.8573404564133025
106.5,-8.860112667559525
106.501,-8.8628768805926406
106.502,-8.8656330798125875
106.503,-8.8683812495705254
106.504,-8.8711213742693111
106.505,-8.8738534383639198
106.506,-8.8765774263619317
106.50700000000001,-8.8792933228239672
106.508,-8.8820011123641383
106.509,-8.8847007796505064
106.51000000000001,-8.8873923094055307
106.511,-8.8900756864065151
106.512,-8.8927508954860635
106.51300000000001,-8.8954179215325144
106.514,-8.8980767494904107
106.515,-8.9007273643609306
106.51600000000001,-8.9033697512023391
106.517,-8.9060038951304303
106.518,-8.9086297813189823
106.51900000000001,-8.9112473950001778
106.52,-8.9138567214650841
106.521,-8.9164577460640597
106.52200000000001,-8.9190504542072251
106.523,-8.9216348313648748
106.524,-8.9242108630679429
106.52500000000001,-8.926778534908431
106.526,-8.9293378325398418
106.527,-8.9318887416776267
106.52800000000001,-8.9344312480996138
106.529,-8.9369653376464537
106.53,-8.9394909962220392
106.53100000000001,-8.9420082097939506
106.532,-8.9445169643938858
106.533,-8.9470172461180919
106.53400000000001,-8.9495090411277918
106.535,-8.9519923356496172
106.536,-8.9544671159760458
106.53700000000001,-8.9569333684658066
106.538,-8.9593910795443321
106.539,-8.9618402357041589
106.54000000000001,-8.9642808235053835
106.541,-8.9667128295760481
106.542,-8.9691362406125954
106.54300000000001,-8.9715510433802699
106.544,-8.973957224713546
106.545,-8.9763547715165455
106.54600000000001,-8.9787436707634551
106.547,-8.9811239094989421
106.548,-8.983495474838568
106.54900000000001,-8.9858583539692081
106.55,-8.9882125341494596
106.551,-8.9905580027100562
106.55200000000001,-8.9928947470542759
106.553,-8.9952227546583519
106.554,-8.9975420130718771
106.55500000000001,-8.9998525099182203
106.556,-9.0021542328949149
106.557,-9.0044471697740835
106.55800000000001,-9.0067313084028218
106.559,-9.0090066367036119
106.56,-9.0112731426747175
106.56100000000001,-9.013530814390581
106.562,-9.0157796400022274
106.563,-9.0180196077376547
106.56399999999999,-9.0202507059022263
106.565,-9.0224729228790679
106.566,-9.0246862471294662
106.56699999999999,-9.0268906671932356
106.568,-9.0290861716891424
106.569,-9.0312727493152565
106.56999999999999,-9.03345038884936
106.571,-9.0356190791493241
106.572,-9.0377788091534903
106.57299999999999,-9.0399295678810514
106.574,-9.0420713444324434
106.575,-9.0442041279897012
106.57599999999999,-9.0463279078168597
106.577,-9.0484426732603058
106.578,-9.0505484137491674
106.57899999999999,-9.0526451187956845
106.58,-9.0547327779955715
106.581,-9.0568113810283908
106.58199999999999,-9.0588809176579215
106.583,-9.0609413777325205
106.584,-9.0629927511854884
106.58499999999999,-9.0650350280354335
106.586,-9.067068198386627
106.587,-9.0690922524293711
106.58799999999999,-9.0711071804403396
106.589,-9.0731129727829547
106.59,-9.0751096199077175
106.59099999999999,-9.0770971123525861
106.592,-9.079075440743301
106.593,-9.0810445957937436
106.59399999999999,-9.0830045683062881
106.595,-9.0849553491721373
106.596,-9.0868969293716741
106.59699999999999,-9.0888292999747904
106.598,-9.0907524521412419
106.599,-9.0926663771209704
106.59999999999999,-9.0945710662544563
106.601,-9.096466510973034
106.602,-9.0983527027992377
106.60299999999999,-9.1002296333471282
106.604,-9.1020972943226131
106.605,-9.1039556775237873
106.60599999999999,-9.1058047748412498
106.607,-9.1076445782584177
106.608,-9.1094750798518707
106.60899999999999,-9.1112962717916375
106.61,-9.1131081463415438
106.611,-9.1149106958595052
106.61199999999999,-9.1167039127978509
106.613,-9.118487789703634
106.614,-9.1202623192189307
106.61499999999999,-9.122027494081161
106.616,-9.1237833071233858
106.617,-9.1255297512746107
106.61799999999999,-9.1272668195600808
106.619,-9.1289945051015984
106.62,-9.1307128011177952
106.621,-9.1324217009244482
106.622,-9.134121197934757
106.623,-9.1358112856596385
106.624,-9.1374919577080274
106.625,-9.1391632077871421
106.626,-9.1408250297027855
106.627,-9.1424774173596166
106.628,-9.1441203647614415
106.629,-9.1457538660114768
106.63,-9.1473779153126369
106.631,-9.1489925069678097
106.63200000000001,-9.1505976353801124
106.633,-9.1521932950531806
106.634,-9.1537794805914157
106.63500000000001,-9.1553561867002689
106.636,-9.1569234081864899
106.637,-9.1584811399584023
106.63800000000001,-9.1600293770261345
106.639,-9.1615681145019074
106.64,-9.1630973476002744
106.64100000000001,-9.1646170716383644
106.642,-9.1661272820361486
106.643,-9.1676279743166784
106.64400000000001,-9.1691191441063271
106.645,-9.1706007871350401
106.646,-9.1720728992365714
106.64700000000001,-9.1735354763487216
106.648,-9.1749885145135757
106.649,-9.1764320098777361
106.65000000000001,-9.1778659586925517
106.651,-9.1792903573143487
106.652,-9.1807052022046562
106.65300000000001,-9.1821104899304373
106.654,-9.1835062171643003
106.655,-9.1848923806847207
106.65600000000001,-9.1862689773762671
106.657,-9.1876360042298053
106.658,-9.188993458342722
106.65900000000001,-9.1903413369191256
106.66,-9.1916796372700542
106.661,-9.1930083568136904
106.66200000000001,-9.1943274930755532
106.663,-9.1956370436887056
106.664,-9.1969370063939611
106.66500000000001,-9.1982273790400502
106.666,-9.1995081595838517
106.667,-9.2007793460905596
106.66800000000001,-9.2020409367338747
106.669,-9.2032929297961985
106.67,-9.2045353236688126
106.67100000000001,-9.2057681168520595
106.672,-9.2069913079555263
106.673,-9.2082048956982092
106.67400000000001,-9.2094088789087056
106.675,-9.2106032565253688
106.676,-9.2117880275964925
106.67700000000001,-9.2129631912804655
106.678,-9.2141287468459314
106.679,-9.2152846936719772
106.68000000000001,-9.2164310312482627
106.681,-9.2175677591751892
106.682,-9.218694877164058
106.68300000000001,-9.2198123850372209
106.684,-9.2209202827282173
106.685,-9.2220185702819357
106.68600000000001,-9.2231072478547578
106.687,-9.2241863157146895
106.688,-9.2252557742415071
106.68899999999999,-9.2263156239268937
106.69,-9.2273658653745798
106.691,-9.2284064993004566
106.69199999999999,-9.2294375265327186
106.693,-9.2304589480120054
106.694,-9.2314707647914869
106.69499999999999,-9.2324729780370216
106.696,-9.2334655890272579
106.697,-9.234448599153751
106.69799999999999,-9.2354220099210842
106.699,-9.2363858229469766
106.7,-9.2373400399623868
106.70099999999999,-9.2382846628116315
106.702,-9.239219693452478
106.703,-9.2401451339562435
106.70399999999999,-9.2410609865079127
106.705,-9.2419672534062123
106.706,-9.2428639370637118
106.70699999999999,-9.2437510400069272
106.708,-9.2446285648763808
106.709,-9.2454965144267192
106.70999999999999,-9.2463548915267761
106.711,-9.2472036991596553
106.712,-9.2480429404228204
106.71299999999999,-9.2488726185281553
106.714,-9.2496927368020447
106.715,-9.2505032986854427
106.71599999999999,-9.2513043077339496
106.717,-9.2520957676178579
106.718,-9.252877682122234
106.71899999999999,-9.2536500551469647
106.72,-9.2544128907068313
106.721,-9.2551661929315294
106.72199999999999,-9.2559099660657758
106.723,-9.2566442144693006
106.724,-9.2573689426169405
106.72499999999999,-9.2580841550986523
106.726,-9.2587898566195701
106.727,-9.2594860520000406
106.72799999999999,-9.2601727461756589
106.729,-9.2608499441973056
106.73,-9.2615176512311788
106.73099999999999,-9.2621758725588155
106.732,-9.2628246135771217
106.733,-9.2634638797984028
106.73399999999999,-9.2640936768503828
106.735,-9.2647140104761991
106.736,-9.2653248865344686
106.73699999999999,-9.2659263109992533
106.738,-9.2665182899600875
106.739,-9.2671008296219917
106.73999999999999,-9.2676739363054779
106.741,-9.2682376164465463
106.742,-9.2687918765966817
106.74299999999999,-9.2693367234228674
106.744,-9.2698721637075661
106.745,-9.2703982043487176
106.746,-9.2709148523597289
106.747,-9.2714221148694627
106.748,-9.2719199991222183
106.749,-9.2724085124777176
106.75,-9.2728876624110903
106.751,-9.2733574565128301
106.752,-9.2738179024888048
106.753,-9.2742690081601857
106.754,-9.2747107814634546
106.755,-9.2751432304503503
106.756,-9.2755663632878402
106.75700000000001,-9.2759801882580817
106.758,-9.2763847137583646
106.759,-9.2767799483011046
106.76000000000001,-9.2771659005137614
106.761,-9.2775425791388102
106.762,-9.2779099930336848
106.76300000000001,-9.2782681511707246
106.764,-9.2786170626371156
106.765,-9.2789567366348429
106.76600000000001,-9.279287182480612
106.767,-9.2796084096058049
106.768,-9.2799204275563927
106.76900000000001,-9.2802232459928913
106.77,-9.2805168746902638
106.771,-9.2808013235378759
106.77200000000001,-9.2810766025393896
106.773,-9.2813427218127096
106.774,-9.2815996915898804
106.77500000000001,-9.2818475222170296
106.776,-9.2820862241542521
106.777,-9.2823158079755412
106.77800000000001,-9.2825362843686943
106.779,-9.2827476641352096
106.78,-9.2829499581902049
106.78100000000001,-9.2831431775623017
106.782,-9.2833273333935455
106.783,-9.2835024369392798
106.78400000000001,-9.2836684995680603
106.785,-9.2838255327615276
106.786,-9.2839735481143109
106.78700000000001,-9.2841125573339092
106.788,-9.2842425722405757
106.789,-9.2843636047672042
106.79000000000001,-9.2844756669591924
106.791,-9.2845787709743401
106.792,-9.2846729290827117
106.79300000000001,-9.2847581536665178
106.794,-9.284834457219965
106.795,-9.2849018523491473
106.79600000000001,-9.2849603517718933
106.797,-9.2850099683176381
106.798,-9.2850507149272854
106.79900000000001,-9.2850826046530557
106.8,-9.2851056506583447
106.801,-9.2851198662175847
106.80200000000001,-9.2851252647160898
106.803,-9.2851218596498981
106.804,-9.2851096646256224
106.80500000000001,-9.2850886933603114
106.806,-9.2850589596812476
106.807,-9.2850204775258334
106.80800000000001,-9.2849732609414062
106.809,-9.2849173240850593
106.81,-9.2848526812235086
106.81100000000001,-9.2847793467328952
106.812,-9.2846973350986115
106.813,-9.2846066609151503
106.81399999999999,-9.2845073388859038
106.815,-9.2843993838229917
106.816,-9.2842828106470883
106.81699999999999,-9.2841576343872312
106.818,-9.2840238701806275
106.819,-9.2838815332724813
106.81999999999999,-9.2837306390157917
106.821,-9.283571202871169
106.822,-9.2834032404066296
106.82299999999999,-9.2832267672973998
106.824,-9.2830417993257335
106.825,-9.2828483523806788
106.82599999999999,-9.2826464424579118
106.827,-9.2824360856594996
106.828,-9.2822172981937019
106.82899999999999,-9.281990096374777
106.83,-9.2817544966227388
106.831,-9.2815105154631716
106.83199999999999,-9.2812581695269909
106.833,-9.2809974755502367
106.834,-9.2807284503738519
106.83499999999999,-9.2804511109434564
106.836,-9.2801654743091238
106.837,-9.279871557625146
106.83799999999999,-9.2795693781498176
106.839,-9.2792589532451935
106.84,-9.2789403003768633
106.84099999999999,-9.2786134371136999
106.842,-9.2782783811276559
106.843,-9.2779351501934766
106.84399999999999,-9.2775837621884971
106.845,-9.277224235092385
106.846,-9.2768565869868844
106.84699999999999,-9.2764808360555904
106.848,-9.2760970005836736
106.849,-9.2757050989576495
106.84999999999999,-9.2753051496651171
106.851,-9.2748971712944996
106.852,-9.274481182534787
106.85299999999999,-9.2740572021752836
106.854,-9.2736252491053417
106.855,-9.2731853423141004
106.85599999999999,-9.2727375008902051
106.857,-9.2722817440215675
106.858,-9.2718180909950814
106.85899999999999,-9.2713465611963386
106.86,-9.270867174109382
106.861,-9.2703799493164158
106.86199999999999,-9.2698849064975235
106.863,-9.2693820654304027
106.864,-9.2688714459900741
106.86499999999999,-9.2683530681486097
106.866,-9.2678269519748326
106.867,-9.2672931176340541
106.86799999999999,-9.2667515853877553
106.869,-9.2662023755933287
106.87,-9.2656455087037664
106.871,-9.2650810052673744
106.872,-9.2645088859274729
106.873,-9.263929171422113
106.874,-9.2633418825837541
106.875,-9.26274704033899
106.876,-9.2621446657082274
106.877,-9.2615347798053964
106.878,-9.260917403837631
106.879,-9.2602925591049807
106.88,-9.2596602670000792
106.881,-9.2590205490078485
106.88200000000001,-9.2583734267051909
106.883,-9.2577189217606595
106.884,-9.2570570559341583
106.88500000000001,-9.2563878510766155
106.886,-9.2557113291296655
106.887,-9.2550275121253396
106.88800000000001,-9.2543364221857267
106.889,-9.2536380815226664
106.89,-9.2529325124374111
106.89100000000001,-9.2522197373203063
106.892,-9.2514997786504658
106.893,-9.2507726589954338
106.89400000000001,-9.2500384010108565
106.895,-9.2492970274401483
106.896,-9.2485485611141698
106.89700000000001,-9.2477930249508731
106.898,-9.2470304419549763
106.899,-9.2462608352176172
106.90000000000001,-9.2454842279160285
106.901,-9.2447006433131769
106.902,-9.243910104757429
106.90300000000001,-9.2431126356822126
106.904,-9.2423082596056574
106.905,-9.241497000130261
106.90600000000001,-9.2406788809425304
106.907,-9.2398539258126355
106.908,-9.2390221585940662
106.90900000000001,-9.2381836032232556
106.91,-9.2373382837192519
106.911,-9.2364862241833521
106.91200000000001,-9.2356274487987431
106.913,-9.2347619818301379
106.914,-9.2338898476234395
106.91500000000001,-9.2330110706053521
106.916,-9.2321256752830312
106.917,-9.2312336862437245
106.91800000000001,-9.230335128154401
106.919,-9.2294300257613866
106.92,-9.2285184038899928
106.92100000000001,-9.2276002874441598
106.922,-9.226675701406073
106.923,-9.2257446708357982
106.92400000000001,-9.2248072208709164
106.925,-9.223863376726138
106.926,-9.2229131636929313
106.92700000000001,-9.2219566071391554
106.928,-9.2209937325086795
106.929,-9.220024565320994
106.93000000000001,-9.2190491311708485
106.931,-9.2180674557278568
106.932,-9.2170795647361317
106.93300000000001,-9.2160854840138828
106.934,-9.2150852394530514
106.935,-9.2140788570189098
106.93600000000001,-9.2130663627496912
106.937,-9.2120477827561906
106.938,-9.2110231432213894
106.93899999999999,-9.209992470400044
106.94,-9.2089557906183312
106.941,-9.2079131302734165
106.94199999999999,-9.2068645158330948
106.943,-9.205809973835386
106.944,-9.2047495308881384
106.94499999999999,-9.2036832136686328
106.946,-9.2026110489231971
106.947,-9.2015330634667993
106.94799999999999,-9.2004492841826497
106.949,-9.1993597380218137
106.95,-9.1982644520028014
106.95099999999999,-9.1971634532111626
106.952,-9.1960567687991137
106.953,-9.1949444259850885
106.95399999999999,-9.1938264520533863
106.955,-9.1927028743537278
106.956,-9.1915737203008749
106.95699999999999,-9.1904390173742101
106.958,-9.1892987931173451
106.959,-9.188153075137695
106.95999999999999,-9.1870018911060907
106.961,-9.1858452687563528
106.962,-9.1846832358848935
106.96299999999999,-9.183515820350296
106.964,-9.1823430500729177
106.965,-9.1811649530344628
106.96599999999999,-9.1799815572775803
106.967,-9.1787928909054468
106.968,-9.1775989820813528
106.96899999999999,-9.1763998590282938
106.97,-9.1751955500285387
106.971,-9.1739860834232339
106.97199999999999,-9.1727714876119677
106.973,-9.1715517910523747
106.974,-9.1703270222596913
106.97499999999999,-9.1690972098063632
106.976,-9.167862382321605
106.977,-9.166622568490995
106.97799999999999,-9.1653777970560455
106.979,-9.1641280968137835
106.98,-9.1628734966163314
106.98099999999999,-9.1616140253704881
106.982,-9.1603497120372932
106.983,-9.1590805856316191
106.98399999999999,-9.1578066752217335
106.985,-9.1565280099288859
106.986,-9.1552446189268757
106.98699999999999,-9.1539565314416276
106.988,-9.1526637767507708
106.989,-9.1513663841831985
106.98999999999999,-9.1500643831186643
106.991,-9.1487578029873244
106.992,-9.1474466732693411
106.99299999999999,-9.1461310234944317
106.994,-9.1448108832414494
106.995,-9.1434862821379443
106.996,-9.1421572498597534
106.997,-9.1408238161305491
106.998,-9.1394860107214182
106.999,-9.1381438634504359
107,-9.1367974041822198
107.001,-9.1354466628275173
107.002,-9.1340916693427499
107.003,-9.1327324537296093
107.004,-9.1313690460345995
107.005,-9.1300014763486157
107.006,-9.1286297748065088
107.00700000000001,-9.1272539715866525
107.008,-9.1258740969105077
107.009,-9.1244901810421855
107.01000000000001,-9.1231022542880194
107.011,-9.1217103469961245
107.012,-9.120314489555966
107.01300000000001,-9.1189147123979204
107.014,-9.1175110459928419
107.015,-9.1161035208516221
107.01600000000001,-9.1146921675247601
107.017,-9.1132770166019306
107.018,-9.1118580987115259
107.01900000000001,-9.1104354445202453
107.02,-9.109009084732639
107.021,-9.1075790500906795
107.02200000000001,-9.1061453713733229
107.023,-9.1047080793960635
107.024,-9.1032672050105212
107.02500000000001,-9.1018227791039692
107.026,-9.1003748325989147
107.027,-9.0989233964526619
107.02800000000001,-9.0974685016568699
107.029,-9.0960101792371155
107.03,-9.0945484602524473
107.03100000000001,-9.0930833757949596
107.032,-9.0916149569893463
107.033,-9.0901432349924587
107.03400000000001,-9.0886682409928774
107.035,-9.0871900062104611
107.036,-9.0857085618959168
107.03700000000001,-9.0842239393303572
107.038,-9.0827361698248605
107.039,-9.0812452847200298
107.04000000000001,-9.0797513153855594
107.041,-9.0782542932197963
107.042,-9.0767542496492872
107.04300000000001,-9.0752512161283576
107.044,-9.0737452241386602
107.045,-9.0722363051887438
107.04600000000001,-9.0707244908136051
107.047,-9.0692098125742557
107.048,-9.067692302057285
107.04900000000001,-9.0661719908744125
107.05,-9.0646489106620596
107.051,-9.0631230930809004
107.05200000000001,-9.0615945698154299
107.053,-9.0600633725735236
107.054,-9.058529533085995
107.05500000000001,-9.0569930831061605
107.056,-9.0554540544093989
107.057,-9.0539124787927214
107.05799999999999,-9.0523683880743153
107.059,-9.0508218140931209
107.06,-9.0492727887083895
107.06100000000001,-9.0477213437992461
107.062,-9.0461675112642457
107.063,-9.0446113230209413
107.06399999999999,-9.0430528110054524
107.065,-9.0414920071720086
107.066,-9.0399289434925247
107.06700000000001,-9.038363651956173
107.068,-9.0367961645689316
107.069,-9.0352265133531446
107.06999999999999,-9.0336547303471058
107.071,-9.0320808476045986
107.072,-9.0305048971944775
107.07299999999999,-9.0289269112002231
107.074,-9.027346921719511
107.075,-9.0257649608637731
107.07599999999999,-9.0241810607577655
107.077,-9.022595253539123
107.078,-9.0210075713579467
107.07899999999999,-9.0194180463763427
107.08,-9.0178267107680057
107.081,-9.0162335967177842
107.08199999999999,-9.0146387364212401
107.083,-9.0130421620842096
107.084,-9.0114439059223876
107.08499999999999,-9.0098440001608822
107.086,-9.0082424770337823
107.087,-9.0066393687837323
107.08799999999999,-9.0050347076614923
107.089,-9.0034285259255089
107.09,-9.0018208558414869
107.09099999999999,-9.0002117296819559
107.092,-8.998601179725835
107.093,-8.9969892382580117
107.09399999999999,-8.9953759375689035
107.095,-8.9937613099540314
107.096,-8.9921453877135917
107.09699999999999,-8.9905282031520226
107.098,-8.9889097885775815
107.099,-8.9872901763019062
107.09999999999999,-8.9856693986396063
107.101,-8.9840474879078069
107.102,-8.9824244764257504
107.10299999999999,-8.9808003965143453
107.104,-8.9791752804957614
107.105,-8.977549160692984
107.10599999999999,-8.9759220694294068
107.107,-8.974294039028381
107.108,-8.9726651018128152
107.10899999999999,-8.9710352901047443
107.11,-8.9694046362248976
107.111,-8.9677731724922758
107.11199999999999,-8.9661409312237392
107.113,-8.9645079447335707
107.114,-8.9628742453330617
107.11499999999999,-8.961239865330084
107.116,-8.959604837028678
107.117,-8.9579691927286174
107.11799999999999,-8.9563329647250018
107.119,-8.9546961853078244
107.12,-8.9530588867615641
107.121,-8.9514211013647564
107.122,-8.9497828613895773
107.123,-8.9481441991014261
107.124,-8.9465051467585024
107.125,-8.9448657366113959
107.126,-8.9432260009026656
107.127,-8.9415859718664201
107.128,-8.9399456817279077
107.129,-8.9383051627030898
107.13,-8.9366644469982415
107.131,-8.935023566809523
107.13200000000001,-8.9333825543225629
107.133,-8.9317414417120666
107.134,-8.9301002611413747
107.13500000000001,-8.9284590447620751
107.136,-8.9268178247135612
107.137,-8.9251766331226552
107.13800000000001,-8.9235355021031655
107.139,-8.9218944637555015
107.14,-8.9202535501662386
107.14100000000001,-8.9186127934077266
107.142,-8.9169722255376769
107.143,-8.9153318785987477
107.14400000000001,-8.9136917846181341
107.145,-8.9120519756071772
107.146,-8.9104124835609326
107.14700000000001,-8.9087733404577847
107.148,-8.9071345782590274
107.149,-8.9054962289084649
107.15000000000001,-8.9038583243320044
107.151,-8.902220896437246
107.152,-8.9005839771130919
107.15300000000001,-8.8989475982293342
107.154,-8.8973117916362447
107.155,-8.8956765891641911
107.15600000000001,-8.894042022623216
107.157,-8.8924081238026549
107.158,-8.8907749244707102
107.15900000000001,-8.8891424563740795
107.16,-8.8875107512375315
107.161,-8.8858798407635238
107.16200000000001,-8.8842497566317959
107.163,-8.8826205304989738
107.164,-8.880992193998166
107.16500000000001,-8.8793647787385819
107.166,-8.8777383163051251
107.167,-8.8761128382579901
107.16800000000001,-8.8744883761322839
107.169,-8.8728649614376245
107.17,-8.8712426256577395
107.17100000000001,-8.8696214002500824
107.172,-8.8680013166454383
107.173,-8.8663824062475243
107.17400000000001,-8.8647647004326089
107.175,-8.8631482305491129
107.176,-8.861533027917222
107.17700000000001,-8.8599191238284902
107.178,-8.8583065495454694
107.179,-8.8566953363012981
107.18000000000001,-8.8550855152993186
107.181,-8.853477117712707
107.182,-8.8518701746840627
107.18299999999999,-8.8502647173250306
107.184,-8.848660776715926
107.185,-8.8470583839053329
107.18600000000001,-8.8454575699097298
107.187,-8.8438583657131051
107.188,-8.8422608022665603
107.18899999999999,-8.840664910487952
107.19,-8.8390707212614821
107.191,-8.8374782654373458
107.19200000000001,-8.8358875738313198
107.193,-8.834298677224405
107.194,-8.8327116063624374
107.19499999999999,-8.8311263919557081
107.196,-8.8295430646785853
107.197,-8.8279616551691387
107.19799999999999,-8.8263821940287635
107.199,-8.8248047118218
107.2,-8.8232292390751557
107.20099999999999,-8.8216558062779349
107.202,-8.8200844438810631
107.203,-8.8185151822969026
107.20399999999999,-8.8169480518989012
107.205,-8.8153830830211906
107.206,-8.8138203059582398
107.20699999999999,-8.8122597509644596
107.208,-8.810701448253857
107.209,-8.8091454279996402
107.20999999999999,-8.8075917203338641
107.211,-8.8060403553470596
107.212,-8.8044913630878501
107.21299999999999,-8.8029447735626061
107.214,-8.8014006167350605
107.215,-8.7998589225259423
107.21599999999999,-8.7983197208126231
107.217,-8.7967830414287462
107.218,-8.7952489141638441
107.21899999999999,-8.7937173687629997
107.22,-8.792188434926473
107.221,-8.7906621423093245
107.22199999999999,-8.7891385205210728
107.223,-8.7876175991253227
107.224,-8.786099407639405
107.22499999999999,-8.7845839755340087
107.226,-8.78307133223284
107.227,-8.7815615071122402
107.22799999999999,-8.7800545295008412
107.229,-8.7785504286792033
107.23,-8.7770492338794526
107.23099999999999,-8.7755509742849398
107.232,-8.7740556790298552
107.233,-8.7725633771989084
107.23399999999999,-8.7710740978269399
107.235,-8.7695878698985901
107.236,-8.7681047223479354
107.23699999999999,-8.7666246840581366
107.238,-8.7651477838610798
107.239,-8.7636740505370412
107.23999999999999,-8.7622035128143114
107.241,-8.7607361993688677
107.242,-8.7592721388240165
107.24299999999999,-8.7578113597500327
107.244,-8.756353890663819
107.245,-8.7548997600285681
107.246,-8.7534489962533932
107.247,-8.7520016276930015
107.248,-8.7505576826473312
107.249,-8.7491171893612236
107.25,-8.7476801760240548
107.251,-8.7462466707694126
107.252,-8.7448167016747416
107.253,-8.743390296760996
107.254,-8.7419674839923154
107.255,-8.74054829127566
107.256,-8.7391327464604807
107.25700000000001,-8.7377208773383792
107.258,-8.7363127116427677
107.259,-8.7349082770485236
107.26000000000001,-8.7335076011716524
107.261,-8.7321107115689554
107.262,-8.7307176357376832
107.26300000000001,-8.729328401115211
107.264,-8.7279430350786846
107.265,-8.7265615649446957
107.26600000000001,-8.7251840179689566
107.267,-8.7238104213459362
107.268,-8.7224408022085615
107.26900000000001,-8.7210751876278554
107.27,-8.7197136046126218
107.271,-8.7183560801091033
107.27200000000001,-8.7170026410006578
107.273,-8.7156533141074224
107.274,-8.7143081261859816
107.27500000000001,-8.7129671039290475
107.276,-8.7116302739651186
107.277,-8.7102976628581601
107.27800000000001,-8.7089692971072719
107.279,-8.7076452031463649
107.28,-8.706325407343833
107.28100000000001,-8.7050099360022273
107.282,-8.7036988153579298
107.283,-8.7023920715808334
107.28400000000001,-8.7010897307740063
107.285,-8.6997918189733934
107.286,-8.6984983621474647
107.28700000000001,-8.6972093861969118
107.288,-8.695924916954322
107.289,-8.6946449801838526
107.29000000000001,-8.6933696015809225
107.291,-8.6920988067718827
107.292,-8.6908326213136995
107.29300000000001,-8.6895710706936384
107.294,-8.6883141803289501
107.295,-8.6870619755665466
107.29600000000001,-8.6858144816826854
107.297,-8.6845717238826623
107.298,-8.6833337273004894
107.29900000000001,-8.6821005169985845
107.3,-8.68087211796745
107.301,-8.6796485551253717
107.30200000000001,-8.6784298533181001
107.303,-8.6772160373185372
107.304,-8.6760071318264309
107.30500000000001,-8.6748031614680521
107.306,-8.6736041507959118
107.307,-8.6724101242884224
107.30799999999999,-8.6712211063496056
107.309,-8.670037121308777
107.31,-8.6688581934202507
107.31100000000001,-8.667684346863016
107.312,-8.666515605740452
107.313,-8.6653519940800052
107.31399999999999,-8.6641935358328954
107.315,-8.6630402548738026
107.316,-8.6618921750005722
107.31700000000001,-8.6607493199339149
107.318,-8.6596117133170925
107.319,-8.6584793787156258
107.31999999999999,-8.6573523396170007
107.321,-8.6562306194303567
107.322,-8.6551142414861832
107.32299999999999,-8.6540032290360465
107.324,-8.6528976052522548
107.325,-8.6517973932276053
107.32599999999999,-8.6507026159750477
107.327,-8.6496132964274093
107.328,-8.6485294574370961
107.32899999999999,-8.6474511217758039
107.33,-8.6463783121342104
107.331,-8.645311051121702
107.33199999999999,-8.6442493612660556
107.333,-8.6431932650131813
107.334,-8.6421427847267971
107.33499999999999,-8.6410979426881571
107.336,-8.6400587610957675
107.337,-8.6390252620650774
107.33799999999999,-8.6379974676282156
107.339,-8.6369753997336769
107.34,-8.6359590802460655
107.34099999999999,-8.6349485309457741
107.342,-8.6339437735287259
107.343,-8.6329448296060907
107.34399999999999,-8.6319517207039738
107.345,-8.6309644682631639
107.346,-8.6299830936388293
107.34699999999999,-8.6290076181002551
107.348,-8.6280380628305373
107.349,-8.6270744489263294
107.34999999999999,-8.626116797397545
107.351,-8.6251651291670868
107.352,-8.6242194650705599
107.35299999999999,-8.6232798258560113
107.354,-8.6223462321836344
107.355,-8.6214187046255013
107.35599999999999,-8.6204972636652979
107.357,-8.6195819296980289
107.358,-8.6186727230297588
107.35899999999999,-8.617769663877338
107.36,-8.6168727723681222
107.361,-8.6159820685397115
107.36199999999999,-8.6150975723396748
107.363,-8.6142193036252728
107.364,-8.6133472821632111
107.36499999999999,-8.6124815276293383
107.366,-8.6116220596084183
107.367,-8.6107688975938217
107.36799999999999,-8.6099220609872944
107.369,-8.6090815690986755
107.37,-8.6082474411456307
107.371,-8.6074196962534035
107.372,-8.6065983534545314
107.373,-8.6057834316886019
107.374,-8.6049749498019867
107.375,-8.6041729265475713
107.376,-8.6033773805845097
107.377,-8.6025883304779551
107.378,-8.6018057946988069
107.379,-8.6010297916234517
107.38,-8.6002603395335022
107.381,-8.5994974566155555
107.38200000000001,-8.5987411609609232
107.383,-8.5979914705653826
107.384,-8.597248403328928
107.38500000000001,-8.5965119770555152
107.386,-8.5957822094528051
107.387,-8.5950591181319194
107.38800000000001,-8.5943427206071874
107.389,-8.5936330342959053
107.39,-8.5929300765180674
107.39100000000001,-8.5922338644961496
107.392,-8.5915444153548286
107.393,-8.5908617461207708
107.39400000000001,-8.5901858737223531
107.395,-8.5895168149894516
107.396,-8.5888545866531771
107.39700000000001,-8.5881992053456351
107.398,-8.5875506875996965
107.399,-8.5869090498487459
107.40000000000001,-8.5862743084264483
107.401,-8.5856464795665008
107.402,-8.585025579402414
107.40300000000001,-8.5844116239672559
107.404,-8.5838046291934269
107.405,-8.5832046109124231
107.40600000000001,-8.5826115848545967
107.407,-8.5820255666489302
107.408,-8.5814465718228021
107.40900000000001,-8.5808746158017559
107.41,-8.5803097139092657
107.411,-8.5797518813665139
107.41200000000001,-8.5792011332921589
107.413,-8.5786574847021022
107.414,-8.5781209505092715
107.41500000000001,-8.5775915455234006
107.416,-8.5770692844507792
107.417,-8.5765541818940534
107.41800000000001,-8.5760462523519987
107.419,-8.5755455102192908
107.42,-8.5750519697862906
107.42100000000001,-8.5745656452388186
107.422,-8.5740865506579524
107.423,-8.5736147000197871
107.42400000000001,-8.573150107195227
107.425,-8.5726927859497817
107.426,-8.5722427499433387
107.42700000000001,-8.5718000127299447
107.428,-8.5713645877576123
107.429,-8.5709364883680887
107.43000000000001,-8.570515727796657
107.431,-8.5701023191719248
107.432,-8.569696275515609
107.43299999999999,-8.5692976097423426
107.434,-8.5689063346594487
107.435,-8.5685224629667509
107.43600000000001,-8.5681460072563702
107.437,-8.567776980012507
107.438,-8.5674153936112436
107.43899999999999,-8.5670612603203651
107.44,-8.5667145922991246
107.441,-8.5663754015980658
107.44200000000001,-8.5660437001588257
107.443,-8.5657194998139339
107.444,-8.5654028122866066
107.44499999999999,-8.5650936491905707
107.446,-8.564792022029863
107.447,-8.564497942198626
107.44799999999999,-8.5642114209809481
107.449,-8.5639324695506289
107.45,-8.563661098971032
107.45099999999999,-8.5633973201948788
107.452,-8.5631411440640601
107.453,-8.5628925813094519
107.45399999999999,-8.5626516425507404
107.455,-8.5624183382962276
107.456,-8.5621926789426617
107.45699999999999,-8.5619746747750423
107.458,-8.5617643359664495
107.459,-8.56156167257787
107.45999999999999,-8.5613666945580089
107.461,-8.5611794117431224
107.462,-8.5609998338568385
107.46299999999999,-8.5608279705099921
107.464,-8.5606638312004399
107.465,-8.5605074253128954
107.46599999999999,-8.5603587621187707
107.467,-8.5602178507759881
107.468,-8.5600847003288241
107.46899999999999,-8.5599593197077439
107.47,-8.5598417177292365
107.471,-8.5597319030956491
107.47199999999999,-8.559629884395024
107.473,-8.5595356701009386
107.474,-8.559449268572358
107.47499999999999,-8.5593706880534519
107.476,-8.5592999366734563
107.477,-8.5592370224465242
107.47799999999999,-8.5591819532715423
107.479,-8.5591347369320125
107.48,-8.5590953810958776
107.48099999999999,-8.5590638933153791
107.482,-8.5590402810269062
107.483,-8.5590245515508503
107.48399999999999,-8.5590167120914575
107.485,-8.559016769736683
107.486,-8.5590247314580505
107.48699999999999,-8.5590406041105087
107.488,-8.5590643944322871
107.489,-8.559096109044761
107.48999999999999,-8.5591357544523117
107.491,-8.5591833370421941
107.492,-8.5592388630843921
107.49299999999999,-8.5593023387314986
107.494,-8.559373770018567
107.495,-8.5594531628629955
107.496,-8.5595405230643884
107.497,-8.559635856304423
107.498,-8.559739168146745
107.499,-8.5598504640368223
107.5,-8.5599697493018212
107.501,-8.5600970291505032
107.502,-8.5602323086730809
107.503,-8.5603755928411189
107.504,-8.5605268865074038
107.505,-8.5606861944058288
107.506,-8.560853521151282
107.50700000000001,-8.5610288712395359
107.508,-8.561212249047129
107.509,-8.5614036588312601
107.51000000000001,-8.5616031047296772
107.511,-8.5618105907605688
107.512,-8.5620261208224697
107.51300000000001,-8.5622496986941314
107.514,-8.5624813280344547
107.515,-8.5627210123823581
107.51600000000001,-8.5629687551566924
107.517,-8.5632245596561436
107.518,-8.5634884290591256
107.51900000000001,-8.5637603664237041
107.52,-8.5640403746874814
107.521,-8.5643284566675231
107.52200000000001,-8.5646246150602625
107.523,-8.5649288524414029
107.524,-8.5652411712658445
107.52500000000001,-8.5655615738675905
107.526,-8.565890062459669
107.527,-8.5662266391340491
107.52800000000001,-8.5665713058615527
107.529,-8.5669240644917917
107.53,-8.5672849167530778
107.53100000000001,-8.5676538642523514
107.532,-8.5680309084751123
107.533,-8.5684160507853377
107.53400000000001,-8.5688092924254224
107.535,-8.569210634516109
107.536,-8.5696200780564027
107.53700000000001,-8.5700376239235414
107.538,-8.5704632728728942
107.539,-8.5708970255379242
107.54000000000001,-8.5713388824301227
107.541,-8.5717888439389434
107.542,-8.5722469103317582
107.54300000000001,-8.5727130817537844
107.544,-8.5731873582280542
107.545,-8.5736697396553474
107.54600000000001,-8.5741602258141363
107.547,-8.5746588163605626
107.548,-8.5751655108283575
107.54900000000001,-8.5756803086288311
107.55,-8.5762032090508011
107.551,-8.5767342112605736
107.55200000000001,-8.5772733143018876
107.553,-8.5778205170958817
107.554,-8.5783758184410761
107.55500000000001,-8.5789392170133016
107.556,-8.5795107113657068
107.557,-8.5800902999287079
107.55799999999999,-8.5806779810099538
107.559,-8.581273752794317
107.56,-8.5818776133438615
107.56100000000001,-8.5824895605978089
107.562,-8.5831095923725425
107.563,-8.5837377063615588
107.56399999999999,-8.5843739001354713
107.565,-8.5850181711419857
107.566,-8.5856705167058873
107.56700000000001,-8.5863309340290339
107.568,-8.5869994201903328
107.569,-8.5876759721457514
107.56999999999999,-8.5883605867282977
107.571,-8.589053260648015
107.572,-8.5897539904919906
107.57299999999999,-8.5904627727243437
107.574,-8.5911796036862338
107.575,-8.5919044795958595
107.57599999999999,-8.5926373965484668
107.577,-8.5933783505163568
107.578,-8.5941273373488851
107.57899999999999,-8.5948843527724872
107.58,-8.5956493923906852
107.581,-8.596422451684095
107.58199999999999,-8.5972035260104569
107.583,-8.5979926106046403
107.584,-8.5987897005786742
107.58499999999999,-8.5995947909217634
107.586,-8.6004078765003218
107.587,-8.6012289520579817
107.58799999999999,-8.6020580122156396
107.589,-8.6028950514714886
107.59,-8.6037400642010216
107.59099999999999,-8.6045930446571042
107.592,-8.605453986969982
107.593,-8.6063228851473355
107.59399999999999,-8.6071997330743084
107.595,-8.6080845245135595
107.596,-8.6089772531053033
107.59699999999999,-8.6098779123673506
107.598,-8.6107864956951676
107.599,-8.6117029963619185
107.59999999999999,-8.6126274075185165
107.601,-8.6135597221936813
107.602,-8.6144999332940042
107.60299999999999,-8.6154480336039772
107.604,-8.6164040157860953
107.605,-8.6173678723808784
107.60599999999999,-8.6183395958069671
107.607,-8.6193191783611631
107.608,-8.6203066122185223
107.60899999999999,-8.6213018894324041
107.61,-8.6223050019345546
107.611,-8.6233159415351768
107.61199999999999,-8.6243346999230219
107.613,-8.6253612686654346
107.614,-8.6263956392084751
107.61499999999999,-8.6274378028769618
107.616,-8.6284877508745943
107.617,-8.6295454742840043
107.61799999999999,-8.6306109640668751
107.619,-8.6316842110640124
107.62,-8.6327652059954403
107.621,-8.6338539394605078
107.622,-8.6349504019379744
107.623,-8.6360545837861125
107.624,-8.6371664752428075
107.625,-8.6382860664256675
107.626,-8.6394133473321197
107.627,-8.6405483078395235
107.628,-8.6416909377052846
107.629,-8.6428412265669525
107.63,-8.6439991639423432
107.631,-8.6451647392296636
107.63200000000001,-8.646337941707614
107.633,-8.647518760535517
107.634,-8.6487071847534356
107.63500000000001,-8.6499032032822996
107.636,-8.6511068049240389
107.637,-8.6523179783616939
107.63800000000001,-8.6535367121595641
107.639,-8.6547629947633347
107.64,-8.6559968145002095
107.64100000000001,-8.6572381595790446
107.642,-8.6584870180904954
107.643,-8.6597433780071569
107.64400000000001,-8.6610072271837026
107.645,-8.6622785533570266
107.646,-8.6635573441463993
107.64700000000001,-8.6648435870536158
107.648,-8.6661372694631407
107.649,-8.667438378642272
107.65000000000001,-8.6687469017412866
107.651,-8.6700628257936039
107.652,-8.6713861377159489
107.65300000000001,-8.6727168243085089
107.654,-8.674054872255093
107.655,-8.6754002681233171
107.65600000000001,-8.6767529983647549
107.657,-8.6781130493151135
107.658,-8.6794804071944061
107.65900000000001,-8.6808550581071291
107.66,-8.6822369880424439
107.661,-8.68362618287434
107.66200000000001,-8.6850226283618337
107.663,-8.6864263101491392
107.664,-8.6878372137658637
107.66500000000001,-8.6892553246271866
107.666,-8.6906806280340518
107.667,-8.6921131091733663
107.66800000000001,-8.6935527531181851
107.669,-8.6949995448279065
107.67,-8.6964534691484801
107.67100000000001,-8.6979145108125966
107.672,-8.6993826544399013
107.673,-8.7008578845371805
107.67400000000001,-8.7023401854985938
107.675,-8.7038295416058542
107.676,-8.7053259370284604
107.67700000000001,-8.7068293558239027
107.678,-8.7083397819378732
107.679,-8.7098571992044906
107.68000000000001,-8.7113815913465125
107.681,-8.7129129419755618
107.682,-8.7144512345923459
107.68299999999999,-8.715996452586884
107.684,-8.7175485792387395
107.685,-8.7191075977172332
107.68600000000001,-8.7206734910817012
107.687,-8.7222462422816971
107.688,-8.7238258341572568
107.68899999999999,-8.7254122494391151
107.69,-8.7270054707489617
107.691,-8.7286054805996667
107.69200000000001,-8.730212261395538
107.693,-8.7318257954325649
107.694,-8.7334460648986543
107.69499999999999,-8.7350730518739041
107.696,-8.7367067383308274
107.697,-8.7383471061346345
107.69799999999999,-8.7399941370434604
107.699,-8.7416478127086528
107.7,-8.7433081146750062
107.70099999999999,-8.7449750243810449
107.702,-8.7466485231592728
107.703,-8.7483285922364455
107.70399999999999,-8.7500152127338389
107.705,-8.7517083656675236
107.706,-8.7534080319486289
107.70699999999999,-8.7551141923836227
107.708,-8.7568268276745833
107.709,-8.7585459184194843
107.70999999999999,-8.7602714451124761
107.711,-8.7620033881441532
107.712,-8.763741727801861
107.71299999999999,-8.7654864442699658
107.714,-8.7672375176301465
107.715,-8.7689949278616872
107.71599999999999,-8.7707586548417744
107.717,-8.7725286783457754
107.718,-8.7743049780475566
107.71899999999999,-8.7760875335197603
107.72,-8.7778763242341231
107.721,-8.7796713295617632
107.72199999999999,-8.7814725287734898
107.723,-8.7832799010401139
107.724,-8.7850934254327537
107.72499999999999,-8.7869130809231351
107.726,-8.7887388463839216
107.727,-8.7905707005890061
107.72799999999999,-8.7924086222138431
107.729,-8.7942525898357644
107.73,-8.7961025819342886
107.73099999999999,-8.7979585768914497
107.732,-8.7998205529921236
107.733,-8.8016884884243378
107.73399999999999,-8.803562361279619
107.735,-8.8054421495533113
107.736,-8.8073278311448941
107.73699999999999,-8.8092193838583412
107.738,-8.8111167854024366
107.739,-8.8130200133911103
107.73999999999999,-8.814929045343785
107.741,-8.8168438586857079
107.742,-8.8187644307483062
107.74299999999999,-8.8206907387695015
107.744,-8.8226227598940934
107.745,-8.8245604711740668
107.746,-8.826503849568974
107.747,-8.8284528719462703
107.748,-8.8304075150816601
107.749,-8.83236775565946
107.75,-8.8343335702729551
107.751,-8.8363049354247529
107.752,-8.8382818275271404
107.753,-8.8402642229024551
107.754,-8.8422520977834331
107.755,-8.8442454283135792
107.756,-8.846244190547548
107.75700000000001,-8.8482483604514837
107.758,-8.8502579139034125
107.759,-8.8522728266936053
107.76000000000001,-8.8542930745249482
107.761,-8.8563186330133234
107.762,-8.8583494776879785
107.76300000000001,-8.8603855839919063
107.764,-8.8624269272822325
107.765,-8.8644734828305829
107.76600000000001,-8.8665252258234766
107.767,-8.8685821313627038
107.768,-8.8706441744657258
107.76900000000001,-8.8727113300660392
107.77,-8.8747835730135805
107.771,-8.876860878075119
107.77200000000001,-8.878943219934639
107.773,-8.881030573193744
107.774,-8.883122912372043
107.77500000000001,-8.8852202119075496
107.776,-8.8873224461570928
107.777,-8.8894295893966948
107.77800000000001,-8.8915416158219873
107.779,-8.8936584995486232
107.78,-8.8957802146126514
107.78100000000001,-8.8979067349709595
107.782,-8.9000380345016481
107.783,-8.9021740870044681
107.78400000000001,-8.9043148662012026
107.785,-8.9064603457361144
107.786,-8.9086104991763264
107.78700000000001,-8.9107653000122511
107.788,-8.912924721658003
107.789,-8.9150887374518248
107.79000000000001,-8.9172573206564998
107.791,-8.9194304444597652
107.792,-8.9216080819747479
107.79300000000001,-8.9237902062403869
107.794,-8.9259767902218368
107.795,-8.9281678068109258
107.79600000000001,-8.9303632288265504
107.797,-8.9325630290151388
107.798,-8.9347671800510451
107.79900000000001,-8.936975654537008
107.8,-8.9391884250045699
107.801,-8.9414054639145135
107.80200000000001,-8.9436267436572923
107.803,-8.9458522365534812
107.804,-8.9480819148542032
107.80500000000001,-8.9503157507415629
107.806,-8.9525537163290974
107.807,-8.9547957836622167
107.80799999999999,-8.9570419247186415
107.809,-8.959292111408848
107.81,-8.9615463155765127
107.81100000000001,-8.9638045089989618
107.812,-8.9660666633876112
107.813,-8.9683327503884307
107.81399999999999,-8.9706027415823737
107.815,-8.9728766084858353
107.816,-8.9751543225511146
107.81700000000001,-8.977435855166858
107.818,-8.9797211776585009
107.819,-8.9820102612887496
107.81999999999999,-8.9843030772580175
107.821,-8.9865995967049006
107.822,-8.9888997907066059
107.82299999999999,-8.9912036302794416
107.824,-8.9935110863792627
107.825,-8.9958221299019296
107.82599999999999,-8.9981367316837808
107.827,-9.0004548625020924
107.828,-9.0027764930755332
107.82899999999999,-9.0051015940646515
107.83,-9.0074301360723137
107.831,-9.0097620896441946
107.83199999999999,-9.0120974252692285
107.833,-9.0144361133801034
107.834,-9.016778124353694
107.83499999999999,-9.019123428511568
107.836,-9.0214719961204342
107.837,-9.0238237973926338
107.83799999999999,-9.026178802486589
107.839,-9.02853698150731
107.84,-9.0308983045068398
107.84099999999999,-9.0332627414847479
107.842,-9.0356302623886027
107.843,-9.0380008371144509
107.84399999999999,-9.0403744355072888
107.845,-9.0427510273615539
107.846,-9.0451305824215904
107.84699999999999,-9.0475130703821431
107.848,-9.0498984608888335
107.849,-9.0522867235386428
107.84999999999999,-9.054677827880381
107.851,-9.0570717434152019
107.852,-9.0594684395970582
107.85299999999999,-9.0618678858331982
107.854,-9.0642700514846553
107.855,-9.0666749058667211
107.85599999999999,-9.0690824182494509
107.857,-9.0714925578581376
107.858,-9.0739052938737927
107.85899999999999,-9.0763205954336641
107.86,-9.0787384316316952
107.861,-9.0811587715190338
107.86199999999999,-9.0835815841045022
107.863,-9.0860068383551216
107.864,-9.0884345031965665
107.86499999999999,-9.0908645475136876
107.866,-9.093296940150978
107.867,-9.0957316499130911
107.86799999999999,-9.0981686455653143
107.869,-9.1006078958340755
107.87,-9.1030493694074242
107.871,-9.1054930349355558
107.872,-9.1079388610312595
107.873,-9.1103868162704735
107.874,-9.1128368691927122
107.875,-9.1152889883016286
107.876,-9.1177431420654713
107.877,-9.1201992989175942
107.878,-9.1226574272569518
107.879,-9.125117495448599
107.88,-9.1275794718241876
107.881,-9.1300433246824735
107.88200000000001,-9.1325090222897973
107.883,-9.1349765328806001
107.884,-9.1374458246579202
107.88500000000001,-9.1399168657938876
107.886,-9.1423896244302263
107.887,-9.144864068678757
107.88800000000001,-9.1473401666218965
107.889,-9.1498178863131532
107.89,-9.1522971957776402
107.89100000000001,-9.1547780630125608
107.892,-9.1572604559877213
107.893,-9.1597443426460341
107.89400000000001,-9.162229690904006
107.895,-9.1647164686522498
107.896,-9.1672046437559889
107.89700000000001,-9.169694184055551
107.898,-9.1721850573668782
107.899,-9.174677231482022
107.90000000000001,-9.1771706741696413
107.901,-9.1796653531755279
107.902,-9.1821612362230791
107.90300000000001,-9.1846582910138181
107.904,-9.1871564852278933
107.905,-9.1896557865245807
107.90600000000001,-9.1921561625427781
107.907,-9.1946575809015201
107.908,-9.1971600092004682
107.90900000000001,-9.1996634150204279
107.91,-9.2021677659238375
107.911,-9.2046730294552717
107.91200000000001,-9.2071791731419506
107.913,-9.2096861644942383
107.914,-9.2121939710061405
107.91500000000001,-9.2147025601558141
107.916,-9.2172118994060579
107.917,-9.2197219562048236
107.91800000000001,-9.2222326979857208
107.919,-9.2247440921685033
107.92,-9.2272561061595759
107.92100000000001,-9.2297687073525019
107.922,-9.2322818631284989
107.923,-9.2347955408569291
107.92400000000001,-9.2373097078958235
107.925,-9.2398243315923576
107.926,-9.2423393792833597
107.92700000000001,-9.2448548182958135
107.928,-9.2473706159473501
107.929,-9.2498867395467528
107.93000000000001,-9.2524031563944575
107.931,-9.2549198337830383
107.932,-9.2574367389977077
107.93299999999999,-9.2599538393168412
107.934,-9.2624711020124266
107.935,-9.2649884943505985
107.93600000000001,-9.2675059835921196
107.937,-9.270023536992877
107.938,-9.2725411218043838
107.93899999999999,-9.2750587052742599
107.94,-9.2775762546467391
107.941,-9.2800937371631687
107.94200000000001,-9.2826111200624783
107.943,-9.2851283705816972
107.944,-9.2876454559564383
107.94499999999999,-9.2901623434213825
107.946,-9.2926790002107893
107.947,-9.2951953935589664
107.94799999999999,-9.297711490700765
107.949,-9.3002272588720931
107.95,-9.3027426653103742
107.95099999999999,-9.3052576772550371
107.952,-9.3077722619480401
107.953,-9.31028638663431
107.95399999999999,-9.3128000185622675
107.955,-9.3153131249842946
107.956,-9.3178256731572215
107.95699999999999,-9.3203376303428129
107.958,-9.3228489638082657
107.959,-9.3253596408266652
107.95999999999999,-9.3278696286774991
107.961,-9.3303788946471133
107.962,-9.3328874060292133
107.96299999999999,-9.3353951301253328
107.964,-9.3379020342453192
107.965,-9.3404080857078142
107.96599999999999,-9.3429132518407307
107.967,-9.3454174999817266
107.968,-9.3479207974786931
107.96899999999999,-9.350423111690219
107.97,-9.3529244099860751
107.971,-9.3554246597476833
107.97199999999999,-9.3579238283685982
107.973,-9.3604218832549684
107.974,-9.3629187918260222
107.97499999999999,-9.3654145215145306
107.976,-9.3679090397672802
107.977,-9.3704023140455472
107.97799999999999,-9.3728943118255579
107.979,-9.3753850005989587
107.98,-9.3778743478732949
107.98099999999999,-9.380362321172468
107.982,-9.3828488880371914
107.983,-9.3853340160254728
107.98399999999999,-9.3878176727130711
107.985,-9.3902998256939458
107.986,-9.3927804425807491
107.98699999999999,-9.3952594910052536
107.988,-9.3977369386188325
107.989,-9.4002127530929069
107.98999999999999,-9.4026869021194184
107.991,-9.4051593534112676
107.992,-9.4076300747027783
107.99299999999999,-9.4100990337501553
107.994,-9.4125661983319375
107.995,-9.4150315362494386
107.996,-9.4174950153272157
107.997,-9.419956603413512
107.998,-9.4224162683806973
107.999,-9.4248739781257296
108,-9.4273297005705992
108.001,-9.4297834036627748
108.002,-9.4322350553756387
108.003,-9.434684623708943
108.004,-9.4371320766892488
108.005,-9.4395773823703593
108.006,-9.4420205088337799
108.00700000000001,-9.4444614241891323
108.008,-9.4469000965746108
108.009,-9.4493364941574125
108.01000000000001,-9.4517705851341756
108.011,-9.4542023377314077
108.012,-9.4566317202059267
108.01300000000001,-9.4590587008452882
108.014,-9.4614832479682178
108.015,-9.4639053299250371
108.01600000000001,-9.4663249150981006
108.017,-9.4687419719022135
108.018,-9.4711564687850647
108.01900000000001,-9.4735683742276464
108.02,-9.4759776567446732
108.021,-9.4783842848850206
108.02200000000001,-9.4807882272321251
108.023,-9.4831894524044209
108.024,-9.4855879290557432
108.02500000000001,-9.4879836258757546
108.026,-9.490376511590366
108.027,-9.4927665549621274
108.02800000000001,-9.4951537247906685
108.029,-9.4975379899130896
108.03,-9.4999193192043876
108.03100000000001,-9.5022976815778506
108.032,-9.50467304598547
108.033,-9.5070453814183509
108.03400000000001,-9.5094146569071079
108.035,-9.5117808415222882
108.036,-9.5141439043747393
108.03700000000001,-9.5165038146160423
108.038,-9.5188605414388867
108.039,-9.5212140540774932
108.04000000000001,-9.523564321807978
108.041,-9.5259113139487752
108.042,-9.5282549998610193
108.04300000000001,-9.5305953489489301
108.044,-9.5329323306602092
108.045,-9.5352659144864393
108.04600000000001,-9.5375960699634525
108.047,-9.5399227666717294
108.048,-9.5422459742367707
108.04900000000001,-9.5445656623294965
108.05,-9.5468818006666218
108.051,-9.5491943590110271
108.05200000000001,-9.5515033071721369
108.053,-9.5538086150063251
108.054,-9.5561102524172501
108.05500000000001,-9.5584081893562534
108.056,-9.5607023958227213
108.057,-9.5629928418644621
108.05799999999999,-9.5652794975780804
108.059,-9.5675623331093256
108.06,-9.5698413186534701
108.06100000000001,-9.5721164244556824
108.062,-9.5743876208113701
108.063,-9.5766548780665595
108.06399999999999,-9.5789181666182408
108.065,-9.581177456914741
108.066,-9.5834327194560682
108.06700000000001,-9.5856839247942691
108.068,-9.5879310435337803
108.069,-9.5901740463317964
108.06999999999999,-9.5924129038985981
108.071,-9.5946475869979135
108.072,-9.5968780664472568
108.07299999999999,-9.5991043131182856
108.074,-9.6013262979371383
108.075,-9.6035439918847629
108.07599999999999,-9.6057573659972775
108.077,-9.6079663913663111
108.078,-9.6101710391393116
108.07899999999999,-9.6123712805199126
108.08,-9.6145670867682504
108.081,-9.6167584292012993
108.08199999999999,-9.6189452791932197
108.083,-9.6211276081756392
108.084,-9.6233053876380357
108.08499999999999,-9.625478589128031
108.086,-9.6276471842517211
108.087,-9.6298111446739991
108.08799999999999,-9.6319704421188668
108.089,-9.6341250483697785
108.09,-9.636274935269924
108.09099999999999,-9.638420074722573
108.092,-9.6405604386913684
108.093,-9.6426959992006509
108.09399999999999,-9.6448267283357545
108.095,-9.6469525982433453
108.096,-9.6490735811316792
108.09699999999999,-9.651189649270961
108.098,-9.6533007749936104
108.099,-9.6554069306945678
108.09999999999999,-9.657508088831614
108.101,-9.6596042219256457
108.102,-9.6616953025609895
108.10299999999999,-9.6637813033856812
108.104,-9.6658621971117675
108.105,-9.6679379565155923
108.10599999999999,-9.6700085544380947
108.107,-9.6720739637850883
108.108,-9.674134157527547
108.10899999999999,-9.6761891087018927
108.11,-9.6782387904102745
108.111,-9.6802831758208558
108.11199999999999,-9.6823222381680818
108.113,-9.6843559507529644
108.114,-9.6863842869433601
108.11499999999999,-9.6884072201742324
108.116,-9.6904247239479311
108.117,-9.6924367718344673
108.11799999999999,-9.6944433374717676
108.119,-9.6964443945659529
108.12,-9.6984399168915978
108.121,-9.7004298782919882
108.122,-9.7024142526793984
108.123,-9.7043930140353289
108.124,-9.7063661364107769
108.125,-9.708333593926497
108.126,-9.7102953607732392
108.127,-9.7122514112120175
108.128,-9.7142017195743424
108.129,-9.7161462602624837
108.13,-9.7180850077497105
108.131,-9.7200179365805521
108.13200000000001,-9.7219450213710008
108.133,-9.7238662368088011
108.134,-9.7257815576536562
108.13500000000001,-9.7276909587374867
108.136,-9.7295944149646427
108.137,-9.7314919013121717
108.13800000000001,-9.7333833928300066
108.139,-9.7352688646412435
108.14,-9.7371482919423382
108.14100000000001,-9.7390216500033358
108.142,-9.7408889141681119
108.143,-9.7427500598545898
108.14400000000001,-9.7446050625549461
108.145,-9.7464538978358526
108.146,-9.7482965413386768
108.14700000000001,-9.7501329687797167
108.148,-9.751963155950401
108.149,-9.7537870787174974
108.15000000000001,-9.7556047130233345
108.151,-9.7574160348860115
108.152,-9.7592210203995933
108.15300000000001,-9.7610196457343328
108.154,-9.7628118871368539
108.155,-9.7645977209303698
108.15600000000001,-9.7663771235148804
108.157,-9.7681500713673568
108.158,-9.7699165410419582
108.15900000000001,-9.7716765091702111
108.16,-9.7734299524612069
108.161,-9.7751768477017933
108.16200000000001,-9.7769171717567698
108.163,-9.7786509015690566
108.164,-9.7803780141598953
108.16500000000001,-9.7820984866290335
108.166,-9.7838122961549061
108.167,-9.785519419994797
108.16800000000001,-9.7872198354850415
108.169,-9.7889135200411967
108.17,-9.790600451158209
108.17100000000001,-9.7922806064105874
108.172,-9.7939539634525854
108.173,-9.7956205000183623
108.17400000000001,-9.7972801939221448
108.175,-9.7989330230584137
108.176,-9.8005789654020425
108.17700000000001,-9.8022179990084748
108.178,-9.8038501020138895
108.179,-9.8054752526353415
108.18000000000001,-9.8070934291709353
108.181,-9.8087046099999746
108.182,-9.8103087735831096
108.18299999999999,-9.8119058984625021
108.184,-9.8134959632619641
108.185,-9.8150789466871071
108.18600000000001,-9.816654827525495
108.187,-9.818223584646784
108.188,-9.8197851970028704
108.18899999999999,-9.8213396436280238
108.19,-9.8228869036390254
108.191,-9.8244269562353228
108.19200000000001,-9.8259597806991508
108.193,-9.8274853563956572
108.194,-9.829003662773065
108.19499999999999,-9.8305146793627749
108.196,-9.8320183857795058
108.197,-9.8335147617214247
108.19799999999999,-9.8350037869702636
108.199,-9.8364854413914511
108.2,-9.837959704934228
108.20099999999999,-9.8394265576317803
108.202,-9.8408859796013424
108.203,-9.8423379510443176
108.20399999999999,-9.8437824522463995
108.205,-9.8452194635776848
108.206,-9.8466489654927809
108.20699999999999,-9.848070938530924
108.208,-9.8494853633160648
108.209,-9.8508922205570091
108.20999999999999,-9.852291491047497
108.211,-9.8536831556663174
108.212,-9.8550671953774049
108.21299999999999,-9.8564435912299491
108.214,-9.8578123243584752
108.215,-9.8591733759829641
108.21599999999999,-9.860526727408919
108.217,-9.8618723600274869
108.218,-9.8632102553155345
108.21899999999999,-9.8645403948357426
108.22,-9.8658627602366824
108.221,-9.8671773332529362
108.22199999999999,-9.8684840957051314
108.223,-9.8697830295000717
108.224,-9.8710741166307976
108.22499999999999,-9.8723573391766521
108.226,-9.8736326793033964
108.227,-9.8749001192632466
108.22799999999999,-9.8761596413949757
108.229,-9.8774112281239876
108.23,-9.8786548619623673
108.23099999999999,-9.8798905255089657
108.232,-9.8811182014494765
108.233,-9.8823378725564783
108.23399999999999,-9.8835495216895417
108.235,-9.8847531317952377
108.236,-9.8859486859072501
108.23699999999999,-9.8871361671464122
108.238,-9.888315558720759
108.239,-9.8894868439256118
108.23999999999999,-9.8906500061436073
108.241,-9.8918050288447645
108.242,-9.8929518955865419
108.24299999999999,-9.8940905900138745
108.244,-9.8952210958592346
108.245,-9.8963433969426813
108.246,-9.8974574771718977
108.247,-9.8985633205422516
108.248,-9.8996609111368112
108.249,-9.900750233126427
108.25,-9.9018312707697316
108.251,-9.9029040084132074
108.252,-9.9039684304912168
108.253,-9.9050245215260269
108.254,-9.9060722661278557
108.255,-9.9071116489949045
108.256,-9.9081426549133855
108.25700000000001,-9.90916526875756
108.258,-9.910179475489743
108.259,-9.9111852601603676
108.26000000000001,-9.9121826079079725
108.261,-9.9131715039592567
108.262,-9.914151933629082
108.26300000000001,-9.9151238823205023
108.264,-9.9160873355247929
108.265,-9.9170422788214321
108.26600000000001,-9.9179886978781759
108.267,-9.9189265784510123
108.268,-9.9198559063842264
108.26900000000001,-9.9207766676103777
108.27,-9.9216888481503247
108.271,-9.9225924341132359
108.27200000000001,-9.9234874116966036
108.273,-9.9243737671862284
108.274,-9.9252514869562471
108.27500000000001,-9.9261205574691207
108.276,-9.9269809652756607
108.277,-9.9278326970149973
108.27800000000001,-9.9286757394145972
108.279,-9.929510079290278
108.28,-9.9303357035461666
108.28100000000001,-9.931152599174732
108.282,-9.9319607532567495
108.283,-9.9327601529613201
108.28400000000001,-9.9335507855458385
108.285,-9.9343326383560058
108.286,-9.9351056988258009
108.28700000000001,-9.9358699544774733
108.288,-9.9366253929215276
108.289,-9.9373720018567244
108.29000000000001,-9.9381097690700368
108.291,-9.9388386824366446
108.292,-9.9395587299199271
108.29300000000001,-9.9402698995714278
108.294,-9.9409721795308279
108.295,-9.9416655580259565
108.29600000000001,-9.9423500233727182
108.297,-9.9430255639750982
108.298,-9.9436921683251391
108.29900000000001,-9.9443498250028863
108.3,-9.9449985226763964
108.301,-9.9456382501016627
108.30200000000001,-9.9462689961226207
108.303,-9.9468907496710983
108.304,-9.9475034997667766
108.30500000000001,-9.9481072355171687
108.306,-9.9487019461175699
108.307,-9.9492876208510275
108.30799999999999,-9.9498642490883018
108.309,-9.9504318202878217
108.31,-9.9509903239956348
108.31100000000001,-9.9515397498453879
108.312,-9.9520800875582651
108.313,-9.9526113269429395
108.31399999999999,-9.953133457895543
108.315,-9.9536464703995993
108.316,-9.9541503545260017
108.31700000000001,-9.9546451004329253
108.318,-9.9551306983658154
108.319,-9.9556071386573084
108.31999999999999,-9.956074411727192
108.321,-9.9565325080823399
108.322,-9.9569814183166674
108.32299999999999,-9.9574211331110689
108.324,-9.9578516432333579
108.325,-9.9582729395382117
108.32599999999999,-9.9586850129671127
108.327,-9.9590878545482866
108.328,-9.9594814553966238
108.32899999999999,-9.9598658067136476
108.33,-9.9602408997874274
108.331,-9.9606067259925108
108.33199999999999,-9.9609632767898777
108.333,-9.9613105437268423
108.334,-9.9616485184370216
108.33499999999999,-9.961977192640223
108.336,-9.9622965581424161
108.337,-9.9626066068356263
108.33799999999999,-9.9629073306978793
108.339,-9.9631987217931304
108.34,-9.9634807722711685
108.34099999999999,-9.9637534743675733
108.342,-9.9640168204036055
108.343,-9.9642708027861477
108.34399999999999,-9.9645154140076126
108.345,-9.9647506466458857
108.346,-9.9649764933642189
108.34699999999999,-9.9651929469111558
108.348,-9.9654000001204572
108.349,-9.9655976459110178
108.34999999999999,-9.9657858772867591
108.351,-9.9659646873365855
108.352,-9.9661340692342328
108.35299999999999,-9.9662940162382601
108.354,-9.9664445216918889
108.355,-9.9665855790229703
108.35599999999999,-9.9667171817438476
108.357,-9.9668393234513015
108.358,-9.9669519978264294
108.35899999999999,-9.9670551986345792
108.36,-9.9671489197252345
108.361,-9.9672331550319235
108.36199999999999,-9.9673078985721268
108.363,-9.9673731444471851
108.364,-9.9674288868421925
108.36499999999999,-9.9674751200258935
108.366,-9.9675118383506067
108.367,-9.9675390362520968
108.36799999999999,-9.9675567082494911
108.369,-9.9675648489451731
108.37,-9.9675634530246722
108.371,-9.9675525152565729
108.372,-9.9675320304924018
108.373,-9.9675019936665237
108.374,-9.9674623997960392
108.375,-9.9674132439806709
108.376,-9.96735452140266
108.377,-9.9672862273266603
108.378,-9.9672083570996186
108.379,-9.9671209061506829
108.38,-9.9670238699910652
108.381,-9.9669172442139597
108.38200000000001,-9.9668010244944103
108.383,-9.9666752065891977
108.384,-9.9665397863367371
108.38500000000001,-9.9663947596569535
108.386,-9.9662401225511683
108.387,-9.9660758711019817
108.38800000000001,-9.9659020014731734
108.389,-9.9657185099095482
108.39,-9.9655253927368523
108.39100000000001,-9.9653226463616473
108.392,-9.9651102672711644
108.393,-9.9648882520332211
108.39400000000001,-9.9646565972960826
108.395,-9.9644152997883246
108.396,-9.9641643563187454
108.39700000000001,-9.9639037637762051
108.398,-9.9636335191295391
108.399,-9.9633536194274015
108.40000000000001,-9.9630640617981552
108.401,-9.9627648434497473
108.402,-9.962455961669578
108.40300000000001,-9.9621374138243688
108.404,-9.9618091973600524
108.405,-9.9614713098016168
108.40600000000001,-9.9611237487530033
108.407,-9.9607665118969653
108.408,-9.9603995969949271
108.40900000000001,-9.9600230018868796
108.41,-9.959636724491217
108.411,-9.9592407628046278
108.41200000000001,-9.958835114901964
108.413,-9.9584197789360793
108.414,-9.9579947531377364
108.41500000000001,-9.957560035815435
108.416,-9.9571156253552964
108.417,-9.9566615202209299
108.41800000000001,-9.9561977189532858
108.419,-9.9557242201705236
108.42,-9.9552410225678827
108.42100000000001,-9.9547481249175274
108.422,-9.9542455260684282
108.423,-9.9537332249462107
108.42400000000001,-9.9532112205530066
108.425,-9.952679511967343
108.426,-9.952138098343978
108.42700000000001,-9.9515869789137685
108.428,-9.9510261529835251
108.429,-9.9504556199358785
108.43000000000001,-9.9498753792291215
108.431,-9.9492854303970901
108.432,-9.9486857730489895
108.43299999999999,-9.9480764068692782
108.434,-9.9474573316175086
108.435,-9.9468285471281934
108.43600000000001,-9.9461900533106444
108.437,-9.9455418501488371
108.438,-9.9448839377012668
108.43899999999999,-9.9442163161008015
108.44,-9.9435389855545182
108.441,-9.9428519463435894
108.44200000000001,-9.9421551988231034
108.443,-9.9414487434219296
108.444,-9.940732580642571
108.44499999999999,-9.9400067110610095
108.446,-9.9392711353265675
108.447,-9.9385258541617407
108.44799999999999,-9.9377708683620654
108.449,-9.9370061787959525
108.45,-9.9362317864045568
108.45099999999999,-9.9354476922016008
108.452,-9.9346538972732432
108.453,-9.9338504027779084
108.45399999999999,-9.9330372099461606
108.455,-9.9322143200805222
108.456,-9.9313817345553446
108.45699999999999,-9.9305394548166319
108.458,-9.9296874823819081
108.459,-9.928825818840048
108.45999999999999,-9.9279544658511334
108.461,-9.9270734251462915
108.462,-9.9261826985275423
108.46299999999999,-9.9252822878676437
108.464,-9.9243721951099264
108.465,-9.923452422268161
108.46599999999999,-9.922522971426373
108.467,-9.921583844738711
108.468,-9.9206350444292752
108.46899999999999,-9.9196765727919569
108.47,-9.9187084321902983
108.471,-9.9177306250573185
108.47199999999999,-9.9167431538953643
108.473,-9.9157460212759467
108.474,-9.9147392298395847
108.47499999999999,-9.9137227822956504
108.476,-9.9126966814221991
108.477,-9.9116609300658247
108.47799999999999,-9.9106155311414845
108.479,-9.9095604876323549
108.48,-9.9084958025896572
108.48099999999999,-9.9074214791325126
108.482,-9.9063375204477584
108.483,-9.9052439297898154
108.48399999999999,-9.9041407104805117
108.485,-9.9030278659089159
108.486,-9.9019053995311914
108.48699999999999,-9.900773314870424
108.488,-9.8996316155164603
108.489,-9.8984803051257568
108.48999999999999,-9.8973193874211951
108.491,-9.8961488661919503
108.492,-9.8949687452933013
108.49299999999999,-9.8937790286464864
108.494,-9.8925797202385244
108.495,-9.8913708241220721
108.496,-9.8901523444152399
108.497,-9.8889242853014458
108.498,-9.8876866510292363
108.499,-9.8864394459121385
108.5,-9.8851826743284921
108.501,-9.8839163407212638
108.502,-9.8826404495979254
108.503,-9.8813550055302564
108.504,-9.8800600131541838
108.505,-9.8787554771696335
108.506,-9.8774414023403505
108.50700000000001,-9.8761177934937372
108.508,-9.8747846555206991
108.509,-9.8734419933754687
108.51000000000001,-9.8720898120754441
108.511,-9.8707281167010166
108.512,-9.8693569123954283
108.51300000000001,-9.8679762043645862
108.514,-9.8665859978768857
108.515,-9.8651862982630902
108.51600000000001,-9.8637771109161161
108.517,-9.8623584412909011
108.518,-9.8609302949042199
108.51900000000001,-9.8594926773345186
108.52,-9.8580455942217728
108.521,-9.8565890512672905
108.52200000000001,-9.8551230542335677
108.523,-9.8536476089441081
108.524,-9.8521627212832765
108.52500000000001,-9.8506683971961007
108.526,-9.8491646426881463
108.527,-9.8476514638253168
108.52800000000001,-9.8461288667337072
108.529,-9.8445968575994289
108.53,-9.843055442668442
108.53100000000001,-9.8415046282464047
108.532,-9.8399444206984867
108.533,-9.8383748264492112
108.53400000000001,-9.8367958519822967
108.535,-9.8352075038404791
108.536,-9.8336097886253508
108.53700000000001,-9.8320027129971947
108.538,-9.830386283674823
108.539,-9.8287605074353959
108.54000000000001,-9.8271253911142722
108.541,-9.8254809416048356
108.542,-9.8238271658583241
108.54300000000001,-9.8221640708836748
108.544,-9.8204916637473545
108.545,-9.8188099515731828
108.54600000000001,-9.8171189415421765
108.547,-9.8154186408923909
108.548,-9.8137090569187393
108.54900000000001,-9.8119901969728289
108.55,-9.8102620684628086
108.551,-9.8085246788531801
108.55200000000001,-9.8067780356646583
108.553,-9.8050221464739842
108.554,-9.8032570189137775
108.55500000000001,-9.8014826606723506
108.556,-9.7996990794935641
108.557,-9.7979062831766424
108.55799999999999,-9.7961042795760349
108.559,-9.7942930766012068
108.56,-9.7924726822165216
108.56100000000001,-9.7906431044410525
108.562,-9.7888043513484124
108.563,-9.7869564310665975
108.56399999999999,-9.7850993517778306
108.565,-9.783233121718375
108.566,-9.7813577491783903
108.56700000000001,-9.7794732425017585
108.568,-9.7775796100859189
108.569,-9.7756768603817115
108.56999999999999,-9.7737650018931923
108.571,-9.7718440431774987
108.572,-9.7699139928446694
108.57299999999999,-9.7679748595574711
108.574,-9.766026652031254
108.575,-9.7640693790337743
108.57599999999999,-9.7621030493850434
108.577,-9.7601276719571484
108.578,-9.7581432556741063
108.57899999999999,-9.7561498095116796
108.58,-9.7541473424972356
108.581,-9.7521358637095723
108.58199999999999,-9.7501153822787536
108.583,-9.7480859073859509
108.584,-9.746047448263278
108.58499999999999,-9.7440000141936398
108.586,-9.7419436145105447
108.587,-9.7398782585979706
108.58799999999999,-9.7378039558901897
108.589,-9.7357207158716026
108.59,-9.7336285480765916
108.59099999999999,-9.7315274620893373
108.592,-9.7294174675436871
108.593,-9.7272985741229583
108.59399999999999,-9.72517079155981
108.595,-9.7230341296360603
108.596,-9.7208885981825421
108.59699999999999,-9.7187342070789313
108.598,-9.7165709662535775
108.599,-9.7143988856833801
108.59999999999999,-9.71221797539358
108.601,-9.7100282454576483
108.602,-9.707829705997078
108.60299999999999,-9.705622367181272
108.604,-9.7034062392273555
108.605,-9.7011813324000151
108.60599999999999,-9.6989476570113542
108.607,-9.6967052234207269
108.608,-9.6944540420345859
108.60899999999999,-9.6921941233063187
108.61,-9.6899254777360913
108.611,-9.6876481158706831
108.61199999999999,-9.6853620483033431
108.613,-9.6830672856736264
108.614,-9.6807638386672306
108.61499999999999,-9.678451718015852
108.616,-9.6761309344970208
108.617,-9.6738014989339423
108.61799999999999,-9.6714634221953464
108.619,-9.6691167151953223
108.62,-9.6667613888931836
108.621,-9.6643974542932867
108.622,-9.6620249224448926
108.623,-9.6596438044420072
108.624,-9.6572541114232244
108.625,-9.6548558545715668
108.626,-9.6524490451143485
108.627,-9.6500336943230067
108.628,-9.6476098135129416
108.629,-9.645177414043383
108.63,-9.6427365073172222
108.631,-9.6402871047808603
108.63200000000001,-9.6378292179240521
108.633,-9.6353628582797732
108.634,-9.6328880374240295
108.63500000000001,-9.6304047669757598
108.636,-9.6279130585966151
108.637,-9.6254129239908668
108.63800000000001,-9.6229043749052305
108.639,-9.6203874231287081
108.64,-9.6178620804924453
108.64100000000001,-9.6153283588695846
108.642,-9.6127862701751106
108.643,-9.6102358263656917
108.64400000000001,-9.6076770394395439
108.645,-9.6051099214362736
108.646,-9.6025344844367275
108.64700000000001,-9.5999507405628481
108.648,-9.5973587019775124
108.649,-9.5947583808844108
108.65000000000001,-9.5921497895278538
108.651,-9.5895329401926759
108.652,-9.5869078452040437
108.65300000000001,-9.5842745169273353
108.654,-9.5816329677679803
108.655,-9.5789832101713195
108.65600000000001,-9.576325256622443
108.657,-9.5736591196460772
108.658,-9.570984811806392
108.65900000000001,-9.5683023457068952
108.66,-9.5656117339902629
108.661,-9.5629129893382121
108.66200000000001,-9.5602061244713319
108.663,-9.5574911521489554
108.664,-9.554768085169016
108.66500000000001,-9.5520369363678981
108.666,-9.5492977186202843
108.667,-9.5465504448390259
108.66800000000001,-9.5437951279750006
108.669,-9.5410317810169509
108.67,-9.5382604169913598
108.67100000000001,-9.5354810489622981
108.672,-9.5326936900312784
108.673,-9.5298983533371331
108.67400000000001,-9.5270950520558468
108.675,-9.5242837994004361
108.676,-9.5214646086207839
108.67700000000001,-9.518637493003526
108.678,-9.5158024658718947
108.679,-9.5129595405855785
108.68000000000001,-9.5101087305405851
108.681,-9.5072500491691017
108.682,-9.5043835099393537
108.68299999999999,-9.5015091263554687
108.684,-9.4986269119573343
108.685,-9.4957368803204538
108.68600000000001,-9.4928390450558275
108.687,-9.4899334198097893
108.688,-9.487020018263884
108.68899999999999,-9.4840988541347269
108.69,-9.4811699411738743
108.691,-9.4782332931676585
108.69200000000001,-9.4752889239370948
108.693,-9.4723368473377025
108.694,-9.4693770772594021
108.69499999999999,-9.466409627626355
108.696,-9.4634345123968426
108.697,-9.4604517455631267
108.69799999999999,-9.4574613411513138
108.699,-9.4544633132212237
108.7,-9.4514576758662425
108.70099999999999,-9.4484444432132211
108.702,-9.4454236294222937
108.703,-9.4423952486867861
108.70399999999999,-9.4393593152330642
108.705,-9.4363158433204024
108.706,-9.4332648472408493
108.70699999999999,-9.4302063413191046
108.708,-9.4271403399123717
108.709,-9.4240668574102457
108.70999999999999,-9.4209859082345684
108.711,-9.4178975068392976
108.712,-9.4148016677103836
108.71299999999999,-9.4116984053656338
108.714,-9.4085877343545814
108.715,-9.4054696692583573
108.71599999999999,-9.4023442246895659
108.717,-9.3992114152921502
108.718,-9.3960712557412567
108.71899999999999,-9.3929237607431197
108.72,-9.3897689450349251
108.721,-9.3866068233846942
108.72199999999999,-9.3834374105911245
108.723,-9.3802607214835039
108.724,-9.3770767709215512
108.72499999999999,-9.3738855737953131
108.726,-9.3706871450250127
108.727,-9.3674814995609488
108.72799999999999,-9.3642686523833483
108.729,-9.361048618502263
108.73,-9.3578214129574153
108.73099999999999,-9.3545870508181022
108.732,-9.3513455471830458
108.733,-9.3480969171802961
108.73399999999999,-9.3448411759670797
108.735,-9.341578338729688
108.736,-9.3383084206833633
108.73699999999999,-9.3350314370721534
108.738,-9.3317474031688068
108.739,-9.3284563342746445
108.73999999999999,-9.3251582457194342
108.741,-9.3218531528612782
108.742,-9.3185410710864751
108.74299999999999,-9.3152220158094128
108.744,-9.3118960024724426
108.745,-9.3085630465457569
108.746,-9.3052231635272662
108.747,-9.301876368942489
108.748,-9.2985226783444244
108.749,-9.2951621073134216
108.75,-9.291794671457092
108.751,-9.2884203864101469
108.752,-9.2850392678343212
108.753,-9.2816513314182192
108.754,-9.2782565928772236
108.755,-9.2748550679533626
108.756,-9.2714467724151906
108.75700000000001,-9.2680317220576871
108.758,-9.264609932702113
108.759,-9.2611814201959231
108.76000000000001,-9.2577462004126279
108.761,-9.2543042892516798
108.762,-9.2508557026383738
108.76300000000001,-9.2474004565237173
108.764,-9.2439385668843066
108.765,-9.2404700497222354
108.76600000000001,-9.2369949210649605
108.767,-9.2335131969651947
108.768,-9.23002489350079
108.76900000000001,-9.226530026774622
108.77,-9.2230286129144901
108.771,-9.2195206680729793
108.77200000000001,-9.2160062084273715
108.773,-9.2124852501795083
108.774,-9.2089578095557094
108.77500000000001,-9.2054239028066274
108.776,-9.2018835462071547
108.777,-9.1983367560563085
108.77800000000001,-9.1947835486771172
108.779,-9.191223940416517
108.78,-9.1876579476452189
108.78100000000001,-9.1840855867576234
108.782,-9.1805068741717033
108.783,-9.1769218263288739
108.78400000000001,-9.1733304596939131
108.785,-9.1697327907548321
108.786,-9.1661288360227697
108.78700000000001,-9.1625186120318887
108.788,-9.1589021353392557
108.789,-9.1552794225247425
108.79000000000001,-9.1516504901909173
108.791,-9.1480153549629293
108.792,-9.1443740334884076
108.79300000000001,-9.1407265424373509
108.794,-9.1370728985020246
108.795,-9.1334131183968346
108.79600000000001,-9.1297472188582525
108.797,-9.1260752166446828
108.798,-9.1223971285363703
108.79900000000001,-9.1187129713352775
108.8,-9.1150227618650064
108.801,-9.1113265169706583
108.80200000000001,-9.1076242535187664
108.803,-9.1039159883971568
108.804,-9.1002017385148619
108.80500000000001,-9.0964815208020067
108.806,-9.0927553522097249
108.807,-9.089023249710019
108.80799999999999,-9.0852852302956926
108.809,-9.0815413109802154
108.81,-9.0777915087976471
108.81100000000001,-9.074035840802523
108.812,-9.0702743240697377
108.813,-9.0665069756944554
108.81399999999999,-9.0627338127920254
108.815,-9.0589548524978394
108.816,-9.0551701119672607
108.81700000000001,-9.0513796083755107
108.818,-9.0475833589175707
108.819,-9.0437813808080776
108.81999999999999,-9.0399736912812205
108.821,-9.0361603075906505
108.822,-9.0323412470093665
108.82299999999999,-9.0285165268296286
108.824,-9.0246861643628424
108.825,-9.0208501769394633
108.82599999999999,-9.0170085819089181
108.827,-9.0131613966394681
108.828,-9.0093086385181387
108.82899999999999,-9.0054503249506084
108.83,-9.0015864733611135
108.831,-8.9977171011923449
108.83199999999999,-8.9938422259053539
108.833,-8.9899618649794562
108.834,-8.9860760359121219
108.83499999999999,-8.9821847562188886
108.836,-8.9782880434332668
108.837,-8.9743859151066268
108.83799999999999,-8.9704783888081181
108.839,-8.9665654821245635
108.84,-8.9626472126603574
108.84099999999999,-8.9587235980373858
108.842,-8.9547946558949079
108.843,-8.9508604038894841
108.84399999999999,-8.9469208596948526
108.845,-8.9429760410018542
108.846,-8.9390259655183399
108.84699999999999,-8.9350706509690472
108.848,-8.9311101150955352
108.849,-8.9271443756560718
108.84999999999999,-8.9231734504255478
108.851,-8.9191973571953778
108.852,-8.9152161137734023
108.85299999999999,-8.9112297379838008
108.854,-8.9072382476669887
108.855,-8.903241660679539
108.85599999999999,-8.8992399948940637
108.857,-8.8952332681991386
108.858,-8.8912214984992133
108.85899999999999,-8.8872047037145006
108.86,-8.8831829017808879
108.861,-8.8791561106498591
108.86199999999999,-8.8751243482883879
108.863,-8.8710876326788437
108.864,-8.8670459818189045
108.86499999999999,-8.8629994137214609
108.866,-8.8589479464145349
108.867,-8.8548915979411724
108.86799999999999,-8.8508303863593571
108.869,-8.8467643297419194
108.87,-8.8426934461764493
108.871,-8.8386177537651971
108.872,-8.8345372706249865
108.873,-8.8304520148871148
108.874,-8.8263620046972839
108.875,-8.8222672582154811
108.876,-8.8181677936159097
108.877,-8.8140636290868848
108.878,-8.8099547828307578
108.879,-8.8058412730638072
108.88,-8.8017231180161648
108.881,-8.7976003359317136
108.88200000000001,-8.7934729450680074
108.883,-8.7893409636961763
108.884,-8.7852044101008335
108.88500000000001,-8.781063302579998
108.886,-8.7769176594449885
108.887,-8.7727674990203486
108.88800000000001,-8.7686128396437475
108.889,-8.7644536996658982
108.89,-8.7602900974504632
108.89100000000001,-8.7561220513739695
108.892,-8.7519495798257196
108.893,-8.7477727012077047
108.89400000000001,-8.7435914339344976
108.895,-8.7394057964332053
108.896,-8.7352158071433337
108.89700000000001,-8.7310214845167327
108.898,-8.7268228470175
108.899,-8.7226199131218785
108.90000000000001,-8.7184127013181882
108.901,-8.7142012301067329
108.902,-8.7099855179996997
108.90300000000001,-8.7057655835210976
108.904,-8.7015414452066366
108.905,-8.6973131216036794
108.90600000000001,-8.6930806312711137
108.907,-8.6888439927792973
108.908,-8.6846032247099547
108.90900000000001,-8.6803583456560958
108.91,-8.6761093742219231
108.911,-8.6718563290227486
108.91200000000001,-8.6675992286849208
108.913,-8.663338091845711
108.914,-8.6590729371532422
108.91500000000001,-8.6548037832664146
108.916,-8.6505306488547919
108.917,-8.6462535525985356
108.91800000000001,-8.6419725131883087
108.919,-8.6376875493252019
108.92,-8.633398679720635
108.92100000000001,-8.6291059230962706
108.922,-8.6248092981839406
108.923,-8.6205088237255527
108.92400000000001,-8.6162045184729941
108.925,-8.611896401188071
108.926,-8.6075844906423953
108.92700000000001,-8.6032688056173274
108.928,-8.5989493649038629
108.929,-8.5946261873025644
108.93000000000001,-8.5902992916234684
108.931,-8.5859686966860131
108.932,-8.5816344213189328
108.93299999999999,-8.577296484360188
108.934,-8.5729549046568749
108.935,-8.5686097010651441
108.93600000000001,-8.564260892450104
108.937,-8.5599084976857522
108.938,-8.5555525356548792
108.93899999999999,-8.5511930252489918
108.94,-8.5468299853682144
108.941,-8.5424634349212205
108.94200000000001,-8.5380933928251324
108.943,-8.5337198780054546
108.944,-8.5293429093959752
108.94499999999999,-8.524962505938678
108.946,-8.5205786865836775
108.947,-8.5161914702891099
108.94799999999999,-8.5118008760210682
108.949,-8.5074069227535034
108.95,-8.5030096294681492
108.95099999999999,-8.498609015154436
108.952,-8.4942050988094024
108.953,-8.4897978994376153
108.95399999999999,-8.485387436051079
108.955,-8.4809737276691592
108.956,-8.4765567933184922
108.95699999999999,-8.4721366520329049
108.958,-8.4677133228533208
108.959,-8.4632868248276925
108.95999999999999,-8.4588571770109038
108.961,-8.4544243984646918
108.962,-8.449988508257551
108.96299999999999,-8.4455495254646671
108.964,-8.4411074691678181
108.965,-8.4366623584552993
108.96599999999999,-8.4322142124218278
108.967,-8.4277630501684797
108.968,-8.4233088908025753
108.96899999999999,-8.4188517534376128
108.97,-8.4143916571931907
108.971,-8.4099286211949096
108.97199999999999,-8.4054626645742889
108.973,-8.4009938064686942
108.974,-8.3965220660212303
108.97499999999999,-8.3920474623806882
108.976,-8.3875700147014385
108.977,-8.3830897421433423
108.97799999999999,-8.3786066638716861
108.979,-8.3741207990570832
108.98,-8.3696321668753964
108.98099999999999,-8.3651407865076521
108.982,-8.360646677139945
108.983,-8.3561498579633735
108.98399999999999,-8.3516503481739424
108.985,-8.3471481669724721
108.986,-8.3426433335645296
108.98699999999999,-8.3381358671603341
108.988,-8.3336257869746699
108.989,-8.3291131122268141
108.98999999999999,-8.3245978621404326
108.991,-8.3200800559435191
108.992,-8.3155597128682874
108.99299999999999,-8.3110368521510978
108.994,-8.3065114930323745
108.995,-8.301983654756512
108.996,-8.2974533565717987
108.997,-8.2929206177303225
108.998,-8.2883854574878946
108.999,-8.2838478951039622
109,-8.2793079498415203
109.001,-8.2747656409670167
109.002,-8.2702209877502995
109.003,-8.2656740094644849
109.004,-8.2611247253859226
109.005,-8.2565731547940562
109.006,-8.2520193169713867
109.00700000000001,-8.2474632312033602
109.008,-8.2429049167782811
109.009,-8.2383443929872371
109.01000000000001,-8.2337816791240179
109.011,-8.2292167944849997
109.012,-8.2246497583691021
109.01300000000001,-8.2200805900776626
109.014,-8.2155093089143794
109.015,-8.2109359341852102
109.01600000000001,-8.2063604851982852
109.017,-8.2017829812638272
109.018,-8.1972034416940733
109.01900000000001,-8.1926218858031525
109.02,-8.1880383329070572
109.021,-8.1834528023234956
109.02200000000001,-8.1788653133718494
109.023,-8.174275885373067
109.024,-8.1696845376495819
109.02500000000001,-8.1650912895252183
109.026,-8.160496160325124
109.027,-8.1558991693756493
109.02800000000001,-8.1513003360043008
109.029,-8.1466996795396156
109.03,-8.1420972193111023
109.03100000000001,-8.1374929746491489
109.032,-8.1328869648849054
109.033,-8.1282792093502465
109.03400000000001,-8.1236697273776421
109.035,-8.1190585383000879
109.036,-8.1144456614510165
109.03700000000001,-8.1098311161641998
109.038,-8.105214921773678
109.039,-8.1005970976136616
109.04000000000001,-8.0959776630184273
109.041,-8.0913566373222654
109.042,-8.0867340398593601
109.04300000000001,-8.0821098899637107
109.044,-8.07748420696905
109.045,-8.0728570102087467
109.04600000000001,-8.0682283190157165
109.047,-8.0635981527223475
109.048,-8.0589665306603795
109.04900000000001,-8.0543334721608506
109.05,-8.0496989965539907
109.051,-8.0450631231691219
109.05199999999999,-8.0404258713345946
109.053,-8.0357872603776705
109.054,-8.0311473096244548
109.05500000000001,-8.0265060383997984
109.056,-8.0218634660271917
109.057,-8.0172196118287058
109.05799999999999,-8.0125744951248841
109.059,-8.0079281352346374
109.06,-8.003280551475191
109.06100000000001,-7.9986317631619581
109.062,-7.9939817896084655
109.063,-7.9893306501262717
109.06399999999999,-7.98467836402485
109.065,-7.9800249506115168
109.066,-7.9753704291913454
109.06700000000001,-7.9707148190670498
109.068,-7.9660581395389229
109.069,-7.9614004099047158
109.06999999999999,-7.9567416494595715
109.071,-7.9520818774959263
109.072,-7.9474211133033954
109.07300000000001,-7.9427593761687145
109.074,-7.9380966853756316
109.075,-7.9334330602048055
109.07599999999999,-7.9287685199337368
109.077,-7.9241030838366413
109.078,-7.9194367711843974
109.07899999999999,-7.9147696012444264
109.08,-7.9101015932805989
109.081,-7.9054327665531545
109.08199999999999,-7.9007631403186096
109.083,-7.8960927338296383
109.084,-7.8914215663350209
109.08499999999999,-7.8867496570795037
109.086,-7.8820770253037455
109.087,-7.8774036902442042
109.08799999999999,-7.8727296711330315
109.089,-7.8680549871980023
109.09,-7.8633796576624189
109.09099999999999,-7.8587037017449841
109.092,-7.8540271386597507
109.093,-7.8493499876159891
109.09399999999999,-7.8446722678181242
109.095,-7.8399939984656175
109.096,-7.8353151987528751
109.09699999999999,-7.8306358878691604
109.098,-7.8259560849985004
109.099,-7.8212758093195696
109.09999999999999,-7.8165950800056248
109.101,-7.8119139162243769
109.102,-7.8072323371379237
109.10299999999999,-7.802550361902636
109.104,-7.7978680096690614
109.105,-7.7931852995818343
109.10599999999999,-7.7885022507795849
109.107,-7.7838188823948204
109.108,-7.7791352135538538
109.10899999999999,-7.7744512633766814
109.11,-7.7697670509769114
109.111,-7.7650825954616529
109.11199999999999,-7.7603979159314029
109.113,-7.7557130314799831
109.114,-7.7510279611944206
109.11499999999999,-7.7463427241548377
109.116,-7.7416573394343899
109.117,-7.7369718260991274
109.11799999999999,-7.7322862032079218
109.119,-7.7276004898123727
109.12,-7.7229147049566738
109.121,-7.718228867677551
109.122,-7.7135429970041578
109.123,-7.7088571119579434
109.124,-7.7041712315526016
109.125,-7.6994853747939267
109.126,-7.6947995606797441
109.127,-7.6901138081998077
109.128,-7.6854281363356698
109.129,-7.6807425640606244
109.13,-7.6760571103395687
109.131,-7.6713717941289357
109.13200000000001,-7.6666866343765694
109.133,-7.6620016500216206
109.134,-7.6573168599944754
109.13500000000001,-7.6526322832166258
109.136,-7.6479479386005771
109.137,-7.6432638450497539
109.13800000000001,-7.6385800214583774
109.139,-7.6338964867113948
109.14,-7.6292132596843576
109.14100000000001,-7.6245303592433054
109.142,-7.6198478042447029
109.143,-7.6151656135353072
109.14400000000001,-7.610483805952061
109.145,-7.6058024003220233
109.146,-7.6011214154622238
109.14700000000001,-7.5964408701795971
109.148,-7.5917607832708605
109.149,-7.5870811735224049
109.15000000000001,-7.5824020597102066
109.151,-7.5777234605997279
109.152,-7.5730453949457761
109.15300000000001,-7.5683678814924527
109.154,-7.5636909389730018
109.155,-7.559014586109738
109.15600000000001,-7.5543388416139372
109.157,-7.5496637241857023
109.158,-7.5449892525139006
109.15900000000001,-7.5403154452760344
109.16,-7.5356423211381394
109.161,-7.5309698987546838
109.16200000000001,-7.526298196768451
109.163,-7.5216272338104577
109.164,-7.5169570284998315
109.16500000000001,-7.5122875994436917
109.166,-7.5076189652370768
109.167,-7.5029511444628181
109.16800000000001,-7.4982841556914224
109.169,-7.4936180174809977
109.17,-7.4889527483771143
109.17100000000001,-7.4842883669127147
109.172,-7.4796248916080135
109.173,-7.4749623409703609
109.17400000000001,-7.4703007334941773
109.175,-7.4656400876608124
109.176,-7.4609804219384461
109.17699999999999,-7.4563217547819924
109.178,-7.4516641046329735
109.179,-7.4470074899194323
109.18000000000001,-7.4423519290558122
109.181,-7.4376974404428378
109.182,-7.4330440424674329
109.18299999999999,-7.4283917535025967
109.184,-7.4237405919072863
109.185,-7.4190905760263313
109.18600000000001,-7.4144417241902971
109.187,-7.4097940547154071
109.188,-7.4051475859034088
109.18899999999999,-7.4005023360414643
109.19,-7.3958583234020647
109.191,-7.3912155662428969
109.19200000000001,-7.3865740828067352
109.193,-7.3819338913213528
109.194,-7.377295009999381
109.19499999999999,-7.3726574570382226
109.196,-7.3680212506199432
109.197,-7.3633864089111274
109.19800000000001,-7.3587529500628133
109.199,-7.3541208922103554
109.2,-7.3494902534733111
109.20099999999999,-7.3448610519553501
109.202,-7.340233305744114
109.203,-7.3356070329111329
109.20399999999999,-7.330982251511708
109.205,-7.3263589795847786
109.206,-7.32173723515284
109.20699999999999,-7.3171170362218163
109.208,-7.3124984007809388
109.209,-7.3078813468026649
109.20999999999999,-7.3032658922425266
109.211,-7.298652055039053
109.212,-7.2940398531136363
109.21299999999999,-7.2894293043704277
109.214,-7.2848204266962231
109.215,-7.2802132379603535
109.21599999999999,-7.2756077560145549
109.217,-7.271003998692894
109.218,-7.2664019838116012
109.21899999999999,-7.261801729169008
109.22,-7.2572032525454073
109.221,-7.2526065717029322
109.22199999999999,-7.2480117043854726
109.223,-7.2434186683185366
109.224,-7.2388274812091353
109.22499999999999,-7.23423816074569
109.226,-7.2296507245978923
109.227,-7.225065190416613
109.22799999999999,-7.2204815758337784
109.229,-7.2158998984622471
109.23,-7.211320175895704
109.23099999999999,-7.2067424257085566
109.232,-7.2021666654557919
109.233,-7.1975929126728921
109.23399999999999,-7.1930211848756986
109.235,-7.1884514995603066
109.236,-7.1838838742029552
109.23699999999999,-7.1793183262598887
109.238,-7.1747548731672683
109.239,-7.1701935323410488
109.23999999999999,-7.1656343211768476
109.241,-7.161077257049854
109.242,-7.1565223573146888
109.24299999999999,-7.1519696393053067
109.244,-7.1474191203348862
109.245,-7.1428708176956768
109.246,-7.1383247486589241
109.247,-7.1337809304747388
109.248,-7.1292393803719687
109.249,-7.1247001155581007
109.25,-7.1201631532191296
109.251,-7.1156285105194534
109.252,-7.1110962046017558
109.253,-7.1065662525868714
109.254,-7.1020386715736965
109.255,-7.0975134786390495
109.256,-7.0929906908375653
109.25700000000001,-7.0884703252015857
109.258,-7.0839523987410153
109.259,-7.0794369284432328
109.26000000000001,-7.0749239312729699
109.261,-7.0704134241721626
109.262,-7.0659054240598884
109.26300000000001,-7.0613999478321912
109.264,-7.0568970123620112
109.265,-7.0523966344990452
109.26600000000001,-7.0478988310696131
109.267,-7.0434036188765816
109.268,-7.0389110146992167
109.26900000000001,-7.0344210352930592
109.27,-7.0299336973898434
109.271,-7.0254490176973299
109.27200000000001,-7.0209670128992361
109.273,-7.0164876996550927
109.274,-7.012011094600112
109.27500000000001,-7.0075372143451062
109.276,-7.0030660754763421
109.277,-6.9985976945554302
109.27800000000001,-6.9941320881192102
109.279,-6.9896692726796221
109.28,-6.9852092647236024
109.28100000000001,-6.9807520807129677
109.282,-6.9762977370842627
109.283,-6.9718462502486851
109.28400000000001,-6.9673976365919543
109.285,-6.9629519124741623
109.286,-6.9585090942297079
109.28700000000001,-6.9540691981671259
109.288,-6.949632240569013
109.289,-6.9451982376918817
109.29000000000001,-6.9407672057660434
109.291,-6.9363391609955016
109.292,-6.9319141195578329
109.29300000000001,-6.9274920976040502
109.294,-6.9230731112585087
109.295,-6.9186571766187619
109.29600000000001,-6.9142443097554676
109.297,-6.9098345267122561
109.298,-6.9054278435056045
109.29900000000001,-6.9010242761247351
109.3,-6.8966238405314915
109.301,-6.8922265526601993
109.30199999999999,-6.8878324284175871
109.303,-6.8834414836826223
109.304,-6.8790537343064333
109.30500000000001,-6.8746691961121691
109.306,-6.8702878848948696
109.307,-6.8659098164213805
109.30799999999999,-6.8615350064302092
109.309,-6.8571634706314057
109.31,-6.8527952247064601
109.31100000000001,-6.8484302843081615
109.312,-6.844068665060508
109.313,-6.8397103825585663
109.31399999999999,-6.8353554523683488
109.315,-6.8310038900267198
109.316,-6.8266557110412585
109.31700000000001,-6.8223109308901346
109.318,-6.8179695650220129
109.319,-6.8136316288559104
109.31999999999999,-6.8092971377810958
109.321,-6.8049661071569645
109.322,-6.8006385523129111
109.32300000000001,-6.7963144885482301
109.324,-6.7919939311319837
109.325,-6.7876768953028783
109.32599999999999,-6.7833633962691717
109.327,-6.7790534492085222
109.328,-6.7747470692678924
109.32899999999999,-6.7704442715634308
109.33,-6.7661450711803397
109.331,-6.7618494831727673
109.33199999999999,-6.7575575225636957
109.333,-6.7532692043447984
109.334,-6.7489845434763609
109.33499999999999,-6.7447035548871224
109.336,-6.7404262534741886
109.337,-6.7361526541029022
109.33799999999999,-6.7318827716067169
109.339,-6.7276166207870993
109.34,-6.7233542164134015
109.34099999999999,-6.7190955732227255
109.342,-6.7148407059198494
109.343,-6.710589629177063
109.34399999999999,-6.706342357634087
109.345,-6.7020989058979339
109.346,-6.6978592885427997
109.34699999999999,-6.6936235201099397
109.348,-6.6893916151075743
109.349,-6.6851635880107416
109.34999999999999,-6.6809394532611996
109.351,-6.6767192252673002
109.352,-6.672502918403886
109.35299999999999,-6.6682905470121678
109.354,-6.6640821253995934
109.355,-6.6598776678397513
109.35599999999999,-6.6556771885722608
109.357,-6.651480701802619
109.358,-6.6472882217021301
109.35899999999999,-6.6430997624077541
109.36,-6.6389153380220236
109.361,-6.6347349626128942
109.36199999999999,-6.6305586502136578
109.363,-6.6263864148228091
109.364,-6.6222182704039465
109.36499999999999,-6.6180542308856349
109.366,-6.6138943101613137
109.367,-6.6097385220891702
109.36799999999999,-6.6055868804920266
109.369,-6.6014393991572344
109.37,-6.5972960918365349
109.371,-6.5931569722459802
109.372,-6.5890220540657989
109.373,-6.5848913509402749
109.374,-6.5807648764776534
109.375,-6.5766426442500148
109.376,-6.5725246677931661
109.377,-6.568410960606526
109.378,-6.5643015361530104
109.379,-6.5601964078589283
109.38,-6.5560955891138466
109.381,-6.5519990932705099
109.38200000000001,-6.547906933644704
109.383,-6.5438191235151493
109.384,-6.539735676123394
109.38500000000001,-6.5356566046737044
109.386,-6.5315819223329292
109.387,-6.5275116422304293
109.38800000000001,-6.5234457774579244
109.389,-6.5193843410694168
109.39,-6.5153273460810563
109.39100000000001,-6.5112748054710341
109.392,-6.5072267321794879
109.393,-6.5031831391083728
109.39400000000001,-6.4991440391213544
109.395,-6.4951094450437115
109.396,-6.4910793696622111
109.39700000000001,-6.4870538257250043
109.398,-6.48303282594153
109.399,-6.4790163829823726
109.40000000000001,-6.4750045094791933
109.401,-6.4709972180245945
109.402,-6.4669945211720155
109.40300000000001,-6.4629964314356325
109.404,-6.4590029612902402
109.405,-6.4550141231711606
109.40600000000001,-6.4510299294741156
109.407,-6.4470503925551235
109.408,-6.443075524730407
109.40900000000001,-6.439105338276276
109.41,-6.4351398454290081
109.411,-6.4311790583847692
109.41200000000001,-6.4272229892994819
109.413,-6.4232716502887381
109.414,-6.4193250534276824
109.41500000000001,-6.4153832107509086
109.416,-6.4114461342523583
109.417,-6.4075138358852168
109.41800000000001,-6.4035863275617935
109.419,-6.3996636211534419
109.42,-6.3957457284904322
109.42100000000001,-6.3918326613618621
109.422,-6.3879244315155503
109.423,-6.3840210506579282
109.42400000000001,-6.3801225304539404
109.425,-6.3762288825269433
109.426,-6.3723401184585988
109.42699999999999,-6.3684562497887747
109.428,-6.3645772880154361
109.429,-6.3607032445945588
109.43000000000001,-6.3568341309400154
109.431,-6.3529699584234685
109.432,-6.3491107383742875
109.43299999999999,-6.3452564820794404
109.434,-6.3414072007833777
109.435,-6.3375629056879657
109.43600000000001,-6.3337236079523525
109.437,-6.3298893186928922
109.438,-6.3260600489830345
109.43899999999999,-6.3222358098532236
109.44,-6.3184166122908163
109.441,-6.314602467239963
109.44200000000001,-6.310793385601519
109.443,-6.3069893782329611
109.444,-6.3031904559482488
109.44499999999999,-6.2993966295177799
109.446,-6.2956079096682664
109.447,-6.2918243070826243
109.44800000000001,-6.2880458323999093
109.449,-6.284272496215209
109.45,-6.2805043090795234
109.45099999999999,-6.276741281499719
109.452,-6.2729834239383848
109.453,-6.269230746813772
109.45399999999999,-6.265483260499682
109.455,-6.2617409753253828
109.456,-6.258003901575508
109.45699999999999,-6.2542720494899733
109.458,-6.2505454292638696
109.459,-6.2468240510473905
109.45999999999999,-6.2431079249457202
109.461,-6.2393970610189555
109.462,-6.2356914692820169
109.46299999999999,-6.2319911597045419
109.464,-6.228296142210807
109.465,-6.2246064266796441
109.46599999999999,-6.2209220229443307
109.467,-6.2172429407925236
109.468,-6.2135691899661438
109.46899999999999,-6.2099007801613162
109.47,-6.2062377210282698
109.471,-6.2025800221712331
109.47199999999999,-6.198927693148379
109.473,-6.1952807434717201
109.474,-6.191639182607009
109.47499999999999,-6.1880030199736833
109.476,-6.1843722649447486
109.477,-6.1807469268467248
109.47799999999999,-6.177127014959531
109.479,-6.1735125385164178
109.48,-6.1699035067038839
109.48099999999999,-6.1662999286615872
109.482,-6.162701813482256
109.483,-6.1591091702116234
109.48399999999999,-6.1555220078483259
109.485,-6.1519403353438307
109.486,-6.1483641616023661
109.48699999999999,-6.1447934954808083
109.488,-6.141228345788635
109.489,-6.1376687212878256
109.48999999999999,-6.1341146306927836
109.491,-6.1305660826702635
109.492,-6.1270230858392818
109.49299999999999,-6.1234856487710552
109.494,-6.1199537799889026
109.495,-6.1164274879681813
109.496,-6.1129067811362052
109.497,-6.1093916678721705
109.498,-6.105882156507068
109.499,-6.1023782553236288
109.5,-6.0988799725562259
109.501,-6.0953873163908163
109.502,-6.0919002949648657
109.503,-6.0884189163672531
109.504,-6.0849431886382295
109.505,-6.081473119769317
109.506,-6.0780087177032556
109.50700000000001,-6.0745499903339244
109.508,-6.0710969455062571
109.509,-6.0676495910161972
109.51000000000001,-6.064207934610609
109.511,-6.0607719839872018
109.512,-6.057341746794485
109.51300000000001,-6.0539172306316722
109.514,-6.0504984430486264
109.515,-6.0470853915457958
109.51600000000001,-6.0436780835741306
109.517,-6.0402765265350311
109.518,-6.0368807277802734
109.51900000000001,-6.03349069461194
109.52,-6.03010643428237
109.521,-6.026727953994067
109.52200000000001,-6.0233552608996614
109.523,-6.0199883621018362
109.524,-6.0166272646532484
109.52500000000001,-6.0132719755564903
109.526,-6.0099225017640219
109.527,-6.0065788501780837
109.52800000000001,-6.003241027650672
109.529,-5.9999090409834466
109.53,-5.9965828969276949
109.53100000000001,-5.9932626021842577
109.532,-5.9899481634034668
109.533,-5.9866395871850955
109.53400000000001,-5.9833368800783049
109.535,-5.9800400485815608
109.536,-5.9767490991426087
109.53700000000001,-5.9734640381583919
109.538,-5.9701848719750092
109.539,-5.9669116068876598
109.54000000000001,-5.9636442491405717
109.541,-5.9603828049269669
109.542,-5.9571272803890043
109.54300000000001,-5.9538776816177048
109.544,-5.950634014652934
109.545,-5.9473962854833129
109.54600000000001,-5.9441645000461971
109.547,-5.9409386642276054
109.548,-5.9377187838621772
109.54900000000001,-5.9345048647331247
109.55,-5.9312969125721811
109.551,-5.9280949330595316
109.55199999999999,-5.9248989318238152
109.553,-5.9217089144420179
109.554,-5.9185248864394673
109.55500000000001,-5.9153468532897708
109.556,-5.9121748204147622
109.557,-5.9090087931844781
109.55799999999999,-5.9058487769170878
109.559,-5.902694776878862
109.56,-5.8995467982841365
109.56100000000001,-5.8964048462952476
109.562,-5.8932689260225093
109.563,-5.8901390425241704
109.56399999999999,-5.887015200806351
109.565,-5.8838974058230331
109.566,-5.8807856624759989
109.56700000000001,-5.8776799756147931
109.568,-5.8745803500367018
109.569,-5.8714867904866832
109.56999999999999,-5.8683993016573623
109.571,-5.8653178881889758
109.572,-5.8622425546693293
109.57300000000001,-5.8591733056337851
109.574,-5.8561101455652071
109.575,-5.853053078893927
109.57599999999999,-5.8500021099977282
109.577,-5.8469572432017802
109.578,-5.8439184827786423
109.57899999999999,-5.8408858329482136
109.58,-5.8378592978776904
109.581,-5.8348388816815575
109.58199999999999,-5.8318245884215489
109.583,-5.8288164221066072
109.584,-5.8258143866928744
109.58499999999999,-5.8228184860836496
109.586,-5.8198287241293674
109.587,-5.8168451046275695
109.58799999999999,-5.8138676313228714
109.589,-5.8108963079069511
109.59,-5.8079311380185175
109.59099999999999,-5.8049721252432747
109.592,-5.8020192731139204
109.593,-5.7990725851100962
109.59399999999999,-5.7961320646583907
109.595,-5.7931977151323064
109.596,-5.7902695398522308
109.59699999999999,-5.7873475420854295
109.598,-5.7844317250460229
109.599,-5.7815220918949528
109.59999999999999,-5.7786186457399928
109.601,-5.7757213896356987
109.602,-5.7728303265834118
109.60299999999999,-5.7699454595312414
109.604,-5.7670667913740328
109.605,-5.7641943249533742
109.60599999999999,-5.7613280630575723
109.607,-5.7584680084216231
109.608,-5.7556141637272304
109.60899999999999,-5.7527665316027647
109.61,-5.7499251146232737
109.611,-5.7470899153104504
109.61199999999999,-5.7442609361326369
109.613,-5.7414381795048133
109.614,-5.7386216477885839
109.61499999999999,-5.735811343292168
109.616,-5.7330072682704021
109.617,-5.7302094249247162
109.61799999999999,-5.7274178154031485
109.619,-5.724632441800324
109.62,-5.7218533061574472
109.621,-5.7190804104623165
109.622,-5.7163137566493063
109.623,-5.7135533465993618
109.624,-5.7107991821400077
109.625,-5.7080512650453361
109.626,-5.705309597036015
109.627,-5.7025741797792886
109.628,-5.6998450148889628
109.629,-5.6971221039254285
109.63,-5.6944054483956457
109.631,-5.6916950497531555
109.63200000000001,-5.6889909093980862
109.633,-5.6862930286771416
109.634,-5.6836014088836322
109.63500000000001,-5.6809160512574568
109.636,-5.6782369569851188
109.637,-5.6755641271997366
109.63800000000001,-5.6728975629810421
109.639,-5.6702372653554001
109.64,-5.6675832352958153
109.64100000000001,-5.6649354737219273
109.642,-5.6622939815000422
109.643,-5.6596587594431362
109.64400000000001,-5.6570298083108614
109.645,-5.6544071288095701
109.646,-5.6517907215923167
109.64700000000001,-5.6491805872588792
109.648,-5.6465767263557822
109.649,-5.6439791393762846
109.65000000000001,-5.6413878267604325
109.651,-5.6388027888950525
109.652,-5.6362240261137746
109.65300000000001,-5.6336515386970571
109.654,-5.6310853268721957
109.655,-5.628525390813353
109.65600000000001,-5.6259717306415791
109.657,-5.623424346424823
109.658,-5.620883238177969
109.65900000000001,-5.6183484058628519
109.66,-5.6158198493882807
109.661,-5.6132975686100668
109.66200000000001,-5.6107815633310434
109.663,-5.6082718333010995
109.664,-5.6057683782172063
109.66500000000001,-5.6032711977234335
109.666,-5.6007802914109917
109.667,-5.5982956588182535
109.66800000000001,-5.5958172994307862
109.669,-5.593345212681383
109.67,-5.5908793979500899
109.67100000000001,-5.5884198545642452
109.672,-5.5859665817985071
109.673,-5.5835195788748866
109.67400000000001,-5.5810788449627822
109.675,-5.5786443791790283
109.676,-5.5762161805879042
109.67699999999999,-5.573794248201196
109.678,-5.5713785809782213
109.679,-5.5689691778258652
109.68000000000001,-5.5665660375986388
109.681,-5.5641691590986877
109.682,-5.5617785410758582
109.68299999999999,-5.5593941822277273
109.684,-5.557016081199647
109.685,-5.5546442365847888
109.68600000000001,-5.5522786469241776
109.687,-5.5499193107067519
109.688,-5.5475662263694012
109.68899999999999,-5.5452193922969997
109.69,-5.5428788068224755
109.691,-5.5405444682268463
109.69200000000001,-5.5382163747392568
109.693,-5.5358945245370492
109.694,-5.5335789157457942
109.69499999999999,-5.5312695464393578
109.696,-5.5289664146399353
109.697,-5.5266695183181156
109.69800000000001,-5.5243788553929303
109.699,-5.5220944237319038
109.7,-5.5198162211511121
109.70099999999999,-5.5175442454152357
109.702,-5.515278494237613
109.703,-5.5130189652803026
109.70399999999999,-5.5107656561541383
109.705,-5.5085185644187789
109.706,-5.5062776875827826
109.70699999999999,-5.5040430231036517
109.708,-5.5018145683879016
109.709,-5.4995923207911197
109.70999999999999,-5.4973762776180255
109.711,-5.4951664361225347
109.712,-5.4929627935078251
109.71299999999999,-5.4907653469263966
109.714,-5.4885740934801337
109.715,-5.4863890302203835
109.71599999999999,-5.4842101541480055
109.717,-5.4820374622134551
109.718,-5.4798709513168316
109.71899999999999,-5.4777106183079738
109.72,-5.475556459986505
109.721,-5.4734084731019141
109.72199999999999,-5.4712666543536272
109.723,-5.4691310003910782
109.724,-5.4670015078137784
109.72499999999999,-5.4648781731713978
109.726,-5.4627609929638279
109.727,-5.4606499636412629
109.72799999999999,-5.4585450816042815
109.729,-5.4564463432039059
109.73,-5.4543537447417023
109.73099999999999,-5.4522672824698386
109.732,-5.4501869525911726
109.733,-5.4481127512593339
109.73399999999999,-5.4460446745787916
109.735,-5.4439827186049552
109.736,-5.4419268793442388
109.73699999999999,-5.4398771527541463
109.738,-5.4378335347433691
109.739,-5.4357960211718517
109.73999999999999,-5.4337646078508861
109.741,-5.4317392905432023
109.742,-5.4297200649630355
109.74299999999999,-5.4277069267762386
109.744,-5.4256998716003526
109.745,-5.4236988950046978
109.746,-5.4217039925104711
109.747,-5.4197151595908295
109.748,-5.417732391670981
109.749,-5.4157556841282783
109.75,-5.4137850322923118
109.751,-5.4118204314450029
109.752,-5.4098618768206972
109.753,-5.4079093636062581
109.754,-5.4059628869411647
109.755,-5.4040224419176024
109.756,-5.4020880235805731
109.75700000000001,-5.4001596269279819
109.758,-5.3982372469107336
109.759,-5.3963208784328405
109.76000000000001,-5.3944105163515204
109.761,-5.3925061554772942
109.762,-5.3906077905740872
109.76300000000001,-5.3887154163593376
109.764,-5.386829027504092
109.765,-5.3849486186331195
109.76600000000001,-5.3830741843250021
109.767,-5.3812057191122484
109.768,-5.3793432174814075
109.76900000000001,-5.3774866738731557
109.77,-5.3756360826824281
109.771,-5.3737914382585039
109.77200000000001,-5.3719527349051326
109.773,-5.3701199668806403
109.774,-5.3682931283980295
109.77500000000001,-5.3664722136251068
109.776,-5.3646572166845843
109.777,-5.3628481316541929
109.77800000000001,-5.3610449525668038
109.779,-5.3592476734105325
109.78,-5.3574562881288603
109.78100000000001,-5.3556707906207528
109.782,-5.3538911747407614
109.783,-5.3521174342991618
109.78400000000001,-5.3503495630620623
109.785,-5.3485875547515143
109.786,-5.3468314030456465
109.78700000000001,-5.3450811015787725
109.788,-5.3433366439415249
109.789,-5.3415980236809624
109.79000000000001,-5.3398652343007047
109.791,-5.338138269261048
109.792,-5.3364171219790961
109.79300000000001,-5.334701785828873
109.794,-5.3329922541414607
109.795,-5.3312885202051206
109.79600000000001,-5.3295905772654155
109.797,-5.3278984185253506
109.798,-5.3262120371454849
109.79900000000001,-5.3245314262440679
109.8,-5.3228565788971789
109.801,-5.3211874881388397
109.80199999999999,-5.3195241469611556
109.803,-5.3178665483144467
109.804,-5.3162146851073793
109.80500000000001,-5.3145685502071025
109.806,-5.3129281364393774
109.807,-5.3112934365887092
109.80799999999999,-5.3096644433984981
109.809,-5.3080411495711504
109.81,-5.306423547768242
109.81100000000001,-5.3048116306106348
109.812,-5.3032053906786283
109.813,-5.3016048205120896
109.81399999999999,-5.3000099126106051
109.815,-5.298420659433603
109.816,-5.2968370534005107
109.81700000000001,-5.2952590868908871
109.818,-5.2936867522445681
109.819,-5.2921200417618177
109.81999999999999,-5.2905589477034463
109.821,-5.2890034622909941
109.822,-5.2874535777068363
109.82300000000001,-5.2859092860943599
109.824,-5.2843705795580913
109.825,-5.2828374501638535
109.82599999999999,-5.2813098899389104
109.827,-5.2797878908721119
109.828,-5.2782714449140542
109.82899999999999,-5.2767605439772201
109.83,-5.2752551799361243
109.831,-5.2737553446274834
109.83199999999999,-5.2722610298503536
109.833,-5.2707722273662849
109.834,-5.2692889288994778
109.83499999999999,-5.2678111261369365
109.836,-5.2663388107286178
109.837,-5.2648719742876011
109.83799999999999,-5.2634106083902292
109.839,-5.261954704576266
109.84,-5.260504254349069
109.84099999999999,-5.2590592491757278
109.842,-5.2576196804872364
109.843,-5.2561855396786434
109.84399999999999,-5.2547568181092217
109.845,-5.253333507102619
109.846,-5.2519155979470247
109.84699999999999,-5.2505030818953298
109.848,-5.2490959501652927
109.849,-5.2476941939396973
109.84999999999999,-5.2462978043665185
109.851,-5.244906772559089
109.852,-5.243521089596265
109.85299999999999,-5.2421407465225851
109.854,-5.2407657343484395
109.855,-5.2393960440502436
109.85599999999999,-5.2380316665706026
109.857,-5.236672592818465
109.858,-5.2353188136693189
109.85899999999999,-5.2339703199653362
109.86,-5.232627102515556
109.861,-5.2312891520960534
109.86199999999999,-5.2299564594501042
109.863,-5.2286290152883694
109.864,-5.2273068102890532
109.86499999999999,-5.2259898350980896
109.866,-5.2246780803293067
109.867,-5.2233715365645974
109.86799999999999,-5.2220701943541128
109.869,-5.2207740442164186
109.87,-5.2194830766386771
109.871,-5.2181972820768276
109.872,-5.2169166509557634
109.873,-5.2156411736695016
109.874,-5.2143708405813722
109.875,-5.2131056420241872
109.876,-5.2118455683004292
109.877,-5.2105906096824288
109.878,-5.2093407564125371
109.879,-5.2080959987033246
109.88,-5.206856326737741
109.881,-5.2056217306693169
109.88200000000001,-5.2043922006223386
109.883,-5.2031677266920262
109.884,-5.2019482989447319
109.88500000000001,-5.2007339074181118
109.886,-5.1995245421213152
109.887,-5.1983201930351761
109.88800000000001,-5.1971208501123893
109.889,-5.1959265032777058
109.89,-5.1947371424281172
109.89100000000001,-5.1935527574330411
109.892,-5.1923733381345141
109.893,-5.191198874347382
109.89400000000001,-5.1900293558594797
109.895,-5.1888647724318364
109.896,-5.1877051137988497
109.89700000000001,-5.1865503696684883
109.898,-5.1854005297224885
109.899,-5.1842555836165261
109.90000000000001,-5.1831155209804276
109.901,-5.1819803314183606
109.902,-5.1808500045090193
109.90300000000001,-5.1797245298058279
109.904,-5.178603896837128
109.905,-5.1774880951063826
109.90600000000001,-5.1763771140923645
109.907,-5.1752709432493536
109.908,-5.1741695720073402
109.90900000000001,-5.173072989772213
109.91,-5.1719811859259615
109.911,-5.1708941498268821
109.91200000000001,-5.1698118708097551
109.913,-5.1687343381860735
109.914,-5.1676615412442164
109.91500000000001,-5.1665934692496656
109.916,-5.1655301114451984
109.917,-5.1644714570510954
109.91800000000001,-5.1634174952653318
109.919,-5.1623682152637933
109.92,-5.1613236062004644
109.92100000000001,-5.1602836572076445
109.922,-5.1592483573961427
109.923,-5.1582176958554848
109.92400000000001,-5.1571916616541174
109.925,-5.1561702438396138
109.926,-5.1551534314388761
109.92699999999999,-5.1541412134583489
109.928,-5.1531335788842103
109.929,-5.1521305166825986
109.93000000000001,-5.1511320157998046
109.931,-5.1501380651624808
109.932,-5.149148653677857
109.93299999999999,-5.1481637702339436
109.934,-5.147183403699735
109.935,-5.1462075429254313
109.93600000000001,-5.145236176742638
109.937,-5.1442692939645784
109.938,-5.1433068833863071
109.93899999999999,-5.1423489337849171
109.94,-5.1413954339197518
109.941,-5.1404463725326206
109.94200000000001,-5.1395017383480059
109.943,-5.1385615200732779
109.944,-5.1376257063989055
109.94499999999999,-5.1366942859986731
109.946,-5.135767247529893
109.947,-5.1348445796336168
109.94800000000001,-5.133926270934853
109.949,-5.1330123100427816
109.95,-5.1321026855509624
109.95099999999999,-5.1311973860375666
109.952,-5.1302964000655713
109.953,-5.1293997161829914
109.95399999999999,-5.1285073229230962
109.955,-5.1276192088046155
109.956,-5.1267353623319636
109.95699999999999,-5.1258557719954609
109.958,-5.1249804262715415
109.959,-5.1241093136229834
109.95999999999999,-5.1232424224991178
109.961,-5.1223797413360526
109.962,-5.121521258556891
109.96299999999999,-5.1206669625719492
109.964,-5.1198168417789827
109.965,-5.1189708845633959
109.96599999999999,-5.1181290792984742
109.967,-5.1172914143455976
109.968,-5.1164578780544652
109.96899999999999,-5.1156284587633127
109.97,-5.1148031447991418
109.971,-5.1139819244779341
109.97199999999999,-5.1131647861048801
109.973,-5.1123517179745974
109.974,-5.1115427083713545
109.97499999999999,-5.1107377455693008
109.976,-5.1099368178326774
109.977,-5.1091399134160547
109.97799999999999,-5.1083470205645476
109.979,-5.107558127514042
109.98,-5.1067732224914195
109.98099999999999,-5.1059922937147881
109.982,-5.1052153293936993
109.983,-5.104442317729375
109.98399999999999,-5.1036732469149362
109.985,-5.102908105135632
109.986,-5.1021468805690589
109.98699999999999,-5.1013895613853872
109.988,-5.1006361357475978
109.989,-5.0998865918116998
109.98999999999999,-5.0991409177269578
109.991,-5.0983991016361259
109.992,-5.0976611316756681
109.99299999999999,-5.096926995975994
109.994,-5.0961966826616791
109.995,-5.0954701798516986
109.996,-5.0947474756596529
109.997,-5.0940285581939992
109.998,-5.0933134155582795
109.999,-5.0926020358513506
110,-5.0918944071676053
110.001,-5.0911905175972185
110.002,-5.090490355226363
110.003,-5.0897939081374428
110.004,-5.08910116440933
110.005,-5.0884121121175845
110.006,-5.0877267393346903
110.00700000000001,-5.0870450341302895
110.008,-5.0863669845714075
110.009,-5.0856925787226839
110.01000000000001,-5.0850218046466118
110.011,-5.0843546504037569
110.012,-5.0836911040529991
110.01300000000001,-5.0830311536517598
110.014,-5.0823747872562341
110.015,-5.0817219929216257
110.01600000000001,-5.081072758702371
110.017,-5.0804270726523821
110.018,-5.0797849228252741
110.01900000000001,-5.0791462972745931
110.02,-5.0785111840540571
110.021,-5.0778795712177835
110.02200000000001,-5.0772514468205259
110.023,-5.0766267989179008
110.024,-5.0760056155666273
110.02500000000001,-5.0753878848247584
110.026,-5.0747735947519095
110.027,-5.0741627334095014
110.02800000000001,-5.0735552888609856
110.029,-5.0729512491720783
110.03,-5.0723506024110012
110.03100000000001,-5.0717533366487118
110.032,-5.0711594399591258
110.033,-5.0705689004193726
110.03400000000001,-5.0699817061100161
110.035,-5.0693978451152848
110.036,-5.0688173055233179
110.03700000000001,-5.068240075426389
110.038,-5.0676661429211514
110.039,-5.0670954961088608
110.04000000000001,-5.0665281230956154
110.041,-5.0659640119925919
110.042,-5.0654031509162749
110.04300000000001,-5.0648455279886981
110.044,-5.0642911313376722
110.045,-5.063739949097025
110.04600000000001,-5.063191969406831
110.047,-5.0626471804136486
110.048,-5.0621055702707576
110.04900000000001,-5.0615671271383871
110.05,-5.0610318391839595
110.051,-5.0604996945823109
110.05199999999999,-5.0599706815159449
110.053,-5.0594447881752469
110.054,-5.058922002758738
110.05500000000001,-5.0584023134732954
110.056,-5.0578857085343909
110.057,-5.0573721761663322
110.05799999999999,-5.056861704602488
110.059,-5.0563542820855272
110.06,-5.0558498968676542
110.06100000000001,-5.0553485372108442
110.062,-5.0548501913870698
110.063,-5.0543548476785496
110.06399999999999,-5.0538624943779693
110.065,-5.0533731197887199
110.066,-5.0528867122251402
110.06700000000001,-5.0524032600127402
110.068,-5.0519227514884371
110.069,-5.0514451750007963
110.06999999999999,-5.0509705189102583
110.071,-5.0504987715893801
110.072,-5.0500299214230564
110.07300000000001,-5.0495639568087709
110.074,-5.0491008661568149
110.075,-5.0486406378905286
110.07599999999999,-5.0481832604465326
110.077,-5.0477287222749645
110.078,-5.0472770118397072
110.07899999999999,-5.0468281176186229
110.08,-5.0463820281037961
110.081,-5.0459387318017495
110.08199999999999,-5.0454982172336944
110.083,-5.0450604729357469
110.084,-5.0446254874591769
110.08499999999999,-5.0441932493706307
110.086,-5.0437637472523651
110.087,-5.0433369697024837
110.08799999999999,-5.0429129053351609
110.089,-5.0424915427808852
110.09,-5.0420728706866793
110.09099999999999,-5.041656877716342
110.092,-5.0412435525506751
110.093,-5.040832883887715
110.09399999999999,-5.0404248604429647
110.095,-5.0400194709496224
110.096,-5.0396167041588207
110.09699999999999,-5.0392165488398444
110.098,-5.0388189937803727
110.099,-5.0384240277867107
110.09999999999999,-5.0380316396840019
110.101,-5.0376418183164784
110.102,-5.0372545525476866
110.10299999999999,-5.0368698312607076
110.104,-5.0364876433583934
110.105,-5.0361079777635993
110.10599999999999,-5.0357308234194065
110.107,-5.0353561692893507
110.108,-5.0349840043576641
110.10899999999999,-5.0346143176294813
110.11,-5.0342470981310896
110.111,-5.0338823349101425
110.11199999999999,-5.0335200170358947
110.113,-5.0331601335994236
110.114,-5.0328026737138654
110.11499999999999,-5.0324476265146334
110.116,-5.032094981159652
110.117,-5.0317447268295741
110.11799999999999,-5.0313968527280206
110.119,-5.0310513480817951
110.12,-5.0307082021411134
110.121,-5.0303674041798292
110.122,-5.0300289434956635
110.123,-5.0296928094104176
110.124,-5.0293589912702181
110.125,-5.029027478445717
110.126,-5.0286982603323338
110.127,-5.0283713263504737
110.128,-5.0280466659457481
110.129,-5.0277242685892078
110.13,-5.0274041237775489
110.131,-5.0270862210333558
110.13200000000001,-5.0267705499053044
110.133,-5.0264570999683986
110.134,-5.0261458608241858
110.13500000000001,-5.025836822100981
110.136,-5.0255299734540806
110.137,-5.0252253045659891
110.13800000000001,-5.0249228051466481
110.139,-5.0246224649336373
110.14,-5.0243242736924074
110.14100000000001,-5.0240282212164988
110.142,-5.0237342973277546
110.143,-5.0234424918765468
110.14400000000001,-5.0231527947419883
110.145,-5.0228651958321535
110.146,-5.0225796850842972
110.14700000000001,-5.0222962524650701
110.148,-5.0220148879707374
110.149,-5.0217355816273948
110.15000000000001,-5.0214583234911778
110.151,-5.0211831036484931
110.152,-5.0209099122162169
110.15300000000001,-5.0206387393419236
110.154,-5.0203695752040902
110.155,-5.0201024100123171
110.15600000000001,-5.0198372340075395
110.157,-5.0195740374622382
110.158,-5.0193128106806615
110.15900000000001,-5.0190535439990267
110.16,-5.018796227785737
110.161,-5.0185408524415944
110.16200000000001,-5.0182874084000133
110.163,-5.0180358861272225
110.164,-5.0177862761224876
110.16500000000001,-5.0175385689183098
110.166,-5.0172927550806463
110.167,-5.0170488252091046
110.16800000000001,-5.0168067699371699
110.169,-5.0165665799323982
110.17,-5.0163282458966325
110.17100000000001,-5.0160917585662075
110.172,-5.0158571087121526
110.173,-5.0156242871404082
110.17400000000001,-5.0153932846920188
110.175,-5.0151640922433538
110.176,-5.0149367007062935
110.17699999999999,-5.0147111010284551
110.178,-5.0144872841933772
110.179,-5.0142652412207394
110.18000000000001,-5.0140449631665511
110.181,-5.0138264411233644
110.182,-5.0136096662204741
110.18299999999999,-5.0133946296241145
110.184,-5.0131813225376689
110.185,-5.0129697362018604
110.18600000000001,-5.0127598618949607
110.187,-5.0125516909329804
110.188,-5.0123452146698817
110.18899999999999,-5.0121404244977592
110.19,-5.0119373118470545
110.191,-5.0117358681867445
110.19200000000001,-5.0115360850245381
110.193,-5.011337953907077
110.194,-5.0111414664201295
110.19499999999999,-5.010946614188784
110.196,-5.0107533888776477
110.197,-5.0105617821910311
110.19800000000001,-5.0103717858731622
110.199,-5.0101833917083551
110.2,-5.009996591521217
110.20099999999999,-5.00981137717684
110.202,-5.0096277405809833
110.203,-5.0094456736802755
110.20399999999999,-5.0092651684623952
110.205,-5.0090862169562715
110.206,-5.0089088112322582
110.20699999999999,-5.008732943402336
110.208,-5.0085586056202906
110.209,-5.0083857900819098
110.20999999999999,-5.0082144890251588
110.211,-5.0080446947303781
110.212,-5.0078763995204589
110.21299999999999,-5.00770959576103
110.214,-5.007544275860651
110.215,-5.007380432270983
110.21599999999999,-5.0072180574869822
110.217,-5.0070571440470735
110.218,-5.0068976845333397
110.21899999999999,-5.006739671571701
110.22,-5.0065830978320873
110.221,-5.0064279560286344
110.22199999999999,-5.0062742389198442
110.223,-5.0061219393087804
110.224,-5.0059710500432324
110.22499999999999,-5.0058215640159061
110.226,-5.0056734741645883
110.227,-5.0055267734723294
110.22799999999999,-5.0053814549676172
110.229,-5.0052375117245509
110.23,-5.0050949368630189
110.23099999999999,-5.0049537235488657
110.232,-5.0048138649940679
110.233,-5.004675354456908
110.23399999999999,-5.0045381852421418
110.235,-5.0044023507011737
110.236,-5.0042678442322224
110.23699999999999,-5.0041346592804912
110.238,-5.0040027893383376
110.239,-5.0038722279454433
110.23999999999999,-5.0037429686889752
110.241,-5.0036150052037538
110.242,-5.0034883311724254
110.24299999999999,-5.003362940325621
110.244,-5.0032388264421197
110.245,-5.0031159833490122
110.246,-5.0029944049218731
110.247,-5.00287408508491
110.248,-5.0027550178111317
110.249,-5.0026371971225112
110.25,-5.0025206170901395
110.251,-5.0024052718343857
110.252,-5.0022911555250626
110.253,-5.0021782623815785
110.254,-5.002066586673088
110.255,-5.0019561227186662
110.256,-5.0018468648874466
110.25700000000001,-5.0017388075987803
110.258,-5.0016319453224023
110.259,-5.0015262725785625
110.26000000000001,-5.0014217839382002
110.261,-5.0013184740230816
110.262,-5.0012163375059533
110.26300000000001,-5.0011153691106998
110.264,-5.0010155636124818
110.265,-5.0009169158378928
110.26600000000001,-5.0008194206651044
110.267,-5.0007230730240133
110.268,-5.0006278678963882
110.26900000000001,-5.0005338003160134
110.27,-5.0004408653688355
110.271,-5.0003490581931054
110.27200000000001,-5.0002583739795243
110.273,-5.0001688079713826
110.274,-5.0000803554647035
110.27500000000001,-4.9999930118083817
110.276,-4.9999067724043265
110.277,-4.9998216327075973
110.27800000000001,-4.9997375882265427
110.279,-4.9996546345229396
110.28,-4.9995727672121291
110.28100000000001,-4.999491981963148
110.282,-4.9994122744988747
110.283,-4.9993336405961468
110.28400000000001,-4.9992560760859099
110.285,-4.9991795768533382
110.286,-4.9991041388379793
110.28700000000001,-4.9990297580338678
110.288,-4.9989564304896685
110.289,-4.9988841523088006
110.29000000000001,-4.998812919649569
110.291,-4.9987427287252828
110.292,-4.9986735758043928
110.29300000000001,-4.9986054572106093
110.294,-4.9985383693230299
110.295,-4.9984723085762655
110.29600000000001,-4.9984072714605574
110.297,-4.9983432545219015
110.298,-4.9982802543621752
110.29900000000001,-4.9982182676392508
110.3,-4.998157291067117
110.301,-4.9980973214159965
110.30199999999999,-4.9980383555124668
110.303,-4.9979803902395741
110.304,-4.9979234225369495
110.30500000000001,-4.9978674494009274
110.306,-4.9978124678846525
110.307,-4.9977584750982027
110.30799999999999,-4.9977054682086877
110.309,-4.9976534444403775
110.31,-4.9976024010747988
110.31100000000001,-4.9975523354508518
110.312,-4.9975032449649142
110.313,-4.9974551270709551
110.31399999999999,-4.9974079792806352
110.315,-4.9973617991634161
110.316,-4.9973165843466667
110.31700000000001,-4.9972723325157631
110.318,-4.9972290414141955
110.319,-4.9971867088436674
110.31999999999999,-4.9971453326642035
110.321,-4.9971049107942331
110.322,-4.9970654412107134
110.32300000000001,-4.9970269219492103
110.324,-4.9969893511040011
110.325,-4.9969527268281704
110.32599999999999,-4.9969170473337092
110.327,-4.9968823108916052
110.328,-4.9968485158319353
110.32899999999999,-4.9968156605439695
110.33,-4.9967837434762421
110.331,-4.9967527631366639
110.33199999999999,-4.9967227180925988
110.333,-4.9966936069709584
110.334,-4.996665428458285
110.33499999999999,-4.9966381813008471
110.336,-4.9966118643047119
110.337,-4.9965864763358443
110.33799999999999,-4.9965620163201834
110.339,-4.9965384832437261
110.34,-4.9965158761526087
110.34099999999999,-4.9964941941531933
110.342,-4.9964734364121384
110.343,-4.9964536021564889
110.34399999999999,-4.9964346906737429
110.345,-4.9964167013119365
110.346,-4.9963996334797205
110.34699999999999,-4.9963834866464278
110.348,-4.996368260342158
110.349,-4.996353954157839
110.34999999999999,-4.9963405677453103
110.351,-4.9963281008173865
110.352,-4.9963165531479259
110.35299999999999,-4.9963059245719119
110.354,-4.9962962149855041
110.355,-4.9962874243461179
110.35599999999999,-4.9962795526724841
110.357,-4.9962726000447173
110.358,-4.996266566604378
110.35899999999999,-4.9962614525545357
110.36,-4.9962572581598321
110.361,-4.9962539837465378
110.36199999999999,-4.9962516297026225
110.363,-4.9962501964777957
110.364,-4.9962496845835869
110.36499999999999,-4.9962500945933828
110.366,-4.996251427142492
110.367,-4.9962536829282032
110.36799999999999,-4.9962568627098269
110.369,-4.9962609673087632
110.37,-4.9962659976085391
110.371,-4.9962719545548691
110.372,-4.9962788391556971
110.373,-4.9962866524812526
110.374,-4.9962953956640925
110.375,-4.9963050698991465
110.376,-4.9963156764437651
110.377,-4.9963272166177646
110.378,-4.9963396918034686
110.379,-4.9963531034457471
110.38,-4.9963674530520645
110.381,-4.9963827421925124
110.38200000000001,-4.9963989724998497
110.383,-4.9964161456695475
110.384,-4.9964342634598156
110.38500000000001,-4.9964533276916434
110.386,-4.9964733402488335
110.387,-4.9964943030780375
110.38800000000001,-4.9965162181887823
110.389,-4.9965390876535096
110.39,-4.9965629136075957
110.39100000000001,-4.9965876982493933
110.392,-4.9966134438402463
110.393,-4.9966401527045257
110.39400000000001,-4.9966678272296541
110.395,-4.9966964698661283
110.396,-4.9967260831275411
110.39700000000001,-4.9967566695906092
110.398,-4.9967882318951915
110.399,-4.996820772744309
110.40000000000001,-4.9968542949041641
110.401,-4.9968888012041628
110.402,-4.9969242945369245
110.40300000000001,-4.9969607778583027
110.404,-4.9969982541873996
110.405,-4.9970367266065789
110.40600000000001,-4.9970761982614782
110.407,-4.9971166723610221
110.408,-4.9971581521774286
110.40900000000001,-4.9972006410462235
110.41,-4.997244142366247
110.411,-4.9972886595996533
110.41200000000001,-4.9973341962719324
110.413,-4.9973807559718999
110.414,-4.9974283423517054
110.41500000000001,-4.9974769591268391
110.416,-4.9975266100761289
110.417,-4.9975772990417413
110.41800000000001,-4.997629029929179
110.419,-4.997681806707285
110.42,-4.997735633408233
110.42100000000001,-4.9977905141275265
110.422,-4.9978464530239908
110.423,-4.9979034543197702
110.42400000000001,-4.9979615223003186
110.425,-4.9980206613143858
110.426,-4.9980808757740203
110.42699999999999,-4.9981421701545452
110.428,-4.9982045489945506
110.429,-4.9982680168958815
110.43000000000001,-4.9983325785236232
110.431,-4.9983982386060868
110.432,-4.9984650019347869
110.43299999999999,-4.9985328733644296
110.434,-4.9986018578128917
110.435,-4.9986719602611975
110.43600000000001,-4.9987431857535025
110.437,-4.998815539397067
110.438,-4.998889026362237
110.43899999999999,-4.998963651882411
110.44,-4.9990394212540235
110.441,-4.9991163398365099
110.44200000000001,-4.9991944130522885
110.443,-4.9992736463867171
110.444,-4.9993540453880732
110.44499999999999,-4.9994356156675188
110.446,-4.9995183628990691
110.447,-4.9996022928195529
110.44800000000001,-4.9996874112285852
110.449,-4.9997737239885272
110.45,-4.9998612370244429
110.45099999999999,-4.9999499563240724
110.452,-5.000039887937783
110.453,-5.0001310379785302
110.45399999999999,-5.0002234126218177
110.455,-5.000317018105652
110.456,-5.0004118607304946
110.45699999999999,-5.0005079468592246
110.458,-5.0006052829170846
110.459,-5.0007038753916362
110.45999999999999,-5.0008037308327085
110.461,-5.000904855852351
110.462,-5.0010072571247743
110.46299999999999,-5.00111094138631
110.464,-5.0012159154353437
110.465,-5.0013221861322705
110.46599999999999,-5.0014297603994304
110.467,-5.0015386452210553
110.468,-5.001648847643211
110.46899999999999,-5.0017603747737347
110.47,-5.0018732337821739
110.471,-5.0019874318997299
110.47199999999999,-5.0021029764191809
110.473,-5.0022198746948376
110.474,-5.0023381341424589
110.47499999999999,-5.0024577622391941
110.476,-5.0025787665235164
110.477,-5.0027011545951456
110.47799999999999,-5.0028249341149849
110.479,-5.0029501128050473
110.48,-5.0030766984483819
110.48099999999999,-5.0032046988889975
110.482,-5.0033341220317951
110.483,-5.0034649758424843
110.48399999999999,-5.003597268347507
110.485,-5.0037310076339594
110.486,-5.0038662018495152
110.48699999999999,-5.0040028592023411
110.488,-5.0041409879610086
110.489,-5.0042805964544268
110.48999999999999,-5.0044216930717429
110.491,-5.0045642862622586
110.492,-5.0047083845353484
110.49299999999999,-5.0048539964603718
110.494,-5.0050011306665745
110.495,-5.0051497958430078
110.496,-5.0053000007384325
110.497,-5.0054517541612231
110.498,-5.0056050649792816
110.499,-5.0057599421199335
110.5,-5.0059163945698373
110.501,-5.0060744313748815
110.502,-5.0062340616400922
110.503,-5.0063952945295256
110.504,-5.0065581392661755
110.505,-5.0067226051318592
110.506,-5.0068887014671226
110.50700000000001,-5.0070564376711353
110.508,-5.0072258232015772
110.509,-5.0073968675745419
110.51000000000001,-5.0075695803644162
110.511,-5.0077439712037819
110.512,-5.0079200497832952
110.51300000000001,-5.0080978258515803
110.514,-5.0082773092151172
110.515,-5.0084585097381229
110.51600000000001,-5.0086414373424333
110.517,-5.008826102007399
110.518,-5.0090125137697541
110.51900000000001,-5.0092006827235034
110.52,-5.0093906190197988
110.521,-5.0095823328668221
110.52200000000001,-5.0097758345296555
110.523,-5.0099711343301685
110.524,-5.0101682426468788
110.52500000000001,-5.0103671699148347
110.526,-5.010567926625491
110.527,-5.0107705233265678
110.52800000000001,-5.010974970621934
110.529,-5.0111812791714661
110.53,-5.0113894596909221
110.53100000000001,-5.0115995229518067
110.532,-5.0118114797812332
110.533,-5.0120253410617943
110.53400000000001,-5.0122411177314161
110.535,-5.0124588207832277
110.536,-5.0126784612654198
110.53700000000001,-5.0129000502811039
110.538,-5.0131235989881624
110.539,-5.0133491185991259
110.54000000000001,-5.0135766203810057
110.541,-5.0138061156551625
110.542,-5.01403761579716
110.54300000000001,-5.0142711322366083
110.544,-5.0145066764570245
110.545,-5.014744259995676
110.54600000000001,-5.0149838944434331
110.547,-5.0152255914446142
110.548,-5.0154693626968383
110.54900000000001,-5.0157152199508594
110.55,-5.0159631750104197
110.551,-5.0162132397320889
110.55199999999999,-5.0164654260251034
110.553,-5.0167197458512192
110.554,-5.0169762112245309
110.55500000000001,-5.0172348342113242
110.556,-5.0174956269299162
110.557,-5.0177586015504776
110.55799999999999,-5.0180237702948736
110.559,-5.0182911454365069
110.56,-5.018560739300133
110.56100000000001,-5.0188325642617038
110.562,-5.0191066327481924
110.563,-5.0193829572374256
110.56399999999999,-5.0196615502579061
110.565,-5.0199424243886472
110.566,-5.0202255922589858
110.56700000000001,-5.0205110665484209
110.568,-5.0207988599864262
110.569,-5.0210889853522769
110.56999999999999,-5.0213814554748701
110.571,-5.021676283232539
110.572,-5.0219734815528838
110.57300000000001,-5.0222730634125714
110.574,-5.0225750418371664
110.575,-5.0228794299009412
110.57599999999999,-5.0231862407266874
110.577,-5.0234954874855333
110.578,-5.0238071833967464
110.57899999999999,-5.0241213417275556
110.58,-5.024437975792952
110.581,-5.0247570989555026
110.58199999999999,-5.025078724625148
110.583,-5.0254028662590224
110.584,-5.0257295373612436
110.58499999999999,-5.0260587514827293
110.586,-5.0263905222209857
110.587,-5.0267248632199255
110.58799999999999,-5.0270617881696538
110.589,-5.0274013108062707
110.59,-5.0277434449116765
110.59099999999999,-5.028088204313355
110.592,-5.0284356028841835
110.593,-5.0287856545422205
110.59399999999999,-5.0291383732504897
110.595,-5.029493773016795
110.596,-5.0298518678934885
110.59699999999999,-5.0302126719772726
110.598,-5.0305761994089879
110.599,-5.030942464373398
110.59999999999999,-5.0313114810989772
110.601,-5.0316832638576976
110.602,-5.0320578269648113
110.60299999999999,-5.0324351847786346
110.604,-5.0328153517003305
110.605,-5.033198342173689
110.60599999999999,-5.0335841706849083
110.607,-5.033972851762373
110.608,-5.034364399976428
110.60899999999999,-5.0347588299391663
110.61,-5.0351561563041898
110.611,-5.0355563937663952
110.61199999999999,-5.0359595570617426
110.613,-5.0363656609670286
110.614,-5.0367747202996567
110.61499999999999,-5.0371867499174066
110.616,-5.0376017647182101
110.617,-5.0380197796399084
110.61799999999999,-5.0384408096600257
110.619,-5.0388648697955354
110.62,-5.0392919751026213
110.621,-5.0397221406764423
110.622,-5.0401553816508962
110.623,-5.0405917131983831
110.624,-5.0410311505295571
110.625,-5.0414737088930996
110.626,-5.0419194035754646
110.627,-5.0423682499006421
110.628,-5.0428202632299159
110.629,-5.0432754589616113
110.63,-5.0437338525308615
110.631,-5.0441954594093428
110.63200000000001,-5.0446602951050483
110.633,-5.0451283751620188
110.634,-5.0455997151601064
110.63500000000001,-5.0460743307147169
110.636,-5.0465522374765568
110.637,-5.0470334511313872
110.63800000000001,-5.0475179873997584
110.639,-5.0480058620367672
110.64,-5.0484970908317885
110.64100000000001,-5.0489916896082292
110.642,-5.0494896742232607
110.643,-5.049991060567562
110.64400000000001,-5.0504958645650628
110.645,-5.0510041021726808
110.646,-5.0515157893800549
110.64700000000001,-5.0520309422092851
110.648,-5.0525495767146715
110.649,-5.05307170898244
110.65000000000001,-5.0535973551304876
110.651,-5.0541265313081025
110.652,-5.0546592536957027
110.65300000000001,-5.0551955385045684
110.654,-5.0557354019765661
110.655,-5.0562788603838795
110.65600000000001,-5.0568259300287384
110.657,-5.0573766272431424
110.658,-5.0579309683885914
110.65900000000001,-5.0584889698558015
110.66,-5.0590506480644422
110.661,-5.059616019462843
110.66200000000001,-5.0601851005277307
110.663,-5.0607579077639375
110.664,-5.0613344577041266
110.66500000000001,-5.0619147669085143
110.666,-5.0624988519645804
110.667,-5.0630867294867929
110.66800000000001,-5.063678416116316
110.669,-5.0642739285207323
110.67,-5.0648732833937515
110.67100000000001,-5.0654764974549309
110.672,-5.0660835874493753
110.673,-5.0666945701474626
110.67400000000001,-5.0673094623445456
110.675,-5.0679282808606612
110.676,-5.0685510425402445
110.67699999999999,-5.0691777642518314
110.678,-5.0698084628877673
110.679,-5.0704431553639129
110.68000000000001,-5.0710818586193476
110.681,-5.0717245896160801
110.682,-5.0723713653387374
110.68299999999999,-5.0730222027942853
110.684,-5.0736771190117143
110.685,-5.0743361310417505
110.68600000000001,-5.0749992559565467
110.687,-5.0756665108493886
110.688,-5.0763379128343864
110.68899999999999,-5.0770134790461796
110.69,-5.0776932266396226
110.691,-5.0783771727894882
110.69200000000001,-5.0790653346901591
110.693,-5.0797577295553218
110.694,-5.08045437461766
110.69499999999999,-5.081155287128543
110.696,-5.08186048435772
110.697,-5.0825699835930109
110.69800000000001,-5.0832838021399933
110.699,-5.0840019573216892
110.7,-5.0847244664782574
110.70099999999999,-5.0854513469666793
110.702,-5.0861826161604418
110.703,-5.0869182914492228
110.70399999999999,-5.0876583902385804
110.705,-5.0884029299496296
110.706,-5.0891519280187314
110.70699999999999,-5.0899054018971688
110.708,-5.0906633690508354
110.709,-5.0914258469599059
110.70999999999999,-5.0921928531185241
110.711,-5.09296440503448
110.712,-5.0937405202288826
110.71299999999999,-5.0945212162358455
110.714,-5.0953065106021533
110.715,-5.0960964208869477
110.71599999999999,-5.0968909646613962
110.717,-5.0976901595083675
110.718,-5.0984940230221047
110.71899999999999,-5.0993025728078987
110.72,-5.1001158264817583
110.721,-5.1009338016700863
110.72199999999999,-5.1017565160093454
110.723,-5.1025839871457253
110.724,-5.1034162327348227
110.72499999999999,-5.104253270441296
110.726,-5.1050951179385446
110.727,-5.1059417929083661
110.72799999999999,-5.1067933130406278
110.729,-5.1076496960329338
110.73,-5.1085109595902871
110.73099999999999,-5.1093771214247514
110.732,-5.1102481992551185
110.733,-5.1111242108065671
110.73399999999999,-5.112005173810334
110.735,-5.1128911060033602
110.736,-5.113782025127966
110.73699999999999,-5.1146779489315044
110.738,-5.1155788951660188
110.739,-5.1164848815879065
110.73999999999999,-5.1173959259575739
110.741,-5.1183120460390938
110.742,-5.1192332595998646
110.74299999999999,-5.120159584410267
110.744,-5.1210910382433115
110.745,-5.1220276388743038
110.746,-5.1229694040804956
110.747,-5.123916351640732
110.748,-5.1248684993351192
110.749,-5.1258258649446571
110.75,-5.126788466250912
110.751,-5.127756321035652
110.752,-5.1287294470805023
110.753,-5.1297078621666063
110.754,-5.1306915840742562
110.755,-5.1316806305825562
110.756,-5.1326750194690636
110.75700000000001,-5.1336747685094437
110.758,-5.1346798954771096
110.759,-5.1356904181428753
110.76000000000001,-5.1367063542745939
110.761,-5.1377277216368178
110.762,-5.138754537990426
110.76300000000001,-5.1397868210922848
110.764,-5.1408245886948798
110.765,-5.1418678585459663
110.76600000000001,-5.1429166483882103
110.767,-5.1439709759588368
110.768,-5.1450308589892604
110.76900000000001,-5.146096315204737
110.77,-5.1471673623239997
110.771,-5.1482440180589064
110.77200000000001,-5.149326300114069
110.773,-5.1504142261865029
110.774,-5.1515078139652655
110.77500000000001,-5.1526070811310873
110.776,-5.1537120453560172
110.777,-5.1548227243030649
110.77800000000001,-5.1559391356258217
110.779,-5.1570612969681209
110.78,-5.1581892259636524
110.78100000000001,-5.1593229402356151
110.782,-5.1604624573963438
110.783,-5.1616077950469492
110.78400000000001,-5.1627589707769497
110.785,-5.1639160021639103
110.786,-5.1650789067730738
110.78700000000001,-5.1662477021569941
110.788,-5.1674224058551728
110.789,-5.1686030353936925
110.79000000000001,-5.1697896082848436
110.791,-5.1709821420267676
110.792,-5.1721806541030766
110.79300000000001,-5.1733851619824982
110.794,-5.1745956831184969
110.795,-5.1758122349489089
110.79600000000001,-5.1770348348955721
110.797,-5.1782635003639612
110.798,-5.1794982487428127
110.79900000000001,-5.1807390974037553
110.8,-5.1819860637009398
110.801,-5.1832391649706739
110.80199999999999,-5.1844984185310432
110.803,-5.1857638416815464
110.804,-5.1870354517027177
110.80500000000001,-5.1883132658557614
110.806,-5.1895973013821752
110.807,-5.1908875755033836
110.80799999999999,-5.1921841054203544
110.809,-5.1934869083132433
110.81,-5.1947960013410022
110.81100000000001,-5.196111401641021
110.812,-5.197433126328745
110.813,-5.1987611924973045
110.81399999999999,-5.200095617217146
110.815,-5.2014364175356462
110.816,-5.2027836104767484
110.81700000000001,-5.2041372130405872
110.818,-5.2054972422031085
110.819,-5.2068637149157011
110.81999999999999,-5.2082366481048163
110.821,-5.2096160586715969
110.822,-5.2110019634915012
110.82300000000001,-5.2123943794139249
110.824,-5.2137933232618323
110.825,-5.2151988118313737
110.82599999999999,-5.2166108618915148
110.827,-5.2180294901836595
110.828,-5.219454713421273
110.82899999999999,-5.2208865482895046
110.83,-5.2223250114448163
110.831,-5.223770119514608
110.83199999999999,-5.2252218890968258
110.833,-5.2266803367596131
110.834,-5.2281454790409061
110.83499999999999,-5.2296173324480808
110.836,-5.2310959134575601
110.837,-5.2325812385144417
110.83799999999999,-5.2340733240321304
110.839,-5.235572186391952
110.84,-5.2370778419427761
110.84099999999999,-5.238590307000651
110.842,-5.240109597848412
110.843,-5.2416357307353207
110.84399999999999,-5.2431687218766729
110.845,-5.2447085874534354
110.846,-5.2462553436118622
110.84699999999999,-5.2478090064631218
110.848,-5.249369592082914
110.849,-5.2509371165111105
110.84999999999999,-5.252511595751356
110.851,-5.2540930457707091
110.852,-5.2556814824992628
110.85299999999999,-5.2572769218297584
110.854,-5.2588793796172322
110.855,-5.2604888716786125
110.85599999999999,-5.2621054137923622
110.857,-5.263729021698099
110.858,-5.2653597110962185
110.85899999999999,-5.2669974976475231
110.86,-5.2686423969728384
110.861,-5.270294424652648
110.86199999999999,-5.2719535962267159
110.863,-5.2736199271937032
110.864,-5.275293433010809
110.86499999999999,-5.2769741290933849
110.866,-5.2786620308145631
110.867,-5.2803571535048892
110.86799999999999,-5.2820595124519372
110.869,-5.283769122899943
110.87,-5.2854860000494366
110.871,-5.2872101590568539
110.872,-5.2889416150341777
110.873,-5.2906803830485636
110.874,-5.292426478121957
110.875,-5.2941799152307372
110.876,-5.2959407093053308
110.877,-5.2977088752298478
110.878,-5.2994844278417172
110.879,-5.3012673819312948
110.88,-5.3030577522415214
110.881,-5.3048555534675259
110.88200000000001,-5.3066608002562692
110.883,-5.3084735072061822
110.884,-5.3102936888667749
110.88500000000001,-5.3121213597382821
110.886,-5.3139565342712984
110.887,-5.3157992268663978
110.88800000000001,-5.3176494518737751
110.889,-5.3195072235928738
110.89,-5.3213725562720189
110.89100000000001,-5.3232454641080604
110.892,-5.3251259612459858
110.893,-5.3270140617785771
110.89400000000001,-5.3289097797460325
110.895,-5.3308131291355991
110.896,-5.3327241238812242
110.89700000000001,-5.3346427778631718
110.898,-5.3365691049076709
110.899,-5.3385031187865497
110.90000000000001,-5.3404448332168695
110.901,-5.3423942618605658
110.902,-5.3443514183240879
110.90300000000001,-5.3463163161580365
110.904,-5.3482889688567976
110.905,-5.3502693898581892
110.90600000000001,-5.3522575925430989
110.907,-5.3542535902351265
110.908,-5.3562573962002205
110.90900000000001,-5.3582690236463257
110.91,-5.3602884857230215
110.911,-5.362315795521166
110.91200000000001,-5.3643509660725446
110.913,-5.3663940103495005
110.914,-5.3684449412645971
110.91500000000001,-5.3705037716702506
110.916,-5.3725705143583813
110.917,-5.3746451820600569
110.91800000000001,-5.3767277874451427
110.919,-5.3788183431219494
110.92,-5.3809168616368801
110.92100000000001,-5.3830233554740783
110.922,-5.385137837055078
110.923,-5.3872603187384591
110.92400000000001,-5.3893908128194923
110.925,-5.3915293315297905
110.926,-5.3936758870369683
110.92699999999999,-5.3958304914442863
110.928,-5.3979931567903154
110.929,-5.400163895048582
110.93000000000001,-5.4023427181272172
110.931,-5.4045296378686416
110.932,-5.4067246660491879
110.93299999999999,-5.4089278143787762
110.934,-5.4111390945005713
110.935,-5.4133585179906358
110.93600000000001,-5.4155860963576075
110.937,-5.4178218410423256
110.938,-5.4200657634175258
110.93899999999999,-5.4223178747874901
110.94,-5.4245781863877056
110.941,-5.4268467093845292
110.94200000000001,-5.4291234548748637
110.943,-5.4314084338858084
110.944,-5.4337016573743355
110.94499999999999,-5.4360031362269527
110.946,-5.4383128812593657
110.947,-5.440630903216169
110.94800000000001,-5.4429572127704855
110.949,-5.4452918205236589
110.95,-5.4476347370049218
110.95099999999999,-5.4499859726710564
110.952,-5.452345537906087
110.953,-5.454713443020939
110.95399999999999,-5.4570896982531174
110.955,-5.459474313766389
110.956,-5.4618672996504554
110.95699999999999,-5.4642686659206259
110.958,-5.4666784225175107
110.959,-5.4690965793066848
110.95999999999999,-5.471523146078388
110.961,-5.4739581325471853
110.962,-5.4764015483516566
110.96299999999999,-5.4788534030541012
110.964,-5.4813137061401971
110.965,-5.4837824670186919
110.96599999999999,-5.486259695021106
110.967,-5.4887453994013971
110.968,-5.4912395893356774
110.96899999999999,-5.4937422739218764
110.97,-5.4962534621794426
110.971,-5.4987731630490551
110.97199999999999,-5.5013013853922814
110.973,-5.5038381379913002
110.974,-5.5063834295485883
110.97499999999999,-5.5089372686866138
110.976,-5.5114996639475411
110.977,-5.5140706237929251
110.97799999999999,-5.5166501566034114
110.979,-5.5192382706784411
110.98,-5.5218349742359543
110.98099999999999,-5.524440275412088
110.982,-5.5270541822608852
110.983,-5.5296767027540028
110.98399999999999,-5.5323078447804175
110.985,-5.5349476161461286
110.986,-5.5375960245738707
110.98699999999999,-5.5402530777028449
110.988,-5.5429187830883908
110.989,-5.545593148201732
110.98999999999999,-5.548276180429685
110.991,-5.5509678870743624
110.992,-5.5536682753529085
110.99299999999999,-5.5563773523972007
110.994,-5.5590951252535774
110.995,-5.5618216008825669
110.996,-5.5645567861585903
110.997,-5.567300687869702
110.998,-5.5700533127173113
110.999,-5.5728146673159014
111,-5.5755847581927664
111.001,-5.5783635917877348
111.002,-5.581151174452895
111.003,-5.5839475124523439
111.004,-5.5867526119619004
111.005,-5.5895664790688553
111.006,-5.5923891197716937
111.00700000000001,-5.5952205399798398
111.008,-5.5980607455133988
111.009,-5.6009097421028908
111.01000000000001,-5.6037675353889878
111.011,-5.6066341309222736
111.012,-5.6095095341629655
111.01300000000001,-5.6123937504806811
111.014,-5.6152867851541721
111.015,-5.6181886433710666
111.01600000000001,-5.6210993302276506
111.017,-5.6240188507285804
111.018,-5.6269472097866569
111.01900000000001,-5.6298844122225784
111.02,-5.6328304627646926
111.021,-5.6357853660487613
111.02200000000001,-5.6387491266177072
111.023,-5.6417217489213787
111.024,-5.6447032373163246
111.02500000000001,-5.6476935960655421
111.026,-5.6506928293382366
111.027,-5.6537009412096211
111.02800000000001,-5.6567179356606392
111.029,-5.6597438165777731
111.03,-5.6627785877527934
111.03100000000001,-5.665822252882533
111.032,-5.6688748155686799
111.033,-5.6719362793175279
111.03400000000001,-5.6750066475397674
111.035,-5.6780859235502703
111.036,-5.6811741105678557
111.03700000000001,-5.6842712117150889
111.038,-5.6873772300180541
111.039,-5.690492168406136
111.04000000000001,-5.6936160297118281
111.041,-5.6967488166704996
111.042,-5.6998905319201931
111.04300000000001,-5.7030411780014294
111.044,-5.706200757356978
111.045,-5.709369272331676
111.04600000000001,-5.71254672517221
111.047,-5.7157331180269182
111.048,-5.7189284529456046
111.04900000000001,-5.72213273187932
111.05,-5.7253459566801759
111.051,-5.7285681291011628
111.05199999999999,-5.7317992507959357
111.053,-5.7350393233186416
111.054,-5.7382883481237208
111.05500000000001,-5.7415463265657198
111.056,-5.744813259899118
111.057,-5.7480891492781261
111.05799999999999,-5.7513739957565164
111.059,-5.7546678002874483
111.06,-5.7579705637232639
111.06100000000001,-5.7612822868153515
111.062,-5.7646029702139341
111.063,-5.7679326144679131
111.06399999999999,-5.77127122002471
111.065,-5.7746187872300681
111.066,-5.7779753163279022
111.06700000000001,-5.7813408074601469
111.068,-5.7847152606665571
111.069,-5.7880986758845836
111.06999999999999,-5.7914910529491923
111.071,-5.7948923915927004
111.072,-5.7983026914446505
111.07300000000001,-5.8017219520316239
111.074,-5.8051501727770969
111.075,-5.8085873530013075
111.07599999999999,-5.8120334919210794
111.077,-5.815488588649707
111.078,-5.8189526421967788
111.07899999999999,-5.8224256514680519
111.08,-5.8259076152653133
111.081,-5.8293985322862358
111.08199999999999,-5.8328984011242291
111.083,-5.8364072202683381
111.084,-5.8399249881030677
111.08499999999999,-5.843451702908288
111.086,-5.8469873628590783
111.087,-5.8505319660256152
111.08799999999999,-5.8540855103730465
111.089,-5.8576479937613577
111.09,-5.8612194139452587
111.09099999999999,-5.864799768574068
111.092,-5.8683890551915834
111.093,-5.8719872712359837
111.09399999999999,-5.875594414039691
111.095,-5.8792104808292827
111.096,-5.882835468725375
111.09699999999999,-5.8864693747425054
111.098,-5.8901121957890368
111.099,-5.8937639286670649
111.09999999999999,-5.8974245700722872
111.101,-5.9010941165939368
111.102,-5.9047725647146603
111.10299999999999,-5.9084599108104321
111.104,-5.9121561511504694
111.105,-5.9158612818971275
111.10599999999999,-5.9195752991058157
111.107,-5.92329819872492
111.108,-5.9270299765956977
111.10899999999999,-5.930770628452219
111.11,-5.9345201499212656
111.111,-5.9382785365222599
111.11199999999999,-5.9420457836672007
111.113,-5.9458218866605677
111.114,-5.9496068406992588
111.11499999999999,-5.9534006408725304
111.116,-5.9572032821619061
111.117,-5.961014759441138
111.11799999999999,-5.9648350674761197
111.119,-5.9686642009248327
111.12,-5.9725021543373042
111.121,-5.9763489221555126
111.122,-5.9802044987133645
111.123,-5.984068878236636
111.124,-5.9879420548429074
111.125,-5.9918240225415254
111.126,-5.9957147752335622
111.127,-5.9996143067117487
111.128,-6.0035226106604647
111.129,-6.0074396806556685
111.13,-6.0113655101648789
111.131,-6.0153000925471307
111.13200000000001,-6.0192434210529324
111.133,-6.0231954888242658
111.134,-6.0271562888945187
111.13500000000001,-6.0311258141884796
111.136,-6.0351040575223127
111.137,-6.0390910116035244
111.13800000000001,-6.0430866690309628
111.139,-6.0470910222947687
111.14,-6.0511040637763855
111.14100000000001,-6.0551257857485403
111.142,-6.0591561803752274
111.143,-6.0631952397116908
111.14400000000001,-6.0672429557044456
111.145,-6.0712993201912315
111.146,-6.0753643249010594
111.14700000000001,-6.0794379614541629
111.148,-6.0835202213620239
111.149,-6.0876110960273895
111.15000000000001,-6.0917105767442479
111.151,-6.0958186546978546
111.152,-6.0999353209647484
111.15300000000001,-6.1040605665127448
111.154,-6.1081943822009777
111.155,-6.112336758779886
111.15600000000001,-6.1164876868912579
111.157,-6.1206471570682481
111.158,-6.124815159735391
111.15900000000001,-6.1289916852086304
111.16,-6.1331767236953674
111.161,-6.1373702652944626
111.16200000000001,-6.141572299996291
111.163,-6.1457828176827665
111.164,-6.150001808127378
111.16500000000001,-6.1542292609952423
111.166,-6.1584651658431362
111.167,-6.1627095121195357
111.16800000000001,-6.1669622891646849
111.169,-6.1712234862106126
111.17,-6.1754930923812221
111.17100000000001,-6.1797710966923081
111.172,-6.1840574880516321
111.173,-6.1883522552589874
111.17400000000001,-6.1926553870062406
111.175,-6.1969668718774056
111.176,-6.2012866983487118
111.17699999999999,-6.2056148547886583
111.178,-6.2099513294581037
111.179,-6.2142961105103147
111.18000000000001,-6.2186491859910564
111.181,-6.2230105438386705
111.182,-6.2273801718841391
111.18299999999999,-6.2317580578511773
111.184,-6.2361441893563221
111.185,-6.2405385539089959
111.18600000000001,-6.2449411389116261
111.187,-6.2493519316597084
111.188,-6.2537709193419015
111.18899999999999,-6.2581980890401514
111.19,-6.2626334277297477
111.191,-6.2670769222794469
111.19200000000001,-6.2715285594515766
111.193,-6.2759883259021247
111.194,-6.2804562081808601
111.19499999999999,-6.2849321927314321
111.196,-6.2894162658914787
111.197,-6.293908413892753
111.19800000000001,-6.298408622861233
111.199,-6.302916878817225
111.2,-6.3074331676755104
111.20099999999999,-6.3119574752454426
111.202,-6.3164897872310952
111.203,-6.3210300892313658
111.20399999999999,-6.325578366740114
111.205,-6.330134605146311
111.206,-6.3346987897341442
111.20699999999999,-6.3392709056831666
111.208,-6.3438509380684458
111.209,-6.3484388718606777
111.20999999999999,-6.3530346919263678
111.211,-6.3576383830279344
111.212,-6.3622499298238839
111.21299999999999,-6.366869316868959
111.214,-6.3714965286142782
111.215,-6.3761315494074893
111.21599999999999,-6.3807743634929537
111.217,-6.3854249550118674
111.218,-6.3900833080024473
111.21899999999999,-6.3947494064000878
111.22,-6.3994232340375188
111.221,-6.4041047746449919
111.22199999999999,-6.4087940118504285
111.223,-6.4134909291796092
111.224,-6.4181955100563428
111.22499999999999,-6.4229077378026371
111.226,-6.4276275956388957
111.227,-6.4323550666840763
111.22799999999999,-6.4370901339558859
111.229,-6.4418327803709801
111.23,-6.446582988745126
111.23099999999999,-6.4513407417933966
111.232,-6.456106022130399
111.233,-6.4608788122704155
111.23399999999999,-6.4656590946276413
111.235,-6.470446851516364
111.236,-6.4752420651511695
111.23699999999999,-6.4800447176471572
111.238,-6.4848547910201244
111.239,-6.4896722671867852
111.23999999999999,-6.4944971279649995
111.241,-6.4993293550739448
111.242,-6.5041689301343748
111.24299999999999,-6.509015834668805
111.244,-6.5138700501017386
111.245,-6.5187315577599065
111.246,-6.5236003388724662
111.247,-6.5284763745712375
111.248,-6.5333596458909451
111.249,-6.5382501337694148
111.25,-6.5431478190478423
111.251,-6.5480526824710079
111.252,-6.5529647046875041
111.253,-6.5578838662500072
111.254,-6.5628101476154832
111.255,-6.5677435291454582
111.256,-6.5726839911062402
111.25700000000001,-6.5776315136691768
111.258,-6.582586076910923
111.259,-6.5875476608136587
111.26000000000001,-6.5925162452653616
111.261,-6.5974918100600739
111.262,-6.6024743348981314
111.26300000000001,-6.6074637993864549
111.264,-6.6124601830387828
111.265,-6.6174634652759625
111.26600000000001,-6.6224736254262009
111.267,-6.6274906427253377
111.268,-6.6325144963171034
111.26900000000001,-6.6375451652534299
111.27,-6.6425826284946723
111.271,-6.647626864909931
111.27200000000001,-6.6526778532773108
111.273,-6.6577355722841851
111.274,-6.662800000527529
111.27500000000001,-6.6678711165141458
111.276,-6.6729488986609926
111.277,-6.6780333252954645
111.27800000000001,-6.6831243746556641
111.279,-6.6882220248907291
111.28,-6.6933262540610965
111.28100000000001,-6.6984370401388116
111.282,-6.7035543610078374
111.283,-6.7086781944643405
111.28400000000001,-6.7138085182169931
111.285,-6.7189453098873102
111.286,-6.7240885470099006
111.28700000000001,-6.729238207032834
111.288,-6.7343942673179118
111.289,-6.739556705140993
111.29000000000001,-6.7447254976923272
111.291,-6.7499006220768365
111.292,-6.7550820553144604
111.29300000000001,-6.7602697743404772
111.294,-6.7654637560058042
111.295,-6.7706639770773513
111.29600000000001,-6.7758704142383266
111.297,-6.7810830440885717
111.298,-6.7863018431449014
111.29900000000001,-6.7915267878414145
111.3,-6.7967578545298437
111.301,-6.8019950194799019
111.30199999999999,-6.8072382588795897
111.303,-6.8124875488355645
111.304,-6.8177428653734662
111.30500000000001,-6.8230041844382541
111.306,-6.8282714818945891
111.307,-6.8335447335271287
111.30799999999999,-6.8388239150409085
111.309,-6.8441090020616979
111.31,-6.8493999701363251
111.31100000000001,-6.8546967947330639
111.312,-6.859999451241956
111.313,-6.8653079149751939
111.31399999999999,-6.8706221611674838
111.315,-6.8759421649763741
111.316,-6.8812679014826514
111.31700000000001,-6.8865993456907066
111.318,-6.891936472528867
111.319,-6.8972792568498065
111.31999999999999,-6.9026276734308851
111.321,-6.9079816969745291
111.322,-6.9133413021086252
111.32300000000001,-6.918706463386858
111.324,-6.9240771552891118
111.325,-6.9294533522218558
111.32599999999999,-6.9348350285184939
111.327,-6.9402221584397825
111.328,-6.9456147161741857
111.32899999999999,-6.9510126758382658
111.33,-6.9564160114770974
111.331,-6.9618246970646123
111.33199999999999,-6.9672387065040109
111.333,-6.9726580136281697
111.334,-6.9780825922000016
111.33499999999999,-6.9835124159128821
111.336,-6.9889474583910172
111.337,-6.9943876931898572
111.33799999999999,-6.9998330937965001
111.339,-7.0052836336300786
111.34,-7.0107392860421651
111.34099999999999,-7.0162000243171985
111.342,-7.021665821672844
111.343,-7.0271366512604558
111.34399999999999,-7.03261248616543
111.345,-7.0380932994076524
111.346,-7.0435790639419036
111.34699999999999,-7.0490697526582569
111.348,-7.0545653383824991
111.349,-7.0600657938765643
111.34999999999999,-7.0655710918389154
111.351,-7.0710812049050027
111.352,-7.0765961056476439
111.35299999999999,-7.0821157665774681
111.354,-7.0876401601433514
111.355,-7.0931692587328055
111.35599999999999,-7.0987030346724236
111.357,-7.1042414602283195
111.358,-7.1097845076065198
111.35899999999999,-7.1153321489534331
111.36,-7.1208843563562532
111.361,-7.1264411018433904
111.36199999999999,-7.1320023573849323
111.363,-7.137568094893048
111.364,-7.1431382862224311
111.36499999999999,-7.1487129031707521
111.366,-7.1542919174790729
111.367,-7.1598753008323115
111.36799999999999,-7.16546302485966
111.369,-7.1710550611350321
111.37,-7.1766513811775212
111.371,-7.182251956451827
111.372,-7.1878567583686976
111.373,-7.1934657582854058
111.374,-7.199078927506152
111.375,-7.2046962372825583
111.376,-7.210317658814084
111.377,-7.2159431632484861
111.378,-7.2215727216822909
111.379,-7.2272063051612108
111.38,-7.2328438846806371
111.381,-7.2384854311860636
111.38200000000001,-7.2441309155735585
111.383,-7.2497803086902266
111.384,-7.2554335813346462
111.38500000000001,-7.2610907042573523
111.386,-7.266751648161291
111.387,-7.2724163837022662
111.38800000000001,-7.2780848814894199
111.389,-7.2837571120856843
111.39,-7.2894330460082486
111.39100000000001,-7.2951126537290349
111.392,-7.3007959056751428
111.393,-7.3064827722293284
111.39400000000001,-7.3121732237304897
111.395,-7.3178672304740928
111.396,-7.3235647627126852
111.39700000000001,-7.3292657906563417
111.398,-7.3349702844731315
111.399,-7.3406782142896194
111.40000000000001,-7.3463895501913079
111.401,-7.352104262223115
111.402,-7.3578223203898769
111.40300000000001,-7.3635436946567836
111.404,-7.3692683549498899
111.405,-7.3749962711565651
111.40600000000001,-7.3807274131259835
111.407,-7.3864617506696071
111.408,-7.392199253561655
111.40900000000001,-7.3979398915395826
111.41,-7.4036836343045795
111.411,-7.4094304515220184
111.41200000000001,-7.4151803128219758
111.413,-7.4209331877996831
111.414,-7.4266890460160155
111.41500000000001,-7.4324478569979959
111.416,-7.4382095902392535
111.417,-7.4439742152005142
111.41800000000001,-7.4497417013101117
111.419,-7.4555120179644305
111.42,-7.4612851345284312
111.42100000000001,-7.4670610203361107
111.422,-7.4728396446909979
111.423,-7.4786209768666598
111.42400000000001,-7.4844049861071582
111.425,-7.4901916416275576
111.426,-7.4959809126144243
111.42699999999999,-7.5017727682262798
111.428,-7.5075671775941473
111.429,-7.5133641098219837
111.43000000000001,-7.5191635339872018
111.431,-7.524965419141175
111.432,-7.5307697343096969
111.43299999999999,-7.5365764484934825
111.434,-7.5423855306686942
111.435,-7.5481969497873767
111.43600000000001,-7.5540106747780058
111.437,-7.5598266745459473
111.438,-7.5656449179739536
111.43899999999999,-7.57146537392269
111.44,-7.5772880112311807
111.441,-7.583112798717341
111.44200000000001,-7.5889397051784631
111.443,-7.5947686993916932
111.444,-7.600599750114565
111.44499999999999,-7.6064328260854506
111.446,-7.6122678960240826
111.447,-7.6181049286320608
111.44800000000001,-7.6239438925933136
111.449,-7.6297847565746224
111.45,-7.6356274892261187
111.45099999999999,-7.6414720591817549
111.452,-7.6473184350598356
111.453,-7.6531665854634827
111.45399999999999,-7.6590164789811492
111.455,-7.6648680841871251
111.456,-7.6707213696420098
111.45699999999999,-7.6765763038932171
111.458,-7.6824328554755024
111.459,-7.6882909929114067
111.45999999999999,-7.6941506847118006
111.461,-7.7000118993763511
111.462,-7.7058746053940279
111.46299999999999,-7.7117387712436187
111.464,-7.717604365394191
111.465,-7.723471356305609
111.46599999999999,-7.7293397124290468
111.467,-7.7352094022074418
111.468,-7.741080394076036
111.46899999999999,-7.7469526564628381
111.47,-7.7528261577891371
111.471,-7.7587008664700026
111.47199999999999,-7.7645767509147685
111.473,-7.7704537795275161
111.474,-7.7763319207076176
111.47499999999999,-7.7822111428501763
111.476,-7.7880914143465585
111.477,-7.7939727035848563
111.47799999999999,-7.7998549789504139
111.479,-7.8057382088263143
111.48,-7.8116223615938534
111.48099999999999,-7.8175074056330445
111.482,-7.8233933093231283
111.483,-7.8292800410430363
111.48399999999999,-7.8351675691719134
111.485,-7.8410558620895774
111.486,-7.8469448881770347
111.48699999999999,-7.8528346158169722
111.488,-7.8587250133942312
111.489,-7.8646160492963002
111.48999999999999,-7.870507691913831
111.491,-7.8763999096410906
111.492,-7.8822926708764882
111.49299999999999,-7.8881859440230233
111.494,-7.8940796974887988
111.495,-7.8999738996875202
111.496,-7.9058685190389504
111.497,-7.9117635239694142
111.498,-7.9176588829122938
111.499,-7.9235545643084837
111.5,-7.9294505366069146
111.501,-7.9353467682650063
111.502,-7.9412432277491583
111.503,-7.9471398835352538
111.504,-7.9530367041091026
111.505,-7.9589336579669681
111.506,-7.9648307136160064
111.50700000000001,-7.9707278395747725
111.508,-7.9766250043736999
111.509,-7.9825221765555643
111.51000000000001,-7.9884193246759647
111.511,-7.9943164173038213
111.512,-8.0002134230218171
111.51300000000001,-8.0061103104269211
111.514,-8.0120070481308119
111.515,-8.0179036047603738
111.51600000000001,-8.0237999489581977
111.517,-8.0296960493830039
111.518,-8.0355918747101462
111.51900000000001,-8.0414873936320852
111.52,-8.0473825748588279
111.521,-8.0532773871184418
111.52200000000001,-8.0591717991574807
111.523,-8.0650657797414702
111.524,-8.0709592976553921
111.52500000000001,-8.0768523217041199
111.526,-8.0827448207128825
111.527,-8.0886367635277754
111.52800000000001,-8.0945281190161555
111.529,-8.1004188560671615
111.53,-8.1063089435921398
111.53100000000001,-8.112198350525107
111.532,-8.1180870458232324
111.533,-8.1239749984672649
111.53400000000001,-8.1298621774620106
111.535,-8.1357485518367874
111.536,-8.1416340906458569
111.53700000000001,-8.1475187629689234
111.538,-8.1534025379115285
111.539,-8.1592853846055426
111.54000000000001,-8.1651672722096116
111.541,-8.1710481699095912
111.542,-8.1769280469189933
111.54300000000001,-8.1828068724794605
111.544,-8.1886846158611721
111.545,-8.1945612463633299
111.54600000000001,-8.2004367333145556
111.547,-8.2063110460733721
111.548,-8.2121841540286269
111.54900000000001,-8.2180560265999265
111.55,-8.2239266332380829
111.551,-8.229795943425561
111.55199999999999,-8.2356639266768763
111.553,-8.2415305525390838
111.554,-8.2473957905921669
111.55500000000001,-8.2532596104494687
111.556,-8.2591219817581703
111.557,-8.2649828741996618
111.55799999999999,-8.2708422574899974
111.559,-8.276700101380337
111.56,-8.2825563756573253
111.56100000000001,-8.2884110501435693
111.562,-8.2942640946980184
111.563,-8.300115479216398
111.56399999999999,-8.3059651736316482
111.565,-8.3118131479143127
111.566,-8.3176593720729581
111.56700000000001,-8.32350381615462
111.568,-8.3293464502451755
111.569,-8.3351872444697879
111.56999999999999,-8.3410261689932881
111.571,-8.3468631940206048
111.572,-8.3526982897971713
111.57300000000001,-8.3585314266093178
111.574,-8.3643625747846837
111.575,-8.3701917046926209
111.57599999999999,-8.3760187867445914
111.577,-8.38184379139458
111.578,-8.3876666891394667
111.57899999999999,-8.3934874505194408
111.58,-8.3993060461184026
111.581,-8.4051224465643397
111.58199999999999,-8.410936622529718
111.583,-8.4167485447318988
111.584,-8.4225581839334804
111.58499999999999,-8.4283655109427436
111.586,-8.4341704966139766
111.587,-8.4399731118478947
111.58799999999999,-8.4457733275920255
111.589,-8.4515711148410571
111.59,-8.4573664446372412
111.59099999999999,-8.4631592880707736
111.592,-8.4689496162801507
111.593,-8.4747374004525486
111.59399999999999,-8.4805226118242043
111.595,-8.4863052216807588
111.596,-8.4920852013576695
111.59699999999999,-8.4978625222405277
111.598,-8.5036371557654444
111.599,-8.5094090734194285
111.59999999999999,-8.5151782467407102
111.601,-8.5209446473191353
111.602,-8.5267082467965043
111.60299999999999,-8.5324690168669104
111.604,-8.538226929277144
111.605,-8.5439819558269807
111.60599999999999,-8.5497340683695722
111.607,-8.5554832388117941
111.608,-8.5612294391145571
111.60899999999999,-8.5669726412931926
111.61,-8.5727128174177629
111.611,-8.578449939613412
111.61199999999999,-8.5841839800607147
111.613,-8.58991491099599
111.614,-8.5956427047116506
111.61499999999999,-8.6013673335565368
111.616,-8.6070887699362242
111.617,-8.6128069863133909
111.61799999999999,-8.618521955208104
111.619,-8.6242336491981533
111.62,-8.6299420409194099
111.621,-8.6356471030660824
111.622,-8.6413488083910845
111.623,-8.6470471297063458
111.624,-8.652742039883087
111.625,-8.6584335118521896
111.626,-8.6641215186044587
111.627,-8.6698060331909446
111.628,-8.6754870287232713
111.629,-8.6811644783738977
111.63,-8.6868383553764641
111.631,-8.692508633026053
111.63200000000001,-8.6981752846795022
111.633,-8.7038382837557258
111.634,-8.7094976037359508
111.63500000000001,-8.715153218164053
111.636,-8.7208051006468406
111.637,-8.726453224854323
111.63800000000001,-8.7320975645200125
111.639,-8.7377380934411981
111.64,-8.743374785479217
111.64100000000001,-8.7490076145597673
111.642,-8.7546365546731355
111.643,-8.7602615798745092
111.64400000000001,-8.7658826642842325
111.645,-8.7714997820880729
111.646,-8.7771129075375054
111.64700000000001,-8.7827220149499521
111.648,-8.7883270787090613
111.649,-8.7939280732649756
111.65000000000001,-8.7995249731345737
111.651,-8.8051177529017242
111.652,-8.8107063872175697
111.65300000000001,-8.8162908508007352
111.654,-8.8218711184376239
111.655,-8.8274471649826172
111.65600000000001,-8.8330189653583577
111.657,-8.8385864945559796
111.658,-8.8441497276353367
111.65900000000001,-8.8497086397252573
111.66,-8.8552632060237819
111.661,-8.8608134017983726
111.66200000000001,-8.8663592023861817
111.663,-8.871900583194245
111.664,-8.8774375196997291
111.66500000000001,-8.8829699874501582
111.666,-8.8884979620636226
111.667,-8.8940214192289986
111.66800000000001,-8.8995403347061934
111.669,-8.9050546843263216
111.67,-8.9105644439919551
111.67100000000001,-8.9160695896772992
111.672,-8.9215700974284218
111.673,-8.927065943363468
111.67400000000001,-8.9325571036728366
111.675,-8.9380435546193997
111.676,-8.9435252725387109
111.67699999999999,-8.9490022338391704
111.678,-8.9544744150022595
111.679,-8.959941792582697
111.68000000000001,-8.965404343208645
111.681,-8.9708620435819082
111.682,-8.9763148704780917
111.68299999999999,-8.9817628007468002
111.684,-8.9872058113118314
111.685,-8.9926438791713146
111.68600000000001,-8.9980769813979329
111.687,-9.0035050951390652
111.688,-9.0089281976169531
111.68899999999999,-9.0143462661289053
111.69,-9.0197592780474274
111.691,-9.025167210820392
111.69200000000001,-9.0305700419712256
111.693,-9.0359677490990293
111.694,-9.0413603098787725
111.69499999999999,-9.0467477020614115
111.696,-9.0521299034740661
111.697,-9.0575068920201716
111.69800000000001,-9.0628786456796
111.699,-9.0682451425088253
111.7,-9.0736063606410706
111.70099999999999,-9.0789622782864203
111.702,-9.0843128737319958
111.703,-9.0896581253420532
111.70399999999999,-9.0949980115581361
111.705,-9.100332510899209
111.706,-9.1056616019617742
111.70699999999999,-9.110985263419991
111.708,-9.116303474025834
111.709,-9.12161621260916
111.70999999999999,-9.1269234580778722
111.711,-9.1322251894180155
111.712,-9.1375213856938817
111.71299999999999,-9.1428120260481496
111.714,-9.1480970897019578
111.715,-9.1533765559550346
111.71599999999999,-9.158650404185801
111.717,-9.1639186138514539
111.718,-9.1691811644880943
111.71899999999999,-9.1744380357107858
111.72,-9.1796892072136771
111.721,-9.1849346587700982
111.72199999999999,-9.1901743702326186
111.723,-9.1954083215331561
111.724,-9.2006364926830742
111.72499999999999,-9.2058588637732264
111.726,-9.2110754149740721
111.727,-9.2162861265357279
111.72799999999999,-9.2214909787880579
111.729,-9.2266899521407435
111.73,-9.2318830270833487
111.73099999999999,-9.2370701841853844
111.732,-9.2422514040963879
111.733,-9.2474266675459713
111.73399999999999,-9.2525959553438977
111.735,-9.2577592483801165
111.736,-9.2629165276248262
111.73699999999999,-9.2680677741285571
111.738,-9.2732129690221772
111.739,-9.278352093516963
111.73999999999999,-9.2834851289046565
111.741,-9.2886120565574792
111.742,-9.2937328579282106
111.74299999999999,-9.2988475145501894
111.744,-9.3039560080373658
111.745,-9.3090583200843611
111.746,-9.3141544324664469
111.747,-9.3192443270396215
111.748,-9.3243279857406129
111.749,-9.3294053905869081
111.75,-9.3344765236767842
111.751,-9.3395413671893159
111.752,-9.3445999033843883
111.753,-9.3496521146027476
111.754,-9.3546979832659574
111.755,-9.3597374918764711
111.756,-9.3647706230175878
111.75700000000001,-9.3697973593534822
111.758,-9.3748176836292192
111.759,-9.3798315786707374
111.76000000000001,-9.3848390273848405
111.761,-9.3898400127592208
111.762,-9.3948345178624297
111.76300000000001,-9.3998225258438932
111.764,-9.4048040199338665
111.765,-9.4097789834434593
111.76600000000001,-9.4147473997646021
111.767,-9.419709252370021
111.768,-9.4246645248132346
111.76900000000001,-9.4296132007285394
111.77,-9.4345552638309425
111.771,-9.4394906979161934
111.77200000000001,-9.4444194868607187
111.773,-9.4493416146215896
111.774,-9.4542570652365203
111.77500000000001,-9.45916582282379
111.776,-9.4640678715822375
111.777,-9.4689631957912166
111.77800000000001,-9.4738517798105324
111.779,-9.4787336080804412
111.78,-9.4836086651215474
111.78100000000001,-9.4884769355347878
111.782,-9.4933384040013991
111.783,-9.4981930552828207
111.78400000000001,-9.503040874220666
111.785,-9.5078818457366623
111.786,-9.5127159548325846
111.78700000000001,-9.5175431865902134
111.788,-9.5223635261712314
111.789,-9.5271769588171935
111.79000000000001,-9.5319834698494521
111.791,-9.5367830446690753
111.792,-9.5415756687567672
111.79300000000001,-9.5463613276728321
111.794,-9.5511400070570431
111.795,-9.5559116926286194
111.79600000000001,-9.5606763701860906
111.797,-9.565434025607253
111.798,-9.5701846448490731
111.79900000000001,-9.574928213947592
111.8,-9.5796647190178383
111.801,-9.5843941462537536
111.80199999999999,-9.5891164819280696
111.803,-9.5938317123922392
111.804,-9.598539824076326
111.80500000000001,-9.6032408034888928
111.806,-9.6079346372169407
111.807,-9.6126213119257411
111.80799999999999,-9.6173008143587939
111.809,-9.6219731313376791
111.81,-9.6266382497619549
111.81100000000001,-9.6312961566090642
111.812,-9.6359468389341956
111.813,-9.6405902838701731
111.81399999999999,-9.6452264786273592
111.815,-9.6498554104934993
111.816,-9.6544770668336284
111.81700000000001,-9.6590914350899393
111.818,-9.6636985027816529
111.819,-9.6682982575048975
111.81999999999999,-9.6728906869325595
111.821,-9.6774757788141823
111.822,-9.6820535209758098
111.82300000000001,-9.6866239013198623
111.824,-9.6911869078249833
111.825,-9.6957425285459315
111.82599999999999,-9.7002907516133963
111.827,-9.7048315652339046
111.828,-9.7093649576896333
111.82899999999999,-9.7138909173382739
111.83,-9.718409432612912
111.831,-9.7229204920218333
111.83199999999999,-9.7274240841483994
111.833,-9.73192019765089
111.834,-9.7364088212623425
111.83499999999999,-9.740889943790398
111.836,-9.7453635541171373
111.837,-9.7498296411989145
111.83799999999999,-9.7542881940662234
111.839,-9.7587392018234951
111.84,-9.763182653648947
111.84099999999999,-9.7676185387944301
111.842,-9.7720468465852299
111.843,-9.7764675664199245
111.84399999999999,-9.7808806877701837
111.845,-9.7852862001806127
111.846,-9.789684093268578
111.84699999999999,-9.7940743567240087
111.848,-9.7984569803092381
111.849,-9.8028319538588153
111.84999999999999,-9.8071992672793034
111.851,-9.8115589105491416
111.852,-9.8159108737183978
111.85299999999999,-9.8202551469086306
111.854,-9.8245917203126769
111.855,-9.8289205841944618
111.85599999999999,-9.8332417288888081
111.857,-9.8375551448012502
111.858,-9.8418608224078188
111.85899999999999,-9.8461587522548673
111.86,-9.8504489249588545
111.861,-9.8547313312061462
111.86199999999999,-9.8590059617528336
111.863,-9.863272807424492
111.864,-9.8675318591160117
111.86499999999999,-9.8717831077913853
111.866,-9.8760265444834712
111.867,-9.8802621602938263
111.86799999999999,-9.8844899463924634
111.869,-9.8887098940176479
111.87,-9.8929219944756976
111.871,-9.89712623914075
111.872,-9.9013226194545503
111.873,-9.9055111269262461
111.874,-9.9096917531321456
111.875,-9.9138644897155253
111.876,-9.9180293283863818
111.877,-9.9221862609212224
111.878,-9.9263352791628421
111.879,-9.9304763750200831
111.88,-9.9346095404676475
111.881,-9.9387347675458084
111.88200000000001,-9.942852048360221
111.883,-9.9469613750817025
111.884,-9.9510627399459572
111.88500000000001,-9.9551561352533806
111.886,-9.959241553368809
111.887,-9.9633189867212817
111.88800000000001,-9.9673884278038205
111.889,-9.971449869173167
111.89,-9.9755033034495622
111.89100000000001,-9.9795487233165066
111.892,-9.9835861215205064
111.893,-9.9876154908708248
111.89400000000001,-9.9916368242392828
111.895,-9.9956501145599486
111.896,-9.9996553548289544
111.89700000000001,-10.003652538104193
111.898,-10.007641657505117
111.899,-10.011622706212465
111.90000000000001,-10.015595677468012
111.901,-10.01956056457432
111.902,-10.023517360894511
111.90300000000001,-10.027466059851957
111.904,-10.031406654930088
111.905,-10.035339139672097
111.90600000000001,-10.039263507680692
111.907,-10.043179752617856
111.908,-10.047087868204567
111.90900000000001,-10.050987848220549
111.91,-10.054879686504009
111.911,-10.058763376951386
111.91200000000001,-10.062638913517075
111.913,-10.066506290213178
111.914,-10.070365501109224
111.91500000000001,-10.07421654033193
111.916,-10.078059402064904
111.917,-10.081894080548409
111.91800000000001,-10.085720570079081
111.919,-10.089538865009661
111.92,-10.093348959748736
111.92100000000001,-10.097150848760457
111.922,-10.10094452656428
111.923,-10.1047299877347
111.92400000000001,-10.10850722690096
111.925,-10.112276238746789
111.926,-10.11603701801015
111.92699999999999,-10.119789559482934
111.928,-10.123533858010703
111.929,-10.127269908492417
111.93000000000001,-10.130997705880148
111.931,-10.13471724517882
111.932,-10.138428521445922
111.93299999999999,-10.142131529791218
111.934,-10.145826265376511
111.935,-10.149512723415311
111.93600000000001,-10.153190899172607
111.937,-10.156860787964545
111.938,-10.160522385158176
111.93899999999999,-10.164175686171168
111.94,-10.16782068647152
111.941,-10.171457381577286
111.94200000000001,-10.175085767056292
111.943,-10.178705838525854
111.944,-10.182317591652494
111.94499999999999,-10.185921022151659
111.946,-10.189516125787437
111.947,-10.193102898372267
111.94800000000001,-10.196681335766664
111.949,-10.200251433878931
111.95,-10.203813188664869
111.95099999999999,-10.207366596127496
111.952,-10.210911652316765
111.953,-10.214448353329269
111.95399999999999,-10.217976695307955
111.955,-10.221496674441854
111.956,-10.225008286965766
111.95699999999999,-10.228511529159993
111.958,-10.232006397350052
111.959,-10.235492887906371
111.95999999999999,-10.238970997244024
111.961,-10.242440721822415
111.962,-10.245902058145012
111.96299999999999,-10.249355002759053
111.964,-10.252799552255244
111.965,-10.256235703267491
111.96599999999999,-10.259663452472605
111.967,-10.263082796589984
111.968,-10.266493732381377
111.96899999999999,-10.269896256650544
111.97,-10.273290366242998
111.971,-10.2766760580457
111.97199999999999,-10.280053328986776
111.973,-10.283422176035215
111.974,-10.286782596200609
111.97499999999999,-10.290134586532826
111.976,-10.293478144121746
111.977,-10.296813266096953
111.97799999999999,-10.300139949627459
111.979,-10.303458191921411
111.98,-10.306767990225801
111.98099999999999,-10.310069341826162
111.982,-10.313362244046305
111.983,-10.316646694248005
111.98399999999999,-10.319922689830728
111.985,-10.323190228231333
111.986,-10.326449306923775
111.98699999999999,-10.329699923418838
111.988,-10.332942075263826
111.989,-10.336175760042281
111.98999999999999,-10.339400975373696
111.991,-10.342617718913221
111.992,-10.345825988351384
111.99299999999999,-10.34902578141379
111.994,-10.352217095860844
111.995,-10.355399929487453
111.996,-10.358574280122756
111.997,-10.361740145629808
111.998,-10.364897523905331
111.999,-10.368046412879387
112,-10.371186810515129
112.001,-10.374318714808481
112.002,-10.377442123787878
112.003,-10.380557035513966
112.004,-10.383663448079325
112.005,-10.386761359608181
112.006,-10.389850768256119
112.00700000000001,-10.392931672209803
112.008,-10.396004069686695
112.009,-10.399067958934763
112.01000000000001,-10.402123338232206
112.011,-10.405170205887172
112.012,-10.408208560237465
112.01300000000001,-10.411238399650284
112.014,-10.414259722521921
112.015,-10.417272527277492
112.01600000000001,-10.420276812370661
112.017,-10.423272576283344
112.018,-10.42625981752545
112.01900000000001,-10.429238534634592
112.02,-10.432208726175809
112.021,-10.435170390741295
112.02200000000001,-10.438123526950111
112.023,-10.441068133447921
112.024,-10.444004208906714
112.02500000000001,-10.446931752024522
112.026,-10.449850761525155
112.027,-10.452761236157924
112.02800000000001,-10.455663174697358
112.029,-10.458556575942961
112.03,-10.461441438718898
112.03100000000001,-10.464317761873765
112.032,-10.467185544280296
112.033,-10.470044784835089
112.03400000000001,-10.472895482458361
112.035,-10.475737636093656
112.036,-10.478571244707592
112.03700000000001,-10.481396307289589
112.038,-10.484212822851603
112.039,-10.487020790427865
112.04000000000001,-10.489820209074614
112.041,-10.492611077869832
112.042,-10.495393395912981
112.04300000000001,-10.498167162324751
112.044,-10.500932376246784
112.045,-10.503689036841431
112.04600000000001,-10.506437143291475
112.047,-10.509176694799876
112.048,-10.511907690589538
112.04900000000001,-10.514630129903018
112.05,-10.517344012002285
112.051,-10.520049336168478
112.05199999999999,-10.522746101701628
112.053,-10.525434307920419
112.054,-10.528113954161945
112.05500000000001,-10.53078503978143
112.056,-10.533447564152011
112.057,-10.536101526664471
112.05799999999999,-10.538746926726985
112.059,-10.541383763764896
112.06,-10.544012037220442
112.06100000000001,-10.546631746552537
112.062,-10.549242891236503
112.063,-10.551845470763837
112.06399999999999,-10.554439484641984
112.065,-10.557024932394066
112.066,-10.559601813558666
112.06700000000001,-10.562170127689582
112.068,-10.564729874355585
112.069,-10.567281053140194
112.06999999999999,-10.569823663641424
112.071,-10.572357705471561
112.072,-10.574883178256933
112.07300000000001,-10.577400081637675
112.074,-10.579908415267491
112.075,-10.582408178813433
112.07599999999999,-10.584899371955668
112.077,-10.58738199438725
112.078,-10.589856045813901
112.07899999999999,-10.592321525953768
112.08,-10.594778434537231
112.081,-10.597226771306637
112.08199999999999,-10.599666536016123
112.083,-10.602097728431366
112.084,-10.60452034832937
112.08499999999999,-10.606934395498262
112.086,-10.609339869737063
112.087,-10.611736770855453
112.08799999999999,-10.614125098673615
112.089,-10.616504853021961
112.09,-10.618876033740952
112.09099999999999,-10.621238640680883
112.092,-10.623592673701676
112.093,-10.625938132672667
112.09399999999999,-10.628275017472397
112.095,-10.630603327988423
112.096,-10.632923064117099
112.09699999999999,-10.635234225763382
112.098,-10.63753681284062
112.099,-10.63983082527038
112.09999999999999,-10.642116262982203
112.101,-10.644393125913462
112.102,-10.646661414009129
112.10299999999999,-10.648921127221588
112.104,-10.651172265510453
112.105,-10.653414828842378
112.10599999999999,-10.655648817190839
112.107,-10.657874230535993
112.108,-10.660091068864441
112.10899999999999,-10.66229933216909
112.11,-10.664499020448925
112.111,-10.66669013370886
112.11199999999999,-10.668872671959541
112.113,-10.671046635217174
112.114,-10.673212023503332
112.11499999999999,-10.675368836844806
112.116,-10.6775170752734
112.117,-10.679656738825777
112.11799999999999,-10.681787827543276
112.119,-10.683910341471751
112.12,-10.686024280661394
112.121,-10.688129645166574
112.122,-10.690226435045659
112.123,-10.692314650360871
112.124,-10.694394291178103
112.125,-10.696465357566771
112.126,-10.69852784959965
112.127,-10.700581767352709
112.128,-10.702627110904972
112.129,-10.704663880338336
112.13,-10.706692075737447
112.131,-10.708711697189525
112.13200000000001,-10.710722744784222
112.133,-10.71272521861348
112.134,-10.714719118771368
112.13500000000001,-10.716704445353949
112.136,-10.718681198459141
112.137,-10.720649378186545
112.13800000000001,-10.722608984637345
112.139,-10.724560017914134
112.14,-10.726502478120798
112.14100000000001,-10.728436365362375
112.142,-10.73036167974491
112.143,-10.732278421375335
112.14400000000001,-10.734186590361332
112.145,-10.736086186811214
112.146,-10.737977210833773
112.14700000000001,-10.739859662538178
112.148,-10.74173354203384
112.149,-10.74359884943029
112.15000000000001,-10.74545558483706
112.151,-10.747303748363558
112.152,-10.749143340118961
112.15300000000001,-10.75097436021208
112.154,-10.752796808751274
112.155,-10.754610685844304
112.15600000000001,-10.756415991598249
112.157,-10.758212726119387
112.158,-10.760000889513078
112.15900000000001,-10.761780481883669
112.16,-10.763551503334391
112.161,-10.765313953967253
112.16200000000001,-10.767067833882939
112.163,-10.768813143180699
112.164,-10.770549881958287
112.16500000000001,-10.77227805031181
112.166,-10.773997648335696
112.167,-10.775708676122548
112.16800000000001,-10.777411133763094
112.169,-10.779105021346057
112.17,-10.780790338958118
112.17100000000001,-10.782467086683784
112.172,-10.784135264605323
112.173,-10.785794872802711
112.17400000000001,-10.787445911353482
112.175,-10.789088380332716
112.176,-10.790722279812945
112.17699999999999,-10.79234760986405
112.178,-10.793964370553223
112.179,-10.795572561944867
112.18000000000001,-10.797172184100555
112.181,-10.798763237078946
112.182,-10.800345720935704
112.18299999999999,-10.801919635723467
112.184,-10.803484981491756
112.185,-10.805041758286928
112.18600000000001,-10.806589966152119
112.187,-10.808129605127174
112.188,-10.809660675248596
112.18899999999999,-10.811183176549505
112.19,-10.812697109059563
112.191,-10.814202472804942
112.19200000000001,-10.815699267808274
112.193,-10.817187494088586
112.194,-10.818667151661282
112.19499999999999,-10.820138240538077
112.196,-10.821600760726966
112.197,-10.823054712232187
112.19800000000001,-10.824500095054162
112.199,-10.825936909189505
112.2,-10.827365154630931
112.20099999999999,-10.828784831367269
112.202,-10.830195939383406
112.203,-10.831598478660267
112.20399999999999,-10.832992449174785
112.205,-10.83437785089988
112.206,-10.835754683804423
112.20699999999999,-10.837122947853228
112.208,-10.838482643007026
112.209,-10.839833769222437
112.20999999999999,-10.841176326451979
112.211,-10.842510314644013
112.212,-10.843835733742768
112.21299999999999,-10.845152583688312
112.214,-10.846460864416537
112.215,-10.847760575859157
112.21599999999999,-10.849051717943711
112.217,-10.850334290593539
112.218,-10.851608293727798
112.21899999999999,-10.85287372726145
112.22,-10.854130591105255
112.221,-10.855378885165798
112.22199999999999,-10.856618609345473
112.223,-10.857849763542484
112.224,-10.859072347650876
112.22499999999999,-10.860286361560531
112.226,-10.861491805157163
112.227,-10.862688678322366
112.22799999999999,-10.863876980933595
112.229,-10.865056712864204
112.23,-10.866227873983457
112.23099999999999,-10.867390464156538
112.232,-10.868544483244595
112.233,-10.869689931104736
112.23399999999999,-10.870826807590078
112.235,-10.871955112549751
112.236,-10.873074845828956
112.23699999999999,-10.874186007268959
112.238,-10.875288596707151
112.239,-10.87638261397707
112.23999999999999,-10.87746805890843
112.241,-10.878544931327175
112.242,-10.879613231055501
112.24299999999999,-10.880672957911909
112.244,-10.881724111711224
112.245,-10.88276669226468
112.246,-10.883800699379918
112.247,-10.884826132861065
112.248,-10.885842992508771
112.249,-10.886851278120259
112.25,-10.887850989489383
112.251,-10.888842126406669
112.252,-10.889824688659385
112.253,-10.890798676031586
112.254,-10.891764088304184
112.255,-10.892720925254993
112.256,-10.893669186658801
112.25700000000001,-10.894608872287439
112.258,-10.895539981909831
112.259,-10.89646251529207
112.26000000000001,-10.897376472197484
112.261,-10.898281852386708
112.262,-10.899178655617749
112.26300000000001,-10.900066881646074
112.264,-10.900946530224662
112.265,-10.901817601104097
112.26600000000001,-10.902680094032648
112.267,-10.903534008756338
112.268,-10.904379345019024
112.26900000000001,-10.905216102562484
112.27,-10.906044281126512
112.271,-10.90686388044899
112.27200000000001,-10.907674900265969
112.273,-10.908477340311778
112.274,-10.909271200319106
112.27500000000001,-10.910056480019076
112.276,-10.910833179141374
112.277,-10.911601297414311
112.27800000000001,-10.912360834564939
112.279,-10.913111790319142
112.28,-10.913854164401734
112.28100000000001,-10.914587956536559
112.282,-10.915313166446611
112.283,-10.916029793854113
112.28400000000001,-10.91673783848063
112.285,-10.917437300047192
112.286,-10.91812817827438
112.28700000000001,-10.91881047288245
112.288,-10.919484183591441
112.289,-10.920149310121282
112.29000000000001,-10.920805852191924
112.291,-10.921453809523429
112.292,-10.922093181836111
112.29300000000001,-10.92272396885064
112.294,-10.923346170288175
112.295,-10.923959785870469
112.29600000000001,-10.924564815320005
112.297,-10.925161258360117
112.298,-10.925749114715106
112.29900000000001,-10.926328384110397
112.3,-10.92689906627262
112.301,-10.927461160929781
112.30199999999999,-10.928014667811375
112.303,-10.928559586648523
112.304,-10.929095917174106
112.30500000000001,-10.929623659122891
112.306,-10.930142812231683
112.307,-10.930653376239452
112.30799999999999,-10.931155350887478
112.309,-10.931648735919486
112.31,-10.932133531081796
112.31100000000001,-10.93260973612345
112.312,-10.933077350796379
112.313,-10.933536374855532
112.31399999999999,-10.93398680805903
112.315,-10.934428650168302
112.316,-10.934861900948269
112.31700000000001,-10.935286560167443
112.318,-10.93570262759812
112.319,-10.936110103016521
112.31999999999999,-10.936508986202941
112.321,-10.93689927694191
112.322,-10.937280975022349
112.32300000000001,-10.937654080237724
112.324,-10.938018592386213
112.325,-10.938374511270865
112.32599999999999,-10.938721836699756
112.327,-10.939060568486145
112.328,-10.939390706448661
112.32899999999999,-10.939712250411452
112.33,-10.940025200204348
112.331,-10.940329555663043
112.33199999999999,-10.940625316629243
112.333,-10.940912482950861
112.334,-10.941191054482159
112.33499999999999,-10.941461031083945
112.336,-10.941722412623733
112.337,-10.941975198975916
112.33799999999999,-10.942219390021952
112.339,-10.942454985650523
112.34,-10.942681985757726
112.34099999999999,-10.942900390247248
112.342,-10.943110199030539
112.343,-10.943311412027002
112.34399999999999,-10.943504029164165
112.345,-10.943688050377869
112.346,-10.943863475612451
112.34699999999999,-10.944030304820924
112.348,-10.944188537965161
112.349,-10.944338175016096
112.34999999999999,-10.944479215953885
112.351,-10.944611660768119
112.352,-10.944735509458001
112.35299999999999,-10.944850762032537
112.354,-10.944957418510727
112.355,-10.945055478921756
112.35599999999999,-10.945144943305182
112.357,-10.945225811711147
112.358,-10.945298084200552
112.35899999999999,-10.945361760845257
112.36,-10.945416841728283
112.361,-10.945463326944004
112.36199999999999,-10.945501216598347
112.363,-10.94553051080899
112.364,-10.945551209705554
112.36499999999999,-10.945563313429817
112.366,-10.945566822135909
112.367,-10.945561735990504
112.36799999999999,-10.94554805517304
112.369,-10.945525779875908
112.37,-10.945494910304658
112.371,-10.945455446678219
112.372,-10.945407389229077
112.373,-10.945350738203505
112.374,-10.945285493861762
112.375,-10.945211656478303
112.376,-10.945129226341971
112.377,-10.945038203756233
112.378,-10.944938589039371
112.379,-10.944830382524694
112.38,-10.944713584560757
112.381,-10.944588195511567
112.38200000000001,-10.944454215756792
112.383,-10.944311645691982
112.384,-10.944160485728771
112.38500000000001,-10.944000736295115
112.386,-10.943832397835466
112.387,-10.943655470811031
112.38800000000001,-10.943469955699955
112.389,-10.943275852997553
112.39,-10.943073163216534
112.39100000000001,-10.942861886887188
112.392,-10.942642024557639
112.393,-10.94241357679404
112.39400000000001,-10.942176544180814
112.395,-10.941930927320838
112.396,-10.941676726835698
112.39700000000001,-10.941413943365898
112.398,-10.941142577571068
112.399,-10.940862630130198
112.40000000000001,-10.940574101741861
112.401,-10.940276993124433
112.402,-10.939971305016304
112.40300000000001,-10.939657038176115
112.404,-10.93933419338298
112.405,-10.9390027714367
112.40600000000001,-10.938662773157995
112.407,-10.93831419938873
112.408,-10.937957050992125
112.40900000000001,-10.937591328853003
112.41,-10.937217033878001
112.411,-10.936834166995787
112.41200000000001,-10.936442729157307
112.413,-10.936042721335998
112.414,-10.935634144528015
112.41500000000001,-10.935216999752461
112.416,-10.934791288051612
112.417,-10.934357010491148
112.41800000000001,-10.933914168160372
112.419,-10.93346276217245
112.42,-10.933002793664619
112.42100000000001,-10.932534263798445
112.422,-10.932057173760022
112.423,-10.931571524760212
112.42400000000001,-10.931077318034879
112.425,-10.93057455484511
112.426,-10.93006323647745
112.42699999999999,-10.929543364244122
112.428,-10.929014939483265
112.429,-10.928477963559155
112.43000000000001,-10.927932437862449
112.431,-10.927378363810391
112.432,-10.926815742847067
112.43299999999999,-10.926244576443612
112.434,-10.925664866098455
112.435,-10.925076613337543
112.43600000000001,-10.924479819714568
112.437,-10.923874486811204
112.438,-10.92326061623733
112.43899999999999,-10.922638209631259
112.44,-10.922007268659975
112.441,-10.921367795019352
112.44200000000001,-10.920719790434388
112.443,-10.920063256659452
112.444,-10.919398195478475
112.44499999999999,-10.918724608705213
112.446,-10.918042498183469
112.447,-10.917351865787305
112.44800000000001,-10.916652713421291
112.449,-10.915945043020729
112.45,-10.915228856551876
112.45099999999999,-10.914504156012173
112.452,-10.913770943430485
112.453,-10.913029220867308
112.45399999999999,-10.912278990415023
112.455,-10.911520254198106
112.456,-10.910753014373354
112.45699999999999,-10.909977273130126
112.458,-10.909193032690563
112.459,-10.908400295309818
112.45999999999999,-10.907599063276267
112.461,-10.906789338911759
112.462,-10.905971124571836
112.46299999999999,-10.905144422645947
112.464,-10.904309235557685
112.465,-10.903465565765005
112.46599999999999,-10.902613415760456
112.467,-10.901752788071411
112.468,-10.900883685260263
112.46899999999999,-10.900006109924693
112.47,-10.899120064697854
112.471,-10.898225552248617
112.47199999999999,-10.897322575281789
112.473,-10.896411136538326
112.474,-10.895491238795577
112.47499999999999,-10.894562884867478
112.476,-10.893626077604795
112.477,-10.892680819895338
112.47799999999999,-10.891727114664182
112.479,-10.890764964873885
112.48,-10.889794373524699
112.48099999999999,-10.888815343654818
112.482,-10.887827878340563
112.483,-10.886831980696616
112.48399999999999,-10.885827653876241
112.485,-10.884814901071497
112.486,-10.883793725513451
112.48699999999999,-10.882764130472392
112.488,-10.881726119258062
112.489,-10.880679695219856
112.48999999999999,-10.879624861747036
112.491,-10.878561622268956
112.492,-10.877489980255266
112.49299999999999,-10.876409939216126
112.494,-10.875321502702429
112.495,-10.874224674305982
112.496,-10.873119457659758
112.497,-10.872005856438076
112.498,-10.870883874356823
112.499,-10.869753515173654
112.5,-10.86861478268821
112.501,-10.867467680742321
112.502,-10.866312213220215
112.503,-10.865148384048716
112.504,-10.863976197197458
112.505,-10.862795656679088
112.506,-10.861606766549466
112.50700000000001,-10.860409530907873
112.508,-10.859203953897207
112.509,-10.857990039704191
112.51000000000001,-10.856767792559571
112.511,-10.855537216738316
112.512,-10.854298316559811
112.51300000000001,-10.853051096388077
112.514,-10.851795560631935
112.515,-10.850531713745236
112.51600000000001,-10.849259560227027
112.517,-10.847979104621773
112.518,-10.846690351519539
112.51900000000001,-10.845393305556174
112.52,-10.84408797141352
112.521,-10.842774353819594
112.52200000000001,-10.841452457548783
112.523,-10.840122287422032
112.524,-10.838783848307026
112.52500000000001,-10.837437145118397
112.526,-10.83608218281789
112.527,-10.834718966414556
112.52800000000001,-10.833347500964949
112.529,-10.831967791573291
112.53,-10.830579843391668
112.53100000000001,-10.829183661620208
112.532,-10.827779251507266
112.533,-10.826366618349592
112.53400000000001,-10.824945767492537
112.535,-10.823516704330192
112.536,-10.822079434305603
112.53700000000001,-10.820633962910925
112.538,-10.819180295687604
112.539,-10.817718438226548
112.54000000000001,-10.816248396168305
112.541,-10.814770175203234
112.542,-10.813283781071673
112.54300000000001,-10.81178921956411
112.544,-10.810286496521348
112.545,-10.808775617834682
112.54600000000001,-10.807256589446061
112.547,-10.805729417348244
112.548,-10.804194107584982
112.54900000000001,-10.802650666251164
112.55,-10.801099099492999
112.551,-10.799539413508157
112.55199999999999,-10.797971614545926
112.553,-10.796395708907403
112.554,-10.794811702945612
112.55500000000001,-10.793219603065692
112.556,-10.791619415725021
112.557,-10.790011147433399
112.55799999999999,-10.788394804753187
112.559,-10.786770394299449
112.56,-10.785137922740132
112.56100000000001,-10.783497396796179
112.562,-10.781848823241694
112.563,-10.780192208904101
112.56399999999999,-10.77852756066426
112.565,-10.776854885456643
112.566,-10.775174190269446
112.56700000000001,-10.773485482144752
112.568,-10.771788768178668
112.569,-10.770084055521453
112.56999999999999,-10.768371351377661
112.571,-10.766650663006299
112.572,-10.764921997720908
112.57300000000001,-10.763185362889756
112.574,-10.761440765935944
112.575,-10.759688214337521
112.57599999999999,-10.757927715627652
112.577,-10.756159277394707
112.578,-10.754382907282414
112.57899999999999,-10.752598612989981
112.58,-10.750806402272202
112.581,-10.749006282939606
112.58199999999999,-10.747198262858561
112.583,-10.745382349951395
112.584,-10.74355855219653
112.58499999999999,-10.741726877628578
112.586,-10.739887334338468
112.587,-10.738039930473571
112.58799999999999,-10.736184674237782
112.589,-10.734321573891668
112.59,-10.73245063775256
112.59099999999999,-10.730571874194652
112.592,-10.728685291649134
112.593,-10.726790898604271
112.59399999999999,-10.724888703605533
112.595,-10.722978715255676
112.596,-10.721060942214859
112.59699999999999,-10.71913539320073
112.598,-10.717202076988546
112.599,-10.715261002411244
112.59999999999999,-10.713312178359562
112.601,-10.711355613782102
112.602,-10.709391317685466
112.60299999999999,-10.707419299134308
112.604,-10.705439567251441
112.605,-10.703452131217919
112.60599999999999,-10.701457000273143
112.607,-10.699454183714909
112.608,-10.697443690899533
112.60899999999999,-10.695425531241899
112.61,-10.693399714215566
112.611,-10.69136624935283
112.61199999999999,-10.689325146244801
112.613,-10.687276414541497
112.614,-10.685220063951897
112.61499999999999,-10.683156104244029
112.616,-10.681084545245032
112.617,-10.679005396841228
112.61799999999999,-10.676918668978201
112.619,-10.674824371660847
112.62,-10.67272251495344
112.621,-10.670613108979712
112.622,-10.66849616392291
112.623,-10.666371690025834
112.624,-10.664239697590927
112.625,-10.662100196980308
112.626,-10.659953198615845
112.627,-10.657798712979206
112.628,-10.655636750611894
112.629,-10.653467322115318
112.63,-10.651290438150836
112.631,-10.649106109439797
112.63200000000001,-10.6469143467636
112.633,-10.644715160963715
112.634,-10.642508562941757
112.63500000000001,-10.6402945636595
112.636,-10.638073174138926
112.637,-10.635844405462276
112.63800000000001,-10.633608268772056
112.639,-10.631364775271102
112.64,-10.6291139362226
112.64100000000001,-10.626855762950113
112.642,-10.624590266837615
112.643,-10.622317459329521
112.64400000000001,-10.62003735193071
112.645,-10.617749956206556
112.646,-10.615455283782945
112.64700000000001,-10.613153346346289
112.648,-10.610844155643568
112.649,-10.608527723482327
112.65000000000001,-10.606204061730693
112.651,-10.603873182317411
112.652,-10.601535097231833
112.65300000000001,-10.599189818523946
112.654,-10.596837358304365
112.655,-10.594477728744362
112.65600000000001,-10.592110942075855
112.657,-10.589737010591419
112.658,-10.587355946644292
112.65900000000001,-10.584967762648377
112.66,-10.582572471078228
112.661,-10.580170084469069
112.66200000000001,-10.577760615416773
112.663,-10.575344076577869
112.664,-10.572920480669531
112.66500000000001,-10.570489840469557
112.666,-10.568052168816383
112.667,-10.565607478609053
112.66800000000001,-10.563155782807208
112.669,-10.560697094431077
112.67,-10.558231426561456
112.67100000000001,-10.555758792339679
112.672,-10.553279204967625
112.673,-10.550792677707667
112.67400000000001,-10.548299223882664
112.675,-10.545798856875935
112.676,-10.543291590131217
112.67699999999999,-10.540777437152666
112.678,-10.538256411504793
112.679,-10.535728526812454
112.68000000000001,-10.533193796760811
112.681,-10.530652235095291
112.682,-10.528103855621557
112.68299999999999,-10.525548672205467
112.684,-10.522986698773027
112.685,-10.520417949310357
112.68600000000001,-10.51784243786364
112.687,-10.515260178539085
112.688,-10.512671185502874
112.68899999999999,-10.510075472981118
112.69,-10.507473055259792
112.691,-10.50486394668471
112.69200000000001,-10.50224816166144
112.693,-10.49962571465527
112.694,-10.496996620191149
112.69499999999999,-10.494360892853619
112.696,-10.491718547286757
112.697,-10.489069598194115
112.69800000000001,-10.486414060338667
112.699,-10.48375194854272
112.7,-10.481083277687864
112.70099999999999,-10.478408062714905
112.702,-10.475726318623776
112.703,-10.473038060473492
112.70399999999999,-10.470343303382053
112.705,-10.467642062526386
112.706,-10.464934353142251
112.70699999999999,-10.462220190524175
112.708,-10.459499590025368
112.709,-10.456772567057646
112.70999999999999,-10.454039137091334
112.711,-10.4512993156552
112.712,-10.448553118336353
112.71299999999999,-10.445800560780157
112.714,-10.443041658690147
112.715,-10.440276427827941
112.71599999999999,-10.43750488401313
112.717,-10.434727043123203
112.718,-10.431942921093434
112.71899999999999,-10.429152533916788
112.72,-10.426355897643848
112.721,-10.423553028382662
112.72199999999999,-10.420743942298682
112.723,-10.417928655614654
112.724,-10.415107184610491
112.72499999999999,-10.412279545623193
112.726,-10.409445755046711
112.727,-10.406605829331866
112.72799999999999,-10.403759784986208
112.729,-10.400907638573917
112.73,-10.398049406715696
112.73099999999999,-10.395185106088636
112.732,-10.392314753426106
112.733,-10.389438365517636
112.73399999999999,-10.386555959208794
112.735,-10.383667551401057
112.736,-10.380773159051699
112.73699999999999,-10.377872799173646
112.738,-10.374966488835373
112.739,-10.372054245160756
112.73999999999999,-10.369136085328943
112.741,-10.366212026574237
112.742,-10.363282086185942
112.74299999999999,-10.360346281508241
112.744,-10.357404629940067
112.745,-10.354457148934934
112.746,-10.351503856000837
112.747,-10.348544768700085
112.748,-10.345579904649165
112.749,-10.342609281518602
112.75,-10.339632917032802
112.751,-10.33665082896993
112.752,-10.333663035161736
112.753,-10.330669553493415
112.754,-10.327670401903458
112.755,-10.324665598383499
112.756,-10.32165516097816
112.75700000000001,-10.318639107784898
112.758,-10.315617456953838
112.759,-10.312590226687636
112.76000000000001,-10.309557435241294
112.761,-10.306519100922021
112.762,-10.303475242089059
112.76300000000001,-10.300425877153518
112.764,-10.297371024578219
112.765,-10.294310702877532
112.76600000000001,-10.291244930617182
112.767,-10.288173726414113
112.768,-10.2850971089363
112.76900000000001,-10.282015096902573
112.77,-10.278927709082462
112.771,-10.275834964296005
112.77200000000001,-10.27273688141358
112.773,-10.269633479355734
112.774,-10.266524777092988
112.77500000000001,-10.263410793645678
112.776,-10.260291548083758
112.777,-10.257167059526623
112.77800000000001,-10.254037347142935
112.779,-10.250902430150417
112.78,-10.247762327815693
112.78100000000001,-10.244617059454088
112.782,-10.241466644429428
112.783,-10.238311102153872
112.78400000000001,-10.235150452087723
112.785,-10.231984713739196
112.786,-10.228813906664286
112.78700000000001,-10.225638050466515
112.788,-10.222457164796783
112.789,-10.219271269353143
112.79000000000001,-10.216080383880614
112.791,-10.212884528170973
112.792,-10.209683722062579
112.79300000000001,-10.206477985440131
112.794,-10.203267338234513
112.795,-10.200051800422548
112.79600000000001,-10.196831392026821
112.797,-10.193606133115463
112.798,-10.190376043801946
112.79900000000001,-10.187141144244871
112.8,-10.183901454647769
112.801,-10.180656995258879
112.80199999999999,-10.177407786370944
112.803,-10.174153848320998
112.804,-10.170895201490151
112.80500000000001,-10.167631866303381
112.806,-10.164363863229301
112.807,-10.16109121277997
112.80799999999999,-10.157813935510653
112.809,-10.154532052019604
112.81,-10.151245582947874
112.81100000000001,-10.147954548979047
112.812,-10.144658970839057
112.813,-10.141358869295948
112.81399999999999,-10.138054265159646
112.815,-10.134745179281749
112.816,-10.131431632555303
112.81700000000001,-10.128113645914553
112.818,-10.124791240334744
112.819,-10.121464436831873
112.81999999999999,-10.118133256462473
112.821,-10.114797720323384
112.822,-10.111457849551508
112.82300000000001,-10.108113665323589
112.824,-10.104765188855994
112.825,-10.101412441404443
112.82599999999999,-10.098055444263817
112.827,-10.094694218767893
112.828,-10.091328786289123
112.82899999999999,-10.087959168238408
112.83,-10.084585386064822
112.831,-10.081207461255421
112.83199999999999,-10.077825415334981
112.833,-10.074439269865755
112.834,-10.071049046447246
112.83499999999999,-10.067654766715954
112.836,-10.064256452345147
112.837,-10.060854125044617
112.83799999999999,-10.057447806560418
112.839,-10.054037518674646
112.84,-10.050623283205194
112.84099999999999,-10.047205122005485
112.842,-10.043783056964253
112.843,-10.040357110005271
112.84399999999999,-10.036927303087134
112.845,-10.033493658202989
112.846,-10.030056197380286
112.84699999999999,-10.026614942680546
112.848,-10.023169916199109
112.849,-10.019721140064856
112.84999999999999,-10.016268636440003
112.851,-10.012812427519817
112.852,-10.009352535532379
112.85299999999999,-10.005888982738327
112.854,-10.002421791430601
112.855,-9.9989509839342006
112.85599999999999,-9.9954765826059262
112.857,-9.9919986098341109
112.858,-9.9885170880383942
112.85899999999999,-9.985032039669445
112.86,-9.9815434872087039
112.861,-9.9780514531681579
112.86199999999999,-9.9745559600900382
112.863,-9.9710570305466053
112.864,-9.9675546871398701
112.86499999999999,-9.9640489525013347
112.866,-9.9605398492917505
112.867,-9.9570274002008361
112.86799999999999,-9.9535116279470532
112.869,-9.9499925552773103
112.87,-9.946470204966726
112.871,-9.942944599818361
112.872,-9.9394157626629731
112.873,-9.9358837163587257
112.874,-9.9323484837909621
112.875,-9.9288100878719217
112.876,-9.925268551540487
112.877,-9.9217238977619235
112.878,-9.9181761495276213
112.879,-9.9146253298548164
112.88,-9.9110714617863511
112.881,-9.9075145683903969
112.88200000000001,-9.9039546727602019
112.883,-9.9003917980138159
112.884,-9.8968259672938377
112.88500000000001,-9.8932572037671545
112.886,-9.8896855306246643
112.887,-9.8861109710810364
112.88800000000001,-9.8825335483744183
112.889,-9.8789532857661957
112.89,-9.8753702065407278
112.89100000000001,-9.8717843340050617
112.892,-9.8681956914887046
112.893,-9.8646043023433254
112.89400000000001,-9.8610101899425118
112.895,-9.8574133776814925
112.896,-9.8538138889768927
112.89700000000001,-9.8502117472664548
112.898,-9.8466069760087773
112.899,-9.8429995986830505
112.90000000000001,-9.839389638788802
112.901,-9.8357771198456234
112.902,-9.8321620653929021
112.90300000000001,-9.8285444989895776
112.904,-9.8249244442138473
112.905,-9.8213019246629401
112.90600000000001,-9.817676963952831
112.907,-9.8140495857179655
112.908,-9.8104198136110252
112.90900000000001,-9.8067876713026507
112.91,-9.8031531824811786
112.911,-9.7995163708523769
112.91200000000001,-9.7958772601391875
112.913,-9.7922358740814701
112.914,-9.7885922364357203
112.91500000000001,-9.7849463709748203
112.916,-9.7812983014877908
112.917,-9.7776480517795008
112.91800000000001,-9.7739956456704249
112.919,-9.7703411069963852
112.92,-9.7666844596082711
112.92100000000001,-9.7630257273718133
112.922,-9.7593649341672801
112.923,-9.7557021038892504
112.92400000000001,-9.7520372604463503
112.925,-9.7483704277609746
112.926,-9.7447016297690556
112.92699999999999,-9.7410308904197827
112.928,-9.7373582336753461
112.929,-9.7336836835106961
112.93000000000001,-9.7300072639132775
112.931,-9.7263289988827601
112.932,-9.7226489124307989
112.93299999999999,-9.7189670285807743
112.934,-9.7152833713675228
112.935,-9.7115979648371162
112.93600000000001,-9.7079108330465598
112.937,-9.7042220000635755
112.938,-9.7005314899663411
112.93899999999999,-9.696839326843218
112.94,-9.6931455347925191
112.941,-9.6894501379222557
112.94200000000001,-9.6857531603498721
112.943,-9.6820546262020102
112.944,-9.67835455961424
112.94499999999999,-9.6746529847308391
112.946,-9.6709499257045106
112.947,-9.6672454066961553
112.94800000000001,-9.6635394518746267
112.949,-9.659832085416463
112.95,-9.6561233315056541
112.95099999999999,-9.6524132143334036
112.952,-9.6487017580978645
112.953,-9.6449889870039058
112.95399999999999,-9.64127492526287
112.955,-9.6375595970923218
112.956,-9.6338430267158071
112.95699999999999,-9.6301252383626252
112.958,-9.6264062562675594
112.959,-9.6226861046706702
112.95999999999999,-9.6189648078170205
112.961,-9.6152423899564656
112.962,-9.6115188753434104
112.96299999999999,-9.6077942882365406
112.964,-9.6040686528986345
112.965,-9.6003419935962953
112.96599999999999,-9.5966143345997228
112.967,-9.5928857001824799
112.968,-9.5891561146212574
112.96899999999999,-9.5854256021956523
112.97,-9.5816941871879209
112.971,-9.5779618938827582
112.97199999999999,-9.5742287465670568
112.973,-9.5704947695297005
112.974,-9.5667599870613031
112.97499999999999,-9.5630244234540172
112.976,-9.5592881030012737
112.977,-9.5555510499975878
112.97799999999999,-9.5518132887383107
112.979,-9.5480748435194158
112.98,-9.544335738637276
112.98099999999999,-9.5405959983884507
112.982,-9.5368556470694426
112.983,-9.5331147089765054
112.98399999999999,-9.5293732084053975
112.985,-9.5256311696511915
112.986,-9.5218886170080488
112.98699999999999,-9.5181455747689796
112.988,-9.5144020672256726
112.989,-9.5106581186682551
112.98999999999999,-9.5069137533850689
112.991,-9.5031689956624987
112.992,-9.4994238697847138
112.99299999999999,-9.4956784000335048
112.994,-9.4919326106880462
112.995,-9.4881865260246947
112.996,-9.4844401703167964
112.997,-9.4806935678344697
112.998,-9.476946742844401
112.999,-9.4731997196096565
113,-9.4694525223894619
113.001,-9.4657051754390231
113.002,-9.4619577030093094
113.003,-9.4582101293468721
113.004,-9.4544624786936389
113.005,-9.4507147752867091
113.006,-9.4469670433581943
113.00700000000001,-9.443219307134985
113.008,-9.4394715908385791
113.009,-9.4357239186848947
113.01000000000001,-9.4319763148840856
113.011,-9.4282288036403301
113.012,-9.4244814091516655
113.01300000000001,-9.420734155609809
113.014,-9.4169870671999476
113.015,-9.4132401681005788
113.01600000000001,-9.4094934824833274
113.017,-9.4057470345127498
113.018,-9.4020008483461694
113.01900000000001,-9.3982549481335145
113.02,-9.3945093580170997
113.021,-9.3907641021314863
113.02200000000001,-9.3870192046033143
113.023,-9.3832746895511026
113.024,-9.3795305810850937
113.02500000000001,-9.3757869033070822
113.026,-9.3720436803102736
113.027,-9.3683009361790663
113.02800000000001,-9.3645586949889168
113.029,-9.3608169808062041
113.03,-9.3570758176880098
113.03100000000001,-9.3533352296819938
113.032,-9.3495952408262468
113.033,-9.345855875149093
113.03400000000001,-9.3421171566689587
113.035,-9.3383791093942392
113.036,-9.3346417573230944
113.03700000000001,-9.3309051244433352
113.038,-9.3271692347322741
113.039,-9.3234341121565514
113.03999999999999,-9.3196997806720105
113.041,-9.3159662642235315
113.042,-9.3122335867449362
113.04300000000001,-9.3085017721587704
113.044,-9.3047708443762094
113.045,-9.3010408272969425
113.04599999999999,-9.2973117448089742
113.047,-9.2935836207885192
113.048,-9.2898564790998801
113.04900000000001,-9.286130343595298
113.05,-9.2824052381148086
113.051,-9.278681186486148
113.05199999999999,-9.2749582125245915
113.053,-9.2712363400328286
113.054,-9.2675155928008728
113.05500000000001,-9.2637959946058892
113.056,-9.2600775692121005
113.057,-9.2563603403706605
113.05799999999999,-9.2526443318195497
113.059,-9.248929567283426
113.06,-9.2452160704735231
113.06100000000001,-9.2415038650875676
113.062,-9.2377929748096097
113.063,-9.2340834233099471
113.06399999999999,-9.2303752342450291
113.065,-9.2266684312573037
113.066,-9.2229630379751448
113.06700000000001,-9.2192590780127581
113.068,-9.2155565749700408
113.069,-9.2118555524324961
113.06999999999999,-9.2081560339711661
113.071,-9.2044580431424787
113.072,-9.2007616034881856
113.07300000000001,-9.1970667385352627
113.074,-9.1933734717958249
113.075,-9.1896818267670106
113.07599999999999,-9.1859918269309091
113.077,-9.182303495754482
113.078,-9.1786168566894624
113.07900000000001,-9.174931933172255
113.08,-9.171248748623908
113.081,-9.1675673264499693
113.08199999999999,-9.1638876900404345
113.083,-9.1602098627696904
113.084,-9.1565338679964015
113.08500000000001,-9.1528597290634455
113.086,-9.1491874692978712
113.087,-9.1455171120107863
113.08799999999999,-9.1418486804973096
113.089,-9.1381821980364908
113.09,-9.1345176878912806
113.09099999999999,-9.1308551733084151
113.092,-9.1271946775183803
113.093,-9.123536223735373
113.09399999999999,-9.1198798351571924
113.095,-9.1162255349652153
113.096,-9.1125733463243517
113.09699999999999,-9.1089232923829524
113.098,-9.1052753962727877
113.099,-9.1016296811089976
113.09999999999999,-9.0979861699900226
113.101,-9.0943448859975646
113.102,-9.0907058521965673
113.10299999999999,-9.0870690916351329
113.104,-9.0834346273444986
113.105,-9.0798024823390033
113.10599999999999,-9.076172679616052
113.107,-9.0725452421560568
113.108,-9.0689201929224197
113.10899999999999,-9.0652975548615036
113.11,-9.0616773509025919
113.111,-9.0580596039578438
113.11199999999999,-9.0544443369223142
113.113,-9.0508315726738786
113.114,-9.0472213340732246
113.11499999999999,-9.0436136439638428
113.116,-9.0400085251719986
113.117,-9.0364060005066857
113.11799999999999,-9.0328060927596674
113.119,-9.029208824705405
113.12,-9.0256142191010689
113.121,-9.0220222986865188
113.122,-9.0184330861843147
113.123,-9.0148466042996755
113.124,-9.0112628757204849
113.125,-9.0076819231173069
113.126,-9.0041037691433452
113.127,-9.0005284364344664
113.128,-8.9969559476091963
113.129,-8.9933863252687178
113.13,-8.9898195919968682
113.131,-8.9862557703601595
113.13200000000001,-8.982694882907774
113.133,-8.9791369521715687
113.134,-8.9755820006660887
113.13500000000001,-8.9720300508886002
113.136,-8.9684811253190695
113.137,-8.9649352464201897
113.13800000000001,-8.9613924366374214
113.139,-8.9578527183989696
113.14,-8.9543161141158318
113.14100000000001,-8.9507826461818265
113.142,-8.9472523369735857
113.143,-8.9437252088505996
113.14400000000001,-8.9402012841552558
113.145,-8.9366805852128373
113.146,-8.9331631343315703
113.14700000000001,-8.9296489538026673
113.148,-8.9261380659003322
113.149,-8.922630492881817
113.15000000000001,-8.9191262569874397
113.151,-8.9156253804406607
113.152,-8.9121278854480721
113.15300000000001,-8.9086337941994653
113.154,-8.9051431288678895
113.155,-8.9016559116096587
113.15600000000001,-8.8981721645644249
113.157,-8.8946919098552257
113.158,-8.8912151695885253
113.15900000000001,-8.8877419658542465
113.16,-8.8842723207258842
113.161,-8.8808062562604864
113.16200000000001,-8.8773437944987439
113.163,-8.8738849574650764
113.164,-8.8704297671676322
113.16499999999999,-8.8669782455983874
113.166,-8.8635304147331979
113.167,-8.8600862965318683
113.16800000000001,-8.8566459129382125
113.169,-8.8532092858801033
113.17,-8.8497764372695897
113.17099999999999,-8.8463473890029007
113.172,-8.8429221629605657
113.173,-8.8395007810074748
113.17400000000001,-8.8360832649929382
113.175,-8.8326696367507758
113.176,-8.8292599180993996
113.17699999999999,-8.8258541308418721
113.178,-8.8224522967659986
113.179,-8.8190544376444198
113.18000000000001,-8.8156605752346664
113.181,-8.8122707312792734
113.182,-8.8088849275058347
113.18299999999999,-8.8055031856271277
113.184,-8.80212552734117
113.185,-8.7987519743313136
113.18600000000001,-8.7953825482663603
113.187,-8.7920172708006294
113.188,-8.7886561635740481
113.18899999999999,-8.7852992482122847
113.19,-8.7819465463267949
113.191,-8.7785980795149499
113.19200000000001,-8.7752538693601423
113.193,-8.7719139374318598
113.194,-8.7685783052858035
113.19499999999999,-8.7652469944640092
113.196,-8.7619200264949129
113.197,-8.7585974228934766
113.19800000000001,-8.7552792051613011
113.199,-8.7519653947867422
113.2,-8.7486560132449895
113.20099999999999,-8.7453510819981926
113.202,-8.7420506224956025
113.203,-8.7387546561736347
113.20400000000001,-8.7354632044560123
113.205,-8.732176288753891
113.206,-8.7288939304659507
113.20699999999999,-8.7256161509785244
113.208,-8.722342971665741
113.209,-8.7190744138896008
113.21000000000001,-8.7158104990001242
113.211,-8.7125512483354921
113.212,-8.7092966832221332
113.21299999999999,-8.7060468249748677
113.214,-8.7028016948970297
113.215,-8.6995613142806132
113.21599999999999,-8.696325704406366
113.217,-8.6930948865439408
113.218,-8.6898688819520391
113.21899999999999,-8.6866477118785106
113.22,-8.6834313975604989
113.221,-8.6802199602246048
113.22199999999999,-8.6770134210869649
113.223,-8.6738118013534304
113.224,-8.6706151222197043
113.22499999999999,-8.667423404871446
113.226,-8.6642366704844349
113.227,-8.6610549402247194
113.22799999999999,-8.6578782352487291
113.229,-8.6547065767034432
113.23,-8.651539985726501
113.23099999999999,-8.6483784834463968
113.232,-8.6452220909825712
113.233,-8.6420708294455721
113.23399999999999,-8.6389247199372399
113.235,-8.6357837835507887
113.236,-8.6326480413709952
113.23699999999999,-8.6295175144743563
113.238,-8.6263922239291997
113.239,-8.6232721907958627
113.23999999999999,-8.6201574361268509
113.241,-8.6170479809669587
113.242,-8.6139438463534379
113.24299999999999,-8.6108450533161704
113.244,-8.6077516228777853
113.245,-8.604663576053845
113.246,-8.6015809338529703
113.247,-8.598503717277044
113.248,-8.5954319473213125
113.249,-8.5923656449745778
113.25,-8.5893048312193496
113.251,-8.5862495270320007
113.252,-8.5831997533829139
113.253,-8.5801555312366844
113.254,-8.5771168815522234
113.255,-8.5740838252829512
113.256,-8.5710563833769768
113.25700000000001,-8.5680345767772152
113.258,-8.565018426421581
113.259,-8.5620079532431372
113.26000000000001,-8.559003178170288
113.261,-8.5560041221269003
113.262,-8.5530108060324874
113.26300000000001,-8.550023250802397
113.264,-8.5470414773479391
113.265,-8.5440655065765654
113.26600000000001,-8.5410953593920613
113.267,-8.5381310566946738
113.268,-8.5351726193812905
113.26900000000001,-8.5322200683456373
113.27,-8.529273424478399
113.271,-8.5263327086674181
113.27200000000001,-8.523397941797862
113.273,-8.5204691447523793
113.274,-8.5175463384112788
113.27500000000001,-8.5146295436526884
113.276,-8.5117187813527497
113.277,-8.508814072385757
113.27800000000001,-8.5059154376243384
113.279,-8.5030228979396423
113.28,-8.5001364742014882
113.28100000000001,-8.4972561872785342
113.282,-8.4943820580384841
113.283,-8.4915141073482037
113.28400000000001,-8.4886523560739331
113.285,-8.4857968250814562
113.286,-8.4829475352362422
113.28700000000001,-8.4801045074036434
113.288,-8.4772677624490687
113.289,-8.4744373212381348
113.28999999999999,-8.4716132046368529
113.291,-8.4687954335117919
113.292,-8.4659840287302686
113.29300000000001,-8.4631790111604932
113.294,-8.4603804016717472
113.295,-8.4575882211345856
113.29599999999999,-8.4548024904209544
113.297,-8.4520232304044072
113.298,-8.4492504619602595
113.29900000000001,-8.446484205965751
113.3,-8.4437244833002314
113.301,-8.4409713148453331
113.30199999999999,-8.4382247214851223
113.303,-8.4354847241062814
113.304,-8.4327513435982926
113.30500000000001,-8.4300246008535744
113.306,-8.4273045167676894
113.307,-8.4245911122394741
113.30799999999999,-8.4218844081712607
113.309,-8.4191844254689823
113.31,-8.4164911850423874
113.31100000000001,-8.4138047078052018
113.312,-8.4111250146752763
113.313,-8.4084521265747671
113.31399999999999,-8.4057860644303126
113.315,-8.4031268491731836
113.316,-8.4004745017394491
113.31700000000001,-8.3978290430701623
113.318,-8.3951904941115068
113.319,-8.3925588758149541
113.31999999999999,-8.3899342091374631
113.321,-8.3873165150416096
113.322,-8.3847058144957618
113.32300000000001,-8.382102128474239
113.324,-8.3795054779574887
113.325,-8.3769158839322326
113.32599999999999,-8.3743333673916229
113.327,-8.3717579493354304
113.328,-8.3691896507701706
113.32900000000001,-8.36662849270928
113.33,-8.364074496173286
113.331,-8.3615276821899336
113.33199999999999,-8.3589880717943661
113.333,-8.3564556860292853
113.334,-8.3539305459450848
113.33500000000001,-8.3514126726000164
113.336,-8.3489020870603614
113.337,-8.3463988104005491
113.33799999999999,-8.3439028637033417
113.339,-8.3414142680599532
113.34,-8.3389330445702434
113.34099999999999,-8.3364592143428276
113.342,-8.3339927984952329
113.343,-8.3315338181540817
113.34399999999999,-8.3290822944551834
113.345,-8.3266382485437269
113.346,-8.3242017015744008
113.34699999999999,-8.3217726747115481
113.348,-8.3193511891292964
113.349,-8.3169372660117276
113.34999999999999,-8.3145309265529885
113.351,-8.3121321919574385
113.352,-8.3097410834398193
113.35299999999999,-8.3073576222253394
113.354,-8.3049818295498561
113.355,-8.3026137266599864
113.35599999999999,-8.3002533348132594
113.357,-8.2979006752782372
113.358,-8.295555769334646
113.35899999999999,-8.2932186382735189
113.36,-8.2908893033973143
113.361,-8.288567786020046
113.36199999999999,-8.2862541074674301
113.363,-8.2839482890769762
113.364,-8.2816503521981382
113.36499999999999,-8.2793603181924436
113.366,-8.2770782084335845
113.367,-8.274804044307567
113.36799999999999,-8.2725378472128259
113.369,-8.2702796385603303
113.37,-8.2680294397737146
113.371,-8.2657872722893817
113.372,-8.2635531575566343
113.373,-8.2613271170377729
113.374,-8.2591091722082037
113.375,-8.2568993445565706
113.376,-8.2546976555848364
113.377,-8.2525041268084038
113.378,-8.2503187797562276
113.379,-8.248141635970903
113.38,-8.2459727170087707
113.381,-8.2438120444400287
113.38200000000001,-8.2416596398488196
113.383,-8.2395155248333349
113.384,-8.2373797210058992
113.38500000000001,-8.2352522499930885
113.386,-8.2331331334357944
113.387,-8.231022392989324
113.38800000000001,-8.2289200503235129
113.389,-8.2268261271227701
113.39,-8.2247406450861895
113.39100000000001,-8.2226636259276429
113.392,-8.2205950913758379
113.393,-8.2185350631744019
113.39400000000001,-8.2164835630819901
113.395,-8.2144406128723197
113.396,-8.2124062343342654
113.39700000000001,-8.2103804492719483
113.398,-8.2083632795047716
113.399,-8.2063547468675182
113.40000000000001,-8.2043548732104057
113.401,-8.2023636803991575
113.402,-8.2003811903150599
113.40300000000001,-8.1984074248550236
113.404,-8.1964424059316556
113.405,-8.194486155473296
113.40600000000001,-8.192538695424096
113.407,-8.1906000477440539
113.408,-8.1886702344090736
113.40900000000001,-8.1867492774110087
113.41,-8.1848371987577302
113.411,-8.1829340204731373
113.41200000000001,-8.1810397645972284
113.413,-8.1791544531861362
113.414,-8.1772781083121515
113.41499999999999,-8.1754107520637831
113.416,-8.1735524065457756
113.417,-8.1717030938791488
113.41800000000001,-8.1698628362012258
113.419,-8.1680316556656543
113.42,-8.166209574442453
113.42099999999999,-8.1643966147180116
113.422,-8.162592798695119
113.423,-8.1607981485929955
113.42400000000001,-8.1590126866472907
113.425,-8.1572364351101037
113.426,-8.1554694162500052
113.42699999999999,-8.1537116523520332
113.428,-8.1519631657177047
113.429,-8.1502239786650339
113.43000000000001,-8.1484941135285034
113.431,-8.1467735926590965
113.432,-8.1450624384242776
113.43299999999999,-8.1433606732079991
113.434,-8.1416683194106714
113.435,-8.1399853994491824
113.43600000000001,-8.1383119357568656
113.437,-8.1366479507834946
113.438,-8.1349934669952528
113.43899999999999,-8.1333485068747375
113.44,-8.1317130929209096
113.441,-8.1300872476490902
113.44200000000001,-8.128470993590927
113.443,-8.1268643532943567
113.444,-8.1252673493235754
113.44499999999999,-8.1236800042590218
113.446,-8.1221023406973067
113.447,-8.120534381251197
113.44800000000001,-8.1189761485495584
113.449,-8.1174276652373329
113.45,-8.1158889539754533
113.45099999999999,-8.114360037440818
113.452,-8.1128409383262401
113.453,-8.1113316793403687
113.45400000000001,-8.1098322832076484
113.455,-8.1083427726682462
113.456,-8.1068631704779985
113.45699999999999,-8.1053934994083239
113.458,-8.1039337822461803
113.459,-8.102484041793959
113.46000000000001,-8.1010443008694235
113.461,-8.0996145823056533
113.462,-8.0981949089509175
113.46299999999999,-8.0967853036686179
113.464,-8.095385789337195
113.465,-8.0939963888500461
113.46599999999999,-8.0926171251154155
113.467,-8.0912480210562983
113.468,-8.0898890996103638
113.46899999999999,-8.0885403837298266
113.47,-8.0872018963813517
113.471,-8.0858736605459551
113.47199999999999,-8.0845556992188676
113.473,-8.0832480354094489
113.474,-8.0819506921410529
113.47499999999999,-8.0806636924509103
113.476,-8.0793870593900046
113.477,-8.0781208160229525
113.47799999999999,-8.0768649854278554
113.479,-8.0756195906961921
113.48,-8.0743846549326648
113.48099999999999,-8.0731602012550692
113.482,-8.0719462527941381
113.483,-8.0707428326934121
113.48399999999999,-8.0695499641090915
113.485,-8.0683676702098666
113.486,-8.0671959741767783
113.48699999999999,-8.0660348992030588
113.488,-8.0648844684939629
113.489,-8.0637447052666094
113.48999999999999,-8.0626156327498144
113.491,-8.0614972741839139
113.492,-8.0603896528205929
113.49299999999999,-8.0592927919227115
113.494,-8.0582067147641165
113.495,-8.0571314446294657
113.496,-8.0560670048140288
113.497,-8.0550134186235134
113.498,-8.0539707093738571
113.499,-8.0529389003910303
113.5,-8.0519180150108465
113.501,-8.0509080765787449
113.502,-8.049909108449592
113.503,-8.0489211339874682
113.504,-8.0479441765654514
113.505,-8.0469782595653996
113.506,-8.0460234063777349
113.50700000000001,-8.0450796404012124
113.508,-8.0441469850426905
113.509,-8.0432254637169098
113.51000000000001,-8.0423150998462472
113.511,-8.0414159168604868
113.512,-8.0405279381965649
113.51300000000001,-8.0396511872983414
113.514,-8.0387856876163379
113.515,-8.0379314626074851
113.51600000000001,-8.0370885357348829
113.517,-8.0362569304675198
113.518,-8.0354366702800135
113.51900000000001,-8.0346277786523626
113.52,-8.0338302790696563
113.521,-8.0330441950218088
113.52200000000001,-8.0322695500032779
113.523,-8.031506367512792
113.524,-8.0307546710530513
113.52500000000001,-8.0300144841304544
113.526,-8.0292858302548034
113.527,-8.0285687329389912
113.52800000000001,-8.0278632156987335
113.529,-8.027169302052231
113.53,-8.0264870155198924
113.53100000000001,-8.0258163796240041
113.532,-8.0251574178884297
113.533,-8.0245101538382819
113.53400000000001,-8.0238746109996022
113.535,-8.023250812899045
113.536,-8.0226387830635453
113.53700000000001,-8.0220385450199689
113.538,-8.0214501222948034
113.539,-8.0208735384138006
113.53999999999999,-8.0203088169016397
113.541,-8.0197559812815644
113.542,-8.0192150550750601
113.54300000000001,-8.0186860618014713
113.544,-8.0181690249776558
113.545,-8.0176639681176205
113.54599999999999,-8.0171709147321462
113.547,-8.016689888328429
113.548,-8.0162209124097057
113.54900000000001,-8.0157640104748555
113.55,-8.0153192060180469
113.551,-8.014886522528327
113.55199999999999,-8.0144659834892433
113.553,-8.014057612378453
113.554,-8.0136614326673143
113.55500000000001,-8.0132774678204957
113.556,-8.0129057412955547
113.557,-8.012546276542551
113.55799999999999,-8.0121990970036112
113.559,-8.011864226112527
113.56,-8.0115416872943221
113.56100000000001,-8.0112315039648347
113.562,-8.0109336995302822
113.563,-8.0106482973868403
113.56399999999999,-8.0103753209201827
113.565,-8.0101147935050694
113.566,-8.0098667385048667
113.56700000000001,-8.0096311792711372
113.568,-8.0094081391431491
113.569,-8.0091976414474448
113.56999999999999,-8.0089997094973668
113.571,-8.008814366592599
113.572,-8.0086416360186945
113.57300000000001,-8.0084815410465939
113.574,-8.0083341049321639
113.575,-8.0081993509157048
113.57599999999999,-8.0080773022214675
113.577,-8.0079679820571581
113.578,-8.0078714136134579
113.57900000000001,-8.0077876200635103
113.58,-8.0077166245624269
113.581,-8.0076584502467814
113.58199999999999,-8.0076131202340939
113.583,-8.0075806576223201
113.584,-8.0075610854893338
113.58500000000001,-8.007554426892403
113.586,-8.0075607048676627
113.587,-8.0075799424295848
113.58799999999999,-8.0076121625704371
113.589,-8.0076573882597533
113.59,-8.0077156424437845
113.59099999999999,-8.0077869480449504
113.592,-8.0078713279612916
113.593,-8.007968805065909
113.59399999999999,-8.0080794022064001
113.595,-8.0082031422043158
113.596,-8.0083400478545581
113.59699999999999,-8.0084901419248329
113.598,-8.0086534471550657
113.599,-8.0088299862568171
113.59999999999999,-8.0090197819127003
113.601,-8.009222856775791
113.602,-8.009439233469033
113.60299999999999,-8.0096689345846404
113.604,-8.009911982683489
113.605,-8.010168400294523
113.60599999999999,-8.0104382099141329
113.607,-8.0107214340055428
113.608,-8.0110180949981888
113.60899999999999,-8.0113282152871044
113.61,-8.011651817232277
113.611,-8.0119889231580306
113.61199999999999,-8.0123395553523835
113.613,-8.0127037360663973
113.614,-8.013081487513551
113.61499999999999,-8.0134728318690751
113.616,-8.0138777912693069
113.617,-8.0142963878110223
113.61799999999999,-8.0147286435507912
113.619,-8.0151745805042882
113.62,-8.0156342206456408
113.621,-8.0161075859067417
113.622,-8.0165946981765739
113.623,-8.0170955793005234
113.624,-8.0176102510796969
113.625,-8.018138735270222
113.626,-8.0186810535825543
113.627,-8.019237227680776
113.628,-8.0198072791818831
113.629,-8.0203912296550879
113.63,-8.0209891006210903
113.631,-8.0216009135513691
113.63200000000001,-8.0222266898674537
113.633,-8.0228664509402012
113.634,-8.0235202180890575
113.63500000000001,-8.0241880125813267
113.636,-8.0248698556314224
113.637,-8.0255657684001385
113.63800000000001,-8.0262757719938786
113.639,-8.026999887463921
113.64,-8.027738135805647
113.64100000000001,-8.0284905379577829
113.642,-8.0292571148016396
113.643,-8.0300378871603293
113.64400000000001,-8.0308328757979961
113.645,-8.0316421014190365
113.646,-8.0324655846673103
113.64700000000001,-8.0333033461253578
113.648,-8.0341554063135998
113.649,-8.0350217856895494
113.65000000000001,-8.0359025046469998
113.651,-8.0367975835152148
113.652,-8.0377070425581341
113.65300000000001,-8.0386309019735478
113.654,-8.0395691818922703
113.655,-8.0405219023773249
113.65600000000001,-8.041489083423123
113.657,-8.0424707449546062
113.658,-8.0434669068264366
113.65900000000001,-8.0444775888221347
113.66,-8.0455028106532485
113.661,-8.0465425919584863
113.66200000000001,-8.0475969523028823
113.663,-8.0486659111769185
113.664,-8.049749487995669
113.66499999999999,-8.0508477020979416
113.666,-8.0519605727453811
113.667,-8.0530881191216164
113.66800000000001,-8.0542303603313634
113.669,-8.0553873153995568
113.67,-8.0565590032704346
113.67099999999999,-8.0577454428066702
113.672,-8.0589466527884568
113.673,-8.0601626519126039
113.67400000000001,-8.0613934587916471
113.675,-8.0626390919529189
113.676,-8.0638995698376306
113.67699999999999,-8.0651749107999695
113.678,-8.0664651331061616
113.679,-8.0677702549335386
113.68000000000001,-8.0690902943696177
113.681,-8.0704252694111478
113.682,-8.0717751979631913
113.68299999999999,-8.0731400978381398
113.684,-8.0745199867547992
113.685,-8.0759148823374236
113.68600000000001,-8.0773248021147364
113.687,-8.0787497635189993
113.688,-8.0801897838850198
113.68899999999999,-8.0816448804491863
113.69,-8.0831150703484926
113.691,-8.0846003706195528
113.69200000000001,-8.0861007981976201
113.693,-8.087616369915601
113.694,-8.0891471025030484
113.69499999999999,-8.0906930125851719
113.696,-8.0922541166818416
113.697,-8.0938304312065608
113.69800000000001,-8.0954219724654894
113.699,-8.0970287566563872
113.7,-8.098650799867622
113.70099999999999,-8.1002881180771524
113.702,-8.1019407271514599
113.703,-8.1036086428445699
113.70400000000001,-8.1052918807969778
113.705,-8.106990456534616
113.706,-8.1087043854678225
113.70699999999999,-8.1104336828902817
113.708,-8.1121783639779643
113.709,-8.1139384437880882
113.71000000000001,-8.1157139372580485
113.711,-8.1175048592043435
113.712,-8.1193112243215193
113.71299999999999,-8.1211330471810914
113.714,-8.1229703422304631
113.715,-8.1248231237918489
113.71599999999999,-8.1266914060611857
113.717,-8.1285752031070473
113.718,-8.1304745288695415
113.71899999999999,-8.1323893971592192
113.72,-8.1343198216559767
113.721,-8.1362658159079402
113.72199999999999,-8.138227393330359
113.723,-8.1402045672045027
113.724,-8.1421973506765148
113.72499999999999,-8.1442057567563264
113.726,-8.1462297983165097
113.727,-8.1482694880911435
113.72799999999999,-8.1503248386747007
113.729,-8.1523958625208941
113.73,-8.154482571941541
113.73099999999999,-8.1565849791054088
113.732,-8.1587030960370832
113.733,-8.1608369346158085
113.73399999999999,-8.162986506574315
113.735,-8.1651518234976894
113.736,-8.1673328968221846
113.73699999999999,-8.1695297378340541
113.738,-8.1717423576683998
113.739,-8.1739707673079831
113.73999999999999,-8.1762149775820347
113.741,-8.1784749991650951
113.742,-8.1807508425758133
113.74299999999999,-8.183042518175764
113.744,-8.1853500361682396
113.745,-8.1876734065970798
113.746,-8.1900126393454453
113.747,-8.1923677441346214
113.748,-8.194738730522813
113.749,-8.1971256079039438
113.75,-8.1995283855064081
113.751,-8.2019470723918921
113.752,-8.2043816774541316
113.753,-8.2068322094176764
113.754,-8.2092986768366902
113.755,-8.2117810880937014
113.756,-8.2142794513983528
113.75700000000001,-8.2167937747862023
113.758,-8.219324066117446
113.759,-8.2218703330756941
113.76000000000001,-8.2244325831666991
113.761,-8.2270108237171353
113.762,-8.2296050618733236
113.76300000000001,-8.2322153045999684
113.764,-8.2348415586789194
113.765,-8.2374838307078946
113.76600000000001,-8.2401421270991975
113.767,-8.2428164540784756
113.768,-8.2455068176834381
113.76900000000001,-8.2482132237625585
113.77,-8.2509356779738212
113.771,-8.2536741857834421
113.77200000000001,-8.256428752464549
113.773,-8.2591993830959343
113.774,-8.2619860825607425
113.77500000000001,-8.2647888555451843
113.776,-8.2676077065372233
113.777,-8.2704426398253066
113.77800000000001,-8.2732936594970496
113.779,-8.2761607694379133
113.78,-8.2790439733299248
113.78100000000001,-8.281943274650363
113.782,-8.2848586766704262
113.783,-8.2877901824539393
113.78400000000001,-8.2907377948560406
113.785,-8.2937015165218266
113.786,-8.2966813498850751
113.78700000000001,-8.2996772971668999
113.788,-8.3026893603744121
113.789,-8.3057175412994138
113.78999999999999,-8.3087618415170592
113.791,-8.3118222623845206
113.792,-8.3148988050396415
113.79300000000001,-8.3179914703996207
113.794,-8.3211002591596657
113.795,-8.3242251717916247
113.79599999999999,-8.327366208542692
113.797,-8.3305233694340295
113.798,-8.3336966542594055
113.79900000000001,-8.3368860625838934
113.8,-8.3400915937424838
113.801,-8.3433132468387239
113.80199999999999,-8.3465510207433979
113.803,-8.3498049140931574
113.804,-8.3530749252891283
113.80500000000001,-8.3563610524956093
113.806,-8.3596632936386737
113.807,-8.3629816464048172
113.80799999999999,-8.3663161082395785
113.809,-8.3696666763462044
113.81,-8.3730333476842684
113.81100000000001,-8.3764161189682778
113.812,-8.3798149866663412
113.813,-8.3832299469987959
113.81399999999999,-8.3866609959367935
113.815,-8.3901081292009803
113.816,-8.3935713422601008
113.81700000000001,-8.3970506303296037
113.818,-8.4005459883703022
113.819,-8.4040574110869795
113.81999999999999,-8.4075848929269981
113.821,-8.4111284280789462
113.822,-8.4146880104712487
113.82300000000001,-8.4182636337707919
113.824,-8.4218552913815152
113.825,-8.4254629764430753
113.82599999999999,-8.4290866818294461
113.827,-8.4327264001475069
113.828,-8.4363821237357168
113.82900000000001,-8.440053844662696
113.83,-8.4437415547258308
113.831,-8.4474452454499378
113.83199999999999,-8.4511649080858433
113.833,-8.4549005336090008
113.834,-8.4586521127181324
113.83500000000001,-8.4624196358338324
113.836,-8.4662030930971657
113.837,-8.4700024743683215
113.83799999999999,-8.4738177692252101
113.839,-8.4776489669620894
113.84,-8.481496056588151
113.84099999999999,-8.4853590268261989
113.842,-8.4892378661112264
113.843,-8.493132562589027
113.84399999999999,-8.4970431041148622
113.845,-8.5009694782520473
113.846,-8.5049116722705591
113.84699999999999,-8.508869673145707
113.848,-8.5128434675567348
113.849,-8.516833041885409
113.84999999999999,-8.5208383822147127
113.851,-8.5248594743274264
113.852,-8.5288963037047552
113.85299999999999,-8.5329488555249942
113.854,-8.5370171146621203
113.855,-8.5411010656844635
113.85599999999999,-8.5452006928532853
113.857,-8.5493159801214773
113.858,-8.5534469111321698
113.85899999999999,-8.5575934692173501
113.86,-8.5617556373965371
113.861,-8.5659333983754298
113.86199999999999,-8.5701267345444965
113.863,-8.574335627977689
113.864,-8.5785600604310641
113.86499999999999,-8.5828000133414033
113.866,-8.5870554678249302
113.867,-8.5913264046759235
113.86799999999999,-8.5956128043653646
113.869,-8.5999146470396468
113.87,-8.6042319125191931
113.871,-8.6085645802971591
113.872,-8.6129126295380534
113.873,-8.6172760390764722
113.874,-8.6216547874157321
113.875,-8.6260488527265391
113.876,-8.630458212845717
113.877,-8.6348828452748556
113.878,-8.6393227271789943
113.879,-8.6437778353853361
113.88,-8.6482481463819472
113.881,-8.6527336363164054
113.88200000000001,-8.6572342809945653
113.883,-8.6617500558792262
113.884,-8.666280936088862
113.88500000000001,-8.6708268963962993
113.886,-8.6753879112274763
113.887,-8.6799639546601597
113.88800000000001,-8.6845550004226233
113.889,-8.6891610218924438
113.89,-8.693781992095202
113.89100000000001,-8.698417883703204
113.892,-8.7030686690342662
113.893,-8.7077343200504416
113.89400000000001,-8.7124148083567547
113.895,-8.7171101051999997
113.896,-8.7218201814674856
113.89700000000001,-8.7265450076857665
113.898,-8.7312845540194957
113.899,-8.7360387902701238
113.90000000000001,-8.7408076858747457
113.901,-8.7455912099048199
113.902,-8.7503893310650422
113.90300000000001,-8.7552020176920973
113.904,-8.7600292377534572
113.905,-8.7648709588462363
113.90600000000001,-8.7697271481959795
113.907,-8.774597772655472
113.908,-8.7794827987036097
113.90900000000001,-8.7843821924442196
113.91,-8.7892959196048679
113.911,-8.7942239455357676
113.91200000000001,-8.7991662352086042
113.913,-8.8041227532153759
113.914,-8.8090934637673115
113.91499999999999,-8.814078330693718
113.916,-8.8190773174408648
113.917,-8.824090387070866
113.91800000000001,-8.829117502260603
113.919,-8.8341586253006223
113.92,-8.83921371809401
113.92099999999999,-8.8442827421553716
113.922,-8.8493656586097238
113.923,-8.8544624281914146
113.92400000000001,-8.8595730112431141
113.925,-8.8646973677147312
113.926,-8.8698354571623614
113.92699999999999,-8.8749872387472859
113.928,-8.8801526712349492
113.929,-8.8853317129938816
113.93000000000001,-8.8905243219947749
113.931,-8.8957304558094314
113.932,-8.9009500716097971
113.93299999999999,-8.9061831261669386
113.934,-8.911429575850125
113.935,-8.9166893766258521
113.93600000000001,-8.9219624840568361
113.937,-8.9272488533011352
113.938,-8.932548439111196
113.93899999999999,-8.9378611958328769
113.94,-8.9431870774046107
113.941,-8.9485260373564515
113.94200000000001,-8.953878028809152
113.943,-8.9592430044733469
113.944,-8.9646209166486273
113.94499999999999,-8.9700117172226594
113.946,-8.9754153576703803
113.947,-8.9808317890531075
113.94800000000001,-8.9862609620177309
113.949,-8.9917028267958461
113.95,-8.9971573332029973
113.95099999999999,-9.0026244306378356
113.952,-9.008104068081316
113.953,-9.0135961940959586
113.95400000000001,-9.0191007568250559
113.955,-9.0246177039918738
113.956,-9.030146982898982
113.95699999999999,-9.0356885404274649
113.958,-9.0412423230361938
113.959,-9.0468082767611406
113.96000000000001,-9.0523863472146804
113.961,-9.0579764795848519
113.962,-9.0635786186347413
113.96299999999999,-9.0691927087017898
113.964,-9.0748186936971429
113.965,-9.0804565171049934
113.96599999999999,-9.0861061219819952
113.967,-9.0917674509566222
113.968,-9.0974404462285481
113.96899999999999,-9.1031250495680975
113.97,-9.1088212023156583
113.971,-9.114528845381086
113.97199999999999,-9.1202479192431998
113.973,-9.1259783639492333
113.974,-9.1317201191142736
113.97499999999999,-9.1374731239208149
113.976,-9.1432373171182331
113.977,-9.1490126370222686
113.97799999999999,-9.1547990215146324
113.979,-9.160596408042494
113.98,-9.1664047336180783
113.98099999999999,-9.1722239348181951
113.982,-9.1780539477838836
113.983,-9.1838947082199969
113.98399999999999,-9.1897461513947771
113.985,-9.195608212139561
113.986,-9.2014808248483924
113.98699999999999,-9.2073639234776508
113.988,-9.2132574415458013
113.989,-9.2191613121330516
113.98999999999999,-9.2250754678810267
113.991,-9.230999840992558
113.992,-9.2369343632313949
113.99299999999999,-9.2428789659219213
113.994,-9.248833579949002
113.995,-9.2547981357577118
113.996,-9.2607725633531714
113.997,-9.2667567923003205
113.998,-9.2727507517238141
113.999,-9.2787543703078459
114,-9.2847675762959874
114.001,-9.2907902974911227
114.002,-9.2968224612553314
114.003,-9.3028639945097726
114.004,-9.3089148237346748
114.005,-9.3149748749692627
114.006,-9.3210440738116969
114.00700000000001,-9.3271223454191148
114.008,-9.3332096145075969
114.009,-9.3393058053522076
114.01000000000001,-9.3454108417869843
114.011,-9.3515246472050784
114.012,-9.3576471445587561
114.01300000000001,-9.3637782563595078
114.014,-9.3699179046781769
114.015,-9.3760660111450811
114.01600000000001,-9.3822224969501189
114.017,-9.388387282842988
114.018,-9.3945602891333451
114.01900000000001,-9.4007414356909678
114.02,-9.406930641946051
114.021,-9.4131278268893848
114.02200000000001,-9.4193329090726028
114.023,-9.4255458066085041
114.024,-9.431766437171321
114.02500000000001,-9.437994717997034
114.026,-9.4442305658836734
114.027,-9.4504738971917259
114.02800000000001,-9.4567246278444799
114.029,-9.4629826733283675
114.03,-9.4692479486934644
114.03100000000001,-9.4755203685538518
114.032,-9.4817998470880624
114.033,-9.4880862980395886
114.03400000000001,-9.4943796347173564
114.035,-9.500679769996184
114.036,-9.506986616317386
114.03700000000001,-9.5133000856892735
114.038,-9.5196200896877112
114.039,-9.5259465394567453
114.03999999999999,-9.5322793457091795
114.041,-9.538618418727232
114.042,-9.5449636683631258
114.04300000000001,-9.5513150040398251
114.044,-9.557672334751711
114.045,-9.5640355690652328
114.04599999999999,-9.5704046151197222
114.047,-9.5767793806281016
114.048,-9.5831597728776394
114.04900000000001,-9.5895456987307881
114.05,-9.5959370646259909
114.051,-9.6023337765784635
114.05199999999999,-9.60873574018113
114.053,-9.6151428606054612
114.054,-9.6215550426023508
114.05500000000001,-9.6279721905030975
114.056,-9.6343942082203018
114.057,-9.6408209992488487
114.05799999999999,-9.6472524666668704
114.059,-9.6536885131367924
114.06,-9.6601290409063534
114.06100000000001,-9.666573951809605
114.062,-9.6730231472680668
114.063,-9.679476528291783
114.06399999999999,-9.6859339954803989
114.065,-9.6923954490243815
114.066,-9.6988607887061296
114.06700000000001,-9.705329913901144
114.068,-9.7118027235792823
114.069,-9.7182791163059665
114.06999999999999,-9.7247589902433944
114.071,-9.7312422431518701
114.072,-9.7377287723910797
114.07300000000001,-9.7442184749214054
114.074,-9.7507112473052349
114.075,-9.7572069857083861
114.07599999999999,-9.7637055859014605
114.077,-9.7702069432612131
114.078,-9.776710952772067
114.07900000000001,-9.7832175090275015
114.08,-9.7897265062315331
114.081,-9.7962378382002484
114.08199999999999,-9.802751398363311
114.083,-9.8092670797654655
114.084,-9.8157847750681704
114.08500000000001,-9.8223043765511662
114.086,-9.828825776114039
114.087,-9.8353488652779379
114.08799999999999,-9.8418735351871742
114.089,-9.8483996766109456
114.09,-9.8549271799449762
114.09099999999999,-9.8614559352133266
114.092,-9.8679858320701062
114.093,-9.874516759801212
114.09399999999999,-9.8810486073261998
114.095,-9.8875812632000635
114.096,-9.8941146156150488
114.09699999999999,-9.9006485524025916
114.098,-9.9071829610351649
114.099,-9.9137177286281659
114.09999999999999,-9.9202527419419209
114.101,-9.926787887383604
114.102,-9.9333230510091894
114.10299999999999,-9.939858118525537
114.104,-9.9463929752923423
114.105,-9.9529275063242579
114.10599999999999,-9.9594615962928863
114.107,-9.965995129528963
114.108,-9.9725279900244423
114.10899999999999,-9.9790600614346108
114.11,-9.9855912270803113
114.111,-9.992121369950123
114.11199999999999,-9.9986503727025173
114.113,-10.005178117668175
114.114,-10.011704486852214
114.11499999999999,-10.018229361936436
114.116,-10.024752624281705
114.117,-10.031274154930241
114.11799999999999,-10.037793834607932
114.119,-10.044311543726788
114.12,-10.050827162387289
114.121,-10.057340570380831
114.122,-10.063851647192129
114.123,-10.070360272001743
114.124,-10.076866323688533
114.125,-10.083369680832162
114.126,-10.089870221715669
114.127,-10.096367824328009
114.128,-10.102862366366599
114.129,-10.109353725239993
114.13,-10.115841778070459
114.131,-10.12232640169662
114.13200000000001,-10.128807472676163
114.133,-10.135284867288515
114.134,-10.141758461537565
114.13500000000001,-10.148228131154363
114.136,-10.154693751599945
114.137,-10.161155198068093
114.13800000000001,-10.167612345488088
114.139,-10.174065068527627
114.14,-10.180513241595614
114.14100000000001,-10.186956738845025
114.142,-10.193395434175841
114.143,-10.199829201237952
114.14400000000001,-10.206257913434046
114.145,-10.212681443922643
114.146,-10.219099665621034
114.14700000000001,-10.225512451208257
114.148,-10.23191967312818
114.149,-10.238321203592511
114.15000000000001,-10.24471691458387
114.151,-10.251106677858846
114.152,-10.257490364951169
114.15300000000001,-10.263867847174796
114.154,-10.270238995627041
114.155,-10.276603681191808
114.15600000000001,-10.282961774542741
114.157,-10.289313146146419
114.158,-10.29565766626564
114.15900000000001,-10.301995204962648
114.16,-10.308325632102381
114.161,-10.314648817355813
114.16200000000001,-10.320964630203255
114.163,-10.32727293993764
114.164,-10.333573615667955
114.16499999999999,-10.339866526322561
114.166,-10.346151540652622
114.167,-10.352428527235459
114.16800000000001,-10.358697354478053
114.169,-10.364957890620481
114.17,-10.371210003739327
114.17099999999999,-10.377453561751256
114.172,-10.38368843241649
114.173,-10.389914483342292
114.17400000000001,-10.396131581986598
114.175,-10.40233959566153
114.176,-10.408538391536958
114.17699999999999,-10.414727836644166
114.178,-10.420907797879448
114.179,-10.427078142007698
114.18000000000001,-10.433238735666137
114.181,-10.439389445367961
114.182,-10.445530137506031
114.18299999999999,-10.451660678356555
114.184,-10.457780934082876
114.185,-10.463890770739177
114.18600000000001,-10.469990054274222
114.187,-10.476078650535197
114.188,-10.482156425271457
114.18899999999999,-10.488223244138332
114.19,-10.49427897270099
114.191,-10.500323476438277
114.19200000000001,-10.506356620746528
114.193,-10.512378270943508
114.194,-10.518388292272284
114.19499999999999,-10.52438654990509
114.196,-10.530372908947315
114.197,-10.536347234441413
114.19800000000001,-10.542309391370855
114.199,-10.548259244664072
114.2,-10.554196659198499
114.20099999999999,-10.560121499804541
114.202,-10.566033631269551
114.203,-10.571932918341917
114.20400000000001,-10.577819225735087
114.205,-10.583692418131578
114.206,-10.589552360187106
114.20699999999999,-10.595398916534647
114.208,-10.601231951788488
114.209,-10.607051330548421
114.21000000000001,-10.612856917403798
114.211,-10.618648576937675
114.212,-10.624426173730972
114.21299999999999,-10.630189572366644
114.214,-10.635938637433833
114.215,-10.641673233532028
114.21599999999999,-10.647393225275311
114.217,-10.653098477296547
114.218,-10.658788854251558
114.21899999999999,-10.664464220823419
114.22,-10.670124441726665
114.221,-10.675769381711515
114.22199999999999,-10.681398905568187
114.223,-10.687012878131142
114.224,-10.692611164283344
114.22499999999999,-10.69819362896059
114.226,-10.703760137155816
114.227,-10.709310553923331
114.22799999999999,-10.714844744383241
114.229,-10.720362573725705
114.23,-10.725863907215317
114.23099999999999,-10.731348610195388
114.232,-10.736816548092389
114.233,-10.742267586420253
114.23399999999999,-10.747701590784736
114.235,-10.753118426887847
114.236,-10.758517960532201
114.23699999999999,-10.763900057625396
114.238,-10.769264584184457
114.239,-10.77461140634021
114.23999999999999,-10.779940390341684
114.241,-10.785251402560567
114.242,-10.790544309495623
114.24299999999999,-10.795818977777072
114.244,-10.801075274171101
114.245,-10.806313065584265
114.246,-10.811532219067937
114.247,-10.816732601822745
114.248,-10.821914081203074
114.249,-10.827076524721491
114.25,-10.832219800053194
114.251,-10.837343775040523
114.252,-10.842448317697425
114.253,-10.847533296213879
114.254,-10.852598578960437
114.255,-10.857644034492692
114.256,-10.862669531555705
114.25700000000001,-10.867674939088587
114.258,-10.872660126228906
114.259,-10.877624962317228
114.26000000000001,-10.882569316901556
114.261,-10.887493059741894
114.262,-10.892396060814685
114.26300000000001,-10.89727819031731
114.264,-10.902139318672626
114.265,-10.906979316533423
114.26600000000001,-10.911798054786908
114.267,-10.916595404559258
114.268,-10.921371237220065
114.26900000000001,-10.92612542438683
114.27,-10.930857837929494
114.271,-10.935568349974915
114.27200000000001,-10.940256832911311
114.273,-10.944923159392838
114.274,-10.949567202343998
114.27500000000001,-10.954188834964175
114.276,-10.958787930732068
114.277,-10.963364363410223
114.27800000000001,-10.967918007049484
114.279,-10.972448735993444
114.28,-10.976956424882957
114.28100000000001,-10.981440948660579
114.282,-10.985902182575018
114.283,-10.99034000218561
114.28400000000001,-10.994754283366785
114.285,-10.999144902312455
114.286,-11.003511735540521
114.28700000000001,-11.007854659897284
114.288,-11.012173552561842
114.289,-11.016468291050582
114.28999999999999,-11.020738753221533
114.291,-11.024984817278829
114.292,-11.029206361777058
114.29300000000001,-11.033403265625711
114.294,-11.037575408093556
114.295,-11.041722668812984
114.29599999999999,-11.045844927784431
114.297,-11.049942065380742
114.298,-11.054013962351485
114.29900000000001,-11.058060499827336
114.3,-11.062081559324422
114.301,-11.066077022748608
114.30199999999999,-11.070046772399875
114.303,-11.073990690976602
114.304,-11.077908661579844
114.30500000000001,-11.081800567717668
114.306,-11.085666293309398
114.307,-11.089505722689918
114.30799999999999,-11.093318740613872
114.309,-11.097105232259972
114.31,-11.100865083235206
114.31100000000001,-11.104598179579039
114.312,-11.108304407767658
114.313,-11.111983654718166
114.31399999999999,-11.115635807792724
114.315,-11.119260754802784
114.316,-11.122858384013215
114.31700000000001,-11.126428584146419
114.318,-11.12997124438653
114.319,-11.133486254383476
114.31999999999999,-11.136973504257096
114.321,-11.140432884601234
114.322,-11.14386428648781
114.32300000000001,-11.147267601470872
114.324,-11.150642721590637
114.325,-11.153989539377525
114.32599999999999,-11.157307947856165
114.327,-11.160597840549388
114.328,-11.163859111482203
114.32900000000001,-11.16709165518577
114.33,-11.170295366701321
114.331,-11.173470141584108
114.33199999999999,-11.176615875907304
114.333,-11.179732466265891
114.334,-11.18281980978054
114.33500000000001,-11.185877804101459
114.336,-11.18890634741223
114.337,-11.191905338433632
114.33799999999999,-11.194874676427442
114.339,-11.197814261200206
114.34,-11.200723993106992
114.34099999999999,-11.203603773055152
114.342,-11.206453502508035
114.343,-11.209273083488659
114.34399999999999,-11.212062418583434
114.345,-11.214821410945795
114.346,-11.217549964299831
114.34699999999999,-11.220247982943929
114.348,-11.222915371754356
114.349,-11.225552036188809
114.34999999999999,-11.228157882290004
114.351,-11.230732816689192
114.352,-11.23327674660964
114.35299999999999,-11.235789579870152
114.354,-11.238271224888516
114.355,-11.240721590684933
114.35599999999999,-11.24314058688544
114.357,-11.24552812372529
114.358,-11.247884112052352
114.35899999999999,-11.250208463330402
114.36,-11.25250108964249
114.361,-11.254761903694211
114.36199999999999,-11.256990818816968
114.363,-11.259187748971241
114.364,-11.261352608749785
114.36499999999999,-11.263485313380833
114.366,-11.265585778731266
114.367,-11.267653921309751
114.36799999999999,-11.269689658269865
114.369,-11.271692907413181
114.37,-11.273663587192328
114.371,-11.275601616714049
114.372,-11.277506915742176
114.373,-11.27937940470065
114.374,-11.281219004676469
114.375,-11.283025637422599
114.376,-11.28479922536089
114.377,-11.286539691584967
114.378,-11.288246959863033
114.379,-11.289920954640731
114.38,-11.291561601043911
114.381,-11.293168824881395
114.38200000000001,-11.294742552647703
114.383,-11.296282711525775
114.384,-11.297789229389631
114.38500000000001,-11.299262034807009
114.386,-11.300701057042003
114.387,-11.302106226057637
114.38800000000001,-11.303477472518406
114.389,-11.304814727792831
114.39,-11.30611792395594
114.39100000000001,-11.307386993791733
114.392,-11.308621870795617
114.393,-11.309822489176826
114.39400000000001,-11.310988783860761
114.395,-11.312120690491374
114.396,-11.31321814543346
114.39700000000001,-11.314281085774915
114.398,-11.315309449329042
114.399,-11.316303174636708
114.40000000000001,-11.31726220096858
114.401,-11.318186468327232
114.402,-11.319075917449311
114.40300000000001,-11.319930489807602
114.404,-11.320750127613083
114.405,-11.321534773816976
114.40600000000001,-11.322284372112707
114.407,-11.322998866937887
114.408,-11.323678203476236
114.40900000000001,-11.324322327659473
114.41,-11.324931186169179
114.411,-11.325504726438634
114.41200000000001,-11.32604289665459
114.413,-11.326545645759055
114.414,-11.327012923451013
114.41499999999999,-11.327444680188115
114.416,-11.327840867188341
114.417,-11.328201436431632
114.41800000000001,-11.328526340661471
114.419,-11.328815533386457
114.42,-11.32906896888182
114.42099999999999,-11.329286602190914
114.422,-11.329468389126665
114.423,-11.329614286273006
114.42400000000001,-11.329724250986251
114.425,-11.329798241396464
114.426,-11.329836216408756
114.42699999999999,-11.329838135704584
114.428,-11.329803959742991
114.429,-11.32973364976182
114.43000000000001,-11.329627167778893
114.431,-11.329484476593155
114.432,-11.329305539785778
114.43299999999999,-11.329090321721241
114.434,-11.328838787548355
114.435,-11.328550903201275
114.43600000000001,-11.328226635400462
114.437,-11.327865951653621
114.438,-11.327468820256584
114.43899999999999,-11.327035210294179
114.44,-11.326565091641051
114.441,-11.326058434962448
114.44200000000001,-11.325515211714983
114.443,-11.324935394147344
114.444,-11.324318955300969
114.44499999999999,-11.323665869010709
114.446,-11.322976109905424
114.447,-11.322249653408551
114.44800000000001,-11.321486475738665
114.449,-11.320686553909958
114.45,-11.31984986573271
114.45099999999999,-11.31897638981374
114.452,-11.318066105556758
114.453,-11.317118993162765
114.45400000000001,-11.316135033630349
114.455,-11.315114208755988
114.456,-11.314056501134278
114.45699999999999,-11.31296189415816
114.458,-11.311830372019111
114.459,-11.310661919707263
114.46000000000001,-11.30945652301151
114.461,-11.3082141685196
114.462,-11.306934843618142
114.46299999999999,-11.305618536492618
114.464,-11.304265236127343
114.465,-11.302874932305391
114.46599999999999,-11.301447615608481
114.467,-11.29998327741683
114.468,-11.298481909908979
114.46899999999999,-11.296943506061567
114.47,-11.295368059649073
114.471,-11.293755565243545
114.47199999999999,-11.292106018214254
114.473,-11.290419414727346
114.474,-11.288695751745436
114.47499999999999,-11.286935027027186
114.476,-11.28513723912682
114.477,-11.283302387393643
114.47799999999999,-11.281430471971484
114.479,-11.279521493798129
114.48,-11.277575454604705
114.48099999999999,-11.275592356915045
114.482,-11.273572204045003
114.483,-11.271515000101726
114.48399999999999,-11.269420749982931
114.485,-11.267289459376082
114.486,-11.265121134757605
114.48699999999999,-11.262915783392009
114.488,-11.260673413331004
114.489,-11.258394033412573
114.48999999999999,-11.256077653260023
114.491,-11.253724283280965
114.492,-11.251333934666309
114.49299999999999,-11.248906619389201
114.494,-11.246442350203894
114.495,-11.24394114064466
114.496,-11.241403005024587
114.497,-11.238827958434408
114.498,-11.236216016741242
114.499,-11.233567196587339
114.5,-11.230881515388788
114.501,-11.228158991334158
114.502,-11.225399643383142
114.503,-11.222603491265167
114.504,-11.219770555477936
114.505,-11.216900857285975
114.506,-11.213994418719134
114.50700000000001,-11.211051262571038
114.508,-11.20807141239753
114.509,-11.205054892515069
114.51000000000001,-11.202001727999114
114.511,-11.198911944682429
114.512,-11.195785569153404
114.51300000000001,-11.192622628754341
114.514,-11.18942315157966
114.515,-11.186187166474127
114.51600000000001,-11.182914703031052
114.517,-11.179605791590374
114.518,-11.176260463236826
114.51900000000001,-11.17287874979802
114.52,-11.169460683842445
114.521,-11.166006298677539
114.52200000000001,-11.162515628347672
114.523,-11.158988707632071
114.524,-11.155425572042788
114.52500000000001,-11.151826257822567
114.526,-11.148190801942746
114.527,-11.144519242101071
114.52800000000001,-11.140811616719491
114.529,-11.137067964941988
114.53,-11.133288326632274
114.53100000000001,-11.129472742371524
114.532,-11.12562125345611
114.533,-11.121733901895203
114.53400000000001,-11.117810730408426
114.535,-11.113851782423501
114.536,-11.109857102073763
114.53700000000001,-11.105826734195741
114.538,-11.101760724326706
114.539,-11.097659118702101
114.53999999999999,-11.093521964253053
114.541,-11.089349308603799
114.542,-11.085141200069115
114.54300000000001,-11.080897687651664
114.544,-11.076618821039373
114.545,-11.072304650602792
114.54599999999999,-11.067955227392344
114.547,-11.063570603135643
114.548,-11.059150830234742
114.54900000000001,-11.05469596176335
114.55,-11.050206051464029
114.551,-11.045681153745406
114.55199999999999,-11.041121323679278
114.553,-11.036526616997756
114.554,-11.031897090090393
114.55500000000001,-11.027232800001219
114.556,-11.022533804425825
114.557,-11.01780016170836
114.55799999999999,-11.013031930838601
114.559,-11.008229171448857
114.56,-11.003391943810962
114.56100000000001,-10.998520308833246
114.562,-10.993614328057383
114.563,-10.988674063655315
114.56399999999999,-10.983699578426135
114.565,-10.978690935792901
114.566,-10.973648199799465
114.56700000000001,-10.968571435107318
114.568,-10.963460706992301
114.569,-10.958316081341406
114.56999999999999,-10.953137624649532
114.571,-10.947925404016157
114.572,-10.942679487142062
114.57300000000001,-10.937399942325998
114.574,-10.932086838461368
114.575,-10.926740245032828
114.57599999999999,-10.92136023211291
114.577,-10.915946870358672
114.578,-10.910500231008196
114.57900000000001,-10.905020385877197
114.58,-10.899507407355584
114.581,-10.893961368403925
114.58199999999999,-10.888382342549992
114.583,-10.882770403885264
114.584,-10.877125627061348
114.58500000000001,-10.871448087286449
114.586,-10.865737860321872
114.587,-10.859995022478323
114.58799999999999,-10.854219650612405
114.589,-10.848411822122953
114.59,-10.842571614947456
114.59099999999999,-10.836699107558353
114.592,-10.830794378959393
114.593,-10.824857508681999
114.59399999999999,-10.818888576781514
114.595,-10.812887663833518
114.596,-10.80685485093014
114.59699999999999,-10.80079021967628
114.598,-10.794693852185866
114.599,-10.788565831078133
114.59999999999999,-10.782406239473795
114.601,-10.776215160991267
114.602,-10.769992679742915
114.60299999999999,-10.763738880331156
114.604,-10.757453847844706
114.605,-10.75113766785468
114.60599999999999,-10.744790426410821
114.607,-10.738412210037545
114.608,-10.732003105730119
114.60899999999999,-10.725563200950791
114.61,-10.719092583624855
114.611,-10.71259134213674
114.61199999999999,-10.706059565326164
114.613,-10.699497342484122
114.614,-10.692904763348984
114.61499999999999,-10.686281918102589
114.616,-10.679628897366207
114.617,-10.672945792196638
114.61799999999999,-10.666232694082241
114.619,-10.659489694938909
114.62,-10.652716887106115
114.621,-10.645914363342886
114.622,-10.639082216823864
114.623,-10.632220541135203
114.624,-10.62532943027059
114.625,-10.618408978627265
114.626,-10.611459281001919
114.627,-10.604480432586664
114.628,-10.597472528965049
114.629,-10.590435666107931
114.63,-10.583369940369453
114.631,-10.576275448483019
114.63200000000001,-10.569152287557154
114.633,-10.562000555071485
114.634,-10.554820348872635
114.63500000000001,-10.547611767170192
114.636,-10.540374908532559
114.637,-10.533109871882894
114.63800000000001,-10.525816756495065
114.639,-10.518495661989467
114.64,-10.511146688328974
114.64100000000001,-10.503769935814878
114.642,-10.4963655050827
114.643,-10.488933497098133
114.64400000000001,-10.481474013152965
114.645,-10.473987154860906
114.646,-10.466473024153503
114.64700000000001,-10.458931723276075
114.648,-10.451363354783533
114.649,-10.4437680215363
114.65000000000001,-10.436145826696176
114.651,-10.428496873722302
114.652,-10.420821266366936
114.65300000000001,-10.413119108671397
114.654,-10.405390504961993
114.655,-10.397635559845822
114.65600000000001,-10.38985437820671
114.657,-10.382047065201139
114.658,-10.374213726254064
114.65900000000001,-10.366354467054839
114.66,-10.358469393553161
114.661,-10.350558611954897
114.66200000000001,-10.342622228717996
114.663,-10.334660350548482
114.664,-10.326673084396226
114.66499999999999,-10.31866053745096
114.666,-10.310622817138128
114.667,-10.302560031114885
114.66800000000001,-10.294472287265913
114.669,-10.286359693699413
114.67,-10.27822235874306
114.67099999999999,-10.270060390939857
114.672,-10.261873899044126
114.673,-10.253662992017492
114.67400000000001,-10.245427779024745
114.675,-10.237168369429835
114.676,-10.228884872791896
114.67699999999999,-10.220577398861108
114.678,-10.212246057574722
114.679,-10.2038909590531
114.68000000000001,-10.195512213595572
114.681,-10.187109931676552
114.682,-10.178684223941453
114.68299999999999,-10.170235201202786
114.684,-10.161762974436082
114.685,-10.153267654775959
114.68600000000001,-10.144749353512196
114.687,-10.136208182085698
114.688,-10.127644252084567
114.68899999999999,-10.119057675240231
114.69,-10.110448563423397
114.691,-10.101817028640188
114.69200000000001,-10.093163183028265
114.693,-10.084487138852833
114.694,-10.07578900850279
114.69499999999999,-10.067068904486892
114.696,-10.058326939429772
114.697,-10.049563226068145
114.69800000000001,-10.040777877246924
114.699,-10.031971005915429
114.7,-10.023142725123463
114.70099999999999,-10.01429314801754
114.702,-10.005422387837113
114.703,-9.9965305579106811
114.70400000000001,-9.9876177716520544
114.705,-9.9786841425566113
114.706,-9.969729784197451
114.70699999999999,-9.9607548102216779
114.708,-9.9517593343467183
114.709,-9.9427434703564845
114.71000000000001,-9.9337073320977183
114.711,-9.9246510334763247
114.712,-9.915574688453594
114.71299999999999,-9.9064784110425883
114.714,-9.8973623153044414
114.715,-9.8882265153447726
114.71599999999999,-9.879071125309963
114.717,-9.8698962593835642
114.718,-9.8607020317827576
114.71899999999999,-9.8514885567546457
114.72,-9.8422559485727295
114.721,-9.8330043215333927
114.72199999999999,-9.8237337899522412
114.723,-9.814444468160632
114.724,-9.8051364705021822
114.72499999999999,-9.7958099113291794
114.726,-9.7864649049991357
114.727,-9.777101565871348
114.72799999999999,-9.7677200083033604
114.729,-9.7583203466475688
114.73,-9.7489026952477555
114.73099999999999,-9.7394671684357625
114.732,-9.7300138805279683
114.733,-9.7205429458219825
114.73399999999999,-9.7110544785933133
114.735,-9.7015485930919105
114.736,-9.6920254035389117
114.73699999999999,-9.6824850241233609
114.738,-9.6729275689988015
114.739,-9.6633531522800578
114.73999999999999,-9.6537618880400125
114.741,-9.644153890306276
114.742,-9.6345292730579715
114.74299999999999,-9.6248881502226116
114.744,-9.6152306356727753
114.745,-9.6055568432230132
114.746,-9.5958668866266379
114.747,-9.5861608795726703
114.748,-9.5764389356825923
114.749,-9.5667011685073096
114.75,-9.556947691524103
114.751,-9.5471786181334597
114.752,-9.5373940616560748
114.753,-9.5275941353298705
114.754,-9.5177789523068714
114.755,-9.5079486256502737
114.756,-9.4981032683315032
114.75700000000001,-9.4882429932271624
114.758,-9.478367913116168
114.759,-9.468478140676778
114.76000000000001,-9.4585737884837808
114.761,-9.4486549690054815
114.762,-9.4387217946009194
114.76300000000001,-9.4287743775170565
114.764,-9.4188128298858622
114.765,-9.4088372637215514
114.76600000000001,-9.3988477909178521
114.767,-9.3888445232451403
114.768,-9.3788275723477383
114.76900000000001,-9.3687970497412554
114.77,-9.3587530668097596
114.771,-9.3486957348031456
114.77200000000001,-9.3386251648345358
114.773,-9.3285414678775087
114.774,-9.3184447547635543
114.77500000000001,-9.30833513617943
114.776,-9.2982127226646352
114.777,-9.2880776246087571
114.77800000000001,-9.2779299522489591
114.779,-9.2677698156675206
114.78,-9.2575973247892183
114.78100000000001,-9.2474125893788912
114.782,-9.2372157190390389
114.783,-9.2270068232072635
114.78400000000001,-9.2167860111538999
114.785,-9.206553391979666
114.786,-9.1963090746131719
114.78700000000001,-9.1860531678086144
114.788,-9.1757857801434834
114.789,-9.1655070200161362
114.78999999999999,-9.1552169956435758
114.791,-9.1449158150591199
114.792,-9.1346035861102255
114.79300000000001,-9.1242804164561413
114.794,-9.1139464135657402
114.795,-9.1036016847153807
114.79599999999999,-9.0932463369866152
114.797,-9.0828804772641014
114.798,-9.0725042122335129
114.79900000000001,-9.0621176483793189
114.8,-9.0517208919827468
114.801,-9.0413140491197659
114.80199999999999,-9.0308972256589257
114.803,-9.0204705272593806
114.804,-9.0100340593689356
114.80500000000001,-8.9995879272219526
114.806,-8.9891322358374488
114.807,-8.978667090017117
114.80799999999999,-8.9681925943434742
114.809,-8.9577088531778486
114.81,-8.9472159706585401
114.81100000000001,-8.936714050699031
114.812,-8.9262031969860143
114.813,-8.9156835129776422
114.81399999999999,-8.9051551019017694
114.815,-8.8946180667540684
114.816,-8.8840725102963241
114.81700000000001,-8.8735185350547603
114.818,-8.862956243318191
114.819,-8.8523857371363999
114.81999999999999,-8.8418071183185045
114.821,-8.8312204884312013
114.822,-8.8206259487971952
114.82300000000001,-8.8100236004935564
114.824,-8.7994135443501982
114.825,-8.7887958809481859
114.82599999999999,-8.7781707106182534
114.827,-8.7675381334393165
114.828,-8.7568982492368495
114.82900000000001,-8.7462511575814634
114.83,-8.7355969577874717
114.831,-8.7249357489113404
114.83199999999999,-8.714267629750319
114.833,-8.7035926988410655
114.834,-8.6929110544581754
114.83500000000001,-8.6822227946128354
114.836,-8.6715280170515587
114.837,-8.66082681925473
114.83799999999999,-8.6501192984353636
114.839,-8.6394055515378021
114.84,-8.6286856752364951
114.84099999999999,-8.6179597659346605
114.842,-8.607227919763087
114.843,-8.5964902325790025
114.84399999999999,-8.5857467999647685
114.845,-8.5749977172267542
114.846,-8.564243079394247
114.84699999999999,-8.5534829812182274
114.848,-8.5427175171702796
114.849,-8.5319467814415901
114.84999999999999,-8.5211708679417377
114.851,-8.5103898702977094
114.852,-8.4996038818529271
114.85299999999999,-8.4888129956661
114.854,-8.478017304510324
114.855,-8.4672169008720619
114.85599999999999,-8.4564118769502592
114.857,-8.445602324655292
114.858,-8.4347883356081024
114.85899999999999,-8.4239700011393595
114.86,-8.4131474122884597
114.861,-8.4023206598027205
114.86199999999999,-8.3914898341365944
114.863,-8.3806550254507268
114.864,-8.3698163236111984
114.86499999999999,-8.3589738181888045
114.866,-8.3481275984581558
114.867,-8.3372777533969948
114.86799999999999,-8.3264243716855137
114.869,-8.3155675417055122
114.87,-8.3047073515397862
114.871,-8.2938438889714039
114.872,-8.2829772414831151
114.873,-8.2721074962566004
114.874,-8.2612347401718811
114.875,-8.2503590598067884
114.876,-8.2394805414362331
114.877,-8.2285992710317029
114.878,-8.2177153342607472
114.879,-8.2068288164863308
114.88,-8.195939802766361
114.881,-8.1850483778532386
114.88200000000001,-8.1741546261932427
114.883,-8.1632586319261478
114.884,-8.1523604788847184
114.88500000000001,-8.1414602505943421
114.886,-8.1305580302724962
114.887,-8.119653900828391
114.88800000000001,-8.1087479448626389
114.889,-8.0978402446667594
114.89,-8.0869308822228838
114.89100000000001,-8.0760199392034586
114.892,-8.0651074969708088
114.893,-8.054193636576878
114.89400000000001,-8.0432784387630019
114.895,-8.0323619839594933
114.896,-8.0214443522854495
114.89700000000001,-8.0105256235485491
114.898,-7.9996058772447096
114.899,-7.9886851925579432
114.90000000000001,-7.9777636483601064
114.901,-7.9668413232107991
114.902,-7.9559182953570602
114.90300000000001,-7.9449946427332794
114.904,-7.9340704429611009
114.905,-7.9231457733491801
114.90600000000001,-7.9122207108931182
114.907,-7.9012953322754367
114.908,-7.8903697138653452
114.90900000000001,-7.8794439317187539
114.91,-7.8685180615782517
114.911,-7.8575921788729577
114.91200000000001,-7.8466663587185366
114.913,-7.8357406759172488
114.914,-7.8248152049578206
114.91499999999999,-7.8138900200155348
114.916,-7.8029651949522183
114.917,-7.7920408033163451
114.91800000000001,-7.7811169183429758
114.919,-7.7701936129538751
114.92,-7.7592709597576537
114.92099999999999,-7.7483490310497167
114.922,-7.737427898812447
114.923,-7.7265076347153627
114.92400000000001,-7.7155883101151268
114.925,-7.7046699960557508
114.926,-7.6937527632687903
114.92699999999999,-7.6828366821734058
114.928,-7.6719218228765751
114.929,-7.6610082551733658
114.93000000000001,-7.6500960485469829
114.931,-7.6391852721690903
114.932,-7.628275994899969
114.93299999999999,-7.6173682852888298
114.934,-7.6064622115739553
114.935,-7.5955578416830036
114.93600000000001,-7.5846552432333283
114.937,-7.573754483532154
114.938,-7.5628556295769087
114.93899999999999,-7.5519587480555881
114.94,-7.5410639053469506
114.941,-7.5301711675208978
114.94200000000001,-7.5192806003388508
114.943,-7.5083922692539957
114.944,-7.497506239411674
114.94499999999999,-7.4866225756498199
114.946,-7.4757413424992034
114.947,-7.4648626041838941
114.94800000000001,-7.4539864246216183
114.949,-7.4431128674242331
114.95,-7.4322419958980195
114.95099999999999,-7.4213738730441712
114.952,-7.4105085615592667
114.953,-7.3996461238356108
114.95400000000001,-7.3887866219617262
114.955,-7.377930117722876
114.956,-7.3670766726014154
114.95699999999999,-7.3562263477773175
114.958,-7.3453792041287276
114.959,-7.3345353022323287
114.96000000000001,-7.3236947023639019
114.961,-7.3128574644989026
114.962,-7.3020236483128507
114.96299999999999,-7.2911933131819424
114.964,-7.2803665181835431
114.965,-7.2695433220968066
114.96599999999999,-7.258723783403104
114.967,-7.2479079602866534
114.968,-7.2370959106351247
114.96899999999999,-7.2262876920401116
114.97,-7.2154833617977605
114.971,-7.2046829769094209
114.97199999999999,-7.1938865940821231
114.973,-7.1830942697292386
114.974,-7.1723060599711435
114.97499999999999,-7.1615220206357204
114.976,-7.1507422072590412
114.977,-7.1399666750860522
114.97799999999999,-7.1291954790711003
114.979,-7.1184286738786362
114.98,-7.1076663138838434
114.98099999999999,-7.0969084531733539
114.982,-7.0861551455458134
114.983,-7.0754064445125895
114.98399999999999,-7.0646624032985024
114.985,-7.0539230748424053
114.986,-7.0431885117979061
114.98699999999999,-7.0324587665341323
114.988,-7.0217338911363054
114.989,-7.0110139374064957
114.98999999999999,-7.0002989568643947
114.991,-6.9895890007479125
114.992,-6.9788841200139409
114.99299999999999,-6.9681843653391464
114.994,-6.957489787120581
114.995,-6.9468004354764865
114.996,-6.9361163602469915
114.997,-6.925437610994944
114.998,-6.914764237006521
114.999,-6.904096287292063
115,-6.8934338105868616
115.001,-6.8827768553518247
115.002,-6.872125469774284
115.003,-6.8614797017688325
115.004,-6.8508395989779682
115.005,-6.8402052087729412
115.006,-6.829576578254585
115.00700000000001,-6.8189537542539842
115.008,-6.8083367833333437
115.009,-6.797725711786736
115.01000000000001,-6.7871205856409755
115.011,-6.7765214506563058
115.012,-6.7659283523272453
115.01300000000001,-6.7553413358834717
115.014,-6.744760446290492
115.015,-6.7341857282505231
