timestamp,signal
101,10.11571005267359
101.001,10.11538556402826
101.002,10.115058863336749
101.003,10.114729902363386
101.004,10.114398632195853
101.005,10.114065003245592
101.006,10.113728965248303
101.00700000000001,10.113390467264482
101.008,10.113049457680107
101.009,10.112705884207342
101.01000000000001,10.112359693885354
101.011,10.112010833081213
101.012,10.111659247490866
101.01300000000001,10.111304882140196
101.014,10.110947681386167
101.015,10.110587588918044
101.01600000000001,10.110224547758714
101.017,10.109858500266075
101.018,10.109489388134527
101.01900000000001,10.109117152396514
101.02,10.108741733424202
101.021,10.108363070931201
101.02200000000001,10.107981103974391
101.023,10.107595770955829
101.024,10.10720700962475
101.02500000000001,10.106814757079642
101.026,10.10641894977042
101.027,10.106019523500686
101.02800000000001,10.105616413430065
101.029,10.105209554076646
101.03,10.104798879319494
101.03100000000001,10.104384322401264
101.032,10.103965815930897
101.033,10.103543291886394
101.03400000000001,10.103116681617708
101.035,10.10268591584969
101.036,10.102250924685153
101.03700000000001,10.101811637607993
101.038,10.101367983486433
101.039,10.10091989057635
101.04000000000001,10.100467286524648
101.041,10.10001009837279
101.042,10.099548252560364
101.04300000000001,10.099081674928753
101.044,10.098610290724926
101.045,10.098134024605253
101.04600000000001,10.09765280063948
101.047,10.097166542314746
101.048,10.096675172539697
101.04900000000001,10.096178613648718
101.05,10.095676787406203
101.051,10.095169615010972
101.05200000000001,10.094657017100728
101.053,10.094138913756623
101.054,10.093615224507928
101.05500000000001,10.093085868336759
101.056,10.092550763682917
101.057,10.092009828448802
101.05800000000001,10.091462980004421
101.059,10.090910135192493
101.06,10.090351210333608
101.06100000000001,10.08978612123153
101.062,10.089214783178518
101.063,10.088637110960798
101.06399999999999,10.088053018864077
101.065,10.08746242067917
101.066,10.086865229707692
101.06699999999999,10.086261358767858
101.068,10.085650720200341
101.069,10.085033225874248
101.06999999999999,10.084408787193151
101.071,10.083777315101219
101.072,10.083138720089423
101.07299999999999,10.082492912201849
101.074,10.081839801042047
101.075,10.081179295779522
101.07599999999999,10.08051130515625
101.077,10.079835737493321
101.078,10.079152500697631
101.07899999999999,10.078461502268681
101.08,10.077762649305432
101.081,10.077055848513263
101.08199999999999,10.07634100621098
101.083,10.075618028337937
101.084,10.074886820461202
101.08499999999999,10.074147287782836
101.086,10.073399335147208
101.087,10.072642867048428
101.08799999999999,10.07187778763781
101.089,10.071104000731461
101.09,10.070321409817907
101.09099999999999,10.069529918065809
101.092,10.068729428331732
101.093,10.067919843168022
101.09399999999999,10.067101064830725
101.095,10.066272995287587
101.096,10.065435536226124
101.09699999999999,10.064588589061756
101.098,10.063732054946023
101.099,10.062865834774859
101.09999999999999,10.061989829196923
101.101,10.061103938622027
101.102,10.060208063229592
101.10299999999999,10.059302102977203
101.104,10.058385957609195
101.105,10.057459526665328
101.10599999999999,10.056522709489519
101.107,10.055575405238626
101.108,10.054617512891289
101.10899999999999,10.053648931256857
101.11,10.052669558984332
101.111,10.051679294571422
101.11199999999999,10.050678036373588
101.113,10.049665682613213
101.114,10.048642131388775
101.11499999999999,10.04760728068409
101.116,10.046561028377626
101.117,10.045503272251837
101.11799999999999,10.044433910002564
101.119,10.043352839248502
101.12,10.042259957540669
101.121,10.041155162371977
101.122,10.040038351186816
101.123,10.038909421390683
101.124,10.037768270359875
101.125,10.036614795451214
101.126,10.035448894011804
101.127,10.034270463388845
101.128,10.033079400939481
101.129,10.031875604040698
101.13,10.030658970099214
101.131,10.029429396561483
101.13200000000001,10.028186780923649
101.133,10.026931020741618
101.134,10.02566201364108
101.13500000000001,10.02437965732763
101.136,10.023083849596883
101.137,10.021774488344629
101.13800000000001,10.020451471577012
101.139,10.019114697420742
101.14,10.017764064133331
101.14100000000001,10.016399470113345
101.142,10.015020813910695
101.143,10.013627994236922
101.14400000000001,10.012220909975545
101.145,10.010799460192384
101.146,10.009363544145934
101.14700000000001,10.00791306129773
101.148,10.006447911322756
101.149,10.004967994119827
101.15000000000001,10.00347320982204
101.151,10.001963458807175
101.152,10.000438641708165
101.15300000000001,9.9988986594235101
101.154,9.997343413127771
101.155,9.9957728042820104
101.15600000000001,9.994186734644261
101.157,9.9925851062800124
101.158,9.9909678215726672
101.15900000000001,9.9893347832340176
101.16,9.9876858943147369
101.161,9.9860210582148223
101.16200000000001,9.9843401786940849
101.163,9.9826431598825973
101.164,9.9809299062911645
101.16500000000001,9.9792003228217716
101.166,9.9774543147780008
101.167,9.975691787875494
101.16800000000001,9.9739126482523517
101.169,9.9721168024795421
101.17,9.9703041575712916
101.17100000000001,9.96847462099546
101.172,9.9666281006838968
101.173,9.9647645050427851
101.17400000000001,9.962883742962946
101.175,9.9609857238301593
101.176,9.9590703575354116
101.17700000000001,9.9571375544851577
101.178,9.9551872256115583
101.179,9.9532192823826513
101.18000000000001,9.9512336368125425
101.181,9.9492302014715293
101.182,9.9472088894962187
101.18300000000001,9.9451696145995943
101.184,9.9431122910810643
101.185,9.9410368338364616
101.18600000000001,9.9389431583680174
101.187,9.936831180794286
101.188,9.9347008178600369
101.18899999999999,9.9325519869461107
101.19,9.9303846060792171
101.191,9.9281985939417154
101.19199999999999,9.9259938698813013
101.193,9.923770353920716
101.194,9.9215279667673482
101.19499999999999,9.9192666298228183
101.196,9.9169862651924987
101.197,9.9146867956949851
101.19799999999999,9.9123681448715271
101.199,9.910030236995377
101.2,9.9076729970811179
101.20099999999999,9.905296350893888
101.202,9.902900224958616
101.203,9.9004845465691105
101.20399999999999,9.8980492437971588
101.205,9.8955942455015364
101.206,9.893119481336937
101.20699999999999,9.8906248817628661
101.208,9.8881103780524668
101.209,9.8855759023012357
101.20999999999999,9.8830213874357273
101.211,9.8804467672221623
101.212,9.8778519762749522
101.21299999999999,9.8752369500651547
101.214,9.8726016249288957
101.215,9.86994593807567
101.21599999999999,9.8672698275965551
101.217,9.8645732324724165
101.218,9.8618560925819594
101.21899999999999,9.8591183487097425
101.22,9.8563599425541089
101.221,9.8535808167350023
101.22199999999999,9.8507809148017493
101.223,9.84796018124071
101.224,9.8451185614828916
101.22499999999999,9.8422560019114105
101.226,9.8393724498689412
101.227,9.8364678536650203
101.22799999999999,9.8335421625832726
101.229,9.8305953268885773
101.23,9.8276272978340966
101.23099999999999,9.8246380276682395
101.232,9.8216274696415216
101.233,9.8185955780133369
101.23399999999999,9.8155423080586299
101.235,9.8124676160744571
101.236,9.809371459386476
101.23699999999999,9.8062537963553229
101.238,9.8031145863828613
101.239,9.7999537899183995
101.23999999999999,9.7967713684647286
101.241,9.7935672845841104
101.242,9.7903415019041375
101.24299999999999,9.7870939851234908
101.244,9.7838247000176004
101.245,9.7805336134442094
101.246,9.7772206933487773
101.247,9.7738859087698469
101.248,9.7705292298442732
101.249,9.7671506278123097
101.25,9.7637500750226245
101.251,9.7603275449372173
101.252,9.7568830121361678
101.253,9.753416452322325
101.254,9.7499278423258513
101.255,9.746417160108674
101.256,9.7428843847688107
101.25700000000001,9.7393294965445687
101.258,9.7357524768186483
101.259,9.7321533081221343
101.26000000000001,9.7285319741383276
101.261,9.7248884597065182
101.262,9.7212227508255875
101.26300000000001,9.7175348346575259
101.264,9.7138246995308215
101.265,9.7100923349437114
101.26600000000001,9.7063377315673414
101.267,9.7025608812487789
101.268,9.6987617770139316
101.26900000000001,9.6949404130703112
101.27,9.6910967848097016
101.271,9.6872308888106868
101.27200000000001,9.6833427228410685
101.273,9.6794322858601607
101.274,9.6754995780209345
101.27500000000001,9.6715446006720782
101.276,9.6675673563599034
101.277,9.6635678488301426
101.27800000000001,9.6595460830295998
101.279,9.6555020651077026
101.28,9.6514358024179199
101.28100000000001,9.6473473035190267
101.282,9.6432365781763103
101.283,9.6391036373625436
101.28400000000001,9.6349484932589675
101.285,9.6307711592559944
101.286,9.6265716499539415
101.28700000000001,9.6223499811634881
101.288,9.6181061699061381
101.289,9.6138402344144467
101.29000000000001,9.6095521941322062
101.291,9.6052420697144356
101.292,9.6009098830272848
101.29300000000001,9.5965556571478174
101.294,9.59217941636361
101.295,9.587781186172311
101.29600000000001,9.5833609932809871
101.297,9.5789188656053952
101.298,9.574454832269117
101.29900000000001,9.5699689236025574
101.3,9.5654611711418234
101.301,9.5609316076274684
101.30200000000001,9.5563802670031261
101.303,9.5518071844140024
101.304,9.5472123962052606
101.30500000000001,9.5425959399202362
101.306,9.5379578542986003
101.307,9.5332981792743183
101.30800000000001,9.528616955973547
101.309,9.5239142267123675
101.31,9.5191900349944163
101.31100000000001,9.5144444255083762
101.312,9.5096774441253515
101.313,9.5048891378961304
101.31399999999999,9.5000795550483055
101.315,9.4952487449832752
101.316,9.4903967582731443
101.31699999999999,9.4855236466574802
101.318,9.4806294630399464
101.319,9.4757142614848355
101.31999999999999,9.470778097213481
101.321,9.4658210266005138
101.322,9.4608431071700476
101.32299999999999,9.455844397591715
101.324,9.4508249576766055
101.325,9.4457848483730693
101.32599999999999,9.4407241317623978
101.327,9.4356428710544371
101.328,9.430541130583018
101.32899999999999,9.4254189758013247
101.33,9.4202764732771183
101.331,9.4151136906878605
101.33199999999999,9.4099306968157368
101.333,9.4047275615425328
101.334,9.3995043558444316
101.33499999999999,9.3942611517866972
101.336,9.3889980225182228
101.337,9.3837150422660081
101.33799999999999,9.3784122863294996
101.339,9.3730898310748376
101.34,9.3677477539289864
101.34099999999999,9.3623861333737821
101.342,9.3570050489398362
101.343,9.3516045812003927
101.34399999999999,9.3461848117650135
101.345,9.3407458232732203
101.346,9.3352876993880169
101.34699999999999,9.3298105247892877
101.348,9.3243143851671384
101.349,9.3187993672151102
101.34999999999999,9.3132655586232964
101.351,9.3077130480713919
101.352,9.3021419252216084
101.35299999999999,9.2965522807115306
101.354,9.2909442061468468
101.355,9.285317794094027
101.35599999999999,9.2796731380728623
101.357,9.274010332548972
101.358,9.2683294729261476
101.35899999999999,9.2626306555387039
101.36,9.2569139776436522
101.361,9.2511795374128489
101.36199999999999,9.2454274339250304
101.363,9.2396577671577678
101.364,9.233870637979372
101.36499999999999,9.2280661481406643
101.366,9.2222444002667103
101.367,9.2164054978484558
101.36799999999999,9.2105495452342936
101.369,9.2046766476215449
101.37,9.1987869110478897
101.371,9.1928804423826769
101.372,9.1869573493182273
101.373,9.1810177403610034
101.374,9.1750617248227435
101.375,9.1690894128115286
101.376,9.1631009152227669
101.377,9.1570963437301209
101.378,9.1510758107763603
101.379,9.1450394295641821
101.38,9.1389873140469167
101.381,9.1329195789192283
101.38200000000001,9.1268363396077135
101.383,9.1207377122614659
101.384,9.1146238137425755
101.38500000000001,9.1084947616165763
101.386,9.1023506741428406
101.387,9.0961916702648971
101.38800000000001,9.0900178696007465
101.389,9.0838293924330813
101.39,9.0776263596994724
101.39100000000001,9.0714088929825216
101.392,9.0651771144999493
101.393,9.0589311470946399
101.39400000000001,9.0526711142246583
101.395,9.0463971399532106
101.396,9.0401093489385698
101.39700000000001,9.0338078664239596
101.398,9.027492818227401
101.399,9.0211643307315281
101.40000000000001,9.0148225308733636
101.401,9.0084675461340602
101.402,9.0020995045286085
101.40300000000001,8.9957185345955182
101.404,8.9893247653864812
101.405,8.9829183264559749
101.40600000000001,8.976499347850865
101.407,8.9700679600999838
101.408,8.9636242942036706
101.40900000000001,8.9571684816232953
101.41,8.9507006542707668
101.411,8.9442209444980101
101.41200000000001,8.9377294850864359
101.413,8.9312264092364018
101.414,8.9247118505566156
101.41500000000001,8.9181859430535937
101.416,8.9116488211210196
101.417,8.9051006195292022
101.41800000000001,8.8985414734143991
101.419,8.8919715182682353
101.42,8.8853908899270557
101.42100000000001,8.8787997245613006
101.422,8.8721981586648475
101.423,8.8655863290443868
101.42400000000001,8.8589643728087761
101.425,8.8523324273583839
101.426,8.8456906303744489
101.42700000000001,8.8390391198084508
101.428,8.8323780338714588
101.429,8.8257075110235164
101.43000000000001,8.8190276899629882
101.431,8.8123387096159771
101.432,8.8056407091256901
101.43300000000001,8.7989338278418501
101.434,8.7922182053101157
101.435,8.7854939812614887
101.43600000000001,8.7787612956017771
101.437,8.7720202884010519
101.438,8.7652710998831012
101.43899999999999,8.7585138704149479
101.44,8.7517487404963425
101.441,8.7449758507493094
101.44199999999999,8.7381953419077014
101.443,8.7314073548067732
101.444,8.7246120303727892
101.44499999999999,8.7178095096126516
101.446,8.7109999336035635
101.447,8.7041834434827017
101.44799999999999,8.6973601804369522
101.449,8.6905302856926347
101.45,8.6836939005052969
101.45099999999999,8.6768511661495182
101.452,8.6700022239087531
101.453,8.6631472150652264
101.45399999999999,8.6562862808898338
101.455,8.6494195626321098
101.456,8.6425472015102223
101.45699999999999,8.6356693387010015
101.458,8.6287861153300263
101.459,8.621897672461742
101.45999999999999,8.6150041510896056
101.461,8.6081056921263297
101.462,8.6012024363940967
101.46299999999999,8.5942945246148899
101.464,8.5873820974008233
101.465,8.5804652952445473
101.46599999999999,8.5735442585096902
101.467,8.5666191274213652
101.468,8.5596900420567117
101.46899999999999,8.5527571423355049
101.47,8.5458205680108072
101.471,8.5388804586596834
101.47199999999999,8.5319369536739735
101.473,8.5249901922511135
101.474,8.5180403133850184
101.47499999999999,8.5110874558570178
101.476,8.5041317582268743
101.477,8.497173358823833
101.47799999999999,8.490212395737748
101.479,8.4832490068102686
101.48,8.4762833296260887
101.48099999999999,8.4693155015042585
101.482,8.4623456594895785
101.483,8.4553739403440069
101.48399999999999,8.448400480538222
101.485,8.4414254162431526
101.486,8.4344488833216502
101.48699999999999,8.4274710173202116
101.488,8.4204919534607328
101.489,8.4135118266323978
101.48999999999999,8.4065307713835882
101.491,8.3995489219138797
101.492,8.3925664120661274
101.49299999999999,8.3855833753185962
101.494,8.3785999447771964
101.495,8.3716162531677529
101.496,8.3646324328283939
101.497,8.35764861570199
101.498,8.3506649333286767
101.499,8.3436815168384406
101.5,8.3366984969438143
101.501,8.3297160039326208
101.502,8.3227341676608031
101.503,8.315753117545345
101.504,8.3087729825572616
101.505,8.3017938912146612
101.506,8.2948159715759218
101.50700000000001,8.2878393512328969
101.508,8.2808641573042667
101.509,8.2738905164289083
101.51000000000001,8.2669185547593944
101.511,8.2599483979555544
101.512,8.252980171178125
101.51300000000001,8.246013999082475
101.514,8.2390500058124445
101.515,8.2320883149942254
101.51600000000001,8.2251290497303593
101.517,8.218172332593813
101.518,8.2112182856221274
101.51900000000001,8.2042670303116836
101.52,8.1973186876120003
101.521,8.1903733779201886
101.52200000000001,8.1834312210754483
101.523,8.1764923363536326
101.524,8.1695568424619651
101.52500000000001,8.1626248575337961
101.526,8.1556964991234437
101.527,8.1487718842011567
101.52800000000001,8.1418511291481437
101.529,8.1349343497516777
101.53,8.128021661200334
101.53100000000001,8.1211131780792556
101.532,8.1142090143655672
101.533,8.1073092834238381
101.53400000000001,8.1004140980016501
101.535,8.0935235702252513
101.536,8.0866378115952955
101.53700000000001,8.0797569329826899
101.538,8.072881044624495
101.539,8.0660102561199558
101.54000000000001,8.0591446764265839
101.541,8.0522844138563698
101.542,8.045429576072042
101.54300000000001,8.0385802700834468
101.544,8.031736602244008
101.545,8.0248986782472578
101.54600000000001,8.0180666031234971
101.547,8.0112404812365021
101.548,8.0044204162803467
101.54900000000001,7.9976065112763086
101.55,7.9907988685698506
101.551,7.9839975898277107
101.55200000000001,7.9772027760350701
101.553,7.9704145274928013
101.554,7.9636329438148348
101.55500000000001,7.9568581239255636
101.556,7.9500901660573877
101.557,7.9433291677483098
101.55800000000001,7.9365752258396416
101.559,7.9298284364737768
101.56,7.923088895092067
101.56100000000001,7.9163566964327741
101.562,7.9096319345291226
101.563,7.9029147027074078
101.56399999999999,7.8962050935852437
101.565,7.8895031990698294
101.566,7.8828091103563498
101.56699999999999,7.8761229179264509
101.568,7.869444711546782
101.569,7.8627745802676392
101.56999999999999,7.8561126124216942
101.571,7.8494588956227922
101.572,7.8428135167648412
101.57299999999999,7.8361765620207864
101.574,7.8295481168416625
101.575,7.8229282659557322
101.57599999999999,7.8163170933676964
101.577,7.8097146823579999
101.578,7.8031211154822016
101.57899999999999,7.7965364745704422
101.58,7.7899608407269794
101.581,7.7833942943297956
101.58199999999999,7.7768369150303132
101.583,7.7702887817531483
101.584,7.7637499726959751
101.58499999999999,7.7572205653294564
101.586,7.7507006363972408
101.587,7.7441902619160548
101.58799999999999,7.7376895171758502
101.589,7.7311984767400475
101.59,7.7247172144458327
101.59099999999999,7.7182458034045522
101.592,7.7117843160021531
101.593,7.7053328238997212
101.59399999999999,7.6988913980340845
101.595,7.6924601086184685
101.596,7.6860390251432618
101.59699999999999,7.6796282163768117
101.598,7.6732277503663138
101.599,7.6668376944387777
101.59999999999999,7.6604581152020259
101.601,7.6540890785458
101.602,7.6477306496429209
101.60299999999999,7.6413828929504968
101.604,7.6350458722112293
101.605,7.6287196504547641
101.60599999999999,7.622404289999114
101.607,7.6160998524521446
101.608,7.6098063987131184
101.60899999999999,7.6035239889743105
101.61,7.5972526827226901
101.611,7.5909925387416433
101.61199999999999,7.5847436151127825
101.613,7.5785059692177947
101.614,7.5722796577403653
101.61499999999999,7.5660647366681459
101.616,7.5598612612947962
101.617,7.5536692862220756
101.61799999999999,7.5474888653619789
101.619,7.5413200519389578
101.62,7.5351628984921666
101.621,7.5290174568777868
101.622,7.522883778271388
101.623,7.5167619131703516
101.624,7.5106519113963435
101.625,7.5045538220978418
101.626,7.4984676937527146
101.627,7.4923935741708387
101.628,7.4863315104967878
101.629,7.4802815492125472
101.63,7.4742437361402896
101.631,7.4682181164452004
101.63200000000001,7.462204734638342
101.633,7.4562036345795617
101.634,7.4502148594804547
101.63500000000001,7.4442384519073705
101.636,7.4382744537844472
101.637,7.4323229063967116
101.63800000000001,7.4263838503931998
101.639,7.4204573257901405
101.64,7.4145433719741591
101.64100000000001,7.4086420277055334
101.642,7.4027533311214802
101.643,7.3968773197394961
101.64400000000001,7.3910140304607186
101.645,7.3851634995733217
101.646,7.3793257627559772
101.64700000000001,7.3735008550813079
101.648,7.3676888110194128
101.649,7.3618896644414056
101.65000000000001,7.3561034486229895
101.651,7.3503301962480769
101.652,7.344569939412418
101.65300000000001,7.3388227096272738
101.654,7.333088537823131
101.655,7.3273674543534133
101.65600000000001,7.32165948899826
101.657,7.3159646709683024
101.658,7.3102830289084775
101.65900000000001,7.3046145909018785
101.66,7.2989593844736138
101.661,7.2933174365946947
101.66200000000001,7.2876887736859626
101.663,7.2820734216220204
101.664,7.2764714057351911
101.66500000000001,7.27088275081951
101.666,7.2653074811347258
101.667,7.2597456204103201
101.66800000000001,7.254197191849566
101.669,7.2486622181335738
101.67,7.2431407214253927
101.67100000000001,7.2376327233740936
101.672,7.2321382451189056
101.673,7.2266573072933289
101.67400000000001,7.2211899300292952
101.675,7.2157361329613305
101.676,7.2102959352307341
101.67700000000001,7.2048693554897634
101.678,7.1994564119058477
101.679,7.194057122165793
101.68000000000001,7.1886715034800162
101.681,7.1832995725867894
101.682,7.1779413457564782
101.68300000000001,7.1725968387957986
101.684,7.1672660670520933
101.685,7.1619490454175994
101.68600000000001,7.1566457883337309
101.687,7.1513563097953723
101.688,7.1460806233551688
101.68899999999999,7.1408187421278209
101.69,7.1355706787944078
101.691,7.1303364456066758
101.69199999999999,7.1251160543913734
101.693,7.1199095165545421
101.694,7.1147168430858603
101.69499999999999,7.1095380445629379
101.696,7.1043731311556657
101.697,7.0992221126305157
101.69799999999999,7.0940849983548659
101.699,7.0889617973013355
101.7,7.0838525180520895
101.70099999999999,7.078757168803163
101.702,7.0736757573687772
101.703,7.0686082911856545
101.70399999999999,7.0635547773173188
101.705,7.0585152224584125
101.706,7.0534896329389936
101.70699999999999,7.0484780147288237
101.708,7.0434803734416667
101.709,7.0384967143395718
101.70999999999999,7.0335270423371421
101.711,7.0285713620058123
101.712,7.0236296775781151
101.71299999999999,7.018701992951919
101.714,7.0137883116946806
101.715,7.0088886370476891
101.71599999999999,7.0040029719302774
101.717,6.9991313189440394
101.718,6.9942736803770504
101.71899999999999,6.9894300582080353
101.72,6.98460045411057
101.721,6.9797848694572409
101.72199999999999,6.9749833053238
101.723,6.9701957624933186
101.724,6.9654222414603053
101.72499999999999,6.9606627424348302
101.726,6.9559172653466179
101.727,6.9511858098491439
101.72799999999999,6.9464683753237022
101.729,6.9417649608834493
101.73,6.9370755653774712
101.73099999999999,6.9324001873947729
101.732,6.9277388252683156
101.733,6.9230914770789784
101.73399999999999,6.91845814065955
101.735,6.9138388135986713
101.736,6.9092334932447734
101.73699999999999,6.9046421767099933
101.738,6.9000648608740756
101.739,6.8955015423882333
101.73999999999999,6.8909522176790299
101.741,6.8864168829521972
101.742,6.881895534196464
101.74299999999999,6.8773881671873411
101.744,6.8728947774909104
101.745,6.868415360467564
101.746,6.8639499112757525
101.747,6.8594984248756754
101.748,6.8550608960329864
101.749,6.8506373193224492
101.75,6.8462276891315792
101.751,6.8418319996642669
101.752,6.8374502449443675
101.753,6.833082418819278
101.754,6.8287285149634851
101.755,6.8243885268820836
101.756,6.8200624479142817
101.75700000000001,6.8157502712368618
101.758,6.8114519898676571
101.759,6.8071675966689487
101.76000000000001,6.8028970843508736
101.761,6.7986404454748026
101.762,6.7943976724566886
101.76300000000001,6.7901687575703811
101.764,6.7859536929509261
101.765,6.7817524705978309
101.76600000000001,6.7775650823783149
101.767,6.7733915200305219
101.768,6.7692317751667019
101.76900000000001,6.7650858392763844
101.77,6.7609537037295038
101.771,6.7568353597795161
101.77200000000001,6.7527307985664713
101.773,6.7486400111200657
101.774,6.7445629883626657
101.77500000000001,6.7404997211123181
101.776,6.7364502000856961
101.777,6.7324144159010553
101.77800000000001,6.7283923590811421
101.779,6.7243840200560783
101.78,6.7203893891662068
101.78100000000001,6.7164084566649311
101.782,6.7124412127215116
101.783,6.7084876474238246
101.78400000000001,6.7045477507811153
101.785,6.7006215127266913
101.786,6.6967089231206325
101.78700000000001,6.6928099717524159
101.788,6.6889246483435638
101.789,6.6850529425502128
101.79000000000001,6.6811948439657085
101.791,6.6773503421231215
101.792,6.6735194264977631
101.79300000000001,6.6697020865096572
101.794,6.6658983115260009
101.795,6.6621080908635699
101.79600000000001,6.6583314137911156
101.797,6.6545682695317305
101.798,6.6508186472651616
101.79900000000001,6.6470825361301333
101.8,6.6433599252266076
101.801,6.6396508036180233
101.80200000000001,6.6359551603335225
101.803,6.6322729843701218
101.804,6.6286042646948751
101.80500000000001,6.6249489902469918
101.806,6.621307149939935
101.807,6.6176787326634958
101.80800000000001,6.6140637272858198
101.809,6.610462122655413
101.81,6.6068739076031333
101.81100000000001,6.6032990709441286
101.812,6.5997376014797675
101.813,6.5961894879995162
101.81399999999999,6.5926547192828133
101.815,6.589133284100896
101.816,6.5856251712186147
101.81699999999999,6.5821303693961903
101.818,6.5786488673909851
101.819,6.5751806539591966
101.81999999999999,6.5717257178575643
101.821,6.5682840478450286
101.822,6.5648556326843517
101.82299999999999,6.5614404611437385
101.824,6.5580385219984052
101.825,6.5546498040321266
101.82599999999999,6.5512742960387467
101.827,6.547911986823701
101.828,6.5445628652054486
101.82899999999999,6.5412269200169213
101.83,6.5379041401069387
101.831,6.5345945143415802
101.83199999999999,6.5312980316055418
101.833,6.528014680803472
101.834,6.5247444508612542
101.83499999999999,6.5214873307272958
101.836,6.5182433093737693
101.837,6.5150123757978271
101.83799999999999,6.5117945190227955
101.839,6.5085897280993485
101.84,6.5053979921066407
101.84099999999999,6.5022193001534214
101.842,6.4990536413791222
101.843,6.4959010049549217
101.84399999999999,6.4927613800847856
101.845,6.4896347560064651
101.846,6.4865211219924923
101.84699999999999,6.4834204673511335
101.848,6.480332781427335
101.849,6.4772580536036184
101.84999999999999,6.4741962733009766
101.851,6.4711474299797223
101.852,6.4681115131403475
101.85299999999999,6.4650885123243063
101.854,6.4620784171148129
101.855,6.4590812171376255
101.85599999999999,6.4560969020617529
101.857,6.4531254616001954
101.858,6.4501668855106198
101.85899999999999,6.4472211635960459
101.86,6.4442882857054835
101.861,6.4413682417345557
101.86199999999999,6.4384610216261029
101.863,6.4355666153707567
101.864,6.4326850130075037
101.86499999999999,6.4298162046242124
101.866,6.4269601803581464
101.867,6.4241169303964574
101.86799999999999,6.4212864449766505
101.869,6.4184687143870356
101.87,6.4156637289671457
101.871,6.4128714791081443
101.872,6.4100919552532227
101.873,6.4073251478979403
101.874,6.4045710475905855
101.875,6.4018296449324898
101.876,6.3991009305783404
101.877,6.3963848952364435
101.878,6.3936815296690099
101.879,6.3909908246923797
101.88,6.3883127711772678
101.881,6.385647360048945
101.88200000000001,6.382994582287445
101.883,6.3803544289277152
101.884,6.3777268910597886
101.88500000000001,6.3751119598288879
101.886,6.3725096264355576
101.887,6.3699198821357577
101.88800000000001,6.367342718240927
101.889,6.3647781261180691
101.89,6.3622260971897617
101.89100000000001,6.3596866229342144
101.892,6.3571596948852616
101.893,6.3546453046323519
101.89400000000001,6.3521434438205366
101.895,6.3496541041504173
101.896,6.3471772773780968
101.89700000000001,6.3447129553151047
101.898,6.3422611298283105
101.899,6.3398217928398211
101.90000000000001,6.3373949363268585
101.901,6.3349805523216336
101.902,6.3325786329111828
101.90300000000001,6.3301891702372286
101.904,6.3278121564959875
101.905,6.325447583937974
101.90600000000001,6.3230954448678078
101.907,6.3207557316439837
101.908,6.3184284366786514
101.90900000000001,6.3161135524373515
101.91,6.313811071438777
101.911,6.3115209862544797
101.91200000000001,6.3092432895086024
101.913,6.3069779738775695
101.914,6.3047250320897792
101.91500000000001,6.3024844569252885
101.916,6.3002562412154672
101.917,6.2980403778426552
101.91800000000001,6.2958368597398131
101.919,6.293645679890135
101.92,6.2914668313266926
101.92100000000001,6.2893003071320113
101.922,6.2871461004376963
101.923,6.2850042044240055
101.92400000000001,6.2828746123194268
101.925,6.2807573174002478
101.926,6.2786523129901033
101.92700000000001,6.2765595924595301
101.928,6.2744791492254963
101.929,6.2724109767509368
101.93000000000001,6.2703550685442577
101.931,6.2683114181588566
101.932,6.2662800191926067
101.93300000000001,6.2642608652873655
101.934,6.2622539501284411
101.935,6.2602592674440709
101.93600000000001,6.2582768110048885
101.937,6.256306574623375
101.938,6.2543485521533118
101.93899999999999,6.2524027374892208
101.94,6.250469124565794
101.941,6.2485477073573232
101.94199999999999,6.2466384798771246
101.943,6.2447414361769322
101.944,6.2428565703463201
101.94499999999999,6.2409838765120949
101.946,6.2391233488376852
101.947,6.2372749815225292
101.94799999999999,6.2354387688014503
101.949,6.2336147049440331
101.95,6.2318027842539889
101.95099999999999,6.2300030010685177
101.952,6.2282153497576616
101.953,6.2264398247236565
101.95399999999999,6.2246764204002769
101.955,6.2229251312521772
101.956,6.2211859517742214
101.95699999999999,6.2194588764908199
101.958,6.2177438999552521
101.959,6.2160410167489797
101.95999999999999,6.2143502214809798
101.961,6.2126715087870421
101.962,6.2110048733290819
101.96299999999999,6.2093503097944494
101.964,6.2077078128952214
101.965,6.206077377367512
101.96599999999999,6.2044589979707476
101.967,6.2028526694869699
101.968,6.2012583867201236
101.96899999999999,6.1996761444953332
101.97,6.1981059376581911
101.971,6.1965477610740267
101.97199999999999,6.1950016096271945
101.973,6.1934674782203381
101.974,6.1919453617736622
101.97499999999999,6.1904352552242035
101.976,6.188937153525095
101.977,6.1874510516448344
101.97799999999999,6.1859769445665425
101.979,6.1845148272872237
101.98,6.1830646948170243
101.98099999999999,6.1816265421785026
101.982,6.180200364405863
101.983,6.1787861565442306
101.98399999999999,6.1773839136488951
101.985,6.1759936307845651
101.986,6.1746153030246242
101.98699999999999,6.1732489254503804
101.988,6.1718944931503037
101.989,6.1705520012193045
101.98999999999999,6.1692214447579543
101.991,6.167902818871748
101.992,6.1665961186703546
101.99299999999999,6.1653013392668585
101.994,6.1640184757770182
101.995,6.1627475233184965
101.996,6.1614884770101366
101.997,6.160241331971184
101.998,6.1590060833205555
101.999,6.1577827261760749
102,6.156571255653736
102.001,6.1553716668669445
102.002,6.1541839549257764
102.003,6.1530081149362212
102.004,6.1518441419994456
102.005,6.150692031211042
102.006,6.1495517776602897
102.00700000000001,6.1484233764294052
102.008,6.1473068225928005
102.009,6.1462021112163514
102.01000000000001,6.1451092373566487
102.011,6.1440281960602636
102.012,6.1429589823630097
102.01300000000001,6.1419015912892183
102.014,6.1408560178509939
102.015,6.1398222570474852
102.01600000000001,6.1388003038641656
102.017,6.1377901532720962
102.018,6.1367918002272042
102.01900000000001,6.135805239669561
102.02,6.1348304665226596
102.021,6.1338674756927043
102.02200000000001,6.132916262067881
102.023,6.131976820517651
102.024,6.1310491458920442
102.02500000000001,6.1301332330209446
102.026,6.1292290767133863
102.027,6.1283366717568448
102.02800000000001,6.1274560129165465
102.029,6.1265870949347621
102.03,6.1257299125301179
102.03100000000001,6.1248844603968982
102.032,6.1240507332043546
102.033,6.1232287255960314
102.03400000000001,6.1224184321890691
102.035,6.1216198475735277
102.036,6.1208329663117134
102.03700000000001,6.1200577829375069
102.038,6.1192942919556828
102.039,6.1185424878412498
102.04000000000001,6.1178023650387843
102.041,6.1170739179617728
102.042,6.1163571409919522
102.04300000000001,6.115652028478654
102.044,6.114958574738159
102.045,6.1142767740530504
102.04600000000001,6.1136066206715629
102.047,6.1129481088069531
102.048,6.1123012326368604
102.04900000000001,6.1116659863026737
102.05,6.1110423639089069
102.051,6.1104303595225646
102.05200000000001,6.109829967172538
102.053,6.1092411808489731
102.054,6.1086639945026633
102.05500000000001,6.108098402044444
102.056,6.107544397344582
102.057,6.1070019742321833
102.05800000000001,6.1064711264945819
102.059,6.1059518478767547
102.06,6.1054441320807404
102.06100000000001,6.1049479727650446
102.062,6.1044633635440588
102.063,6.1039902979874903
102.06399999999999,6.1035287696197864
102.065,6.1030787719195629
102.066,6.1026402983190513
102.06699999999999,6.1022133422035267
102.068,6.1017978969107549
102.069,6.1013939557304555
102.06999999999999,6.101001511903732
102.071,6.1006205586225475
102.072,6.100251089029177
102.07299999999999,6.099893096215677
102.074,6.0995465732233631
102.075,6.0992115130422704
102.07599999999999,6.0988879086106405
102.077,6.0985757528144111
102.078,6.0982750384866948
102.07899999999999,6.0979857584072734
102.08,6.0977079053021033
102.081,6.0974414718428092
102.08199999999999,6.0971864506461912
102.083,6.0969428342737331
102.084,6.0967106152311281
102.08499999999999,6.0964897859677896
102.086,6.0962803388763751
102.087,6.0960822662923171
102.08799999999999,6.0958955604933536
102.089,6.0957202136990771
102.09,6.0955562180704614
102.09099999999999,6.0954035657094172
102.092,6.0952622486583365
102.093,6.0951322588996657
102.09399999999999,6.0950135883554442
102.095,6.0949062288868836
102.096,6.0948101722939292
102.09699999999999,6.0947254103148465
102.098,6.0946519346257837
102.099,6.0945897368403692
102.09999999999999,6.0945388085092898
102.101,6.094499141119889
102.102,6.0944707260957625
102.10299999999999,6.0944535547963588
102.104,6.0944476185165879
102.105,6.0944529084864296
102.10599999999999,6.0944694158705506
102.107,6.0944971317679215
102.108,6.0945360472114452
102.10899999999999,6.0945861531675867
102.11,6.0946474405360034
102.111,6.0947199001491805
102.11199999999999,6.0948035227720823
102.113,6.0948982991017928
102.114,6.0950042197671728
102.11499999999999,6.0951212753285038
102.116,6.0952494562771697
102.117,6.0953887530353041
102.11799999999999,6.0955391559554659
102.119,6.095700655320317
102.12,6.0958732413422938
102.121,6.0960569041633041
102.122,6.0962516338543997
102.123,6.0964574204154731
102.124,6.0966742537749603
102.125,6.0969021237895369
102.126,6.0971410202438214
102.127,6.0973909328500948
102.128,6.0976518512480018
102.129,6.0979237650042819
102.13,6.0982066636124879
102.131,6.0985005364927032
102.13200000000001,6.0988053729912926
102.133,6.0991211623806292
102.134,6.0994478938588337
102.13500000000001,6.0997855565495191
102.136,6.100134139501546
102.137,6.1004936316887646
102.13800000000001,6.1008640220097936
102.139,6.1012452992877586
102.14,6.1016374522700705
102.14100000000001,6.1020404696281982
102.142,6.1024543399574398
102.143,6.1028790517767026
102.14400000000001,6.1033145935282844
102.145,6.1037609535776634
102.146,6.1042181202132868
102.14700000000001,6.1046860816463795
102.148,6.1051648260107223
102.149,6.1056543413624773
102.15000000000001,6.1061546156799826
102.151,6.1066656368635712
102.152,6.1071873927353835
102.15300000000001,6.1077198710391913
102.154,6.1082630594402234
102.155,6.1088169455249899
102.15600000000001,6.1093815168011165
102.157,6.1099567606971847
102.158,6.11054266456257
102.15900000000001,6.1111392156672872
102.16,6.1117464012018319
102.161,6.112364208277052
102.16200000000001,6.1129926239239794
102.163,6.1136316350937134
102.164,6.1142812286572683
102.16500000000001,6.1149413914054493
102.166,6.1156121100487262
102.167,6.1162933712171101
102.16800000000001,6.1169851614600175
102.169,6.1176874672461752
102.17,6.1184002749634985
102.17100000000001,6.1191235709189824
102.172,6.1198573413385899
102.173,6.1206015723671632
102.17400000000001,6.1213562500683203
102.175,6.1221213604243587
102.176,6.1228968893361655
102.17700000000001,6.1236828226231328
102.178,6.1244791460230807
102.179,6.1252858451921606
102.18000000000001,6.1261029057047951
102.181,6.1269303130536032
102.182,6.1277680526493281
102.18300000000001,6.1286161098207694
102.184,6.1294744698147303
102.185,6.1303431177959515
102.18600000000001,6.1312220388470635
102.187,6.1321112179685286
102.188,6.1330106400785951
102.18899999999999,6.1339202900132594
102.19,6.1348401525262188
102.191,6.1357702122888345
102.19199999999999,6.136710453890097
102.193,6.1376608618366042
102.194,6.1386214205525205
102.19499999999999,6.1395921143795631
102.196,6.1405729275769776
102.197,6.1415638443215181
102.19799999999999,6.1425648487074458
102.199,6.1435759247464956
102.2,6.1445970563678891
102.20099999999999,6.1456282274183227
102.202,6.1466694216619642
102.203,6.1477206227804562
102.20399999999999,6.148781814372926
102.205,6.1498529799559858
102.206,6.1509341029637534
102.20699999999999,6.1520251667478574
102.208,6.1531261545774596
102.209,6.1542370496392778
102.20999999999999,6.1553578350376057
102.211,6.1564884937943436
102.212,6.157629008849022
102.21299999999999,6.1587793630588372
102.214,6.1599395391987004
102.215,6.1611095199612471
102.21599999999999,6.1622892879569093
102.217,6.1634788257139395
102.218,6.1646781156784671
102.21899999999999,6.1658871402145516
102.22,6.1671058816042263
102.221,6.1683343220475635
102.22199999999999,6.1695724436627293
102.223,6.1708202284860434
102.224,6.1720776584720518
102.22499999999999,6.1733447154935837
102.226,6.1746213813418338
102.227,6.175907637726417
102.22799999999999,6.1772034662754658
102.229,6.1785088485356923
102.23,6.1798237659724826
102.23099999999999,6.1811481999699636
102.232,6.182482131831109
102.233,6.183825542777809
102.23399999999999,6.1851784139509798
102.235,6.1865407264106436
102.236,6.1879124611360368
102.23699999999999,6.1892935990257003
102.238,6.1906841208975889
102.239,6.1920840074891714
102.23999999999999,6.1934932394575384
102.241,6.1949117973795103
102.242,6.1963396617517601
102.24299999999999,6.1977768129909103
102.244,6.1992232314336677
102.245,6.2006788973369256
102.246,6.2021437908779031
102.247,6.2036178921542593
102.248,6.2051011811842205
102.249,6.2065936379067086
102.25,6.2080952421814839
102.251,6.2096059737892597
102.252,6.2111258124318605
102.253,6.2126547377323362
102.254,6.2141927292351262
102.255,6.2157397664061902
102.256,6.217295828633155
102.25700000000001,6.2188608952254603
102.258,6.2204349454145138
102.259,6.2220179583538435
102.26000000000001,6.2236099131192502
102.261,6.2252107887089538
102.262,6.2268205640437717
102.26300000000001,6.2284392179672698
102.264,6.2300667292459213
102.265,6.231703076569274
102.26600000000001,6.2333482385501284
102.267,6.2350021937246938
102.268,6.2366649205527649
102.26900000000001,6.2383363974178936
102.27,6.2400166026275725
102.271,6.2417055144134039
102.27200000000001,6.2434031109312773
102.273,6.2451093702615657
102.274,6.2468242704092942
102.27500000000001,6.2485477893043306
102.276,6.2502799048015802
102.277,6.2520205946811673
102.27800000000001,6.2537698366486278
102.279,6.2555276083351075
102.28,6.2572938872975516
102.28100000000001,6.2590686510189073
102.282,6.2608518769083226
102.283,6.2626435423013458
102.28400000000001,6.2644436244601316
102.285,6.266252100573638
102.286,6.2680689477578424
102.28700000000001,6.2698941430559518
102.288,6.2717276634386021
102.289,6.2735694858040798
102.29000000000001,6.2754195869785336
102.291,6.2772779437161921
102.292,6.2791445326995756
102.29300000000001,6.2810193305397215
102.294,6.2829023137764057
102.295,6.2847934588783598
102.29600000000001,6.2866927422435053
102.297,6.2886001401991658
102.298,6.2905156290023125
102.29900000000001,6.2924391848397789
102.3,6.2943707838285015
102.301,6.2963104020157452
102.30200000000001,6.2982580153793482
102.303,6.3002135998279511
102.304,6.3021771312012342
102.30500000000001,6.3041485852701609
102.306,6.3061279377372177
102.307,6.3081151642366553
102.30800000000001,6.3101102403347396
102.309,6.3121131415299807
102.31,6.3141238432534061
102.31100000000001,6.3161423208687877
102.312,6.3181685496728992
102.313,6.3202025048957733
102.31399999999999,6.3222441617009499
102.315,6.3242934951857306
102.316,6.3263504803814428
102.31699999999999,6.3284150922536817
102.318,6.330487305702591
102.319,6.3325670955631068
102.31999999999999,6.3346544366052289
102.321,6.3367493035342779
102.322,6.3388516709911684
102.32299999999999,6.3409615135526698
102.324,6.343078805731678
102.325,6.3452035219774769
102.32599999999999,6.3473356366760232
102.327,6.3494751241502048
102.328,6.3516219586601217
102.32899999999999,6.3537761144033587
102.33,6.3559375655152612
102.331,6.3581062860692148
102.33199999999999,6.3602822500769243
102.333,6.362465431488685
102.334,6.3646558041936814
102.33499999999999,6.3668533420202511
102.336,6.3690580187361823
102.337,6.3712698080489911
102.33799999999999,6.3734886836062126
102.339,6.375714618995687
102.34,6.37794758774585
102.34099999999999,6.3801875633260154
102.342,6.3824345191466776
102.343,6.3846884285598007
102.34399999999999,6.3869492648591057
102.345,6.3892170012803691
102.346,6.3914916110017259
102.34699999999999,6.3937730671439574
102.348,6.3960613427707953
102.349,6.3983564108892175
102.34999999999999,6.4006582444497493
102.351,6.4029668163467717
102.352,6.4052820994188142
102.35299999999999,6.4076040664488652
102.354,6.4099326901646778
102.355,6.4122679432390681
102.35599999999999,6.4146097982902344
102.357,6.4169582278820601
102.358,6.4193132045244132
102.35899999999999,6.4216747006734805
102.36,6.4240426887320528
102.361,6.4264171410498516
102.36199999999999,6.428798029923847
102.363,6.4311853275985591
102.364,6.4335790062663838
102.36499999999999,6.4359790380679023
102.366,6.4383853950922081
102.367,6.4407980493772135
102.36799999999999,6.4432169729099806
102.369,6.4456421376270336
102.37,6.4480735154146824
102.371,6.4505110781093489
102.372,6.4529547974978909
102.373,6.4554046453179073
102.374,6.4578605932580997
102.375,6.4603226129585636
102.376,6.4627906760111316
102.377,6.4652647539597048
102.378,6.4677448183005675
102.379,6.470230840482734
102.38,6.4727227919082644
102.381,6.4752206439326061
102.38200000000001,6.477724367864913
102.383,6.4802339349684015
102.384,6.4827493164606604
102.38500000000001,6.4852704835139985
102.386,6.487797407255778
102.387,6.4903300587687465
102.38800000000001,6.4928684090913871
102.389,6.4954124292182369
102.39,6.4979620901002413
102.39100000000001,6.5005173626450885
102.392,6.5030782177175483
102.393,6.5056446261398175
102.39400000000001,6.5082165586918528
102.395,6.5107939861117234
102.396,6.5133768790959525
102.39700000000001,6.515965208299856
102.398,6.5185589443378902
102.399,6.5211580577839978
102.40000000000001,6.5237625191719566
102.401,6.5263722989957191
102.402,6.5289873677097718
102.40300000000001,6.5316076957294671
102.404,6.5342332534313892
102.405,6.5368640111536909
102.40600000000001,6.5394999391964541
102.407,6.5421410078220319
102.408,6.5447871872554026
102.40900000000001,6.5474384476845273
102.41,6.5500947592606966
102.411,6.5527560920988872
102.41200000000001,6.5554224162781169
102.413,6.5580937018417931
102.414,6.5607699187980719
102.41500000000001,6.5634510371202222
102.416,6.5661370267469659
102.417,6.5688278575828498
102.41800000000001,6.5715234994985918
102.419,6.5742239223314485
102.42,6.5769290958855713
102.42100000000001,6.5796389899323566
102.422,6.5823535742108197
102.423,6.5850728184279506
102.42400000000001,6.5877966922590652
102.425,6.5905251653481809
102.426,6.5932582073083692
102.42700000000001,6.5959957877221234
102.428,6.5987378761417164
102.429,6.6014844420895731
102.43000000000001,6.6042354550586193
102.431,6.6069908845126619
102.432,6.6097506998867432
102.43300000000001,6.6125148705875132
102.434,6.6152833659935908
102.435,6.6180561554559301
102.43600000000001,6.6208332082981869
102.437,6.6236144938170929
102.438,6.6263999812828116
102.43899999999999,6.6291896399393142
102.44,6.6319834390047472
102.441,6.6347813476717974
102.44199999999999,6.6375833351080633
102.443,6.6403893704564281
102.444,6.6431994228354254
102.44499999999999,6.6460134613396056
102.446,6.6488314550399163
102.447,6.6516533729840699
102.44799999999999,6.6544791841969033
102.449,6.6573088576807757
102.45,6.6601423624159084
102.45099999999999,6.6629796673607826
102.452,6.6658207414525048
102.453,6.6686655536071715
102.45399999999999,6.6715140727202513
102.455,6.6743662676669597
102.456,6.6772221073026232
102.45699999999999,6.6800815604630683
102.458,6.6829445959649814
102.459,6.6858111826062903
102.45999999999999,6.6886812891665421
102.461,6.6915548844072728
102.462,6.6944319370723901
102.46299999999999,6.6973124158885344
102.464,6.7001962895654765
102.465,6.7030835267964752
102.46599999999999,6.7059740962586636
102.467,6.7088679666134237
102.468,6.7117651065067632
102.46899999999999,6.7146654845696903
102.47,6.7175690694185972
102.471,6.7204758296556282
102.47199999999999,6.7233857338690708
102.473,6.7262987506337204
102.474,6.7292148485112628
102.47499999999999,6.7321339960506572
102.476,6.7350561617885134
102.477,6.7379813142494607
102.47799999999999,6.7409094219465411
102.479,6.7438404533815763
102.48,6.7467743770455568
102.48099999999999,6.7497111614190111
102.482,6.7526507749723867
102.483,6.7555931861664433
102.48399999999999,6.758538363452617
102.485,6.761486275273394
102.486,6.7644368900627194
102.48699999999999,6.7673901762463382
102.488,6.7703461022422111
102.489,6.7733046364608755
102.48999999999999,6.7762657473058168
102.491,6.7792294031738729
102.492,6.7821955724555965
102.49299999999999,6.7851642235356424
102.494,6.7881353247931413
102.495,6.7911088446020891
102.496,6.7940847513317184
102.497,6.7970630133468806
102.498,6.80004359900843
102.499,6.8030264766736117
102.5,6.8060116146964136
102.501,6.8089989814279814
102.502,6.8119885452169715
102.503,6.8149802744099492
102.504,6.8179741373517588
102.505,6.8209701023859113
102.506,6.823968137854953
102.50700000000001,6.8269682121008524
102.508,6.8299702934653927
102.509,6.832974350290522
102.51000000000001,6.8359803509187662
102.511,6.8389882636935813
102.512,6.8419980569597509
102.51300000000001,6.8450096990637608
102.514,6.8480231583541702
102.515,6.8510384031820077
102.51600000000001,6.8540554019011308
102.517,6.8570741228686281
102.518,6.8600945344451736
102.51900000000001,6.8631166049954215
102.52,6.8661403028883861
102.521,6.8691655964978082
102.52200000000001,6.8721924542025468
102.523,6.8752208443869431
102.524,6.8782507354412186
102.52500000000001,6.8812820957618319
102.526,6.8843148937518661
102.527,6.8873490978214136
102.52800000000001,6.8903846763879377
102.529,6.8934215978766664
102.53,6.8964598307209508
102.53100000000001,6.8994993433626606
102.532,6.9025401042525543
102.533,6.9055820818506444
102.53400000000001,6.9086252446265872
102.535,6.9116695610600569
102.536,6.9147149996411166
102.53700000000001,6.9177615288705931
102.538,6.9208091172604549
102.539,6.9238577333341951
102.54000000000001,6.9269073456271837
102.541,6.9299579226870662
102.542,6.9330094330741252
102.54300000000001,6.9360618453616469
102.544,6.9391151281363195
102.545,6.942169249998579
102.54600000000001,6.9452241795629934
102.547,6.9482798854586409
102.548,6.9513363363294758
102.54900000000001,6.954393500834696
102.55,6.95745134764912
102.551,6.9605098454635632
102.55200000000001,6.9635689629851969
102.553,6.9666286689379247
102.554,6.9696889320627555
102.55500000000001,6.9727497211181708
102.556,6.97581100488049
102.557,6.9788727521442384
102.55800000000001,6.9819349317225328
102.559,6.9849975124474257
102.56,6.9880604631702852
102.56100000000001,6.9911237527621646
102.562,6.9941873501141636
102.563,6.9972512241377958
102.56399999999999,7.0003153437653571
102.565,7.0033796779502886
102.566,7.0064441956675454
102.56699999999999,7.0095088659139542
102.568,7.0125736577085833
102.569,7.0156385400931081
102.56999999999999,7.0187034821321692
102.571,7.021768452913733
102.572,7.0248334215494657
102.57299999999999,7.0278983571750802
102.574,7.030963228950708
102.575,7.0340280060612521
102.57599999999999,7.0370926577167641
102.577,7.0401571531527711
102.578,7.0432214616306705
102.57899999999999,7.0462855524380679
102.58,7.0493493948891421
102.581,7.0524129583249966
102.58199999999999,7.0554762121140282
102.583,7.0585391256522625
102.584,7.0616016683637399
102.58499999999999,7.0646638097008445
102.586,7.0677255191446715
102.587,7.0707867662053685
102.58799999999999,7.0738475204225137
102.589,7.0769077513654404
102.59,7.0799674286336147
102.59099999999999,7.0830265218569597
102.592,7.0860850006962401
102.593,7.089142834843372
102.59399999999999,7.0921999940218106
102.595,7.0952564479868787
102.596,7.0983121665261208
102.59699999999999,7.1013671194596411
102.598,7.1044212766404717
102.599,7.1074746079548943
102.59999999999999,7.1105270833228058
102.601,7.1135786726980523
102.602,7.1166293460687751
102.60299999999999,7.1196790734577515
102.604,7.1227278249227561
102.605,7.1257755705568702
102.60599999999999,7.1288222804888512
102.607,7.131867924883462
102.608,7.1349124739418119
102.60899999999999,7.1379558979016986
102.61,7.1409981670379379
102.611,7.1440392516627096
102.61199999999999,7.1470791221258976
102.613,7.1501177488154122
102.614,7.1531551021575455
102.61499999999999,7.1561911526172794
102.616,7.1592258706986485
102.617,7.1622592269450518
102.61799999999999,7.1652911919395876
102.619,7.168321736305395
102.62,7.1713508307059826
102.621,7.1743784458455382
102.622,7.1774045524692927
102.623,7.1804291213638107
102.624,7.183452123357343
102.625,7.186473529320148
102.626,7.1894933101648091
102.627,7.1925114368465666
102.628,7.1955278803636338
102.629,7.1985426117575315
102.63,7.2015556021133964
102.631,7.2045668225603121
102.63200000000001,7.2075762442716247
102.633,7.2105838384652596
102.634,7.2135895764040425
102.63500000000001,7.2165934293960232
102.636,7.2195953687947698
102.637,7.2225953659997115
102.63800000000001,7.2255933924564388
102.639,7.2285894196570144
102.64,7.2315834191402857
102.64100000000001,7.2345753624922073
102.642,7.2375652213461397
102.643,7.2405529673831586
102.64400000000001,7.2435385723323797
102.645,7.2465220079712411
102.646,7.2495032461258226
102.64700000000001,7.2524822586711561
102.648,7.2554590175315177
102.649,7.2584334946807436
102.65000000000001,7.2614056621425229
102.651,7.2643754919906947
102.652,7.2673429563495677
102.65300000000001,7.2703080273941936
102.654,7.2732706773506823
102.655,7.2762308784965004
102.65600000000001,7.2791886031607449
102.657,7.2821438237244696
102.658,7.2850965126209468
102.65900000000001,7.2880466423359875
102.66,7.2909941854082119
102.661,7.2939391144293477
102.66200000000001,7.2968814020445194
102.663,7.2998210209525416
102.664,7.3027579439061823
102.66500000000001,7.3056921437124833
102.666,7.3086235932330137
102.667,7.3115522653841731
102.66800000000001,7.3144781331374578
102.669,7.3174011695197549
102.67,7.3203213476136169
102.67100000000001,7.3232386405575305
102.672,7.3261530215462143
102.673,7.3290644638308713
102.67400000000001,7.3319729407194778
102.675,7.3348784255770587
102.676,7.3377808918259406
102.67700000000001,7.3406803129460556
102.678,7.3435766624751695
102.679,7.3464699140091891
102.68000000000001,7.3493600412023987
102.681,7.3522470177677466
102.682,7.3551308174770975
102.68300000000001,7.3580114141615018
102.684,7.3608887817114477
102.685,7.3637628940771362
102.68600000000001,7.3666337252687351
102.687,7.3695012493566159
102.688,7.3723654404716479
102.68899999999999,7.3752262728054223
102.69,7.3780837206105199
102.691,7.3809377582007594
102.69199999999999,7.38378835995145
102.693,7.3866355002996373
102.694,7.389479153744352
102.69499999999999,7.3923192948468595
102.696,7.3951558982309082
102.697,7.3979889385829587
102.69799999999999,7.4008183906524447
102.699,7.4036442292519968
102.7,7.4064664292576952
102.70099999999999,7.4092849656093076
102.702,7.4120998133105056
102.703,7.4149109474291235
102.70399999999999,7.417718343097385
102.705,7.4205219755121306
102.706,7.4233218199350395
102.70699999999999,7.4261178516928892
102.708,7.4289100461777497
102.709,7.4316983788472237
102.70999999999999,7.4344828252246717
102.711,7.4372633608994363
102.712,7.4400399615270523
102.71299999999999,7.4428126028294832
102.714,7.445581260595322
102.715,7.4483459106800236
102.71599999999999,7.4511065290061023
102.717,7.4538630915633686
102.718,7.4566155744091196
102.71899999999999,7.4593639536683494
102.72,7.4621082055339807
102.721,7.4648483062670428
102.72199999999999,7.4675842321968968
102.723,7.4703159597214324
102.724,7.4730434653072653
102.72499999999999,7.4757667254899429
102.726,7.478485716874145
102.727,7.4812004161338779
102.72799999999999,7.4839108000126604
102.729,7.4866168453237369
102.73,7.4893185289502471
102.73099999999999,7.4920158278454387
102.732,7.4947087190328334
102.733,7.4973971796064323
102.73399999999999,7.5000811867308839
102.735,7.5027607176416833
102.736,7.5054357496453417
102.73699999999999,7.5081062601195683
102.738,7.5107722265134527
102.739,7.5134336263476396
102.73999999999999,7.5160904372144932
102.741,7.5187426367782857
102.742,7.5213902027753523
102.74299999999999,7.5240331130142746
102.744,7.5266713453760286
102.745,7.529304877814174
102.746,7.5319336883549912
102.747,7.534557755097663
102.748,7.5371770562144249
102.749,7.5397915699507214
102.75,7.5424012746253632
102.751,7.5450061486306881
102.752,7.5476061704326982
102.753,7.5502013185712249
102.754,7.5527915716600651
102.755,7.5553769083871281
102.756,7.5579573075145934
102.75700000000001,7.5605327478790345
102.758,7.5631032083915715
102.759,7.5656686680379961
102.76000000000001,7.5682291058789328
102.761,7.5707845010499373
102.762,7.5733348327616641
102.76300000000001,7.5758800802999682
102.764,7.578420223026054
102.765,7.5809552403765865
102.76600000000001,7.5834851118638262
102.767,7.5860098170757455
102.768,7.5885293356761467
102.76900000000001,7.591043647404784
102.77,7.5935527320774767
102.771,7.5960565695862288
102.77200000000001,7.5985551398993341
102.773,7.6010484230614805
102.774,7.6035363991938754
102.77500000000001,7.606019048494332
102.776,7.6084963512373811
102.777,7.6109682877743738
102.77800000000001,7.6134348385335784
102.779,7.6158959840202751
102.78,7.6183517048168499
102.78100000000001,7.6208019815828907
102.782,7.6232467950552749
102.783,7.6256861260482607
102.78400000000001,7.6281199554535686
102.785,7.6305482642404643
102.786,7.6329710334558465
102.78700000000001,7.6353882442243188
102.788,7.6377998777482672
102.789,7.6402059153079458
102.79000000000001,7.6426063382615279
102.791,7.6450011280452062
102.792,7.6473902661732183
102.79300000000001,7.6497737342379599
102.794,7.652151513910014
102.795,7.6545235869382244
102.79600000000001,7.6568899351497528
102.797,7.6592505404501354
102.798,7.6616053848233321
102.79900000000001,7.6639544503317927
102.8,7.6662977191164901
102.801,7.6686351733969724
102.80200000000001,7.6709667954714051
102.803,7.6732925677166248
102.804,7.675612472588166
102.80500000000001,7.6779264926203012
102.806,7.6802346104260808
102.807,7.682536808697364
102.80800000000001,7.6848330702048511
102.809,7.6871233777980947
102.81,7.6894077144055544
102.81100000000001,7.6916860630345925
102.812,7.6939584067715137
102.813,7.6962247287815737
102.81399999999999,7.6984850123089874
102.815,7.700739240676965
102.816,7.7029873972877043
102.81699999999999,7.705229465622395
102.818,7.7074654292412434
102.819,7.7096952717834553
102.81999999999999,7.7119189769672563
102.821,7.7141365285898713
102.822,7.7163479105275314
102.82299999999999,7.7185531067354631
102.824,7.720752101247883
102.825,7.7229448781779775
102.82599999999999,7.7251314217178981
102.827,7.7273117161387397
102.828,7.7294857457905124
102.82899999999999,7.7316534951021358
102.83,7.7338149485814034
102.831,7.7359700908149573
102.83199999999999,7.738118906468257
102.833,7.7402613802855464
102.834,7.7423974970898302
102.83499999999999,7.7445272417828059
102.836,7.7466505993448669
102.837,7.7487675548350197
102.83799999999999,7.7508780933908543
102.839,7.7529822002285016
102.84,7.7550798606425744
102.84099999999999,7.7571710600061143
102.842,7.759255783770536
102.843,7.7613340174655683
102.84399999999999,7.7634057466991919
102.845,7.7654709571575733
102.846,7.7675296346050056
102.84699999999999,7.7695817648838235
102.848,7.7716273339143518
102.849,7.773666327694805
102.84999999999999,7.7756987323012305
102.851,7.7777245338874188
102.852,7.7797437186848164
102.85299999999999,7.7817562730024497
102.854,7.7837621832268207
102.855,7.785761435821839
102.85599999999999,7.7877540173287043
102.857,7.7897399143658186
102.858,7.7917191136286821
102.85899999999999,7.7936916018898046
102.86,7.7956573659985828
102.861,7.7976163928811948
102.86199999999999,7.7995686695405002
102.863,7.8015141830559163
102.864,7.8034529205833056
102.86499999999999,7.8053848693548513
102.866,7.8073100166789402
102.867,7.8092283499400379
102.86799999999999,7.8111398565985599
102.869,7.8130445241907367
102.87,7.8149423403284883
102.871,7.8168332926992807
102.872,7.8187173690659906
102.873,7.8205945572667659
102.874,7.8224648452148733
102.875,7.8243282208985567
102.876,7.8261846723808874
102.877,7.8280341877996147
102.878,7.8298767553669881
102.879,7.8317123633696308
102.88,7.8335410001683572
102.881,7.8353626541980095
102.88200000000001,7.837177313967298
102.883,7.8389849680586297
102.884,7.8407856051279232
102.88500000000001,7.8425792139044521
102.886,7.8443657831906508
102.887,7.8461453018619443
102.88800000000001,7.847917758866549
102.889,7.8496831432253087
102.89,7.8514414440314733
102.89100000000001,7.8531926504505405
102.892,7.8549367517200306
102.893,7.8566737371493041
102.89400000000001,7.8584035961193601
102.895,7.8601263180826209
102.896,7.8618418925627367
102.89700000000001,7.8635503091543724
102.898,7.8652515575229884
102.899,7.8669456274046388
102.90000000000001,7.8686325086057298
102.901,7.8703121910028333
102.902,7.871984664542425
102.90300000000001,7.8736499192406812
102.904,7.8753079451832422
102.905,7.8769587325249839
102.90600000000001,7.8786022714897737
102.907,7.8802385523702387
102.908,7.8818675655275268
102.90900000000001,7.8834893013910525
102.91,7.8851037504582635
102.911,7.8867109032943823
102.91200000000001,7.8883107505321561
102.913,7.889903282871602
102.914,7.8914884910797527
102.91500000000001,7.8930663659903866
102.916,7.8946368985037783
102.917,7.8962000795864133
102.91800000000001,7.8977559002707407
102.919,7.8993043516548918
102.92,7.9008454249023954
102.92100000000001,7.9023791112419195
102.922,7.9039054019669743
102.923,7.9054242884356452
102.92400000000001,7.9069357620702965
102.925,7.9084398143572869
102.926,7.9099364368466736
102.92700000000001,7.9114256211519356
102.928,7.9129073589496501
102.929,7.9143816419792277
102.93000000000001,7.9158484620425718
102.931,7.9173078110038126
102.932,7.9187596807889689
102.93300000000001,7.9202040633856647
102.934,7.9216409508427992
102.935,7.9230703352702347
102.93600000000001,7.9244922088384877
102.937,7.9259065637784039
102.938,7.9273133923808281
102.93899999999999,7.9287126869962945
102.94,7.9301044400346878
102.941,7.931488643964915
102.94199999999999,7.9328652913145765
102.943,7.9342343746696296
102.944,7.9355958866740481
102.94499999999999,7.9369498200294748
102.946,7.9382961674949026
102.947,7.9396349218863049
102.94799999999999,7.9409660760762959
102.949,7.942289622993786
102.95,7.9436055556236251
102.95099999999999,7.9449138670062442
102.952,7.9462145502373032
102.953,7.9475075984673316
102.95399999999999,7.9487930049013578
102.955,7.9500707627985614
102.956,7.9513408654718853
102.95699999999999,7.9526033062876866
102.958,7.9538580786653483
102.959,7.9551051760769234
102.95999999999999,7.9563445920467455
102.961,7.9575763201510492
102.962,7.958800354017602
102.96299999999999,7.9600166873253153
102.964,7.9612253138038547
102.965,7.9624262272332631
102.96599999999999,7.9636194214435685
102.967,7.9648048903143858
102.968,7.965982627774534
102.96899999999999,7.9671526278016334
102.97,7.968314884421714
102.971,7.9694693917088157
102.97199999999999,7.9706161437845813
102.973,7.9717551348178572
102.974,7.9728863590242947
102.97499999999999,7.9740098106659323
102.976,7.975125484050789
102.977,7.9762333735324642
102.97799999999999,7.9773334735097041
102.979,7.978425778426014
102.98,7.9795102827692199
102.98099999999999,7.980586981071057
102.982,7.981655867906758
102.983,7.9827169378946232
102.98399999999999,7.9837701856955956
102.985,7.9848156060128463
102.986,7.9858531935913408
102.98699999999999,7.986882943217406
102.988,7.9879048497183147
102.989,7.9889189079618426
102.98999999999999,7.9899251128558433
102.991,7.9909234593478065
102.992,7.9919139424244277
102.99299999999999,7.9928965571111794
102.994,7.9938712984718485
102.995,7.9948381616081274
102.996,7.9957971416591489
102.997,7.9967482338010578
102.998,7.997691433246561
102.999,7.9986267352444838
103,7.9995541350793298
103.001,8.0004736280708251
103.002,8.0013852095734777
103.003,8.0022888749761236
103.004,8.0031846197014787
103.005,8.0040724392056894
103.006,8.0049523289778737
103.00700000000001,8.0058242845396883
103.008,8.0066883014448393
103.009,8.0075443752786608
103.01000000000001,8.0083925016576476
103.011,8.0092326762289954
103.012,8.010064894670144
103.01300000000001,8.0108891526883319
103.014,8.0117054460201214
103.015,8.0125137704309495
103.01600000000001,8.0133141217146662
103.017,8.0141064956930759
103.018,8.0148908882154775
103.01900000000001,8.0156672951581989
103.02,8.0164357124241405
103.021,8.0171961359423189
103.02200000000001,8.017948561667394
103.023,8.0186929855792108
103.024,8.0194294036823379
103.02500000000001,8.0201578120056176
103.026,8.0208782066016777
103.027,8.0215905835464909
103.02800000000001,8.0222949389389022
103.029,8.0229912689001708
103.03,8.0236795695735061
103.03100000000001,8.0243598371236082
103.032,8.0250320677361984
103.033,8.0256962576175628
103.03400000000001,8.0263524029940996
103.035,8.0270005001118356
103.036,8.0276405452359896
103.03700000000001,8.0282725346504886
103.038,8.0288964646575387
103.039,8.0295123315771342
103.04000000000001,8.0301201317466173
103.041,8.0307198615202182
103.042,8.0313115172685823
103.04300000000001,8.0318950953783421
103.044,8.032470592251638
103.045,8.0330380043056735
103.04600000000001,8.0335973279722559
103.047,8.0341485596973463
103.048,8.0346916959406123
103.04900000000001,8.0352267331749658
103.05,8.0357536678861266
103.051,8.0362724965721632
103.05200000000001,8.0367832157430463
103.053,8.0372858219202108
103.054,8.0377803116361086
103.05500000000001,8.0382666814337522
103.056,8.0387449278662988
103.057,8.0392150474965831
103.05799999999999,8.0396770368966983
103.059,8.0401308926475501
103.06,8.0405766113384196
103.06100000000001,8.0410141895665408
103.062,8.041443623936658
103.063,8.0418649110605998
103.06399999999999,8.0422780475568558
103.065,8.0426830300501386
103.066,8.043079855170987
103.06700000000001,8.0434685195553079
103.068,8.0438490198439858
103.069,8.0442213526824524
103.06999999999999,8.0445855147202856
103.071,8.0449415026107758
103.072,8.0452893130105352
103.07299999999999,8.0456289425790821
103.074,8.0459603879784467
103.075,8.046283645872748
103.07599999999999,8.0465987129278176
103.077,8.0469055858107943
103.078,8.0472042611897301
103.07899999999999,8.0474947357331992
103.08,8.0477770061099161
103.081,8.0480510689883396
103.08199999999999,8.0483169210363119
103.083,8.0485745589206594
103.084,8.0488239793068299
103.08499999999999,8.0490651788585197
103.086,8.0492981542373059
103.087,8.0495229021022823
103.08799999999999,8.0497394191096916
103.089,8.0499477019125827
103.09,8.050147747160441
103.09099999999999,8.0503395514988583
103.092,8.0505231115691576
103.093,8.0506984240080843
103.09399999999999,8.0508654854474493
103.095,8.0510242925137927
103.096,8.0511748418280682
103.09699999999999,8.0513171300053052
103.098,8.0514511536542912
103.099,8.0515769093772569
103.09999999999999,8.0516943937695604
103.101,8.0518036034193852
103.102,8.0519045349074254
103.10299999999999,8.0519971848066021
103.104,8.0520815496817448
103.105,8.0521576260893362
103.10599999999999,8.0522254105771989
103.107,8.0522848996842278
103.108,8.0523360899401091
103.10899999999999,8.0523789778650627
103.11,8.0524135599695601
103.111,8.0524398327540858
103.11199999999999,8.0524577927088572
103.113,8.0524674363135986
103.114,8.0524687600372928
103.11499999999999,8.052461760337934
103.116,8.0524464336622987
103.117,8.0524227764457308
103.11799999999999,8.0523907851119034
103.119,8.0523504560726096
103.12,8.0523017857275629
103.121,8.0522447704641813
103.122,8.0521794066573893
103.123,8.052105690669439
103.124,8.0520236188497094
103.125,8.0519331875345426
103.126,8.0518343930470557
103.127,8.0517272316969866
103.128,8.0516116997805298
103.129,8.0514877935801721
103.13,8.0513555093645728
103.131,8.0512148433883866
103.13200000000001,8.0510657918921673
103.133,8.0509083511022084
103.134,8.0507425172304465
103.13500000000001,8.0505682864743395
103.136,8.0503856550167541
103.137,8.0501946190258771
103.13800000000001,8.049995174655125
103.139,8.0497873180430375
103.14,8.0495710453132325
103.14100000000001,8.0493463525743145
103.142,8.049113235919819
103.143,8.0488716914281433
103.14400000000001,8.048621715162529
103.145,8.048363303170996
103.146,8.0480964514863143
103.14700000000001,8.0478211561259876
103.148,8.0475374130922344
103.149,8.0472452183719714
103.15000000000001,8.0469445679368228
103.151,8.0466354577431183
103.152,8.0463178837319163
103.15300000000001,8.045991841829025
103.154,8.0456573279450261
103.155,8.0453143379753289
103.15600000000001,8.0449628678002014
103.157,8.0446029132848444
103.158,8.044234470279445
103.15900000000001,8.0438575346192565
103.16,8.0434721021246709
103.161,8.0430781686013226
103.16200000000001,8.0426757298401785
103.163,8.0422647816176518
103.164,8.0418453196957138
103.16500000000001,8.0414173398220274
103.166,8.0409808377300767
103.167,8.0405358091393069
103.16800000000001,8.040082249755292
103.169,8.0396201552698798
103.17,8.0391495213613773
103.17100000000001,8.0386703436947222
103.172,8.0381826179216773
103.173,8.037686339681029
103.17400000000001,8.0371815045987951
103.175,8.0366681082884455
103.176,8.0361461463511255
103.17700000000001,8.0356156143758959
103.178,8.0350765079399853
103.179,8.0345288226090332
103.18000000000001,8.0339725539373728
103.181,8.0334076974682862
103.182,8.0328342487343178
103.18299999999999,8.0322522032575492
103.184,8.0316615565498974
103.185,8.0310623041134672
103.18600000000001,8.0304544414408348
103.187,8.0298379640154049
103.188,8.0292128673117631
103.18899999999999,8.028579146796007
103.19,8.027936797926138
103.191,8.0272858161524177
103.19200000000001,8.0266261969177748
103.193,8.0259579356581803
103.194,8.0252810278030609
103.19499999999999,8.0245954687757326
103.196,8.0239012539938059
103.197,8.0231983788696333
103.19799999999999,8.0224868388107637
103.199,8.0217666292203909
103.2,8.0210377454978303
103.20099999999999,8.0203001830389908
103.202,8.0195539372368891
103.203,8.0187990034821102
103.20399999999999,8.0180353771633577
103.205,8.0172630536679605
103.206,8.0164820283824021
103.20699999999999,8.015692296692869
103.208,8.0148938539858126
103.209,8.0140866956485013
103.20999999999999,8.0132708170695999
103.211,8.0124462136397767
103.212,8.0116128807522671
103.21299999999999,8.0107708138035001
103.214,8.009920008193733
103.215,8.0090604593276495
103.21599999999999,8.0081921626150194
103.217,8.0073151134713569
103.218,8.0064293073185677
103.21899999999999,8.0055347395856309
103.22,8.0046314057092793
103.221,8.003719301134705
103.22199999999999,8.0027984213162533
103.223,8.0018687617181463
103.224,8.0009303178152074
103.22499999999999,7.9999830850936089
103.226,7.9990270590516115
103.227,7.9980622352003303
103.22799999999999,7.9970886090645044
103.229,7.9961061761832841
103.23,7.995114932111016
103.23099999999999,7.9941148724180575
103.232,7.9931059926915804
103.233,7.9920882885364106
103.23399999999999,7.9910617555758519
103.235,7.9900263894525425
103.236,7.9889821858293031
103.23699999999999,7.9879291403900234
103.238,7.9868672488405217
103.239,7.9857965069094545
103.23999999999999,7.9847169103492019
103.241,7.9836284549367873
103.242,7.9825311364748019
103.24299999999999,7.9814249507923352
103.244,7.9803098937459156
103.245,7.9791859612204696
103.246,7.9780531491302931
103.247,7.9769114534200058
103.248,7.9757608700655611
103.249,7.9746013950752266
103.25,7.9734330244906051
103.251,7.9722557543876267
103.252,7.9710695808776135
103.253,7.9698745001082765
103.254,7.9686705082647959
103.255,7.9674576015708638
103.256,7.9662357762897527
103.25700000000001,7.9650050287253986
103.258,7.9637653552234848
103.259,7.9625167521725455
103.26000000000001,7.9612592160050646
103.261,7.9599927431986037
103.262,7.9587173302769241
103.26300000000001,7.9574329738111302
103.264,7.9561396704208018
103.265,7.9548374167751694
103.26600000000001,7.9535262095942683
103.267,7.9522060456501187
103.268,7.9508769217679047
103.26900000000001,7.9495388348271812
103.27,7.9481917817630645
103.271,7.9468357595674464
103.27200000000001,7.9454707652902288
103.273,7.9440967960405349
103.274,7.9427138489879656
103.27500000000001,7.9413219213638317
103.276,7.9399210104624309
103.277,7.9385111136422983
103.27800000000001,7.9370922283274794
103.279,7.9356643520088248
103.28,7.9342274822452739
103.28100000000001,7.9327816166651521
103.282,7.931326752967486
103.283,7.9298628889233083
103.28400000000001,7.9283900223769948
103.285,7.926908151247579
103.286,7.9254172735301092
103.28700000000001,7.9239173872969815
103.288,7.9224084906993006
103.289,7.9208905819682407
103.29000000000001,7.9193636594164172
103.291,7.9178277214392514
103.292,7.9162827665163746
103.29300000000001,7.9147287932129942
103.294,7.9131658001813125
103.295,7.9115937861619159
103.29600000000001,7.910012749985194
103.297,7.9084226905727482
103.298,7.9068236069388265
103.29900000000001,7.9052154981917422
103.3,7.9035983635353171
103.301,7.9019722022703149
103.30200000000001,7.9003370137958999
103.303,7.8986927976110799
103.304,7.897039553316171
103.30500000000001,7.8953772806142579
103.306,7.8937059793126654
103.307,7.8920256493244274
103.30799999999999,7.8903362906697767
103.309,7.8886379034776244
103.31,7.8869304879870423
103.31100000000001,7.8852140445487588
103.312,7.8834885736266651
103.313,7.8817540757993072
103.31399999999999,7.8800105517613996
103.315,7.8782580023253255
103.316,7.8764964284226595
103.31700000000001,7.8747258311056738
103.318,7.8729462115488751
103.319,7.8711575710505137
103.31999999999999,7.8693599110341115
103.321,7.8675532330499989
103.322,7.865737538776842
103.32299999999999,7.8639128300231809
103.324,7.8620791087289561
103.325,7.8602363769670651
103.32599999999999,7.8583846369448898
103.327,7.8565238910058444
103.328,7.8546541416309221
103.32899999999999,7.8527753914402334
103.33,7.8508876431945689
103.331,7.8489908997969309
103.33199999999999,7.8470851642940902
103.333,7.8451704398781406
103.334,7.8432467298880413
103.33499999999999,7.8413140378111708
103.336,7.839372367284887
103.337,7.8374217220980578
103.33799999999999,7.8354621061926339
103.339,7.8334935236651848
103.34,7.8315159787684552
103.34099999999999,7.829529475912901
103.342,7.8275340196682679
103.343,7.825529614765097
103.34399999999999,7.8235162660962949
103.345,7.8214939787186788
103.346,7.8194627578545015
103.34699999999999,7.8174226088930023
103.348,7.8153735373919426
103.349,7.8133155490791344
103.34999999999999,7.8112486498539724
103.351,7.8091728457889777
103.352,7.8070881431312973
103.35299999999999,7.8049945483042418
103.354,7.8028920679088074
103.355,7.8007807087251804
103.35599999999999,7.7986604777142432
103.357,7.796531382019098
103.358,7.7943934289665497
103.35899999999999,7.792246626068617
103.36,7.7900909810240133
103.361,7.7879265017196326
103.36199999999999,7.7857531962320454
103.363,7.783571072828952
103.364,7.7813801399706701
103.36499999999999,7.779180406311589
103.366,7.7769718807016268
103.367,7.7747545721876872
103.36799999999999,7.7725284900150866
103.369,7.7702936436290129
103.37,7.7680500426759362
103.371,7.7657976970050395
103.372,7.7635366166696294
103.373,7.7612668119285377
103.374,7.758988293247528
103.375,7.7567010713006805
103.376,7.7544051569717611
103.377,7.7521005613556122
103.378,7.7497872957594973
103.379,7.7474653717044673
103.38,7.7451348009266887
103.381,7.7427955953787899
103.38200000000001,7.7404477672311689
103.383,7.7380913288733248
103.384,7.7357262929151398
103.38500000000001,7.7333526721881745
103.386,7.7309704797469623
103.387,7.7285797288702529
103.38800000000001,7.7261804330622823
103.389,7.7237726060540268
103.39,7.7213562618044005
103.39100000000001,7.7189314145015135
103.392,7.7164980785638617
103.393,7.7140562686415146
103.39400000000001,7.711605999617305
103.395,7.7091472866079922
103.396,7.7066801449654223
103.39700000000001,7.7042045902776586
103.398,7.7017206383701113
103.399,7.6992283053066481
103.40000000000001,7.6967276073906952
103.401,7.6942185611663128
103.402,7.6917011834192612
103.40300000000001,7.6891754911780588
103.404,7.686641501715008
103.405,7.6840992325472266
103.40600000000001,7.6815487014376371
103.407,7.6789899263959684
103.408,7.6764229256797138
103.40900000000001,7.6738477177950939
103.41,7.671264321497981
103.411,7.6686727557948364
103.41200000000001,7.6660730399435977
103.413,7.6634651934545648
103.414,7.6608492360912654
103.41500000000001,7.6582251878713121
103.416,7.6555930690672138
103.417,7.652952900207203
103.41800000000001,7.6503047020760127
103.419,7.6476484957156581
103.42,7.6449843024261819
103.42100000000001,7.6423121437663948
103.422,7.6396320415545738
103.423,7.6369440178691734
103.42400000000001,7.6342480950494807
103.425,7.631544295696278
103.426,7.6288326426724602
103.42700000000001,7.6261131591036602
103.428,7.6233858683788256
103.429,7.6206507941507899
103.43000000000001,7.6179079603368036
103.431,7.6151573911190846
103.432,7.6123991109452884
103.43299999999999,7.6096331445289991
103.434,7.606859516850192
103.435,7.6040782531556452
103.43600000000001,7.6012893789593674
103.437,7.5984929200429727
103.438,7.5956889024560521
103.43899999999999,7.5928773525164956
103.44,7.5900582968108239
103.441,7.587231762194464
103.44200000000001,7.5843977757920271
103.443,7.5815563649975362
103.444,7.5787075574746563
103.44499999999999,7.5758513811568751
103.446,7.572987864247672
103.447,7.5701170352206626
103.44799999999999,7.5672389228197021
103.449,7.5643535560589905
103.45,7.5614609642231185
103.45099999999999,7.5585611768671228
103.452,7.5556542238164779
103.453,7.5527401351670926
103.45399999999999,7.5498189412852659
103.455,7.5468906728076082
103.456,7.5439553606409584
103.45699999999999,7.5410130359622478
103.458,7.5380637302183553
103.459,7.5351074751259262
103.45999999999999,7.5321443026711652
103.461,7.5291742451096031
103.462,7.5261973349658264
103.46299999999999,7.5232136050332059
103.464,7.5202230883735455
103.465,7.5172258183167653
103.46599999999999,7.5142218284605056
103.467,7.5112111526697287
103.468,7.5081938250762805
103.46899999999999,7.5051698800784266
103.47,7.5021393523403619
103.471,7.4991022767916879
103.47199999999999,7.4960586886268521
103.473,7.4930086233045792
103.474,7.4899521165472445
103.47499999999999,7.4868892043402493
103.476,7.4838199229313256
103.477,7.48074430882986
103.47799999999999,7.477662398806137
103.479,7.4745742298905977
103.48,7.4714798393730231
103.48099999999999,7.4683792648017313
103.482,7.4652725439827057
103.483,7.4621597149787204
103.48399999999999,7.4590408161084198
103.485,7.4559158859453705
103.486,7.4527849633170709
103.48699999999999,7.4496480873039603
103.488,7.4465052972383683
103.489,7.4433566327034333
103.48999999999999,7.4402021335320123
103.491,7.4370418398055289
103.492,7.4338757918528255
103.49299999999999,7.4307040302489424
103.494,7.4275265958138981
103.495,7.4243435296114253
103.496,7.4211548729476728
103.497,7.4179606673698748
103.498,7.4147609546650068
103.499,7.4115557768583802
103.5,7.4083451762122188
103.501,7.4051291952242106
103.502,7.4019078766260185
103.503,7.398681263381758
103.504,7.395449398686452
103.505,7.3922123259644348
103.506,7.3889700888677448
103.50700000000001,7.3857227312744804
103.508,7.3824702972871048
103.509,7.3792128312307455
103.51000000000001,7.3759503776514457
103.511,7.3726829813143793
103.512,7.3694106872020546
103.51300000000001,7.3661335405124646
103.514,7.3628515866572073
103.515,7.3595648712595922
103.51600000000001,7.356273440152691
103.517,7.3529773393773734
103.518,7.3496766151802992
103.51900000000001,7.3463713140118809
103.52,7.3430614825242326
103.521,7.3397471675690502
103.52200000000001,7.3364284161954938
103.523,7.3331052756480188
103.524,7.3297777933641832
103.52500000000001,7.3264460169724233
103.526,7.3231099942897933
103.527,7.3197697733196661
103.52800000000001,7.3164254022494326
103.529,7.3130769294481395
103.53,7.3097244034640854
103.53100000000001,7.3063678730224346
103.532,7.3030073870227588
103.533,7.2996429945365495
103.53400000000001,7.2962747448047311
103.535,7.2929026872350891
103.536,7.289526871399735
103.53700000000001,7.2861473470324745
103.538,7.2827641640261884
103.539,7.2793773724301785
103.54000000000001,7.275987022447457
103.541,7.2725931644320374
103.542,7.269195848886171
103.54300000000001,7.2657951264575695
103.544,7.2623910479365907
103.545,7.2589836642534022
103.54600000000001,7.2555730264750924
103.547,7.2521591858027863
103.548,7.2487421935687069
103.54900000000001,7.2453221012332198
103.55,7.2418989603818344
103.551,7.2384728227221995
103.55200000000001,7.2350437400810552
103.553,7.2316117644011522
103.554,7.2281769477381497
103.55500000000001,7.2247393422574975
103.556,7.221299000231264
103.557,7.2178559740349657
103.55799999999999,7.2144103161443365
103.559,7.210962079132103
103.56,7.2075113156647115
103.56100000000001,7.20405807849904
103.562,7.2006024204790684
103.563,7.1971443945325442
103.56399999999999,7.1936840536676074
103.565,7.1902214509693847
103.566,7.1867566395965756
103.56700000000001,7.1832896727780016
103.568,7.179820603809139
103.569,7.1763494860486041
103.56999999999999,7.1728763729146401
103.571,7.1694013178815821
103.572,7.1659243744762673
103.57299999999999,7.1624455962744467
103.574,7.1589650368971727
103.575,7.1554827500071472
103.57599999999999,7.1519987893050727
103.577,7.1485132085259471
103.578,7.1450260614353684
103.57899999999999,7.141537401825798
103.58,7.1380472835128135
103.581,7.1345557603313212
103.58199999999999,7.1310628861317777
103.583,7.12756871477636
103.584,7.1240733001351364
103.58499999999999,7.1205766960822103
103.586,7.1170789564918309
103.587,7.1135801352345185
103.58799999999999,7.1100802861731323
103.589,7.1065794631589378
103.59,7.1030777200276596
103.59099999999999,7.0995751105955094
103.592,7.0960716886551891
103.593,7.0925675079718991
103.59399999999999,7.0890626222792985
103.595,7.0855570852754699
103.596,7.0820509506188722
103.59699999999999,7.0785442719242546
103.598,7.0750371027585759
103.599,7.0715294966368898
103.59999999999999,7.0680215070182415
103.601,7.0645131873015199
103.602,7.0610045908213159
103.60299999999999,7.0574957708437589
103.604,7.053986780562342
103.605,7.0504776730937326
103.60599999999999,7.0469685014735743
103.607,7.0434593186522623
103.608,7.0399501774907343
103.60899999999999,7.0364411307562209
103.61,7.0329322311179983
103.611,7.029423531143137
103.61199999999999,7.025915083292225
103.613,7.022406939915089
103.614,7.0188991532465108
103.61499999999999,7.0153917754019206
103.616,7.0118848583731008
103.617,7.0083784540238652
103.61799999999999,7.0048726140857323
103.619,7.0013673901536011
103.62,6.9978628336814213
103.621,6.9943589959778256
103.622,6.9908559282018068
103.623,6.987353681358341
103.624,6.9838523062940432
103.625,6.9803518536927971
103.626,6.9768523740713695
103.627,6.973353917775059
103.628,6.9698565349733039
103.629,6.96636027565531
103.63,6.9628651896256635
103.631,6.9593713264999399
103.63200000000001,6.955878735700324
103.633,6.9523874664512233
103.634,6.9488975677748801
103.63500000000001,6.9454090884869588
103.636,6.9419220771921957
103.637,6.9384365822799809
103.63800000000001,6.9349526519199713
103.639,6.9314703340577237
103.64,6.9279896764102915
103.64100000000001,6.9245107264618513
103.642,6.9210335314593241
103.643,6.9175581384079941
103.64400000000001,6.9140845940671349
103.645,6.9106129449456599
103.646,6.9071432372977339
103.64700000000001,6.9036755171184305
103.648,6.9002098301393797
103.649,6.8967462218244204
103.65000000000001,6.8932847373652502
103.651,6.8898254216771138
103.652,6.8863683193944603
103.65300000000001,6.8829134748666334
103.654,6.8794609321535685
103.655,6.8760107350214854
103.65600000000001,6.8725629269385973
103.657,6.8691175510708433
103.658,6.8656746502776098
103.65900000000001,6.8622342671074632
103.66,6.8587964437939268
103.661,6.8553612222512248
103.66200000000001,6.851928644070072
103.663,6.848498750513448
103.664,6.8450715825124187
103.66500000000001,6.8416471806619512
103.666,6.8382255852167244
103.667,6.8348068360870009
103.66800000000001,6.8313909728344697
103.669,6.8279780346681349
103.67,6.8245680604402024
103.67100000000001,6.821161088641988
103.672,6.8177571573998472
103.673,6.8143563044711213
103.67400000000001,6.8109585672400881
103.675,6.80756398271396
103.676,6.8041725875188606
103.67700000000001,6.800784417895871
103.678,6.7973995096970414
103.679,6.7940178983814681
103.68000000000001,6.7906396190113663
103.681,6.787264706248167
103.682,6.7838931943486562
103.68299999999999,6.780525117161095
103.684,6.7771605081214004
103.685,6.7737994002493425
103.68600000000001,6.7704418261447508
103.687,6.7670878179837404
103.688,6.7637374075149967
103.68899999999999,6.7603906260560498
103.69,6.7570475044895879
103.691,6.7537080732597925
103.69200000000001,6.7503723623687177
103.693,6.7470404013726615
103.694,6.7437122193785921
103.69499999999999,6.7403878450406012
103.696,6.7370673065563649
103.697,6.7337506316636562
103.69799999999999,6.7304378476368676
103.699,6.7271289812835766
103.7,6.7238240589411333
103.70099999999999,6.7205231064732809
103.702,6.7172261492668035
103.703,6.7139332122282092
103.70399999999999,6.7106443197804424
103.705,6.707359495859631
103.706,6.7040787639118529
103.70699999999999,6.7008021468899583
103.708,6.6975296672504019
103.709,6.6942613469501158
103.70999999999999,6.6909972074434316
103.711,6.6877372696790092
103.712,6.6844815540968181
103.71299999999999,6.6812300806251557
103.714,6.6779828686776881
103.715,6.6747399371505365
103.71599999999999,6.6715013044193903
103.717,6.6682669883366747
103.718,6.665037006228733
103.71899999999999,6.661811374893059
103.72,6.6585901105955587
103.721,6.6553732290678695
103.72199999999999,6.6521607455046867
103.723,6.6489526745611522
103.724,6.6457490303502764
103.72499999999999,6.6425498264403942
103.726,6.6393550758526665
103.727,6.6361647910586159
103.72799999999999,6.6329789839777016
103.729,6.6297976659749631
103.73,6.626620847858641
103.73099999999999,6.6234485398779137
103.732,6.6202807517206175
103.733,6.6171174925110483
103.73399999999999,6.6139587708077769
103.735,6.6108045946015199
103.736,6.6076549713130506
103.73699999999999,6.6045099077911678
103.738,6.6013694103106708
103.739,6.5982334845704154
103.73999999999999,6.5951021356913948
103.741,6.5919753682148752
103.742,6.5888531861005584
103.74299999999999,6.5857355927248111
103.744,6.5826225908789162
103.745,6.5795141827673902
103.746,6.5764103700063323
103.747,6.5733111536218285
103.748,6.5702165340483818
103.749,6.5671265111274248
103.75,6.564041084105833
103.751,6.5609602516345289
103.752,6.557884011767098
103.753,6.5548123619584668
103.754,6.5517452990636418
103.755,6.548682819336455
103.756,6.5456249184284054
103.75700000000001,6.5425715913875102
103.758,6.5395228326572319
103.759,6.536478636075425
103.76000000000001,6.5334389948733635
103.761,6.530403901674779
103.762,6.5273733484949883
103.76300000000001,6.52434732674004
103.764,6.5213258272059154
103.765,6.5183088400777809
103.76600000000001,6.5152963549293084
103.767,6.5122883607219997
103.768,6.5092848458046113
103.76900000000001,6.5062857979125921
103.77,6.5032912041675823
103.771,6.5003010510769741
103.77200000000001,6.4973153245335036
103.773,6.4943340098148932
103.774,6.491357091583577
103.77500000000001,6.4883845538864104
103.776,6.4854163801545059
103.777,6.4824525532030641
103.77800000000001,6.4794930552312815
103.779,6.4765378678222945
103.78,6.4735869719431829
103.78100000000001,6.4706403479450216
103.782,6.4676979755629906
103.783,6.4647598339165082
103.78400000000001,6.4618259015094548
103.785,6.4588961562304048
103.786,6.4559705753529535
103.78700000000001,6.4530491355360589
103.788,6.4501318128244458
103.789,6.4472185826490644
103.79000000000001,6.4443094198276061
103.791,6.4414042985650397
103.792,6.4385031924542453
103.79300000000001,6.4356060744766488
103.794,6.4327129170029531
103.795,6.4298236917938754
103.79600000000001,6.4269383700009799
103.797,6.4240569221675168
103.798,6.4211793182293526
103.79900000000001,6.4183055275159244
103.8,6.4154355187512397
103.801,6.4125692600549602
103.80200000000001,6.4097067189435011
103.803,6.4068478623311931
103.804,6.4039926565314973
103.80500000000001,6.4011410672582718
103.806,6.3982930596270746
103.807,6.3954485981565341
103.80799999999999,6.3926076467697559
103.809,6.389770168795784
103.81,6.386936126971114
103.81100000000001,6.3841054834412505
103.812,6.381278199762316
103.813,6.378454236902706
103.81399999999999,6.3756335552448071
103.815,6.372816114586735
103.816,6.370001874144152
103.81700000000001,6.3671907925521145
103.818,6.3643828278669741
103.819,6.3615779375683266
103.81999999999999,6.3587760785610055
103.821,6.3559772071771334
103.822,6.3531812791782061
103.82299999999999,6.3503882497572359
103.824,6.3475980735409374
103.825,6.3448107045919624
103.82599999999999,6.3420260964111801
103.827,6.3392442019399899
103.828,6.3364649735627214
103.82899999999999,6.3336883631090313
103.83,6.3309143218563717
103.831,6.3281428005325102
103.83199999999999,6.3253737493180804
103.833,6.3226071178491727
103.834,6.3198428552199992
103.83499999999999,6.3170809099855711
103.836,6.314321230164432
103.837,6.3115637632414527
103.83799999999999,6.3088084561706399
103.839,6.3060552553780003
103.84,6.3033041067644575
103.84099999999999,6.3005549557088143
103.842,6.2978077470707259
103.843,6.2950624251937528
103.84399999999999,6.2923189339084429
103.845,6.2895772165354389
103.846,6.2868372158886627
103.84699999999999,6.2840988742785013
103.848,6.2813621335150582
103.849,6.2786269349114461
103.84999999999999,6.2758932192871058
103.851,6.2731609269711806
103.852,6.2704299978059046
103.85299999999999,6.2677003711500738
103.854,6.264971985882509
103.855,6.2622447804055925
103.85599999999999,6.2595186926488129
103.857,6.2567936600723817
103.858,6.2540696196708643
103.85899999999999,6.2513465079768435
103.86,6.2486242610646423
103.861,6.2459028145540607
103.86199999999999,6.2431821036141715
103.863,6.2404620629671212
103.864,6.2377426268920013
103.86499999999999,6.2350237292287227
103.866,6.23230530338195
103.867,6.2295872823250455
103.86799999999999,6.226869598604071
103.869,6.2241521843418148
103.87,6.2214349712418331
103.871,6.2187178905925551
103.872,6.2160008732713967
103.873,6.2132838497489207
103.874,6.2105667500930064
103.875,6.207849503973085
103.876,6.2051320406643731
103.877,6.2024142890521476
103.878,6.1996961776360591
103.879,6.1969776345344618
103.88,6.1942585874887781
103.881,6.1915389638678908
103.88200000000001,6.1888186906725524
103.883,6.1860976945398534
103.884,6.1833759017476773
103.88500000000001,6.180653238219203
103.886,6.1779296295274468
103.887,6.1752050008997958
103.88800000000001,6.172479277222588
103.889,6.1697523830457301
103.89,6.1670242425873001
103.89100000000001,6.1642947797382144
103.892,6.1615639180668964
103.893,6.158831580823966
103.89400000000001,6.1560976909469751
103.895,6.1533621710651216
103.896,6.1506249435040363
103.89700000000001,6.1478859302905517
103.898,6.1451450531575063
103.899,6.1424022335485784
103.90000000000001,6.1396573926231097
103.901,6.1369104512609889
103.902,6.1341613300675162
103.90300000000001,6.1314099493783063
103.904,6.1286562292642115
103.905,6.1259000895362465
103.90600000000001,6.1231414497505385
103.907,6.1203802292133025
103.908,6.1176163469858151
103.90900000000001,6.1148497218894136
103.91,6.1120802725105028
103.911,6.1093079172055997
103.91200000000001,6.1065325741063523
103.913,6.103754161124602
103.914,6.1009725959574492
103.91500000000001,6.0981877960923301
103.916,6.095399678812111
103.917,6.092608161200185
103.91800000000001,6.089813160145586
103.919,6.0870145923481092
103.92,6.0842123743234495
103.92100000000001,6.0814064224083353
103.922,6.0785966527656816
103.923,6.0757829813897555
103.92400000000001,6.0729653241113351
103.925,6.070143596602886
103.926,6.0673177143837389
103.92700000000001,6.0644875928252873
103.928,6.0616531471561679
103.929,6.0588142924674724
103.93000000000001,6.0559709437179299
103.931,6.0531230157391525
103.932,6.0502704232408009
103.93299999999999,6.0474130808158364
103.934,6.0445509029457183
103.935,6.0416838040056415
103.93600000000001,6.0388116982697415
103.937,6.0359344999163289
103.938,6.0330521230331167
103.93899999999999,6.030164481622438
103.94,6.0272714896064814
103.941,6.0243730608325086
103.94200000000001,6.0214691090780859
103.943,6.018559548056297
103.944,6.0156442914209798
103.94499999999999,6.0127232527719316
103.946,6.0097963456601242
103.947,6.00686348359294
103.94799999999999,6.0039245800393513
103.949,6.00097954843514
103.95,5.9980283021880982
103.95099999999999,5.9950707546832236
103.952,5.9921068192879048
103.953,5.9891364093571022
103.95399999999999,5.9861594382385359
103.955,5.9831758192778484
103.956,5.9801854658237641
103.95699999999999,5.9771882912332508
103.958,5.9741842088766539
103.959,5.9711731321428587
103.95999999999999,5.9681549744443902
103.961,5.9651296492225434
103.962,5.96209706995249
103.96299999999999,5.9590571501483884
103.964,5.9560098033684454
103.965,5.9529549432200133
103.96599999999999,5.9498924833646454
103.967,5.946822337523141
103.968,5.9437444194805948
103.96899999999999,5.9406586430914103
103.97,5.9375649222843236
103.971,5.9344631710673852
103.97199999999999,5.9313533035329637
103.973,5.92823523386269
103.974,5.9251088763324269
103.97499999999999,5.9219741453172059
103.976,5.9188309552961371
103.977,5.915679220857319
103.97799999999999,5.912518856702734
103.979,5.909349777653107
103.98,5.906171898652766
103.98099999999999,5.9029851347744717
103.982,5.8997894012242345
103.983,5.8965846133461222
103.98399999999999,5.893370686627021
103.985,5.8901475367014049
103.986,5.8869150793560703
103.98699999999999,5.8836732305348596
103.988,5.8804219063433534
103.989,5.8771610230535511
103.98999999999999,5.8738904971085208
103.991,5.8706102451270388
103.992,5.8673201839081974
103.99299999999999,5.8640202304359956
103.994,5.8607103018839011
103.995,5.8573903156193996
103.996,5.8540601892085116
103.997,5.8507198404202834
103.998,5.8473691872312656
103.999,5.8440081478299604
104,5.8406366406212342
104.001,5.8372545842307284
104.002,5.8338618975092187
104.003,5.8304584995369666
104.004,5.8270443096280466
104.005,5.8236192473346264
104.006,5.8201832324512424
104.00700000000001,5.8167361850190344
104.008,5.8132780253299696
104.009,5.8098086739310162
104.01000000000001,5.8063280516283049
104.011,5.8028360794912572
104.012,5.7993326788566977
104.01300000000001,5.7958177713329082
104.014,5.7922912788036856
104.015,5.788753123432353
104.01600000000001,5.7852032276657459
104.017,5.7816415142381627
104.018,5.7780679061752993
104.01900000000001,5.774482326798136
104.02,5.7708846997268122
104.021,5.7672749488844586
104.02200000000001,5.7636529985009934
104.023,5.7600187731169017
104.024,5.7563721975869884
104.02500000000001,5.7527131970840655
104.026,5.7490416971026512
104.027,5.7453576234626036
104.02800000000001,5.7416609023127485
104.029,5.7379514601344486
104.03,5.7342292237451575
104.03100000000001,5.7304941203019455
104.032,5.726746077304977
104.033,5.7229850226009589
104.03400000000001,5.7192108843865661
104.035,5.715423591211823
104.036,5.7116230719834604
104.03700000000001,5.7078092559682219
104.038,5.703982072796153
104.039,5.7001414524638614
104.04000000000001,5.6962873253377166
104.041,5.6924196221570451
104.042,5.6885382740372643
104.04300000000001,5.6846432124730022
104.044,5.6807343693411845
104.045,5.6768116769040544
104.04600000000001,5.6728750678122015
104.047,5.6689244751075254
104.048,5.6649598322261756
104.04900000000001,5.6609810730014543
104.05,5.656988131666675
104.051,5.652980942858008
104.05200000000001,5.6489594416172721
104.053,5.6449235633946842
104.054,5.6408732440515994
104.05500000000001,5.6368084198631792
104.056,5.6327290275210764
104.057,5.6286350041360143
104.05799999999999,5.6245262872403936
104.059,5.6204028147908218
104.06,5.6162645251706387
104.06100000000001,5.6121113571923633
104.062,5.607943250100158
104.063,5.60376014357219
104.06399999999999,5.5995619777230488
104.065,5.595348693106013
104.066,5.5911202307153811
104.06700000000001,5.5868765319887093
104.068,5.5826175388090338
104.069,5.5783431935070418
104.06999999999999,5.5740534388632268
104.071,5.5697482181099858
104.072,5.5654274749337009
104.07299999999999,5.5610911534767595
104.074,5.5567391983395646
104.075,5.5523715545824803
104.07599999999999,5.5479881677277794
104.077,5.5435889837615058
104.078,5.53917394913534
104.07899999999999,5.534743010768409
104.08,5.5302961160490636
104.081,5.5258332128366288
104.08199999999999,5.5213542494630925
104.083,5.5168591747347797
104.084,5.5123479379339964
104.08499999999999,5.5078204888206157
104.086,5.50327677763363
104.087,5.4987167550926834
104.08799999999999,5.494140372399567
104.089,5.4895475812396466
104.09,5.484938333783294
104.09099999999999,5.4803125826872652
104.092,5.4756702810960416
104.093,5.471011382643125
104.09399999999999,5.46633584145233
104.095,5.4616436121389995
104.096,5.4569346498112186
104.09699999999999,5.452208910070965
104.098,5.4474663490152544
104.099,5.4427069232372194
104.09999999999999,5.4379305898271735
104.101,5.4331373063736326
104.102,5.4283270309643026
104.10299999999999,5.4234997221870307
104.104,5.4186553391307317
104.105,5.4137938413862576
104.10599999999999,5.4089151890472555
104.107,5.4040193427109742
104.108,5.399106263479057
104.10899999999999,5.394175912958274
104.11,5.3892282532612361
104.111,5.3842632470070715
104.11199999999999,5.3792808573220796
104.113,5.3742810478403236
104.114,5.3692637827042207
104.11499999999999,5.3642290265650718
104.116,5.3591767445835856
104.117,5.3541069024303463
104.11799999999999,5.3490194662862471
104.119,5.3439144028429197
104.12,5.3387916793031032
104.121,5.3336512633809843
104.122,5.3284931233025166
104.123,5.3233172278056902
104.124,5.3181235461408072
104.125,5.3129120480706611
104.126,5.3076827038707481
104.127,5.3024354843294113
104.128,5.2971703607479625
104.129,5.2918873049407802
104.13,5.2865862892353599
104.131,5.2812672864723442
104.13200000000001,5.2759302700055244
104.133,5.270575213701818
104.134,5.2652020919411822
104.13500000000001,5.2598108796165555
104.136,5.2544015521336931
104.137,5.2489740854110618
104.13800000000001,5.243528455879626
104.139,5.2380646404826434
104.14,5.2325826166754368
104.14100000000001,5.2270823624251186
104.142,5.2215638562102988
104.143,5.2160270770207458
104.14400000000001,5.2104720043570474
104.145,5.2048986182302306
104.146,5.1993068991613418
104.14700000000001,5.1936968281810154
104.148,5.1880683868290172
104.149,5.182421557153738
104.15000000000001,5.1767563217116876
104.151,5.1710726635669477
104.152,5.1653705662905995
104.15300000000001,5.1596500139601247
104.154,5.1539109911587895
104.155,5.1481534829749824
104.15600000000001,5.1423774750015525
104.157,5.1365829533351093
104.158,5.1307699045752866
104.15900000000001,5.1249383158240009
104.16,5.1190881746846726
104.161,5.1132194692614403
104.16200000000001,5.1073321881583187
104.163,5.1014263204783621
104.164,5.0955018558227909
104.16500000000001,5.0895587842901104
104.166,5.0835970964751684
104.167,5.0776167834682377
104.16800000000001,5.0716178368540419
104.169,5.0656002487107781
104.17,5.0595640116090994
104.17100000000001,5.0535091186110943
104.172,5.0474355632692269
104.173,5.041343339625282
104.17400000000001,5.0352324422092458
104.175,5.0291028660382082
104.176,5.0229546066152251
104.17700000000001,5.0167876599281609
104.178,5.0106020224485075
104.179,5.0043976911301957
104.18000000000001,4.9981746634083715
104.181,4.9919329371981709
104.182,4.9856725108934494
104.18299999999999,4.9793933833655259
104.184,4.9730955539618744
104.185,4.9667790225048236
104.18600000000001,4.960443789290224
104.187,4.9540898550860968
104.188,4.9477172211312697
104.18899999999999,4.9413258891340064
104.19,4.9349158612705857
104.191,4.9284871401839006
104.19200000000001,4.9220397289820115
104.193,4.9155736312367218
104.194,4.9090888509820712
104.19499999999999,4.90258539271289
104.196,4.8960632613832713
104.197,4.8895224624050915
104.19799999999999,4.8829630016464449
104.199,4.8763848854301184
104.2,4.8697881205320366
104.20099999999999,4.863172714179675
104.202,4.8565386740504799
104.203,4.8498860082702677
104.20399999999999,4.8432147254116042
104.205,4.8365248344921801
104.206,4.8298163449731684
104.20699999999999,4.8230892667575676
104.208,4.8163436101885235
104.209,4.8095793860476741
104.20999999999999,4.8027966055534277
104.211,4.7959952803592802
104.212,4.7891754225520726
104.21299999999999,4.7823370446502995
104.214,4.7754801596023277
104.215,4.7686047807846776
104.21599999999999,4.7617109220002387
104.217,4.7547985974765172
104.218,4.7478678218638386
104.21899999999999,4.7409186102335514
104.22,4.733950978076237
104.221,4.7269649412998902
104.22199999999999,4.7199605162280989
104.223,4.7129377195982105
104.224,4.7058965685594822
104.22499999999999,4.6988370806712583
104.226,4.6917592739010825
104.227,4.6846631666228511
104.22799999999999,4.6775487776149243
104.229,4.6704161260582655
104.23,4.6632652315345222
104.23099999999999,4.6560961140241597
104.232,4.6489087939045248
104.233,4.6417032919479739
104.23399999999999,4.6344796293199115
104.235,4.6272378275769022
104.236,4.6199779086647084
104.23699999999999,4.6126998949163855
104.238,4.6054038090503138
104.239,4.5980896741682571
104.23999999999999,4.590757513753414
104.241,4.5834073516684626
104.242,4.5760392121535745
104.24299999999999,4.5686531198244706
104.244,4.5612490996704267
104.245,4.5538271770523195
104.246,4.546387377700623
104.247,4.5389297277134268
104.248,4.5314542535544486
104.249,4.52396098205105
104.25,4.5164499403922225
104.251,4.5089211561265943
104.252,4.5013746571604276
104.253,4.4938104717556122
104.254,4.4862286285276642
104.255,4.4786291564436951
104.256,4.4710120848204191
104.25700000000001,4.4633774433221198
104.258,4.4557252619586576
104.259,4.4480555710834189
104.26000000000001,4.4403684013913169
104.261,4.4326637839167624
104.262,4.4249417500316488
104.26300000000001,4.4172023314433151
104.264,4.4094455601925304
104.265,4.4016714686514575
104.26600000000001,4.3938800895216463
104.267,4.3860714558319902
104.268,4.3782456009367081
104.26900000000001,4.3704025585133017
104.27,4.3625423625605677
104.271,4.3546650473965247
104.27200000000001,4.3467706476564247
104.273,4.3388591982907014
104.274,4.3309307345629779
104.27500000000001,4.3229852920480099
104.276,4.3150229066296886
104.277,4.3070436144990003
104.27800000000001,4.2990474521520357
104.279,4.2910344563879494
104.28,4.2830046643069464
104.28100000000001,4.2749581133082781
104.282,4.2668948410882344
104.283,4.2588148856381167
104.28400000000001,4.2507182852422414
104.285,4.2426050784759424
104.286,4.2344753042035626
104.28700000000001,4.2263290015764472
104.288,4.2181662100309687
104.289,4.209986969286506
104.29000000000001,4.2017913193434779
104.291,4.1935793004813471
104.292,4.185350953256636
104.29300000000001,4.1771063185009485
104.294,4.168845437318998
104.295,4.160568351086626
104.29600000000001,4.1522751014488435
104.297,4.1439657303178539
104.298,4.1356402798711169
104.29900000000001,4.1272987925493592
104.3,4.11894131105465
104.301,4.1105678783484354
104.30200000000001,4.1021785376496176
104.303,4.0937733324325905
104.304,4.0853523064253237
104.30500000000001,4.0769155036074256
104.306,4.0684629682082321
104.307,4.0599947447048734
104.30799999999999,4.0515108778203661
104.309,4.0430114125217083
104.31,4.0344963940179746
104.31100000000001,4.0259658677584236
104.312,4.0174198794305926
104.313,4.0088584749584202
104.31399999999999,4.0002817005003788
104.315,3.9916896024475768
104.316,3.9830822274219049
104.31700000000001,3.9744596222741579
104.318,3.96582183408221
104.319,3.9571689101491279
104.31999999999999,3.9485008980013405
104.321,3.9398178453868047
104.322,3.931119800273176
104.32299999999999,3.9224068108459713
104.324,3.9136789255067539
104.325,3.9049361928713267
104.32599999999999,3.8961786617679248
104.327,3.8874063812354107
104.328,3.8786194005214822
104.32899999999999,3.8698177690808904
104.33,3.8610015365736672
104.331,3.8521707528633375
104.33199999999999,3.8433254680151645
104.333,3.8344657322943831
104.334,3.8255915961644713
104.33499999999999,3.816703110285379
104.336,3.8078003255117983
104.337,3.7988832928914427
104.33799999999999,3.7899520636633226
104.339,3.781006689256027
104.34,3.7720472212860123
104.34099999999999,3.7630737115559012
104.342,3.7540862120528091
104.343,3.7450847749466338
104.34399999999999,3.7360694525883869
104.345,3.7270402975085171
104.346,3.7179973624152773
104.34699999999999,3.7089407001930241
104.348,3.6998703639005965
104.349,3.6907864067696741
104.34999999999999,3.6816888822031415
104.351,3.6725778437734617
104.352,3.6634533452210607
104.35299999999999,3.6543154404527107
104.354,3.6451641835399595
104.355,3.6359996287174852
104.35599999999999,3.6268218303815538
104.357,3.617630843088417
104.358,3.6084267215527621
104.35899999999999,3.5992095206461303
104.36,3.5899792953953633
104.361,3.580736100981067
104.36199999999999,3.5714799927360765
104.363,3.5622110261439111
104.364,3.5529292568372446
104.36499999999999,3.5436347405964161
104.366,3.5343275333479109
104.367,3.525007691162851
104.36799999999999,3.5156752702555103
104.369,3.506330326981832
104.37,3.49697291783797
104.371,3.4876030994587803
104.372,3.478220928616401
104.373,3.468826462218769
104.374,3.4594197573082188
104.375,3.4500008710599959
104.376,3.4405698607808568
104.377,3.4311267839076498
104.378,3.4216716980058832
104.379,3.4122046607683547
104.38,3.4027257300137199
104.381,3.393234963685118
104.38200000000001,3.383732419848795
104.383,3.3742181566927272
104.384,3.3646922325252486
104.38500000000001,3.3551547057737023
104.386,3.3456056349830847
104.387,3.3360450788147191
104.38800000000001,3.3264730960448938
104.389,3.3168897455635546
104.39,3.3072950863729815
104.39100000000001,3.2976891775864865
104.392,3.2880720784270863
104.393,3.2784438482262317
104.39400000000001,3.2688045464224986
104.395,3.2591542325603378
104.396,3.2494929662887588
104.39700000000001,3.2398208073600996
104.398,3.230137815628745
104.399,3.2204440510499008
104.40000000000001,3.2107395736783246
104.401,3.201024443667106
104.402,3.1912987212664308
104.40300000000001,3.1815624668223714
104.404,3.1718157407756555
104.405,3.1620586036604674
104.40600000000001,3.1522911161032496
104.407,3.142513338821523
104.408,3.1327253326226812
104.40900000000001,3.1229271584028133
104.41,3.1131188771455514
104.411,3.103300549920899
104.41200000000001,3.0934722378840678
104.413,3.0836340022743309
104.414,3.0737859044138816
104.41500000000001,3.0639280057067131
104.416,3.0540603676374563
104.417,3.044183051770287
104.41800000000001,3.0342961197477925
104.419,3.024399633289887
104.42,3.0144936541926786
104.42100000000001,3.0045782443273943
104.422,2.9946534656392902
104.423,2.9847193801465672
104.42400000000001,2.9747760499392952
104.425,2.9648235371783436
104.426,2.9548619040943116
104.42700000000001,2.9448912129865059
104.428,2.9349115262218435
104.429,2.9249229062338387
104.43000000000001,2.9149254155215565
104.431,2.9049191166485966
104.432,2.8949040722420447
104.43299999999999,2.8848803449914691
104.434,2.8748479976479056
104.435,2.8648070930228595
104.43600000000001,2.8547576939872923
104.437,2.8446998634706255
104.438,2.8346336644597661
104.43899999999999,2.8245591599981275
104.44,2.8144764131846287
104.441,2.8043854871727438
104.44200000000001,2.7942864451695213
104.443,2.7841793504346541
104.444,2.7740642662794892
104.44499999999999,2.763941256066099
104.446,2.7538103832063241
104.447,2.7436717111608777
104.44799999999999,2.7335253034383484
104.449,2.7233712235943237
104.45,2.7132095352304431
104.45099999999999,2.7030403019935063
104.452,2.6928635875745353
104.453,2.6826794557078744
104.45399999999999,2.6724879701703044
104.455,2.6622891947801417
104.456,2.6520831933963316
104.45699999999999,2.6418700299175821
104.458,2.6316497682814615
104.459,2.6214224724635629
104.45999999999999,2.6111882064765792
104.461,2.6009470343694741
104.462,2.5906990202266016
104.46299999999999,2.5804442281668742
104.464,2.5701827223428748
104.465,2.5599145669400318
104.46599999999999,2.5496398261757616
104.467,2.5393585642986576
104.468,2.5290708455876159
104.46899999999999,2.5187767343510239
104.47,2.5084762949259383
104.471,2.4981695916772666
104.47199999999999,2.4878566889969291
104.473,2.4775376513030563
104.474,2.4672125430391816
104.47499999999999,2.4568814286734391
104.476,2.4465443726977498
104.477,2.4362014396270326
104.47799999999999,2.4258526939983955
104.479,2.4154982003703798
104.48,2.4051380233221313
104.48099999999999,2.3947722274526426
104.482,2.3844008773799672
104.483,2.3740240377404547
104.48399999999999,2.3636417731879558
104.485,2.3532541483930736
104.486,2.3428612280423842
104.48699999999999,2.3324630768376959
104.488,2.3220597594952701
104.489,2.3116513407450761
104.48999999999999,2.3012378853300293
104.491,2.290819458005263
104.492,2.2803961235373653
104.49299999999999,2.2699679467036389
104.494,2.2595349922913628
104.495,2.2490973250970736
104.496,2.2386550099258042
104.497,2.2282081115903689
104.498,2.21775669491063
104.499,2.2073008247127928
104.5,2.1968405658286478
104.501,2.186375983094889
104.502,2.1759071413523641
104.503,2.1654341054453927
104.504,2.1549569402210342
104.505,2.1444757105283863
104.506,2.1339904812178743
104.50700000000001,2.1235013171405503
104.508,2.1130082831474049
104.509,2.1025114440886474
104.51000000000001,2.092010864813016
104.511,2.0815066101670863
104.512,2.0709987449946032
104.51300000000001,2.0604873341357335
104.514,2.0499724424264398
104.515,2.0394541346977575
104.51600000000001,2.0289324757751235
104.517,2.0184075304777012
104.518,2.0078793636176906
104.51900000000001,1.9973480399996535
104.52,1.9868136244198498
104.521,1.9762761816655541
104.52200000000001,1.9657357765143726
104.523,1.9551924737336037
104.524,1.944646338079548
104.52500000000001,1.9340974342968442
104.526,1.9235458271178183
104.527,1.9129915812617966
104.52800000000001,1.9024347614344803
104.529,1.8918754323272506
104.53,1.8813136586165284
104.53100000000001,1.8707495049631198
104.532,1.8601830360115619
104.533,1.8496143163894607
104.53400000000001,1.8390434107068403
104.535,1.8284703835554983
104.536,1.8178952995083701
104.53700000000001,1.8073182231188496
104.538,1.7967392189201614
104.539,1.7861583514247221
104.54000000000001,1.7755756851234876
104.541,1.7649912844853091
104.542,1.7544052139562953
104.54300000000001,1.7438175379591676
104.544,1.7332283208926353
104.545,1.7226376271307395
104.54600000000001,1.7120455210222274
104.547,1.7014520668899062
104.548,1.6908573290300311
104.54900000000001,1.6802613717116461
104.55,1.6696642591759547
104.551,1.6590660556357002
104.55200000000001,1.6484668252745402
104.553,1.6378666322463922
104.554,1.6272655406748169
104.55500000000001,1.6166636146523932
104.556,1.6060609182400944
104.557,1.5954575154666493
104.55799999999999,1.5848534703279207
104.559,1.5742488467862836
104.56,1.5636437087699997
104.56100000000001,1.5530381201725931
104.562,1.5424321448522249
104.563,1.5318258466310704
104.56399999999999,1.5212192892947054
104.565,1.5106125365914789
104.566,1.5000056522318859
104.56700000000001,1.48939869988796
104.568,1.4787917431926538
104.569,1.4681848457392075
104.56999999999999,1.4575780710805417
104.571,1.4469714827286295
104.572,1.4363651441538992
104.57299999999999,1.4257591187845977
104.574,1.4151534700061785
104.575,1.4045482611606801
104.57599999999999,1.393943555546153
104.577,1.3833394164159674
104.578,1.3727359069782743
104.57899999999999,1.3621330903953395
104.58,1.3515310297829672
104.581,1.3409297882098579
104.58199999999999,1.3303294286970082
104.583,1.3197300142171007
104.584,1.3091316076938901
104.58499999999999,1.29853427200158
104.586,1.2879380699642367
104.587,1.2773430643551382
104.58799999999999,1.2667493178962193
104.589,1.2561568932574063
104.59,1.2455658530560341
104.59099999999999,1.2349762598562344
104.592,1.2243881761683237
104.593,1.2138016644481995
104.59399999999999,1.2032167870967112
104.595,1.1926336064590755
104.596,1.1820521848242613
104.59699999999999,1.1714725844243739
104.598,1.1608948674340402
104.599,1.1503190959698244
104.59999999999999,1.1397453320896163
104.601,1.1291736377919934
104.602,1.1186040750156496
104.60299999999999,1.1080367056387679
104.604,1.0974715914784328
104.605,1.086908794289998
104.60599999999999,1.0763483757664973
104.607,1.0657903975380392
104.608,1.0552349211711944
104.60899999999999,1.0446820081683996
104.61,1.0341317199673332
104.611,1.0235841179403313
104.61199999999999,1.013039263393779
104.613,1.0024972175674964
104.614,0.99195804163414136
104.61499999999999,0.98142179669859486
104.616,0.97088854379738998
104.617,0.96035834389805885
104.61799999999999,0.94983125789857037
104.619,0.93930734662670889
104.62,0.92878667083947375
104.621,0.9182692912224858
104.622,0.90775526838936893
104.623,0.89724466288114879
104.624,0.88673753516568954
104.625,0.8762339456370335
104.626,0.86573395461484426
104.627,0.8552376223437882
104.628,0.84474500899292559
104.629,0.8342561746551469
104.63,0.82377117934653366
104.631,0.81329008300576933
104.63200000000001,0.80281294549355586
104.633,0.79233982659200786
104.634,0.78187078600403648
104.63500000000001,0.77140588335277993
104.636,0.76094517818098906
104.637,0.75048872995043603
104.63800000000001,0.74003659804130739
104.639,0.72958884175163619
104.64,0.71914552029666268
104.64100000000001,0.70870669280828891
104.642,0.69827241833444098
104.643,0.68784275583850008
104.64400000000001,0.67741776419869748
104.645,0.66699750220754006
104.646,0.65658202857118808
104.64700000000001,0.646171401908882
104.648,0.63576568075234996
104.649,0.62536492354522477
104.65000000000001,0.61496918864242978
104.651,0.6045785343096084
104.652,0.59419301872252728
104.65300000000001,0.58381269996650564
104.654,0.57343763603579556
104.655,0.56306788483302572
104.65600000000001,0.55270350416858416
104.657,0.54234455176008378
104.658,0.53199108523171224
104.65900000000001,0.52164316211369766
104.66,0.51130083984169628
104.661,0.50096417575624885
104.66200000000001,0.49063322710214119
104.663,0.48030805102787077
104.664,0.46998870458505304
104.66500000000001,0.45967524472783738
104.666,0.44936772831233118
104.667,0.43906621209602803
104.66800000000001,0.42877075273721998
104.669,0.4184814067944489
104.67,0.40819823072589267
104.67100000000001,0.39792128088882706
104.672,0.38765061353902541
104.673,0.37738628483022851
104.67400000000001,0.36712835081352502
104.675,0.35687686743681746
104.676,0.34663189054423271
104.67700000000001,0.33639347587559021
104.678,0.32616167906578553
104.679,0.31593655564427592
104.68000000000001,0.30571816103447746
104.681,0.29550655055324793
104.682,0.28530177941027501
104.68299999999999,0.27510390270755547
104.684,0.26491297543882375
104.685,0.25472905248900357
104.68600000000001,0.24455218863363792
104.687,0.23438243853835949
104.688,0.22421985675830203
104.68899999999999,0.21406449773760872
104.69,0.20391641580881603
104.691,0.19377566519235545
104.69200000000001,0.18364229999598458
104.693,0.17351637421425581
104.694,0.1633979417279674
104.69499999999999,0.15328705630361905
104.696,0.14318377159288342
104.697,0.13308814113206213
104.69799999999999,0.12300021834155483
104.699,0.11292005652531323
104.7,0.10284770887032435
104.70099999999999,0.092783228446083887
104.702,0.08272666820404595
104.703,0.07267808097711792
104.70399999999999,0.062637519479126214
104.705,0.052605036304298247
104.706,0.042580683926745522
104.70699999999999,0.03256451469993249
104.708,0.022556580856172959
104.709,0.012556934506119388
104.70999999999999,0.0025656276382397536
104.711,-0.0074172878816913812
104.712,-0.017391760311093796
104.71299999999999,-0.027357738031075662
104.714,-0.037315169546967342
104.715,-0.047264003488787676
104.71599999999999,-0.057204188611779117
104.717,-0.067135673796851147
104.718,-0.077058408051125182
104.71899999999999,-0.08697234050839997
104.72,-0.096877420429644756
104.721,-0.10677359720347068
104.72199999999999,-0.11666082034664615
104.723,-0.12653903950454293
104.724,-0.13640820445164348
104.72499999999999,-0.14626826509198021
104.726,-0.15611917145963972
104.727,-0.16596087371923196
104.72799999999999,-0.17579332216633281
104.729,-0.1856164672279581
104.73,-0.19543025946303949
104.73099999999999,-0.20523464956286896
104.732,-0.21502958835154717
104.733,-0.22481502678644727
104.73399999999999,-0.23459091595866921
104.735,-0.2443572070934632
104.736,-0.25411385155070199
104.73699999999999,-0.26386080082529362
104.738,-0.27359800654763022
104.739,-0.28332542048402631
104.73999999999999,-0.29304299453714266
104.741,-0.30275068074640354
104.742,-0.3124484312884388
104.74299999999999,-0.32213619847749198
104.744,-0.33181393476583998
104.745,-0.34148159274420276
104.746,-0.35113912514215606
104.747,-0.36078648482853826
104.748,-0.37042362481185043
104.749,-0.38005049824065074
104.75,-0.38966705840395965
104.751,-0.39927325873164232
104.752,-0.40886905279479624
104.753,-0.41845439430615272
104.754,-0.42802923712041308
104.755,-0.43759353523467404
104.756,-0.44714724278877771
104.75700000000001,-0.45669031406567306
104.758,-0.46622270349178363
104.759,-0.47574436563737388
104.76000000000001,-0.48525525521690582
104.761,-0.4947553270893823
104.762,-0.50424453625868981
104.76300000000001,-0.51372283787395956
104.764,-0.52319018722988808
104.765,-0.53264653976708898
104.76600000000001,-0.54209185107240021
104.767,-0.55152607687922695
104.768,-0.5609491730678613
104.76900000000001,-0.57036109566579585
104.77,-0.5797618008480252
104.771,-0.58915124493737281
104.77200000000001,-0.59852938440477788
104.773,-0.60789617586960887
104.774,-0.61725157609992598
104.77500000000001,-0.62659554201281287
104.776,-0.63592803067461823
104.777,-0.64524899930127555
104.77800000000001,-0.65455840525853581
104.779,-0.66385620606225482
104.78,-0.67314235937867117
104.78100000000001,-0.68241682302464746
104.782,-0.69167955496791045
104.783,-0.70093051332733314
104.78400000000001,-0.7101696563731581
104.785,-0.71939694252723152
104.786,-0.7286123303632408
104.78700000000001,-0.73781577860694725
104.788,-0.74700724613639968
104.789,-0.75618669198216182
104.79000000000001,-0.76535407532749744
104.791,-0.77450935550860667
104.792,-0.78365249201480847
104.79300000000001,-0.79278344448874405
104.794,-0.80190217272653985
104.795,-0.81100863667802603
104.79600000000001,-0.82010279644689232
104.797,-0.82918461229085993
104.798,-0.8382540446218476
104.79900000000001,-0.84731105400612794
104.8,-0.8563556011645006
104.801,-0.86538764697240955
104.80200000000001,-0.87440715246009004
104.803,-0.88341407881272938
104.804,-0.89240838737056105
104.80500000000001,-0.90139003962901398
104.806,-0.91035899723880487
104.807,-0.91931522200606697
104.80799999999999,-0.92825867589244915
104.809,-0.93718932101521046
104.81,-0.94610711964729699
104.81100000000001,-0.95501203421745151
104.812,-0.96390402731028058
104.813,-0.97278306166631978
104.81399999999999,-0.98164910018208706
104.815,-0.99050210591017152
104.816,-0.99934204205926536
104.81700000000001,-1.0081688719942004
104.818,-1.0169825592359971
104.819,-1.0257830674618922
104.81999999999999,-1.0345703605053553
104.821,-1.0433444023561211
104.822,-1.0521051571601698
104.82299999999999,-1.0608525892197602
104.824,-1.0695866629934083
104.825,-1.0783073430958794
104.82599999999999,-1.0870145942981519
104.827,-1.0957083815274169
104.828,-1.1043886698670353
104.82899999999999,-1.1130554245564843
104.83,-1.1217086109913126
104.831,-1.1303481947230982
104.83199999999999,-1.1389741414593622
104.833,-1.1475864170635197
104.834,-1.1561849875547772
104.83499999999999,-1.164769819108062
104.836,-1.1733408780539256
104.837,-1.1818981308784364
104.83799999999999,-1.1904415442230643
104.839,-1.1989710848845752
104.84,-1.2074867198149013
104.84099999999999,-1.2159884161210033
104.842,-1.2244761410647196
104.843,-1.2329498620626334
104.84399999999999,-1.2414095466859139
104.845,-1.2498551626601335
104.846,-1.2582866778651027
104.84699999999999,-1.2667040603346904
104.848,-1.2751072782566313
104.849,-1.2834962999723261
104.84999999999999,-1.291871093976622
104.851,-1.3002316289176226
104.852,-1.308577873596434
104.85299999999999,-1.3169097969669621
104.854,-1.3252273681356348
104.855,-1.333530556361187
104.85599999999999,-1.34181933105438
104.857,-1.3500936617777448
104.858,-1.3583535182452935
104.85899999999999,-1.3665988703222505
104.86,-1.3748296880247524
104.861,-1.3830459415195375
104.86199999999999,-1.3912476011236388
104.863,-1.3994346373040738
104.864,-1.4076070206775047
104.86499999999999,-1.415764722009905
104.866,-1.4239077122161992
104.867,-1.4320359623599317
104.86799999999999,-1.440149443652877
104.869,-1.4482481274546846
104.87,-1.4563319852724734
104.871,-1.4644009887604605
104.872,-1.4724551097195508
104.873,-1.4804943200969185
104.874,-1.4885185919855943
104.875,-1.4965278976240346
104.876,-1.5045222093956845
104.877,-1.5125014998285131
104.878,-1.520465741594589
104.879,-1.5284149075095592
104.88,-1.5363489705322344
104.881,-1.5442679037640485
104.88200000000001,-1.5521716804486019
104.883,-1.5600602739711174
104.884,-1.5679336578579668
104.88500000000001,-1.5757918057761033
104.886,-1.5836346915325645
104.887,-1.591462289073895
104.88800000000001,-1.5992745724856139
104.889,-1.6070715159916418
104.89,-1.6148530939537333
104.89100000000001,-1.6226192808708713
104.892,-1.6303700513787014
104.893,-1.6381053802489176
104.89400000000001,-1.6458252423886415
104.895,-1.6535296128398023
104.896,-1.6612184667785082
104.89700000000001,-1.6688917795144036
104.898,-1.676549526490009
104.899,-1.684191683280055
104.90000000000001,-1.6918182255908167
104.901,-1.6994291292594355
104.902,-1.7070243702532157
104.90300000000001,-1.7146039246689102
104.904,-1.7221677687320298
104.905,-1.7297158787961138
104.90600000000001,-1.737248231341983
104.907,-1.7447648029770071
104.908,-1.7522655704343459
104.90900000000001,-1.7597505105721889
104.91,-1.767219600372981
104.911,-1.7746728169426276
104.91200000000001,-1.7821101375097159
104.913,-1.7895315394246998
104.914,-1.7969370001590876
104.91500000000001,-1.8043264973046149
104.916,-1.8117000085724064
104.917,-1.8190575117921455
104.91800000000001,-1.8263989849112039
104.919,-1.8337244059937681
104.92,-1.8410337532199903
104.92100000000001,-1.8483270048850766
104.922,-1.8556041393984146
104.923,-1.8628651352826275
104.92400000000001,-1.8701099711727078
104.925,-1.8773386258150562
104.926,-1.8845510780665538
104.92700000000001,-1.8917473068936115
104.928,-1.8989272913712236
104.929,-1.9060910106819913
104.93000000000001,-1.9132384441151524
104.931,-1.9203695710655748
104.932,-1.9274843710327927
104.93299999999999,-1.9345828236199694
104.934,-1.9416649085328941
104.935,-1.9487306055789526
104.93600000000001,-1.955779894666084
104.937,-1.9628127558017447
104.938,-1.9698291690918452
104.93899999999999,-1.9768291147396746
104.94,-1.9838125730448404
104.941,-1.9907795244021735
104.94200000000001,-1.9977299493006373
104.943,-2.0046638283221974
104.944,-2.011581142140745
104.94499999999999,-2.0184818715209456
104.946,-2.0253659973171141
104.947,-2.0322335004720551
104.94799999999999,-2.0390843620159305
104.949,-2.0459185630650802
104.95,-2.0527360848208653
104.95099999999999,-2.0595369085684574
104.952,-2.0663210156756744
104.953,-2.0730883875917723
104.95399999999999,-2.0798390058462308
104.955,-2.086572852047528
104.956,-2.0932899078819274
104.95699999999999,-2.0999901551122275
104.958,-2.1066735755765307
104.959,-2.1133401511869567
104.95999999999999,-2.1199898639284198
104.961,-2.1266226958573258
104.962,-2.133238629100294
104.96299999999999,-2.1398376458528801
104.964,-2.1464197283782656
104.965,-2.1529848590059548
104.96599999999999,-2.1595330201304583
104.967,-2.1660641942099645
104.968,-2.1725783637650067
104.96899999999999,-2.1790755113771416
104.97,-2.1855556196875789
104.971,-2.1920186713958132
104.97199999999999,-2.1984646492582978
104.973,-2.2048935360870465
104.974,-2.2113053147482522
104.97499999999999,-2.2176999681609124
104.976,-2.224077479295413
104.977,-2.2304378311721518
104.97799999999999,-2.2367810068601122
104.979,-2.2431069894754474
104.98,-2.2494157621800519
104.98099999999999,-2.2557073081801433
104.982,-2.2619816107248156
104.983,-2.2682386531045853
104.98399999999999,-2.2744784186499558
104.985,-2.2807008907299533
104.986,-2.2869060527506613
104.98699999999999,-2.2930938881537442
104.988,-2.2992643804149813
104.989,-2.3054175130427685
104.98999999999999,-2.3115532695766556
104.991,-2.317671633585813
104.992,-2.3237725886675693
104.99299999999999,-2.3298561184458806
104.994,-2.3359222065698417
104.995,-2.3419708367121266
104.996,-2.3480019925675282
104.997,-2.3540156578513809
104.998,-2.3600118162980603
104.999,-2.3659904516594272
105,-2.3719515477033024
105.001,-2.377895088211921
105.002,-2.3838210569803655
105.003,-2.38972943781505
105.004,-2.3956202145321193
105.005,-2.4014933709559383
105.006,-2.4073488909174809
105.00700000000001,-2.4131867582527882
105.008,-2.4190069568014199
105.009,-2.4248094704048393
105.01000000000001,-2.4305942829048597
105.011,-2.4363613781420783
105.012,-2.4421107399542699
105.01300000000001,-2.4478423521748436
105.014,-2.4535561986312153
105.015,-2.4592522631432399
105.01600000000001,-2.4649305295216557
105.017,-2.4705909815664455
105.018,-2.4762336030652694
105.01900000000001,-2.4818583777918954
105.02,-2.4874652895045717
105.021,-2.4930543219444594
105.02200000000001,-2.4986254588340424
105.023,-2.5041786838755087
105.024,-2.5097139807492059
105.02500000000001,-2.5152313331120144
105.026,-2.5207307245957482
105.027,-2.5262121388056133
105.02800000000001,-2.5316755593185691
105.029,-2.5371209696817809
105.03,-2.542548353411016
105.03100000000001,-2.5479576939890354
105.032,-2.5533489748640843
105.033,-2.558722179448238
105.03400000000001,-2.5640772911158605
105.035,-2.5694142932020405
105.036,-2.574733169001
105.03700000000001,-2.5800339017645451
105.038,-2.585316474700476
105.039,-2.5905808709710705
105.04000000000001,-2.5958270736914963
105.041,-2.6010550659282634
105.042,-2.6062648306976888
105.04300000000001,-2.6114563509643673
105.044,-2.6166296096395953
105.045,-2.6217845895798897
105.04600000000001,-2.6269212735854373
105.047,-2.6320396443985716
105.048,-2.6371396847022837
105.04900000000001,-2.6422213771187035
105.05,-2.6472847042076006
105.051,-2.6523296484649102
105.05199999999999,-2.6573561923212274
105.053,-2.6623643181403596
105.054,-2.6673540082178366
105.05500000000001,-2.6723252447794552
105.056,-2.6772780099798688
105.057,-2.6822122859010911
105.05799999999999,-2.6871280545510938
105.059,-2.692025297862414
105.06,-2.696903997690681
105.06100000000001,-2.7017641358132867
105.062,-2.7066056939279397
105.063,-2.7114286536513221
105.06399999999999,-2.7162329965177188
105.065,-2.721018703977653
105.066,-2.7257857573965554
105.06700000000001,-2.7305341380534296
105.068,-2.7352638271395406
105.069,-2.7399748057571056
105.06999999999999,-2.744667054918013
105.071,-2.7493405555425303
105.072,-2.7539952884580767
105.07300000000001,-2.7586312343979316
105.074,-2.7632483740000406
105.075,-2.7678466878057826
105.07599999999999,-2.7724261562587653
105.077,-2.7769867597036715
105.078,-2.7815284783850398
105.07899999999999,-2.7860512924461469
105.08,-2.7905551819278909
105.081,-2.7950401267676304
105.08199999999999,-2.7995061067981055
105.083,-2.8039531017463846
105.084,-2.8083810912327563
105.08499999999999,-2.8127900547697289
105.086,-2.8171799717609769
105.087,-2.8215508215003453
105.08799999999999,-2.8259025831708913
105.089,-2.8302352358438911
105.09,-2.8345487584779043
105.09099999999999,-2.8388431299178851
105.092,-2.8431183288942297
105.093,-2.8473743340219562
105.09399999999999,-2.8516111237998159
105.095,-2.8558286766094616
105.096,-2.8600269707146824
105.09699999999999,-2.8642059842605754
105.098,-2.8683656952727903
105.099,-2.8725060816568364
105.09999999999999,-2.876627121197318
105.101,-2.8807287915573019
105.102,-2.8848110702776131
105.10299999999999,-2.8888739347762318
105.104,-2.8929173623476983
105.105,-2.8969413301624956
105.10599999999999,-2.9009458152665308
105.107,-2.9049307945806007
105.108,-2.9088962448998954
105.10899999999999,-2.9128421428935427
105.11,-2.9167684651041563
105.111,-2.920675187947432
105.11199999999999,-2.9245622877117876
105.113,-2.9284297405579913
105.114,-2.9322775225188495
105.11499999999999,-2.9361056094989388
105.116,-2.9399139772743252
105.117,-2.9437026014923715
105.11799999999999,-2.9474714576715293
105.119,-2.9512205212011668
105.12,-2.954949767341482
105.121,-2.9586591712233892
105.122,-2.962348707848462
105.123,-2.9660183520889163
105.124,-2.9696680786876275
105.125,-2.9732978622581685
105.126,-2.9769076772848964
105.127,-2.9804974981230838
105.128,-2.9840672989990651
105.129,-2.9876170540104141
105.13,-2.9911467371262068
105.131,-2.9946563221872662
105.13200000000001,-2.9981457829064757
105.133,-3.0016150928691285
105.134,-3.0050642255332924
105.13500000000001,-3.0084931542302513
105.136,-3.0119018521649732
105.137,-3.0152902924165836
105.13800000000001,-3.0186584479389351
105.139,-3.0220062915611798
105.14,-3.0253337959883861
105.14100000000001,-3.0286409338022393
105.142,-3.0319276774617014
105.143,-3.0351939993037975
105.14400000000001,-3.0384398715444005
105.145,-3.0416652662790549
105.146,-3.0448701554838875
105.14700000000001,-3.0480545110165007
105.148,-3.0512183046169454
105.149,-3.0543615079087623
105.15000000000001,-3.0574840924000037
105.151,-3.0605860294843623
105.152,-3.0636672904423081
105.15300000000001,-3.0667278464422925
105.154,-3.0697676685419859
105.155,-3.0727867276895573
105.15600000000001,-3.07578499472503
105.157,-3.0787624403816558
105.158,-3.0817190352873443
105.15900000000001,-3.0846547499661341
105.16,-3.087569554839745
105.161,-3.0904634202291348
105.16200000000001,-3.093336316356134
105.163,-3.0961882133451191
105.164,-3.0990190812247294
105.16500000000001,-3.1018288899296751
105.166,-3.1046176093025117
105.167,-3.1073852090955629
105.16800000000001,-3.1101316589728309
105.169,-3.1128569285119712
105.17,-3.1155609872063321
105.17100000000001,-3.1182438044670269
105.172,-3.1209053496250787
105.173,-3.1235455919336177
105.17400000000001,-3.1261645005700887
105.175,-3.1287620446385738
105.176,-3.1313381931721365
105.17699999999999,-3.1338929151352053
105.178,-3.1364261794260431
105.179,-3.1389379548792489
105.18000000000001,-3.1414282102683124
105.181,-3.1438969143082547
105.182,-3.1463440356582684
105.18299999999999,-3.1487695429244624
105.184,-3.1511734046626492
105.185,-3.1535555893811553
105.18600000000001,-3.155916065543753
105.187,-3.1582548015725607
105.188,-3.1605717658510866
105.18899999999999,-3.1628669267272702
105.19,-3.1651402525166015
105.191,-3.1673917115052861
105.19200000000001,-3.1696212719534982
105.193,-3.171828902098631
105.194,-3.1740145701586737
105.19499999999999,-3.1761782443355928
105.196,-3.1783198928187737
105.197,-3.1804394837885788
105.19800000000001,-3.1825369854198735
105.199,-3.1846123658856786
105.2,-3.1866655933608596
105.20099999999999,-3.1886966360258517
105.202,-3.1907054620704765
105.203,-3.1926920396977962
105.20399999999999,-3.1946563371280305
105.205,-3.1965983226025303
105.206,-3.1985179643878228
105.20699999999999,-3.2004152307796732
105.208,-3.2022900901072688
105.209,-3.2041425107373955
105.20999999999999,-3.2059724610787335
105.211,-3.2077799095861366
105.212,-3.2095648247650566
105.21299999999999,-3.2113271751759704
105.214,-3.213066929438833
105.215,-3.2147840562377104
105.21599999999999,-3.2164785243253267
105.217,-3.2181503025277536
105.218,-3.219799359749155
105.21899999999999,-3.2214256649765414
105.22,-3.2230291872846379
105.221,-3.2246098958407776
105.22199999999999,-3.2261677599098446
105.223,-3.2277027488593113
105.224,-3.2292148321642831
105.22499999999999,-3.2307039794126551
105.226,-3.2321701603102815
105.227,-3.2336133446862085
105.22799999999999,-3.2350335024979993
105.229,-3.2364306038370545
105.23,-3.2378046189340477
105.23099999999999,-3.2391555181643792
105.232,-3.2404832720537051
105.233,-3.2417878512835037
105.23399999999999,-3.2430692266967212
105.235,-3.2443273693034387
105.236,-3.2455622502866381
105.23699999999999,-3.2467738410079701
105.238,-3.2479621130136351
105.239,-3.2491270380402444
105.23999999999999,-3.2502685880208269
105.241,-3.2513867350907946
105.242,-3.2524814515940283
105.24299999999999,-3.2535527100889947
105.244,-3.2546004833548894
105.245,-3.2556247443978847
105.246,-3.2566254664573755
105.247,-3.2576026230123123
105.248,-3.2585561877875664
105.249,-3.259486134760353
105.25,-3.2603924381667087
105.251,-3.2612750725079849
105.252,-3.2621340125574525
105.253,-3.2629692333668832
105.254,-3.2637807102732408
105.255,-3.2645684189053803
105.256,-3.2653323351907959
105.25700000000001,-3.266072435362446
105.258,-3.2667886959655874
105.259,-3.2674810938646672
105.26000000000001,-3.2681496062502786
105.261,-3.2687942106461341
105.262,-3.2694148849160829
105.26300000000001,-3.2700116072711989
105.264,-3.2705843562768777
105.265,-3.271133110859993
105.26600000000001,-3.2716578503160951
105.267,-3.2721585543166372
105.268,-3.2726352029162555
105.26900000000001,-3.2730877765600797
105.27,-3.273516256091078
105.271,-3.2739206227574567
105.27200000000001,-3.2743008582200677
105.273,-3.2746569445599052
105.274,-3.2749888642855431
105.27500000000001,-3.2752966003407273
105.276,-3.2755801361119019
105.277,-3.2758394554358148
105.27800000000001,-3.2760745426071578
105.279,-3.2762853823862308
105.28,-3.2764719600065977
105.28100000000001,-3.2766342611828581
105.282,-3.2767722721183601
105.283,-3.2768859795130121
105.28400000000001,-3.2769753705710452
105.285,-3.2770404330088914
105.286,-3.2770811550630157
105.28700000000001,-3.2770975254977959
105.288,-3.2770895336134505
105.289,-3.277057169253939
105.29000000000001,-3.2770004228149281
105.291,-3.2769192852517754
105.292,-3.2768137480874886
105.29300000000001,-3.2766838034207719
105.294,-3.2765294439340087
105.295,-3.2763506629013586
105.29600000000001,-3.2761474541967743
105.297,-3.2759198123021092
105.298,-3.2756677323151777
105.29900000000001,-3.2753912099578795
105.3,-3.2750902415843024
105.301,-3.2747648241888454
105.30199999999999,-3.2744149554143549
105.303,-3.2740406335602774
105.304,-3.2736418575907837
105.30500000000001,-3.2732186271429518
105.306,-3.2727709425349021
105.307,-3.2722988047739836
105.30799999999999,-3.2718022155649331
105.309,-3.2712811773180386
105.31,-3.2707356931573086
105.31100000000001,-3.2701657669286526
105.312,-3.2695714032080314
105.313,-3.2689526073096475
105.31399999999999,-3.2683093852940557
105.315,-3.2676417439763732
105.316,-3.2669496909343891
105.31700000000001,-3.2662332345167089
105.318,-3.2654923838508969
105.319,-3.2647271488515752
105.31999999999999,-3.2639375402285609
105.321,-3.2631235694949163
105.322,-3.2622852489750693
105.32300000000001,-3.2614225918128597
105.324,-3.2605356119795825
105.325,-3.2596243242820098
105.32599999999999,-3.2586887443704331
105.327,-3.2577288887466063
105.328,-3.2567447747717448
105.32899999999999,-3.2557364206744515
105.33,-3.2547038455586312
105.331,-3.2536470694114001
105.33199999999999,-3.2525661131109178
105.333,-3.2514609984342506
105.334,-3.250331748065153
105.33499999999999,-3.2491783856018497
105.336,-3.2480009355647752
105.337,-3.2467994234042612
105.33799999999999,-3.2455738755082253
105.339,-3.2443243192097819
105.34,-3.2430507827948443
105.34099999999999,-3.2417532955096684
105.342,-3.2404318875683682
105.343,-3.2390865901603636
105.34399999999999,-3.2377174354578218
105.345,-3.2363244566230209
105.346,-3.2349076878156797
105.34699999999999,-3.2334671642002224
105.348,-3.2320029219530344
105.349,-3.2305149982696086
105.34999999999999,-3.2290034313716767
105.351,-3.2274682605142848
105.352,-3.2259095259927966
105.35299999999999,-3.2243272691498372
105.354,-3.2227215323822058
105.355,-3.2210923591476988
105.35599999999999,-3.2194397939718717
105.357,-3.2177638824547632
105.358,-3.2160646712775209
105.35899999999999,-3.2143422082089801
105.36,-3.2125965421121885
105.361,-3.2108277229508078
105.36199999999999,-3.209035801795511
105.363,-3.2072208308302654
105.364,-3.2053828633585457
105.36499999999999,-3.2035219538094815
105.366,-3.2016381577439299
105.367,-3.1997315318604533
105.36799999999999,-3.1978021340012273
105.369,-3.1958500231578819
105.37,-3.1938752594772257
105.371,-3.191877904266911
105.372,-3.1898580200010267
105.373,-3.1878156703255351
105.374,-3.1857509200637235
105.375,-3.1836638352214788
105.376,-3.1815544829925022
105.377,-3.1794229317634448
105.378,-3.1772692511189131
105.379,-3.1750935118464252
105.38,-3.172895785941221
105.381,-3.1706761466110018
105.38200000000001,-3.1684346682805771
105.383,-3.1661714265963736
105.384,-3.1638864984308572
105.38500000000001,-3.161579961886904
105.386,-3.1592518963019556
105.387,-3.1569023822521709
105.38800000000001,-3.1545315015564048
105.389,-3.1521393372801061
105.39,-3.1497259737391001
105.39100000000001,-3.1472914965032261
105.392,-3.1448359923999289
105.393,-3.1423595495176615
105.39400000000001,-3.1398622572092201
105.395,-3.1373442060949275
105.396,-3.1348054880657212
105.39700000000001,-3.132246196286121
105.398,-3.1296664251970308
105.399,-3.1270662705184886
105.40000000000001,-3.1244458292522381
105.401,-3.1218051996841787
105.402,-3.1191444813866944
105.40300000000001,-3.1164637752208915
105.404,-3.1137631833386346
105.405,-3.1110428091844984
105.40600000000001,-3.1083027574975937
105.407,-3.1055431343132254
105.408,-3.1027640469644258
105.40900000000001,-3.0999656040833941
105.41,-3.0971479156027204
105.411,-3.094311092756552
105.41200000000001,-3.0914552480815498
105.413,-3.0885804954177685
105.414,-3.0856869499093342
105.41500000000001,-3.0827747280050284
105.416,-3.0798439474587083
105.417,-3.0768947273295657
105.41800000000001,-3.0739271879822638
105.419,-3.0709414510869308
105.42,-3.0679376396189726
105.42100000000001,-3.0649158778587866
105.422,-3.0618762913912549
105.423,-3.0588190071051651
105.42400000000001,-3.055744153192431
105.425,-3.0526518591471703
105.426,-3.0495422557646084
105.42699999999999,-3.0464154751398986
105.428,-3.0432716506666901
105.429,-3.0401109170356051
105.43000000000001,-3.0369334102325523
105.431,-3.0337392675368475
105.432,-3.030528627519212
105.43299999999999,-3.0273016300396005
105.434,-3.0240584162448467
105.435,-3.0207991285662121
105.43600000000001,-3.0175239107166671
105.437,-3.0142329076881182
105.438,-3.0109262657484166
105.43899999999999,-3.0076041324381881
105.44,-3.0042666565675544
105.441,-3.000913988212643
105.44200000000001,-2.9975462787119396
105.443,-2.9941636806624929
105.444,-2.9907663479159368
105.44499999999999,-2.9873544355743507
105.446,-2.9839280999859499
105.447,-2.9804874987406231
105.44800000000001,-2.9770327906652652
105.449,-2.9735641358189913
105.45,-2.9700816954881182
105.45099999999999,-2.9665856321810722
105.452,-2.9630761096230058
105.453,-2.9595532927503436
105.45399999999999,-2.9560173477051235
105.455,-2.9524684418291365
105.456,-2.9489067436579575
105.45699999999999,-2.9453324229147464
105.458,-2.9417456505039263
105.459,-2.93814659850465
105.45999999999999,-2.9345354401641135
105.461,-2.9309123498907121
105.462,-2.9272775032470006
105.46299999999999,-2.9236310769424865
105.464,-2.9199732488262589
105.465,-2.9163041978794668
105.46599999999999,-2.9126241042075529
105.467,-2.9089331490324204
105.468,-2.9052315146843313
105.46899999999999,-2.9015193845937031
105.47,-2.8977969432826916
105.471,-2.8940643763566181
105.47199999999999,-2.8903218704952449
105.473,-2.886569613443827
105.474,-2.8828077940040702
105.47499999999999,-2.8790366020248408
105.476,-2.8752562283927503
105.477,-2.8714668650225841
105.47799999999999,-2.8676687048475156
105.479,-2.8638619418091835
105.48,-2.8600467708475996
105.48099999999999,-2.8562233878908767
105.482,-2.8523919898447838
105.483,-2.8485527745821848
105.48399999999999,-2.8447059409322204
105.485,-2.8408516886694368
105.486,-2.836990218502641
105.48699999999999,-2.8331217320636499
105.488,-2.8292464318959034
105.489,-2.8253645214428467
105.48999999999999,-2.8214762050361708
105.491,-2.8175816878839566
105.492,-2.8136811760585321
105.49299999999999,-2.8097748764843171
105.494,-2.8058629969253914
105.495,-2.801945745972958
105.496,-2.7980233330326483
105.497,-2.7940959683116589
105.498,-2.7901638628057341
105.499,-2.786227228286017
105.5,-2.7822862772857002
105.501,-2.7783412230865787
105.502,-2.7743922797054257
105.503,-2.770439661880185
105.504,-2.7664835850561138
105.505,-2.7625242653716446
105.506,-2.7585619196442215
105.50700000000001,-2.754596765355914
105.508,-2.7506290206389172
105.509,-2.7466589042609142
105.51000000000001,-2.7426866356102853
105.511,-2.7387124346811662
105.512,-2.7347365220584168
105.51300000000001,-2.7307591189023626
105.514,-2.7267804469335344
105.515,-2.7228007284171101
105.51600000000001,-2.7188201861473882
105.517,-2.7148390434319785
105.518,-2.710857524076018
105.51900000000001,-2.7068758523660907
105.52,-2.7028942530541782
105.521,-2.6989129513413666
105.52200000000001,-2.694932172861515
105.523,-2.690952143664747
105.524,-2.6869730902008291
105.52500000000001,-2.6829952393024739
105.526,-2.6790188181684798
105.527,-2.6750440543467633
105.52800000000001,-2.6710711757173167
105.529,-2.667100410474986
105.53,-2.6631319871122221
105.53100000000001,-2.6591661344016586
105.532,-2.6552030813786081
105.533,-2.6512430573234731
105.53400000000001,-2.6472862917440176
105.535,-2.6433330143575731
105.536,-2.6393834550731397
105.53700000000001,-2.6354378439733601
105.538,-2.6314964112964532
105.539,-2.6275593874180432
105.54000000000001,-2.623627002832813
105.541,-2.6196994881362397
105.542,-2.6157770740060977
105.54300000000001,-2.6118599911839127
105.544,-2.6079484704564129
105.545,-2.6040427426367732
105.54600000000001,-2.6001430385459141
105.547,-2.5962495889936283
105.548,-2.5923626247596765
105.54900000000001,-2.5884823765748184
105.55,-2.5846090751017758
105.551,-2.5807429509160817
105.55199999999999,-2.5768842344869807
105.553,-2.5730331561581137
105.554,-2.5691899461283034
105.55500000000001,-2.5653548344321591
105.556,-2.5615280509206944
105.557,-2.5577098252418926
105.55799999999999,-2.5539003868211987
105.559,-2.5500999648419667
105.56,-2.5463087882259057
105.56100000000001,-2.5425270856134254
105.562,-2.5387550853439853
105.563,-2.5349930154364086
105.56399999999999,-2.5312411035691218
105.565,-2.5274995770604232
105.566,-2.5237686628486751
105.56700000000001,-2.5200485874724921
105.568,-2.516339577050914
105.569,-2.5126418572635192
105.56999999999999,-2.5089556533305997
105.571,-2.5052811899932177
105.572,-2.5016186914933352
105.57300000000001,-2.4979683815538962
105.574,-2.4943304833589082
105.575,-2.4907052195334991
105.57599999999999,-2.4870928121240405
105.577,-2.4834934825781563
105.578,-2.4799074517248751
105.57899999999999,-2.4763349397546639
105.58,-2.4727761661995489
105.581,-2.4692313499132004
105.58199999999999,-2.4657007090510952
105.583,-2.4621844610506107
105.584,-2.4586828226112214
105.58499999999999,-2.4551960096746486
105.586,-2.4517242374050943
105.587,-2.4482677201694703
105.58799999999999,-2.4448266715176468
105.589,-2.4414013041627793
105.59,-2.4379918299616321
105.59099999999999,-2.4345984598949579
105.592,-2.4312214040479079
105.593,-2.427860871590501
105.59399999999999,-2.4245170707581414
105.595,-2.421190208832158
105.596,-2.4178804921204442
105.59699999999999,-2.4145881259381028
105.598,-2.4113133145881918
105.599,-2.4080562613424865
105.59999999999999,-2.4048171684223751
105.601,-2.4015962369797297
105.602,-2.3983936670779284
105.60299999999999,-2.3952096576729112
105.604,-2.3920444065942883
105.605,-2.3888981105265827
105.60599999999999,-2.385770964990523
105.607,-2.3826631643243896
105.608,-2.3795749016655146
105.60899999999999,-2.3765063689318007
105.61,-2.3734577568033801
105.611,-2.3704292547043444
105.61199999999999,-2.3674210507845732
105.613,-2.3644333319016537
105.614,-2.3614662836029607
105.61499999999999,-2.3585200901077119
105.616,-2.3555949342892832
105.617,-2.3526909976575281
105.61799999999999,-2.349808460341245
105.619,-2.3469475010707703
105.62,-2.3441082971606426
105.621,-2.3412910244924685
105.622,-2.3384958574978172
105.623,-2.3357229691413104
105.624,-2.332972530903803
105.625,-2.3302447127657171
105.626,-2.3275396831904756
105.627,-2.3248576091081188
105.628,-2.3221986558990042
105.629,-2.3195629873776911
105.63,-2.3169507657769453
105.631,-2.3143621517318929
105.63200000000001,-2.3117973042643225
105.633,-2.3092563807671347
105.634,-2.3067395369889341
105.63500000000001,-2.3042469270188208
105.636,-2.3017787032712569
105.637,-2.2993350164711734
105.63800000000001,-2.2969160156391841
105.639,-2.2945218480769989
105.64,-2.2921526593529711
105.64100000000001,-2.2898085932878347
105.642,-2.2874897919406005
105.643,-2.2851963955946357
105.64400000000001,-2.2829285427439014
105.645,-2.2806863700793807
105.646,-2.2784700124756698
105.64700000000001,-2.2762796029777785
105.648,-2.2741152727880802
105.649,-2.2719771512534606
105.65000000000001,-2.2698653658526493
105.651,-2.2677800421837766
105.652,-2.2657213039520236
105.65300000000001,-2.2636892729575999
105.654,-2.2616840690837856
105.655,-2.2597058102852636
105.65600000000001,-2.2577546125766093
105.657,-2.255830590020961
105.658,-2.2539338547189507
105.65900000000001,-2.2520645167977729
105.66,-2.250222684400506
105.661,-2.2484084636756121
105.66200000000001,-2.2466219587666649
105.663,-2.2448632718022683
105.664,-2.2431325028861973
105.66500000000001,-2.2414297500877582
105.666,-2.2397551094323398
105.667,-2.2381086748922163
105.66800000000001,-2.2364905383775202
105.669,-2.2349007897274906
105.67,-2.2333395167018901
105.67100000000001,-2.2318068049726727
105.672,-2.2303027381158604
105.673,-2.2288273976036588
105.67400000000001,-2.2273808627967848
105.675,-2.2259632109370271
105.676,-2.2245745171400233
105.67699999999999,-2.2232148543882966
105.678,-2.2218842935244654
105.679,-2.2205829032447624
105.68000000000001,-2.2193107500927063
105.681,-2.2180678984530648
105.682,-2.2168544105460177
105.68299999999999,-2.2156703464215797
105.684,-2.214515763954227
105.685,-2.2133907188378008
105.68600000000001,-2.2122952645806175
105.687,-2.2112294525008198
105.688,-2.2101933317219999
105.68899999999999,-2.2091869491690015
105.69,-2.2082103495640322
105.691,-2.2072635754229517
105.69200000000001,-2.2063466670518528
105.693,-2.2054596625438632
105.694,-2.2046025977761801
105.69499999999999,-2.2037755064073621
105.696,-2.2029784198748854
105.697,-2.2022113673928638
105.69800000000001,-2.2014743759501361
105.699,-2.2007674703084921
105.7,-2.2000906730011889
105.70099999999999,-2.1994440043317196
105.702,-2.198827482372792
105.703,-2.1982411229656096
105.70399999999999,-2.1976849397193341
105.705,-2.197158944010841
105.706,-2.1966631449846963
105.70699999999999,-2.1961975495533936
105.708,-2.1957621623978332
105.709,-2.1953569859680444
105.70999999999999,-2.1949820204841481
105.711,-2.1946372639375755
105.712,-2.1943227120925384
105.71299999999999,-2.1940383584877106
105.714,-2.1937841944382162
105.715,-2.1935602090377895
105.71599999999999,-2.1933663891612292
105.717,-2.1932027194670924
105.718,-2.1930691824006106
105.71899999999999,-2.1929657581968667
105.72,-2.1928924248841994
105.721,-2.1928491582878786
105.72199999999999,-2.1928359320339892
105.723,-2.1928527175535777
105.724,-2.1928994840870253
105.72499999999999,-2.1929761986886707
105.726,-2.1930828262316799
105.727,-2.1932193294131279
105.72799999999999,-2.1933856687593329
105.729,-2.1935818026314546
105.73,-2.1938076872312711
105.73099999999999,-2.1940632766072325
105.732,-2.1943485226607478
105.733,-2.1946633751526816
105.73399999999999,-2.1950077817100997
105.735,-2.1953816878332604
105.736,-2.1957850369027816
105.73699999999999,-2.1962177701871104
105.738,-2.1966798268501697
105.739,-2.1971711439592254
105.73999999999999,-2.1976916564930384
105.741,-2.1982412973501781
105.742,-2.1988199973575737
105.74299999999999,-2.1994276852793138
105.744,-2.2000642878256405
105.745,-2.2007297296621648
105.746,-2.2014239334193224
105.747,-2.202146819702
105.748,-2.2028983070994337
105.749,-2.2036783121952594
105.75,-2.2044867495778337
105.751,-2.2053235318507283
105.752,-2.20618856964342
105.753,-2.2070817716222377
105.754,-2.2080030445014782
105.755,-2.2089522930547143
105.756,-2.2099294201263486
105.75700000000001,-2.2109343266433101
105.758,-2.2119669116270129
105.759,-2.213027072205453
105.76000000000001,-2.2141147036255324
105.761,-2.2152296992655693
105.762,-2.2163719506479911
105.76300000000001,-2.2175413474522294
105.764,-2.2187377775277768
105.765,-2.2199611269074682
105.76600000000001,-2.2212112798209116
105.767,-2.2224881187081071
105.768,-2.2237915242332353
105.76900000000001,-2.225121375298674
105.77,-2.2264775490591009
105.771,-2.2278599209358423
105.77200000000001,-2.2292683646313685
105.773,-2.2307027521439409
105.774,-2.232162953782451
105.77500000000001,-2.2336488381814057
105.776,-2.2351602723160617
105.777,-2.2366971215177736
105.77800000000001,-2.2382592494894178
105.779,-2.2398465183210408
105.78,-2.2414587885056205
105.78100000000001,-2.2430959189549919
105.782,-2.2447577670159071
105.783,-2.2464441884862683
105.78400000000001,-2.2481550376314523
105.785,-2.2498901672008391
105.786,-2.2516494284444244
105.78700000000001,-2.2534326711295973
105.788,-2.2552397435580298
105.789,-2.2570704925827205
105.79000000000001,-2.2589247636251364
105.791,-2.2608024006925178
105.792,-2.262703246395251
105.79300000000001,-2.2646271419644357
105.794,-2.2665739272694689
105.795,-2.2685434408358645
105.79600000000001,-2.2705355198630759
105.797,-2.2725500002424863
105.798,-2.2745867165754992
105.79900000000001,-2.2766455021917218
105.8,-2.2787261891672452
105.801,-2.280828608343052
105.80199999999999,-2.2829525893434837
105.803,-2.2850979605948236
105.804,-2.2872645493439596
105.80500000000001,-2.2894521816771518
105.806,-2.2916606825388692
105.807,-2.293889875750696
105.80799999999999,-2.2961395840303611
105.809,-2.2984096290108087
105.81,-2.300699831259335
105.81100000000001,-2.303010010296854
105.812,-2.3053399846171456
105.813,-2.3076895717062484
105.81399999999999,-2.3100585880618736
105.815,-2.3124468492128991
105.816,-2.3148541697388785
105.81700000000001,-2.3172803632896914
105.818,-2.3197252426051458
105.819,-2.3221886195347055
105.81999999999999,-2.3246703050572188
105.821,-2.3271701093007171
105.822,-2.3296878415622446
105.82300000000001,-2.3322233103277235
105.824,-2.3347763232918584
105.825,-2.3373466873780768
105.82599999999999,-2.3399342087584936
105.827,-2.3425386928739127
105.828,-2.3451599444538282
105.82899999999999,-2.3477977675364752
105.83,-2.350451965488904
105.831,-2.3531223410270323
105.83199999999999,-2.3558086962357345
105.833,-2.3585108325889674
105.834,-2.3612285509698481
105.83499999999999,-2.363961651690782
105.836,-2.3667099345135787
105.837,-2.3694731986695565
105.83799999999999,-2.3722512428796758
105.839,-2.3750438653746153
105.84,-2.3778508639148974
105.84099999999999,-2.3806720358109592
105.842,-2.3835071779432369
105.843,-2.3863560867822189
105.84399999999999,-2.3892185584084773
105.845,-2.392094388532688
105.846,-2.3949833725156422
105.84699999999999,-2.3978853053881748
105.848,-2.4007999818711294
105.849,-2.4037271963952609
105.84999999999999,-2.406666743121086
105.851,-2.4096184159587333
105.852,-2.4125820085877256
105.85299999999999,-2.4155573144767306
105.854,-2.4185441269032761
105.855,-2.4215422389733972
105.85599999999999,-2.4245514436412394
105.857,-2.4275715337286314
105.858,-2.4306023019445684
105.85899999999999,-2.4336435409046713
105.86,-2.4366950431505519
105.861,-2.4397566011691465
105.86199999999999,-2.4428280074119835
105.863,-2.4459090543143418
105.864,-2.4489995343144013
105.86499999999999,-2.4520992398722843
105.866,-2.4552079634890234
105.867,-2.4583254977254754
105.86799999999999,-2.4614516352211222
105.869,-2.4645861687128265
105.87,-2.4677288910534934
105.871,-2.4708795952306204
105.872,-2.4740380743848052
105.873,-2.4772041218281293
105.874,-2.4803775310624614
105.875,-2.4835580957976751
105.876,-2.4867456099697538
105.877,-2.4899398677588076
105.878,-2.4931406636069999
105.879,-2.4963477922363406
105.88,-2.499561048666421
105.881,-2.5027802282319938
105.88200000000001,-2.5060051266004768
105.883,-2.509235539789354
105.884,-2.5124712641834206
105.88500000000001,-2.5157120965519573
105.886,-2.5189578340657865
105.887,-2.5222082743141669
105.88800000000001,-2.5254632153216354
105.889,-2.5287224555646661
105.89,-2.5319857939882464
105.89100000000001,-2.5352530300223117
105.892,-2.5385239635980623
105.893,-2.5417983951641316
105.89400000000001,-2.5450761257026642
105.895,-2.5483569567452147
105.896,-2.5516406903885578
105.89700000000001,-2.5549271293103253
105.898,-2.5582160767845341
105.899,-2.5615073366969794
105.90000000000001,-2.5648007135604525
105.901,-2.5680960125298586
105.902,-2.5713930394171847
105.90300000000001,-2.574691600706287
105.904,-2.5779915035676009
105.905,-2.5812925558726318
105.90600000000001,-2.5845945662083558
105.907,-2.5878973438914459
105.908,-2.5912006989823437
105.90900000000001,-2.5945044422991854
105.91,-2.5978083854316019
105.911,-2.6011123407543089
105.91200000000001,-2.6044161214405968
105.913,-2.6077195414756318
105.914,-2.6110224156696118
105.91500000000001,-2.6143245596707763
105.916,-2.6176257899782218
105.917,-2.6209259239545935
105.91800000000001,-2.6242247798386042
105.919,-2.6275221767573766
105.92,-2.6308179347386513
105.92100000000001,-2.6341118747228016
105.922,-2.6374038185746977
105.923,-2.640693589095422
105.92400000000001,-2.6439810100337677
105.925,-2.6472659060976405
105.926,-2.650548102965236
105.92699999999999,-2.6538274272960658
105.928,-2.6571037067418297
105.929,-2.660376769957093
105.93000000000001,-2.6636464466098158
105.931,-2.6669125673916998
105.932,-2.670174964028365
105.93299999999999,-2.6734334692893427
105.934,-2.6766879169979365
105.935,-2.6799381420408555
105.93600000000001,-2.6831839803777164
105.937,-2.6864252690503472
105.938,-2.6896618461919264
105.93899999999999,-2.6928935510359624
105.94,-2.6961202239250559
105.941,-2.6993417063195375
105.94200000000001,-2.7025578408059037
105.943,-2.7057684711050554
105.944,-2.7089734420804312
105.94499999999999,-2.7121725997458679
105.946,-2.7153657912733697
105.947,-2.7185528650006647
105.94800000000001,-2.7217336704385673
105.949,-2.7249080582782099
105.95,-2.7280758803980518
105.95099999999999,-2.731236989870748
105.952,-2.7343912409698188
105.953,-2.7375384891761563
105.95399999999999,-2.740678591184337
105.955,-2.7438114049087865
105.956,-2.7469367894897365
105.95699999999999,-2.7500546052990336
105.958,-2.7531647139457549
105.959,-2.7562669782816513
105.95999999999999,-2.7593612624064248
105.961,-2.7624474316728174
105.962,-2.7655253526915242
105.96299999999999,-2.7685948933359645
105.964,-2.7716559227468265
105.965,-2.7747083113364823
105.96599999999999,-2.7777519307932055
105.967,-2.780786654085234
105.968,-2.7838123554646383
105.96899999999999,-2.7868289104710326
105.97,-2.7898361959351137
105.971,-2.792834089982029
105.97199999999999,-2.7958224720345699
105.973,-2.7988012228161914
105.974,-2.8017702243538825
105.97499999999999,-2.8047293599808389
105.976,-2.8076785143389937
105.977,-2.8106175733813679
105.97799999999999,-2.8135464243742465
105.979,-2.8164649558992174
105.98,-2.8193730578550076
105.98099999999999,-2.8222706214591762
105.982,-2.8251575392496653
105.983,-2.8280337050861286
105.98399999999999,-2.8308990141511536
105.985,-2.8337533629512981
105.986,-2.8365966493179622
105.98699999999999,-2.8394287724081302
105.988,-2.8422496327049034
105.989,-2.8450591320179193
105.98999999999999,-2.8478571734836109
105.991,-2.8506436615652628
105.992,-2.8534185020529979
105.99299999999999,-2.856181602063498
105.994,-2.8589328700396894
105.995,-2.8616722157501862
105.996,-2.864399550288625
105.997,-2.8671147860728494
105.998,-2.8698178368439295
105.999,-2.8725086176650425
106,-2.8751870449202093
106.001,-2.8778530363128825
106.002,-2.8805065108643815
106.003,-2.8831473889122075
106.004,-2.8857755921081871
106.005,-2.8883910434165099
106.006,-2.8909936671115801
106.00700000000001,-2.8935833887757747
106.008,-2.8961601352970439
106.009,-2.8987238348663658
106.01000000000001,-2.9012744169750952
106.011,-2.9038118124121501
106.012,-2.9063359532610802
106.01300000000001,-2.9088467728970002
106.014,-2.9113442059833972
106.015,-2.9138281884688055
106.01600000000001,-2.9162986575833676
106.017,-2.9187555518352406
106.018,-2.9211988110069047
106.01900000000001,-2.9236283761513455
106.02,-2.9260441895881089
106.021,-2.9284461948992213
106.02200000000001,-2.9308343369250256
106.023,-2.9332085617598649
106.024,-2.9355688167476854
106.02500000000001,-2.9379150504774723
106.026,-2.9402472127786412
106.027,-2.9425652547162606
106.02800000000001,-2.9448691285861797
106.029,-2.9471587879100758
106.03,-2.9494341874303487
106.03100000000001,-2.9516952831049368
106.032,-2.953942032102038
106.033,-2.9561743927946846
106.03400000000001,-2.9583923247552697
106.035,-2.9605957887499432
106.036,-2.962784746732896
106.03700000000001,-2.964959161840599
106.038,-2.9671189983858799
106.039,-2.9692642218519554
106.04000000000001,-2.9713947988863509
106.041,-2.9735106972947367
106.042,-2.9756118860346632
106.04300000000001,-2.9776983352092179
106.044,-2.9797700160605904
106.045,-2.9818269009635667
106.04600000000001,-2.9838689634189013
106.047,-2.9858961780466622
106.048,-2.9879085205794533
106.04900000000001,-2.9899059678555719
106.05,-2.9918884978120852
106.051,-2.9938560894778492
106.05199999999999,-2.9958087229664114
106.053,-2.9977463794688992
106.054,-2.999669041246773
106.05500000000001,-3.0015766916245621
106.056,-3.0034693149825067
106.057,-3.0053468967491304
106.05799999999999,-3.0072094233937623
106.059,-3.0090568824189914
106.06,-3.0108892623530394
106.06100000000001,-3.0127065527421024
106.062,-3.0145087441426197
106.063,-3.0162958281134733
106.06399999999999,-3.0180677972081531
106.065,-3.019824644966854
106.066,-3.0215663659085168
106.06700000000001,-3.0232929555228338
106.068,-3.0250044102621887
106.069,-3.0267007275335516
106.06999999999999,-3.0283819056903294
106.071,-3.0300479440241679
106.072,-3.0316988427567173
106.07300000000001,-3.0333346030313395
106.074,-3.0349552269047884
106.075,-3.0365607173388467
106.07599999999999,-3.0381510781919303
106.077,-3.0397263142106254
106.078,-3.0412864310212342
106.07899999999999,-3.0428314351212657
106.08,-3.0443613338708788
106.081,-3.0458761354843311
106.08199999999999,-3.0473758490213561
106.083,-3.048860484378543
106.084,-3.0503300522806809
106.08499999999999,-3.0517845642720802
106.086,-3.0532240327078446
106.087,-3.0546484707451667
106.08799999999999,-3.0560578923345654
106.089,-3.0574523122111108
106.09,-3.0588317458856542
106.09099999999999,-3.0601962096359978
106.092,-3.061545720498092
106.093,-3.0628802962571848
106.09399999999999,-3.0641999554389825
106.095,-3.065504717300783
106.096,-3.066794601822604
106.09699999999999,-3.0680696296983117
106.098,-3.069329822326706
106.099,-3.0705752018026669
106.09999999999999,-3.0718057909082042
106.101,-3.0730216131035926
106.102,-3.0742226925184442
106.10299999999999,-3.0754090539428036
106.104,-3.0765807228182407
106.105,-3.0777377252289329
106.10599999999999,-3.078880087892772
106.107,-3.0800078381524463
106.108,-3.0811210039665573
106.10899999999999,-3.0822196139007092
106.11,-3.0833036971186383
106.111,-3.0843732833733188
106.11199999999999,-3.085428402998116
106.113,-3.0864690868978961
106.114,-3.0874953665402138
106.11499999999999,-3.088507273946445
106.116,-3.0895048416829862
106.117,-3.0904881028524462
106.11799999999999,-3.0914570910848438
106.119,-3.0924118405288397
106.12,-3.0933523858429881
106.121,-3.0942787621869892
106.122,-3.095191005212973
106.123,-3.096089151056808
106.124,-3.09697323632943
106.125,-3.0978432981081765
106.126,-3.0986993739281798
106.127,-3.099541501773742
106.128,-3.1003697200697857
106.129,-3.101184067673274
106.13,-3.1019845838647191
106.131,-3.1027713083396664
106.13200000000001,-3.1035442812002403
106.133,-3.1043035429467167
106.134,-3.105049134469116
106.13500000000001,-3.1057810970388298
106.136,-3.1064994723002881
106.137,-3.1072043022626668
106.13800000000001,-3.1078956292916065
106.139,-3.1085734961009823
106.14,-3.1092379457447255
106.14100000000001,-3.1098890216086419
106.142,-3.1105267674023045
106.143,-3.1111512271509723
106.14400000000001,-3.111762445187547
106.145,-3.1123604661445663
106.146,-3.1129453349462572
106.14700000000001,-3.1135170968005905
106.148,-3.1140757971914343
106.149,-3.1146214818707012
106.15000000000001,-3.1151541968505665
106.151,-3.115673988395713
106.152,-3.1161809030156409
106.15300000000001,-3.1166749874570066
106.154,-3.1171562886960196
106.155,-3.1176248539308711
106.15600000000001,-3.1180807305742269
106.157,-3.1185239662457578
106.158,-3.1189546087647217
106.15900000000001,-3.1193727061426024
106.16,-3.1197783065757738
106.161,-3.1201714584382465
106.16200000000001,-3.1205522102744441
106.163,-3.1209206107920329
106.164,-3.1212767088548121
106.16500000000001,-3.121620553475652
106.166,-3.1219521938094719
106.167,-3.1222716791462997
106.16800000000001,-3.1225790589043587
106.169,-3.1228743826232126
106.17,-3.1231576999569821
106.17100000000001,-3.1234290606676023
106.172,-3.1236885146181264
106.173,-3.1239361117661097
106.17400000000001,-3.1241719021570269
106.175,-3.1243959359177564
106.176,-3.1246082632501313
106.17699999999999,-3.1248089344245091
106.178,-3.1249979997734512
106.179,-3.1251755096854223
106.18000000000001,-3.1253415145985581
106.181,-3.1254960649944969
106.182,-3.1256392113922633
106.18299999999999,-3.1257710043422096
106.184,-3.1258914944200198
106.185,-3.126000732220775
106.18600000000001,-3.1260987683530761
106.187,-3.1261856534332155
106.188,-3.1262614380794256
106.18899999999999,-3.1263261729061833
106.19,-3.12637990851856
106.191,-3.1264226955066485
106.19200000000001,-3.1264545844400509
106.193,-3.1264756258624047
106.194,-3.1264858702860154
106.19499999999999,-3.1264853681864784
106.196,-3.1264741699974454
106.197,-3.1264523261053849
106.19800000000001,-3.1264198868444346
106.199,-3.1263769024913222
106.2,-3.1263234232603185
106.20099999999999,-3.126259499298274
106.202,-3.1261851806797205
106.203,-3.1261005174020129
106.20399999999999,-3.1260055593805545
106.205,-3.1259003564440686
106.206,-3.1257849583299402
106.20699999999999,-3.1256594146796139
106.208,-3.1255237750340585
106.209,-3.1253780888292875
106.20999999999999,-3.1252224053919502
106.211,-3.1250567739349764
106.212,-3.1248812435532711
106.21299999999999,-3.124695863219503
106.214,-3.1245006817799297
106.215,-3.1242957479502804
106.21599999999999,-3.1240811103117192
106.217,-3.1238568173068471
106.218,-3.1236229172357994
106.21899999999999,-3.1233794582523569
106.22,-3.1231264883601542
106.221,-3.1228640554089413
106.22199999999999,-3.122592207090892
106.223,-3.1223109909369873
106.224,-3.1220204543134509
106.22499999999999,-3.1217206444182573
106.226,-3.1214116082776675
106.227,-3.1210933927428801
106.22799999999999,-3.1207660444866816
106.229,-3.120429610000194
106.23,-3.1200841355896713
106.23099999999999,-3.1197296673733552
106.232,-3.1193662512783868
106.233,-3.1189939330377836
106.23399999999999,-3.1186127581874628
106.235,-3.1182227720633451
106.236,-3.1178240197984808
106.23699999999999,-3.1174165463202783
106.238,-3.1170003963477493
106.239,-3.116575614388835
106.23999999999999,-3.1161422447377829
106.241,-3.1157003314725777
106.242,-3.1152499184524372
106.24299999999999,-3.1147910493153494
106.244,-3.1143237674756827
106.245,-3.1138481161218321
106.246,-3.113364138213953
106.247,-3.1128718764817016
106.248,-3.1123713734220821
106.249,-3.1118626712973043
106.25,-3.1113458121327282
106.251,-3.1108208377148472
106.252,-3.1102877895893206
106.253,-3.109746709059066
106.254,-3.1091976371824082
106.255,-3.1086406147712733
106.256,-3.1080756823894422
106.25700000000001,-3.1075028803508449
106.258,-3.1069222487179182
106.259,-3.1063338273000083
106.26000000000001,-3.105737655651823
106.261,-3.1051337730719348
106.262,-3.1045222186013532
106.26300000000001,-3.1039030310221021
106.264,-3.1032762488558978
106.265,-3.1026419103628351
106.26600000000001,-3.1020000535401566
106.267,-3.1013507161210345
106.268,-3.1006939355734326
106.26900000000001,-3.1000297490989972
106.27,-3.0993581936320025
106.271,-3.0986793058383295
106.27200000000001,-3.0979931221145147
106.273,-3.0972996785868352
106.274,-3.0965990111104151
106.27500000000001,-3.0958911552684185
106.276,-3.0951761463712613
106.277,-3.0944540194558723
106.27800000000001,-3.0937248092849954
106.279,-3.0929885503465444
106.28,-3.0922452768529984
106.28100000000001,-3.0914950227408253
106.282,-3.090737821669979
106.283,-3.0899737070233932
106.28400000000001,-3.0892027119065713
106.285,-3.0884248691471639
106.286,-3.087640211294632
106.28700000000001,-3.0868487706199188
106.288,-3.0860505791151773
106.289,-3.0852456684935339
106.29000000000001,-3.0844340701888866
106.291,-3.0836158153557536
106.292,-3.082790934869144
106.29300000000001,-3.0819594593244801
106.294,-3.0811214190375464
106.295,-3.0802768440444872
106.29600000000001,-3.0794257641018339
106.297,-3.0785682086865638
106.298,-3.0777042069962004
106.29900000000001,-3.0768337879489565
106.3,-3.0759569801838937
106.301,-3.0750738120611301
106.30199999999999,-3.0741843116620844
106.303,-3.0732885067897397
106.304,-3.0723864249689496
106.30500000000001,-3.0714780934467836
106.306,-3.0705635391928938
106.307,-3.0696427888999036
106.30799999999999,-3.0687158689838618
106.309,-3.0677828055846952
106.31,-3.0668436245667099
106.31100000000001,-3.0658983515191105
106.312,-3.0649470117565558
106.313,-3.0639896303197567
106.31399999999999,-3.0630262319760675
106.315,-3.062056841220147
106.316,-3.0610814822746146
106.31700000000001,-3.0601001790907674
106.318,-3.0591129553492822
106.319,-3.0581198344609852
106.31999999999999,-3.0571208395676228
106.321,-3.0561159935426687
106.322,-3.0551053189921529
106.32300000000001,-3.0540888382555247
106.324,-3.0530665734065181
106.325,-3.0520385462540673
106.32599999999999,-3.0510047783432412
106.327,-3.0499652909561803
106.328,-3.0489201051130905
106.32899999999999,-3.0478692415732249
106.33,-3.0468127208359146
106.331,-3.0457505631416097
106.33199999999999,-3.0446827884729482
106.333,-3.0436094165558352
106.334,-3.0425304668605531
106.33499999999999,-3.0414459586028864
106.336,-3.0403559107452764
106.337,-3.0392603419979807
106.33799999999999,-3.0381592708202625
106.339,-3.037052715421602
106.34,-3.0359406937629014
106.34099999999999,-3.0348232235577512
106.342,-3.033700322273674
106.343,-3.0325720071334086
106.34399999999999,-3.0314382951162049
106.345,-3.0302992029591254
106.346,-3.0291547471583851
106.34699999999999,-3.0280049439706911
106.348,-3.0268498094145917
106.349,-3.0256893592718725
106.34999999999999,-3.0245236090889174
106.351,-3.0233525741781317
106.352,-3.0221762696193588
106.35299999999999,-3.0209947102613013
106.354,-3.0198079107229781
106.355,-3.0186158853951692
106.35599999999999,-3.0174186484418977
106.357,-3.0162162138019086
106.358,-3.0150085951901664
106.35899999999999,-3.0137958060993562
106.36,-3.012577859801409
106.361,-3.0113547693490306
106.36199999999999,-3.0101265475772347
106.363,-3.0088932071049026
106.364,-3.0076547603363464
106.36499999999999,-3.0064112194628629
106.366,-3.0051625964643334
106.367,-3.0039089031108004
106.36799999999999,-3.0026501509640688
106.369,-3.0013863513793249
106.37,-3.0001175155067275
106.371,-2.9988436542930508
106.372,-2.997564778483305
106.373,-2.9962808986223788
106.374,-2.9949920250566882
106.375,-2.9936981679358148
106.376,-2.9923993372141746
106.377,-2.9910955426526833
106.378,-2.9897867938204197
106.379,-2.988473100096309
106.38,-2.9871544706707942
106.381,-2.9858309145475337
106.38200000000001,-2.9845024405450866
106.383,-2.9831690572986007
106.384,-2.9818307732615343
106.38500000000001,-2.980487596707329
106.386,-2.979139535731151
106.387,-2.977786598251571
106.38800000000001,-2.976428792012296
106.389,-2.9750661245838863
106.39,-2.9736986033654684
106.39100000000001,-2.972326235586463
106.392,-2.9709490283083024
106.393,-2.9695669884261644
106.39400000000001,-2.968180122670697
106.395,-2.9667884376097486
106.396,-2.9653919396500914
106.39700000000001,-2.9639906350391723
106.398,-2.9625845298668319
106.399,-2.9611736300670248
106.40000000000001,-2.9597579414195856
106.401,-2.9583374695519415
106.402,-2.9569122199408415
106.40300000000001,-2.9554821979141019
106.404,-2.9540474086523405
106.405,-2.9526078571906966
106.40600000000001,-2.9511635484205687
106.407,-2.9497144870913532
106.408,-2.9482606778121561
106.40900000000001,-2.9468021250535337
106.41,-2.9453388331492105
106.411,-2.9438708062978103
106.41200000000001,-2.9423980485645709
106.413,-2.9409205638830676
106.414,-2.9394383560569306
106.41500000000001,-2.9379514287615498
106.416,-2.936459785545801
106.417,-2.9349634298337461
106.41800000000001,-2.9334623649263358
106.419,-2.9319565940031165
106.42,-2.9304461201239356
106.42100000000001,-2.928930946230615
106.422,-2.9274110751486635
106.423,-2.9258865095889526
106.42400000000001,-2.9243572521494041
106.425,-2.9228233053166663
106.426,-2.9212846714677889
106.42699999999999,-2.9197413528718918
106.428,-2.9181933516918317
106.429,-2.9166406699858589
106.43000000000001,-2.9150833097092823
106.431,-2.9135212727160926
106.432,-2.9119545607606492
106.43299999999999,-2.9103831754992751
106.434,-2.9088071184919269
106.435,-2.9072263912037926
106.43600000000001,-2.9056409950069346
106.437,-2.9040509311818985
106.438,-2.9024562009193238
106.43899999999999,-2.9008568053215402
106.44,-2.8992527454041834
106.441,-2.8976440220977642
106.44200000000001,-2.8960306362492663
106.443,-2.8944125886237293
106.444,-2.8927898799058021
106.44499999999999,-2.8911625107013217
106.446,-2.8895304815388698
106.447,-2.8878937928713109
106.44800000000001,-2.8862524450773552
106.449,-2.8846064384630816
106.45,-2.8829557732634603
106.45099999999999,-2.8813004496438896
106.452,-2.8796404677017016
106.453,-2.8779758274676706
106.45399999999999,-2.8763065289075085
106.455,-2.8746325719233541
106.456,-2.8729539563552642
106.45699999999999,-2.8712706819826828
106.458,-2.8695827485259038
106.459,-2.8678901556475402
106.45999999999999,-2.8661929029539657
106.461,-2.8644909899967574
106.462,-2.8627844162741463
106.46299999999999,-2.8610731812324106
106.464,-2.8593572842673227
106.465,-2.8576367247255536
106.46599999999999,-2.8559115019060499
106.467,-2.854181615061461
106.468,-2.8524470633994863
106.46899999999999,-2.8507078460842825
106.47,-2.8489639622378
106.471,-2.8472154109411596
106.47199999999999,-2.8454621912359945
106.473,-2.8437043021257855
106.474,-2.8419417425771876
106.47499999999999,-2.8401745115213668
106.476,-2.8384026078552935
106.477,-2.8366260304430568
106.47799999999999,-2.8348447781171577
106.479,-2.8330588496797739
106.48,-2.8312682439040655
106.48099999999999,-2.8294729595354262
106.482,-2.8276729952927262
106.483,-2.8258683498695882
106.48399999999999,-2.8240590219355939
106.485,-2.8222450101375358
106.486,-2.8204263131006302
106.48699999999999,-2.8186029294297157
106.488,-2.8167748577104659
106.489,-2.8149420965105776
106.48999999999999,-2.8131046443809486
106.491,-2.8112624998568476
106.492,-2.8094156614590773
106.49299999999999,-2.8075641276951302
106.494,-2.8057078970603326
106.495,-2.8038469680389673
106.496,-2.8019813391054011
106.497,-2.8001110087252155
106.498,-2.798235975356282
106.499,-2.7963562374498698
106.5,-2.7944717934517422
106.501,-2.79258264180321
106.502,-2.790688780942217
106.503,-2.7887902093043806
106.504,-2.7868869253240423
106.505,-2.7849789274353078
106.506,-2.7830662140730746
106.50700000000001,-2.7811487836740403
106.508,-2.7792266346777144
106.509,-2.7772997655274132
106.51000000000001,-2.7753681746712671
106.511,-2.773431860563158
106.512,-2.7714908216637308
106.51300000000001,-2.7695450564413253
106.514,-2.7675945633729286
106.515,-2.7656393409451319
106.51600000000001,-2.7636793876550314
106.517,-2.7617147020111785
106.518,-2.7597452825344666
106.51900000000001,-2.757771127759046
106.52,-2.7557922362332086
106.521,-2.7538086065202654
106.52200000000001,-2.7518202371994356
106.523,-2.7498271268666938
106.524,-2.7478292741356185
106.52500000000001,-2.7458266776382496
106.526,-2.7438193360259264
106.527,-2.7418072479700761
106.52800000000001,-2.7397904121630807
106.529,-2.7377688273190381
106.53,-2.7357424921745865
106.53100000000001,-2.7337114054896752
106.532,-2.7316755660483416
106.533,-2.7296349726594933
106.53400000000001,-2.7275896241576536
106.535,-2.7255395194037071
106.536,-2.7234846572856579
106.53700000000001,-2.7214250367193333
106.538,-2.7193606566491315
106.539,-2.7172915160487214
106.54000000000001,-2.7152176139217383
106.541,-2.7131389493024871
106.542,-2.7110555212566361
106.54300000000001,-2.708967328881859
106.544,-2.7068743713085404
106.545,-2.7047766477004087
106.54600000000001,-2.7026741572551893
106.547,-2.7005668992052527
106.548,-2.6984548728182274
106.54900000000001,-2.6963380773976384
106.55,-2.6942165122835089
106.551,-2.692090176852969
106.55199999999999,-2.6899590705208443
106.553,-2.6878231927402547
106.554,-2.685682543003173
106.55500000000001,-2.6835371208410139
106.556,-2.6813869258251719
106.557,-2.6792319575675902
106.55799999999999,-2.6770722157212958
106.559,-2.6749076999809365
106.56,-2.6727384100832996
106.56100000000001,-2.6705643458078372
106.562,-2.6683855069771676
106.563,-2.6662018934575835
106.56399999999999,-2.6640135051595255
106.565,-2.6618203420381015
106.566,-2.6596224040935192
106.56700000000001,-2.6574196913715813
106.568,-2.6552122039641342
106.569,-2.6529999420095125
106.56999999999999,-2.6507829056929975
106.571,-2.6485610952472438
106.572,-2.6463345109526903
106.57300000000001,-2.6441031531380039
106.574,-2.6418670221804712
106.575,-2.6396261185064116
106.57599999999999,-2.6373804425915619
106.577,-2.635129994961467
106.578,-2.6328747761918621
106.57899999999999,-2.6306147869090433
106.58,-2.6283500277902228
106.581,-2.6260804995638889
106.58199999999999,-2.623806203010167
106.583,-2.6215271389611257
106.584,-2.6192433083011508
106.58499999999999,-2.6169547119672423
106.586,-2.6146613509493442
106.587,-2.6123632262906531
106.58799999999999,-2.6100603390879176
106.589,-2.6077526904917336
106.59,-2.6054402817068469
106.59099999999999,-2.6031231139924094
106.592,-2.6008011886622802
106.593,-2.5984745070852693
106.59399999999999,-2.5961430706854154
106.595,-2.5938068809422283
106.596,-2.5914659393909396
106.59699999999999,-2.5891202476227351
106.598,-2.5867698072849983
106.599,-2.5844146200815228
106.59999999999999,-2.5820546877727448
106.601,-2.5796900121759334
106.602,-2.5773205951654248
106.60299999999999,-2.5749464386727947
106.604,-2.5725675446870602
106.605,-2.5701839152548693
106.60599999999999,-2.5677955524806704
106.607,-2.5654024585268909
106.608,-2.563004635614103
106.60899999999999,-2.5606020860211709
106.61,-2.5581948120854276
106.611,-2.5557828162027958
106.61199999999999,-2.5533661008279402
106.613,-2.5509446684744104
106.614,-2.5485185217147546
106.61499999999999,-2.5460876631806428
106.616,-2.543652095562992
106.617,-2.5412118216120652
106.61799999999999,-2.5387668441375864
106.619,-2.5363171660088328
106.62,-2.5338627901547159
106.621,-2.5314037195638939
106.622,-2.5289399572848312
106.623,-2.5264715064258745
106.624,-2.5239983701553337
106.625,-2.5215205517015296
106.626,-2.5190380543528672
106.627,-2.516550881457885
106.628,-2.5140590364252846
106.629,-2.5115625227239926
106.63,-2.509061343883193
106.631,-2.506555503492347
106.63200000000001,-2.504045005201232
106.633,-2.5015298527199477
106.634,-2.499010049818942
106.63500000000001,-2.4964856003290228
106.636,-2.4939565081413448
106.637,-2.4914227772074264
106.63800000000001,-2.4888844115391384
106.639,-2.4863414152086927
106.64,-2.4837937923486297
106.64100000000001,-2.4812415471517903
106.642,-2.4786846838712986
106.643,-2.4761232068205308
106.64400000000001,-2.4735571203730728
106.645,-2.4709864289626982
106.646,-2.4684111370832911
106.64700000000001,-2.4658312492888328
106.648,-2.4632467701933392
106.649,-2.4606577044707771
106.65000000000001,-2.4580640568550418
106.651,-2.4554658321398568
106.652,-2.4528630351787211
106.65300000000001,-2.4502556708848262
106.654,-2.4476437442309757
106.655,-2.4450272602495078
106.65600000000001,-2.4424062240322
106.657,-2.4397806407301701
106.658,-2.4371505155537978
106.65900000000001,-2.434515853772611
106.66,-2.4318766607151785
106.661,-2.4292329417690084
106.66200000000001,-2.4265847023804259
106.663,-2.423931948054471
106.664,-2.4212746843547652
106.66500000000001,-2.4186129169033848
106.666,-2.4159466513807457
106.667,-2.4132758935254595
106.66800000000001,-2.4106006491341958
106.669,-2.4079209240615613
106.67,-2.4052367242199244
106.67100000000001,-2.4025480555792997
106.672,-2.3998549241671867
106.673,-2.3971573360684024
106.67400000000001,-2.3944552974249405
106.675,-2.3917488144358092
106.676,-2.3890378933568535
106.67699999999999,-2.386322540500605
106.678,-2.3836027622360918
106.679,-2.3808785649886905
106.68000000000001,-2.3781499552399197
106.681,-2.3754169395272777
106.682,-2.3726795244440551
106.68299999999999,-2.3699377166391455
106.684,-2.3671915228168521
106.685,-2.3644409497367089
106.68600000000001,-2.3616860042132668
106.687,-2.3589266931159036
106.688,-2.3561630233686266
106.68899999999999,-2.3533950019498562
106.69,-2.3506226358922273
106.691,-2.3478459322823793
106.69200000000001,-2.3450648982607349
106.693,-2.34227954102129
106.694,-2.3394898678113965
106.69499999999999,-2.3366958859315372
106.696,-2.3338976027351084
106.697,-2.3310950256281777
106.69800000000001,-2.3282881620692804
106.699,-2.325477019569163
106.7,-2.322661605690564
106.70099999999999,-2.319841928047977
106.702,-2.3170179943073994
106.703,-2.3141898121861124
106.70399999999999,-2.3113573894524198
106.705,-2.308520733925405
106.706,-2.3056798534746923
106.70699999999999,-2.3028347560201898
106.708,-2.2999854495318366
106.709,-2.2971319420293526
106.70999999999999,-2.2942742415819768
106.711,-2.2914123563082085
106.712,-2.2885462943755592
106.71299999999999,-2.28567606400027
106.714,-2.2828016734470609
106.715,-2.2799231310288657
106.71599999999999,-2.2770404451065449
106.717,-2.2741536240886457
106.718,-2.2712626764310979
106.71899999999999,-2.2683676106369641
106.72,-2.2654684352561527
106.721,-2.2625651588851374
106.72199999999999,-2.2596577901666923
106.723,-2.2567463377895951
106.724,-2.2538308104883527
106.72499999999999,-2.250911217042916
106.726,-2.2479875662783941
106.727,-2.2450598670647683
106.72799999999999,-2.2421281283165988
106.729,-2.2391923589927401
106.73,-2.236252568096047
106.73099999999999,-2.2333087646730849
106.732,-2.2303609578138182
106.733,-2.2274091566513499
106.73399999999999,-2.2244533703615801
106.735,-2.2214936081629477
106.736,-2.2185298793161041
106.73699999999999,-2.2155621931236249
106.738,-2.2125905589297012
106.739,-2.209614986119846
106.73999999999999,-2.2066354841205702
106.741,-2.2036520623991063
106.742,-2.2006647304630684
106.74299999999999,-2.1976734978601735
106.744,-2.194678374177923
106.745,-2.1916793690432725
106.746,-2.1886764921223563
106.747,-2.1856697531201532
106.748,-2.1826591617801729
106.749,-2.1796447278841633
106.75,-2.1766264612517632
106.751,-2.1736043717402174
106.752,-2.1705784692440475
106.753,-2.1675487636947284
106.754,-2.1645152650603885
106.755,-2.1614779833454745
106.756,-2.1584369285904397
106.75700000000001,-2.1553921108714329
106.758,-2.1523435402999511
106.759,-2.1492912270225499
106.76000000000001,-2.1462351812205123
106.761,-2.1431754131095082
106.762,-2.1401119329392944
106.76300000000001,-2.137044750993383
106.764,-2.1339738775887174
106.765,-2.1308993230753495
106.76600000000001,-2.1278210978361094
106.767,-2.1247392122862885
106.768,-2.1216536768733141
106.76900000000001,-2.1185645020764126
106.77,-2.1154716984062971
106.771,-2.1123752764048231
106.77200000000001,-2.1092752466446894
106.773,-2.1061716197290852
106.774,-2.1030644062913662
106.77500000000001,-2.0999536169947466
106.776,-2.096839262531947
106.777,-2.0937213536248782
106.77800000000001,-2.0905999010243166
106.779,-2.0874749155095613
106.78,-2.0843464078881229
106.78100000000001,-2.0812143889953898
106.782,-2.0780788696942838
106.783,-2.0749398608749567
106.78400000000001,-2.0717973734544453
106.785,-2.0686514183763403
106.786,-2.0655020066104779
106.78700000000001,-2.0623491491525758
106.788,-2.0591928570239433
106.789,-2.0560331412711319
106.79000000000001,-2.0528700129655997
106.791,-2.0497034832034013
106.792,-2.0465335631048527
106.79300000000001,-2.0433602638141894
106.794,-2.0401835964992658
106.795,-2.0370035723511943
106.79600000000001,-2.0338202025840499
106.797,-2.0306334984345291
106.798,-2.0274434711616025
106.79900000000001,-2.0242501320462249
106.8,-2.0210534923909904
106.801,-2.0178535635197905
106.80199999999999,-2.0146503567775227
106.803,-2.0114438835297315
106.804,-2.0082341551623033
106.80500000000001,-2.005021183081138
106.806,-2.0018049787118186
106.807,-1.9985855534992876
106.80799999999999,-1.9953629189075364
106.809,-1.9921370864192522
106.81,-1.9889080675355388
106.81100000000001,-1.9856758737755462
106.812,-1.9824405166761885
106.813,-1.9792020077918018
106.81399999999999,-1.9759603586938197
106.815,-1.9727155809704757
106.816,-1.9694676862264555
106.81700000000001,-1.9662166860825936
106.818,-1.9629625921755629
106.819,-1.9597054161575227
106.81999999999999,-1.9564451696958494
106.821,-1.9531818644727776
106.822,-1.9499155121851048
106.82300000000001,-1.9466461245438778
106.824,-1.9433737132740649
106.825,-1.9400982901142481
106.82599999999999,-1.9368198668163159
106.827,-1.9335384551451393
106.828,-1.9302540668782706
106.82899999999999,-1.9269667138056281
106.83,-1.9236764077291739
106.831,-1.920383160462626
106.83199999999999,-1.9170869838311377
106.833,-1.9137878896709801
106.834,-1.9104858898292583
106.83499999999999,-1.9071809961635799
106.836,-1.9038732205417666
106.837,-1.9005625748415453
106.83799999999999,-1.8972490709502363
106.839,-1.8939327207644605
106.84,-1.8906135361898406
106.84099999999999,-1.8872915291406733
106.842,-1.8839667115396699
106.843,-1.8806390953176173
106.84399999999999,-1.8773086924131079
106.845,-1.873975514772237
106.846,-1.8706395743482811
106.84699999999999,-1.867300883101441
106.848,-1.8639594529985239
106.849,-1.8606152960126447
106.84999999999999,-1.8572684241229571
106.851,-1.8539188493143373
106.852,-1.8505665835771103
106.85299999999999,-1.8472116389067512
106.854,-1.8438540273035993
106.855,-1.840493760772568
106.85599999999999,-1.8371308513228786
106.857,-1.8337653109677308
106.858,-1.8303971517240698
106.85899999999999,-1.8270263856122582
106.86,-1.8236530246558362
106.861,-1.8202770808812088
106.86199999999999,-1.8168985663173713
106.863,-1.8135174929956452
106.864,-1.810133872949391
106.86499999999999,-1.8067477182137242
106.866,-1.8033590408252653
106.867,-1.7999678528218266
106.86799999999999,-1.7965741662421779
106.869,-1.7931779931257634
106.87,-1.7897793455124065
106.871,-1.7863782354420739
106.872,-1.7829746749546014
106.873,-1.7795686760894043
106.874,-1.7761602508852414
106.875,-1.772749411379924
106.876,-1.769336169610078
106.877,-1.765920537610866
106.878,-1.7625025274157236
106.879,-1.7590821510561203
106.88,-1.755659420561277
106.881,-1.7522343479579217
106.88200000000001,-1.7488069452700405
106.883,-1.7453772245186054
106.884,-1.7419451977213396
106.88500000000001,-1.7385108768924544
106.886,-1.7350742740423972
106.887,-1.7316354011776207
106.88800000000001,-1.7281942703003019
106.889,-1.7247508934081406
106.89,-1.7213052824940709
106.89100000000001,-1.7178574495460377
106.892,-1.7144074065467607
106.893,-1.7109551654734854
106.89400000000001,-1.7075007382977301
106.895,-1.7040441369850794
106.896,-1.7005853734949103
106.89700000000001,-1.6971244597801904
106.898,-1.6936614077872227
106.899,-1.69019622945541
106.90000000000001,-1.6867289367170462
106.901,-1.6832595414970646
106.902,-1.6797880557128089
106.90300000000001,-1.6763144912738293
106.904,-1.6728388600816233
106.905,-1.6693611740294405
106.90600000000001,-1.6658814450020469
106.907,-1.6623996848754912
106.908,-1.6589159055169107
106.90900000000001,-1.6554301187842952
106.91,-1.6519423365262655
106.911,-1.6484525705818753
106.91200000000001,-1.6449608327803729
106.913,-1.6414671349410153
106.914,-1.6379714888728358
106.91500000000001,-1.6344739063744336
106.916,-1.6309743992337782
106.917,-1.6274729792279996
106.91800000000001,-1.6239696581231624
106.919,-1.620464447674093
106.92,-1.6169573596241436
106.92100000000001,-1.6134484057050198
106.922,-1.609937597636566
106.923,-1.6064249471265533
106.92400000000001,-1.6029104658705124
106.925,-1.5993941655515207
106.926,-1.5958760578399951
106.92699999999999,-1.5923561543935301
106.928,-1.5888344668566745
106.929,-1.5853110068607656
106.93000000000001,-1.5817857860237274
106.931,-1.578258815949884
106.932,-1.5747301082297795
106.93299999999999,-1.5711996744399954
106.934,-1.5676675261429507
106.935,-1.5641336748867465
106.93600000000001,-1.5605981322049645
106.937,-1.5570609096164985
106.938,-1.5535220186253844
106.93899999999999,-1.549981470720601
106.94,-1.5464392773759239
106.941,-1.5428954500497394
106.94200000000001,-1.5393500001848648
106.943,-1.5358029392084038
106.944,-1.5322542785315481
106.94499999999999,-1.528704029549437
106.946,-1.5251522036409777
106.947,-1.5215988121686839
106.94800000000001,-1.5180438664785161
106.949,-1.5144873778997248
106.95,-1.5109293577446739
106.95099999999999,-1.5073698173087107
106.952,-1.5038087678699799
106.953,-1.500246220689291
106.95399999999999,-1.4966821870099607
106.955,-1.4931166780576453
106.956,-1.4895497050402127
106.95699999999999,-1.4859812791475817
106.958,-1.4824114115515692
106.959,-1.4788401134057607
106.95999999999999,-1.4752673958453442
106.961,-1.4716932699869889
106.962,-1.4681177469286908
106.96299999999999,-1.4645408377496301
106.964,-1.460962553510043
106.965,-1.4573829052510816
106.96599999999999,-1.4538019039946657
106.967,-1.4502195607433666
106.968,-1.4466358864802604
106.96899999999999,-1.4430508921688037
106.97,-1.4394645887527102
106.971,-1.4358769871557961
106.97199999999999,-1.4322880982818855
106.973,-1.4286979330146679
106.974,-1.4251065022175662
106.97499999999999,-1.4215138167336367
106.976,-1.4179198873854242
106.977,-1.4143247249748589
106.97799999999999,-1.4107283402831334
106.979,-1.4071307440705727
106.98,-1.4035319470765417
106.98099999999999,-1.3999319600193174
106.982,-1.3963307935959675
106.983,-1.3927284584822655
106.98399999999999,-1.389124965332547
106.985,-1.3855203247796308
106.986,-1.3819145474347021
106.98699999999999,-1.3783076438871888
106.988,-1.3746996247046899
106.989,-1.37109050043285
106.98999999999999,-1.3674802815952529
106.991,-1.3638689786933491
106.992,-1.3602566022063249
106.99299999999999,-1.3566431625910313
106.994,-1.3530286702818732
106.995,-1.3494131356907122
106.996,-1.3457965692067879
106.997,-1.3421789811966205
106.998,-1.3385603820039051
106.999,-1.3349407819494488
107,-1.3313201913310584
107.001,-1.3276986204234733
107.002,-1.3240760794782753
107.003,-1.3204525787237924
107.004,-1.3168281283650347
107.005,-1.3132027385835983
107.006,-1.3095764195376005
107.00700000000001,-1.3059491813615947
107.008,-1.302321034166479
107.009,-1.2986919880394514
107.01000000000001,-1.2950620530439134
107.011,-1.2914312392193965
107.012,-1.2877995565815055
107.01300000000001,-1.2841670151218292
107.014,-1.2805336248078931
107.015,-1.2768993955830767
107.01600000000001,-1.2732643373665469
107.017,-1.2696284600531986
107.018,-1.2659917735135986
107.01900000000001,-1.2623542875938978
107.02,-1.2587160121158067
107.021,-1.2550769568764943
107.02200000000001,-1.2514371316485668
107.023,-1.2477965461799942
107.024,-1.2441552101940383
107.02500000000001,-1.2405131333892334
107.026,-1.2368703254393076
107.027,-1.233226795993128
107.02800000000001,-1.2295825546746739
107.029,-1.2259376110829563
107.03,-1.2222919747919994
107.03100000000001,-1.218645655350771
107.032,-1.2149986622831426
107.033,-1.2113510050878529
107.03400000000001,-1.2077026932384598
107.035,-1.2040537361832868
107.036,-1.2004041433454038
107.03700000000001,-1.1967539241225622
107.038,-1.1931030878871796
107.039,-1.189451643986295
107.04000000000001,-1.1857996017415178
107.041,-1.1821469704490117
107.042,-1.1784937593794598
107.04300000000001,-1.1748399777780127
107.044,-1.1711856348642851
107.045,-1.1675307398322992
107.04600000000001,-1.1638753018504753
107.047,-1.1602193300615959
107.048,-1.1565628335827727
107.04900000000001,-1.1529058215054326
107.05,-1.1492483028952938
107.051,-1.1455902867923204
107.05199999999999,-1.1419317822107362
107.053,-1.1382727981389662
107.054,-1.1346133435396499
107.05500000000001,-1.1309534273496009
107.056,-1.1272930584797893
107.057,-1.1236322458153438
107.05799999999999,-1.119970998215519
107.059,-1.1163093245136797
107.06,-1.1126472335173059
107.06100000000001,-1.1089847340079584
107.062,-1.1053218347412845
107.063,-1.1016585444470044
107.06399999999999,-1.0979948718288881
107.065,-1.0943308255647719
107.066,-1.0906664143065368
107.06700000000001,-1.0870016466800974
107.068,-1.083336531285414
107.069,-1.0796710766964743
107.06999999999999,-1.0760052914612981
107.071,-1.0723391841019447
107.072,-1.0686727631144821
107.07300000000001,-1.0650060369690233
107.074,-1.0613390141097137
107.075,-1.0576717029547202
107.07599999999999,-1.0540041118962598
107.077,-1.0503362493005826
107.078,-1.0466681235079927
107.07899999999999,-1.0429997428328495
107.08,-1.0393311155635683
107.081,-1.0356622499626402
107.08199999999999,-1.0319931542666438
107.083,-1.0283238366862326
107.084,-1.0246543054061799
107.08499999999999,-1.0209845685853622
107.086,-1.0173146343567936
107.087,-1.0136445108276342
107.08799999999999,-1.0099742060791894
107.089,-1.0063037281669551
107.09,-1.002633085120618
107.09099999999999,-0.99896228494406891
107.092,-0.99529133561543492
107.093,-0.99162024508709035
107.09399999999999,-0.98794902128568296
107.095,-0.9842776721121651
107.096,-0.98060620544178656
107.09699999999999,-0.97693462912414875
107.098,-0.97326295098322424
107.099,-0.9695911788173599
107.09999999999999,-0.96591932039933814
107.101,-0.96224738347637118
107.102,-0.95857537577015339
107.10299999999999,-0.95490330497688447
107.104,-0.95123117876728314
107.105,-0.94755900478664179
107.10599999999999,-0.94388679065484782
107.107,-0.94021454396640758
107.108,-0.93654227229049969
107.10899999999999,-0.93286998317098613
107.11,-0.92919768412646597
107.111,-0.92552538265030737
107.11199999999999,-0.92185308621067019
107.113,-0.9181808022505642
107.114,-0.91450853818787925
107.11499999999999,-0.91083630141540839
107.116,-0.90716409930092246
107.117,-0.90349193918717186
107.11799999999999,-0.89981982839196117
107.119,-0.89614777420817626
107.12,-0.89247578390381666
107.121,-0.88880386472206352
107.122,-0.88513202388131118
107.123,-0.88146026857520576
107.124,-0.87778860597270869
107.125,-0.87411704321812334
107.126,-0.8704455874311634
107.127,-0.86677424570699246
107.128,-0.86310302511626036
107.129,-0.85943193270518092
107.13,-0.85576097549554708
107.131,-0.85209016048482233
107.13200000000001,-0.84841949464616295
107.133,-0.84474898492847528
107.134,-0.84107863825648277
107.13500000000001,-0.83740846153077264
107.136,-0.83373846162783671
107.137,-0.83006864540015846
107.13800000000001,-0.82639901967623208
107.139,-0.82272959126065448
107.14,-0.81906036693416118
107.14100000000001,-0.81539135345368585
107.142,-0.81172255755242606
107.143,-0.80805398593990985
107.14400000000001,-0.80438564530203127
107.145,-0.80071754230114189
107.146,-0.79704968357608141
107.14700000000001,-0.79338207574227138
107.148,-0.78971472539176002
107.149,-0.78604763909327557
107.15000000000001,-0.78238082339231996
107.151,-0.77871428481120919
107.152,-0.77504802984914267
107.15300000000001,-0.7713820649822849
107.154,-0.76771639666380542
107.155,-0.76405103132397212
107.15600000000001,-0.76038597537020847
107.157,-0.75672123518714818
107.158,-0.75305681713673289
107.15900000000001,-0.74939272755826192
107.16,-0.74572897276845795
107.161,-0.74206555906156035
107.16200000000001,-0.73840249270936731
107.163,-0.73473977996133755
107.164,-0.73107742704464229
107.16500000000001,-0.72741544016423898
107.166,-0.72375382550295964
107.167,-0.7200925892215726
107.16800000000001,-0.71643173745885225
107.169,-0.71277127633167403
107.17,-0.70911121193506688
107.17100000000001,-0.70545155034230644
107.172,-0.70179229760499062
107.173,-0.6981334597530986
107.17400000000001,-0.69447504279509298
107.175,-0.69081705271798821
107.176,-0.68715949548741717
107.17699999999999,-0.68350237704773509
107.178,-0.67984570332207239
107.179,-0.67618948021244041
107.18000000000001,-0.67253371359979663
107.181,-0.66887840934412113
107.182,-0.66522357328451864
107.18299999999999,-0.66156921123928258
107.184,-0.6579153290059816
107.185,-0.65426193236154928
107.18600000000001,-0.65060902706235924
107.187,-0.64695661884431654
107.188,-0.64330471342293905
107.18899999999999,-0.63965331649343549
107.19,-0.63600243373080545
107.191,-0.63235207078991484
107.19200000000001,-0.62870223330557673
107.193,-0.62505292689265879
107.194,-0.62140415714614283
107.19499999999999,-0.61775592964123716
107.196,-0.61410824993345248
107.197,-0.61046112355868409
107.19800000000001,-0.60681455603331313
107.199,-0.60316855285429671
107.2,-0.5995231194992372
107.20099999999999,-0.59587826142649991
107.202,-0.59223398407527927
107.203,-0.58859029286570541
107.20399999999999,-0.58494719319893296
107.205,-0.58130469045721878
107.206,-0.57766279000403076
107.20699999999999,-0.57402149718414108
107.208,-0.57038081732369372
107.209,-0.56674075573032967
107.20999999999999,-0.56310131769325578
107.211,-0.55946250848335355
107.212,-0.55582433335326797
107.21299999999999,-0.55218679753749278
107.214,-0.54854990625248501
107.215,-0.54491366469674141
107.21599999999999,-0.54127807805090056
107.217,-0.53764315147784503
107.218,-0.53400889012278085
107.21899999999999,-0.5303752991133539
107.22,-0.52674238355973291
107.221,-0.52311014855470761
107.22199999999999,-0.51947859917379047
107.223,-0.51584774047531701
107.224,-0.51221757750052799
107.22499999999999,-0.50858811527369063
107.226,-0.5049593588021728
107.227,-0.50133131307656242
107.22799999999999,-0.49770398307075681
107.229,-0.49407737374205762
107.23,-0.4904514900312793
107.23099999999999,-0.48682633686285071
107.232,-0.48320191914489508
107.233,-0.47957824176936237
107.23399999999999,-0.47595530961209809
107.235,-0.47233312753296808
107.236,-0.46871170037594911
107.23699999999999,-0.46509103296922616
107.238,-0.46147113012530472
107.239,-0.45785199664110809
107.23999999999999,-0.4542336372980702
107.241,-0.45061605686226258
107.242,-0.44699926008446145
107.24299999999999,-0.44338325170028492
107.244,-0.43976803643028228
107.245,-0.4361536189800197
107.246,-0.43254000404021964
107.247,-0.42892719628683862
107.248,-0.42531520038116977
107.249,-0.42170402096996762
107.25,-0.41809366268553338
107.251,-0.4144841301458273
107.252,-0.41087542795457654
107.253,-0.40726756070136672
107.254,-0.4036605329617684
107.255,-0.4000543492974189
107.256,-0.39644901425614787
107.25700000000001,-0.39284453237207506
107.258,-0.38924090816570489
107.259,-0.38563814614405878
107.26000000000001,-0.38203625080075909
107.261,-0.37843522661613571
107.262,-0.37483507805735528
107.26300000000001,-0.37123580957849756
107.264,-0.36763742562068469
107.265,-0.36403993061218687
107.26600000000001,-0.36044332896850939
107.267,-0.35684762509252366
107.268,-0.35325282337456843
107.26900000000001,-0.34965892819254396
107.27,-0.3460659439120426
107.271,-0.34247387488643288
107.27200000000001,-0.33888272545698994
107.273,-0.33529249995299204
107.274,-0.33170320269182207
107.27500000000001,-0.32811483797909324
107.276,-0.32452741010874964
107.277,-0.32094092336316393
107.27800000000001,-0.31735538201327329
107.279,-0.31377079031865196
107.28,-0.31018715252765983
107.28100000000001,-0.30660447287752168
107.282,-0.30302275559444736
107.283,-0.29944200489374473
107.28400000000001,-0.29586222497992698
107.285,-0.29228342004681274
107.286,-0.28870559427765485
107.28700000000001,-0.28512875184523079
107.288,-0.28155289691196583
107.289,-0.27797803363004303
107.29000000000001,-0.27440416614149754
107.291,-0.27083129857834676
107.292,-0.26725943506269667
107.29300000000001,-0.2636885797068349
107.294,-0.26011873661336549
107.295,-0.25654990987530013
107.29600000000001,-0.25298210357618256
107.297,-0.24941532179019532
107.298,-0.2458495685822597
107.29900000000001,-0.24228484800816164
107.3,-0.23872116411465827
107.301,-0.235158520939583
107.30199999999999,-0.23159692251196362
107.303,-0.22803637285212441
107.304,-0.22447687597181076
107.30500000000001,-0.22091843587429216
107.306,-0.21736105655446702
107.307,-0.21380474199898436
107.30799999999999,-0.21024949618635769
107.309,-0.20669532308705629
107.31,-0.20314222666364667
107.31100000000001,-0.19959021087087114
107.312,-0.19603927965578904
107.313,-0.19248943695787069
107.31399999999999,-0.18894068670910591
107.315,-0.18539303283413089
107.316,-0.18184647925033248
107.31700000000001,-0.17830102986794727
107.318,-0.17475668859019788
107.319,-0.17121345931337717
107.31999999999999,-0.16767134592698429
107.321,-0.16413035231382511
107.322,-0.16059048235011208
107.32300000000001,-0.15705173990559995
107.324,-0.15351412884368343
107.325,-0.14997765302150312
107.32599999999999,-0.14644231629007143
107.327,-0.1429081224943709
107.328,-0.1393750754734755
107.32899999999999,-0.1358431790606629
107.33,-0.13231243708350826
107.331,-0.12878285336402007
107.33199999999999,-0.12525443171873785
107.333,-0.12172717595884008
107.334,-0.11820108989027123
107.33499999999999,-0.11467617731383184
107.336,-0.11115244202531138
107.337,-0.10762988781558769
107.33799999999999,-0.10410851847073221
107.339,-0.10058833777213771
107.34,-0.097069349496621049
107.34099999999999,-0.093551557416525322
107.342,-0.090034965299851555
107.343,-0.086519576910344398
107.34399999999999,-0.083005396007629351
107.345,-0.079492426347307132
107.346,-0.075980671681062262
107.34699999999999,-0.072470135756788068
107.348,-0.068960822318690385
107.349,-0.065452735107387028
107.34999999999999,-0.061945877860042797
107.351,-0.058440254310453854
107.352,-0.054935868189179615
107.35299999999999,-0.051432723223643562
107.354,-0.047930823138236489
107.355,-0.04443017165444374
107.35599999999999,-0.040930772490946454
107.357,-0.037432629363722159
107.358,-0.033935745986178656
107.35899999999999,-0.030440126069235962
107.36,-0.026945773321459976
107.361,-0.023452691449164398
107.36199999999999,-0.019960884156508207
107.363,-0.016470355145624005
107.364,-0.012981108116722817
107.36499999999999,-0.0094931467681897974
107.366,-0.0060064747967154553
107.367,-0.0025210958973835851
107.36799999999999,0.00096298623620039159
107.369,0.0044457679118095061
107.37,0.0079272454384946567
107.371,0.011407415126458265
107.372,0.0148862732869528
107.373,0.018363816232183527
107.374,0.021840040275175721
107.375,0.025314941729694729
107.376,0.028788516910109196
107.377,0.032260762131302911
107.378,0.035731673708563338
107.379,0.039201247957463048
107.38,0.042669481193766234
107.381,0.046136369733309035
107.38200000000001,0.049601909891896279
107.383,0.053066097985200456
107.384,0.056528930328642479
107.38500000000001,0.059990403237287993
107.386,0.063450513025753219
107.387,0.066909256008074625
107.38800000000001,0.070366628497624983
107.389,0.073822626806989478
107.39,0.077277247247864889
107.39100000000001,0.080730486130962564
107.392,0.084182339765886294
107.393,0.08763280446103261
107.39400000000001,0.091081876523494198
107.395,0.094529552258934002
107.396,0.097975827971503948
107.39700000000001,0.10142069996371705
107.398,0.10486416453635194
107.399,0.10830621798835294
107.40000000000001,0.11174685661671679
107.401,0.11518607671638481
107.402,0.11862387458015444
107.40300000000001,0.12206024649855096
107.404,0.12549518875975063
107.405,0.1289286976494497
107.40600000000001,0.13236076945077246
107.407,0.13579140044417959
107.408,0.13922058690733952
107.40900000000001,0.142648325115039
107.41,0.14607461133908806
107.411,0.14949944184819275
107.41200000000001,0.15292281290788057
107.413,0.1563447207803732
107.414,0.15976516172449351
107.41500000000001,0.16318413199557513
107.416,0.16660162784533816
107.417,0.1700176455217961
107.41800000000001,0.17343218126916882
107.419,0.17684523132775154
107.42,0.1802567919338447
107.42100000000001,0.18366685931962401
107.422,0.18707542971305857
107.423,0.19048249933780892
107.42400000000001,0.19388806441311557
107.425,0.19729212115370065
107.426,0.20069466576968575
107.42699999999999,0.20409569446646114
107.428,0.2074952034446178
107.429,0.21089318889982112
107.43000000000001,0.21428964702272402
107.431,0.2176845739988762
107.432,0.22107796600860574
107.43299999999999,0.22446981922692832
107.434,0.22786012982346504
107.435,0.23124889396231096
107.43600000000001,0.23463610780197075
107.437,0.23802176749523829
107.438,0.2414058691891019
107.43899999999999,0.2447884090246657
107.44,0.24816938313702441
107.441,0.25154878765518451
107.44200000000001,0.25492661870196764
107.443,0.25830287239390315
107.444,0.26167754484114436
107.44499999999999,0.26505063214736202
107.446,0.26842213040965102
107.447,0.27179203571844601
107.44800000000001,0.27516034415741086
107.449,0.27852705180334469
107.45,0.28189215472610618
107.45099999999999,0.28525564898849165
107.452,0.28861753064616447
107.453,0.29197779574754557
107.45399999999999,0.2953364403337202
107.455,0.29869346043836376
107.456,0.30204885208762056
107.45699999999999,0.30540261130002633
107.458,0.30875473408642273
107.459,0.31210521644984301
107.45999999999999,0.31545405438544361
107.461,0.31880124388039488
107.462,0.32214678091379345
107.46299999999999,0.32549066145658223
107.464,0.32883288147144207
107.465,0.33217343691270873
107.46599999999999,0.33551232372629047
107.467,0.33884953784956062
107.468,0.34218507521128627
107.46899999999999,0.34551893173152215
107.47,0.34885110332152469
107.471,0.35218158588368076
107.47199999999999,0.35551037531139129
107.473,0.35883746748899781
107.474,0.36216285829169981
107.47499999999999,0.36548654358544952
107.476,0.36880851922688285
107.477,0.37212878106321656
107.47799999999999,0.37544732493216482
107.479,0.37876414666186786
107.48,0.38207924207078059
107.48099999999999,0.38539260696759925
107.482,0.38870423715118507
107.483,0.39201412841045413
107.48399999999999,0.39532227652432117
107.485,0.39862867726158835
107.486,0.40193332638087309
107.48699999999999,0.40523621963053058
107.488,0.40853735274855429
107.489,0.41183672146249828
107.48999999999999,0.41513432148940521
107.491,0.41843014853569893
107.492,0.42172419829713048
107.49299999999999,0.42501646645867019
107.494,0.42830694869443797
107.495,0.43159564066762801
107.496,0.43488253803040955
107.497,0.43816763642385559
107.498,0.44145093147787184
107.499,0.44473241881109304
107.5,0.4480120940308272
107.501,0.45128995273295769
107.502,0.45456599050186708
107.503,0.45784020291037364
107.504,0.46111258551962608
107.505,0.46438313387905117
107.506,0.46765184352625555
107.50700000000001,0.47091870998695562
107.508,0.47418372877490911
107.509,0.47744689539181873
107.51000000000001,0.48070820532726799
107.511,0.48396765405865039
107.512,0.48722523705107523
107.51300000000001,0.49048094975731127
107.514,0.49373478761769696
107.515,0.49698674606006632
107.51600000000001,0.50023682049969165
107.517,0.50348500633918492
107.518,0.50673129896843649
107.51900000000001,0.50997569376454877
107.52,0.51321818609174308
107.521,0.51645877130130802
107.52200000000001,0.51969744473151058
107.523,0.52293420170752936
107.524,0.52616903754139366
107.52500000000001,0.52940194753189385
107.526,0.53263292696451803
107.527,0.53586197111139167
107.52800000000001,0.5390890752311861
107.529,0.54231423456907368
107.53,0.54553744435663298
107.53100000000001,0.54875869981179815
107.532,0.55197799613878562
107.533,0.55519532852802045
107.53400000000001,0.55841069215606942
107.535,0.56162408218558602
107.536,0.56483549376522069
107.53700000000001,0.56804492202958046
107.538,0.57125236209913699
107.539,0.57445780908017419
107.54000000000001,0.57766125806472934
107.541,0.58086270413050811
107.542,0.5840621423408352
107.54300000000001,0.58725956774459065
107.544,0.59045497537613079
107.545,0.59364836025524603
107.54600000000001,0.59683971738707675
107.547,0.6000290417620604
107.548,0.60321632835587646
107.54900000000001,0.60640157212937007
107.55,0.60958476802849448
107.551,0.61276591098426203
107.55199999999999,0.61594499591266327
107.553,0.61912201771462594
107.554,0.62229697127593919
107.55500000000001,0.62546985146720169
107.556,0.62864065314376827
107.557,0.63180937114567759
107.55799999999999,0.63497600029760171
107.559,0.63814053540879456
107.56,0.64130297127301672
107.56100000000001,0.64446330266850138
107.562,0.64762152435787668
107.563,0.65077763108811848
107.56399999999999,0.65393161759050278
107.565,0.65708347858053529
107.566,0.66023320875790215
107.56700000000001,0.66338080280642708
107.568,0.66652625539399502
107.569,0.66966956117252263
107.56999999999999,0.67281071477788523
107.571,0.67594971082987343
107.572,0.67908654393214574
107.57300000000001,0.68222120867216507
107.574,0.68535369962115389
107.575,0.6884840113340478
107.57599999999999,0.69161213834943325
107.577,0.69473807518951192
107.578,0.69786181636003863
107.57899999999999,0.7009833563502742
107.58,0.70410268963295042
107.581,0.70721981066420292
107.58199999999999,0.71033471388353131
107.583,0.71344739371376042
107.584,0.71655784456097738
107.58499999999999,0.71966606081450002
107.586,0.72277203684682034
107.587,0.72587576701356038
107.58799999999999,0.72897724565344135
107.589,0.73207646708821628
107.59,0.73517342562264076
107.59099999999999,0.73826811554443328
107.592,0.74136053112421219
107.593,0.74445066661547998
107.59399999999999,0.74753851625455769
107.595,0.75062407426055333
107.596,0.75370733483532648
107.59699999999999,0.75678829216343557
107.598,0.75986694041210046
107.599,0.76294327373117665
107.59999999999999,0.76601728625309029
107.601,0.76908897209282867
107.602,0.77215832534787565
107.60299999999999,0.77522534009818711
107.604,0.7782900104061593
107.605,0.7813523303165758
107.60599999999999,0.7844122938565804
107.607,0.7874698950356489
107.608,0.79052512784553375
107.60899999999999,0.79357798626025156
107.61,0.79662846423602973
107.611,0.79967655571128182
107.61199999999999,0.80272225460657953
107.613,0.80576555482460599
107.614,0.80880645025012909
107.61499999999999,0.81184493474998132
107.616,0.81488100217300519
107.617,0.81791464635004585
107.61799999999999,0.82094586109390422
107.619,0.82397464019930911
107.62,0.82700097744290102
107.621,0.83002486658318664
107.622,0.83304630136051527
107.623,0.83606527549706278
107.624,0.83908178269678135
107.625,0.84209581664539923
107.626,0.84510737101036981
107.627,0.84811643944085857
107.628,0.85112301556772418
107.629,0.85412709300347212
107.63,0.85712866534225585
107.631,0.86012772615983413
107.63200000000001,0.86312426901355077
107.633,0.86611828744232733
107.634,0.86910977496661646
107.63500000000001,0.87209872508839648
107.636,0.87508513129115328
107.637,0.87806898703983982
107.63800000000001,0.88105028578088163
107.639,0.88402902094213587
107.64,0.88700518593288102
107.64100000000001,0.88997877414380488
107.642,0.89294977894697281
107.643,0.89591819369581538
107.64400000000001,0.89888401172512411
107.645,0.90184722635100856
107.646,0.90480783087091099
107.64700000000001,0.90776581856356442
107.648,0.91072118268899183
107.649,0.91367391648849405
107.65000000000001,0.9166240131846255
107.651,0.91957146598118567
107.652,0.92251626806321307
107.65300000000001,0.92545841259696193
107.654,0.92839789272989992
107.655,0.93133470159068932
107.65600000000001,0.93426883228917845
107.657,0.93720027791640259
107.658,0.94012903154455474
107.65900000000001,0.94305508622699097
107.66,0.94597843499822254
107.661,0.94889907087389591
107.66200000000001,0.95181698685080174
107.663,0.95473217590685533
107.664,0.95764463100109143
107.66500000000001,0.96055434507367199
107.666,0.9634613110458623
107.667,0.96636552182003732
107.66800000000001,0.96926697027968134
107.669,0.9721656492893701
107.67,0.97506155169478714
107.67100000000001,0.97795467032270267
107.672,0.98084499798098157
107.673,0.98373252745858852
107.67400000000001,0.98661725152557167
107.675,0.98949916293307094
107.676,0.99237825441332705
107.67699999999999,0.99525451867966186
107.678,0.99812794842650421
107.679,1.0009985363293716
107.68000000000001,1.0038662750448799
107.681,1.0067311572107582
107.682,1.0095931754458327
107.68299999999999,1.0124523223500419
107.684,1.0153085905044472
107.685,1.0181619724712236
107.68600000000001,1.0210124607936835
107.687,1.0238600479962661
107.688,1.0267047265845517
107.68899999999999,1.0295464890452801
107.69,1.0323853278463406
107.691,1.0352212354367893
107.69200000000001,1.0380542042468668
107.693,1.0408842266879907
107.694,1.0437112951527867
107.69499999999999,1.0465354020150819
107.696,1.0493565396299223
107.697,1.0521747003335959
107.69800000000001,1.0549898764436292
107.699,1.0578020602588076
107.7,1.0606112440591986
107.70099999999999,1.0634174201061477
107.702,1.0662205806423137
107.703,1.069020717891668
107.70399999999999,1.071817824059518
107.705,1.0746118913325313
107.706,1.0774029118787394
107.70699999999999,1.0801908778475611
107.708,1.0829757813698322
107.709,1.0857576145578032
107.70999999999999,1.0885363695051837
107.711,1.0913120382871404
107.712,1.0940846129603323
107.71299999999999,1.0968540855629314
107.714,1.0996204481146381
107.715,1.1023836926167048
107.71599999999999,1.1051438110519727
107.717,1.1079007953848743
107.718,1.1106546375614788
107.71899999999999,1.1134053295095001
107.72,1.1161528631383308
107.721,1.1188972303390745
107.72199999999999,1.1216384229845593
107.723,1.1243764329293713
107.724,1.1271112520098905
107.72499999999999,1.1298428720443034
107.726,1.1325712848326503
107.727,1.1352964821568383
107.72799999999999,1.1380184557806805
107.729,1.1407371974499332
107.73,1.143452698892311
107.73099999999999,1.1461649518175305
107.732,1.1488739479173471
107.733,1.1515796788655717
107.73399999999999,1.1542821363181262
107.735,1.1569813119130574
107.736,1.1596771972705842
107.73699999999999,1.1623697839931351
107.738,1.1650590636653757
107.739,1.1677450278542465
107.73999999999999,1.1704276681090144
107.741,1.1731069759612889
107.742,1.1757829429250808
107.74299999999999,1.1784555604968261
107.744,1.1811248201554343
107.745,1.1837907133623309
107.746,1.1864532315614895
107.747,1.1891123661794776
107.748,1.1917681086255061
107.749,1.1944204502914562
107.75,1.1970693825519416
107.751,1.1997148967643374
107.752,1.2023569842688262
107.753,1.204995636388458
107.754,1.2076308444291741
107.755,1.2102625996798733
107.756,1.2128908934124438
107.75700000000001,1.2155157168818158
107.758,1.2181370613260185
107.759,1.2207549179662129
107.76000000000001,1.2233692780067493
107.761,1.225980132635224
107.762,1.2285874730225124
107.76300000000001,1.2311912903228395
107.764,1.2337915756738163
107.765,1.2363883201964965
107.76600000000001,1.238981514995438
107.767,1.2415711511587417
107.768,1.2441572197581121
107.76900000000001,1.2467397118489203
107.77,1.2493186184702418
107.771,1.2518939306449286
107.77200000000001,1.2544656393796547
107.773,1.2570337356649739
107.774,1.2595982104753887
107.77500000000001,1.2621590547693919
107.776,1.2647162594895334
107.777,1.2672698155624857
107.77800000000001,1.2698197138990883
107.779,1.2723659453944256
107.78,1.2749085009278709
107.78100000000001,1.2774473713631596
107.782,1.2799825475484503
107.783,1.2825140203163818
107.78400000000001,1.2850417804841376
107.785,1.2875658188535197
107.786,1.2900861262109951
107.78700000000001,1.2926026933277814
107.788,1.2951155109598931
107.789,1.2976245698482187
107.79000000000001,1.30012986071859
107.791,1.3026313742818409
107.792,1.3051291012338757
107.79300000000001,1.3076230322557509
107.794,1.3101131580137242
107.795,1.3125994691593423
107.79600000000001,1.3150819563294998
107.797,1.31756061014651
107.798,1.3200354212181886
107.79900000000001,1.3225063801379093
107.8,1.3249734774846842
107.801,1.3274367038232424
107.80199999999999,1.3298960497040904
107.803,1.3323515056636008
107.804,1.3348030622240745
107.80500000000001,1.3372507098938213
107.806,1.339694439167243
107.807,1.3421342405248957
107.80799999999999,1.3445701044335749
107.809,1.3470020213463989
107.81,1.3494299817028717
107.81100000000001,1.3518539759289787
107.812,1.3542739944372526
107.813,1.3566900276268583
107.81399999999999,1.3591020658836788
107.815,1.3615100995803875
107.816,1.36391411907653
107.81700000000001,1.3663141147186186
107.818,1.3687100768401963
107.819,1.3711019957619393
107.81999999999999,1.3734898617917231
107.821,1.375873665224717
107.822,1.3782533963434727
107.82300000000001,1.3806290454179966
107.824,1.3830006027058455
107.825,1.3853680584522159
107.82599999999999,1.3877314028900187
107.827,1.3900906262399815
107.828,1.3924457187107251
107.82899999999999,1.3947966704988559
107.83,1.3971434717890634
107.831,1.3994861127541955
107.83199999999999,1.4018245835553578
107.833,1.4041588743420077
107.834,1.4064889752520346
107.83499999999999,1.4088148764118658
107.836,1.4111365679365462
107.837,1.413454039929837
107.83799999999999,1.4157672824843157
107.839,1.4180762856814577
107.84,1.4203810395917378
107.84099999999999,1.422681534274731
107.842,1.4249777597791942
107.843,1.4272697061431785
107.84399999999999,1.4295573633941123
107.845,1.4318407215489053
107.846,1.4341197706140509
107.84699999999999,1.4363945005857135
107.848,1.4386649014498336
107.849,1.4409309631822338
107.84999999999999,1.4431926757487019
107.851,1.4454500291051133
107.852,1.4477030131975108
107.85299999999999,1.4499516179622178
107.854,1.4521958333259435
107.855,1.454435649205875
107.85599999999999,1.4566710555097848
107.857,1.4589020421361429
107.858,1.4611285989742033
107.85899999999999,1.4633507159041292
107.86,1.4655683827970798
107.861,1.4677815895153241
107.86199999999999,1.4699903259123546
107.863,1.4721945818329782
107.864,1.4743943471134329
107.86499999999999,1.4765896115814985
107.866,1.4787803650565934
107.867,1.4809665973498984
107.86799999999999,1.4831482982644504
107.869,1.4853254575952599
107.87,1.4874980651294274
107.871,1.4896661106462394
107.872,1.4918295839172893
107.873,1.4939884747065908
107.874,1.4961427727706809
107.875,1.4982924678587435
107.876,1.500437549712712
107.877,1.5025780080673881
107.878,1.5047138326505607
107.879,1.5068450131831068
107.88,1.5089715393791236
107.881,1.51109340094603
107.88200000000001,1.5132105875846862
107.883,1.5153230889895182
107.884,1.5174308948486226
107.88500000000001,1.5195339948438895
107.886,1.5216323786511261
107.887,1.523726035940161
107.88800000000001,1.5258149563749801
107.889,1.5278991296138296
107.89,1.5299785453093442
107.89100000000001,1.5320531931086707
107.892,1.5341230626535787
107.893,1.5361881435805864
107.89400000000001,1.5382484255210893
107.895,1.5403038981014661
107.896,1.5423545509432179
107.89700000000001,1.5444003736630789
107.898,1.5464413558731429
107.899,1.5484774871809945
107.90000000000001,1.5505087571898213
107.901,1.5525351554985432
107.902,1.5545566717019448
107.90300000000001,1.5565732953907871
107.904,1.5585850161519466
107.905,1.5605918235685317
107.90600000000001,1.5625937072200122
107.907,1.564590656682354
107.908,1.5665826615281337
107.90900000000001,1.5685697113266739
107.91,1.5705517956441761
107.911,1.5725289040438371
107.91200000000001,1.5745010260859922
107.913,1.5764681513282337
107.914,1.5784302693255434
107.91500000000001,1.5803873696304325
107.916,1.5823394417930583
107.917,1.584286475361363
107.91800000000001,1.5862284598812084
107.919,1.5881653848964985
107.92,1.5900972399493234
107.92100000000001,1.5920240145800821
107.922,1.5939456983276197
107.923,1.5958622807293652
107.92400000000001,1.5977737513214589
107.925,1.5996800996388867
107.926,1.6015813152156249
107.92699999999999,1.603477387584761
107.928,1.6053683062786428
107.929,1.6072540608290036
107.93000000000001,1.6091346407671019
107.931,1.6110100356238644
107.932,1.6128802349300138
107.93299999999999,1.6147452282162083
107.934,1.6166050050131875
107.935,1.618459554851897
107.93600000000001,1.6203088672636414
107.937,1.6221529317802093
107.938,1.6239917379340203
107.93899999999999,1.6258252752582687
107.94,1.6276535332870514
107.941,1.6294765015555157
107.94200000000001,1.6312941696000038
107.943,1.6331065269581819
107.944,1.6349135631691958
107.94499999999999,1.6367152677737991
107.946,1.6385116303145009
107.947,1.6403026403357146
107.94800000000001,1.6420882873838882
107.949,1.6438685610076533
107.95,1.6456434507579729
107.95099999999999,1.6474129461882747
107.952,1.6491770368546061
107.953,1.6509357123157682
107.95399999999999,1.6526889621334651
107.955,1.6544367758724532
107.956,1.6561791431006767
107.95699999999999,1.6579160533894188
107.958,1.6596474963134502
107.959,1.6613734614511666
107.95999999999999,1.6630939383847452
107.961,1.6648089167002813
107.962,1.6665183859879409
107.96299999999999,1.6682223358421111
107.964,1.6699207558615388
107.965,1.6716136356494826
107.96599999999999,1.6733009648138675
107.967,1.6749827329674196
107.968,1.6766589297278283
107.96899999999999,1.6783295447178848
107.97,1.6799945675656365
107.971,1.6816539879045378
107.97199999999999,1.6833077953735947
107.973,1.6849559796175162
107.974,1.68659853028687
107.97499999999999,1.6882354370382238
107.976,1.689866689534306
107.977,1.6914922774441463
107.97799999999999,1.6931121904432329
107.979,1.6947264182136668
107.98,1.6963349504443053
107.98099999999999,1.697937776830919
107.982,1.6995348870763463
107.983,1.7011262708906374
107.98399999999999,1.7027119179912185
107.985,1.7042918181030324
107.986,1.7058659609586992
107.98699999999999,1.7074343362986706
107.988,1.7089969338713769
107.989,1.7105537434333837
107.98999999999999,1.7121047547495518
107.991,1.7136499575931792
107.992,1.7151893417461681
107.99299999999999,1.7167228969991688
107.994,1.7182506131517399
107.995,1.7197724800125052
107.996,1.7212884873993037
107.997,1.722798625139345
107.998,1.7243028830693725
107.999,1.7258012510358072
108,1.727293718894916
108.001,1.7287802765129565
108.002,1.7302609137663385
108.003,1.7317356205417844
108.004,1.7332043867364755
108.005,1.734667202258221
108.006,1.7361240570256025
108.00700000000001,1.7375749409681389
108.008,1.7390198440264439
108.009,1.7404587561523783
108.01000000000001,1.7418916673092102
108.011,1.7433185674717744
108.012,1.7447394466266259
108.01300000000001,1.7461542947722042
108.014,1.7475631019189826
108.015,1.7489658580896328
108.01600000000001,1.7503625533191842
108.017,1.7517531776551758
108.018,1.7531377211578199
108.01900000000001,1.7545161739001609
108.02,1.75588852596823
108.021,1.7572547674612093
108.02200000000001,1.7586148884915873
108.023,1.7599688791853163
108.024,1.7613167296819792
108.02500000000001,1.7626584301349404
108.026,1.7639939707115075
108.027,1.7653233415930971
108.02800000000001,1.7666465329753833
108.029,1.7679635350684684
108.03,1.7692743380970344
108.03100000000001,1.7705789323005057
108.032,1.7718773079332133
108.033,1.7731694552645472
108.03400000000001,1.7744553645791197
108.035,1.7757350261769309
108.036,1.7770084303735179
108.03700000000001,1.7782755675001267
108.038,1.779536427903863
108.039,1.7807910019478577
108.04000000000001,1.7820392800114284
108.041,1.7832812524902353
108.042,1.7845169097964433
108.04300000000001,1.7857462423588877
108.044,1.7869692406232254
108.045,1.7881858950521063
108.04600000000001,1.7893961961253231
108.047,1.7906001343399789
108.048,1.7917977002106487
108.04900000000001,1.7929888842695358
108.05,1.7941736770666328
108.051,1.7953520691698879
108.05199999999999,1.7965240511653584
108.053,1.7976896136573779
108.054,1.7988487472687125
108.05500000000001,1.8000014426407225
108.056,1.8011476904335264
108.057,1.8022874813261578
108.05799999999999,1.8034208060167265
108.059,1.8045476552225841
108.06,1.8056680196804769
108.06100000000001,1.8067818901467148
108.062,1.8078892573973246
108.063,1.8089901122282157
108.06399999999999,1.8100844454553409
108.065,1.8111722479148522
108.066,1.8122535104632662
108.06700000000001,1.8133282239776236
108.068,1.8143963793556475
108.069,1.8154579675159079
108.06999999999999,1.8165129793979768
108.071,1.8175614059625935
108.072,1.8186032381918229
108.07300000000001,1.8196384670892145
108.074,1.820667083679963
108.075,1.8216890790110736
108.07599999999999,1.8227044441515114
108.077,1.8237131701923739
108.078,1.8247152482470399
108.07899999999999,1.8257106694513348
108.08,1.8266994249636928
108.081,1.8276815059653095
108.08199999999999,1.8286569036603058
108.083,1.8296256092758894
108.084,1.8305876140625077
108.08499999999999,1.8315429092940152
108.086,1.8324914862678248
108.087,1.8334333363050703
108.08799999999999,1.8343684507507694
108.089,1.8352968209739737
108.09,1.8362184383679347
108.09099999999999,1.8371332943502601
108.092,1.83804138036307
108.093,1.8389426878731598
108.09399999999999,1.8398372083721546
108.095,1.8407249333766666
108.096,1.8416058544284588
108.09699999999999,1.8424799630945956
108.098,1.8433472509676041
108.099,1.8442077096656331
108.09999999999999,1.8450613308326054
108.101,1.8459081061383809
108.102,1.846748027278909
108.10299999999999,1.8475810859763864
108.104,1.8484072739794171
108.105,1.8492265830631636
108.10599999999999,1.8500390050295059
108.107,1.8508445317072013
108.108,1.8516431549520318
108.10899999999999,1.8524348666469685
108.11,1.8532196587023213
108.111,1.8539975230558963
108.11199999999999,1.8547684516731537
108.113,1.8555324365473576
108.114,1.8562894696997343
108.11499999999999,1.8570395431796274
108.116,1.8577826490646476
108.117,1.8585187794608347
108.11799999999999,1.8592479265028035
108.119,1.8599700823539016
108.12,1.8606852392063644
108.121,1.861393389281464
108.122,1.8620945248296659
108.123,1.8627886381307808
108.124,1.863475721494116
108.125,1.8641557672586304
108.126,1.8648287677930839
108.127,1.8654947154961889
108.128,1.8661536027967678
108.129,1.8668054221538948
108.13,1.8674501660570566
108.131,1.8680878270262964
108.13200000000001,1.8687183976123669
108.133,1.8693418703968827
108.134,1.8699582379924657
108.13500000000001,1.8705674930429002
108.136,1.8711696282232781
108.137,1.8717646362401503
108.13800000000001,1.8723525098316758
108.139,1.8729332417677687
108.14,1.8735068248502476
108.14100000000001,1.8740732519129857
108.142,1.8746325158220545
108.143,1.8751846094758735
108.14400000000001,1.875729525805359
108.145,1.8762672577740669
108.146,1.8767977983783444
108.14700000000001,1.8773211406474715
108.148,1.8778372776438088
108.149,1.8783462024629449
108.15000000000001,1.8788479082338394
108.151,1.8793423881189677
108.152,1.8798296353144683
108.15300000000001,1.8803096430502828
108.154,1.8807824045903059
108.155,1.8812479132325219
108.15600000000001,1.8817061623091542
108.157,1.8821571451868051
108.158,1.8826008552665987
108.15900000000001,1.8830372859843232
108.16,1.8834664308105753
108.161,1.8838882832508956
108.16200000000001,1.884302836845918
108.163,1.8847100851715035
108.164,1.8851100218388832
108.16500000000001,1.8855026404948019
108.166,1.8858879348216506
108.167,1.8862658985376113
108.16800000000001,1.8866365253967952
108.169,1.8869998091893796
108.17,1.8873557437417461
108.17100000000001,1.8877043229166217
108.172,1.8880455406132111
108.173,1.8883793907673374
108.17400000000001,1.8887058673515782
108.175,1.8890249643754002
108.176,1.8893366758852967
108.17699999999999,1.8896409959649223
108.178,1.8899379187352274
108.179,1.8902274383545932
108.18000000000001,1.8905095490189674
108.181,1.8907842449619945
108.182,1.8910515204551517
108.18299999999999,1.8913113698078814
108.184,1.8915637873677236
108.185,1.8918087675204467
108.18600000000001,1.8920463046901805
108.187,1.8922763933395472
108.188,1.8924990279697913
108.18899999999999,1.8927142031209108
108.19,1.8929219133717858
108.191,1.8931221533403086
108.19200000000001,1.8933149176835142
108.193,1.8935002010977042
108.194,1.8936779983185807
108.19499999999999,1.8938483041213694
108.196,1.8940111133209467
108.197,1.8941664207719711
108.19800000000001,1.8943142213690025
108.199,1.894454510046633
108.2,1.8945872817796094
108.20099999999999,1.89471253158296
108.202,1.8948302545121165
108.203,1.8949404456630388
108.20399999999999,1.8950431001723387
108.205,1.8951382132174019
108.206,1.8952257800165111
108.20699999999999,1.8953057958289659
108.208,1.8953782559552068
108.209,1.8954431557369329
108.20999999999999,1.8955004905572255
108.211,1.8955502558406641
108.212,1.8955924470534482
108.21299999999999,1.8956270597035172
108.214,1.8956540893406639
108.215,1.8956735315566566
108.21599999999999,1.8956853819853545
108.217,1.8956896363028242
108.218,1.8956862902274572
108.21899999999999,1.8956753395200827
108.22,1.8956567799840858
108.221,1.8956306074655198
108.22199999999999,1.895596817853221
108.223,1.8955554070789224
108.224,1.8955063711173668
108.22499999999999,1.8954497059864166
108.226,1.8953854077471697
108.227,1.8953134725040668
108.22799999999999,1.8952338964050066
108.229,1.8951466756414506
108.23,1.8950518064485367
108.23099999999999,1.894949285105187
108.232,1.8948391079342151
108.233,1.8947212713024357
108.23399999999999,1.8945957716207722
108.235,1.8944626053443612
108.236,1.8943217689726604
108.23699999999999,1.8941732590495539
108.238,1.8940170721634573
108.239,1.8938532049474222
108.23999999999999,1.8936816540792392
108.241,1.8935024162815426
108.242,1.8933154883219119
108.24299999999999,1.8931208670129749
108.244,1.892918549212508
108.245,1.8927085318235384
108.246,1.8924908117944439
108.247,1.8922653861190522
108.248,1.8920322518367412
108.249,1.8917914060325358
108.25,1.8915428458372074
108.251,1.8912865684273701
108.252,1.8910225710255788
108.253,1.8907508509004241
108.254,1.8904714053666272
108.255,1.8901842317851369
108.256,1.8898893275632223
108.25700000000001,1.8895866901545662
108.258,1.8892763170593592
108.259,1.888958205824391
108.26000000000001,1.8886323540431442
108.261,1.8882987593558809
108.262,1.8879574194497397
108.26300000000001,1.8876083320588195
108.264,1.8872514949642731
108.265,1.8868869059943927
108.26600000000001,1.8865145630246993
108.267,1.8861344639780309
108.268,1.8857466068246267
108.26900000000001,1.885350989582216
108.27,1.8849476103161007
108.271,1.8845364671392426
108.27200000000001,1.8841175582123455
108.273,1.8836908817439406
108.274,1.8832564359904669
108.27500000000001,1.8828142192563548
108.276,1.8823642298941088
108.277,1.8819064663043847
108.27800000000001,1.8814409269360732
108.279,1.8809676102863773
108.28,1.8804865149008925
108.28100000000001,1.8799976393736841
108.282,1.8795009823473647
108.283,1.8789965425131714
108.28400000000001,1.8784843186110414
108.285,1.8779643094296876
108.286,1.8774365138066749
108.28700000000001,1.8769009306284903
108.288,1.8763575588306229
108.289,1.8758063973976291
108.29000000000001,1.8752474453632098
108.291,1.8746807018102805
108.292,1.8741061658710414
108.29300000000001,1.8735238367270484
108.294,1.872933713609281
108.295,1.8723357957982119
108.29600000000001,1.8717300826238752
108.297,1.8711165734659343
108.298,1.8704952677537445
108.29900000000001,1.869866164966425
108.3,1.8692292646329192
108.301,1.8685845663320606
108.30199999999999,1.8679320696926385
108.303,1.867271774393457
108.304,1.8666036801634012
108.30500000000001,1.8659277867814985
108.306,1.8652440940769757
108.307,1.8645526019293239
108.30799999999999,1.863853310268357
108.309,1.8631462190742665
108.31,1.862431328377687
108.31100000000001,1.8617086382597456
108.312,1.8609781488521249
108.313,1.8602398603371169
108.31399999999999,1.8594937729476755
108.315,1.8587398869674752
108.316,1.8579782027309639
108.31700000000001,1.8572087206234136
108.318,1.8564314410809761
108.319,1.8556463645907313
108.31999999999999,1.8548534916907429
108.321,1.8540528229701032
108.322,1.8532443590689862
108.32300000000001,1.8524281006786958
108.324,1.8516040485417129
108.325,1.8507722034517431
108.32599999999999,1.8499325662537649
108.327,1.849085137844072
108.328,1.8482299191703222
108.32899999999999,1.8473669112315809
108.33,1.8464961150783625
108.331,1.8456175318126764
108.33199999999999,1.8447311625880682
108.333,1.8438370086096589
108.334,1.8429350711341907
108.33499999999999,1.8420253514700611
108.336,1.8411078509773668
108.337,1.8401825710679416
108.33799999999999,1.8392495132053901
108.339,1.8383086789051311
108.34,1.8373600697344301
108.34099999999999,1.8364036873124328
108.342,1.835439533310208
108.343,1.8344676094507704
108.34399999999999,1.8334879175091254
108.345,1.8325004593122949
108.346,1.8315052367393481
108.34699999999999,1.8305022517214384
108.348,1.8294915062418309
108.349,1.828473002335929
108.34999999999999,1.8274467420913101
108.351,1.8264127276477462
108.352,1.8253709611972382
108.35299999999999,1.8243214449840386
108.354,1.823264181304677
108.355,1.8221991725079882
108.35599999999999,1.8211264209951366
108.357,1.8200459292196343
108.358,1.8189576996873726
108.35899999999999,1.8178617349566368
108.36,1.8167580376381325
108.361,1.8156466103950051
108.36199999999999,1.8145274559428564
108.363,1.8134005770497703
108.364,1.8122659765363267
108.36499999999999,1.8111236572756171
108.366,1.8099736221932712
108.367,1.8088158742674587
108.36799999999999,1.8076504165289193
108.369,1.8064772520609689
108.37,1.8052963839995142
108.371,1.8041078155330688
108.372,1.802911549902765
108.373,1.8017075904023616
108.374,1.8004959403782634
108.375,1.7992766032295195
108.376,1.7980495824078453
108.377,1.7968148814176237
108.378,1.795572503815912
108.379,1.7943224532124569
108.38,1.7930647332696907
108.381,1.7917993477027465
108.38200000000001,1.790526300279458
108.383,1.789245594820364
108.384,1.7879572351987141
108.38500000000001,1.7866612253404701
108.386,1.7853575692243056
108.387,1.7840462708816136
108.38800000000001,1.7827273343964993
108.389,1.7814007639057863
108.39,1.7800665635990143
108.39100000000001,1.7787247377184314
108.392,1.777375290559001
108.393,1.7760182264683939
108.39400000000001,1.7746535498469782
108.395,1.7732812651478302
108.396,1.7719013768767105
108.39700000000001,1.7705138895920742
108.398,1.7691188079050535
108.399,1.7677161364794516
108.40000000000001,1.7663058800317382
108.401,1.7648880433310385
108.402,1.7634626311991206
108.40300000000001,1.762029648510389
108.404,1.7605891001918694
108.405,1.7591409912232001
108.40600000000001,1.7576853266366181
108.407,1.7562221115169419
108.408,1.7547513510015629
108.40900000000001,1.7532730502804288
108.41,1.751787214596022
108.411,1.7502938492433529
108.41200000000001,1.7487929595699323
108.413,1.7472845509757617
108.414,1.7457686289133143
108.41500000000001,1.7442451988875045
108.416,1.7427142664556827
108.417,1.7411758372276069
108.41800000000001,1.7396299168654159
108.419,1.7380765110836209
108.42,1.7365156256490666
108.42100000000001,1.7349472663809193
108.422,1.7333714391506385
108.423,1.7317881498819461
108.42400000000001,1.7301974045508095
108.425,1.7285992091854121
108.426,1.7269935698661183
108.42699999999999,1.7253804927254577
108.428,1.7237599839480846
108.429,1.7221320497707568
108.43000000000001,1.7204966964823039
108.431,1.7188539304235888
108.432,1.7172037579874864
108.43299999999999,1.7155461856188459
108.434,1.7138812198144544
108.435,1.712208867123012
108.43600000000001,1.7105291341450866
108.437,1.7088420275330858
108.438,1.7071475539912226
108.43899999999999,1.7054457202754676
108.44,1.7037365331935237
108.441,1.7020199996047847
108.44200000000001,1.7002961264202885
108.443,1.6985649206026909
108.444,1.6968263891662116
108.44499999999999,1.6950805391766053
108.446,1.6933273777511153
108.447,1.6915669120584234
108.44800000000001,1.6897991493186213
108.449,1.6880240968031583
108.45,1.6862417618347945
108.45099999999999,1.6844521517875648
108.452,1.6826552740867209
108.453,1.680851136208698
108.45399999999999,1.6790397456810597
108.455,1.6772211100824481
108.456,1.6753952370425422
108.45699999999999,1.6735621342420064
108.458,1.6717218094124346
108.459,1.669874270336311
108.45999999999999,1.6680195248469445
108.461,1.6661575808284319
108.462,1.6642884462155962
108.46299999999999,1.6624121289939313
108.464,1.660528637199556
108.465,1.6586379789191565
108.46599999999999,1.6567401622899247
108.467,1.6548351954995131
108.468,1.6529230867859672
108.46899999999999,1.6510038444376787
108.47,1.6490774767933223
108.471,1.6471439922417914
108.47199999999999,1.6452033992221524
108.473,1.643255706223576
108.474,1.6413009217852719
108.47499999999999,1.6393390544964426
108.476,1.6373701129962046
108.477,1.6353941059735397
108.47799999999999,1.6334110421672259
108.479,1.6314209303657705
108.48,1.6294237794073521
108.48099999999999,1.6274195981797539
108.482,1.6254083956202916
108.483,1.6233901807157607
108.48399999999999,1.6213649625023518
108.485,1.6193327500655994
108.486,1.6172935525403078
108.48699999999999,1.6152473791104738
108.488,1.6131942390092313
108.489,1.6111341415187759
108.48999999999999,1.6090670959702866
108.491,1.6069931117438683
108.492,1.6049121982684669
108.49299999999999,1.6028243650218064
108.494,1.6007296215303135
108.495,1.5986279773690353
108.496,1.59651944216158
108.497,1.5944040255800331
108.498,1.5922817373448763
108.499,1.5901525872249269
108.5,1.5880165850372447
108.501,1.5858737406470673
108.502,1.5837240639677277
108.503,1.5815675649605692
108.504,1.5794042536348802
108.505,1.5772341400477989
108.506,1.5750572343042486
108.50700000000001,1.572873546556846
108.508,1.5706830870058204
108.509,1.5684858658989378
108.51000000000001,1.5662818935314171
108.511,1.5640711802458391
108.512,1.5618537364320741
108.51300000000001,1.5596295725271874
108.514,1.5573986990153637
108.515,1.5551611264278171
108.51600000000001,1.5529168653427012
108.517,1.5506659263850331
108.518,1.5484083202265984
108.51900000000001,1.5461440575858614
108.52,1.5438731492278881
108.521,1.5415956059642446
108.52200000000001,1.539311438652917
108.523,1.5370206581982231
108.524,1.5347232755507065
108.52500000000001,1.532419301707068
108.526,1.5301087477100606
108.527,1.5277916246483956
108.52800000000001,1.5254679436566636
108.529,1.5231377159152228
108.53,1.5208009526501254
108.53100000000001,1.5184576651330126
108.532,1.5161078646810151
108.533,1.5137515626566729
108.53400000000001,1.5113887704678304
108.535,1.5090194995675366
108.536,1.5066437614539621
108.53700000000001,1.504261567670286
108.538,1.5018729298046134
108.539,1.4994778594898688
108.54000000000001,1.4970763684036958
108.541,1.4946684682683657
108.542,1.4922541708506769
108.54300000000001,1.489833487961844
108.544,1.4874064314574154
108.545,1.4849730132371546
108.54600000000001,1.4825332452449536
108.547,1.4800871394687252
108.548,1.4776347079402925
108.54900000000001,1.4751759627353032
108.55,1.4727109159731142
108.551,1.4702395798166883
108.55199999999999,1.4677619664724983
108.553,1.4652780881904104
108.554,1.462787957263592
108.55500000000001,1.4602915860284005
108.556,1.4577889868642706
108.557,1.455280172193621
108.55799999999999,1.452765154481741
108.559,1.4502439462366783
108.56,1.4477165600091446
108.56100000000001,1.4451830083923911
108.562,1.4426433040221147
108.563,1.4400974595763436
108.56399999999999,1.4375454877753218
108.565,1.4349874013814101
108.566,1.432423213198972
108.56700000000001,1.4298529360742551
108.568,1.4272765828952971
108.569,1.4246941665917934
108.56999999999999,1.4221057001350061
108.571,1.4195111965376406
108.572,1.4169106688537287
108.57300000000001,1.4143041301785284
108.574,1.4116915936484038
108.575,1.4090730724407055
108.57599999999999,1.4064485797736712
108.577,1.4038181289062948
108.578,1.4011817331382241
108.57899999999999,1.3985394058096436
108.58,1.3958911603011483
108.581,1.3932370100336433
108.58199999999999,1.3905769684682192
108.583,1.3879110491060311
108.584,1.3852392654881949
108.58499999999999,1.3825616311956535
108.586,1.379878159849075
108.587,1.3771888651087256
108.58799999999999,1.3744937606743481
108.589,1.3717928602850544
108.59,1.3690861777191996
108.59099999999999,1.3663737267942564
108.592,1.3636555213667121
108.593,1.3609315753319287
108.59399999999999,1.3582019026240406
108.595,1.3554665172158249
108.596,1.352725433118575
108.59699999999999,1.3499786643819918
108.598,1.3472262250940585
108.599,1.344468129380906
108.59999999999999,1.3417043914067135
108.601,1.3389350253735619
108.602,1.3361600455213316
108.60299999999999,1.3333794661275689
108.604,1.3305933015073581
108.605,1.3278015660132105
108.60599999999999,1.325004274034935
108.607,1.322201439999505
108.608,1.3193930783709513
108.60899999999999,1.3165792036502193
108.61,1.3137598303750579
108.611,1.3109349731198912
108.61199999999999,1.3081046464956816
108.613,1.3052688651498223
108.614,1.3024276437660001
108.61499999999999,1.2995809970640653
108.616,1.2967289397999207
108.617,1.2938714867653733
108.61799999999999,1.2910086527880296
108.619,1.2881404527311555
108.62,1.2852669014935447
108.621,1.2823880140094048
108.622,1.2795038052482226
108.623,1.2766142902146262
108.624,1.2737194839482782
108.625,1.2708194015237224
108.626,1.2679140580502768
108.627,1.2650034686718943
108.628,1.2620876485670263
108.629,1.2591666129485124
108.63,1.2562403770634287
108.631,1.2533089561929778
108.63200000000001,1.2503723656523484
108.633,1.247430620790581
108.634,1.2444837369904489
108.63500000000001,1.2415317296683235
108.636,1.2385746142740341
108.637,1.235612406290755
108.63800000000001,1.2326451212348548
108.639,1.2296727746557825
108.64,1.226695382135927
108.64100000000001,1.223712959290481
108.642,1.220725521767323
108.643,1.2177330852468766
108.64400000000001,1.2147356654419728
108.645,1.211733278097735
108.646,1.2087259389914253
108.64700000000001,1.2057136639323316
108.648,1.2026964687616271
108.649,1.1996743693522285
108.65000000000001,1.1966473816086793
108.651,1.1936155214670108
108.652,1.190578804894598
108.65300000000001,1.1875372478900479
108.654,1.1844908664830425
108.655,1.1814396767342268
108.65600000000001,1.1783836947350645
108.657,1.1753229366076969
108.658,1.1722574185048278
108.65900000000001,1.1691871566095779
108.66,1.1661121671353456
108.661,1.1630324663256908
108.66200000000001,1.1599480704541794
108.663,1.1568589958242668
108.664,1.1537652587691585
108.66500000000001,1.1506668756516645
108.666,1.1475638628640836
108.667,1.144456236828058
108.66800000000001,1.1413440139944349
108.669,1.1382272108431466
108.67,1.135105843883055
108.67100000000001,1.1319799296518389
108.672,1.1288494847158486
108.673,1.1257145256699621
108.67400000000001,1.1225750691374679
108.675,1.1194311317699235
108.676,1.1162827302470086
108.67699999999999,1.113129881276413
108.678,1.1099726015936764
108.679,1.1068109079620754
108.68000000000001,1.1036448171724778
108.681,1.1004743460432009
108.682,1.0972995114198936
108.68299999999999,1.0941203301753901
108.684,1.0909368192095692
108.685,1.0877489954492372
108.68600000000001,1.0845568758479711
108.687,1.0813604773860037
108.688,1.0781598170700777
108.68899999999999,1.0749549119333053
108.69,1.0717457790350469
108.691,1.0685324354607697
108.69200000000001,1.0653148983219043
108.693,1.0620931847557269
108.694,1.0588673119252046
108.69499999999999,1.0556372970188774
108.696,1.0524031572507191
108.697,1.0491649098599876
108.69800000000001,1.0459225721111123
108.699,1.042676161293548
108.7,1.0394256947216329
108.70099999999999,1.0361711897344725
108.702,1.0329126636957833
108.703,1.0296501339937763
108.70399999999999,1.0263836180410162
108.705,1.0231131332742756
108.706,1.0198386971544204
108.70699999999999,1.0165603271662649
108.708,1.0132780408184283
108.709,1.0099918556432221
108.70999999999999,1.0067017891964927
108.711,1.0034078590575062
108.712,1.0001100828288059
108.71299999999999,0.99680847813607165
108.714,0.9935030626279997
108.715,0.99019385397616366
108.71599999999999,0.98688086987486989
108.717,0.98356412804104454
108.718,0.98024364621407767
108.71899999999999,0.97691944215570903
108.72,0.97359153364988782
108.721,0.97025993850262759
108.72199999999999,0.96692467454189324
108.723,0.96358575961745885
108.724,0.96024321160076609
108.72499999999999,0.95689704838480971
108.726,0.95354728788398468
108.727,0.95019394803397361
108.72799999999999,0.94683704679160152
108.729,0.94347660213470186
108.73,0.94011263206199536
108.73099999999999,0.93674515459295438
108.732,0.93337418776765679
108.733,0.9299997496466812
108.73399999999999,0.92662185831094679
108.735,0.92324053186160526
108.736,0.91985578841989879
108.73699999999999,0.91646764612702358
108.738,0.91307612314401154
108.739,0.90968123765159392
108.73999999999999,0.90628300785006344
108.741,0.90288145195916092
108.742,0.8994765882179212
108.74299999999999,0.89606843488456966
108.744,0.892657010236375
108.745,0.88924233256951735
108.746,0.88582442019897334
108.747,0.88240329145837804
108.748,0.87897896469988812
108.749,0.8755514582940731
108.75,0.87212079062976111
108.751,0.86868698011393386
108.752,0.86525004517158721
108.753,0.86181000424559639
108.754,0.8583668757966052
108.755,0.85492067830287788
108.756,0.85147143026019012
108.75700000000001,0.84801915018169483
108.758,0.84456385659778355
108.759,0.84110556805598047
108.76000000000001,0.83764430312080285
108.761,0.83418008037362945
108.762,0.83071291841259265
108.76300000000001,0.82724283585242886
108.764,0.82376985132437586
108.765,0.82029398347603455
108.76600000000001,0.81681525097123742
108.767,0.81333367248994082
108.768,0.80984926672809054
108.76900000000001,0.80636205239748826
108.77,0.80287204822568903
108.771,0.79937927295585132
108.77200000000001,0.79588374534663675
108.773,0.79238548417207533
108.774,0.78888450822143386
108.77500000000001,0.78538083629911104
108.776,0.78187448722450459
108.777,0.77836547983188165
108.77800000000001,0.77485383297027488
108.779,0.7713395655033386
108.78,0.76782269630924704
108.78100000000001,0.76430324428056373
108.782,0.76078122832411121
108.783,0.75725666736086883
108.78400000000001,0.75372958032584214
108.785,0.75019998616793349
108.786,0.74666790384984449
108.78700000000001,0.74313335234792921
108.788,0.7395963506520985
108.789,0.73605691776569104
108.79000000000001,0.73251507270534288
108.791,0.72897083450089073
108.792,0.72542422219524183
108.79300000000001,0.72187525484424797
108.794,0.71832395151660722
108.795,0.71477033129372491
108.79600000000001,0.71121441326961565
108.797,0.70765621655077815
108.798,0.7040957602560679
108.79900000000001,0.70053306351660338
108.8,0.6969681454756349
108.801,0.69340102528842529
108.80199999999999,0.68983172212215338
108.803,0.68626025515577393
108.804,0.68268664357992603
108.80500000000001,0.67911090659680939
108.806,0.67553306342005937
108.807,0.67195313327465345
108.80799999999999,0.66837113539678839
108.809,0.66478708903375661
108.81,0.6612010134438574
108.81100000000001,0.65761292789625758
108.812,0.65402285167090124
108.813,0.65043080405839204
108.81399999999999,0.6468368043598669
108.815,0.64324087188690826
108.816,0.63964302596142297
108.81700000000001,0.63604328591552073
108.818,0.63244167109142824
108.819,0.62883820084135156
108.81999999999999,0.62523289452739461
108.821,0.62162577152143239
108.822,0.61801685120500038
108.82300000000001,0.61440615296920109
108.824,0.61079369621458879
108.825,0.60717950035104895
108.82599999999999,0.60356358479771832
108.827,0.59994596898284969
108.828,0.59632667234372683
108.82899999999999,0.59270571432655128
108.83,0.58908311438632555
108.831,0.58545889198676671
108.83199999999999,0.58183306660019318
108.833,0.57820565770740795
108.834,0.57457668479762058
108.83499999999999,0.57094616736831383
108.836,0.5673141249251632
108.837,0.56368057698192753
108.83799999999999,0.56004554306033305
108.839,0.55640904268998947
108.84,0.5527710954082834
108.84099999999999,0.54913172076026173
108.842,0.54549093829855422
108.843,0.5418487675832484
108.84399999999999,0.53820522818181149
108.845,0.53456033966897953
108.846,0.53091412162664664
108.84699999999999,0.5272665936437877
108.848,0.5236177753163489
108.849,0.51996768624713918
108.84999999999999,0.51631634604575272
108.851,0.51266377432844901
108.852,0.50900999071807651
108.85299999999999,0.50535501484396317
108.854,0.50169886634181537
108.855,0.49804156485363493
108.85599999999999,0.49438313002762024
108.857,0.4907235815180544
108.858,0.48706293898523878
108.85899999999999,0.48340122209536762
108.86,0.47973845052045805
108.861,0.47607464393825039
108.86199999999999,0.47240982203209869
108.863,0.46874400449089904
108.864,0.46507721100899024
108.86499999999999,0.46140946128604909
108.866,0.45774077502702082
108.867,0.45407117194200297
108.86799999999999,0.45040067174617726
108.869,0.44672929415970741
108.87,0.4430570589076408
108.871,0.43938398571983805
108.872,0.43571009433087293
108.873,0.43203540447993349
108.874,0.42835993591075749
108.875,0.42468370837151714
108.876,0.42100674161475427
108.877,0.41732905539728149
108.878,0.41365066948009033
108.879,0.40997160362828233
108.88,0.40629187761095809
108.881,0.40261151120115568
108.88200000000001,0.3989305241757557
108.883,0.39524893631538349
108.884,0.39156676740434726
108.88500000000001,0.38788403723054321
108.886,0.38420076558536254
108.887,0.3805169722636299
108.88800000000001,0.37683267706349421
108.889,0.37314789978637042
108.89,0.36946266023684782
108.89100000000001,0.36577697822259636
108.892,0.36209087355430647
108.893,0.35840436604559955
108.89400000000001,0.35471747551293653
108.895,0.3510302217755592
108.896,0.34734262465538768
108.89700000000001,0.34365470397696285
108.898,0.3399664795673556
108.899,0.33627797125608239
108.90000000000001,0.33258919887504512
108.901,0.32890018225844342
108.902,0.32521094124268712
108.90300000000001,0.32152149566634636
108.904,0.31783186537004293
108.905,0.31414207019640372
108.90600000000001,0.31045212998997118
108.907,0.30676206459711941
108.908,0.30307189386600131
108.90900000000001,0.2993816376464602
108.91,0.29569131578995189
108.911,0.29200094814948874
108.91200000000001,0.28831055457954413
108.913,0.28462015493600279
108.914,0.2809297690760757
108.91500000000001,0.27723941685822151
108.916,0.27354911814209504
108.917,0.26985889278846442
108.91800000000001,0.26616876065913164
108.919,0.26247874161688722
108.92,0.25878885552541075
108.92100000000001,0.2550991222492287
108.922,0.25140956165363315
108.923,0.24772019360460296
108.92400000000001,0.24403103796875736
108.925,0.24034211461327937
108.926,0.2366534434058325
108.92699999999999,0.23296504421452791
108.928,0.22927693690781914
108.929,0.22558914135447017
108.93000000000001,0.22190167742347255
108.931,0.21821456498397351
108.932,0.21452782390523084
108.93299999999999,0.21084147405653808
108.934,0.20715553530715103
108.935,0.20347002752624554
108.93600000000001,0.1997849705828314
108.937,0.19610038434571231
108.938,0.19241628868340666
108.93899999999999,0.18873270346408577
108.94,0.18504964855552575
108.941,0.18136714382503927
108.94200000000001,0.177685209139403
108.943,0.17400386436482074
108.944,0.17032312936683769
108.94499999999999,0.16664302401030451
108.946,0.16296356815930602
108.947,0.15928478167709681
108.94800000000001,0.15560668442605596
108.949,0.15192929626762508
108.95,0.14825263706223857
108.95099999999999,0.14457672666929011
108.952,0.14090158494704785
108.953,0.13722723175262064
108.95399999999999,0.13355368694189762
108.955,0.1298809703694761
108.956,0.12620910188862644
108.95699999999999,0.12253810135123366
108.958,0.11886798860772485
108.959,0.11519878350704382
108.95999999999999,0.11153050589656832
108.961,0.10786317562208114
108.962,0.10419681252770419
108.96299999999999,0.10053143645584095
108.964,0.096867067247139671
108.965,0.093203724740433591
108.96599999999999,0.0895414287726779
108.967,0.085880199178923533
108.968,0.082220055792239899
108.96899999999999,0.078561018443686015
108.97,0.074903106962250998
108.971,0.071246341174795447
108.97199999999999,0.067590740906021018
108.973,0.063936325978412034
108.974,0.060283116212175969
108.97499999999999,0.056631131425220138
108.976,0.05298039143307598
108.977,0.049330916048873519
108.97799999999999,0.045682725083286968
108.979,0.042035838344476995
108.98,0.038390275638062743
108.98099999999999,0.034746056767066547
108.982,0.03110320153185997
108.983,0.027461729730138273
108.98399999999999,0.023821661156851359
108.985,0.020183015604181564
108.986,0.016545812861486597
108.98699999999999,0.012910072715251353
108.988,0.009275814949059713
108.989,0.0056430593435399246
108.98999999999999,0.0020118256763168585
108.991,-0.0016178662780121922
108.992,-0.0052459967479454583
108.99299999999999,-0.0088725459650935701
108.994,-0.012497494164233292
108.995,-0.016120821583358591
108.996,-0.019742508463701736
108.997,-0.023362535049782363
108.998,-0.02698088158946077
108.999,-0.030597528333953239
109,-0.034212455537898201
109.001,-0.03782564345937045
109.002,-0.041437072359948868
109.003,-0.04504672250471442
109.004,-0.048654574162337649
109.005,-0.052260607605088438
109.006,-0.055864803108861771
109.00700000000001,-0.059467140953249675
109.008,-0.063067601421556319
109.009,-0.066666164800844419
109.01000000000001,-0.070262811381949897
109.011,-0.073857521459554043
109.012,-0.077450275332200835
109.01300000000001,-0.081041053302316701
109.014,-0.084629835676280685
109.015,-0.088216602764440433
109.01600000000001,-0.091801334881133512
109.017,-0.095384012344752689
109.018,-0.098964615477768803
109.01900000000001,-0.10254312460674075
109.02,-0.10611952006238723
109.021,-0.10969378217960735
109.02200000000001,-0.11326589129748799
109.023,-0.11683582775937884
109.024,-0.12040357191289974
109.02500000000001,-0.12396910410998396
109.026,-0.12753240470688687
109.027,-0.13109345406425565
109.02800000000001,-0.13465223254714198
109.029,-0.13820872052501509
109.03,-0.14176289837182976
109.03100000000001,-0.14531474646604026
109.032,-0.14886424519061059
109.033,-0.15241137493308332
109.03400000000001,-0.15595611608559312
109.035,-0.15949844904487276
109.036,-0.16303835421232749
109.03700000000001,-0.1665758119940397
109.038,-0.17011080280078361
109.039,-0.17364330704809006
109.03999999999999,-0.17717330515625007
109.041,-0.18070077755035796
109.042,-0.18422570466031396
109.04300000000001,-0.18774806692088841
109.044,-0.19126784477173309
109.045,-0.1947850186573894
109.04599999999999,-0.19829956902735257
109.047,-0.20181147633608476
109.048,-0.20532072104301391
109.04900000000001,-0.20882728361261127
109.05,-0.21233114451438739
109.051,-0.21583228422290857
109.05199999999999,-0.21933068321785343
109.053,-0.22282632198402874
109.054,-0.22631918101136761
109.05500000000001,-0.22980924079500031
109.056,-0.23329648183525098
109.057,-0.23678088463767621
109.05799999999999,-0.24026242971306666
109.059,-0.24374109757750517
109.06,-0.24721686875237991
109.06100000000001,-0.25068972376438525
109.062,-0.2541596431455857
109.063,-0.25762660743341903
109.06399999999999,-0.26109059717070648
109.065,-0.26455159290570962
109.066,-0.26800957519213964
109.06700000000001,-0.27146452458915782
109.068,-0.27491642166143926
109.069,-0.27836524697917775
109.06999999999999,-0.28181098111809177
109.071,-0.28525360465947824
109.072,-0.28869309819022226
109.07300000000001,-0.29212944230281801
109.074,-0.29556261759537983
109.075,-0.29899260467169375
109.07599999999999,-0.30241938414122593
109.077,-0.30584293661912176
109.078,-0.30926324272627004
109.07900000000001,-0.31268028308930296
109.08,-0.31609403834060124
109.081,-0.31950448911835272
109.08199999999999,-0.32291161606655572
109.083,-0.32631539983502278
109.084,-0.32971582107943442
109.08500000000001,-0.33311286046134869
109.086,-0.3365064986482027
109.087,-0.33989671631336571
109.08799999999999,-0.34328349413614112
109.089,-0.34666681280179645
109.09,-0.3500466530015609
109.09099999999999,-0.35342299543268574
109.092,-0.35679582079843675
109.093,-0.36016510980811312
109.09399999999999,-0.36353084317708806
109.095,-0.36689300162682104
109.096,-0.37025156588485375
109.09699999999999,-0.37360651668487632
109.098,-0.37695783476671396
109.099,-0.38030550087634696
109.09999999999999,-0.3836494957659542
109.101,-0.38698980019391671
109.102,-0.39032639492482835
109.10299999999999,-0.39365926072954061
109.104,-0.39698837838516488
109.105,-0.40031372867510129
109.10599999999999,-0.40363529238904006
109.107,-0.40695305032301121
109.108,-0.41026698327938593
109.10899999999999,-0.41357707206688543
109.11,-0.41688329750062714
109.111,-0.42018564040213713
109.11199999999999,-0.42348408159933904
109.113,-0.42677860192662154
109.114,-0.43006918222483215
109.11499999999999,-0.4333558033412821
109.116,-0.43663844612980096
109.117,-0.43991709145073932
109.11799999999999,-0.44319172017096875
109.119,-0.44646231316393603
109.12,-0.44972885130966311
109.121,-0.452991315494776
109.122,-0.45624968661249898
109.123,-0.4595039455627119
109.124,-0.46275407325194973
109.125,-0.46600005059341054
109.126,-0.46924185850700129
109.127,-0.47247947791934486
109.128,-0.47571288976378323
109.129,-0.4789420749804294
109.13,-0.48216701451617094
109.131,-0.4853876893246718
109.13200000000001,-0.48860408036642689
109.133,-0.49181616860875721
109.134,-0.49502393502584674
109.13500000000001,-0.49822736059873085
109.136,-0.50142642631535495
109.137,-0.50462111317058467
109.13800000000001,-0.50781140216618903
109.139,-0.51099727431091813
109.14,-0.51417871062048892
109.14100000000001,-0.51735569211759547
109.142,-0.52052819983196263
109.143,-0.523696214800351
109.14400000000001,-0.52685971806655285
109.145,-0.53001869068145657
109.146,-0.53317311370304443
109.14700000000001,-0.53632296819639658
109.148,-0.53946823523374521
109.149,-0.54260889589447503
109.15000000000001,-0.54574493126515566
109.151,-0.54887632243953588
109.152,-0.55200305051860221
109.15300000000001,-0.55512509661058251
109.154,-0.55824244183094907
109.155,-0.56135506730247631
109.15600000000001,-0.56446295415524128
109.157,-0.56756608352663163
109.158,-0.57066443656139887
109.15900000000001,-0.57375799441166819
109.16,-0.57684673823693533
109.161,-0.57993064920412696
109.16200000000001,-0.58300970848761002
109.163,-0.58608389726919041
109.164,-0.58915319673816846
109.16499999999999,-0.59221758809134917
109.166,-0.59527705253305951
109.167,-0.59833157127516801
109.16800000000001,-0.60138112553712508
109.169,-0.60442569654597955
109.17,-0.60746526553637992
109.17099999999999,-0.61049981375063211
109.172,-0.61352932243870928
109.173,-0.6165537728582553
109.17400000000001,-0.61957314627464344
109.175,-0.62258742396098254
109.176,-0.62559658719812861
109.17699999999999,-0.62860061727473715
109.178,-0.63159949548727257
109.179,-0.63459320314001966
109.18000000000001,-0.6375817215451387
109.181,-0.64056503202266724
109.182,-0.6435431159005609
109.18299999999999,-0.64651595451468991
109.184,-0.64948352920890517
109.185,-0.65244582133504547
109.18600000000001,-0.65540281225293961
109.187,-0.6583544833304793
109.188,-0.66130081594361689
109.18899999999999,-0.66424179147638185
109.19,-0.66717739132093712
109.191,-0.67010759687759602
109.19200000000001,-0.67303238955482225
109.193,-0.67595175076930092
109.194,-0.67886566194594478
109.19499999999999,-0.68177410451790577
109.196,-0.68467705992663452
109.197,-0.68757450962189504
109.19800000000001,-0.69046643506178995
109.199,-0.6933528177127819
109.2,-0.696233639049745
109.20099999999999,-0.69910888055598353
109.202,-0.70197852372324387
109.203,-0.70484255005177587
109.20400000000001,-0.7077009410503452
109.205,-0.71055367823625426
109.206,-0.71340074313539281
109.20699999999999,-0.71624211728226683
109.208,-0.71907778222000163
109.209,-0.7219077195004111
109.21000000000001,-0.72473191068401688
109.211,-0.72755033734005004
109.212,-0.7303629810465333
109.21299999999999,-0.73316982339027881
109.214,-0.73597084596693696
109.215,-0.73876603038100708
109.21599999999999,-0.74155535824590224
109.217,-0.74433881118396528
109.218,-0.74711637082649096
109.21899999999999,-0.74988801881378553
109.22,-0.75265373679519199
109.221,-0.75541350642910476
109.22199999999999,-0.75816730938303101
109.223,-0.76091512733362388
109.224,-0.76365694196669009
109.22499999999999,-0.76639273497726057
109.226,-0.76912248806961259
109.227,-0.77184618295728891
109.22799999999999,-0.77456380136316572
109.229,-0.77727532501946861
109.23,-0.77998073566782233
109.23099999999999,-0.78268001505926321
109.232,-0.78537314495431509
109.233,-0.78806010712300179
109.23399999999999,-0.79074088334488213
109.235,-0.79341545540911129
109.236,-0.79608380511446564
109.23699999999999,-0.79874591426936981
109.238,-0.80140176469196645
109.239,-0.80405133821013886
109.23999999999999,-0.80669461666153897
109.241,-0.80933158189365662
109.242,-0.81196221576384398
109.24299999999999,-0.81458650013934975
109.244,-0.81720441689737999
109.245,-0.81981594792512924
109.246,-0.82242107511982887
109.247,-0.82501978038877288
109.248,-0.82761204564938406
109.249,-0.83019785282925262
109.25,-0.83277718386615884
109.251,-0.83535002070814768
109.252,-0.83791634531356074
109.253,-0.8404761396510656
109.254,-0.8430293856997273
109.255,-0.84557606544904695
109.256,-0.84811616089898578
109.25700000000001,-0.85064965406004545
109.258,-0.85317652695329338
109.259,-0.85569676161041874
109.26000000000001,-0.85821034007376484
109.261,-0.86071724439640196
109.262,-0.86321745664216021
109.26300000000001,-0.86571095888567395
109.264,-0.86819773321244353
109.265,-0.87067776171888145
109.26600000000001,-0.87315102651235099
109.267,-0.87561750971123331
109.268,-0.87807719344497137
109.26900000000001,-0.88053005985410859
109.27,-0.88297609109036213
109.271,-0.88541526931666636
109.27200000000001,-0.88784757670720671
109.273,-0.89027299544750749
109.274,-0.8926915077344546
109.27500000000001,-0.89510309577636882
109.276,-0.89750774179303905
109.277,-0.89990542801579698
109.27800000000001,-0.90229613668756947
109.279,-0.90467985006291007
109.28,-0.90705655040808741
109.28100000000001,-0.90942622000112694
109.282,-0.91178884113184822
109.283,-0.91414439610195819
109.28400000000001,-0.91649286722508627
109.285,-0.91883423682683274
109.286,-0.92116848724485401
109.28700000000001,-0.92349560082890392
109.288,-0.92581555994088305
109.289,-0.92812834695492441
109.28999999999999,-0.9304339442574312
109.291,-0.93273233424714874
109.292,-0.93502349933521067
109.29300000000001,-0.93730742194521977
109.294,-0.93958408451329944
109.295,-0.94185346948814308
109.29599999999999,-0.94411555933110414
109.297,-0.9463703365162357
109.298,-0.94861778353035708
109.29900000000001,-0.95085788287312711
109.3,-0.95309061705710807
109.301,-0.95531596860780699
109.30199999999999,-0.95753392006377158
109.303,-0.95974445397664621
109.304,-0.96194755291121226
109.30500000000001,-0.96414319944549698
109.306,-0.966331376170809
109.307,-0.9685120656918178
109.30799999999999,-0.9706852506266106
109.309,-0.97285091360677622
109.31,-0.97500903727746779
109.31100000000001,-0.97715960429745508
109.312,-0.97930259733922043
109.313,-0.9814379990890143
109.31399999999999,-0.98356579224692009
109.315,-0.98568595952693716
109.316,-0.98779848365704881
109.31700000000001,-0.98990334737928265
109.318,-0.99200053344979899
109.319,-0.99409002463895524
109.31999999999999,-0.99617180373137248
109.321,-0.99824585352602391
109.322,-1.000312156836296
109.32300000000001,-1.0023706964900727
109.324,-1.004421455329791
109.325,-1.0064644162125451
109.32599999999999,-1.0084995620101433
109.327,-1.0105268756091759
109.328,-1.0125463399111196
109.32900000000001,-1.0145579378323921
109.33,-1.0165616523044276
109.331,-1.0185574662737773
109.33199999999999,-1.0205453627021668
109.333,-1.0225253245665775
109.334,-1.0244973348593365
109.33500000000001,-1.026461376588192
109.336,-1.028417432776382
109.337,-1.0303654864627347
109.33799999999999,-1.0323055207017346
109.339,-1.0342375185636157
109.34,-1.0361614631344254
109.34099999999999,-1.0380773375161283
109.342,-1.0399851248266812
109.343,-1.0418848082001064
109.34399999999999,-1.0437763707865941
109.345,-1.0456597957525768
109.346,-1.0475350662808052
109.34699999999999,-1.049402165570454
109.348,-1.0512610768371968
109.349,-1.0531117833132821
109.34999999999999,-1.0549542682476418
109.351,-1.0567885149059681
109.352,-1.0586145065707875
109.35299999999999,-1.0604322265415771
109.354,-1.06224165813483
109.355,-1.0640427846841582
109.35599999999999,-1.0658355895403688
109.357,-1.0676200560715676
109.358,-1.0693961676632484
109.35899999999999,-1.0711639077183666
109.36,-1.0729232596574545
109.361,-1.074674206918703
109.36199999999999,-1.0764167329580441
109.363,-1.0781508212492619
109.364,-1.0798764552840772
109.36499999999999,-1.0815936185722315
109.366,-1.083302294641602
109.367,-1.0850024670382838
109.36799999999999,-1.0866941193266779
109.369,-1.0883772350896059
109.37,-1.0900517979283886
109.371,-1.0917177914629606
109.372,-1.0933751993319403
109.373,-1.0950240051927538
109.374,-1.0966641927217271
109.375,-1.0982957456141671
109.376,-1.0999186475844827
109.377,-1.1015328823662776
109.378,-1.1031384337124339
109.379,-1.1047352853952415
109.38,-1.1063234212064748
109.381,-1.1079028249575038
109.38200000000001,-1.1094734804793935
109.383,-1.111035371623009
109.384,-1.1125884822591168
109.38500000000001,-1.1141327962784788
109.386,-1.1156682975919732
109.387,-1.1171949701306865
109.38800000000001,-1.1187127978460136
109.389,-1.1202217647097776
109.39,-1.1217218547143255
109.39100000000001,-1.12321305187263
109.392,-1.1246953402184028
109.393,-1.1261687038062056
109.39400000000001,-1.1276331267115398
109.395,-1.1290885930309713
109.396,-1.1305350868822348
109.39700000000001,-1.1319725924043311
109.398,-1.1334010937576489
109.399,-1.134820575124071
109.40000000000001,-1.1362310207070796
109.401,-1.1376324147318679
109.402,-1.1390247414454535
109.40300000000001,-1.1404079851167923
109.404,-1.1417821300368751
109.405,-1.1431471605188568
109.40600000000001,-1.1445030608981641
109.407,-1.1458498155325958
109.408,-1.1471874088024552
109.40900000000001,-1.1485158251106538
109.41,-1.149835048882816
109.411,-1.1511450645674159
109.41200000000001,-1.1524458566358757
109.413,-1.153737409582678
109.414,-1.1550197079254962
109.41499999999999,-1.1562927362053017
109.416,-1.1575564789864812
109.417,-1.1588109208569497
109.41800000000001,-1.1600560464282763
109.419,-1.1612918403358004
109.42,-1.1625182872387398
109.42099999999999,-1.1637353718203229
109.422,-1.1649430787879016
109.423,-1.1661413928730644
109.42400000000001,-1.167330298831768
109.425,-1.1685097814444556
109.426,-1.1696798255161629
109.42699999999999,-1.1708404158766585
109.428,-1.1719915373805572
109.429,-1.1731331749074339
109.43000000000001,-1.1742653133619627
109.431,-1.1753879376740239
109.432,-1.1765010327988414
109.43299999999999,-1.1776045837170837
109.434,-1.1786985754350146
109.435,-1.1797829929846011
109.43600000000001,-1.1808578214236376
109.437,-1.1819230458358789
109.438,-1.1829786513311626
109.43899999999999,-1.1840246230455254
109.44,-1.1850609461413453
109.441,-1.186087605807459
109.44200000000001,-1.1871045872592831
109.443,-1.1881118757389535
109.444,-1.189109456515447
109.44499999999999,-1.1900973148847016
109.446,-1.1910754361697613
109.447,-1.1920438057208926
109.44800000000001,-1.1930024089157154
109.449,-1.1939512311593306
109.45,-1.1948902578844591
109.45099999999999,-1.1958194745515605
109.452,-1.1967388666489662
109.453,-1.1976484196930164
109.45400000000001,-1.1985481192281848
109.455,-1.1994379508272117
109.456,-1.2003179000912336
109.45699999999999,-1.2011879526499221
109.458,-1.2020480941616065
109.459,-1.2028983103134117
109.46000000000001,-1.203738586821399
109.461,-1.2045689094306806
109.462,-1.2053892639155674
109.46299999999999,-1.2061996360797047
109.464,-1.2070000117561972
109.465,-1.2077903768077456
109.46599999999999,-1.2085707171267894
109.467,-1.2093410186356324
109.468,-1.2101012672865816
109.46899999999999,-1.2108514490620883
109.47,-1.2115915499748757
109.471,-1.2123215560680793
109.47199999999999,-1.2130414534153857
109.473,-1.2137512281211684
109.474,-1.2144508663206186
109.47499999999999,-1.2151403541798946
109.476,-1.2158196778962518
109.477,-1.2164888236981795
109.47799999999999,-1.2171477778455451
109.479,-1.2177965266297321
109.48,-1.2184350563737723
109.48099999999999,-1.2190633534324924
109.482,-1.2196814041926505
109.483,-1.2202891950730774
109.48399999999999,-1.220886712524814
109.485,-1.2214739430312544
109.486,-1.2220508731082842
109.48699999999999,-1.222617489304421
109.488,-1.2231737782009602
109.489,-1.2237197264121096
109.48999999999999,-1.2242553205851352
109.491,-1.2247805474005018
109.492,-1.2252953935720177
109.49299999999999,-1.2257998458469679
109.494,-1.2262938910062697
109.495,-1.2267775158646046
109.496,-1.2272507072705694
109.497,-1.2277134521068085
109.498,-1.2281657372901691
109.499,-1.2286075497718389
109.5,-1.229038876537488
109.501,-1.2294597046074194
109.502,-1.2298700210367075
109.503,-1.2302698129153411
109.504,-1.230659067368375
109.505,-1.2310377715560699
109.506,-1.2314059126740355
109.50700000000001,-1.2317634779533821
109.508,-1.2321104546608601
109.509,-1.2324468300990095
109.51000000000001,-1.2327725916062979
109.511,-1.2330877265572808
109.512,-1.2333922223627298
109.51300000000001,-1.2336860664697964
109.514,-1.2339692463621397
109.515,-1.2342417495600948
109.51600000000001,-1.2345035636207959
109.517,-1.2347546761383423
109.518,-1.234995074743936
109.51900000000001,-1.2352247471060278
109.52,-1.2354436809304703
109.521,-1.2356518639606615
109.52200000000001,-1.2358492839776902
109.523,-1.2360359288004914
109.524,-1.2362117862859838
109.52500000000001,-1.2363768443292265
109.526,-1.2365310908635609
109.527,-1.2366745138607609
109.52800000000001,-1.2368071013311845
109.529,-1.2369288413239152
109.53,-1.2370397219269149
109.53100000000001,-1.237139731267173
109.532,-1.2372288575108539
109.533,-1.2373070888634405
109.53400000000001,-1.2373744135698939
109.535,-1.2374308199147936
109.536,-1.237476296222487
109.53700000000001,-1.2375108308572438
109.538,-1.2375344122233973
109.539,-1.2375470287655008
109.53999999999999,-1.2375486689684752
109.541,-1.2375393213577519
109.542,-1.2375189744994319
109.54300000000001,-1.2374876170004256
109.544,-1.2374452375086116
109.545,-1.2373918247129763
109.54599999999999,-1.2373273673437732
109.547,-1.2372518541726656
109.548,-1.2371652740128756
109.54900000000001,-1.2370676157193414
109.55,-1.2369588681888559
109.551,-1.2368390203602289
109.55199999999999,-1.2367080612144239
109.553,-1.2365659797747166
109.554,-1.2364127651068406
109.55500000000001,-1.2362484063191403
109.556,-1.2360728925627162
109.557,-1.2358862130315762
109.55799999999999,-1.2356883569627874
109.559,-1.2354793136366227
109.56,-1.2352590723767136
109.56100000000001,-1.2350276225501968
109.562,-1.2347849535678632
109.563,-1.2345310548843105
109.56399999999999,-1.2342659159980927
109.565,-1.2339895264518632
109.566,-1.2337018758325358
109.56700000000001,-1.2334029537714191
109.568,-1.2330927499443809
109.569,-1.2327712540719857
109.56999999999999,-1.2324384559196502
109.571,-1.2320943452977935
109.572,-1.2317389120619766
109.57300000000001,-1.2313721461130629
109.574,-1.2309940373973633
109.575,-1.2306045759067801
109.57599999999999,-1.2302037516789599
109.577,-1.229791554797445
109.578,-1.2293679753918165
109.57900000000001,-1.228933003637843
109.58,-1.2284866297576347
109.581,-1.228028844019788
109.58199999999999,-1.2275596367395263
109.583,-1.2270789982788624
109.584,-1.2265869190467362
109.58500000000001,-1.2260833894991641
109.586,-1.2255684001393896
109.587,-1.2250419415180267
109.58799999999999,-1.2245040042332103
109.589,-1.223954578930742
109.59,-1.2233936563042365
109.59099999999999,-1.2228212270952725
109.592,-1.222237282093531
109.593,-1.2216418121369523
109.59399999999999,-1.2210348081118738
109.595,-1.2204162609531779
109.596,-1.2197861616444472
109.59699999999999,-1.2191445012180955
109.598,-1.2184912707555227
109.599,-1.2178264613872591
109.59999999999999,-1.2171500642931115
109.601,-1.2164620707022999
109.602,-1.2157624718936191
109.60299999999999,-1.2150512591955653
109.604,-1.214328423986494
109.605,-1.2135939576947541
109.60599999999999,-1.2128478517988426
109.607,-1.2120900978275366
109.608,-1.2113206873600459
109.60899999999999,-1.2105396120261553
109.61,-1.2097468635063624
109.611,-1.208942433532024
109.61199999999999,-1.2081263138854994
109.613,-1.2072984964002926
109.614,-1.2064589729611921
109.61499999999999,-1.2056077355044148
109.616,-1.2047447760177485
109.617,-1.2038700865406873
109.61799999999999,-1.2029836591645831
109.619,-1.202085486032777
109.62,-1.2011755593407432
109.621,-1.2002538713362267
109.622,-1.1993204143193945
109.623,-1.1983751806429552
109.624,-1.1974181627123142
109.625,-1.1964493529857112
109.626,-1.1954687439743519
109.627,-1.1944763282425468
109.628,-1.1934720984078613
109.629,-1.1924560471412367
109.63,-1.1914281671671363
109.631,-1.1903884512636878
109.63200000000001,-1.1893368922628089
109.633,-1.1882734830503479
109.634,-1.1871982165662192
109.63500000000001,-1.18611108580455
109.636,-1.185012083813795
109.637,-1.1839012036968848
109.63800000000001,-1.1827784386113622
109.639,-1.1816437817695102
109.64,-1.180497226438483
109.64100000000001,-1.1793387659404528
109.642,-1.1781683936527294
109.643,-1.176986103007895
109.64400000000001,-1.1757918874939488
109.645,-1.1745857406544222
109.646,-1.1733676560885162
109.64700000000001,-1.1721376274512441
109.648,-1.1708956484535404
109.649,-1.1696417128624113
109.65000000000001,-1.1683758145010503
109.651,-1.1670979472489793
109.652,-1.1658081050421685
109.65300000000001,-1.1645062818731655
109.654,-1.1631924717912359
109.655,-1.1618666689024724
109.65600000000001,-1.1605288673699312
109.657,-1.1591790614137687
109.658,-1.1578172453113473
109.65900000000001,-1.1564434133973731
109.66,-1.1550575600640292
109.661,-1.1536596797610823
109.66200000000001,-1.1522497669960186
109.663,-1.1508278163341723
109.664,-1.1493938223988356
109.66499999999999,-1.1479477798713904
109.666,-1.1464896834914309
109.667,-1.1450195280568858
109.66800000000001,-1.1435373084241363
109.669,-1.1420430195081361
109.67,-1.1405366562825447
109.67099999999999,-1.1390182137798286
109.672,-1.1374876870913928
109.673,-1.135945071367702
109.67400000000001,-1.1343903618183906
109.675,-1.1328235537123792
109.676,-1.1312446423780114
109.67699999999999,-1.1296536232031444
109.678,-1.1280504916352787
109.679,-1.1264352431816818
109.68000000000001,-1.1248078734094888
109.681,-1.1231683779458228
109.682,-1.1215167524779042
109.68299999999999,-1.1198529927531848
109.684,-1.1181770945794316
109.685,-1.1164890538248562
109.68600000000001,-1.1147888664182299
109.687,-1.1130765283489845
109.688,-1.1113520356673203
109.68899999999999,-1.1096153844843415
109.69,-1.1078665709721314
109.691,-1.1061055913638804
109.69200000000001,-1.1043324419540022
109.693,-1.1025471190982192
109.694,-1.1007496192136852
109.69499999999999,-1.0989399387790937
109.696,-1.0971180743347708
109.697,-1.0952840224827942
109.69800000000001,-1.0934377798870831
109.699,-1.0915793432735272
109.7,-1.0897087094300586
109.70099999999999,-1.0878258752067747
109.702,-1.0859308375160421
109.703,-1.0840235933325837
109.70400000000001,-1.0821041396935884
109.705,-1.0801724736988199
109.706,-1.0782285925106949
109.70699999999999,-1.0762724933543981
109.708,-1.0743041735179841
109.709,-1.072323630352459
109.71000000000001,-1.070330861271882
109.711,-1.06832586375348
109.712,-1.0663086353377151
109.71299999999999,-1.0642791736283979
109.714,-1.0622374762927733
109.715,-1.0601835410616287
109.71599999999999,-1.0581173657293599
109.717,-1.0560389481540859
109.718,-1.0539482862577381
109.71899999999999,-1.0518453780261399
109.72,-1.0497302215091002
109.721,-1.0476028148205163
109.72199999999999,-1.0454631561384415
109.723,-1.0433112437051828
109.724,-1.0411470758273982
109.72499999999999,-1.0389706508761654
109.726,-1.0367819672870686
109.727,-1.034581023560309
109.72799999999999,-1.0323678182607532
109.729,-1.0301423500180396
109.73,-1.0279046175266489
109.73099999999999,-1.0256546195460063
109.732,-1.0233923549005359
109.733,-1.0211178224797535
109.73399999999999,-1.0188310212383569
109.735,-1.0165319501962853
109.736,-1.0142206084388024
109.73699999999999,-1.0118969951165955
109.738,-1.0095611094458179
109.739,-1.0072129507081833
109.73999999999999,-1.0048525182510488
109.741,-1.0024798114874702
109.742,-1.0000948298962831
109.74299999999999,-0.9976975730221902
109.744,-0.99528804047580399
109.745,-0.99286623193374401
109.746,-0.99043214713868588
109.747,-0.98798578589945985
109.748,-0.98552714809108544
109.749,-0.98305623365485895
109.75,-0.98057304259842448
109.751,-0.97807757499582504
109.752,-0.97556983098757311
109.753,-0.97304981078073016
109.754,-0.97051751464894531
109.755,-0.96797294293253033
109.756,-0.96541609603853651
109.75700000000001,-0.96284697444078882
109.758,-0.96026557867996054
109.759,-0.957671909363631
109.76000000000001,-0.95506596716635572
109.761,-0.95244775282970018
109.762,-0.94981726716231041
109.76300000000001,-0.94717451103998407
109.764,-0.9445194854056953
109.765,-0.94185219126966135
109.76600000000001,-0.9391726297094185
109.767,-0.93648080186984073
109.768,-0.93377670896320231
109.76900000000001,-0.93106035226925155
109.77,-0.92833173313522588
109.771,-0.92559085297591714
109.77200000000001,-0.92283771327373776
109.773,-0.92007231557873403
109.774,-0.91729466150865235
109.77500000000001,-0.91450475274898269
109.776,-0.91170259105301144
109.777,-0.90888817824184631
109.77800000000001,-0.90606151620446873
109.779,-0.90322260689779155
109.78,-0.90037145234667104
109.78100000000001,-0.89750805464396199
109.782,-0.89463241595057141
109.783,-0.89174453849547097
109.78400000000001,-0.88884442457574186
109.785,-0.88593207655663475
109.786,-0.88300749687156799
109.78700000000001,-0.88007068802218713
109.788,-0.87712165257840446
109.789,-0.87416039317840299
109.78999999999999,-0.87118691252869818
109.791,-0.86820121340414635
109.792,-0.86520329864800338
109.79300000000001,-0.86219317117192062
109.794,-0.85917083395599025
109.795,-0.85613629004878655
109.79599999999999,-0.85308954256735881
109.797,-0.85003059469728015
109.798,-0.84695944969268044
109.79900000000001,-0.84387611087624137
109.8,-0.84078058163923597
109.801,-0.83767286544156327
109.80199999999999,-0.83455296581174432
109.803,-0.83142088634694389
109.804,-0.82827663071301982
109.80500000000001,-0.82512020264450614
109.806,-0.82195160594464234
109.807,-0.81877084448539073
109.80799999999999,-0.81557792220746439
109.809,-0.81237284312031299
109.81,-0.80915561130214941
109.81100000000001,-0.8059262308999835
109.812,-0.80268470612959453
109.813,-0.7994310412755592
109.81399999999999,-0.79616524069128269
109.815,-0.79288730879896629
109.816,-0.78959725008963488
109.81700000000001,-0.78629506912316272
109.818,-0.78298077052824011
109.819,-0.77965435900239521
109.81999999999999,-0.77631583931202153
109.821,-0.77296521629233439
109.822,-0.7696024948474065
109.82300000000001,-0.76622767995014929
109.824,-0.7628407766423404
109.825,-0.75944179003458334
109.82599999999999,-0.75603072530632476
109.827,-0.75260758770586733
109.828,-0.74917238255033158
109.82900000000001,-0.74572511522566698
109.83,-0.74226579118666258
109.831,-0.73879441595690665
109.83199999999999,-0.73531099512878839
109.833,-0.73181553436351932
109.834,-0.72830803939107547
109.83500000000001,-0.72478851601020633
109.836,-0.72125697008844547
109.837,-0.71771340756205459
109.83799999999999,-0.71415783443603598
109.839,-0.71059025678410626
109.84,-0.70701068074870177
109.84099999999999,-0.70341911254092349
109.842,-0.69981555844054233
109.843,-0.69620002479599075
109.84399999999999,-0.69257251802430853
109.845,-0.68893304461114191
109.846,-0.68528161111073782
109.84699999999999,-0.68161822414587903
109.848,-0.6779428904078868
109.849,-0.67425561665660405
109.84999999999999,-0.67055640972033848
109.851,-0.66684527649585101
109.852,-0.66312222394834563
109.85299999999999,-0.65938725911140361
109.854,-0.6556403890869742
109.855,-0.65188162104533331
109.85599999999999,-0.64811096222508091
109.857,-0.64432841993305479
109.858,-0.64053400154432838
109.85899999999999,-0.6367277145021899
109.86,-0.63290956631806727
109.861,-0.62907956457150416
109.86199999999999,-0.62523771691015018
109.863,-0.62138403104967255
109.864,-0.61751851477374187
109.86499999999999,-0.61364117593400547
109.866,-0.60975202245000926
109.867,-0.60585106230916397
109.86799999999999,-0.6019383035667345
109.869,-0.59801375434573822
109.87,-0.59407742283694009
109.871,-0.59012931729877627
109.872,-0.586169446057343
109.873,-0.58219781750630117
109.874,-0.57821444010684253
109.875,-0.57421932238766749
109.876,-0.57021247294488164
109.877,-0.56619390044196205
109.878,-0.56216361360973055
109.879,-0.55812162124624898
109.88,-0.55406793221678363
109.881,-0.55000255545377064
109.88200000000001,-0.54592549995671202
109.883,-0.54183677479214243
109.884,-0.53773638909355936
109.88500000000001,-0.53362435206137837
109.886,-0.52950067296283976
109.887,-0.52536536113195353
109.88800000000001,-0.52121842596946744
109.889,-0.51705987694274214
109.89,-0.51288972358572149
109.89100000000001,-0.50870797549887303
109.892,-0.50451464234908139
109.893,-0.50030973386959854
109.89400000000001,-0.4960932598599892
109.895,-0.49186523018602335
109.896,-0.48762565477961539
109.89700000000001,-0.4833745436387793
109.898,-0.47911190682750027
109.899,-0.47483775447569299
109.90000000000001,-0.47055209677911147
109.901,-0.46625494399929357
109.902,-0.46194630646343837
109.90300000000001,-0.45762619456434983
109.904,-0.45329461876037991
109.905,-0.44895158957529224
109.90600000000001,-0.44459711759820708
109.907,-0.44023121348353778
109.908,-0.43585388795086111
109.90900000000001,-0.43146515178485068
109.91,-0.42706501583520939
109.911,-0.42265349101654204
109.91200000000001,-0.4182305883082833
109.913,-0.41379631875463074
109.914,-0.40935069346440711
109.91499999999999,-0.40489372361099685
109.916,-0.40042542043223817
109.917,-0.39594579523036089
109.91800000000001,-0.39145485937184032
109.919,-0.38695262428732491
109.92,-0.38243910147156379
109.92099999999999,-0.37791430248325808
109.922,-0.37337823894498445
109.923,-0.36883092254312277
109.92400000000001,-0.36427236502770155
109.925,-0.3597025782123211
109.926,-0.35512157397407051
109.92699999999999,-0.3505293642533811
109.928,-0.34592596105394025
109.929,-0.34131137644260834
109.93000000000001,-0.33668562254926493
109.931,-0.33204871156673077
109.932,-0.32740065575064015
109.93299999999999,-0.32274146741937138
109.934,-0.3180711589538745
109.935,-0.3133897427975898
109.93600000000001,-0.3086972314563583
109.937,-0.30399363749825548
109.938,-0.29927897355350419
109.93899999999999,-0.29455325231437901
109.94,-0.28981648653504277
109.941,-0.28506868903145044
109.94200000000001,-0.28030987268125362
109.943,-0.27554005042363783
109.944,-0.27075923525921364
109.94499999999999,-0.26596744024992836
109.946,-0.2611646785188968
109.947,-0.25635096325029316
109.94800000000001,-0.2515263076892329
109.949,-0.24669072514166035
109.95,-0.24184422897417979
109.95099999999999,-0.23698683261395459
109.952,-0.23211854954859845
109.953,-0.22723939332600085
109.95400000000001,-0.2223493775542158
109.955,-0.21744851590135861
109.956,-0.2125368220954249
109.95699999999999,-0.20761430992417496
109.958,-0.2026809932350353
109.959,-0.19773688593490313
109.96000000000001,-0.19278200199003881
109.961,-0.18781635542595954
109.962,-0.18283996032723993
109.96299999999999,-0.17785283083741565
109.964,-0.17285498115882403
109.965,-0.16784642555249318
109.96599999999999,-0.16282717833795801
109.967,-0.15779725389313337
109.968,-0.15275666665420262
109.96899999999999,-0.14770543111542178
109.97,-0.14264356182899496
109.971,-0.137571073404962
109.97199999999999,-0.13248798051098931
109.973,-0.1273942978722602
109.974,-0.12229004027133983
109.97499999999999,-0.11717522254798252
109.976,-0.11204985959900449
109.977,-0.10691396637815487
109.97799999999999,-0.10176755789591629
109.979,-0.096610649219386113
109.98,-0.091443255472099638
109.98099999999999,-0.086265391833917793
109.982,-0.081077073540813727
109.983,-0.075878315884743364
109.98399999999999,-0.070669134213515061
109.985,-0.065449543930578225
109.986,-0.060219560494890967
109.98699999999999,-0.054979199420789548
109.988,-0.049728476277765443
109.989,-0.044467406690338995
109.98999999999999,-0.039196006337923084
109.991,-0.033914290954600634
109.992,-0.028622276328992946
109.99299999999999,-0.023319978304118028
109.994,-0.018007412777175658
109.995,-0.012684595699407941
109.996,-0.0073515430759243383
109.997,-0.0020082709655639963
109.998,0.0033452045193298474
109.999,0.0087088672130450906
110,0.01408270089665109
110.001,0.019466689298221151
110.002,0.024860816092978189
110.003,0.030265064903441496
110.004,0.035679419299650572
110.005,0.041103862799318991
110.006,0.046538378867978736
110.00700000000001,0.051982950919210014
110.008,0.057437562314783364
110.009,0.062902196364857055
110.01000000000001,0.068376836328112756
110.011,0.073861465411996896
110.012,0.079356066772870548
110.01300000000001,0.084860623516159306
110.014,0.090375118696593315
110.015,0.095899535318363149
110.01600000000001,0.10143385633526791
110.017,0.10697806465096327
110.018,0.11253214311911286
110.01900000000001,0.11809607454354376
110.02,0.12366984167849449
110.021,0.12925342722876776
110.02200000000001,0.13484681384989106
110.023,0.14044998414836374
110.024,0.1460629206818016
110.02500000000001,0.15168560595915448
110.026,0.15731802244084769
110.027,0.16296015253904117
110.02800000000001,0.16861197861777866
110.029,0.17427348299316492
110.03,0.17994464793360887
110.03100000000001,0.18562545565998634
110.032,0.19131588834580793
110.033,0.19701592811747926
110.03400000000001,0.20272555705444861
110.035,0.20844475718939592
110.036,0.21417351050847211
110.03700000000001,0.21991179895147184
110.038,0.22565960441200628
110.039,0.231416908737754
110.03999999999999,0.23718369373062687
110.041,0.24295994114698782
110.042,0.24874563269780858
110.04300000000001,0.25454075004893517
110.044,0.26034527482125935
110.045,0.26615918859088761
110.04599999999999,0.27198247288940647
110.047,0.27781510920405816
110.048,0.28365707897791292
110.04900000000001,0.2895083636101301
110.05,0.29536894445614581
110.051,0.30123880282783455
110.05199999999999,0.30711791999378191
110.053,0.31300627717946727
110.054,0.3189038555674315
110.05500000000001,0.32481063629755491
110.056,0.33072660046721802
110.057,0.33665172913153807
110.05799999999999,0.34258600330353461
110.059,0.34852940395440113
110.06,0.35448191201368995
110.06100000000001,0.36044350836948813
110.062,0.36641417386869124
110.063,0.37239388931719342
110.06399999999999,0.37838263548005835
110.065,0.38438039308180372
110.066,0.39038714280658082
110.06700000000001,0.39640286529835866
110.068,0.40242754116120572
110.069,0.40846115095946556
110.06999999999999,0.41450367521795362
110.071,0.42055509442222805
110.072,0.42661538901876805
110.07300000000001,0.43268453941521634
110.074,0.43876252598054655
110.075,0.44484932904535812
110.07599999999999,0.45094492890204996
110.077,0.45704930580502223
110.078,0.46316243997094819
110.07900000000001,0.4692843115789731
110.08,0.47541490077089588
110.081,0.48155418765146063
110.08199999999999,0.48770215228854097
110.083,0.49385877471333739
110.084,0.50002403492065572
110.08500000000001,0.50619791286910831
110.086,0.5123803884812983
110.087,0.51857144164411095
110.08799999999999,0.52477105220889708
110.089,0.5309791999917135
110.09,0.53719586477351511
110.09099999999999,0.54342102630043776
110.092,0.54965466428399301
110.093,0.55589675840126618
110.09399999999999,0.56214728829520477
110.095,0.56840623357481657
110.096,0.57467357381536077
110.09699999999999,0.58094928855864469
110.098,0.58723335731322046
110.099,0.59352575955457576
110.09999999999999,0.59982647472543515
110.101,0.60613548223595304
110.102,0.61245276146391125
110.10299999999999,0.61877829175501797
110.104,0.62511205242308709
110.105,0.6314540227503036
110.10599999999999,0.63780418198739608
110.107,0.64416250935394292
110.108,0.65052898403857651
110.10899999999999,0.65690358519916803
110.11,0.66328629196313615
110.111,0.66967708342764753
110.11199999999999,0.67607593865980842
110.113,0.68248283669697352
110.114,0.68889775654694241
110.11499999999999,0.69532067718815693
110.116,0.70175157757000983
110.117,0.70819043661303793
110.11799999999999,0.71463723320912909
110.119,0.72109194622182171
110.12,0.72755455448649342
110.121,0.7340250368106247
110.122,0.74050337197398231
110.123,0.74698953872892859
110.124,0.75348351580062201
110.125,0.75998528188721592
110.126,0.76649481566017175
110.127,0.77301209576445129
110.128,0.77953710081872774
110.129,0.78606980941568849
110.13,0.79261020012223593
110.131,0.79915825147969488
110.13200000000001,0.80571394200411461
110.133,0.81227725018646746
110.134,0.8188481544929026
110.13500000000001,0.82542663336494093
110.136,0.83201266521978745
110.137,0.83860622845052801
110.13800000000001,0.84520730142633538
110.139,0.85181586249278407
110.14,0.85843188997204301
110.14100000000001,0.86505536216308898
110.142,0.87168625734201377
110.143,0.87832455376222729
110.14400000000001,0.88497022965466277
110.145,0.89162326322808394
110.146,0.89828363266929723
110.14700000000001,0.90495131614334789
110.148,0.91162629179383414
110.149,0.91830853774310139
110.15000000000001,0.92499803209250342
110.151,0.93169475292259962
110.152,0.9383986782934568
110.15300000000001,0.94510978624486752
110.154,0.95182805479654742
110.155,0.95855346194844093
110.15600000000001,0.96528598568093904
110.157,0.97202560395507942
110.158,0.97877229471285021
110.15900000000001,0.98552603587740628
110.16,0.99228680535327085
110.161,0.99905458102664335
110.16200000000001,1.0058293407656103
110.163,1.0126110624203475
110.164,1.0193997238234311
110.16499999999999,1.026195302790037
110.166,1.0329977771181951
110.167,1.0398071245889904
110.16800000000001,1.0466233229668744
110.169,1.0534463499998674
110.17,1.0602761834197667
110.17099999999999,1.0671128009424558
110.172,1.0739561802681097
110.173,1.0808062990814025
110.17400000000001,1.0876631350518191
110.175,1.0945266658338551
110.176,1.1013968690672271
110.17699999999999,1.1082737223771835
110.178,1.1151572033747086
110.179,1.1220472896567251
110.18000000000001,1.1289439588064094
110.181,1.1358471883933832
110.182,1.1427569559739732
110.18299999999999,1.1496732390914099
110.184,1.1565960152761392
110.185,1.1635252620460144
110.18600000000001,1.170460956906519
110.187,1.1774030773510593
110.188,1.1843516008611839
110.18899999999999,1.1913065049067757
110.19,1.1982677669463668
110.191,1.205235364427345
110.19200000000001,1.2122092747861513
110.193,1.2191894754485955
110.194,1.2261759438300532
110.19499999999999,1.2331686573356739
110.196,1.2401675933606897
110.197,1.2471727292906021
110.19800000000001,1.2541840425014503
110.199,1.2612015103599949
110.2,1.2682251102240287
110.20099999999999,1.2752548194425837
110.202,1.2822906153561267
110.203,1.2893324752968669
110.20400000000001,1.296380376588965
110.205,1.3034342965487229
110.206,1.3104942124849019
110.20699999999999,1.3175601016989194
110.208,1.3246319414850447
110.209,1.3317097091307124
110.21000000000001,1.3387933819167235
110.211,1.3458829371174341
110.212,1.3529783520010759
110.21299999999999,1.3600796038299341
110.214,1.3671866698606099
110.215,1.3742995273442045
110.21599999999999,1.3814181535266254
110.217,1.3885425256487867
110.218,1.3956726209468049
110.21899999999999,1.402808416652304
110.22,1.4099498899926106
110.221,1.4170970181909552
110.22199999999999,1.4242497784667725
110.223,1.4314081480359007
110.224,1.438572104110772
110.22499999999999,1.4457416239007228
110.226,1.452916684612185
110.227,1.4600972634488787
110.22799999999999,1.4672833376121202
110.229,1.4744748843010023
110.23,1.4816718807126443
110.23099999999999,1.4888743040423766
110.232,1.4960821314840451
110.233,1.5032953402301965
110.23399999999999,1.5105139074722775
110.235,1.5177378104009287
110.236,1.5249670262061863
110.23699999999999,1.5322015320776616
110.238,1.5394413052048452
110.239,1.5466863227773042
110.23999999999999,1.5539365619848586
110.241,1.5611920000178894
110.242,1.5684526140675288
110.24299999999999,1.5757183813258395
110.244,1.5829892789861231
110.245,1.5902652842430864
110.246,1.5975463742931022
110.247,1.6048325263343641
110.248,1.6121237175672032
110.249,1.6194199251942629
110.25,1.6267211264206858
110.251,1.6340272984544086
110.252,1.6413384185063533
110.253,1.6486544637905989
110.254,1.6559754115246863
110.255,1.663301238929799
110.256,1.6706319232309399
110.25700000000001,1.6779674416572308
110.258,1.6853077714420803
110.259,1.6926528898234241
110.26000000000001,1.7000027740438963
110.261,1.7073574013511168
110.262,1.7147167489978759
110.26300000000001,1.7220807942423071
110.264,1.7294495143481854
110.265,1.7368228865850983
110.26600000000001,1.7442008882286253
110.267,1.751583496560627
110.268,1.7589706888694236
110.26900000000001,1.7663624424499627
110.27,1.7737587346041186
110.271,1.7811595426408613
110.27200000000001,1.7885648438764234
110.273,1.7959746156345993
110.274,1.8033888352468979
110.27500000000001,1.810807480052778
110.276,1.8182305273998103
110.277,1.8256579546439582
110.27800000000001,1.833089739149752
110.279,1.8405258582904576
110.28,1.8479662894483551
110.28100000000001,1.8554110100149166
110.282,1.8628599973909676
110.283,1.8703132289869693
110.28400000000001,1.8777706822231863
110.285,1.8852323345298547
110.286,1.8926981633474576
110.28700000000001,1.9001681461268958
110.288,1.9076422603296483
110.289,1.9151204834280511
110.28999999999999,1.9226027929054501
110.291,1.9300891662564246
110.292,1.9375795809869358
110.29300000000001,1.9450740146146077
110.294,1.9525724446688852
110.295,1.960074848691191
110.29599999999999,1.9675812042352023
110.297,1.9750914888670139
110.298,1.9826056801652872
110.29900000000001,1.9901237557215319
110.3,1.9976456931402602
110.301,2.005171470039135
110.30199999999999,2.012701064049256
110.303,2.0202344528152971
110.304,2.0277716139956752
110.30500000000001,2.0353125252628117
110.306,2.042857164303272
110.307,2.0504055088179878
110.30799999999999,2.057957536522387
110.309,2.0655132251466677
110.31,2.0730725524359439
110.31100000000001,2.0806354961503977
110.312,2.0882020340655409
110.313,2.095772143972364
110.31399999999999,2.1033458036774846
110.315,2.11092299100341
110.316,2.1185036837886813
110.31700000000001,2.1260878598880177
110.318,2.1336754971725798
110.319,2.1412665735301153
110.31999999999999,2.1488610668650927
110.321,2.1564589550989699
110.322,2.1640602161703182
110.32300000000001,2.171664828035027
110.324,2.1792727686664346
110.325,2.1868840160555787
110.32599999999999,2.1944985482113388
110.327,2.2021163431605721
110.328,2.2097373789483687
110.32900000000001,2.2173616336381885
110.33,2.2249890853119925
110.331,2.2326197120704983
110.33199999999999,2.240253492033315
110.333,2.2478904033390705
110.334,2.2555304241456664
110.33500000000001,2.2631735326304128
110.336,2.2708197069901455
110.337,2.2784689254414907
110.33799999999999,2.2861211662209664
110.339,2.2937764075851872
110.34,2.3014346278109743
110.34099999999999,2.3090958051955948
110.342,2.316759918056901
110.343,2.3244269447334416
110.34399999999999,2.3320968635847121
110.345,2.3397696529912793
110.346,2.3474452913548958
110.34699999999999,2.3551237570987515
110.348,2.3628050286675872
110.349,2.3704890845278159
110.34999999999999,2.3781759031677634
110.351,2.3858654630977845
110.352,2.3935577428503825
110.35299999999999,2.4012527209804464
110.354,2.4089503760653468
110.355,2.4166506867051298
110.35599999999999,2.4243536315226035
110.357,2.4320591891635863
110.358,2.4397673382970044
110.35899999999999,2.4474780576150152
110.36,2.4551913258332352
110.361,2.462907121690848
110.36199999999999,2.4706254239507119
110.363,2.4783462113995967
110.364,2.4860694628482811
110.36499999999999,2.4937951571316659
110.366,2.5015232731089991
110.367,2.5092537896639819
110.36799999999999,2.5169866857048699
110.369,2.5247219401646963
110.37,2.5324595320013668
110.371,2.5401994401978221
110.372,2.5479416437621292
110.373,2.5556861217277027
110.374,2.563432853153397
110.375,2.5711818171236107
110.376,2.5789329927485047
110.377,2.5866863591640961
110.378,2.5944418955323565
110.379,2.6021995810414227
110.38,2.6099593949056974
110.381,2.6177213163659352
110.38200000000001,2.6254853246894627
110.383,2.6332513991702484
110.384,2.6410195191290695
110.38500000000001,2.6487896639135791
110.386,2.6565618128985209
110.387,2.6643359454858153
110.38800000000001,2.6721120411046506
110.389,2.6798900792116802
110.39,2.6876700392911204
110.39100000000001,2.6954519008548217
110.392,2.7032356434424845
110.393,2.7110212466217338
110.39400000000001,2.718808689988204
110.395,2.7265979531657436
110.396,2.7343890158064883
110.39700000000001,2.7421818575909445
110.398,2.749976458228188
110.399,2.7577727974559281
110.40000000000001,2.7655708550406493
110.401,2.773370610777671
110.402,2.7811720444913535
110.40300000000001,2.7889751360351598
110.404,2.7967798652917324
110.405,2.8045862121730916
110.40600000000001,2.8123941566206963
110.407,2.8202036786055205
110.408,2.8280147581282482
110.40900000000001,2.8358273752193268
110.41,2.8436415099390526
110.411,2.8514571423777424
110.41200000000001,2.8592742526558101
110.413,2.8670928209238276
110.414,2.874912827362706
110.41499999999999,2.8827342521837513
110.416,2.8905570756287906
110.417,2.8983812779702167
110.41800000000001,2.906206839511178
110.419,2.9140337405856278
110.42,2.9218619615583865
110.42099999999999,2.9296914828253238
110.422,2.9375222848134106
110.423,2.9453543479807758
110.42400000000001,2.9531876528168821
110.425,2.9610221798425824
110.426,2.9688579096101666
110.42699999999999,2.9766948227035384
110.428,2.984532899738273
110.429,2.9923721213616505
110.43000000000001,3.0002124682528457
110.431,3.0080539211229453
110.432,3.0158964607150782
110.43299999999999,3.0237400678044368
110.434,3.0315847231984483
110.435,3.0394304077368233
110.43600000000001,3.0472771022915892
110.437,3.0551247877672627
110.438,3.0629734451008925
110.43899999999999,3.0708230552620943
110.44,3.0786735992532153
110.441,3.0865250581093724
110.44200000000001,3.0943774128984929
110.443,3.1022306447214696
110.444,3.1100847347122
110.44499999999999,3.117939664037618
110.446,3.1257954138978574
110.447,3.1336519655262611
110.44800000000001,3.1415093001894925
110.449,3.1493673991875437
110.45,3.1572262438538958
110.45099999999999,3.1650858155555435
110.452,3.1729460956930273
110.453,3.1808070657005825
110.45400000000001,3.1886687070461637
110.455,3.1965310012314747
110.456,3.204393929792114
110.45699999999999,3.2122574742975991
110.458,3.2201216163513884
110.459,3.227986337591028
110.46000000000001,3.235851619688173
110.461,3.243717444348607
110.462,3.2515837933123839
110.46299999999999,3.2594506483538357
110.464,3.2673179912816508
110.465,3.2751858039388875
110.46599999999999,3.2830540682031075
110.467,3.2909227659863878
110.468,3.298791879235341
110.46899999999999,3.3066613899312434
110.47,3.3145312800900575
110.471,3.3224015317624325
110.47199999999999,3.3302721270338451
110.473,3.3381430480246079
110.474,3.3460142768898726
110.47499999999999,3.3538857958197692
110.476,3.3617575870394028
110.477,3.3696296328088668
110.47799999999999,3.3775019154233714
110.479,3.3853744172132276
110.48,3.3932471205439239
110.48099999999999,3.4011200078161128
110.482,3.408993061465734
110.483,3.4168662639640184
110.48399999999999,3.4247395978174877
110.485,3.432613045568067
110.486,3.4404865897930978
110.48699999999999,3.4483602131053206
110.488,3.4562338981530019
110.489,3.4641076276199287
110.48999999999999,3.4719813842253968
110.491,3.4798551507243385
110.492,3.4877289099073021
110.49299999999999,3.495602644600452
110.494,3.5034763376656812
110.495,3.5113499720005832
110.496,3.5192235305385147
110.497,3.5270969962485639
110.498,3.534970352135669
110.499,3.5428435812405956
110.5,3.5507166666399281
110.501,3.5585895914461769
110.502,3.566462338807757
110.503,3.5743348919089755
110.504,3.5822072339701378
110.505,3.5900793482475226
110.506,3.5979512180333675
110.50700000000001,3.6058228266559693
110.508,3.6136941574796495
110.509,3.621565193904801
110.51000000000001,3.6294359193678449
110.511,3.6373063173413422
110.512,3.6451763713339558
110.51300000000001,3.6530460648904297
110.514,3.6609153815916882
110.515,3.668784305054805
110.51600000000001,3.6766528189329772
110.517,3.6845209069156142
110.518,3.6923885527283158
110.51900000000001,3.7002557401328318
110.52,3.7081224529271615
110.521,3.7159886749455167
110.52200000000001,3.7238543900582872
110.523,3.7317195821721367
110.524,3.7395842352299451
110.52500000000001,3.7474483332108441
110.526,3.755311860130174
110.527,3.7631748000395535
110.52800000000001,3.7710371370268594
110.529,3.7788988552161715
110.53,3.7867599387678665
110.53100000000001,3.7946203718785747
110.532,3.8024801387811311
110.533,3.8103392237446689
110.53400000000001,3.8181976110745652
110.535,3.8260552851123992
110.536,3.8339122302360367
110.53700000000001,3.841768430859577
110.538,3.8496238714333066
110.539,3.8574785364437836
110.53999999999999,3.8653324104137634
110.541,3.8731854779022274
110.542,3.8810377235043165
110.54300000000001,3.8888891318514021
110.544,3.8967396876110389
110.545,3.904589375486907
110.54599999999999,3.9124381802188917
110.547,3.9202860865830145
110.548,3.928133079391396
110.54900000000001,3.9359791434923106
110.55,3.943824263770138
110.551,3.9516684251453018
110.55199999999999,3.9595116125743379
110.553,3.9673538110498372
110.554,3.9751950056003817
110.55500000000001,3.9830351812906137
110.556,3.9908743232211568
110.557,3.9987124165286225
110.55799999999999,4.0065494463855424
110.559,4.0143853980004192
110.56,4.0222202566176666
110.56100000000001,4.0300540075175455
110.562,4.0378866360162222
110.563,4.0457181274657001
110.56399999999999,4.0535484672537567
110.565,4.0613776408039959
110.566,4.0692056335757822
110.56700000000001,4.0770324310641746
110.568,4.0848580187999701
110.569,4.0926823823496488
110.56999999999999,4.100505507315285
110.571,4.1083273793346162
110.572,4.1161479840809445
110.57300000000001,4.1239673072631398
110.574,4.131785334625544
110.575,4.1396020519480299
110.57599999999999,4.1474174450459165
110.577,4.1552314997699007
110.578,4.1630442020060965
110.57900000000001,4.1708555376759637
110.58,4.1786654927362274
110.581,4.1864740531789231
110.58199999999999,4.1942812050313156
110.583,4.2020869343558207
110.584,4.2098912272500506
110.58500000000001,4.217694069846722
110.586,4.2254954483135858
110.587,4.2332953488534653
110.58799999999999,4.2410937577041476
110.589,4.2488906611383879
110.59,4.2566860454637894
110.59099999999999,4.2644798970228601
110.592,4.2722722021929123
110.593,4.2800629473859839
110.59399999999999,4.2878521190488748
110.595,4.2956397036630509
110.596,4.3034256877445625
110.59699999999999,4.3112100578440806
110.598,4.3189928005467966
110.599,4.3267739024723415
110.59999999999999,4.3345533502748115
110.601,4.3423311306426813
110.602,4.3501072302987076
110.60299999999999,4.3578816359999601
110.604,4.3656543345377194
110.605,4.3734253127374387
110.60599999999999,4.3811945574586506
110.607,4.3889620555949822
110.608,4.3967277940740672
110.60899999999999,4.4044917598574429
110.61,4.4122539399405802
110.611,4.4200143213527854
110.61199999999999,4.427772891157101
110.613,4.4355296364503278
110.614,4.4432845443629301
110.61499999999999,4.4510376020589284
110.616,4.458788796735929
110.617,4.4665381156250188
110.61799999999999,4.4742855459906634
110.619,4.4820310751307284
110.62,4.4897746903763638
110.621,4.497516379091965
110.622,4.5052561286750592
110.623,4.5129939265563213
110.624,4.5207297601994707
110.625,4.5284636171011634
110.626,4.5361954847910093
110.627,4.5439253508314668
110.628,4.5516532028177306
110.629,4.5593790283777551
110.63,4.5671028151721398
110.631,4.574824550894018
110.63200000000001,4.5825442232690801
110.633,4.5902618200554386
110.634,4.5979773290435944
110.63500000000001,4.6056907380563086
110.636,4.6134020349486144
110.637,4.6211112076077026
110.63800000000001,4.6288182439528152
110.639,4.6365231319352507
110.64,4.6442258595382491
110.64100000000001,4.6519264147768844
110.642,4.6596247856980648
110.643,4.667320960380426
110.64400000000001,4.6750149269342121
110.645,4.6827066735012783
110.646,4.6903961882549838
110.64700000000001,4.6980834594000669
110.648,4.7057684751726541
110.649,4.7134512238401314
110.65000000000001,4.7211316937010883
110.651,4.72880987308519
110.652,4.7364857503531788
110.65300000000001,4.744159313896759
110.654,4.7518305521384709
110.655,4.7594994535316975
110.65600000000001,4.7671660065605419
110.657,4.774830199739708
110.658,4.7824920216145008
110.65900000000001,4.7901514607607014
110.66,4.7978085057844497
110.661,4.8054631453222409
110.66200000000001,4.8131153680408056
110.663,4.820765162636981
110.664,4.8284125178377124
110.66499999999999,4.836057422399918
110.666,4.8436998651104295
110.667,4.8513398347858505
110.66800000000001,4.8589773202725581
110.669,4.8666123104465751
110.67,4.874244794213447
110.67099999999999,4.8818747605082304
110.672,4.8895021982953732
110.673,4.8971270965685827
110.67400000000001,4.904749444350827
110.675,4.9123692306941962
110.676,4.9199864446797843
110.67699999999999,4.9276010754176758
110.678,4.9352131120468226
110.679,4.94282254373491
110.68000000000001,4.9504293596783508
110.681,4.958033549102141
110.682,4.9656351012597995
110.68299999999999,4.9732340054332198
110.684,4.9808302509326676
110.685,4.9884238270966428
110.68600000000001,4.9960147232917524
110.687,5.0036029289126969
110.688,5.0111884333821433
110.68899999999999,5.0187712261505872
110.69,5.0263512966963475
110.691,5.0339286345254255
110.69200000000001,5.0415032291713802
110.693,5.0490750701953129
110.694,5.0566441471857297
110.69499999999999,5.0642104497584146
110.696,5.0717739675564131
110.697,5.0793346902498806
110.69800000000001,5.0868926075360203
110.699,5.0944477091389357
110.7,5.10199998480961
110.70099999999999,5.1095494243257749
110.702,5.117096017491777
110.703,5.1246397541385562
110.70400000000001,5.1321806241235191
110.705,5.1397186173303897
110.706,5.1472537236692055
110.70699999999999,5.1547859330761776
110.708,5.1623152355135478
110.709,5.1698416209695806
110.71000000000001,5.1773650794584167
110.711,5.1848856010199462
110.712,5.1924031757197788
110.71299999999999,5.1999177936491048
110.714,5.2074294449246157
110.715,5.21493811968835
110.71599999999999,5.2224438081076876
110.717,5.2299465003751955
110.718,5.2374461867085031
110.71899999999999,5.2449428573502699
110.72,5.2524365025680577
110.721,5.259927112654184
110.72199999999999,5.2674146779257054
110.723,5.2748991887242767
110.724,5.2823806354160103
110.72499999999999,5.2898590083914616
110.726,5.2973342980654774
110.727,5.3048064948770701
110.72799999999999,5.312275589289384
110.729,5.3197415717895495
110.73,5.3272044328886032
110.73099999999999,5.3346641631213441
110.732,5.3421207530462951
110.733,5.34957419324558
110.73399999999999,5.3570244743247688
110.735,5.364471586912865
110.736,5.3719155216621566
110.73699999999999,5.3793562692480794
110.738,5.3867938203691956
110.739,5.3942281657470481
110.73999999999999,5.4016592961260219
110.741,5.4090872022733176
110.742,5.4165118749788146
110.74299999999999,5.423933305054927
110.744,5.4313514833365772
110.745,5.4387664006810432
110.746,5.4461780479678863
110.747,5.4535864160987888
110.748,5.4609914959975328
110.749,5.4683932786098621
110.75,5.475791754903331
110.751,5.4831869158672877
110.752,5.4905787525127323
110.753,5.4979672558721662
110.754,5.5053524169995756
110.755,5.5127342269702879
110.756,5.5201126768808262
110.75700000000001,5.5274877578488848
110.758,5.5348594610131752
110.759,5.5422277775333502
110.76000000000001,5.5495926985898461
110.761,5.5569542153838558
110.762,5.5643123191371906
110.76300000000001,5.571667001092135
110.764,5.579018252511422
110.765,5.5863660646780904
110.76600000000001,5.5937104288953403
110.767,5.6010513364865133
110.768,5.6083887787949429
110.76900000000001,5.6157227471838187
110.77,5.6230532330361553
110.771,5.6303802277546522
110.77200000000001,5.6377037227615512
110.773,5.6450237094986129
110.774,5.6523401794269557
110.77500000000001,5.6596531240269874
110.776,5.6669625347982384
110.777,5.6742684032593456
110.77800000000001,5.6815707209479083
110.779,5.6888694794203394
110.78,5.6961646702518491
110.78100000000001,5.7034562850362978
110.782,5.7107443153860551
110.783,5.7180287529319731
110.78400000000001,5.7253095893232455
110.785,5.7325868162272684
110.786,5.7398604253296091
110.78700000000001,5.7471304083338692
110.788,5.7543967569615422
110.789,5.7616594629519859
110.78999999999999,5.7689185180622724
110.791,5.7761739140671047
110.792,5.7834256427586688
110.79300000000001,5.790673695946607
110.794,5.7979180654578739
110.795,5.8051587431366007
110.79599999999999,5.812395720844064
110.797,5.8196289904585505
110.798,5.8268585438752138
110.79900000000001,5.8340843730060508
110.8,5.8413064697797576
110.801,5.8485248261415981
110.80199999999999,5.8557394340533673
110.803,5.8629502854932634
110.804,5.870157372455739
110.80500000000001,5.8773606869514818
110.806,5.8845602210072592
110.807,5.8917559666658468
110.80799999999999,5.8989479159858718
110.809,5.9061360610417939
110.81,5.9133203939237582
110.81100000000001,5.9205009067374705
110.812,5.9276775916041569
110.813,5.9348504406604397
110.81399999999999,5.9420194460581897
110.815,5.9491845999645072
110.816,5.9563458945615846
110.81700000000001,5.9635033220465647
110.818,5.9706568746315227
110.819,5.9778065445433253
110.81999999999999,5.984952324023495
110.821,5.9920942053281872
110.822,5.9992321807280398
110.82300000000001,6.0063662425080997
110.824,6.0134963829676815
110.825,6.0206225944203311
110.82599999999999,6.0277448691937039
110.827,6.0348631996294166
110.828,6.0419775780830367
110.82900000000001,6.0490879969239408
110.83,6.0561944485351793
110.831,6.063296925313459
110.83199999999999,6.0703954196690049
110.833,6.0774899240254259
110.834,6.0845804308196971
110.83500000000001,6.0916669325020258
110.836,6.0987494215357119
110.837,6.1058278903971317
110.83799999999999,6.1129023315755964
110.839,6.1199727375732751
110.84,6.1270391009050496
110.84099999999999,6.1341014140984997
110.842,6.1411596696937707
110.843,6.1482138602434357
110.84399999999999,6.1552639783124796
110.845,6.1623100164781714
110.846,6.1693519673299289
110.84699999999999,6.1763898234692975
110.848,6.183423577509827
110.849,6.1904532220769379
110.84999999999999,6.1974787498078987
110.851,6.2045001533517024
110.852,6.2115174253689371
110.85299999999999,6.2185305585317625
110.854,6.2255395455237759
110.855,6.2325443790399389
110.85599999999999,6.2395450517864441
110.857,6.2465415564806905
110.858,6.2535338858511595
110.85899999999999,6.260522032637291
110.86,6.2675059895894609
110.861,6.2744857494688588
110.86199999999999,6.28146130504736
110.863,6.2884326491075093
110.864,6.2953997744423953
110.86499999999999,6.3023626738555283
110.866,6.309321340160821
110.867,6.3162757661824651
110.86799999999999,6.3232259447548094
110.869,6.3301718687223403
110.87,6.3371135309395505
110.871,6.3440509242708751
110.872,6.3509840415905536
110.873,6.357912875782624
110.874,6.3648374197407893
110.875,6.3717576663683033
110.876,6.3786736085779596
110.877,6.3855852392919612
110.878,6.3924925514418076
110.879,6.3993955379682808
110.88,6.4062941918213197
110.881,6.4131885059599121
110.88200000000001,6.4200784733520697
110.883,6.4269640869747038
110.884,6.4338453398135709
110.88500000000001,6.4407222248631282
110.886,6.4475947351265388
110.887,6.4544628636155492
110.88800000000001,6.4613266033503605
110.889,6.468185947359637
110.89,6.4750408886803772
110.89100000000001,6.481891420357802
110.892,6.4887375354453445
110.893,6.4955792270045345
110.89400000000001,6.5024164881048865
110.895,6.5092493118238863
110.896,6.5160776912468839
110.89700000000001,6.5229016194669658
110.898,6.52972108958497
110.899,6.5365360947093372
110.90000000000001,6.5433466279560744
110.901,6.5501526824486227
110.902,6.5569542513178503
110.90300000000001,6.5637513277019472
110.904,6.5705439047463052
110.905,6.577331975603526
110.90600000000001,6.5841155334332964
110.907,6.5908945714022824
110.908,6.5976690826841313
110.90900000000001,6.6044390604593586
110.91,6.611204497915236
110.911,6.6179653882457901
110.91200000000001,6.624721724651697
110.913,6.6314735003401708
110.914,6.638220708524968
110.91499999999999,6.6449633424262551
110.916,6.6517013952705772
110.917,6.6584348602907282
110.91800000000001,6.665163730725757
110.919,6.671887999820858
110.92,6.6786076608272653
110.92099999999999,6.6853227070022578
110.922,6.692033131609052
110.923,6.6987389279166969
110.92400000000001,6.7054400892000787
110.925,6.7121366087398169
110.926,6.7188284798221565
110.92699999999999,6.7255156957389826
110.928,6.7321982497877038
110.929,6.738876135271159
110.93000000000001,6.7455493454976292
110.931,6.752217873780701
110.932,6.758881713439254
110.93299999999999,6.7655408577973271
110.934,6.7721953001841317
110.935,6.7788450339339592
110.93600000000001,6.7854900523860682
110.937,6.7921303488847053
110.938,6.7987659167789989
110.93899999999999,6.8053967494228598
110.94,6.8120228401749996
110.941,6.8186441823988213
110.94200000000001,6.825260769462334
110.943,6.8318725947381571
110.944,6.8384796516034196
110.94499999999999,6.8450819334396771
110.946,6.8516794336329125
110.947,6.8582721455734337
110.94800000000001,6.8648600626558371
110.949,6.8714431782789038
110.95,6.8780214858456112
110.95099999999999,6.8845949787630394
110.952,6.8911636504422811
110.953,6.8977274942984517
110.95400000000001,6.9042865037506029
110.955,6.9108406722216262
110.956,6.9173899931382739
110.95699999999999,6.9239344599310595
110.958,6.9304740660341793
110.959,6.9370088048855187
110.96000000000001,6.9435386699265731
110.961,6.9500636546023502
110.962,6.956583752361392
110.96299999999999,6.9630989566556698
110.964,6.9696092609405689
110.965,6.9761146586747778
110.96599999999999,6.9826151433203094
110.967,6.9891107083424151
110.968,6.9956013472095071
110.96899999999999,7.0020870533931667
110.97,7.0085678203680697
110.971,7.0150436416118929
110.97199999999999,7.0215145106053463
110.973,7.0279804208320789
110.974,7.0344413657786049
110.97499999999999,7.0408973389343217
110.976,7.0473483337914269
110.977,7.0537943438448432
110.97799999999999,7.0602353625922323
110.979,7.0666713835339117
110.98,7.0731024001728269
110.98099999999999,7.0795284060144681
110.982,7.0859493945668826
110.983,7.0923653593406062
110.98399999999999,7.0987762938485828
110.985,7.1051821916061906
110.986,7.1115830461311633
110.98699999999999,7.1179788509435147
110.988,7.124369599565564
110.989,7.1307552855218646
110.98999999999999,7.1371359023391241
110.991,7.1435114435462319
110.992,7.1498819026741911
110.99299999999999,7.1562472732560432
110.994,7.1626075488268857
110.995,7.1689627229238058
110.996,7.1753127890858526
110.997,7.1816577408539573
110.998,7.1879975717709641
110.999,7.1943322753815586
111,7.2006618452322018
111.001,7.2069862748711486
111.002,7.213305557848396
111.003,7.2196196877156025
111.004,7.2259286580261231
111.005,7.2322324623349434
111.006,7.2385310941986054
111.00700000000001,7.244824547175253
111.008,7.2511128148245403
111.009,7.2573958907076346
111.01000000000001,7.2636737683871306
111.011,7.2699464414270869
111.012,7.2762139033929625
111.01300000000001,7.2824761478515558
111.014,7.2887331683710324
111.015,7.2949849585208693
111.01600000000001,7.301231511871789
111.017,7.3074728219957974
111.018,7.3137088824661207
111.01900000000001,7.319939686857146
111.02,7.3261652287444576
111.021,7.332385501704775
111.02200000000001,7.3386004993158966
111.023,7.3448102151567403
111.024,7.3510146428072654
111.02500000000001,7.3572137758484759
111.026,7.3634076078623512
111.027,7.3695961324318802
111.02800000000001,7.3757793431410104
111.029,7.3819572335745933
111.03,7.3881297973184141
