timestamp,signal
114,2.220202674598664
114.001,2.2200893820273526
114.002,2.2199769048608617
114.003,2.2198652590242269
114.004,2.2197544604180699
114.005,2.2196445249183783
114.006,2.2195354683762853
114.00700000000001,2.2194273066178454
114.008,2.2193200554438168
114.009,2.2192137306294311
114.01000000000001,2.2191083479241844
114.011,2.2190039230515959
114.012,2.2189004717090097
114.01300000000001,2.2187980095673505
114.014,2.2186965522709183
114.015,2.2185961154371494
114.01600000000001,2.2184967146564105
114.017,2.2183983654917618
114.018,2.2183010834787482
114.01900000000001,2.2182048841251616
114.02,2.2181097829108292
114.021,2.218015795287386
114.02200000000001,2.2179229366780548
114.023,2.2178312224774195
114.024,2.217740668051206
114.02500000000001,2.2176512887360516
114.026,2.2175630998392961
114.027,2.2174761166387449
114.02800000000001,2.2173903543824482
114.029,2.2173058282884872
114.03,2.2172225535447447
114.03100000000001,2.2171405453086739
114.032,2.2170598187070936
114.033,2.2169803888359478
114.03400000000001,2.2169022707600892
114.035,2.2168254795130622
114.036,2.2167500300968697
114.03700000000001,2.2166759374817544
114.038,2.2166032166059786
114.039,2.2165318823755951
114.04000000000001,2.2164619496642302
114.041,2.2163934333128545
114.042,2.2163263481295656
114.04300000000001,2.2162607088893669
114.044,2.2161965303339293
114.045,2.2161338271713955
114.04600000000001,2.2160726140761291
114.047,2.2160129056885141
114.048,2.2159547166147155
114.04900000000001,2.2158980614264703
114.05,2.2158429546608533
114.051,2.2157894108200691
114.05200000000001,2.2157374443712139
114.053,2.2156870697460618
114.054,2.2156383013408441
114.05500000000001,2.2155911535160246
114.056,2.2155456405960785
114.057,2.2155017768692686
114.05800000000001,2.2154595765874294
114.059,2.2154190539657361
114.06,2.2153802231824935
114.06100000000001,2.215343098378908
114.062,2.21530769365887
114.063,2.2152740230887318
114.06399999999999,2.2152421006970844
114.065,2.2152119404745405
114.066,2.2151835563735149
114.06699999999999,2.2151569623079981
114.068,2.2151321721533397
114.069,2.2151091997460348
114.06999999999999,2.2150880588834898
114.071,2.215068763323818
114.072,2.2150513267856069
114.07299999999999,2.2150357629477098
114.074,2.2150220854490206
114.075,2.2150103078882566
114.07599999999999,2.2150004438237376
114.077,2.2149925067731724
114.078,2.2149865102134365
114.07899999999999,2.2149824675803549
114.08,2.2149803922684841
114.081,2.2149802976308992
114.08199999999999,2.2149821969789643
114.083,2.2149861035821319
114.084,2.2149920306677116
114.08499999999999,2.2149999914206622
114.086,2.2150099989833762
114.087,2.2150220664554494
114.08799999999999,2.215036206893489
114.089,2.2150524333108761
114.09,2.2150707586775642
114.09099999999999,2.2150911959198556
114.092,2.2151137579201925
114.093,2.2151384575169386
114.09399999999999,2.21516530750417
114.095,2.215194320631455
114.096,2.2152255096036462
114.09699999999999,2.2152588870806627
114.098,2.2152944656772795
114.099,2.2153322579629156
114.09999999999999,2.2153722764614212
114.101,2.2154145336508653
114.102,2.2154590419633244
114.10299999999999,2.2155058137846662
114.104,2.2155548614543528
114.105,2.2156061972652146
114.10599999999999,2.2156598334632491
114.107,2.2157157822474045
114.108,2.2157740557693795
114.10899999999999,2.2158346661334041
114.11,2.2158976253960381
114.111,2.2159629455659631
114.11199999999999,2.2160306386037623
114.113,2.216100716421733
114.114,2.2161731908836622
114.11499999999999,2.2162480738046306
114.116,2.216325376950798
114.117,2.2164051120392014
114.11799999999999,2.2164872907375543
114.119,2.216571924664033
114.12,2.2166590253870759
114.121,2.2167486044251787
114.122,2.2168406732466908
114.123,2.2169352432696146
114.124,2.2170323258613971
114.125,2.2171319323387304
114.126,2.2172340739673495
114.127,2.2173387619618361
114.128,2.2174460074854063
114.129,2.2175558216497149
114.13,2.2176682155146596
114.131,2.2177832000881814
114.13200000000001,2.2179007863260534
114.133,2.2180209851316972
114.134,2.2181438073559776
114.13500000000001,2.2182692637970045
114.136,2.2183973651999378
114.137,2.2185281222567883
114.13800000000001,2.2186615456062246
114.139,2.2187976458333791
114.14,2.2189364334696435
114.14100000000001,2.2190779189924847
114.142,2.2192221128252458
114.143,2.2193690253369565
114.14400000000001,2.2195186668421338
114.145,2.2196710476005932
114.146,2.2198261778172599
114.14700000000001,2.2199840676419726
114.148,2.2201447271692962
114.149,2.2203081664383308
114.15000000000001,2.2204743954325168
114.151,2.2206434240794595
114.152,2.220815262250726
114.15300000000001,2.2209899197616672
114.154,2.2211674063712237
114.155,2.2213477317817496
114.15600000000001,2.2215309056388124
114.157,2.2217169375310197
114.158,2.2219058369898295
114.15900000000001,2.2220976134893644
114.16,2.2222922764462361
114.161,2.2224898352193496
114.16200000000001,2.2226902991097384
114.163,2.222893677360362
114.164,2.2230999791559447
114.16500000000001,2.2233092136227826
114.166,2.2235213898285693
114.167,2.2237365167822212
114.16800000000001,2.223954603433687
114.169,2.2241756586737798
114.17,2.2243996913340034
114.17100000000001,2.2246267101863624
114.172,2.2248567239432031
114.173,2.2250897412570247
114.17400000000001,2.225325770720314
114.175,2.225564820865372
114.176,2.2258069001641343
114.17700000000001,2.2260520170280085
114.178,2.2263001798076911
114.179,2.2265513967930111
114.18000000000001,2.2268056762127526
114.181,2.2270630262344802
114.182,2.2273234549643832
114.18300000000001,2.2275869704471005
114.184,2.2278535806655566
114.185,2.2281232935407886
114.18600000000001,2.2283961169317932
114.187,2.2286720586353526
114.188,2.2289511263858732
114.18899999999999,2.2292333278552241
114.19,2.2295186706525736
114.191,2.2298071623242302
114.19199999999999,2.2300988103534767
114.193,2.2303936221604164
114.194,2.2306916051018097
114.19499999999999,2.2309927664709197
114.196,2.231297113497352
114.197,2.2316046533468965
114.19799999999999,2.2319153931213758
114.199,2.23222933985849
114.2,2.2325465005316598
114.20099999999999,2.2328668820498714
114.202,2.2331904912575324
114.203,2.2335173349343114
114.20399999999999,2.2338474197949889
114.205,2.2341807524893138
114.206,2.234517339601847
114.20699999999999,2.2348571876518144
114.208,2.235200303092963
114.209,2.2355466923134144
114.20999999999999,2.2358963616355094
114.211,2.2362493173156808
114.212,2.2366055655442914
114.21299999999999,2.2369651124455028
114.214,2.2373279640771329
114.215,2.2376941264305064
114.21599999999999,2.2380636054303222
114.217,2.2384364069345071
114.218,2.2388125367340885
114.21899999999999,2.2391920005530492
114.22,2.2395748040481847
114.221,2.2399609528089819
114.22199999999999,2.2403504523574731
114.223,2.2407433081481027
114.224,2.2411395255676063
114.22499999999999,2.2415391099348594
114.226,2.2419420665007612
114.227,2.2423484004481002
114.22799999999999,2.2427581168914239
114.229,2.2431712208769099
114.23,2.2435877173822414
114.23099999999999,2.2440076113164786
114.232,2.2444309075199325
114.233,2.2448576107640479
114.23399999999999,2.2452877257512673
114.235,2.2457212571149188
114.236,2.2461582094190908
114.23699999999999,2.2465985871585143
114.238,2.2470423947584353
114.239,2.2474896365745081
114.23999999999999,2.2479403168926684
114.241,2.2483944399290214
114.242,2.2488520098297262
114.24299999999999,2.2493130306708791
114.244,2.2497775064584009
114.245,2.2502454411279276
114.246,2.2507168385446934
114.247,2.251191702503426
114.248,2.2516700367282336
114.249,2.2521518448724946
114.25,2.2526371305187616
114.251,2.2531258971786374
114.252,2.2536181482926851
114.253,2.2541138872303179
114.254,2.2546131172896948
114.255,2.2551158416976227
114.256,2.2556220636094491
114.25700000000001,2.2561317861089685
114.258,2.2566450122083195
114.259,2.2571617448478913
114.26000000000001,2.2576819868962246
114.261,2.2582057411499141
114.262,2.2587330103335135
114.26300000000001,2.2592637970994489
114.264,2.2597981040279218
114.265,2.2603359336268123
114.26600000000001,2.2608772883316011
114.267,2.2614221705052704
114.268,2.261970582438221
114.26900000000001,2.2625225263481861
114.27,2.2630780043801386
114.271,2.2636370186062122
114.27200000000001,2.2641995710256215
114.273,2.2647656635645737
114.274,2.2653352980761858
114.27500000000001,2.2659084763404125
114.276,2.2664852000639573
114.277,2.267065470880206
114.27800000000001,2.2676492903491368
114.279,2.2682366599572572
114.28,2.2688275811175216
114.28100000000001,2.2694220551692608
114.282,2.2700200833781095
114.283,2.2706216669359374
114.28400000000001,2.2712268069607755
114.285,2.2718355044967482
114.286,2.2724477605140114
114.28700000000001,2.2730635759086777
114.288,2.2736829515027606
114.289,2.2743058880440978
114.29000000000001,2.2749323862063009
114.291,2.2755624465886872
114.292,2.2761960697162231
114.29300000000001,2.2768332560394624
114.294,2.2774740059344869
114.295,2.2781183197028474
114.29600000000001,2.278766197571521
114.297,2.2794176396928405
114.298,2.28007264614445
114.29900000000001,2.2807312169292495
114.3,2.2813933519753462
114.301,2.2820590511360073
114.30200000000001,2.2827283141896038
114.303,2.2834011408395662
114.304,2.2840775307143448
114.30500000000001,2.284757483367359
114.306,2.2854409982769499
114.307,2.2861280748463493
114.30800000000001,2.2868187124036292
114.309,2.2875129102016625
114.31,2.2882106674180904
114.31100000000001,2.2889119831552773
114.312,2.2896168564402806
114.313,2.2903252862248116
114.31399999999999,2.2910372713852083
114.315,2.2917528107223899
114.316,2.2924719029618417
114.31699999999999,2.2931945467535697
114.318,2.2939207406720881
114.319,2.2946504832163748
114.31999999999999,2.2953837728098585
114.321,2.2961206078003853
114.322,2.2968609864602021
114.32299999999999,2.297604906985923
114.324,2.298352367498524
114.325,2.2991033660433065
114.32599999999999,2.299857900589894
114.327,2.3006159690322017
114.328,2.3013775691884275
114.32899999999999,2.3021426988010312
114.33,2.3029113555367324
114.331,2.3036835369864841
114.33199999999999,2.3044592406654751
114.333,2.3052384640131049
114.334,2.3060212043929926
114.33499999999999,2.3068074590929548
114.336,2.3075972253250097
114.337,2.3083905002253622
114.33799999999999,2.3091872808544163
114.339,2.3099875641967524
114.34,2.3107913471611488
114.34099999999999,2.3115986265805635
114.342,2.3124093992121475
114.343,2.3132236617372408
114.34399999999999,2.3140414107613858
114.345,2.3148626428143193
114.346,2.3156873543499956
114.34699999999999,2.3165155417465804
114.348,2.3173472013064713
114.349,2.3181823292563037
114.34999999999999,2.3190209217469619
114.351,2.3198629748535931
114.352,2.3207084845756274
114.35299999999999,2.3215574468367883
114.354,2.3224098574851118
114.355,2.3232657122929665
114.35599999999999,2.3241250069570705
114.357,2.3249877370985166
114.358,2.3258538982627965
114.35899999999999,2.3267234859198145
114.36,2.3275964954639266
114.361,2.3284729222139577
114.36199999999999,2.3293527614132365
114.363,2.3302360082296145
114.364,2.3311226577555102
114.36499999999999,2.3320127050079309
114.366,2.3329061449285118
114.367,2.3338029723835438
114.36799999999999,2.334703182164017
114.369,2.3356067689856559
114.37,2.3365137274889585
114.371,2.3374240522392298
114.372,2.3383377377266292
114.373,2.3392547783662212
114.374,2.3401751684979972
114.375,2.3410989023869426
114.376,2.3420259742230733
114.377,2.3429563781214848
114.378,2.3438901081223995
114.379,2.3448271581912237
114.38,2.3457675222185985
114.381,2.3467111940204433
114.38200000000001,2.3476581673380195
114.383,2.3486084358379884
114.384,2.3495619931124603
114.38500000000001,2.3505188326790614
114.386,2.3514789479809881
114.387,2.3524423323870698
114.38800000000001,2.3534089791918342
114.389,2.3543788816155695
114.39,2.3553520328043858
114.39100000000001,2.3563284258302883
114.392,2.3573080536912445
114.393,2.3582909093112492
114.39400000000001,2.3592769855403986
114.395,2.3602662751549626
114.396,2.3612587708574533
114.39700000000001,2.3622544652767115
114.398,2.3632533509679701
114.399,2.3642554204129316
114.40000000000001,2.3652606660198643
114.401,2.3662690801236597
114.402,2.3672806549859269
114.40300000000001,2.3682953827950781
114.404,2.3693132556663974
114.405,2.3703342656421453
114.40600000000001,2.3713584046916343
114.407,2.3723856647113166
114.408,2.3734160375248785
114.40900000000001,2.3744495148833322
114.41,2.3754860884650975
114.411,2.3765257498761136
114.41200000000001,2.377568490649911
114.413,2.3786143022477297
114.414,2.3796631760586013
114.41500000000001,2.3807151033994596
114.416,2.3817700755152282
114.417,2.3828280835789335
114.41800000000001,2.3838891186917981
114.419,2.384953171883359
114.42,2.3860202341115504
114.42100000000001,2.387090296262838
114.422,2.3881633491523035
114.423,2.3892393835237691
114.42400000000001,2.3903183900498992
114.425,2.3914003593323248
114.426,2.3924852819017399
114.42700000000001,2.3935731482180298
114.428,2.3946639486703827
114.429,2.3957576735774113
114.43000000000001,2.3968543131872582
114.431,2.3979538576777397
114.432,2.3990562971564402
114.43300000000001,2.4001616216608559
114.434,2.4012698211585097
114.435,2.4023808855470805
114.43600000000001,2.4034948046545224
114.437,2.4046115682392042
114.438,2.4057311659900291
114.43899999999999,2.4068535875265735
114.44,2.4079788223992078
114.441,2.409106860089246
114.44199999999999,2.4102376900090627
114.443,2.4113713015022444
114.444,2.4125076838437138
114.44499999999999,2.4136468262398814
114.446,2.4147887178287735
114.447,2.415933347680185
114.44799999999999,2.4170807047958047
114.449,2.4182307781093821
114.45,2.4193835564868515
114.45099999999999,2.4205390287264952
114.452,2.4216971835590746
114.453,2.4228580096479972
114.45399999999999,2.4240214955894506
114.455,2.4251876299125668
114.456,2.4263564010795644
114.45699999999999,2.4275277974859129
114.458,2.4287018074604791
114.459,2.4298784192656955
114.45999999999999,2.4310576210977
114.461,2.4322394010865165
114.462,2.4334237472961968
114.46299999999999,2.434610647725
114.464,2.4358000903055368
114.465,2.436992062904952
114.46599999999999,2.4381865533250755
114.467,2.4393835493026046
114.468,2.4405830385092488
114.46899999999999,2.4417850085519315
114.47,2.4429894469729301
114.471,2.4441963412500649
114.47199999999999,2.4454056787968703
114.473,2.4466174469627684
114.474,2.4478316330332404
114.47499999999999,2.4490482242300118
114.476,2.4502672077112213
114.477,2.451488570571609
114.47799999999999,2.4527122998426929
114.479,2.4539383824929524
114.48,2.455166805428008
114.48099999999999,2.4563975554908115
114.482,2.4576306194618285
114.483,2.4588659840592237
114.48399999999999,2.4601036359390562
114.485,2.4613435616954558
114.486,2.4625857478608317
114.48699999999999,2.4638301809060481
114.488,2.4650768472406219
114.489,2.4663257332129276
114.48999999999999,2.4675768251103785
114.491,2.4688301091596285
114.492,2.4700855715267731
114.49299999999999,2.4713431983175438
114.494,2.4726029755775172
114.495,2.4738648892923014
114.496,2.4751289253877529
114.497,2.4763950697301778
114.498,2.4776633081265294
114.499,2.4789336263246224
114.5,2.4802060100133372
114.501,2.4814804448228296
114.502,2.4827569163247438
114.503,2.4840354100324133
114.504,2.4853159114010839
114.505,2.4865984058281234
114.506,2.4878828786532345
114.50700000000001,2.4891693151586747
114.508,2.4904577005694688
114.509,2.4917480200536284
114.51000000000001,2.4930402587223726
114.511,2.4943344016303484
114.512,2.4956304337758453
114.51300000000001,2.4969283401010332
114.514,2.4982281054921716
114.515,2.4995297147798397
114.51600000000001,2.5008331527391618
114.517,2.5021384040900387
114.518,2.5034454534973754
114.51900000000001,2.504754285571297
114.52,2.5060648848674028
114.521,2.507377235886977
114.52200000000001,2.5086913230772376
114.523,2.5100071308315557
114.524,2.5113246434896985
114.52500000000001,2.5126438453380708
114.526,2.513964720609942
114.527,2.5152872534856874
114.52800000000001,2.5166114280930323
114.529,2.5179372285072845
114.53,2.5192646387515869
114.53100000000001,2.5205936427971483
114.532,2.5219242245634952
114.533,2.5232563679187145
114.53400000000001,2.5245900566796986
114.535,2.5259252746123919
114.536,2.5272620054320414
114.53700000000001,2.5286002328034445
114.538,2.529939940341198
114.539,2.5312811116099518
114.54000000000001,2.5326237301246541
114.541,2.5339677793508191
114.542,2.5353132427047664
114.54300000000001,2.5366601035538845
114.544,2.5380083452168836
114.545,2.5393579509640571
114.54600000000001,2.540708904017535
114.547,2.5420611875515489
114.548,2.5434147846926867
114.54900000000001,2.5447696785201566
114.55,2.5461258520660532
114.551,2.5474832883156133
114.55200000000001,2.5488419702074876
114.553,2.5502018806340052
114.554,2.551563002441434
114.55500000000001,2.5529253184302516
114.556,2.5542888113554207
114.557,2.5556534639266451
114.55800000000001,2.5570192588086553
114.559,2.5583861786214621
114.56,2.5597542059406444
114.56100000000001,2.5611233232976169
114.562,2.5624935131799016
114.563,2.5638647580314071
114.56399999999999,2.5652370402527023
114.565,2.5666103422012925
114.566,2.5679846461919005
114.56699999999999,2.5693599344967457
114.568,2.5707361893458178
114.569,2.5721133929271653
114.56999999999999,2.5734915273871706
114.571,2.5748705748308383
114.572,2.5762505173220771
114.57299999999999,2.5776313368839778
114.574,2.579013015499108
114.575,2.5803955351097931
114.57599999999999,2.5817788776184041
114.577,2.5831630248876452
114.578,2.5845479587408424
114.57899999999999,2.5859336609622372
114.58,2.5873201132972703
114.581,2.5887072974528746
114.58199999999999,2.5900951950977733
114.583,2.5914837878627703
114.584,2.5928730573410368
114.58499999999999,2.5942629850884145
114.586,2.5956535526237108
114.587,2.5970447414289901
114.58799999999999,2.5984365329498762
114.589,2.5998289085958493
114.59,2.6012218497405386
114.59099999999999,2.6026153377220336
114.592,2.6040093538431739
114.593,2.605403879371857
114.59399999999999,2.6067988955413379
114.595,2.6081943835505332
114.596,2.6095903245643215
114.59699999999999,2.6109866997138536
114.598,2.6123834900968519
114.599,2.6137806767779201
114.59999999999999,2.61517824078885
114.601,2.6165761631289239
114.602,2.6179744247652317
114.60299999999999,2.6193730066329746
114.604,2.620771889635773
114.605,2.6221710546459773
114.60599999999999,2.6235704825049879
114.607,2.6249701540235537
114.608,2.6263700499820963
114.60899999999999,2.6277701511310174
114.61,2.6291704381910095
114.611,2.6305708918533854
114.61199999999999,2.6319714927803743
114.613,2.6333722216054514
114.614,2.6347730589336482
114.61499999999999,2.6361739853418769
114.616,2.6375749813792404
114.617,2.6389760275673586
114.61799999999999,2.6403771044006792
114.619,2.6417781923468087
114.62,2.6431792718468228
114.621,2.6445803233156
114.622,2.6459813271421275
114.623,2.647382263689841
114.624,2.6487831132969379
114.625,2.6501838562767004
114.626,2.6515844729178304
114.627,2.6529849434847597
114.628,2.6543852482179928
114.629,2.6557853673344169
114.63,2.6571852810276426
114.631,2.6585849694683241
114.63200000000001,2.6599844128044881
114.633,2.6613835911618646
114.634,2.6627824846442136
114.63500000000001,2.6641810733336624
114.636,2.6655793372910264
114.637,2.666977256556144
114.63800000000001,2.6683748111482104
114.639,2.6697719810661082
114.64,2.6711687462887412
114.64100000000001,2.6725650867753621
114.642,2.6739609824659163
114.643,2.6753564132813676
114.64400000000001,2.6767513591240357
114.645,2.678145799877933
114.646,2.6795397154090996
114.64700000000001,2.6809330855659375
114.648,2.6823258901795524
114.649,2.6837181090640834
114.65000000000001,2.6851097220170481
114.651,2.6865007088196795
114.652,2.6878910492372579
114.65300000000001,2.6892807230194582
114.654,2.690669709900686
114.655,2.69205798960042
114.65600000000001,2.6934455418235483
114.657,2.6948323462607138
114.658,2.6962183825886479
114.65900000000001,2.6976036304705264
114.66,2.6989880695562967
114.661,2.7003716794830264
114.66200000000001,2.7017544398752507
114.663,2.7031363303453086
114.664,2.7045173304936916
114.66500000000001,2.7058974199093835
114.666,2.7072765781702097
114.667,2.7086547848431799
114.66800000000001,2.710032019484832
114.669,2.7114082616415778
114.67,2.712783490850053
114.67100000000001,2.7141576866374595
114.672,2.7155308285219131
114.673,2.7169028960127912
114.67400000000001,2.7182738686110777
114.675,2.719643725809715
114.676,2.7210124470939485
114.67700000000001,2.7223800119416754
114.678,2.723746399823793
114.679,2.7251115902045506
114.68000000000001,2.7264755625418942
114.681,2.7278382962878145
114.682,2.7291997708887084
114.68300000000001,2.7305599657857162
114.684,2.7319188604150733
114.685,2.7332764342084683
114.68600000000001,2.7346326665933867
114.687,2.7359875369934645
114.688,2.7373410248288379
114.68899999999999,2.7386931095164986
114.69,2.7400437704706406
114.691,2.7413929871030143
114.69199999999999,2.7427407388232816
114.693,2.7440870050393591
114.694,2.7454317651577833
114.69499999999999,2.7467749985840504
114.696,2.748116684722981
114.697,2.7494568029790618
114.69799999999999,2.7507953327568111
114.699,2.7521322534611175
114.7,2.7534675444976098
114.70099999999999,2.7548011852729957
114.702,2.7561331551954238
114.703,2.7574634336748378
114.70399999999999,2.758792000123329
114.705,2.7601188339554898
114.706,2.7614439145887633
114.70699999999999,2.762767221443811
114.708,2.7640887339448565
114.709,2.7654084315200396
114.70999999999999,2.7667262936017778
114.711,2.7680422996271168
114.712,2.7693564290380883
114.71299999999999,2.7706686612820577
114.714,2.7719789758120905
114.715,2.7732873520872969
114.71599999999999,2.7745937695731935
114.717,2.7758982077420535
114.718,2.7772006460732714
114.71899999999999,2.7785010640537027
114.72,2.7797994411780347
114.721,2.7810957569491341
114.72199999999999,2.7823899908784018
114.723,2.7836821224861272
114.724,2.7849721313018532
114.72499999999999,2.7862599968647195
114.726,2.7875456987238234
114.727,2.7888292164385753
114.72799999999999,2.7901105295790529
114.729,2.7913896177263573
114.73,2.792666460472967
114.73099999999999,2.7939410374230911
114.732,2.7952133281930336
114.733,2.7964833124115347
114.73399999999999,2.7977509697201337
114.735,2.7990162797735283
114.736,2.8002792222399164
114.73699999999999,2.8015397768013659
114.738,2.8027979231541535
114.739,2.8040536410091335
114.73999999999999,2.8053069100920847
114.741,2.806557710144066
114.742,2.8078060209217672
114.74299999999999,2.8090518221978713
114.744,2.8102950937614013
114.745,2.8115358154180763
114.746,2.8127739669906648
114.747,2.814009528319338
114.748,2.8152424792620243
114.749,2.8164727996947598
114.75,2.8177004695120456
114.751,2.8189254686271941
114.752,2.8201477769726888
114.753,2.8213673745005319
114.754,2.8225842411825957
114.755,2.8237983570109777
114.756,2.8250097019983542
114.75700000000001,2.8262182561783251
114.758,2.8274239996057684
114.759,2.8286269123571959
114.76000000000001,2.8298269745310991
114.761,2.8310241662482936
114.762,2.8322184676522837
114.76300000000001,2.8334098589096022
114.764,2.8345983202101666
114.765,2.8357838317676198
114.76600000000001,2.8369663738196853
114.767,2.8381459266285196
114.768,2.8393224704810534
114.76900000000001,2.8404959856893446
114.77,2.8416664525909203
114.771,2.8428338515491332
114.77200000000001,2.8439981629535076
114.773,2.8451593672200786
114.774,2.8463174447917448
114.77500000000001,2.8474723761386151
114.776,2.8486241417583522
114.777,2.8497727221765228
114.77800000000001,2.8509180979469328
114.779,2.8520602496519873
114.78,2.8531991579030214
114.78100000000001,2.854334803340651
114.782,2.8554671666351155
114.783,2.8565962284866213
114.78400000000001,2.8577219696256884
114.785,2.8588443708134821
114.786,2.859963412842168
114.78700000000001,2.8610790765352458
114.788,2.8621913427478933
114.789,2.8633001923673089
114.79000000000001,2.8644056063130452
114.791,2.8655075655373605
114.792,2.8666060510255487
114.79300000000001,2.8677010437962807
114.794,2.8687925249019441
114.795,2.8698804754289808
114.79600000000001,2.8709648764982285
114.797,2.8720457092652492
114.798,2.8731229549206758
114.79900000000001,2.8741965946905403
114.8,2.8752666098366153
114.801,2.8763329816567458
114.80200000000001,2.8773956914851815
114.803,2.8784547206929201
114.804,2.8795100506880309
114.80500000000001,2.8805616629159938
114.806,2.8816095388600296
114.807,2.8826536600414316
114.80800000000001,2.8836940080198992
114.809,2.8847305643938683
114.81,2.8857633108008369
114.81100000000001,2.8867922289177015
114.812,2.8878173004610841
114.813,2.8888385071876592
114.81399999999999,2.8898558308944806
114.815,2.8908692534193152
114.816,2.8918787566409589
114.81699999999999,2.8928843224795746
114.818,2.8938859328970135
114.819,2.8948835698971305
114.81999999999999,2.8958772155261268
114.821,2.8968668518728542
114.822,2.8978524610691556
114.82299999999999,2.8988340252901725
114.824,2.8998115267546756
114.825,2.9007849477253851
114.82599999999999,2.9017542705092882
114.827,2.9027194774579574
114.828,2.9036805509678758
114.82899999999999,2.9046374734807481
114.83,2.9055902274838261
114.831,2.9065387955102144
114.83199999999999,2.9074831601392006
114.833,2.9084233039965577
114.834,2.9093592097548711
114.83499999999999,2.9102908601338355
114.836,2.9112182379005898
114.837,2.912141325870016
114.83799999999999,2.9130601069050481
114.839,2.9139745639169958
114.84,2.914884679865843
114.84099999999999,2.9157904377605646
114.842,2.9166918206594361
114.843,2.9175888116703286
114.84399999999999,2.9184813939510357
114.845,2.9193695507095665
114.846,2.9202532652044546
114.84699999999999,2.9211325207450614
114.848,2.9220073006918863
114.849,2.9228775884568603
114.84999999999999,2.9237433675036599
114.851,2.9246046213479997
114.852,2.9254613335579318
114.85299999999999,2.9263134877541574
114.854,2.9271610676103146
114.855,2.9280040568532812
114.85599999999999,2.9288424392634709
114.857,2.929676198675133
114.858,2.9305053189766448
114.85899999999999,2.9313297841108015
114.86,2.9321495780751268
114.861,2.9329646849221462
114.86199999999999,2.9337750887596945
114.863,2.9345807737511942
114.864,2.9353817241159588
114.86499999999999,2.9361779241294728
114.866,2.9369693581236844
114.867,2.9377560104872926
114.86799999999999,2.9385378656660333
114.869,2.939314908162967
114.87,2.9400871225387628
114.871,2.9408544934119782
114.872,2.9416170054593498
114.873,2.942374643416072
114.874,2.943127392076077
114.875,2.9438752362923126
114.876,2.9446181609770297
114.877,2.9453561511020556
114.878,2.9460891916990661
114.879,2.9468172678598719
114.88,2.9475403647366853
114.881,2.9482584675424053
114.88200000000001,2.9489715615508776
114.883,2.9496796320971748
114.884,2.9503826645778681
114.88500000000001,2.9510806444512947
114.886,2.9517735572378321
114.887,2.952461388520156
114.88800000000001,2.9531441239435199
114.889,2.953821749216015
114.89,2.9544942501088354
114.89100000000001,2.9551616124565436
114.892,2.9558238221573343
114.893,2.956480865173293
114.89400000000001,2.9571327275306629
114.895,2.9577793953200984
114.896,2.9584208546969313
114.89700000000001,2.9590570918814212
114.898,2.9596880931590155
114.899,2.960313844880607
114.90000000000001,2.9609343334627858
114.901,2.9615495453880953
114.902,2.9621594672052813
114.90300000000001,2.9627640855295438
114.904,2.9633633870427918
114.905,2.9639573584938894
114.90600000000001,2.964545986698901
114.907,2.9651292585413396
114.908,2.9657071609724177
114.90900000000001,2.9662796810112844
114.91,2.9668468057452757
114.911,2.9674085223301501
114.91200000000001,2.9679648179903344
114.913,2.968515680019165
114.914,2.9690610957791201
114.91500000000001,2.969601052702064
114.916,2.9701355382894818
114.917,2.9706645401127121
114.91800000000001,2.9711880458131867
114.919,2.9717060431026563
114.92,2.9722185197634317
114.92100000000001,2.9727254636486053
114.922,2.9732268626822842
114.923,2.9737227048598238
114.92400000000001,2.9742129782480444
114.925,2.9746976709854676
114.926,2.9751767712825306
114.92700000000001,2.975650267421821
114.928,2.9761181477582874
114.929,2.9765804007194747
114.93000000000001,2.9770370148057257
114.931,2.9774879785904171
114.932,2.9779332807201655
114.93300000000001,2.978372909915048
114.934,2.978806854968818
114.935,2.979235104749117
114.93600000000001,2.9796576481976844
114.937,2.9800744743305758
114.938,2.9804855722383632
114.93899999999999,2.9808909310863569
114.94,2.981290540114796
114.941,2.9816843886390694
114.94199999999999,2.9820724660499125
114.943,2.982454761813615
114.944,2.9828312654722176
114.94499999999999,2.9832019666437168
114.946,2.9835668550222678
114.947,2.9839259203783746
114.94799999999999,2.984279152559095
114.949,2.9846265414882294
114.95,2.9849680771665255
114.95099999999999,2.9853037496718566
114.952,2.9856335491594277
114.953,2.9859574658619565
114.95399999999999,2.9862754900898678
114.955,2.9865876122314803
114.956,2.9868938227531903
114.95699999999999,2.9871941121996612
114.958,2.9874884711940051
114.959,2.9877768904379636
114.95999999999999,2.9880593607120933
114.961,2.9883358728759424
114.962,2.988606417868231
114.96299999999999,2.9888709867070271
114.964,2.9891295704899199
114.965,2.9893821603942006
114.96599999999999,2.9896287476770311
114.967,2.9898693236756184
114.968,2.9901038798073767
114.96899999999999,2.990332407570111
114.97,2.9905548985421695
114.971,2.990771344382622
114.97199999999999,2.9909817368314169
114.973,2.9911860677095463
114.974,2.9913843289192124
114.97499999999999,2.9915765124439821
114.976,2.9917626103489505
114.977,2.9919426147808936
114.97799999999999,2.9921165179684341
114.979,2.9922843122221878
114.98,2.9924459899349203
114.98099999999999,2.9926015435816979
114.982,2.9927509657200444
114.983,2.9928942489900789
114.98399999999999,2.9930313861146769
114.985,2.9931623698996082
114.986,2.9932871932336855
114.98699999999999,2.9934058490889037
114.988,2.9935183305205912
114.989,2.9936246306675431
114.98999999999999,2.9937247427521614
114.991,2.9938186600805969
114.992,2.9939063760428803
114.99299999999999,2.9939878841130625
114.994,2.9940631778493478
114.995,2.9941322508942201
114.996,2.9941950969745812
114.997,2.9942517099018757
114.998,2.9943020835722209
114.999,2.9943462119665312
115,2.9943840891506444
115.001,2.9944157092754464
115.002,2.9944410665769907
115.003,2.9944601553766184
115.004,2.9944729700810844
115.005,2.9944795051826616
115.006,2.9944797552592739
115.00700000000001,2.9944737149745926
115.008,2.9944613790781656
115.009,2.9944427424055196
115.01000000000001,2.9944177998782764
115.011,2.9943865465042516
115.012,2.9943489773775744
115.01300000000001,2.9943050876787884
115.014,2.9942548726749481
115.015,2.9941983277197357
115.01600000000001,2.9941354482535498
115.017,2.9940662298036145
115.018,2.9939906679840718
115.01900000000001,2.9939087584960808
115.02,2.993820497127913
115.021,2.9937258797550439
115.02200000000001,2.9936249023402479
115.023,2.9935175609336904
115.024,2.9934038516730106
115.02500000000001,2.9932837707834157
115.026,2.993157314577763
115.027,2.9930244794566492
115.02800000000001,2.9928852619084889
115.029,2.9927396585095991
115.03,2.9925876659242769
115.03100000000001,2.9924292809048811
115.032,2.9922645002919066
115.033,2.9920933210140621
115.03400000000001,2.9919157400883427
115.035,2.9917317546201048
115.036,2.9915413618031343
115.03700000000001,2.9913445589197138
115.038,2.9911413433406997
115.039,2.9909317125255814
115.04000000000001,2.9907156640225425
115.041,2.990493195468535
115.042,2.9902643045893345
115.04300000000001,2.9900289891995984
115.044,2.9897872472029303
115.045,2.9895390765919361
115.04600000000001,2.9892844754482737
115.047,2.9890234419427162
115.048,2.988755974335195
115.04900000000001,2.988482070974861
115.05,2.9882017303001236
115.051,2.9879149508387086
115.05200000000001,2.9876217312076983
115.053,2.9873220701135783
115.054,2.9870159663522773
115.05500000000001,2.9867034188092179
115.056,2.986384426459348
115.057,2.9860589883671826
115.05800000000001,2.9857271036868411
115.059,2.9853887716620835
115.06,2.9850439916263447
115.06100000000001,2.984692763002764
115.062,2.9843350853042176
115.063,2.9839709581333538
115.06399999999999,2.9836003811826082
115.065,2.983223354234243
115.066,2.9828398771603655
115.06699999999999,2.9824499499229469
115.068,2.9820535725738599
115.069,2.9816507452548739
115.06999999999999,2.9812414681976991
115.071,2.9808257417239865
115.072,2.9804035662453496
115.07299999999999,2.9799749422633797
115.074,2.9795398703696541
115.075,2.9790983512457472
115.07599999999999,2.9786503856632458
115.077,2.9781959744837496
115.078,2.9777351186588774
115.07899999999999,2.9772678192302817
115.08,2.9767940773296386
115.081,2.9763138941786558
115.08199999999999,2.9758272710890727
115.083,2.9753342094626594
115.084,2.9748347107912081
115.08499999999999,2.9743287766565354
115.086,2.9738164087304697
115.087,2.9732976087748519
115.08799999999999,2.972772378641515
115.089,2.9722407202722807
115.09,2.9717026356989464
115.09099999999999,2.9711581270432665
115.092,2.9706071965169447
115.093,2.9700498464216056
115.09399999999999,2.9694860791487887
115.095,2.9689158971799179
115.096,2.9683393030862866
115.09699999999999,2.9677562995290296
115.098,2.9671668892591012
115.099,2.9665710751172454
115.09999999999999,2.9659688600339753
115.101,2.9653602470295337
115.102,2.9647452392138693
115.10299999999999,2.9641238397866032
115.104,2.9634960520369868
115.105,2.9628618793438797
115.10599999999999,2.9622213251757041
115.107,2.9615743930904035
115.108,2.9609210867354108
115.10899999999999,2.9602614098475972
115.11,2.9595953662532364
115.111,2.9589229598679596
115.11199999999999,2.9582441946967029
115.113,2.9575590748336587
115.114,2.9568676044622397
115.11499999999999,2.9561697878550115
115.116,2.9554656293736472
115.117,2.9547551334688769
115.11799999999999,2.9540383046804251
115.119,2.953315147636959
115.12,2.952585667056026
115.121,2.9518498677439924
115.122,2.9511077545959941
115.123,2.950359332595851
115.124,2.9496046068160244
115.125,2.9488435824175387
115.126,2.9480762646499139
115.127,2.9473026588511018
115.128,2.9465227704474102
115.129,2.9457366049534355
115.13,2.9449441679719803
115.131,2.9441454651939893
115.13200000000001,2.9433405023984656
115.133,2.9425292854523941
115.134,2.9417118203106565
115.13500000000001,2.9408881130159621
115.136,2.9400581696987533
115.137,2.9392219965771269
115.13800000000001,2.9383795999567472
115.139,2.937530986230759
115.14,2.9366761618796988
115.14100000000001,2.9358151334714018
115.142,2.9349479076609155
115.143,2.934074491190402
115.14400000000001,2.9331948908890455
115.145,2.9323091136729555
115.146,2.9314171665450686
115.14700000000001,2.9305190565950521
115.148,2.9296147909991976
115.149,2.9287043770203245
115.15000000000001,2.9277878220076761
115.151,2.9268651333968085
115.152,2.9259363187094949
115.15300000000001,2.9250013855536063
115.154,2.9240603416230089
115.155,2.9231131946974509
115.15600000000001,2.9221599526424549
115.157,2.9212006234091938
115.158,2.9202352150343871
115.15900000000001,2.9192637356401754
115.16,2.918286193434009
115.161,2.9173025967085242
115.16200000000001,2.916312953841425
115.163,2.9153172732953552
115.164,2.9143155636177869
115.16500000000001,2.9133078334408764
115.166,2.9122940914813573
115.167,2.9112743465403979
115.16800000000001,2.9102486075034797
115.169,2.909216883340263
115.17,2.9081791831044574
115.17100000000001,2.9071355159336805
115.172,2.9060858910493361
115.173,2.9050303177564643
115.17400000000001,2.9039688054436099
115.175,2.9029013635826839
115.176,2.9018280017288189
115.17700000000001,2.9007487295202332
115.178,2.8996635566780777
115.179,2.8985724930063004
115.18000000000001,2.8974755483914945
115.181,2.8963727328027518
115.182,2.8952640562915164
115.18300000000001,2.8941495289914285
115.184,2.8930291611181791
115.185,2.8919029629693545
115.18600000000001,2.8907709449242756
115.187,2.8896331174438523
115.188,2.8884894910704211
115.18899999999999,2.8873400764275856
115.19,2.8861848842200555
115.191,2.8850239252334919
115.19199999999999,2.8838572103343374
115.193,2.8826847504696551
115.194,2.8815065566669622
115.19499999999999,2.8803226400340671
115.196,2.8791330117588956
115.197,2.8779376831093257
115.19799999999999,2.8767366654330151
115.199,2.875529970157229
115.2,2.8743176087886715
115.20099999999999,2.8730995929133027
115.202,2.8718759341961713
115.203,2.8706466443812273
115.20399999999999,2.8694117352911581
115.205,2.8681712188271926
115.206,2.866925106968933
115.20699999999999,2.865673411774162
115.208,2.8644161453786721
115.209,2.8631533199960644
115.20999999999999,2.8618849479175772
115.211,2.8606110415118895
115.212,2.8593316132249353
115.21299999999999,2.8580466755797138
115.214,2.8567562411760989
115.215,2.8554603226906425
115.21599999999999,2.8541589328763854
115.217,2.8528520845626621
115.218,2.8515397906549023
115.21899999999999,2.8502220641344307
115.22,2.8488989180582802
115.221,2.8475703655589739
115.22199999999999,2.8462364198443386
115.223,2.8448970941972993
115.224,2.8435524019756708
115.22499999999999,2.8422023566119545
115.226,2.8408469716131384
115.227,2.8394862605604803
115.22799999999999,2.8381202371093099
115.229,2.8367489149888079
115.23,2.8353723080018045
115.23099999999999,2.8339904300245631
115.232,2.8326032950065674
115.233,2.8312109169703068
115.23399999999999,2.8298133100110663
115.235,2.8284104882966972
115.236,2.8270024660674151
115.23699999999999,2.8255892576355683
115.238,2.8241708773854253
115.239,2.822747339772949
115.23999999999999,2.8213186593255761
115.241,2.8198848506419933
115.242,2.8184459283919154
115.24299999999999,2.8170019073158512
115.244,2.8155528022248903
115.245,2.8140986280004587
115.246,2.8126393995941035
115.247,2.8111751320272544
115.248,2.809705840390996
115.249,2.8082315398458353
115.25,2.8067522456214626
115.251,2.8052679730165289
115.252,2.8037787373983938
115.253,2.8022845542029056
115.254,2.8007854389341489
115.255,2.7992814071642185
115.256,2.797772474532966
115.25700000000001,2.7962586567477716
115.258,2.7947399695832931
115.259,2.7932164288812262
115.26000000000001,2.7916880505500585
115.261,2.7901548505648295
115.262,2.788616844966878
115.26300000000001,2.7870740498635955
115.264,2.7855264814281813
115.265,2.7839741558993936
115.26600000000001,2.7824170895812936
115.267,2.7808552988429982
115.268,2.779288800118429
115.26900000000001,2.7777176099060559
115.27,2.7761417447686427
115.271,2.7745612213329953
115.27200000000001,2.7729760562897008
115.273,2.7713862663928759
115.274,2.7697918684598997
115.27500000000001,2.7681928793711665
115.276,2.766589316069815
115.277,2.7649811955614743
115.27800000000001,2.7633685349139965
115.279,2.7617513512571978
115.28,2.7601296617825932
115.28100000000001,2.7585034837431319
115.282,2.7568728344529303
115.283,2.7552377312870084
115.28400000000001,2.7535981916810157
115.285,2.7519542331309736
115.286,2.7503058731929939
115.28700000000001,2.7486531294830185
115.288,2.7469960196765415
115.289,2.7453345615083395
115.29000000000001,2.7436687727722027
115.291,2.7419986713206512
115.292,2.7403242750646721
115.29300000000001,2.7386456019734347
115.294,2.7369626700740182
115.295,2.73527549745114
115.29600000000001,2.7335841022468625
115.297,2.7318885026603303
115.298,2.7301887169474823
115.29900000000001,2.7284847634207701
115.3,2.7267766604488823
115.301,2.725064426456461
115.30200000000001,2.7233480799238099
115.303,2.7216276393866257
115.304,2.7199031234357021
115.30500000000001,2.718174550716649
115.306,2.7164419399296031
115.307,2.7147053098289478
115.30800000000001,2.7129646792230173
115.309,2.711220066973814
115.31,2.7094714919967182
115.31100000000001,2.7077189732601945
115.312,2.7059625297855074
115.313,2.7042021806464236
115.31399999999999,2.7024379449689273
115.315,2.700669841930917
115.316,2.6988978907619225
115.31699999999999,2.6971221107428041
115.318,2.6953425212054607
115.319,2.6935591415325328
115.31999999999999,2.6917719911571041
115.321,2.689981089562409
115.322,2.6881864562815334
115.32299999999999,2.6863881108971128
115.324,2.6845860730410376
115.325,2.6827803623941491
115.32599999999999,2.6809709986859458
115.327,2.6791580016942746
115.328,2.6773413912450348
115.32899999999999,2.6755211872118725
115.33,2.6736974095158788
115.331,2.6718700781252864
115.33199999999999,2.6700392130551664
115.333,2.6682048343671196
115.334,2.6663669621689765
115.33499999999999,2.6645256166144864
115.336,2.662680817903015
115.337,2.6608325862792337
115.33799999999999,2.658980942032815
115.339,2.6571259054981193
115.34,2.6552674970538939
115.34099999999999,2.653405737122954
115.342,2.6515406461718811
115.343,2.6496722447107057
115.34399999999999,2.6478005532926021
115.345,2.6459255925135743
115.346,2.6440473830121389
115.34699999999999,2.6421659454690238
115.348,2.6402813006068429
115.349,2.6383934691897912
115.34999999999999,2.6365024720233232
115.351,2.6346083299538474
115.352,2.6327110638683999
115.35299999999999,2.630810694694341
115.354,2.6289072433990284
115.355,2.6270007309895056
115.35599999999999,2.6250911785121853
115.357,2.6231786070525316
115.358,2.6212630377347379
115.35899999999999,2.619344491721415
115.36,2.6174229902132673
115.361,2.6154985544487763
115.36199999999999,2.6135712057038787
115.363,2.6116409652916479
115.364,2.6097078545619738
115.36499999999999,2.6077718949012416
115.366,2.6058331077320069
115.367,2.6038915145126817
115.36799999999999,2.6019471367372029
115.369,2.5999999959347191
115.37,2.5980501136692586
115.371,2.5960975115394174
115.372,2.5941422111780232
115.373,2.5921842342518207
115.374,2.5902236024611427
115.375,2.5882603375395883
115.376,2.5862944612536967
115.377,2.5843259954026201
115.378,2.5823549618178041
115.379,2.580381382362654
115.38,2.5784052789322138
115.381,2.5764266734528398
115.38200000000001,2.5744455878818706
115.383,2.5724620442073043
115.384,2.5704760644474689
115.38500000000001,2.5684876706506929
115.386,2.5664968848949812
115.387,2.5645037292876847
115.38800000000001,2.5625082259651744
115.389,2.5605103970925081
115.39,2.5585102648631084
115.39100000000001,2.5565078514984281
115.392,2.5545031792476225
115.393,2.5524962703872216
115.39400000000001,2.5504871472207991
115.395,2.5484758320786418
115.396,2.5464623473174228
115.39700000000001,2.5444467153198653
115.398,2.5424289584944209
115.399,2.5404090992749295
115.40000000000001,2.5383871601202976
115.401,2.5363631635141584
115.402,2.5343371319645498
115.40300000000001,2.5323090880035761
115.404,2.5302790541870799
115.405,2.5282470530943106
115.40600000000001,2.5262131073275929
115.407,2.5241772395119924
115.408,2.5221394722949912
115.40900000000001,2.5200998283461447
115.41,2.5180583303567596
115.411,2.5160150010395563
115.41200000000001,2.5139698631283394
115.413,2.5119229393776652
115.414,2.5098742525625064
115.41500000000001,2.5078238254779217
115.416,2.5057716809387287
115.417,2.5037178417791588
115.41800000000001,2.5016623308525392
115.419,2.4996051710309479
115.42,2.4975463852048918
115.42100000000001,2.4954859962829614
115.422,2.4934240271915149
115.423,2.4913605008743298
115.42400000000001,2.4892954402922767
115.425,2.4872288684229904
115.426,2.4851608082605301
115.42700000000001,2.4830912828150526
115.428,2.4810203151124752
115.429,2.4789479281941458
115.43000000000001,2.4768741451165122
115.431,2.4747989889507838
115.432,2.4727224827826038
115.43300000000001,2.4706446497117165
115.434,2.4685655128516331
115.435,2.4664850953293009
115.43600000000001,2.4644034202847709
115.437,2.4623205108708652
115.438,2.4602363902528448
115.43899999999999,2.458151081608078
115.44,2.4560646081257129
115.441,2.4539769930063353
115.44199999999999,2.4518882594616485
115.443,2.4497984307141336
115.444,2.4477075299967237
115.44499999999999,2.4456155805524689
115.446,2.4435226056342096
115.447,2.4414286285042386
115.44799999999999,2.43933367243398
115.449,2.437237760703646
115.45,2.4351409166019233
115.45099999999999,2.433043163425626
115.452,2.4309445244793753
115.453,2.4288450230752674
115.45399999999999,2.4267446825325449
115.455,2.4246435261772654
115.456,2.4225415773419723
115.45699999999999,2.4204388593653685
115.458,2.4183353955919848
115.459,2.4162312093718508
115.45999999999999,2.4141263240601729
115.461,2.4120207630169936
115.462,2.4099145496068801
115.46299999999999,2.4078077071985824
115.464,2.4057002591647123
115.465,2.4035922288814175
115.46599999999999,2.4014836397280539
115.467,2.3993745150868531
115.468,2.3972648783426083
115.46899999999999,2.3951547528823349
115.47,2.393044162094955
115.471,2.3909331293709686
115.47199999999999,2.388821678102127
115.473,2.3867098316811086
115.474,2.3845976135012004
115.47499999999999,2.3824850469559626
115.476,2.3803721554389137
115.477,2.3782589623432098
115.47799999999999,2.3761454910613073
115.479,2.3740317649846574
115.48,2.3719178075033729
115.48099999999999,2.3698036420059059
115.482,2.3676892918787393
115.483,2.3655747805060447
115.48399999999999,2.3634601312693801
115.485,2.3613453675473615
115.486,2.3592305127153419
115.48699999999999,2.357115590145094
115.488,2.3550006232044915
115.489,2.3528856352571892
115.48999999999999,2.3507706496623055
115.491,2.3486556897741018
115.492,2.346540778941669
115.49299999999999,2.3444259405086099
115.494,2.3423111978127196
115.495,2.3401965741856698
115.496,2.338082092952698
115.497,2.335967777432284
115.498,2.3338536509358496
115.499,2.3317397367674215
115.5,2.3296260582233397
115.501,2.327512638591934
115.502,2.3253995011532118
115.503,2.3232866691785454
115.504,2.3211741659303615
115.505,2.3190620146618359
115.506,2.3169502386165668
115.50700000000001,2.3148388610282824
115.508,2.312727905120517
115.509,2.3106173941063157
115.51000000000001,2.3085073511879108
115.511,2.3063977995564264
115.512,2.3042887623915655
115.51300000000001,2.3021802628612997
115.514,2.3000723241215661
115.515,2.2979649693159714
115.51600000000001,2.2958582215754633
115.517,2.293752104018048
115.518,2.2916466397484787
115.51900000000001,2.2895418518579462
115.52,2.2874377634237835
115.521,2.2853343975091627
115.52200000000001,2.283231777162789
115.523,2.281129925418603
115.524,2.2790288652954813
115.52500000000001,2.2769286197969336
115.526,2.2748292119108031
115.527,2.2727306646089782
115.52800000000001,2.2706330008470728
115.529,2.2685362435641556
115.53,2.2664404156824336
115.53100000000001,2.2643455401069645
115.532,2.2622516397253589
115.533,2.2601587374074898
115.53400000000001,2.2580668560051929
115.535,2.255976018351979
115.536,2.2538862472627348
115.53700000000001,2.2517975655334386
115.538,2.2497099959408624
115.539,2.2476235612422899
115.54000000000001,2.2455382841752138
115.541,2.2434541874570586
115.542,2.2413712937848884
115.54300000000001,2.2392896258351196
115.544,2.2372092062632269
115.545,2.2351300577034743
115.54600000000001,2.2330522027686079
115.547,2.2309756640495899
115.548,2.2289004641153038
115.54900000000001,2.2268266255122771
115.55,2.2247541707643905
115.551,2.2226831223726107
115.55200000000001,2.2206135028146927
115.553,2.2185453345449133
115.554,2.2164786399937833
115.55500000000001,2.214413441567773
115.556,2.2123497616490346
115.557,2.2102876225951205
115.55800000000001,2.2082270467387151
115.559,2.206168056387352
115.56,2.2041106738231435
115.56100000000001,2.2020549213025045
115.562,2.200000821055883
115.563,2.1979483952874825
115.56399999999999,2.1958976661749969
115.565,2.1938486558693371
115.566,2.1918013864943577
115.56699999999999,2.1897558801465951
115.568,2.1877121588949948
115.569,2.1856702447806473
115.56999999999999,2.1836301598165169
115.571,2.1815919259871843
115.572,2.1795555652485712
115.57299999999999,2.1775210995276892
115.574,2.1754885507223651
115.575,2.1734579407009882
115.57599999999999,2.1714292913022422
115.577,2.1694026243348508
115.578,2.1673779615773139
115.57899999999999,2.1653553247776518
115.58,2.1633347356531463
115.581,2.1613162158900869
115.58199999999999,2.159299787143508
115.583,2.1572854710369445
115.584,2.1552732891621678
115.58499999999999,2.1532632630789403
115.586,2.1512554143147575
115.587,2.1492497643646011
115.58799999999999,2.1472463346906911
115.589,2.1452451467222251
115.59,2.1432462218551409
115.59099999999999,2.1412495814518704
115.592,2.139255246841079
115.593,2.13726323931744
115.59399999999999,2.1352735801413685
115.595,2.1332862905387975
115.596,2.1313013917009238
115.59699999999999,2.1293189047839656
115.598,2.1273388509089313
115.599,2.1253612511613689
115.59999999999999,2.1233861265911322
115.601,2.1214134982121431
115.602,2.1194433870021556
115.60299999999999,2.1174758139025176
115.604,2.1155107998179332
115.605,2.1135483656162424
115.60599999999999,2.1115885321281649
115.607,2.1096313201470926
115.608,2.1076767504288432
115.60899999999999,2.1057248436914344
115.61,2.103775620614857
115.611,2.1018291018408437
115.61199999999999,2.0998853079726452
115.613,2.0979442595748026
115.614,2.0960059771729243
115.61499999999999,2.0940704812534592
115.616,2.0921377922634745
115.617,2.0902079306104393
115.61799999999999,2.0882809166619962
115.619,2.0863567707457467
115.62,2.0844355131490282
115.621,2.0825171641187028
115.622,2.0806017438609357
115.623,2.0786892725409789
115.624,2.0767797702829629
115.625,2.0748732571696777
115.626,2.0729697532423597
115.627,2.0710692785004854
115.628,2.069171852901555
115.629,2.067277496360894
115.63,2.0653862287514295
115.631,2.0634980699034973
115.63200000000001,2.0616130396046279
115.633,2.0597311575993436
115.634,2.0578524435889562
115.63500000000001,2.0559769172313609
115.636,2.0541045981408415
115.637,2.0522355058878605
115.63800000000001,2.050369659998867
115.639,2.0485070799560927
115.64,2.0466477851973628
115.64100000000001,2.0447917951158896
115.642,2.0429391290600871
115.643,2.0410898063333685
115.64400000000001,2.0392438461939584
115.645,2.0374012678547015
115.646,2.0355620904828706
115.64700000000001,2.0337263331999735
115.648,2.0318940150815714
115.649,2.0300651551570867
115.65000000000001,2.0282397724096195
115.651,2.026417885775758
115.652,2.0245995141454016
115.65300000000001,2.0227846763615718
115.654,2.0209733912202377
115.655,2.0191656774701223
115.65600000000001,2.0173615538125382
115.657,2.0155610389012
115.658,2.0137641513420528
115.65900000000001,2.0119709096930869
115.66,2.0101813324641755
115.661,2.0083954381168909
115.66200000000001,2.0066132450643384
115.663,2.0048347716709762
115.664,2.0030600362524562
115.66500000000001,2.001289057075446
115.666,1.9995218523574692
115.667,1.9977584402667281
115.66800000000001,1.9959988389219436
115.669,1.9942430663921935
115.67,1.9924911406967474
115.67100000000001,1.9907430798048953
115.672,1.9889989016358025
115.673,1.9872586240583336
115.67400000000001,1.9855222648909105
115.675,1.9837898419013391
115.676,1.9820613728066574
115.67700000000001,1.9803368752729904
115.678,1.9786163669153782
115.679,1.9768998652976388
115.68000000000001,1.9751873879322095
115.681,1.973478952279994
115.682,1.9717745757502163
115.68300000000001,1.9700742757002732
115.684,1.9683780694355839
115.685,1.9666859742094482
115.68600000000001,1.9649980072228961
115.687,1.9633141856245477
115.688,1.9616345265104749
115.68899999999999,1.9599590469240491
115.69,1.9582877638558136
115.691,1.9566206942433326
115.69199999999999,1.9549578549710667
115.693,1.9532992628702228
115.694,1.95164493471863
115.69499999999999,1.9499948872405963
115.696,1.9483491371067849
115.697,1.9467077009340721
115.69799999999999,1.9450705952854248
115.699,1.9434378366697684
115.7,1.941809441541857
115.70099999999999,1.9401854263021501
115.702,1.9385658072966798
115.703,1.9369506008169344
115.70399999999999,1.9353398230997292
115.705,1.9337334903270875
115.706,1.9321316186261135
115.70699999999999,1.9305342240688823
115.708,1.9289413226723138
115.709,1.9273529303980546
115.70999999999999,1.9257690631523663
115.711,1.9241897367860039
115.712,1.9226149670941122
115.71299999999999,1.9210447698161013
115.714,1.9194791606355426
115.715,1.9179181551800539
115.71599999999999,1.916361769021194
115.717,1.9148100176743506
115.718,1.9132629165986366
115.71899999999999,1.9117204811967832
115.72,1.91018272681504
115.721,1.9086496687430574
115.72199999999999,1.9071213222138028
115.723,1.9055977024034472
115.724,1.9040788244312683
115.72499999999999,1.9025647033595585
115.726,1.9010553541935171
115.727,1.8995507918811585
115.72799999999999,1.8980510313132215
115.729,1.8965560873230691
115.73,1.8950659746866005
115.73099999999999,1.8935807081221512
115.732,1.8921003022904235
115.733,1.8906247717943643
115.73399999999999,1.8891541311791107
115.735,1.8876883949318808
115.736,1.8862275774819017
115.73699999999999,1.884771693200312
115.738,1.8833207564000949
115.739,1.8818747813359797
115.73999999999999,1.880433782204372
115.741,1.8789977731432725
115.742,1.8775667682321955
115.74299999999999,1.8761407814920883
115.744,1.8747198268852689
115.745,1.8733039183153362
115.746,1.871893069627101
115.747,1.870487294606519
115.748,1.8690866069806109
115.749,1.8676910204173995
115.75,1.8663005485258366
115.751,1.8649152048557354
115.752,1.8635350028977031
115.753,1.8621599560830804
115.754,1.8607900777838675
115.755,1.8594253813126773
115.756,1.8580658799226488
115.75700000000001,1.8567115868074131
115.758,1.8553625151010116
115.759,1.8540186778778551
115.76000000000001,1.8526800881526531
115.761,1.8513467588803612
115.762,1.8500187029561324
115.76300000000001,1.8486959332152582
115.764,1.8473784624331091
115.765,1.8460663033250984
115.76600000000001,1.8447594685466173
115.767,1.8434579706929966
115.768,1.8421618222994471
115.76900000000001,1.8408710358410261
115.77,1.8395856237325798
115.771,1.8383055983287062
115.77200000000001,1.8370309719237055
115.773,1.835761756751543
115.774,1.8344979649858075
115.77500000000001,1.833239608739663
115.776,1.8319867000658254
115.777,1.830739250956507
115.77800000000001,1.8294972733433905
115.779,1.8282607790975938
115.78,1.8270297800296298
115.78100000000001,1.8258042878893748
115.782,1.8245843143660405
115.783,1.8233698710881376
115.78400000000001,1.8221609696234471
115.785,1.8209576214789975
115.786,1.8197598381010258
115.78700000000001,1.8185676308749583
115.788,1.8173810111253852
115.789,1.8161999901160342
115.79000000000001,1.8150245790497479
115.791,1.8138547890684582
115.792,1.8126906312531723
115.79300000000001,1.8115321166239484
115.794,1.8103792561398726
115.795,1.8092320606990526
115.79600000000001,1.8080905411385864
115.797,1.8069547082345592
115.798,1.8058245727020252
115.79900000000001,1.8047001451949876
115.8,1.8035814363063927
115.801,1.8024684565681213
115.80200000000001,1.8013612164509718
115.803,1.8002597263646538
115.804,1.7991639966577808
115.80500000000001,1.7980740376178619
115.806,1.7969898594712976
115.807,1.79591147238337
115.80800000000001,1.7948388864582485
115.809,1.7937721117389791
115.81,1.7927111582074842
115.81100000000001,1.7916560357845621
115.812,1.7906067543298922
115.813,1.7895633236420267
115.81399999999999,1.788525753458408
115.815,1.7874940534553496
115.816,1.786468233248069
115.81699999999999,1.7854483023906691
115.818,1.7844342703761575
115.819,1.7834261466364505
115.81999999999999,1.782423940542385
115.821,1.7814276614037223
115.822,1.7804373184691666
115.82299999999999,1.7794529209263716
115.824,1.7784744779019483
115.825,1.7775019984614961
115.82599999999999,1.7765354916095975
115.827,1.7755749662898479
115.828,1.7746204313848666
115.82899999999999,1.7736718957163156
115.83,1.7727293680449208
115.831,1.7717928570704844
115.83199999999999,1.7708623714319174
115.833,1.7699379197072531
115.834,1.7690195104136697
115.83499999999999,1.7681071520075196
115.836,1.7672008528843495
115.837,1.7663006213789318
115.83799999999999,1.7654064657652808
115.839,1.7645183942566918
115.84,1.7636364150057657
115.84099999999999,1.7627605361044352
115.842,1.7618907655839993
115.843,1.7610271114151552
115.84399999999999,1.7601695815080274
115.845,1.7593181837122052
115.846,1.7584729258167748
115.84699999999999,1.7576338155503548
115.848,1.7568008605811318
115.849,1.7559740685169025
115.84999999999999,1.7551534469051016
115.851,1.7543390032328532
115.852,1.7535307449270046
115.85299999999999,1.7527286793541612
115.854,1.7519328138207431
115.855,1.7511431555730141
115.85599999999999,1.7503597117971341
115.857,1.7495824896191974
115.858,1.7488114961052821
115.85899999999999,1.7480467382614975
115.86,1.7472882230340294
115.861,1.7465359573091817
115.86199999999999,1.745789947913442
115.863,1.7450502016135148
115.864,1.7443167251163811
115.86499999999999,1.7435895250693485
115.866,1.7428686080601001
115.867,1.7421539806167594
115.86799999999999,1.7414456492079267
115.869,1.7407436202427471
115.87,1.7400479000709679
115.871,1.7393584949829843
115.872,1.738675411209905
115.873,1.7379986549236142
115.874,1.7373282322368193
115.875,1.7366641492031221
115.876,1.7360064118170735
115.877,1.7353550260142387
115.878,1.7347099976712586
115.879,1.7340713326059154
115.88,1.7334390365771881
115.881,1.7328131152853328
115.88200000000001,1.7321935743719308
115.883,1.7315804194199762
115.884,1.7309736559539219
115.88500000000001,1.7303732894397652
115.886,1.7297793252851026
115.887,1.7291917688392102
115.88800000000001,1.7286106253931153
115.889,1.7280359001796557
115.89,1.7274675983735641
115.89100000000001,1.7269057250915352
115.892,1.7263502853923007
115.893,1.7258012842767059
115.89400000000001,1.7252587266877824
115.895,1.7247226175108217
115.896,1.7241929615734553
115.89700000000001,1.7236697636457396
115.898,1.7231530284402139
115.899,1.7226427606120012
115.90000000000001,1.7221389647588754
115.901,1.7216416454213432
115.902,1.7211508070827304
115.90300000000001,1.720666454169254
115.904,1.7201885910501178
115.905,1.7197172220375851
115.90600000000001,1.7192523513870646
115.907,1.7187939832972008
115.908,1.7183421219099515
115.90900000000001,1.7178967713106783
115.91,1.717457935528234
115.911,1.7170256185350448
115.91200000000001,1.7165998242472078
115.913,1.7161805565245694
115.914,1.7157678191708172
115.91500000000001,1.7153616159335785
115.916,1.7149619505044982
115.917,1.7145688265193406
115.91800000000001,1.7141822475580757
115.919,1.7138022171449703
115.92,1.7134287387486877
115.92100000000001,1.7130618157823805
115.922,1.7127014516037733
115.923,1.7123476495152787
115.92400000000001,1.7120004127640751
115.925,1.7116597445422084
115.926,1.7113256479866938
115.92700000000001,1.710998126179605
115.928,1.710677182148185
115.929,1.7103628188649296
115.93000000000001,1.7100550392476925
115.931,1.7097538461597965
115.932,1.7094592424101156
115.93300000000001,1.709171230753185
115.934,1.7088898138893085
115.935,1.7086149944646474
115.93600000000001,1.7083467750713344
115.937,1.7080851582475765
115.938,1.7078301464777466
115.93899999999999,1.707581742192501
115.94,1.707339947768886
115.941,1.7071047655304268
115.94199999999999,1.7068761977472517
115.943,1.7066542466361894
115.944,1.7064389143608745
115.94499999999999,1.706230203031865
115.946,1.7060281147067349
115.947,1.7058326513902016
115.94799999999999,1.7056438150342168
115.949,1.7054616075380888
115.95,1.7052860307485875
115.95099999999999,1.7051170864600531
115.952,1.7049547764145141
115.953,1.7047991023017894
115.95399999999999,1.7046500657596071
115.955,1.7045076683737217
115.956,1.7043719116780087
115.95699999999999,1.7042427971545984
115.958,1.7041203262339788
115.959,1.7040045002951072
115.95999999999999,1.7038953206655396
115.961,1.7037927886215305
115.962,1.7036969053881523
115.96299999999999,1.7036076721394193
115.964,1.70352508999839
115.965,1.7034491600373016
115.96599999999999,1.7033798832776688
115.967,1.7033172606904143
115.968,1.7032612931959832
115.96899999999999,1.7032119816644615
115.97,1.7031693269156938
115.971,1.7031333297194047
115.97199999999999,1.7031039907953163
115.973,1.7030813108132654
115.974,1.7030652903933354
115.97499999999999,1.7030559301059629
115.976,1.7030532304720702
115.977,1.703057191963177
115.97799999999999,1.7030678150015293
115.979,1.7030850999602196
115.98,1.7031090471633108
115.98099999999999,1.7031396568859529
115.982,1.7031769293545154
115.983,1.7032208647467058
115.98399999999999,1.7032714631916874
115.985,1.7033287247702189
115.986,1.7033926495147647
115.98699999999999,1.7034632374096252
115.988,1.7035404883910632
115.989,1.7036244023474278
115.98999999999999,1.7037149791192796
115.991,1.7038122184995159
115.992,1.7039161202334991
115.99299999999999,1.7040266840191822
115.994,1.7041439095072359
115.995,1.7042677963011734
115.996,1.7043983439574855
115.997,1.7045355519857555
115.998,1.7046794198488024
115.999,1.7048299469627903
116,1.7049871326973784
116.001,1.7051509763758284
116.002,1.705321477275151
116.003,1.705498634626222
116.004,1.7056824476139225
116.005,1.7058729153772585
116.006,1.7060700370094943
116.00700000000001,1.7062738115582883
116.008,1.7064842380258129
116.009,1.7067013153688952
116.01000000000001,1.7069250424991333
116.011,1.7071554182830484
116.012,1.7073924415421917
116.01300000000001,1.707636111053298
116.014,1.7078864255483943
116.015,1.7081433837149549
116.01600000000001,1.7084069841960132
116.017,1.708677225590304
116.018,1.708954106452393
116.01900000000001,1.709237625292813
116.02,1.7095277805781843
116.021,1.7098245707313593
116.02200000000001,1.7101279941315528
116.023,1.710438049114468
116.024,1.7107547339724383
116.02500000000001,1.7110780469545477
116.026,1.7114079862667808
116.027,1.7117445500721449
116.02800000000001,1.7120877364908031
116.029,1.7124375436002082
116.03,1.7127939694352432
116.03100000000001,1.7131570119883479
116.032,1.713526669209652
116.033,1.7139029390071114
116.03400000000001,1.7142858192466432
116.035,1.7146753077522598
116.036,1.7150714023061993
116.03700000000001,1.7154741006490593
116.038,1.7158834004799388
116.039,1.71629929945656
116.04000000000001,1.7167217951954181
116.041,1.7171508852718964
116.042,1.7175865672204187
116.04300000000001,1.7180288385345768
116.044,1.7184776966672577
116.045,1.7189331390307876
116.04600000000001,1.719395162997069
116.047,1.7198637658976996
116.048,1.720338945024124
116.04900000000001,1.7208206976277576
116.05,1.7213090209201249
116.051,1.7218039120729973
116.05200000000001,1.7223053682185188
116.053,1.7228133864493489
116.054,1.7233279638187913
116.05500000000001,1.7238490973409353
116.056,1.7243767839907813
116.057,1.724911020704385
116.05799999999999,1.7254518043789842
116.059,1.7259991318731365
116.06,1.7265530000068512
116.06100000000001,1.7271134055617305
116.062,1.7276803452810967
116.063,1.7282538158701242
116.06399999999999,1.7288338139959876
116.065,1.7294203362879761
116.066,1.7300133793376478
116.06700000000001,1.7306129396989478
116.068,1.731219013888353
116.069,1.7318315983849961
116.06999999999999,1.7324506896308076
116.071,1.7330762840306491
116.072,1.7337083779524372
116.07299999999999,1.7343469677272949
116.074,1.7349920496496658
116.075,1.7356436199774625
116.07599999999999,1.7363016749321882
116.077,1.7369662106990782
116.078,1.7376372234272326
116.07899999999999,1.7383147092297428
116.08,1.7389986641838284
116.081,1.7396890843309745
116.08199999999999,1.7403859656770542
116.083,1.7410893041924704
116.084,1.7417990958122833
116.08499999999999,1.7425153364363417
116.086,1.7432380219294208
116.087,1.7439671481213432
116.08799999999999,1.7447027108071262
116.089,1.7454447057471036
116.09,1.7461931286670516
116.09099999999999,1.7469479752583337
116.092,1.7477092411780233
116.093,1.7484769220490344
116.09399999999999,1.749251013460257
116.095,1.7500315109666869
116.096,1.7508184100895472
116.09699999999999,1.7516117063164345
116.098,1.7524113951014351
116.099,1.7532174718652604
116.09999999999999,1.7540299319953805
116.101,1.7548487708461407
116.102,1.7556739837389066
116.10299999999999,1.7565055659621867
116.104,1.7573435127717549
116.105,1.7581878193907912
116.10599999999999,1.759038481009997
116.107,1.7598954927877382
116.108,1.7607588498501574
116.10899999999999,1.7616285472913138
116.11,1.7625045801733066
116.111,1.7633869435263996
116.11199999999999,1.7642756323491544
116.113,1.7651706416085473
116.114,1.7660719662401096
116.11499999999999,1.766979601148043
116.116,1.7678935412053496
116.117,1.7688137812539577
116.11799999999999,1.7697403161048446
116.119,1.7706731405381668
116.12,1.7716122493033843
116.121,1.7725576371193807
116.122,1.7735092986745928
116.123,1.7744672286271306
116.124,1.7754314216049063
116.125,1.7764018722057568
116.126,1.7773785749975555
116.127,1.7783615245183593
116.128,1.7793507152765087
116.129,1.7803461417507629
116.13,1.7813477983904171
116.131,1.7823556796154261
116.13200000000001,1.7833697798165251
116.133,1.7843900933553529
116.134,1.7854166145645705
116.13500000000001,1.7864493377479858
116.136,1.7874882571806672
116.137,1.78853336710907
116.13800000000001,1.7895846617511562
116.139,1.7906421352965078
116.14,1.7917057819064479
116.14100000000001,1.7927755957141738
116.142,1.7938515708248488
116.143,1.7949337013157418
116.14400000000001,1.7960219812363376
116.145,1.7971164046084551
116.146,1.7982169654263638
116.14700000000001,1.7993236576569007
116.148,1.8004364752395881
116.149,1.8015554120867496
116.15000000000001,1.8026804620836212
116.151,1.8038116190884752
116.152,1.8049488769327291
116.15300000000001,1.8060922294210626
116.154,1.8072416703315275
116.155,1.8083971934156682
116.15600000000001,1.8095587923986352
116.157,1.8107264609792897
116.158,1.8119001928303295
116.15900000000001,1.8130799815983885
116.16,1.8142658209041547
116.161,1.8154577043424878
116.16200000000001,1.816655625482519
116.163,1.8178595778677713
116.164,1.8190695550162626
116.16500000000001,1.8202855504206248
116.166,1.8215075575482049
116.167,1.8227355698411802
116.16800000000001,1.8239695807166654
116.169,1.8252095835668181
116.17,1.8264555717589559
116.17100000000001,1.827707538635654
116.172,1.8289654775148598
116.173,1.8302293816899957
116.17400000000001,1.8314992444300633
116.175,1.832775058979764
116.176,1.8340568185595876
116.17700000000001,1.8353445163659248
116.178,1.8366381455711704
116.179,1.8379376993238377
116.18000000000001,1.8392431707486461
116.181,1.8405545529466356
116.182,1.8418718389952682
116.18299999999999,1.8431950219485316
116.184,1.844524094837042
116.185,1.8458590506681376
116.18600000000001,1.8471998824259939
116.187,1.8485465830717174
116.188,1.8498991455434446
116.18899999999999,1.8512575627564463
116.19,1.852621827603226
116.191,1.8539919329536203
116.19200000000001,1.8553678716548987
116.193,1.8567496365318585
116.194,1.8581372203869231
116.19499999999999,1.8595306160002463
116.196,1.8609298161298051
116.197,1.8623348135114886
116.19799999999999,1.863745600859211
116.199,1.8651621708649992
116.2,1.8665845161990808
116.20099999999999,1.8680126295099906
116.202,1.8694465034246601
116.203,1.870886130548512
116.20399999999999,1.8723315034655577
116.205,1.8737826147384817
116.206,1.8752394569087416
116.20699999999999,1.8767020224966591
116.208,1.8781703040015136
116.209,1.8796442939016282
116.20999999999999,1.8811239846544607
116.211,1.8826093686967083
116.212,1.8841004384443707
116.21299999999999,1.885597186292868
116.214,1.8870996046171151
116.215,1.8886076857716052
116.21599999999999,1.8901214220905156
116.217,1.8916408058877741
116.218,1.8931658294571667
116.21899999999999,1.894696485072406
116.22,1.8962327649872375
116.221,1.8977746614355002
116.22199999999999,1.8993221666312365
116.223,1.9008752727687628
116.224,1.9024339720227577
116.22499999999999,1.9039982565483426
116.226,1.9055681184811766
116.227,1.9071435499375213
116.22799999999999,1.9087245430143418
116.229,1.9103110897893725
116.23,1.9119031823212111
116.23099999999999,1.9135008126493935
116.232,1.9151039727944794
116.233,1.916712654758121
116.23399999999999,1.9183268505231554
116.235,1.91994655205368
116.236,1.921571751295128
116.23699999999999,1.9232024401743457
116.238,1.9248386105996769
116.239,1.9264802544610391
116.23999999999999,1.9281273636299909
116.241,1.9297799299598193
116.242,1.9314379452856065
116.24299999999999,1.9331014014243166
116.244,1.9347702901748609
116.245,1.9364446033181717
116.246,1.9381243326172837
116.247,1.9398094698174004
116.248,1.9415000066459758
116.249,1.9431959348127701
116.25,1.9448972460099423
116.251,1.9466039319121098
116.252,1.9483159841764168
116.253,1.9500333944426171
116.254,1.9517561543331277
116.255,1.9534842554531138
116.256,1.9552176893905493
116.25700000000001,1.956956447716288
116.258,1.9587005219841278
116.259,1.960449903730888
116.26000000000001,1.962204584476464
116.261,1.9639645557239018
116.262,1.9657298089594626
116.26300000000001,1.9675003356526908
116.264,1.9692761272564736
116.265,1.9710571752071111
116.26600000000001,1.9728434709243743
116.267,1.974635005811578
116.268,1.9764317712556365
116.26900000000001,1.978233758627133
116.27,1.9800409592803723
116.271,1.9818533645534506
116.27200000000001,1.9836709657683151
116.273,1.9854937542308289
116.274,1.9873217212308187
116.27500000000001,1.9891548580421485
116.276,1.9909931559227751
116.277,1.9928366061148051
116.27800000000001,1.994685199844549
116.279,1.9965389283225927
116.28,1.9983977827438446
116.28100000000001,2.0002617542875956
116.282,2.0021308341175676
116.283,2.0040050133819896
116.28400000000001,2.005884283213637
116.285,2.0077686347298909
116.286,2.0096580590327902
116.28700000000001,2.0115525472090949
116.288,2.0134520903303321
116.289,2.0153566794528546
116.29000000000001,2.0172663056178823
116.291,2.0191809598515724
116.292,2.0211006331650614
116.29300000000001,2.0230253165545142
116.294,2.0249550010011799
116.295,2.0268896774714427
116.29600000000001,2.0288293369168731
116.297,2.0307739702742698
116.298,2.0327235684657188
116.29900000000001,2.0346781223986397
116.3,2.036637622965829
116.301,2.0386020610455122
116.30200000000001,2.0405714275013964
116.303,2.042545713182701
116.304,2.0445249089242279
116.30500000000001,2.046509005546389
116.306,2.0484979938552539
116.307,2.0504918646426087
116.30799999999999,2.0524906086859835
116.309,2.054494216748711
116.31,2.0565026795799581
116.31100000000001,2.0585159879147823
116.312,2.0605341324741651
116.313,2.0625571039650561
116.31399999999999,2.0645848930804203
116.315,2.066617490499278
116.316,2.0686548868867396
116.31700000000001,2.0706970728940584
116.318,2.0727440391586587
116.319,2.0747957763041871
116.31999999999999,2.0768522749405443
116.321,2.0789135256639293
116.322,2.0809795190568705
116.32299999999999,2.0830502456882813
116.324,2.0851256961134759
116.325,2.0872058608742221
116.32599999999999,2.0892907304987736
116.327,2.0913802955019087
116.328,2.0934745463849653
116.32899999999999,2.0955734736358766
116.33,2.0976770677292054
116.331,2.0997853191261866
116.33199999999999,2.1018982182747514
116.333,2.1040157556095691
116.334,2.1061379215520764
116.33499999999999,2.1082647065105173
116.336,2.1103961008799708
116.337,2.1125320950423849
116.33799999999999,2.114672679366612
116.339,2.1168178442084344
116.34,2.1189675799106045
116.34099999999999,2.1211218768028712
116.342,2.1232807252020098
116.343,2.1254441154118533
116.34399999999999,2.1276120377233299
116.345,2.1297844824144754
116.346,2.131961439750484
116.34699999999999,2.1341428999837206
116.348,2.1363288533537581
116.349,2.1385192900874084
116.34999999999999,2.1407142003987363
116.351,2.1429135744891017
116.352,2.14511740254718
116.35299999999999,2.1473256747489926
116.354,2.1495383812579294
116.355,2.1517555122247738
116.35599999999999,2.1539770577877415
116.357,2.1562030080724863
116.358,2.1584333531921374
116.35899999999999,2.1606680832473231
116.36,2.1629071883261966
116.361,2.1651506585044564
116.36199999999999,2.1673984838453642
116.363,2.1696506543997889
116.364,2.1719071602062043
116.36499999999999,2.1741679912907328
116.366,2.1764331376671509
116.367,2.1787025893369258
116.36799999999999,2.1809763362892309
116.369,2.1832543685009651
116.37,2.1855366759367771
116.371,2.1878232485490861
116.372,2.1901140762781015
116.373,2.1924091490518451
116.374,2.1947084567861692
116.375,2.1970119893847744
116.376,2.1993197367392368
116.377,2.2016316887290182
116.378,2.2039478352214861
116.379,2.2062681660719394
116.38,2.2085926711236206
116.381,2.2109213402077357
116.38200000000001,2.2132541631434703
116.383,2.2155911297380051
116.384,2.2179322297865403
116.38500000000001,2.2202774530723075
116.386,2.222626789366585
116.387,2.2249802284287177
116.38800000000001,2.2273377600061286
116.389,2.2296993738343454
116.39,2.2320650596369975
116.39100000000001,2.2344348071258504
116.392,2.2368086060008072
116.393,2.2391864459499269
116.39400000000001,2.2415683166494489
116.395,2.2439542077637906
116.396,2.2463441089455753
116.39700000000001,2.2487380098356349
116.398,2.2511359000630335
116.399,2.2535377692450784
116.40000000000001,2.2559436069873238
116.401,2.2583534028835945
116.402,2.2607671465160024
116.40300000000001,2.2631848274549369
116.404,2.2656064352591021
116.405,2.2680319594755192
116.40600000000001,2.2704613896395327
116.407,2.2728947152748336
116.408,2.2753319258934552
116.40900000000001,2.2777730109958023
116.41,2.280217960070646
116.411,2.2826667625951482
116.41200000000001,2.2851194080348631
116.413,2.287575885843748
116.414,2.2900361854641802
116.41500000000001,2.2925002963269607
116.416,2.2949682078513258
116.417,2.2974399094449587
116.41800000000001,2.299915390503994
116.419,2.3023946404130373
116.42,2.3048776485451596
116.42100000000001,2.3073644042619219
116.422,2.3098548969133725
116.423,2.3123491158380576
116.42400000000001,2.3148470503630407
116.425,2.3173486898038926
116.426,2.3198540234647167
116.42700000000001,2.3223630406381437
116.428,2.3248757306053518
116.429,2.3273920826360666
116.43000000000001,2.3299120859885707
116.431,2.3324357299097049
116.432,2.3349630036348983
116.43299999999999,2.3374938963881426
116.434,2.3400283973820271
116.435,2.3425664958177266
116.43600000000001,2.3451081808850263
116.437,2.3476534417623074
116.438,2.350202267616579
116.43899999999999,2.352754647603466
116.44,2.3553105708672102
116.441,2.357870026540704
116.44200000000001,2.3604330037454715
116.443,2.3629994915916863
116.444,2.3655694791781716
116.44499999999999,2.3681429555924129
116.446,2.3707199099105587
116.447,2.3733003311974366
116.44799999999999,2.3758842085065388
116.449,2.3784715308800481
116.45,2.3810622873488336
116.45099999999999,2.3836564669324591
116.452,2.3862540586391852
116.453,2.3888550514659856
116.45399999999999,2.3914594343985396
116.455,2.394067196411239
116.456,2.3966783264672071
116.45699999999999,2.3992928135182852
116.458,2.4019106465050584
116.459,2.4045318143568322
116.45999999999999,2.4071563059916681
116.461,2.409784110316378
116.462,2.4124152162265204
116.46299999999999,2.4150496126064112
116.464,2.4176872883291338
116.465,2.4203282322565438
116.46599999999999,2.4229724332392655
116.467,2.4256198801167015
116.468,2.4282705617170461
116.46899999999999,2.4309244668572778
116.47,2.4335815843431701
116.471,2.4362419029692925
116.47199999999999,2.4389054115190314
116.473,2.4415720987645693
116.474,2.4442419534669155
116.47499999999999,2.4469149643758894
116.476,2.449591120230143
116.477,2.4522704097571579
116.47799999999999,2.454952821673253
116.479,2.4576383446835801
116.48,2.4603269674821506
116.48099999999999,2.46301867875182
116.482,2.4657134671643059
116.483,2.4684113213801813
116.48399999999999,2.4711122300488935
116.485,2.4738161818087621
116.486,2.4765231652869941
116.48699999999999,2.4792331690996643
116.488,2.481946181851757
116.489,2.4846621921371397
116.48999999999999,2.487381188538595
116.491,2.4901031596278003
116.492,2.4928280939653611
116.49299999999999,2.4955559801007947
116.494,2.4982868065725508
116.495,2.5010205619080104
116.496,2.5037572346234898
116.497,2.5064968132242571
116.498,2.5092392862045374
116.499,2.5119846420475036
116.5,2.5147328692252997
116.501,2.5174839561990487
116.502,2.5202378914188444
116.503,2.5229946633237752
116.504,2.5257542603419179
116.505,2.5285166708903564
116.506,2.53128188337518
116.50700000000001,2.534049886191494
116.508,2.5368206677234326
116.509,2.5395942163441587
116.51000000000001,2.5423705204158784
116.511,2.5451495682898426
116.512,2.5479313483063577
116.51300000000001,2.5507158487948045
116.514,2.5535030580736291
116.515,2.5562929644503649
116.51600000000001,2.5590855562216288
116.517,2.5618808216731468
116.518,2.5646787490797531
116.51900000000001,2.5674793267053966
116.52,2.5702825428031613
116.521,2.5730883856152622
116.52200000000001,2.5758968433730685
116.523,2.5787079042971066
116.524,2.5815215565970697
116.52500000000001,2.5843377884718257
116.526,2.5871565881094432
116.527,2.589977943687189
116.52800000000001,2.5928018433715327
116.529,2.5956282753181714
116.53,2.5984572276720419
116.53100000000001,2.6012886885673234
116.532,2.6041226461274487
116.533,2.6069590884651257
116.53400000000001,2.6097980036823407
116.535,2.6126393798703837
116.536,2.6154832051098418
116.53700000000001,2.618329467470625
116.538,2.6211781550119815
116.539,2.6240292557825042
116.54000000000001,2.6268827578201424
116.541,2.6297386491522259
116.542,2.6325969177954716
116.54300000000001,2.6354575517560024
116.544,2.6383205390293476
116.545,2.6411858676004862
116.54600000000001,2.644053525443832
116.547,2.6469235005232696
116.548,2.6497957807921555
116.54900000000001,2.6526703541933463
116.55,2.6555472086592076
116.551,2.6584263321116333
116.55200000000001,2.6613077124620621
116.553,2.6641913376114883
116.554,2.6670771954504944
116.55500000000001,2.6699652738592521
116.556,2.6728555607075459
116.557,2.6757480438547967
116.55799999999999,2.6786427111500717
116.559,2.6815395504321131
116.56,2.6844385495293417
116.56100000000001,2.6873396962598974
116.562,2.69024297843163
116.563,2.6931483838421597
116.56399999999999,2.6960559002788482
116.565,2.6989655155188683
116.566,2.701877217329181
116.56700000000001,2.7047909934665935
116.568,2.7077068316777493
116.569,2.7106247196991764
116.56999999999999,2.7135446452572918
116.571,2.716466596068432
116.572,2.7193905598388697
116.57299999999999,2.7223165242648428
116.574,2.725244477032581
116.575,2.7281744058183168
116.57599999999999,2.7311062982883159
116.577,2.7340401420989129
116.578,2.7369759248965218
116.57899999999999,2.7399136343176576
116.58,2.7428532579889779
116.581,2.7457947835272978
116.58199999999999,2.7487381985396167
116.583,2.7516834906231558
116.584,2.7546306473653641
116.58499999999999,2.7575796563439634
116.586,2.760530505126968
116.587,2.7634831812727203
116.58799999999999,2.766437672329908
116.589,2.7693939658375979
116.59,2.7723520493252702
116.59099999999999,2.7753119103128423
116.592,2.778273536310699
116.593,2.7812369148197216
116.59399999999999,2.7842020333313222
116.595,2.787168879327476
116.596,2.7901374402807488
116.59699999999999,2.7931077036543202
116.598,2.7960796569020441
116.599,2.7990532874684466
116.59999999999999,2.8020285827887808
116.601,2.8050055302890522
116.602,2.8079841173860602
116.60299999999999,2.810964331487428
116.604,2.8139461599916231
116.605,2.8169295902880189
116.60599999999999,2.8199146097569101
116.607,2.8229012057695559
116.608,2.8258893656882202
116.60899999999999,2.8288790768661958
116.61,2.8318703266478544
116.611,2.834863102368677
116.61199999999999,2.8378573913552931
116.613,2.8408531809255249
116.614,2.8438504583884163
116.61499999999999,2.846849211044276
116.616,2.8498494261847216
116.617,2.8528510910927127
116.61799999999999,2.855854193042596
116.619,2.8588587193001507
116.62,2.8618646571226196
116.621,2.8648719937587499
116.622,2.8678807164488531
116.623,2.870890812424832
116.624,2.8739022689102218
116.625,2.8769150731202484
116.626,2.8799292122618607
116.627,2.8829446735337765
116.628,2.8859614441265333
116.629,2.88897951122253
116.63,2.8919988619960693
116.631,2.895019483613412
116.63200000000001,2.898041363232815
116.633,2.9010644880045895
116.634,2.9040888450711351
116.63500000000001,2.9071144215670026
116.636,2.9101412046189319
116.637,2.913169181345904
116.63800000000001,2.9161983388591914
116.639,2.9192286642624135
116.64,2.9222601446515797
116.64100000000001,2.9252927671151383
116.642,2.9283265187340377
116.643,2.9313613865817718
116.64400000000001,2.9343973577244364
116.645,2.937434419220776
116.646,2.9404725581222482
116.64700000000001,2.9435117614730579
116.648,2.9465520163102443
116.649,2.9495933096636944
116.65000000000001,2.9526356285562358
116.651,2.9556789600036701
116.652,2.958723291014842
116.65300000000001,2.9617686085916857
116.654,2.9648148997292854
116.655,2.9678621514159431
116.65600000000001,2.9709103506332202
116.657,2.9739594843560115
116.658,2.9770095395525944
116.65900000000001,2.9800605031846934
116.66,2.9831123622075406
116.661,2.9861651035699355
116.66200000000001,2.9892187142143074
116.663,2.992273181076774
116.664,2.9953284910872111
116.66500000000001,2.9983846311693032
116.666,3.00144158824062
116.667,3.0044993492126775
116.66800000000001,3.007557900990995
116.669,3.0106172304751655
116.67,3.0136773245589183
116.67100000000001,3.0167381701301963
116.672,3.0197997540711992
116.673,3.0228620632584811
116.67400000000001,3.0259250845629864
116.675,3.0289888048501461
116.676,3.0320532109799205
116.67700000000001,3.0351182898068916
116.678,3.0381840281803174
116.679,3.0412504129442079
116.68000000000001,3.0443174309373915
116.681,3.0473850689935946
116.682,3.0504533139415062
116.68299999999999,3.0535221526048493
116.684,3.0565915718024566
116.685,3.059661558348342
116.68600000000001,3.0627320990517788
116.687,3.0658031807173716
116.688,3.0688747901451214
116.68899999999999,3.0719469141305216
116.69,3.0750195394646083
116.691,3.078092652934068
116.69200000000001,3.0811662413212773
116.693,3.084240291404412
116.694,3.0873147899575075
116.69499999999999,3.0903897237505462
116.696,3.0934650795495311
116.697,3.0965408441165589
116.69799999999999,3.0996170042099225
116.699,3.1026935465841659
116.7,3.1057704579901788
116.70099999999999,3.1088477251752793
116.702,3.1119253348832898
116.703,3.1150032738546192
116.70399999999999,3.1180815288263526
116.705,3.1211600865323339
116.706,3.1242389337032428
116.70699999999999,3.1273180570666872
116.708,3.1303974433472854
116.709,3.1334770792667488
116.70999999999999,3.1365569515439775
116.711,3.1396370468951371
116.712,3.142717352033753
116.71299999999999,3.1457978536707878
116.714,3.1488785385147495
116.715,3.1519593932717611
116.71599999999999,3.1550404046456597
116.717,3.1581215593380811
116.718,3.1612028440485553
116.71899999999999,3.1642842454745983
116.72,3.1673657503117947
116.721,3.1704473452539021
116.72199999999999,3.1735290169929362
116.723,3.1766107522192626
116.724,3.1796925376217038
116.72499999999999,3.1827743598876039
116.726,3.1858562057029616
116.727,3.1889380617524909
116.72799999999999,3.1920199147197468
116.729,3.195101751287194
116.73,3.1981835581363249
116.73099999999999,3.2012653219477474
116.732,3.2043470294012768
116.733,3.207428667176051
116.73399999999999,3.2105102219506163
116.735,3.2135916804030242
116.736,3.2166730292109502
116.73699999999999,3.2197542550517695
116.738,3.2228353446026721
116.739,3.2259162845407672
116.73999999999999,3.2289970615431747
116.741,3.2320776622871343
116.742,3.2351580734501062
116.74299999999999,3.2382382817098776
116.744,3.2413182737446626
116.745,3.2443980362332074
116.746,3.2474775558548981
116.747,3.2505568192898666
116.748,3.2536358132190886
116.749,3.2567145243245039
116.75,3.259792939289111
116.751,3.2628710447970755
116.752,3.2659488275338511
116.753,3.2690262741862717
116.754,3.2721033714426699
116.755,3.2751801059929844
116.756,3.2782564645288716
116.75700000000001,3.2813324337438137
116.758,3.2844080003332259
116.759,3.2874831509945834
116.76000000000001,3.2905578724275091
116.761,3.2936321513339082
116.762,3.2967059744180669
116.76300000000001,3.2997793283867849
116.764,3.3028521999494558
116.765,3.3059245758182136
116.76600000000001,3.3089964427080409
116.767,3.3120677873368649
116.768,3.3151385964256961
116.76900000000001,3.3182088566987398
116.77,3.3212785548835004
116.771,3.3243476777109104
116.77200000000001,3.3274162119154509
116.773,3.3304841442352591
116.774,3.3335514614122492
116.77500000000001,3.3366181501922449
116.776,3.3396841973250817
116.777,3.3427495895647352
116.77800000000001,3.3458143136694423
116.779,3.3488783564018156
116.78,3.3519417045289841
116.78100000000001,3.3550043448226869
116.782,3.3580662640594148
116.783,3.3611274490205267
116.78400000000001,3.3641878864923829
116.785,3.367247563266452
116.786,3.3703064661394477
116.78700000000001,3.3733645819134495
116.788,3.3764218973960252
116.789,3.3794783994003708
116.79000000000001,3.3825340747454069
116.791,3.385588910255942
116.792,3.3886428927627725
116.79300000000001,3.3916960091028163
116.794,3.3947482461192471
116.795,3.3977995906616183
116.79600000000001,3.4008500295859942
116.797,3.4038995497550739
116.798,3.4069481380383224
116.79900000000001,3.4099957813121078
116.8,3.4130424664598196
116.801,3.4160881803720144
116.80200000000001,3.4191329099465291
116.803,3.4221766420886284
116.804,3.425219363711129
116.80500000000001,3.4282610617345384
116.806,3.4313017230871692
116.807,3.4343413347053087
116.80799999999999,3.4373798835333091
116.809,3.4404173565237559
116.81,3.443453740637584
116.81100000000001,3.4464890228442178
116.812,3.4495231901217105
116.813,3.452556229456873
116.81399999999999,3.4555881278454166
116.815,3.458618872292079
116.816,3.4616484498107769
116.81700000000001,3.4646768474247294
116.818,3.4677040521666016
116.819,3.4707300510786441
116.81999999999999,3.4737548312128208
116.821,3.4767783796309701
116.822,3.4798006834049175
116.82299999999999,3.4828217296166346
116.824,3.4858415053583678
116.825,3.4888599977327894
116.82599999999999,3.4918771938531217
116.827,3.4948930808432959
116.828,3.4979076458380836
116.82899999999999,3.5009208759832373
116.83,3.5039327584356399
116.831,3.5069432803634335
116.83199999999999,3.5099524289461876
116.833,3.5129601913750093
116.834,3.515966554852711
116.83499999999999,3.5189715065939451
116.836,3.5219750338253486
116.837,3.5249771237856931
116.83799999999999,3.5279777637260152
116.839,3.5309769409097798
116.84,3.533974642613011
116.84099999999999,3.5369708561244471
116.842,3.539965568745679
116.843,3.5429587677913039
116.84399999999999,3.5459504405890732
116.845,3.54894057448002
116.846,3.5519291568186375
116.84699999999999,3.5549161749730014
116.848,3.5579016163249233
116.849,3.5608854682701159
116.84999999999999,3.5638677182183129
116.851,3.5668483535934405
116.852,3.569827361833755
116.85299999999999,3.5728047303919999
116.854,3.5757804467355414
116.855,3.5787544983465431
116.85599999999999,3.5817268727220886
116.857,3.5846975573743469
116.858,3.5876665398307224
116.85899999999999,3.5906338076340045
116.86,3.5935993483425173
116.861,3.5965631495302688
116.86199999999999,3.5995251987871084
116.863,3.6024854837188776
116.864,3.6054439919475576
116.86499999999999,3.6084007111114289
116.866,3.6113556288652142
116.867,3.6143087328802412
116.86799999999999,3.6172600108445923
116.869,3.6202094504632547
116.87,3.6231570394582784
116.871,3.6261027655689224
116.872,3.6290466165518263
116.873,3.6319885801811469
116.874,3.6349286442487121
116.875,3.6378667965641927
116.876,3.6408030249552379
116.877,3.6437373172676479
116.878,3.6466696613655127
116.879,3.6496000451313844
116.88,3.6525284564664142
116.881,3.6554548832905227
116.88200000000001,3.658379313542556
116.883,3.6613017351804218
116.884,3.6642221361812846
116.88500000000001,3.6671405045416754
116.886,3.670056828277692
116.887,3.6729710954251216
116.88800000000001,3.6758832940396209
116.889,3.6787934121968573
116.89,3.6817014379926842
116.89100000000001,3.6846073595432784
116.892,3.687511164985311
116.893,3.6904128424761047
116.89400000000001,3.693312380193789
116.895,3.6962097663374514
116.896,3.6991049891273069
116.89700000000001,3.7019980368048579
116.898,3.7048888976330412
116.899,3.7077775598963876
116.90000000000001,3.7106640119011973
116.901,3.7135482419756745
116.902,3.7164302384701147
116.90300000000001,3.7193099897570301
116.904,3.7221874842313367
116.905,3.7250627103105085
116.90600000000001,3.7279356564347217
116.907,3.7308063110670302
116.908,3.733674662693518
116.90900000000001,3.7365406998234669
116.91,3.7394044109894979
116.911,3.742265784747755
116.91200000000001,3.7451248096780421
116.913,3.7479814743840043
116.914,3.7508357674932769
116.91500000000001,3.7536876776576378
116.916,3.7565371935531826
116.917,3.7593843038804806
116.91800000000001,3.7622289973647289
116.919,3.7650712627559177
116.92,3.7679110888289915
116.92100000000001,3.770748464384003
116.922,3.7735833782462893
116.923,3.776415819266608
116.92400000000001,3.7792457763213192
116.925,3.7820732383125377
116.926,3.7848981941682909
116.92700000000001,3.7877206328426829
116.928,3.7905405433160557
116.929,3.7933579145951479
116.93000000000001,3.7961727357132609
116.931,3.7989849957304034
116.932,3.8017946837334704
116.93299999999999,3.8046017888363974
116.934,3.8074063001803213
116.935,3.8102082069337286
116.93600000000001,3.8130074982926359
116.937,3.8158041634807449
116.938,3.818598191749587
116.93899999999999,3.821389572378711
116.94,3.8241782946758174
116.941,3.8269643479769297
116.94200000000001,3.8297477216465636
116.943,3.8325284050778659
116.944,3.8353063876928011
116.94499999999999,3.8380816589422895
116.946,3.8408542083063719
116.947,3.8436240252943841
116.94799999999999,3.8463910994450941
116.949,3.8491554203268845
116.95,3.8519169775378939
116.95099999999999,3.8546757607061797
116.952,3.8574317594898964
116.953,3.8601849635774266
116.95399999999999,3.8629353626875678
116.955,3.8656829465696645
116.956,3.8684277050037923
116.95699999999999,3.8711696278008936
116.958,3.8739087048029694
116.959,3.8766449258831979
116.95999999999999,3.8793782809461201
116.961,3.8821087599277981
116.962,3.8848363527959537
116.96299999999999,3.8875610495501518
116.964,3.8902828402219414
116.965,3.8930017148750182
116.96599999999999,3.8957176636053874
116.967,3.8984306765415098
116.968,3.9011407438444752
116.96899999999999,3.9038478557081491
116.97,3.9065520023593323
116.971,3.9092531740579131
116.97199999999999,3.9119513610970409
116.973,3.9146465538032627
116.974,3.9173387425366877
116.97499999999999,3.9200279176911512
116.976,3.9227140696943592
116.977,3.9253971890080508
116.97799999999999,3.9280772661281556
116.979,3.9307542915849401
116.98,3.9334282559431704
116.98099999999999,3.9360991498022719
116.982,3.9387669637964833
116.983,3.9414316885949847
116.98399999999999,3.9440933149021
116.985,3.9467518334574128
116.986,3.949407235035935
116.98699999999999,3.9520595104482559
116.988,3.9547086505407125
116.989,3.9573546461955096
116.98999999999999,3.9599974883309064
116.991,3.9626371679013519
116.992,3.9652736758976421
116.99299999999999,3.96790700334707
116.994,3.9705371413135819
116.995,3.9731640808979249
116.996,3.9757878132378024
116.997,3.9784083295080195
116.998,3.9810256209206432
116.999,3.9836396787251425
117,3.9862504942085484
117.001,3.9888580586955942
117.002,3.991462363548878
117.003,3.9940634001690021
117.004,3.9966611599947259
117.005,3.9992556345031134
117.006,4.001846815209678
117.00700000000001,4.00443469366855
117.008,4.0070192614725926
117.009,4.0096005102535788
117.01000000000001,4.0121784316823241
117.011,4.0147530174688359
117.012,4.0173242593624625
117.01300000000001,4.0198921491520334
117.014,4.0224566786660123
117.015,4.0250178397726444
117.01600000000001,4.0275756243800824
117.017,4.0301300244365699
117.018,4.0326810319305366
117.01900000000001,4.035228638890791
117.02,4.0377728373866208
117.021,4.0403136195279732
117.02200000000001,4.0428509774655765
117.023,4.0453849033910778
117.024,4.0479153895372146
117.02500000000001,4.0504424281779237
117.026,4.0529660116284933
117.027,4.0554861322457239
117.02800000000001,4.0580027824280336
117.029,4.060515954615628
117.03,4.0630256412906274
117.03100000000001,4.0655318349772092
117.032,4.0680345282417409
117.033,4.070533713692928
117.03400000000001,4.0730293839819449
117.035,4.0755215318025773
117.036,4.0780101498913535
117.03700000000001,4.0804952310276938
117.038,4.0829767680340314
117.039,4.0854547537759611
117.04000000000001,4.0879291811623606
117.041,4.090400043145543
117.042,4.0928673327213758
117.04300000000001,4.0953310429294287
117.044,4.0977911668530993
117.045,4.1002476976197375
117.04600000000001,4.1027006284008003
117.047,4.1051499524119635
117.048,4.1075956629132744
117.04900000000001,4.1100377532092551
117.05,4.1124762166490534
117.051,4.1149110466265775
117.05200000000001,4.1173422365806065
117.053,4.1197697799949324
117.054,4.1221936703984898
117.05500000000001,4.1246139013654766
117.056,4.1270304665154853
117.057,4.1294433595136386
117.05799999999999,4.1318525740707006
117.059,4.1342581039432122
117.06,4.136659942933619
117.06100000000001,4.1390580848903866
117.062,4.1414525237081392
117.063,4.1438432533277716
117.06399999999999,4.1462302677365734
117.065,4.1486135609683608
117.066,4.1509931271035949
117.06700000000001,4.1533689602694999
117.068,4.1557410546401812
117.069,4.1581094044367681
117.06999999999999,4.1604740039274954
117.071,4.1628348474278649
117.072,4.1651919293007325
117.07299999999999,4.1675452439564467
117.074,4.1698947858529536
117.075,4.1722405494959247
117.07599999999999,4.1745825294388617
117.077,4.1769207202832224
117.078,4.1792551166785348
117.07899999999999,4.1815857133225069
117.08,4.1839125049611443
117.081,4.1862354863888651
117.08199999999999,4.1885546524486195
117.083,4.1908699980319799
117.084,4.1931815180792746
117.08499999999999,4.1954892075796941
117.086,4.1977930615713923
117.087,4.2000930751416128
117.08799999999999,4.2023892434267864
117.089,4.2046815616126398
117.09,4.2069700249343018
117.09099999999999,4.2092546286764279
117.092,4.2115353681732905
117.093,4.2138122388088739
117.09399999999999,4.2160852360170225
117.095,4.2183543552814911
117.096,4.2206195921360976
117.09699999999999,4.2228809421647941
117.098,4.2251384010017823
117.099,4.2273919643316127
117.09999999999999,4.2296416278892917
117.101,4.2318873874603788
117.102,4.2341292388810814
117.10299999999999,4.236367178038364
117.104,4.2386012008700398
117.105,4.2408313033648728
117.10599999999999,4.2430574815626763
117.107,4.2452797315543975
117.108,4.2474980494822354
117.10899999999999,4.2497124315397201
117.11,4.2519228739718073
117.111,4.2541293730749796
117.11199999999999,4.2563319251973368
117.113,4.2585305267386886
117.114,4.2607251741506396
117.11499999999999,4.2629158639366995
117.116,4.2651025926523491
117.117,4.2672853569051465
117.11799999999999,4.269464153354809
117.119,4.2716389787133071
117.12,4.2738098297449447
117.121,4.2759767032664531
117.122,4.2781395961470725
117.123,4.2802985053086324
117.124,4.282453427725649
117.125,4.2846043604253943
117.126,4.2867513004879978
117.127,4.2888942450465084
117.128,4.2910331912869886
117.129,4.293168136448589
117.13,4.2952990778236373
117.131,4.2974260127577004
117.13200000000001,4.2995489386496857
117.133,4.3016678529518977
117.134,4.3037827531701289
117.13500000000001,4.3058936368637326
117.136,4.3080005016456884
117.137,4.3101033451826947
117.13800000000001,4.3122021651952274
117.139,4.314296959457625
117.14,4.3163877257981369
117.14100000000001,4.3184744620990365
117.142,4.3205571662966467
117.143,4.3226358363814459
117.14400000000001,4.3247104703981147
117.145,4.3267810664456103
117.146,4.3288476226772321
117.14700000000001,4.3309101373007017
117.148,4.3329686085782111
117.149,4.3350230348264915
117.15000000000001,4.3370734144168885
117.151,4.3391197457754096
117.152,4.3411620273828078
117.15300000000001,4.3432002577746118
117.154,4.3452344355412258
117.155,4.3472645593279555
117.15600000000001,4.3492906278350834
117.157,4.3513126398179285
117.158,4.353330594086902
117.15900000000001,4.3553444895075604
117.16,4.3573543250006637
117.161,4.359360099542231
117.16200000000001,4.3613618121635884
117.163,4.3633594619514398
117.164,4.3653530480479077
117.16500000000001,4.367342569650571
117.166,4.3693280260125462
117.167,4.3713094164425126
117.16800000000001,4.3732867403047706
117.169,4.3752599970192971
117.17,4.3772291860617774
117.17100000000001,4.379194306963667
117.172,4.3811553593122223
117.173,4.3831123427505645
117.17400000000001,4.385065256977704
117.175,4.387014101748596
117.176,4.3889588768741792
117.17700000000001,4.390899582221417
117.178,4.392836217713338
117.179,4.3947687833290789
117.18000000000001,4.3966972791039165
117.181,4.3986217051293099
117.182,4.400542061552942
117.18299999999999,4.4024583485787403
117.184,4.4043705664669375
117.185,4.4062787155340786
117.18600000000001,4.4081827961530742
117.187,4.4100828087532218
117.188,4.4119787538202484
117.18899999999999,4.4138706318963248
117.19,4.4157584435801098
117.191,4.4176421895267808
117.19200000000001,4.4195218704480421
117.193,4.4213974871121842
117.194,4.4232690403440724
117.19499999999999,4.4251365310252062
117.196,4.4269999600937293
117.197,4.4288593285444424
117.19799999999999,4.4307146374288493
117.199,4.4325658878551533
117.2,4.4344130809883104
117.20099999999999,4.4362562180500067
117.202,4.4380953003187216
117.203,4.4399303291297123
117.20399999999999,4.4417613058750529
117.205,4.4435882320036342
117.206,4.4454111090211939
117.20699999999999,4.447229938490322
117.208,4.4490447220304752
117.209,4.4508554613179871
117.20999999999999,4.452662158086099
117.211,4.4544648141249397
117.212,4.4562634312815632
117.21299999999999,4.4580580114599293
117.214,4.4598485566209511
117.215,4.4616350687824671
117.21599999999999,4.4634175500192583
117.217,4.4651960024630544
117.218,4.4669704283025453
117.21899999999999,4.4687408297833837
117.22,4.4705072092081561
117.221,4.4722695689364436
117.22199999999999,4.474027911384761
117.223,4.4757822390266071
117.224,4.4775325543924236
117.22499999999999,4.4792788600696198
117.226,4.4810211587025606
117.227,4.4827594529925552
117.22799999999999,4.4844937456978666
117.229,4.4862240396336972
117.23,4.4879503376721761
117.23099999999999,4.4896726427423648
117.232,4.4913909578302391
117.233,4.4931052859786842
117.23399999999999,4.4948156302874764
117.235,4.4965219939132872
117.236,4.4982243800696473
117.23699999999999,4.4999227920269593
117.238,4.5016172331124622
117.239,4.5033077067102312
117.23999999999999,4.5049942162611476
117.241,4.5066767652628865
117.242,4.5083553572699167
117.24299999999999,4.5100299958934489
117.244,4.5117006848014398
117.245,4.5133674277185634
117.246,4.5150302284261858
117.247,4.51668909076235
117.248,4.5183440186217503
117.249,4.519995015955697
117.25,4.5216420867721006
117.251,4.5232852351354502
117.252,4.5249244651667659
117.253,4.5265597810436038
117.254,4.5281911869999831
117.255,4.5298186873263901
117.256,4.5314422863697335
117.25700000000001,4.5330619885333174
117.258,4.5346777982767907
117.259,4.5362897201161427
117.26000000000001,4.537897758623636
117.261,4.5395019184277956
117.262,4.5411022042133613
117.26300000000001,4.542698620721243
117.264,4.544291172748494
117.265,4.5458798651482617
117.26600000000001,4.5474647028297532
117.267,4.5490456907581933
117.268,4.5506228339547654
117.26900000000001,4.5521961374966011
117.27,4.553765606516702
117.271,4.5553312462039059
117.27200000000001,4.5568930618028496
117.273,4.5584510586139118
117.274,4.5600052419931636
117.27500000000001,4.5615556173523188
117.276,4.5631021901586912
117.277,4.564644965935134
117.27800000000001,4.5661839502599921
117.279,4.5677191487670559
117.28,4.5692505671454793
117.28100000000001,4.5707782111397712
117.282,4.5723020865496906
117.283,4.5738221992302179
117.28400000000001,4.5753385550914931
117.285,4.5768511600987605
117.286,4.5783600202722852
117.28700000000001,4.5798651416873195
117.288,4.5813665304740319
117.289,4.5828641928174392
117.29000000000001,4.5843581349573501
117.291,4.5858483631882958
117.292,4.5873348838594623
117.29300000000001,4.5888177033746302
117.294,4.590296828192109
117.295,4.5917722648246571
117.29600000000001,4.5932440198394247
117.297,4.5947120998578708
117.298,4.5961765115557078
117.29900000000001,4.5976372616628129
117.3,4.599094356963171
117.301,4.600547804294786
117.30200000000001,4.6019976105496117
117.303,4.603443782673482
117.304,4.6048863276660299
117.30500000000001,4.6063252525805964
117.306,4.6077605645241757
117.307,4.6091922706573243
117.30799999999999,4.6106203781940636
117.309,4.6120448944018388
117.31,4.6134658266013862
117.31100000000001,4.6148831821666985
117.312,4.6162969685249031
117.313,4.6177071931561997
117.31399999999999,4.6191138635937623
117.315,4.6205169874236542
117.316,4.6219165722847464
117.31700000000001,4.6233126258686248
117.318,4.6247051559194912
117.319,4.6260941702340919
117.31999999999999,4.6274796766616078
117.321,4.628861683103576
117.322,4.6302401975137766
117.32299999999999,4.6316152278981644
117.324,4.6329867823147595
117.325,4.6343548688735492
117.32599999999999,4.6357194957363923
117.327,4.637080671116923
117.328,4.6384384032804515
117.32899999999999,4.6397927005438717
117.33,4.6411435712755438
117.331,4.6424910238952073
117.33199999999999,4.643835066873871
117.333,4.6451757087337135
117.334,4.6465129580479729
117.33499999999999,4.6478468234408581
117.336,4.6491773135874137
117.337,4.6505044372134474
117.33799999999999,4.6518282030953877
117.339,4.6531486200602004
117.34,4.6544656969852767
117.34099999999999,4.6557794427983055
117.342,4.6570898664771807
117.343,4.6583969770498754
117.34399999999999,4.6597007835943458
117.345,4.6610012952383908
117.346,4.6622985211595651
117.34699999999999,4.6635924705850442
117.348,4.6648831527915142
117.349,4.6661705771050599
117.34999999999999,4.6674547529010315
117.351,4.6687356896039418
117.352,4.6700133966873398
117.35299999999999,4.6712878836736866
117.354,4.6725591601342327
117.355,4.6738272356888988
117.35599999999999,4.6750921200061626
117.357,4.6763538228029073
117.358,4.6776123538443191
117.35899999999999,4.6788677229437621
117.36,4.6801199399626316
117.361,4.6813690148102509
117.36199999999999,4.6826149574437181
117.363,4.6838577778677948
117.364,4.6850974861347741
117.36499999999999,4.6863340923443353
117.366,4.6875676066434284
117.367,4.6887980392261319
117.36799999999999,4.6900254003335231
117.369,4.6912497002535432
117.37,4.692470949320855
117.371,4.6936891579167153
117.372,4.6949043364688432
117.373,4.6961164954512657
117.374,4.6973256453841827
117.375,4.6985317968338514
117.376,4.6997349604124032
117.377,4.7009351467777485
117.378,4.7021323666333981
117.379,4.7033266307283412
117.38,4.7045179498568981
117.381,4.7057063348585686
117.38200000000001,4.7068917966178976
117.383,4.7080743460643202
117.384,4.7092539941720144
117.38500000000001,4.7104307519597732
117.386,4.7116046304908235
117.387,4.7127756408727066
117.38800000000001,4.7139437942571103
117.389,4.715109101839726
117.39,4.7162715748600945
117.39100000000001,4.7174312246014605
117.392,4.7185880623906069
117.393,4.7197420995977115
117.39400000000001,4.7208933476361921
117.395,4.722041817962543
117.396,4.7231875220761896
117.39700000000001,4.7243304715193233
117.398,4.7254706778767499
117.399,4.7266081527757269
117.40000000000001,4.7277429078858066
117.401,4.7288749549186768
117.402,4.7300043056280039
117.40300000000001,4.731130971809252
117.404,4.7322549652995516
117.405,4.733376297977518
117.40600000000001,4.7344949817630866
117.407,4.7356110286173596
117.408,4.7367244505424271
117.40900000000001,4.7378352595812157
117.41,4.738943467817311
117.411,4.7400490873747962
117.41200000000001,4.7411521304180901
117.413,4.7422526091517554
117.414,4.7433505358203636
117.41500000000001,4.7444459227082945
117.416,4.7455387821395814
117.417,4.7466291264777372
117.41800000000001,4.747716968125582
117.419,4.748802319525069
117.42,4.7498851931571089
117.42100000000001,4.7509656015414023
117.422,4.7520435572362594
117.423,4.7531190728384303
117.42400000000001,4.7541921609829192
117.425,4.7552628343428118
117.426,4.7563311056291049
117.42700000000001,4.7573969875905195
117.428,4.7584604930133203
117.429,4.7595216347211498
117.43000000000001,4.7605804255748332
117.431,4.7616368784721974
117.432,4.7626910063479038
117.43299999999999,4.7637428221732563
117.434,4.7647923389560134
117.435,4.7658395697402138
117.43600000000001,4.7668845276059955
117.437,4.7679272256693892
117.438,4.7689676770821627
117.43899999999999,4.7700058950316233
117.44,4.7710418927404081
117.441,4.7720756834663369
117.44200000000001,4.7731072805021935
117.443,4.7741366971755514
117.444,4.7751639468485809
117.44499999999999,4.7761890429178617
117.446,4.7772119988141846
117.447,4.7782328280023698
117.44799999999999,4.7792515439810686
117.449,4.7802681602825832
117.45,4.7812826904726524
117.45099999999999,4.7822951481502773
117.452,4.7833055469475205
117.453,4.7843139005293125
117.45399999999999,4.7853202225932527
117.455,4.7863245268694197
117.456,4.7873268271201699
117.45699999999999,4.7883271371399427
117.458,4.7893254707550668
117.459,4.79032184182355
117.45999999999999,4.791316264234899
117.461,4.7923087519098999
117.462,4.7932993188004431
117.46299999999999,4.7942879788892956
117.464,4.7952747461899143
117.465,4.7962596347462494
117.46599999999999,4.7972426586325412
117.467,4.798223831953095
117.468,4.7992031688421228
117.46899999999999,4.8001806834634895
117.47,4.8011563900105472
117.471,4.8021303027059101
117.47199999999999,4.8031024358012555
117.473,4.8040728035771245
117.474,4.8050414203427039
117.47499999999999,4.8060083004356269
117.476,4.8069734582217674
117.477,4.8079369080950265
117.47799999999999,4.8088986644771303
117.479,4.8098587418174166
117.48,4.8108171545926268
117.48099999999999,4.8117739173067022
117.482,4.8127290444905668
117.483,4.8136825507019179
117.48399999999999,4.8146344505250163
117.485,4.8155847585704787
117.486,4.8165334894750611
117.48699999999999,4.817480657901438
117.488,4.8184262785380181
117.489,4.8193703660986937
117.48999999999999,4.8203129353226544
117.491,4.8212540009741609
117.492,4.8221935778423344
117.49299999999999,4.823131680740941
117.494,4.8240683245081755
117.495,4.8250035240064388
117.496,4.8259372941221361
117.497,4.8268696497654542
117.498,4.8278006058701362
117.499,4.8287301773932665
117.5,4.8296583793150667
117.501,4.8305852266386573
117.502,4.8315107343898571
117.503,4.832434917616947
117.504,4.833357791390462
117.505,4.8342793708029674
117.506,4.8351996709688425
117.50700000000001,4.8361187070240454
117.508,4.8370364941259147
117.509,4.837953047452924
117.51000000000001,4.8388683822044811
117.511,4.8397825136006887
117.512,4.8406954568821376
117.51300000000001,4.841607227309666
117.514,4.8425178401641507
117.515,4.8434273107462751
117.51600000000001,4.8443356543763105
117.517,4.8452428863938852
117.518,4.8461490221577694
117.51900000000001,4.8470540770456427
117.52,4.8479580664538613
117.521,4.8488610057972537
117.52200000000001,4.8497629105088773
117.523,4.8506637960397967
117.524,4.851563677858854
117.52500000000001,4.8524625714524472
117.526,4.853360492324299
117.527,4.8542574559952349
117.52800000000001,4.8551534780029488
117.529,4.85604857390177
117.53,4.8569427592624521
117.53100000000001,4.8578360496719295
117.532,4.8587284607330865
117.533,4.8596200080645389
117.53400000000001,4.8605107073004028
117.535,4.8614005740900534
117.536,4.8622896240979046
117.53700000000001,4.8631778730031776
117.538,4.8640653364996673
117.539,4.8649520302955196
117.54000000000001,4.8658379701129792
117.541,4.8667231716881805
117.542,4.8676076507709105
117.54300000000001,4.8684914231243699
117.544,4.8693745045249432
117.545,4.8702569107619738
117.54600000000001,4.8711386576375144
117.547,4.8720197609661184
117.548,4.872900236574587
117.54900000000001,4.8737801003017402
117.55,4.8746593679981824
117.551,4.8755380555260839
117.55200000000001,4.8764161787589249
117.553,4.8772937535812737
117.554,4.878170795888547
117.55500000000001,4.8790473215867873
117.556,4.8799233465924061
117.557,4.8807988868319701
117.55799999999999,4.8816739582419562
117.559,4.8825485767685191
117.56,4.8834227583672511
117.56100000000001,4.8842965190029499
117.562,4.8851698746493888
117.563,4.8860428412890755
117.56399999999999,4.8869154349130017
117.565,4.8877876715204387
117.566,4.8886595671186743
117.56700000000001,4.8895311377227788
117.568,4.8904023993553967
117.569,4.8912733680464608
117.56999999999999,4.8921440598329973
117.571,4.8930144907588726
117.572,4.8938846768745599
117.57299999999999,4.8947546342368913
117.574,4.8956243789088347
117.575,4.8964939269592538
117.57599999999999,4.8973632944626555
117.577,4.8982324974989737
117.578,4.8991015521533239
117.57899999999999,4.8999704745157491
117.58,4.9008392806810122
117.581,4.9017079867483293
117.58199999999999,4.9025766088211551
117.583,4.9034451630069196
117.584,4.9043136654168169
117.58499999999999,4.9051821321655478
117.586,4.9060505793710831
117.587,4.9069190231544439
117.58799999999999,4.9077874796394365
117.589,4.9086559649524251
117.59,4.9095244952221009
117.59099999999999,4.9103930865792353
117.592,4.9112617551564419
117.593,4.9121305170879364
117.59399999999999,4.912999388509304
117.595,4.9138683855572562
117.596,4.9147375243693912
117.59699999999999,4.9156068210839567
117.598,4.916476291839615
117.599,4.917345952775193
117.59999999999999,4.9182158200294577
117.601,4.919085909740863
117.602,4.9199562380473285
117.60299999999999,4.9208268210859814
117.604,4.9216976749929326
117.605,4.922568815903027
117.60599999999999,4.9234402599496132
117.607,4.924312023264303
117.608,4.9251841219767272
117.60899999999999,4.9260565722143035
117.61,4.9269293901019999
117.611,4.9278025917620809
117.61199999999999,4.9286761933138941
117.613,4.929550210873602
117.614,4.9304246605539674
117.61499999999999,4.9312995584641044
117.616,4.9321749207092456
117.617,4.9330507633905025
117.61799999999999,4.9339271026046152
117.619,4.9348039544437334
117.62,4.9356813349951683
117.621,4.9365592603411539
117.622,4.9374377465586061
117.623,4.9383168097189039
117.624,4.9391964658876262
117.625,4.9400767311243285
117.626,4.9409576214823065
117.627,4.9418391530083525
117.628,4.9427213417425175
117.629,4.9436042037178876
117.63,4.9444877549603188
117.631,4.9453720114882387
117.63200000000001,4.946256989312376
117.633,4.9471427044355423
117.634,4.9480291728523849
117.63500000000001,4.9489164105491597
117.636,4.9498044335034965
117.637,4.9506932576841454
117.63800000000001,4.9515828990507611
117.639,4.9524733735536586
117.64,4.9533646971335763
117.64100000000001,4.9542568857214437
117.642,4.9551499552381433
117.643,4.9560439215942775
117.64400000000001,4.9569388006899331
117.645,4.957834608414446
117.646,4.9587313606461674
117.64700000000001,4.9596290732522341
117.648,4.9605277620883168
117.649,4.96142744299841
117.65000000000001,4.9623281318145853
117.651,4.9632298443567553
117.652,4.9641325964324476
117.65300000000001,4.9650364038365637
117.654,4.9659412823511584
117.655,4.9668472477451893
117.65600000000001,4.9677543157743038
117.657,4.9686625021805888
117.658,4.9695718226923535
117.65900000000001,4.9704822930238866
117.66,4.97139392887523
117.661,4.9723067459319452
117.66200000000001,4.973220759864887
117.663,4.9741359863299639
117.664,4.9750524409679198
117.66500000000001,4.9759701394040903
117.666,4.9768890972481774
117.667,4.9778093300940256
117.66800000000001,4.9787308535193837
117.669,4.9796536830856795
117.67,4.9805778343377956
117.67100000000001,4.9815033228038264
117.672,4.9824301639948665
117.673,4.9833583734047728
117.67400000000001,4.9842879665099353
117.675,4.9852189587690532
117.676,4.9861513656229093
117.67700000000001,4.9870852024941374
117.678,4.9880204847870058
117.679,4.9889572278871714
117.68000000000001,4.9898954471614765
117.681,4.9908351579577079
117.682,4.9917763756043758
117.68299999999999,4.9927191154104875
117.684,4.9936633926653293
117.685,4.9946092226382302
117.68600000000001,4.9955566205783448
117.687,4.9965056017144356
117.688,4.9974561812546288
117.68899999999999,4.998408374386214
117.69,4.9993621962754151
117.691,5.0003176620671521
117.69200000000001,5.0012747868848457
117.693,5.0022335858301741
117.694,5.003194073982856
117.69499999999999,5.0041562664004378
117.696,5.005120178118073
117.697,5.0060858241482791
117.69799999999999,5.0070532194807491
117.699,5.0080223790821154
117.7,5.0089933178957313
117.70099999999999,5.0099660508414541
117.702,5.0109405928154249
117.703,5.0119169586898558
117.70399999999999,5.0128951633128036
117.705,5.0138752215079663
117.706,5.0148571480744479
117.70699999999999,5.0158409577865601
117.708,5.0168266653935891
117.709,5.0178142856195898
117.70999999999999,5.018803833163183
117.711,5.0197953226973109
117.712,5.0207887688690498
117.71299999999999,5.0217841862993726
117.714,5.0227815895829657
117.715,5.023780993287982
117.71599999999999,5.0247824119558615
117.717,5.025785860101081
117.718,5.0267913522109833
117.71899999999999,5.0277989027455359
117.72,5.0288085261371336
117.721,5.0298202367903819
117.72199999999999,5.0308340490818946
117.723,5.0318499773600749
117.724,5.0328680359449187
117.72499999999999,5.0338882391277906
117.726,5.0349106011712266
117.727,5.0359351363087228
117.72799999999999,5.0369618587445366
117.729,5.0379907826534609
117.73,5.0390219221806376
117.73099999999999,5.0400552914413392
117.732,5.041090904520777
117.733,5.0421287754738717
117.73399999999999,5.0431689183250832
117.735,5.0442113470681758
117.736,5.0452560756660318
117.73699999999999,5.0463031180504441
117.738,5.0473524881219181
117.739,5.0484041997494629
117.73999999999999,5.0494582667703956
117.741,5.0505147029901369
117.742,5.0515735221820144
117.74299999999999,5.0526347380870593
117.744,5.0536983644138154
117.745,5.0547644148381217
117.746,5.055832903002937
117.747,5.0569038425181319
117.748,5.0579772469602915
117.749,5.0590531298725114
117.75,5.0601315047642199
117.751,5.0612123851109683
117.752,5.0622957843542409
117.753,5.0633817159012597
117.754,5.0644701931247873
117.755,5.0655612293629453
117.756,5.0666548379190068
117.75700000000001,5.0677510320612154
117.758,5.0688498250225891
117.759,5.0699512300007257
117.76000000000001,5.0710552601576175
117.761,5.0721619286194652
117.762,5.0732712484764804
117.76300000000001,5.0743832327826972
117.764,5.0754978945557916
117.765,5.0766152467768926
117.76600000000001,5.0777353023903835
117.767,5.0788580743037333
117.768,5.0799835753872919
117.76900000000001,5.0811118184741293
117.77,5.0822428163598179
117.771,5.0833765818022876
117.77200000000001,5.0845131275216104
117.773,5.0856524661998286
117.774,5.0867946104807835
117.77500000000001,5.0879395729699102
117.776,5.0890873662340805
117.777,5.0902380028014136
117.77800000000001,5.0913914951610817
117.779,5.0925478557631649
117.78,5.0937070970184344
117.78100000000001,5.0948692312982065
117.782,5.0960342709341369
117.783,5.0972022282180713
117.78400000000001,5.0983731154018521
117.785,5.0995469446971491
117.786,5.1007237282752804
117.78700000000001,5.101903478267042
117.788,5.1030862067625407
117.789,5.1042719258110054
117.79000000000001,5.1054606474206263
117.791,5.1066523835583908
117.792,5.1078471461498864
117.79300000000001,5.1090449470791661
117.794,5.1102457981885436
117.795,5.1114497112784498
117.79600000000001,5.1126566981072514
117.797,5.1138667703910947
117.798,5.1150799398037261
117.79900000000001,5.1162962179763305
117.8,5.1175156164973696
117.801,5.1187381469124151
117.80200000000001,5.1199638207239815
117.803,5.1211926493913627
117.804,5.1224246443304793
117.80500000000001,5.1236598169137029
117.806,5.1248981784696941
117.807,5.1261397402832589
117.80799999999999,5.1273845135951728
117.809,5.128632509602026
117.81,5.1298837394560604
117.81100000000001,5.1311382142650235
117.812,5.1323959450919983
117.813,5.1336569429552554
117.81399999999999,5.1349212188280902
117.815,5.136188783638671
117.816,5.137459648269882
117.81700000000001,5.1387338235591802
117.818,5.1400113202984272
117.819,5.1412921492337418
117.81999999999999,5.1425763210653592
117.821,5.1438638464474593
117.822,5.1451547359880312
117.82299999999999,5.1464490002487295
117.824,5.1477466497447004
117.825,5.1490476949444641
117.82599999999999,5.1503521462697393
117.827,5.1516600140953219
117.828,5.1529713087489188
117.82899999999999,5.1542860405110158
117.83,5.1556042196147249
117.831,5.1569258562456444
117.83199999999999,5.1582509605417162
117.833,5.1595795425930806
117.834,5.1609116124419412
117.83499999999999,5.1622471800824101
117.836,5.1635862554603875
117.837,5.1649288484734033
117.83799999999999,5.1662749689704981
117.839,5.1676246267520636
117.84,5.1689778315697197
117.84099999999999,5.1703345931261762
117.842,5.1716949210750922
117.843,5.1730588250209522
117.84399999999999,5.1744263145189127
117.845,5.1757973990746908
117.846,5.1771720881444185
117.84699999999999,5.1785503911345092
117.848,5.1799323174015388
117.849,5.1813178762521037
117.84999999999999,5.1827070769426857
117.851,5.1840999286795526
117.852,5.1854964406185928
117.85299999999999,5.1868966218652126
117.854,5.1883004814742026
117.855,5.1897080284496067
117.85599999999999,5.1911192717446131
117.857,5.1925342202614075
117.858,5.1939528828510628
117.85899999999999,5.1953752683134251
117.86,5.1968013853969683
117.861,5.1982312427986948
117.86199999999999,5.1996648491640016
117.863,5.2011022130865712
117.864,5.2025433431082444
117.86499999999999,5.2039882477189074
117.866,5.205436935356369
117.867,5.2068894144062483
117.86799999999999,5.2083456932018581
117.869,5.209805780024098
117.87,5.2112696831013174
117.871,5.2127374106092343
117.872,5.2142089706707981
117.873,5.2156843713560832
117.874,5.2171636206821823
117.875,5.2186467266131036
117.876,5.2201336970596373
117.877,5.221624539879274
117.878,5.2231192628760823
117.879,5.2246178738006037
117.88,5.226120380349748
117.881,5.2276267901666884
117.88200000000001,5.2291371108407567
117.883,5.2306513499073368
117.884,5.2321695148477705
117.88500000000001,5.2336916130892401
117.886,5.2352176520046836
117.887,5.2367476389126786
117.88800000000001,5.2382815810773646
117.889,5.2398194857083116
117.89,5.2413613599604556
117.89100000000001,5.2429072109339785
117.892,5.2444570456742241
117.893,5.2460108711715936
117.89400000000001,5.2475686943614583
117.895,5.2491305221240676
117.896,5.2506963612844313
117.89700000000001,5.2522662186122648
117.898,5.2538401008218756
117.899,5.2554180145720739
117.90000000000001,5.2569999664660809
117.901,5.2585859630514502
117.902,5.2601760108199702
117.90300000000001,5.261770116207579
117.904,5.2633682855942787
117.905,5.2649705253040491
117.90600000000001,5.2665768416047598
117.907,5.2681872407080945
117.908,5.2698017287694565
117.90900000000001,5.2714203118878924
117.91,5.2730429961060086
117.911,5.2746697874098949
117.91200000000001,5.2763006917290465
117.913,5.2779357149362571
117.914,5.2795748628475856
117.91500000000001,5.2812181412222436
117.916,5.2828655557625321
117.917,5.2845171121137664
117.91800000000001,5.2861728158641998
117.919,5.2878326725449387
117.92,5.2894966876298852
117.92100000000001,5.2911648665356594
117.922,5.2928372146215192
117.923,5.2945137371893036
117.92400000000001,5.2961944394833473
117.925,5.2978793266904258
117.926,5.2995684039396718
117.92700000000001,5.3012616763025271
117.928,5.3029591487926542
117.929,5.3046608263658825
117.93000000000001,5.3063667139201485
117.931,5.3080768162954133
117.932,5.3097911382736225
117.93299999999999,5.3115096845786169
117.934,5.3132324598760992
117.935,5.3149594687735497
117.93600000000001,5.3166907158201742
117.937,5.3184262055068494
117.938,5.3201659422660725
117.93899999999999,5.3219099304718611
117.94,5.3236581744397551
117.941,5.3254106784267226
117.94200000000001,5.3271674466311172
117.943,5.328928483192616
117.944,5.3306937921921733
117.94499999999999,5.3324633776519708
117.946,5.3342372435353607
117.947,5.3360153937468073
117.94799999999999,5.3377978321318533
117.949,5.3395845624770608
117.95,5.3413755885099583
117.95099999999999,5.3431709138990051
117.952,5.3449705422535345
117.953,5.3467744771237129
117.95399999999999,5.3485827220004971
117.955,5.3503952803155812
117.956,5.3522121554413555
117.95699999999999,5.3540333506908766
117.958,5.3558588693178084
117.959,5.3576887145163941
117.95999999999999,5.3595228894213989
117.961,5.3613613971080998
117.962,5.3632042405922142
117.96299999999999,5.3650514228298896
117.964,5.3669029467176443
117.965,5.3687588150923489
117.96599999999999,5.3706190307311896
117.967,5.3724835963516178
117.968,5.3743525146113367
117.96899999999999,5.3762257881082522
117.97,5.3781034193804587
117.971,5.3799854109061904
117.97199999999999,5.3818717651037975
117.973,5.3837624843317293
117.974,5.3856575708884868
117.97499999999999,5.3875570270126047
117.976,5.3894608548826266
117.977,5.3913690566170711
117.97799999999999,5.3932816342744161
117.979,5.3951985898530666
117.98,5.3971199252913351
117.98099999999999,5.3990456424674225
117.982,5.4009757431993908
117.983,5.4029102292451352
117.98399999999999,5.4048491023023892
117.985,5.4067923640086715
117.986,5.4087400159413015
117.98699999999999,5.4106920596173484
117.988,5.4126484964936381
117.989,5.4146093279667387
117.98999999999999,5.4165745553729199
117.991,5.4185441799881708
117.992,5.4205182030281645
117.99299999999999,5.422496625648245
117.994,5.4244794489434369
117.995,5.4264666739484131
117.996,5.4284583016374892
117.997,5.4304543329246151
117.998,5.4324547686633764
117.999,5.4344596096469697
118,5.4364688566082027
118.001,5.4384825102195027
118.002,5.4405005710928815
118.003,5.4425230397799513
118.004,5.4445499167719298
118.005,5.4465812024996101
118.006,5.4486168973333786
118.00700000000001,5.4506570015832008
118.008,5.4527015154986564
118.009,5.4547504392688744
118.01000000000001,5.4568037730225942
118.011,5.4588615168281418
118.012,5.4609236706934343
118.01300000000001,5.4629902345659911
118.014,5.4650612083329229
118.015,5.4671365918209496
118.01600000000001,5.4692163847964181
118.017,5.4713005869652722
118.018,5.4733891979730984
118.01900000000001,5.4754822174051156
118.02,5.4775796447861822
118.021,5.4796814795808242
118.02200000000001,5.4817877211932231
118.023,5.4838983689672425
118.024,5.4860134221864332
118.02500000000001,5.4881328800740601
118.026,5.4902567417930879
118.027,5.4923850064462343
118.02800000000001,5.4945176730759506
118.029,5.4966547406644626
118.03,5.4987962081337738
118.03100000000001,5.5009420743456889
118.032,5.5030923381018368
118.033,5.5052469981436811
118.03400000000001,5.5074060531525415
118.035,5.5095695017496311
118.036,5.5117373424960494
118.03700000000001,5.513909573892839
118.038,5.5160861943809874
118.039,5.5182672023414447
118.04000000000001,5.5204525960951738
118.041,5.5226423739031549
118.042,5.5248365339664254
118.04300000000001,5.5270350744261041
118.044,5.5292379933634095
118.045,5.5314452887997057
118.04600000000001,5.5336569586965201
118.047,5.5358730009555757
118.048,5.5380934134188262
118.04900000000001,5.5403181938684956
118.05,5.5425473400270882
118.051,5.544780849557446
118.05199999999999,5.5470187200627663
118.053,5.5492609490866549
118.054,5.5515075341131457
118.05500000000001,5.5537584725667362
118.056,5.5560137618124514
118.057,5.5582733991558477
118.05799999999999,5.5605373818430675
118.059,5.5628057070608872
118.06,5.5650783719367496
118.06100000000001,5.5673553735388008
118.062,5.5696367088759402
118.063,5.5719223748978575
118.06399999999999,5.5742123684950808
118.065,5.5765066864990267
118.066,5.5788053256820174
118.06700000000001,5.5811082827573752
118.068,5.5834155543794264
118.069,5.5857271371435608
118.06999999999999,5.5880430275862878
118.071,5.5903632221852853
118.072,5.5926877173594409
118.07300000000001,5.5950165094689019
118.074,5.5973495948151317
118.075,5.5996869696409703
118.07599999999999,5.6020286301306577
118.077,5.604374572409931
118.078,5.6067247925460393
118.07899999999999,5.609079286547809
118.08,5.6114380503657149
118.081,5.6138010798919282
118.08199999999999,5.6161683709603505
118.083,5.6185399193467163
118.084,5.6209157207686093
118.08499999999999,5.623295770885548
118.086,5.62568006529904
118.087,5.6280685995526252
118.08799999999999,5.6304613691319663
118.089,5.6328583694648877
118.09,5.6352595959214451
118.09099999999999,5.6376650438140032
118.092,5.6400747083972718
118.093,5.6424885848683957
118.09399999999999,5.6449066683670068
118.095,5.6473289539752916
118.096,5.6497554367180722
118.09699999999999,5.65218611156285
118.098,5.6546209734198936
118.099,5.6570600171423013
118.09999999999999,5.6595032375260654
118.101,5.6619506293101622
118.102,5.6644021871765915
118.10299999999999,5.666857905750474
118.104,5.6693177796001244
118.105,5.6717818032371046
118.10599999999999,5.6742499711163159
118.107,5.6767222776360668
118.108,5.6791987171381457
118.10899999999999,5.6816792839079078
118.11,5.6841639721743373
118.111,5.6866527761101313
118.11199999999999,5.6891456898317898
118.113,5.6916427073996676
118.114,5.694143822818079
118.11499999999999,5.6966490300353652
118.116,5.6991583229439797
118.117,5.7016716953805702
118.11799999999999,5.704189141126049
118.119,5.7067106539056969
118.12,5.7092362273892299
118.121,5.7117658551908921
118.122,5.7142995308695248
118.123,5.716837247928682
118.124,5.7193789998166853
118.125,5.7219247799267361
118.126,5.7244745815969704
118.127,5.7270283981105923
118.128,5.7295862226959144
118.129,5.7321480485264864
118.13,5.734713868721169
118.131,5.7372836763442088
118.13200000000001,5.739857464405361
118.133,5.7424352258599622
118.134,5.7450169536090208
118.13500000000001,5.7476026404993164
118.136,5.7501922793234979
118.137,5.752785862820172
118.13800000000001,5.7553833836739958
118.139,5.7579848345157743
118.14,5.760590207922565
118.14100000000001,5.7631994964177586
118.142,5.7658126924711972
118.143,5.7684297884992457
118.14400000000001,5.7710507768649251
118.145,5.7736756498779727
118.146,5.7763043997949826
118.14700000000001,5.7789370188194695
118.148,5.781573499101988
118.149,5.7842138327402459
118.15000000000001,5.7868580117791755
118.151,5.7895060282110631
118.152,5.7921578739756487
118.15300000000001,5.7948135409602166
118.154,5.7974730209997212
118.155,5.8001363058768636
118.15600000000001,5.8028033873222231
118.157,5.8054742570143603
118.158,5.8081489065799108
118.15900000000001,5.8108273275937012
118.16,5.8135095115788626
118.161,5.8161954500069335
118.16200000000001,5.8188851342979646
118.163,5.8215785558206399
118.164,5.824275705892374
118.16500000000001,5.8269765757794509
118.166,5.8296811566970881
118.167,5.8323894398095888
118.16800000000001,5.8351014162304597
118.169,5.8378170770224731
118.17,5.8405364131978548
118.17100000000001,5.84325941571832
118.172,5.8459860754952597
118.173,5.848716383389803
118.17400000000001,5.8514503302129732
118.175,5.8541879067257661
118.176,5.8569291036393043
118.17699999999999,5.8596739116149301
118.178,5.8624223212643329
118.179,5.8651743231496685
118.18000000000001,5.867929907783676
118.181,5.8706890656298025
118.182,5.8734517871023204
118.18299999999999,5.8762180625664389
118.184,5.8789878823384534
118.185,5.8817612366858292
118.18600000000001,5.8845381158273682
118.187,5.8873185099332837
118.188,5.8901024091253618
118.18899999999999,5.8928898034770789
118.19,5.8956806830137083
118.191,5.898475037712462
118.19200000000001,5.9012728575026188
118.193,5.9040741322656292
118.194,5.9068788518352751
118.19499999999999,5.909687005997764
118.196,5.9124985844918836
118.197,5.9153135770091012
118.19800000000001,5.9181319731937378
118.199,5.9209537626430357
118.2,5.9237789349073466
118.20099999999999,5.9266074794902295
118.202,5.9294393858485872
118.203,5.9322746433928071
118.20399999999999,5.9351132414868673
118.205,5.9379551694485109
118.206,5.9408004165493384
118.20699999999999,5.943648972014957
118.208,5.9465008250251294
118.209,5.9493559647138721
118.20999999999999,5.9522143801696341
118.211,5.9550760604353883
118.212,5.9579409945087942
118.21299999999999,5.9608091713423388
118.214,5.9636805798434391
118.215,5.9665552088746168
118.21599999999999,5.9694330472536254
118.217,5.9723140837535631
118.218,5.9751983071030548
118.21899999999999,5.9780857059863433
118.22,5.9809762690434685
118.221,5.9838699848703865
118.22199999999999,5.9867668420191098
118.223,5.989666828997855
118.224,5.9925699342711845
118.22499999999999,5.9954761462601276
118.226,5.9983854533423635
118.227,6.0012978438523152
118.22799999999999,6.0042133060813292
118.229,6.0071318282777995
118.23,6.0100533986473152
118.23099999999999,6.0129780053528119
118.232,6.0159056365147023
118.233,6.0188362802110351
118.23399999999999,6.0217699244776295
118.235,6.0247065573082192
118.236,6.0276461666546126
118.23699999999999,6.0305887404268272
118.238,6.0335342664932465
118.239,6.0364827326807422
118.23999999999999,6.0394341267748555
118.241,6.0423884365199232
118.242,6.0453456496192377
118.24299999999999,6.0483057537351836
118.244,6.0512687364893907
118.245,6.0542345854628987
118.246,6.0572032881962841
118.247,6.060174832189821
118.248,6.06314920490364
118.249,6.066126393757866
118.25,6.0691063861327699
118.251,6.0720891693689332
118.252,6.0750747307673869
118.253,6.0780630575897749
118.254,6.0810541370584854
118.255,6.0840479563568479
118.256,6.087044502629233
118.25700000000001,6.0900437629812352
118.258,6.0930457244798415
118.259,6.0960503741535526
118.26000000000001,6.0990576989925529
118.261,6.1020676859488834
118.262,6.1050803219365548
118.26300000000001,6.1080955938317629
118.264,6.1111134884729807
118.265,6.1141339926611575
118.26600000000001,6.1171570931598698
118.267,6.1201827766954686
118.268,6.123211029957238
118.26900000000001,6.1262418395975686
118.27,6.1292751922320878
118.271,6.1323110744398495
118.27200000000001,6.1353494727634725
118.273,6.1383903737092957
118.274,6.1414337637475747
118.27500000000001,6.1444796293125901
118.276,6.1475279568028327
118.277,6.1505787325811827
118.27800000000001,6.1536319429750304
118.279,6.1566875742764804
118.28,6.1597456127424728
118.28100000000001,6.162806044594964
118.282,6.1658688560211043
118.283,6.1689340331733629
118.28400000000001,6.1720015621697275
118.285,6.1750714290938475
118.286,6.1781436199951916
118.28700000000001,6.1812181208892412
118.288,6.1842949177576081
118.289,6.1873739965482386
118.29000000000001,6.1904553431755645
118.291,6.1935389435206627
118.292,6.196624783431421
118.29300000000001,6.199712848722708
118.294,6.2028031251765352
118.295,6.2058955985422308
118.29600000000001,6.2089902545365909
118.297,6.2120870788440499
118.298,6.2151860571168633
118.29900000000001,6.2182871749752486
118.3,6.2213904180075694
118.301,6.224495771770501
118.30199999999999,6.2276032217891863
118.303,6.2307127535574285
118.304,6.233824352537825
118.30500000000001,6.2369380041619547
118.306,6.2400536938305571
118.307,6.2431714069136781
118.30799999999999,6.2462911287508511
118.309,6.249412844651264
118.31,6.2525365398939261
118.31100000000001,6.2556621997278476
118.312,6.2587898093721961
118.313,6.2619193540164666
118.31399999999999,6.2650508188206651
118.315,6.2681841889154732
118.316,6.2713194494024034
118.31700000000001,6.2744565853539989
118.318,6.277595581813971
118.319,6.2807364237974088
118.31999999999999,6.2838790962909048
118.321,6.287023584252772
118.322,6.2901698726131894
118.32300000000001,6.2933179462743691
118.324,6.2964677901107446
118.325,6.2996193889691483
118.32599999999999,6.3027727276689554
118.327,6.30592779100229
118.328,6.3090845637341655
118.32899999999999,6.3122430306026889
118.33,6.3154031763192116
118.331,6.3185649855685107
118.33199999999999,6.3217284430089649
118.333,6.3248935332727303
118.334,6.3280602409658968
118.33499999999999,6.3312285506686869
118.336,6.3343984469356176
118.337,6.337569914295667
118.33799999999999,6.3407429372524682
118.339,6.3439175002844621
118.34,6.3470935878450927
118.34099999999999,6.3502711843629704
118.342,6.3534502742420429
118.343,6.3566308418617901
118.34399999999999,6.3598128715773736
118.345,6.3629963477198217
118.346,6.3661812545962366
118.34699999999999,6.3693675764899105
118.348,6.3725552976605453
118.349,6.3757444023444272
118.34999999999999,6.3789348747545702
118.351,6.3821266990809402
118.352,6.3853198594905862
118.35299999999999,6.388514340127843
118.354,6.3917101251145088
118.355,6.3949071985500066
118.35599999999999,6.3981055445115729
118.357,6.4013051470544315
118.358,6.4045059902119679
118.35899999999999,6.4077080579959187
118.36,6.4109113343965305
118.361,6.4141158033827388
118.36199999999999,6.4173214489023831
118.363,6.4205282548823224
118.364,6.4237362052286606
118.36499999999999,6.4269452838269139
118.366,6.4301554745421701
118.367,6.4333667612192968
118.36799999999999,6.4365791276830926
118.369,6.4397925577384747
118.37,6.4430070351706714
118.371,6.4462225437453764
118.372,6.4494390672089423
118.373,6.4526565892885568
118.374,6.4558750936924199
118.375,6.4590945641099218
118.376,6.4623149842118242
118.377,6.4655363376504358
118.378,6.4687586080597921
118.379,6.4719817790558434
118.38,6.4752058342366166
118.381,6.4784307571824016
118.38200000000001,6.4816565314559433
118.383,6.4848831406026051
118.384,6.4881105681505442
118.38500000000001,6.4913387976109114
118.386,6.4945678124780102
118.387,6.4977975962294927
118.38800000000001,6.5010281323265211
118.389,6.5042594042139577
118.39,6.5074913953205513
118.39100000000001,6.5107240890591065
118.392,6.5139574688266624
118.393,6.5171915180046689
118.39400000000001,6.5204262199591838
118.395,6.5236615580410344
118.396,6.5268975155860165
118.39700000000001,6.5301340759150399
118.398,6.5333712223343472
118.399,6.5366089381356716
118.40000000000001,6.5398472065964128
118.401,6.5430860109798363
118.402,6.5463253345352381
118.40300000000001,6.5495651604981227
118.404,6.5528054720903963
118.405,6.5560462525205363
118.40600000000001,6.5592874849837681
118.407,6.5625291526622522
118.408,6.5657712387252687
118.40900000000001,6.5690137263293771
118.41,6.5722565986186208
118.411,6.575499838724685
118.41200000000001,6.5787434297671012
118.413,6.5819873548533909
118.414,6.5852315970792787
118.41500000000001,6.5884761395288685
118.416,6.5917209652747992
118.417,6.5949660573784357
118.41800000000001,6.5982113988900704
118.419,6.6014569728490713
118.42,6.604702762284079
118.42100000000001,6.6079487502131826
118.422,6.6111949196440918
118.423,6.614441253574336
118.42400000000001,6.6176877349914154
118.425,6.6209343468730015
118.426,6.6241810721871186
118.42699999999999,6.6274278938923032
118.428,6.6306747949378
118.429,6.6339217582637389
118.43000000000001,6.6371687668013024
118.431,6.6404158034729246
118.432,6.6436628511924543
118.43299999999999,6.646909892865331
118.434,6.6501569113887857
118.435,6.653403889651992
118.43600000000001,6.6566508105362718
118.437,6.6598976569152484
118.438,6.6631444116550451
118.43899999999999,6.6663910576144509
118.44,6.6696375776451102
118.441,6.6728839545916898
118.44200000000001,6.6761301712920638
118.443,6.6793762105774892
118.444,6.6826220552727893
118.44499999999999,6.6858676881965398
118.446,6.6891130921611932
118.447,6.6923582499733527
118.44800000000001,6.6956031444338624
118.449,6.6988477583380241
118.45,6.7020920744757735
118.45099999999999,6.7053360756318536
118.452,6.7085797445859932
118.453,6.7118230641130783
118.45399999999999,6.7150660169833394
118.455,6.7183085859625269
118.456,6.72155075381208
118.45699999999999,6.7247925032893026
118.458,6.7280338171475655
118.459,6.7312746781364456
118.45999999999999,6.7345150690019349
118.461,6.7377549724865951
118.462,6.7409943713297373
118.46299999999999,6.7442332482676193
118.464,6.7474715860335994
118.465,6.7507093673583061
118.46599999999999,6.7539465749698468
118.467,6.7571831915939455
118.468,6.7604191999541587
118.46899999999999,6.7636545827720091
118.47,6.7668893227671916
118.471,6.7701234026577293
118.47199999999999,6.7733568051601676
118.473,6.7765895129897409
118.474,6.7798215088605289
118.47499999999999,6.7830527754856629
118.476,6.7862832955774977
118.477,6.7895130518477433
118.47799999999999,6.7927420270076873
118.479,6.7959702037683627
118.48,6.799197564840691
118.48099999999999,6.8024240929356914
118.482,6.8056497707646315
118.483,6.8088745810392179
118.48399999999999,6.8120985064717541
118.485,6.8153215297753231
118.486,6.8185436336639551
118.48699999999999,6.8217648008528098
118.488,6.8249850140583437
118.489,6.8282042559984717
118.48999999999999,6.8314225093927625
118.491,6.8346397569625914
118.492,6.8378559814313284
118.49299999999999,6.8410711655244931
118.494,6.844285291969932
118.495,6.8474983434980086
118.496,6.8507103028417422
118.497,6.8539211527370068
118.498,6.8571308759226977
118.499,6.8603394551408758
118.5,6.863546873136988
118.501,6.8667531126599872
118.502,6.8699581564625305
118.503,6.8731619873011525
118.504,6.876364587936413
118.505,6.8795659411330927
118.506,6.8827660296603472
118.50700000000001,6.8859648362918708
118.508,6.8891623438060954
118.509,6.8923585349863199
118.51000000000001,6.8955533926209007
118.511,6.8987468995034327
118.512,6.9019390384328947
118.51300000000001,6.9051297922138186
118.514,6.9083191436564757
118.515,6.9115070755770329
118.51600000000001,6.9146935707977164
118.517,6.9178786121469891
118.518,6.9210621824597141
118.51900000000001,6.9242442645773146
118.52,6.9274248413479533
118.521,6.9306038956266924
118.52200000000001,6.9337814102756585
118.523,6.9369573681642063
118.524,6.9401317521690995
118.52500000000001,6.9433045451746604
118.526,6.9464757300729367
118.527,6.9496452897638807
118.52800000000001,6.9528132071554918
118.529,6.955979465164015
118.53,6.9591440467140622
118.53100000000001,6.9623069347388142
118.532,6.9654681121801634
118.533,6.9686275619888942
118.53400000000001,6.9717852671248242
118.535,6.9749412105569863
118.536,6.9780953752637878
118.53700000000001,6.9812477442331708
118.538,6.984398300462777
118.539,6.9875470269601028
118.54000000000001,6.9906939067426812
118.541,6.993838922838215
118.542,6.9969820582847611
118.54300000000001,7.0001232961308943
118.544,7.0032626194358407
118.545,7.0064000112696778
118.54600000000001,7.0095354547134612
118.547,7.0126689328593983
118.548,7.0158004288110227
118.54900000000001,7.0189299256833291
118.55,7.0220574066029435
118.551,7.0251828547082944
118.55199999999999,7.0283062531497542
118.553,7.031427585089812
118.554,7.0345468337032191
118.55500000000001,7.0376639821771541
118.556,7.0407790137113917
118.557,7.0438919115184433
118.55799999999999,7.0470026588237147
118.559,7.0501112388656928
118.56,7.0532176348960594
118.56100000000001,7.0563218301798791
118.562,7.0594238079957421
118.563,7.0625235516359268
118.56399999999999,7.0656210444065604
118.565,7.0687162696277603
118.566,7.0718092106337931
118.56700000000001,7.0748998507732495
118.568,7.077988173409171
118.569,7.0810741619192221
118.56999999999999,7.0841577996958414
118.571,7.0872390701463868
118.572,7.0903179566933137
118.57300000000001,7.093394442774299
118.574,7.0964685118424029
118.575,7.0995401473662465
118.57599999999999,7.1026093328301201
118.577,7.1056760517341786
118.578,7.108740287594566
118.57899999999999,7.1118020239435715
118.58,7.1148612443298074
118.581,7.1179179323183135
118.58199999999999,7.1209720714907405
118.583,7.1240236454455026
118.584,7.1270726377979052
118.58499999999999,7.1301190321803229
118.586,7.1331628122423236
118.587,7.1362039616508302
118.58799999999999,7.1392424640902714
118.589,7.1422783032627333
118.59,7.1453114628880865
118.59099999999999,7.1483419267041679
118.592,7.1513696784668959
118.593,7.1543947019504497
118.59399999999999,7.1574169809473869
118.595,7.1604364992688048
118.596,7.1634532407444897
118.59699999999999,7.1664671892230647
118.598,7.1694783285721169
118.599,7.1724866426783684
118.59999999999999,7.1754921154478009
118.601,7.1784947308058236
118.602,7.1814944726973966
118.60299999999999,7.1844913250871763
118.604,7.187485271959682
118.605,7.1904762973194174
118.60599999999999,7.1934643851910085
118.607,7.1964495196193834
118.608,7.1994316846698716
118.60899999999999,7.2024108644283817
118.61,7.2053870430015188
118.611,7.2083602045167297
118.61199999999999,7.2113303331224703
118.613,7.2142974129883122
118.614,7.2172614283050951
118.61499999999999,7.2202223632850888
118.616,7.2231802021620997
118.617,7.2261349291916375
118.61799999999999,7.2290865286510311
118.619,7.2320349848395953
118.62,7.2349802820787463
118.621,7.2379224047121564
118.622,7.2408613371058728
118.623,7.2437970636484899
118.624,7.2467295687512383
118.625,7.2496588368481714
118.626,7.2525848523962679
118.627,7.25550759987558
118.628,7.2584270637893784
118.629,7.2613432286642698
118.63,7.2642560790503534
118.631,7.2671655995213342
118.63200000000001,7.2700717746746744
118.633,7.2729745891317261
118.634,7.2758740275378564
118.63500000000001,7.278770074562587
118.636,7.2816627148997295
118.637,7.284551933267517
118.63800000000001,7.2874377144087319
118.639,7.2903200430908548
118.64,7.2931989041061627
118.64100000000001,7.2960742822719116
118.642,7.2989461624304184
118.643,7.3018145294492136
118.64400000000001,7.3046793682211835
118.645,7.3075406636646782
118.646,7.3103984007236544
118.64700000000001,7.3132525643678026
118.648,7.3161031395926734
118.649,7.3189501114198166
118.65000000000001,7.3217934648968921
118.651,7.3246331850978166
118.652,7.3274692571228783
118.65300000000001,7.3303016660988689
118.654,7.3331303971792199
118.655,7.3359554355441112
118.65600000000001,7.3387767664005992
118.657,7.3415943749827797
118.658,7.3444082465518541
118.65900000000001,7.3472183663963015
118.66,7.3500247198319784
118.661,7.3528272922022619
118.66200000000001,7.355626068878161
118.663,7.358421035258436
118.664,7.3612121767697385
118.66500000000001,7.3639994788667256
118.666,7.3667829270321796
118.667,7.3695625067771289
118.66800000000001,7.3723382036409895
118.669,7.3751100031916597
118.67,7.3778778910256602
118.67100000000001,7.3806418527682442
118.672,7.3834018740735221
118.673,7.3861579406245852
118.67400000000001,7.388910038133627
118.675,7.3916581523420408
118.676,7.3944022690205795
118.67699999999999,7.3971423739694249
118.678,7.3998784530183634
118.679,7.4026104920268399
118.68000000000001,7.4053384768841237
118.681,7.4080623935094181
118.682,7.4107822278519535
118.68299999999999,7.4134979658911249
118.684,7.416209593636605
118.685,7.4189170971284533
118.68600000000001,7.4216204624372395
118.687,7.4243196756641545
118.688,7.4270147229411165
118.68899999999999,7.4297055904309062
118.69,7.4323922643272624
118.691,7.4350747308549909
118.69200000000001,7.4377529762701062
118.693,7.4404269868599098
118.694,7.4430967489431286
118.69499999999999,7.4457622488700164
118.696,7.4484234730224514
118.697,7.4510804078140751
118.69800000000001,7.4537330396903911
118.699,7.4563813551288529
118.7,7.4590253406390286
118.70099999999999,7.4616649827626436
118.702,7.4643002680737442
118.703,7.4669311831787741
118.70399999999999,7.4695577147166947
118.705,7.4721798493590974
118.706,7.4747975738102994
118.70699999999999,7.477410874807461
118.708,7.4800197391206922
118.709,7.4826241535531466
118.70999999999999,7.4852241049411461
118.711,7.4878195801542731
118.712,7.4904105660954787
118.71299999999999,7.4929970497011915
118.714,7.4955790179414219
118.715,7.498156457819853
118.71599999999999,7.5007293563739719
118.717,7.503297700675148
118.718,7.505861477828736
118.71899999999999,7.5084206749742002
118.72,7.5109752792852049
118.721,7.5135252779696966
118.72199999999999,7.5160706582700456
118.723,7.5186114074631085
118.724,7.5211475128603542
118.72499999999999,7.5236789618079509
118.726,7.5262057416868799
118.727,7.5287278399130049
118.72799999999999,7.5312452439372155
118.729,7.5337579412454865
118.73,7.5362659193589963
118.73099999999999,7.5387691658342124
118.732,7.5412676682630142
118.733,7.54376141427276
118.73399999999999,7.5462503915263941
118.735,7.5487345877225529
118.736,7.5512139905956435
118.73699999999999,7.5536885879159623
118.738,7.5561583674897612
118.739,7.5586233171593662
118.73999999999999,7.561083424803261
118.741,7.5635386783361849
118.742,7.565989065709223
118.74299999999999,7.5684345749098973
118.744,7.5708751939622676
118.745,7.5733109109270131
118.746,7.5757417139015431
118.747,7.5781675910200548
118.748,7.5805885304536655
118.749,7.5830045204104675
118.75,7.5854155491356483
118.751,7.5878216049115501
118.752,7.5902226760577847
118.753,7.592618750931317
118.754,7.59500981792654
118.755,7.597395865475379
118.756,7.5997768820473741
118.75700000000001,7.6021528561497576
118.758,7.6045237763275697
118.759,7.6068896311637069
118.76000000000001,7.609250409279035
118.761,7.6116060993324748
118.762,7.613956690021066
118.76300000000001,7.6163021700800737
118.764,7.6186425282830754
118.765,7.6209777534420198
118.76600000000001,7.6233078344073331
118.767,7.6256327600680027
118.768,7.6279525193516395
118.76900000000001,7.6302671012245966
118.77,7.6325764946920067
118.771,7.634880688797903
118.77200000000001,7.6371796726252779
118.773,7.6394734352961731
118.774,7.6417619659717566
118.77500000000001,7.6440452538524095
118.776,7.6463232881777952
118.777,7.6485960582269481
118.77800000000001,7.6508635533183469
118.779,7.6531257628100011
118.78,7.6553826760995172
118.78100000000001,7.6576342826241834
118.782,7.6598805718610556
118.783,7.6621215333270136
118.78400000000001,7.6643571565788591
118.785,7.6665874312133777
118.786,7.6688123468674227
118.78700000000001,7.671031893217986
118.788,7.6732460599822794
118.789,7.6754548369177886
118.79000000000001,7.6776582138223883
118.791,7.6798561805343706
118.792,7.6820487269325444
118.79300000000001,7.684235842936312
118.794,7.6864175185057242
118.795,7.6885937436415599
118.79600000000001,7.6907645083854028
118.797,7.6929298028197088
118.798,7.6950896170678771
118.79900000000001,7.6972439412943192
118.8,7.6993927657045269
118.801,7.7015360805451625
118.80199999999999,7.7036738761040944
118.803,7.7058061427104931
118.804,7.7079328707348829
118.80500000000001,7.7100540505892212
118.806,7.7121696727269686
118.807,7.7142797276431381
118.80799999999999,7.7163842058743803
118.809,7.7184830979990462
118.81,7.7205763946372468
118.81100000000001,7.7226640864509282
118.812,7.7247461641439248
118.813,7.7268226184620339
118.81399999999999,7.7288934401930813
118.815,7.7309586201669767
118.816,7.7330181492557841
118.81700000000001,7.7350720183737849
118.818,7.7371202184775409
118.819,7.7391627405659502
118.81999999999999,7.7411995756803211
118.821,7.7432307149044188
118.822,7.7452561493645415
118.82300000000001,7.7472758702295792
118.824,7.7492898687110578
118.825,7.7512981360632214
118.82599999999999,7.7533006635830795
118.827,7.755297442610475
118.828,7.7572884645281217
118.82899999999999,7.7592737207616889
118.83,7.7612532027798498
118.831,7.7632269020943365
118.83199999999999,7.7651948102600024
118.833,7.7671569188748677
118.834,7.769113219580186
118.83499999999999,7.771063704060504
118.836,7.7730083640437133
118.837,7.7749471913010915
118.83799999999999,7.7768801776473815
118.839,7.7788073149408312
118.84,7.7807285950832483
118.84099999999999,7.7826440100200589
118.842,7.7845535517403555
118.843,7.7864572122769555
118.84399999999999,7.7883549837064532
118.845,7.7902468581492581
118.846,7.792132827769672
118.84699999999999,7.7940128847759222
118.848,7.7958870214202065
118.849,7.7977552299987671
118.84999999999999,7.799617502851925
118.851,7.8014738323641275
118.852,7.803324210964
118.85299999999999,7.8051686311244062
118.854,7.807007085362482
118.855,7.8088395662396852
118.85599999999999,7.8106660663618541
118.857,7.812486578379243
118.858,7.8143010949865825
118.85899999999999,7.8161096089231066
118.86,7.8179121129726088
118.861,7.8197085999634979
118.86199999999999,7.8214990627688348
118.863,7.8232834943063665
118.864,7.8250618875385829
118.86499999999999,7.8268342354727718
118.866,7.8286005311610278
118.867,7.8303607677003395
118.86799999999999,7.8321149382326034
118.869,7.8338630359446597
118.87,7.8356050540683668
118.871,7.8373409858806191
118.872,7.8390708247033896
118.873,7.8407945639037777
118.874,7.8425121968940434
118.875,7.8442237171316656
118.876,7.8459291181193471
118.877,7.8476283934050866
118.878,7.8493215365822042
118.879,7.8510085412893815
118.88,7.8526894012107
118.881,7.8543641100756716
118.88200000000001,7.8560326616592882
118.883,7.8576950497820608
118.884,7.8593512683100357
118.88500000000001,7.8610013111548493
118.886,7.8626451722737567
118.887,7.8642828456696741
118.88800000000001,7.8659143253912056
118.889,7.8675396055326807
118.89,7.869158680234186
118.89100000000001,7.8707715436816059
118.892,7.8723781901066481
118.893,7.8739786137868837
118.89400000000001,7.8755728090457762
118.895,7.8771607702527167
118.896,7.8787424918230453
118.89700000000001,7.8803179682181028
118.898,7.8818871939452357
118.899,7.8834501635578551
118.90000000000001,7.8850068716554453
118.901,7.8865573128835997
118.902,7.8881014819340578
118.90300000000001,7.8896393735447248
118.904,7.8911709824997089
118.905,7.8926963036293394
118.90600000000001,7.8942153318102015
118.907,7.8957280619651691
118.908,7.8972344890634147
118.90900000000001,7.8987346081204599
118.91,7.90022841419818
118.911,7.9017159024048418
118.91200000000001,7.9031970678951282
118.913,7.9046719058701616
118.914,7.9061404115775318
118.91500000000001,7.9076025803113126
118.916,7.9090584074120933
118.917,7.9105078882670057
118.91800000000001,7.9119510183097344
118.919,7.9133877930205543
118.92,7.9148182079263396
118.92100000000001,7.9162422586006009
118.922,7.9176599406634942
118.923,7.9190712497818492
118.92400000000001,7.9204761816691853
118.925,7.9218747320857386
118.926,7.9232668968384772
118.92699999999999,7.924652671781125
118.928,7.9260320528141754
118.929,7.9274050358849184
118.93000000000001,7.9287716169874471
118.931,7.9301317921626957
118.932,7.9314855574984353
118.93299999999999,7.9328329091293064
118.934,7.9341738432368327
118.935,7.9355083560494357
118.93600000000001,7.9368364438424468
118.937,7.9381581029381358
118.938,7.9394733297057183
118.93899999999999,7.9407821205613693
118.94,7.9420844719682471
118.941,7.9433803804364924
118.94200000000001,7.9446698425232594
118.943,7.9459528548327221
118.944,7.9472294140160802
118.94499999999999,7.9484995167715873
118.946,7.9497631598445526
118.947,7.9510203400273571
118.94800000000001,7.9522710541594623
118.949,7.9535152991274281
118.95,7.954753071864916
118.95099999999999,7.9559843693527004
118.952,7.9572091886186982
118.953,7.9584275267379443
118.95399999999999,7.9596393808326269
118.955,7.9608447480720912
118.956,7.9620436256728446
118.95699999999999,7.963236010898564
118.958,7.9644219010601169
118.959,7.9656012935155456
118.95999999999999,7.9667741856701006
118.961,7.9679405749762271
118.962,7.9691004589335819
118.96299999999999,7.9702538350890375
118.964,7.9714007010366892
118.965,7.972541054417853
118.96599999999999,7.9736748929210854
118.967,7.9748022142821728
118.968,7.9759230162841472
118.96899999999999,7.9770372967572758
118.97,7.9781450535790857
118.971,7.9792462846743515
118.97199999999999,7.9803409880151008
118.973,7.9814291616206177
118.974,7.9825108035574459
118.97499999999999,7.9835859119393859
118.976,7.9846544849275123
118.977,7.9857165207301488
118.97799999999999,7.9867720176028882
118.979,7.9878209738485868
118.98,7.9888633878173625
118.98099999999999,7.9898992579066022
118.982,7.9909285825609491
118.983,7.9919513602723047
118.98399999999999,7.9929675895798358
118.985,7.993977269069962
118.986,7.9949803973763629
118.98699999999999,7.9959769731799621
118.988,7.9969669952089415
118.989,7.9979504622387179
118.98999999999999,7.9989273730919557
118.991,7.999897726638558
118.992,8.000861521795656
118.99299999999999,8.0018187575276123
118.994,8.0027694328460033
118.995,8.003713546809637
118.996,8.0046510985245192
118.997,8.0055820871438605
118.998,8.0065065118680749
118.999,8.0074243719447633
119,8.0083356666687067
119.001,8.0092403953818643
119.002,8.0101385574733559
119.003,8.0110301523794671
119.004,8.0119151795836263
119.005,8.0127936386163974
119.006,8.0136655290554817
119.00700000000001,8.0145308505256931
119.008,8.0153896026989564
119.009,8.0162417852942998
119.01000000000001,8.0170873980778286
119.011,8.0179264408627251
119.012,8.0187589135092416
119.01300000000001,8.0195848159246665
119.014,8.0204041480633439
119.015,8.0212169099266326
119.01600000000001,8.0220231015629011
119.017,8.0228227230675202
119.018,8.0236157745828418
119.01900000000001,8.0244022562981936
119.02,8.0251821684498434
119.021,8.025955511321003
119.02200000000001,8.0267222852418207
119.023,8.0274824905893372
119.024,8.0282361277874834
119.02500000000001,8.028983197307074
119.026,8.0297236996657766
119.027,8.0304576354280961
119.02800000000001,8.0311850052053586
119.029,8.0319058096557008
119.03,8.0326200494840396
119.03100000000001,8.0333277254420548
119.032,8.0340288383281813
119.033,8.034723388987576
119.03400000000001,8.0354113783121051
119.035,8.0360928072403208
119.036,8.0367676767574441
119.03700000000001,8.0374359878953374
119.038,8.0380977417324981
119.039,8.0387529393940067
119.04000000000001,8.0394015820515445
119.041,8.0400436709233372
119.042,8.0406792072741471
119.04300000000001,8.0413081924152543
119.044,8.0419306277044207
119.045,8.0425465145458759
119.04600000000001,8.0431558543902852
119.047,8.0437586487347374
119.048,8.0443548991227019
119.04900000000001,8.0449446071440178
119.05,8.0455277744348646
119.051,8.0461044026777309
119.05199999999999,8.0466744936013974
119.053,8.0472380489809012
119.054,8.0477950706375108
119.05500000000001,8.0483455604386993
119.056,8.0488895202981254
119.057,8.049426952175585
119.05799999999999,8.0499578580770059
119.059,8.0504822400543947
119.06,8.0510001002058367
119.06100000000001,8.0515114406754336
119.062,8.0520162636532984
119.063,8.0525145713755126
119.06399999999999,8.0530063661241087
119.065,8.05349165022702
119.066,8.0539704260580525
119.06700000000001,8.054442696036876
119.068,8.0549084626289655
119.069,8.0553677283455833
119.06999999999999,8.0558204957437312
119.071,8.056266767426143
119.072,8.0567065460412266
119.07300000000001,8.0571398342830332
119.074,8.0575666348912378
119.075,8.057986950651097
119.07599999999999,8.0584007843934007
119.077,8.0588081389944648
119.078,8.0592090173760642
119.07899999999999,8.0596034225054183
119.08,8.05999135739515
119.081,8.0603728251032472
119.08199999999999,8.0607478287330157
119.083,8.0611163714330676
119.084,8.0614784563972517
119.08499999999999,8.0618340868646428
119.086,8.062183266119483
119.087,8.0625259974911589
119.08799999999999,8.06286228435415
119.089,8.0631921301279927
119.09,8.0635155382772421
119.09099999999999,8.0638325123114356
119.092,8.0641430557850384
119.093,8.0644471722974238
119.09399999999999,8.0647448654928127
119.095,8.0650361390602363
119.096,8.0653209967335027
119.09699999999999,8.0655994422911466
119.098,8.0658714795563888
119.099,8.066137112397092
119.09999999999999,8.0663963447257139
119.101,8.0666491804992777
119.102,8.0668956237193061
119.10299999999999,8.0671356784318018
119.104,8.0673693487271745
119.105,8.0675966387402216
119.10599999999999,8.0678175526500677
119.107,8.0680320946801185
119.108,8.0682402690980304
119.10899999999999,8.0684420802156342
119.11,8.0686375323889248
119.111,8.0688266300179805
119.11199999999999,8.0690093775469354
119.113,8.0691857794639272
119.114,8.0693558403010464
119.11499999999999,8.0695195646342821
119.116,8.0696769570834945
119.117,8.0698280223123291
119.11799999999999,8.0699727650282096
119.119,8.0701111899822493
119.12,8.0702433019692279
119.121,8.0703691058275275
119.122,8.0704886064390831
119.123,8.0706018087293341
119.124,8.0707087176671646
119.125,8.0708093382648673
119.126,8.070903675578073
119.127,8.070991734705709
119.128,8.0710735207899376
119.129,8.0711490390161114
119.13,8.0712182946127164
119.131,8.071281292851312
119.13200000000001,8.0713380390464806
119.133,8.0713885385557749
119.134,8.0714327967796624
119.13500000000001,8.0714708191614637
119.136,8.0715026111872969
119.137,8.071528178386032
119.13800000000001,8.0715475263292209
119.139,8.0715606606310519
119.14,8.0715675869482766
119.14100000000001,8.0715683109801741
119.142,8.0715628384684699
119.143,8.0715511751972926
119.14400000000001,8.0715333269931104
119.145,8.0715092997246689
119.146,8.0714790993029411
119.14700000000001,8.0714427316810564
119.148,8.0714002028542389
119.149,8.0713515188597675
119.15000000000001,8.071296685776888
119.151,8.071235709726766
119.152,8.0711685968724289
119.15300000000001,8.0710953534186913
119.154,8.0710159856121066
119.155,8.0709304997408893
119.15600000000001,8.070838902134863
119.157,8.0707411991654059
119.158,8.0706373972453527
119.15900000000001,8.070527502828968
119.16,8.0704115224118667
119.161,8.0702894625309423
119.16200000000001,8.0701613297643195
119.163,8.0700271307312619
119.164,8.0698868720921393
119.16500000000001,8.0697405605483379
119.166,8.0695882028421959
119.167,8.0694298057569487
119.16800000000001,8.0692653761166468
119.169,8.0690949207861031
119.17,8.0689184466708159
119.17100000000001,8.0687359607168982
119.172,8.0685474699110173
119.173,8.0683529812803165
119.17400000000001,8.0681525018923601
119.175,8.0679460388550481
119.176,8.067733599316556
119.17699999999999,8.0675151904652527
119.178,8.0672908195296547
119.179,8.0670604937783299
119.18000000000001,8.0668242205198286
119.181,8.0665820071026317
119.182,8.0663338609150586
119.18299999999999,8.0660797893851974
119.184,8.0658197999808419
119.185,8.0655539002094141
119.18600000000001,8.0652820976178905
119.187,8.0650043997927199
119.188,8.0647208143597595
119.18899999999999,8.0644313489842059
119.19,8.0641360113705023
119.191,8.0638348092622749
119.19200000000001,8.0635277504422582
119.193,8.0632148427322186
119.194,8.0628960939928689
119.19499999999999,8.0625715121238049
119.196,8.0622411050634177
119.197,8.0619048807888305
119.19800000000001,8.0615628473157983
119.199,8.0612150126986588
119.2,8.0608613850302238
119.20099999999999,8.0605019724417257
119.202,8.0601367831027275
119.203,8.0597658252210405
119.20399999999999,8.0593891070426462
119.205,8.0590066368516311
119.206,8.0586184229700741
119.20699999999999,8.058224473758008
119.208,8.0578247976132964
119.209,8.0574194029715844
119.20999999999999,8.0570082983062008
119.211,8.0565914921280779
119.212,8.0561689929856719
119.21299999999999,8.0557408094648775
119.214,8.0553069501889478
119.215,8.054867423818413
119.21599999999999,8.0544222390509859
119.217,8.0539714046214907
119.218,8.0535149293017625
119.21899999999999,8.0530528219005912
119.22,8.0525850912635963
119.221,8.0521117462731802
119.22199999999999,8.0516327958484109
119.223,8.0511482489449584
119.224,8.0506581145549987
119.22499999999999,8.0501624017071247
119.226,8.0496611194662631
119.227,8.0491542769335869
119.22799999999999,8.0486418832464217
119.229,8.0481239475781692
119.23,8.0476004791382039
119.23099999999999,8.0470714871717952
119.232,8.0465369809600098
119.233,8.0459969698196403
119.23399999999999,8.0454514631030829
119.235,8.0449004701982769
119.236,8.0443440005285964
119.23699999999999,8.0437820635527775
119.238,8.0432146687647972
119.239,8.0426418256938135
119.23999999999999,8.0420635439040531
119.241,8.0414798329947299
119.242,8.0408907025999401
119.24299999999999,8.0402961623885787
119.244,8.0396962220642507
119.245,8.0390908913651593
119.246,8.0384801800640364
119.247,8.037864097968022
119.248,8.0372426549185896
119.249,8.0366158607914393
119.25,8.0359837254964095
119.251,8.0353462589773734
119.252,8.0347034712121559
119.253,8.0340553722124177
119.254,8.0334019720235794
119.255,8.0327432807247074
119.256,8.0320793084284237
119.25700000000001,8.0314100652808147
119.258,8.030735561461313
119.259,8.0300558071826238
119.26000000000001,8.0293708126906029
119.261,8.0286805882641783
119.262,8.0279851442152328
119.26300000000001,8.0272844908885155
119.264,8.026578638661535
119.265,8.0258675979444636
119.26600000000001,8.0251513791800377
119.267,8.0244299928434391
119.268,8.0237034494422268
119.26900000000001,8.0229717595161993
119.27,8.0222349336373178
119.271,8.0214929824095833
119.27200000000001,8.0207459164689627
119.273,8.0199937464832427
119.274,8.0192364831519711
119.27500000000001,8.018474137206324
119.276,8.0177067194090039
119.277,8.0169342405541517
119.27800000000001,8.0161567114672199
119.279,8.0153741430048875
119.28,8.0145865460549324
119.28100000000001,8.0137939315361475
119.282,8.012996310398222
119.283,8.0121936936216329
119.28400000000001,8.0113860922175437
119.285,8.0105735172276908
119.286,8.009755979724293
119.28700000000001,8.0089334908099143
119.288,8.0081060616173776
119.289,8.0072737033096537
119.29000000000001,8.0064364270797395
119.291,8.005594244150565
119.292,8.0047471657748641
119.29300000000001,8.0038952032350945
119.294,8.0030383678432901
119.295,8.0021766709409725
119.29600000000001,8.0013101238990441
119.297,8.0004387381176603
119.298,7.9995625250261284
119.29900000000001,7.9986814960827903
119.3,7.9977956627749194
119.301,7.9969050366185872
119.30199999999999,7.9960096291585767
119.303,7.9951094519682453
119.304,7.9942045166494307
119.30500000000001,7.9932948348323176
119.306,7.9923804181753368
119.307,7.9914612783650512
119.30799999999999,7.9905374271160241
119.309,7.9896088761707276
119.31,7.9886756372994014
119.31100000000001,7.9877377222999595
119.312,7.9867951429978561
119.313,7.9858479112459797
119.31399999999999,7.9848960389245356
119.315,7.9839395379409162
119.316,7.9829784202295961
119.31700000000001,7.9820126977520101
119.318,7.9810423824964349
119.319,7.9800674864778589
119.31999999999999,7.9790880217378906
119.321,7.9781040003446044
119.322,7.9771154343924522
119.32300000000001,7.9761223360021134
119.324,7.9751247173204085
119.325,7.9741225905201425
119.32599999999999,7.9731159678000036
119.327,7.9721048613844498
119.328,7.9710892835235594
119.32899999999999,7.9700692464929368
119.33,7.9690447625935761
119.331,7.9680158441517293
119.33199999999999,7.966982503518814
119.333,7.9659447530712502
119.334,7.9649026052103657
119.33499999999999,7.9638560723622565
119.336,7.9628051669776756
119.337,7.9617499015318955
119.33799999999999,7.9606902885245869
119.339,7.9596263404796908
119.34,7.9585580699453029
119.34099999999999,7.9574854894935374
119.342,7.9564086117204003
119.343,7.9553274492456652
119.34399999999999,7.9542420147127508
119.345,7.9531523207885861
119.346,7.9520583801634839
119.34699999999999,7.95096020555102
119.348,7.949857809687888
119.349,7.948751205333787
119.34999999999999,7.9476404052712919
119.351,7.9465254223057062
119.352,7.9454062692649554
119.35299999999999,7.944282958999441
119.354,7.9431555043819113
119.355,7.9420239183073438
119.35599999999999,7.9408882136927961
119.357,7.9397484034772816
119.358,7.9386045006216523
119.35899999999999,7.9374565181084318
119.36,7.9363044689417261
119.361,7.9351483661470557
119.36199999999999,7.9339882227712355
119.363,7.9328240518822497
119.364,7.9316558665691073
119.36499999999999,7.9304836799417089
119.366,7.9293075051307138
119.367,7.928127355287403
119.36799999999999,7.9269432435835672
119.369,7.9257551832113204
119.37,7.924563187383022
119.371,7.9233672693310933
119.372,7.9221674423079183
119.373,7.9209637195856839
119.374,7.9197561144562485
119.375,7.9185446402310085
119.376,7.9173293102407616
119.377,7.9161101378355614
119.378,7.9148871363845803
119.379,7.9136603192759836
119.38,7.9124296999167782
119.381,7.9111952917326729
119.38200000000001,7.9099571081679461
119.383,7.9087151626852989
119.384,7.9074694687657292
119.38500000000001,7.9062200399083693
119.386,7.9049668896303622
119.387,7.9037100314667157
119.38800000000001,7.9024494789701603
119.389,7.901185245711007
119.39,7.8999173452770108
119.39100000000001,7.898645791273216
119.392,7.8973705973218262
119.393,7.8960917770620629
119.39400000000001,7.8948093441500049
119.395,7.893523312258468
119.396,7.8922336950768361
119.39700000000001,7.8909405063109457
119.398,7.8896437596829134
119.399,7.8883434689310157
119.40000000000001,7.887039647809523
119.401,7.8857323100885672
119.402,7.8844214695539989
119.40300000000001,7.8831071400072208
119.404,7.8817893352650685
119.405,7.8804680691596509
119.40600000000001,7.8791433555381989
119.407,7.8778152082629251
119.408,7.8764836412108696
119.40900000000001,7.8751486682737752
119.41,7.8738103033578959
119.411,7.8724685603838935
119.41200000000001,7.8711234532866623
119.413,7.8697749960151899
119.414,7.8684232025323997
119.41500000000001,7.8670680868150171
119.416,7.8657096628533996
119.417,7.86434794465141
119.41800000000001,7.8629829462262375
119.419,7.8616146816082786
119.42,7.8602431648409485
119.42100000000001,7.8588684099805786
119.422,7.8574904310962186
119.423,7.8561092422695076
119.42400000000001,7.8547248575945208
119.425,7.8533372911776169
119.426,7.8519465571372749
119.42699999999999,7.8505526696039567
119.428,7.8491556427199445
119.429,7.847755490639182
119.43000000000001,7.8463522275271433
119.431,7.8449458675606429
119.432,7.8435364249277182
119.43299999999999,7.8421239138274466
119.434,7.8407083484698141
119.435,7.8392897430755344
119.43600000000001,7.8378681118759097
119.437,7.8364434691126821
119.438,7.8350158290378538
119.43899999999999,7.8335852059135558
119.44,7.8321516140118685
119.441,7.8307150676146833
119.44200000000001,7.8292755810135368
119.443,7.8278331685094518
119.444,7.8263878444127819
119.44499999999999,7.8249396230430612
119.446,7.8234885187288281
119.447,7.8220345458074796
119.44800000000001,7.8205777186251151
119.449,7.8191180515363694
119.45,7.8176555589042493
119.45099999999999,7.8161902550999933
119.452,7.8147221545028849
119.453,7.8132512715001177
119.45399999999999,7.8117776204866161
119.455,7.8103012158648877
119.456,7.8088220720448493
119.45699999999999,7.8073402034436814
119.458,7.8058556244856501
119.459,7.80436834960196
119.45999999999999,7.8028783932305785
119.461,7.8013857698160898
119.462,7.7998904938095155
119.46299999999999,7.7983925796681586
119.464,7.7968920418554486
119.465,7.7953888948407588
119.46599999999999,7.7938831530992694
119.467,7.7923748311117755
119.468,7.7908639433645419
119.46899999999999,7.7893505043491338
119.47,7.7878345285622483
119.471,7.7863160305055565
119.47199999999999,7.7847950246855291
119.473,7.7832715256132836
119.474,7.7817455478044089
119.47499999999999,7.7802171057787923
119.476,7.7786862140604782
119.477,7.7771528871774791
119.47799999999999,7.7756171396616196
119.479,7.774078986048357
119.48,7.7725384408766391
119.48099999999999,7.7709955186887125
119.482,7.7694502340299607
119.483,7.7679026014487516
119.48399999999999,7.7663526354962436
119.485,7.764800350726242
119.486,7.7632457616950177
119.48699999999999,7.761688882961133
119.488,7.7601297290852926
119.489,7.7585683146301534
119.48999999999999,7.7570046541601645
119.491,7.7554387622413987
119.492,7.7538706534413855
119.49299999999999,7.7523003423289225
119.494,7.7507278434739337
119.495,7.7491531714472721
119.496,7.7475763408205722
119.497,7.7459973661660619
119.498,7.7444162620563883
119.499,7.7428330430644738
119.5,7.7412477237633102
119.501,7.7396603187258091
119.502,7.7380708425246212
119.503,7.7364793097319637
119.504,7.7348857349194589
119.505,7.7332901326579364
119.506,7.7316925175172919
119.50700000000001,7.7300929040662893
119.508,7.7284913068723995
119.509,7.7268877405016259
119.51000000000001,7.7252822195183217
119.511,7.7236747584850285
119.512,7.722065371962298
119.51300000000001,7.720454074508508
119.514,7.7188408806797
119.515,7.7172258050294058
119.51600000000001,7.7156088621084589
119.517,7.7139900664648309
119.518,7.7123694326434489
119.51900000000001,7.7107469751860354
119.52,7.7091227086309022
119.521,7.7074966475128086
119.52200000000001,7.7058688063627638
119.523,7.7042391997078656
119.524,7.7026078420710888
119.52500000000001,7.7009747479711681
119.526,7.6993399319223652
119.527,7.6977034084343234
119.52800000000001,7.696065192011881
119.529,7.6944252971548863
119.53,7.69278373835804
119.53100000000001,7.6911405301106992
119.532,7.6894956868967004
119.533,7.6878492231941973
119.53400000000001,7.6862011534754657
119.535,7.6845514922067313
119.536,7.6829002538479969
119.53700000000001,7.6812474528528423
119.538,7.6795931036682816
119.539,7.6779372207345453
119.54000000000001,7.6762798184849306
119.541,7.6746209113456061
119.542,7.6729605137354397
119.54300000000001,7.6712986400658068
119.544,7.6696353047404298
119.545,7.6679705221551799
119.54600000000001,7.66630430669791
119.547,7.6646366727482658
119.548,7.6629676346775035
119.54900000000001,7.661297206848328
119.55,7.6596254036146885
119.551,7.6579522393215989
119.55199999999999,7.6562777283049872
119.553,7.6546018848914663
119.554,7.6529247233981952
119.55500000000001,7.6512462581326819
119.556,7.6495665033925846
119.557,7.6478854734655641
119.55799999999999,7.6462031826290691
119.559,7.6445196451501811
119.56,7.6428348752854109
119.56100000000001,7.641148887280524
119.562,7.6394616953703682
119.563,7.6377733137786752
119.56399999999999,7.6360837567178805
119.565,7.6343930383889589
119.566,7.6327011729812231
119.56700000000001,7.6310081746721306
119.568,7.6293140576271341
119.569,7.627618835999467
119.56999999999999,7.625922523929983
119.571,7.6242251355469541
119.572,7.6225266849658961
119.57300000000001,7.6208271862893771
119.574,7.6191266536068643
119.575,7.6174251009944829
119.57599999999999,7.6157225425148916
119.577,7.6140189922170585
119.578,7.6123144641360945
119.57899999999999,7.6106089722930665
119.58,7.6089025306948059
119.581,7.6071951533337394
119.58199999999999,7.6054868541876868
119.583,7.6037776472196867
119.584,7.6020675463778122
119.58499999999999,7.6003565655949696
119.586,7.5986447187887531
119.587,7.5969320198612138
119.58799999999999,7.5952184826986979
119.589,7.593504121171657
119.59,7.5917889491344805
119.59099999999999,7.5900729804252656
119.592,7.5883562288656883
119.593,7.5866387082607698
119.59399999999999,7.5849204323987216
119.595,7.5832014150507536
119.596,7.5814816699708683
119.59699999999999,7.5797612108957058
119.598,7.5780400515443436
119.599,7.5763182056180991
119.59999999999999,7.5745956868003699
119.601,7.5728725087564133
119.602,7.5711486851332097
119.60299999999999,7.5694242295592229
119.604,7.567699155644247
119.605,7.5659734769792113
119.60599999999999,7.564247207135999
119.607,7.5625203596672499
119.608,7.5607929481061831
119.60899999999999,7.5590649859664119
119.61,7.5573364867417503
119.611,7.5556074639060373
119.61199999999999,7.5538779309129325
119.613,7.5521479011957524
119.614,7.550417388167272
119.61499999999999,7.5486864052195273
119.616,7.5469549657236588
119.617,7.5452230830296934
119.61799999999999,7.5434907704663754
119.619,7.5417580413409802
119.62,7.5400249089391203
119.621,7.5382913865245591
119.622,7.5365574873390369
119.623,7.5348232246020661
119.624,7.5330886115107596
119.625,7.5313536612396348
119.626,7.5296183869404381
119.627,7.5278828017419404
119.628,7.5261469187497685
119.629,7.5244107510462079
119.63,7.522674311690027
119.631,7.5209376137162707
119.63200000000001,7.5192006701360992
119.633,7.5174634939365834
119.634,7.5157260980805223
119.63500000000001,7.5139884955062701
119.636,7.5122506991275202
119.637,7.5105127218331518
119.63800000000001,7.5087745764870224
119.639,7.5070362759277902
119.64,7.5052978329687221
119.64100000000001,7.5035592603975179
119.642,7.5018205709761041
119.643,7.5000817774404851
119.64400000000001,7.4983428925005047
119.645,7.4966039288397077
119.646,7.4948648991151305
119.64700000000001,7.4931258159571108
119.648,7.4913866919691241
119.649,7.4896475397275744
119.65000000000001,7.4879083717816215
119.651,7.4861692006529932
119.652,7.4844300388357912
119.65300000000001,7.4826908987963243
119.654,7.4809517929729008
119.655,7.4792127337756629
119.65600000000001,7.4774737335863843
119.657,7.4757348047582983
119.658,7.4739959596159036
119.65900000000001,7.4722572104547869
119.66,7.4705185695414258
119.661,7.4687800491130236
119.66200000000001,7.4670416613773014
119.663,7.465303418512331
119.664,7.4635653326663416
119.66500000000001,7.4618274159575417
119.666,7.460089680473919
119.667,7.4583521382730851
119.66800000000001,7.4566148013820559
119.669,7.4548776817971003
119.67,7.453140791483527
119.67100000000001,7.4514041423755266
119.672,7.4496677463759688
119.673,7.4479316153562269
119.67400000000001,7.4461957611559946
119.675,7.4444601955831047
119.676,7.4427249304133287
119.67699999999999,7.4409899773902257
119.678,7.4392553482249255
119.679,7.4375210545959654
119.68000000000001,7.4357871081491105
119.681,7.4340535204971463
119.682,7.4323203032197327
119.68299999999999,7.4305874678631874
119.684,7.4288550259403276
119.685,7.4271229889302735
119.68600000000001,7.4253913682782731
119.687,7.4236601753955203
119.688,7.4219294216589713
119.68899999999999,7.420199118411162
119.69,7.4184692769600282
119.691,7.416739908578732
119.69200000000001,7.4150110245054641
119.693,7.4132826359432773
119.694,7.4115547540599049
119.69499999999999,7.4098273899875622
119.696,7.4081005548228038
119.697,7.4063742596263005
119.69800000000001,7.4046485154226804
119.699,7.4029233332003628
119.7,7.4011987239113548
119.70099999999999,7.3994746984710726
119.702,7.3977512677581849
119.703,7.3960284426144174
119.70399999999999,7.3943062338443646
119.705,7.3925846522153424
119.706,7.3908637084571733
119.70699999999999,7.3891434132620404
119.708,7.3874237772842797
119.709,7.385704811140231
119.70999999999999,7.3839865254080426
119.711,7.3822689306274913
119.712,7.3805520372998288
119.71299999999999,7.3788358558875728
119.714,7.3771203968143499
119.715,7.3754056704647262
119.71599999999999,7.3736916871840084
119.717,7.3719784572780878
119.718,7.37026599101325
119.71899999999999,7.3685542986160186
119.72,7.3668433902729547
119.721,7.3651332761305088
119.72199999999999,7.3634239662948211
119.723,7.3617154708315713
119.724,7.3600077997657785
119.72499999999999,7.3583009630816552
119.726,7.3565949707224085
119.727,7.3548898325900876
119.72799999999999,7.3531855585453929
119.729,7.351482158407519
119.73,7.3497796419539689
119.73099999999999,7.3480780189203916
119.732,7.3463772990004053
119.733,7.3446774918454292
119.73399999999999,7.3429786070645022
119.735,7.3412806542241267
119.736,7.3395836428480923
119.73699999999999,7.3378875824172987
119.738,7.3361924823695919
119.739,7.3344983520995939
119.73999999999999,7.3328052009585303
119.741,7.3311130382540668
119.742,7.3294218732501317
119.74299999999999,7.3277317151667614
119.744,7.3260425731799099
119.745,7.3243544564213074
119.746,7.3226673739782608
119.747,7.3209813348935278
119.748,7.3192963481651088
119.749,7.3176124227461088
119.75,7.3159295675445524
119.751,7.3142477914232309
119.752,7.3125671031995374
119.753,7.3108875116452801
119.754,7.3092090254865489
119.755,7.307531653403526
119.756,7.3058554040303374
119.75700000000001,7.3041802859548763
119.758,7.3025063077186463
119.759,7.3008334778166031
119.76000000000001,7.2991618046969791
119.761,7.2974912967611356
119.762,7.2958219623633891
119.76300000000001,7.2941538098108527
119.764,7.2924868473632785
119.765,7.2908210832328919
119.76600000000001,7.2891565255842359
119.767,7.2874931825340123
119.768,7.2858310621509084
119.76900000000001,7.284170172455454
119.77,7.2825105214198569
119.771,7.280852116967834
119.77200000000001,7.2791949669744778
119.773,7.2775390792660737
119.774,7.2758844616199472
119.77500000000001,7.2742311217643287
119.776,7.2725790673781638
119.777,7.2709283060909833
119.77800000000001,7.2692788454827397
119.779,7.2676306930836372
119.78,7.2659838563740085
119.78100000000001,7.2643383427841286
119.782,7.2626941596940799
119.783,7.261051314433594
119.78400000000001,7.2594098142818986
119.785,7.2577696664675546
119.786,7.2561308781683262
119.78700000000001,7.2544934565110086
119.788,7.2528574085712911
119.789,7.2512227413735904
119.79000000000001,7.2495894618909205
119.791,7.2479575770447209
119.792,7.2463270937047319
119.79300000000001,7.2446980186888208
119.794,7.2430703587628482
119.795,7.2414441206405158
119.79600000000001,7.2398193109832238
119.797,7.2381959363999151
119.798,7.2365740034469379
119.79900000000001,7.2349535186278846
119.8,7.2333344883934743
119.801,7.2317169191413715
119.80199999999999,7.2301008172160763
119.803,7.2284861889087555
119.804,7.2268730404571038
119.80500000000001,7.2252613780452162
119.806,7.2236512078034227
119.807,7.2220425358081659
119.80799999999999,7.2204353680818496
119.809,7.2188297105926935
119.81,7.217225569254607
119.81100000000001,7.215622949927031
119.812,7.2140218584148172
119.813,7.2124223004680754
119.81399999999999,7.21082428178204
119.815,7.2092278079969336
119.816,7.2076328846978281
119.81700000000001,7.2060395174145064
119.818,7.2044477116213308
119.819,7.2028574727370991
119.81999999999999,7.2012688061249222
119.821,7.1996817170920764
119.822,7.1980962108898758
119.82300000000001,7.1965122927135408
119.824,7.1949299677020608
119.825,7.1933492409380673
119.82599999999999,7.1917701174476907
119.827,7.1901926022004439
119.828,7.188616700109085
119.82899999999999,7.1870424160294863
119.83,7.185469754760506
119.831,7.183898721043855
119.83199999999999,7.1823293195639781
119.833,7.1807615549479209
119.834,7.1791954317652049
119.83499999999999,7.1776309545276895
119.836,7.1760681276894722
119.837,7.1745069556467307
119.83799999999999,7.1729474427376285
119.839,7.1713895932421661
119.84,7.1698334113820792
119.84099999999999,7.1682789013206953
119.842,7.1667260671628306
119.843,7.1651749129546509
119.84399999999999,7.1636254426835642
119.845,7.1620776602781042
119.846,7.1605315696077838
119.84699999999999,7.1589871744830091
119.848,7.1574444786549414
119.849,7.1559034858153812
119.84999999999999,7.154364199596662
119.851,7.1528266235715172
119.852,7.1512907612529855
119.85299999999999,7.1497566160942743
119.854,7.1482241914886533
119.855,7.1466934907693478
119.85599999999999,7.1451645172094214
119.857,7.1436372740216569
119.858,7.1421117643584502
119.85899999999999,7.140587991311703
119.86,7.1390659579126989
119.861,7.1375456671320165
119.86199999999999,7.136027121879394
119.863,7.1345103250036424
119.864,7.1329952792925226
119.86499999999999,7.1314819874726449
119.866,7.1299704522093688
119.867,7.1284606761066822
119.86799999999999,7.1269526617071115
119.869,7.1254464114916107
119.87,7.1239419278794536
119.871,7.1224392132281391
119.872,7.120938269833287
119.873,7.1194390999285329
119.874,7.1179417056854319
119.875,7.116446089213353
119.876,7.1149522525593873
119.877,7.1134601977082479
119.878,7.1119699265821623
119.879,7.1104814410407897
119.88,7.1089947428811175
119.881,7.1075098338373621
119.88200000000001,7.1060267155808816
119.883,7.1045453897200819
119.884,7.1030658578003099
119.88500000000001,7.1015881213037826
119.886,7.1001121816494788
119.887,7.0986380401930518
119.88800000000001,7.0971656982267355
119.889,7.0956951569792697
119.89,7.0942264176157988
119.89100000000001,7.092759481237783
119.892,7.0912943488829079
119.893,7.0898310215250202
119.89400000000001,7.0883695000740143
119.895,7.0869097853757612
119.896,7.0854518782120266
119.89700000000001,7.0839957793003752
119.898,7.0825414892941083
119.899,7.0810890087821559
119.90000000000001,7.0796383382890173
119.901,7.0781894782746804
119.902,7.0767424291345211
119.90300000000001,7.075297191199251
119.904,7.0738537647348156
119.905,7.0724121499423376
119.90600000000001,7.070972346958035
119.907,7.0695343558531327
119.908,7.0680981766338071
119.90900000000001,7.0666638092411009
119.91,7.0652312535508521
119.911,7.0638005093736211
119.91200000000001,7.0623715764546269
119.913,7.0609444544736615
119.914,7.0595191430450406
119.91500000000001,7.0580956417175145
119.916,7.0566739499742095
119.917,7.0552540672325748
119.91800000000001,7.0538359928442791
119.919,7.052419726095188
119.92,7.0510052662052694
119.92100000000001,7.0495926123285386
119.922,7.0481817635530106
119.923,7.0467727189006073
119.92400000000001,7.0453654773271186
119.925,7.0439600377221421
119.926,7.0425563989090154
119.92699999999999,7.0411545596447596
119.928,7.0397545186200201
119.929,7.0383562744590158
119.93000000000001,7.0369598257194781
119.931,7.0355651708926015
119.932,7.034172308402967
119.93299999999999,7.0327812366085354
119.934,7.0313919538005436
119.935,7.030004458203484
119.93600000000001,7.0286187479750453
119.937,7.027234821206056
119.938,7.025852675920456
119.93899999999999,7.0244723100752235
119.94,7.023093721560338
119.941,7.0217169081987443
119.94200000000001,7.0203418677462874
119.943,7.0189685978916945
119.944,7.0175970962564946
119.94499999999999,7.0162273603950105
119.946,7.0148593877943046
119.947,7.0134931758741299
119.94800000000001,7.0121287219869028
119.949,7.0107660234176592
119.95,7.0094050773840078
119.95099999999999,7.008045881036109
119.952,7.0066884314566273
119.953,7.0053327256607041
119.95399999999999,7.0039787605959098
119.955,7.0026265331422266
119.956,7.0012760401120087
119.95699999999999,6.9999272782499489
119.958,6.9985802442330467
119.959,6.9972349346705869
119.95999999999999,6.9958913461041057
119.961,6.9945494750073554
119.962,6.9932093177862971
119.96299999999999,6.9918708707790529
119.964,6.9905341302558934
119.965,6.9891990924192182
119.96599999999999,6.9878657534035185
119.967,6.9865341092753592
119.968,6.9852041560333706
119.96899999999999,6.9838758896082123
119.97,6.9825493058625625
119.971,6.9812244005910991
119.97199999999999,6.979901169520474
119.973,6.9785796083093157
119.974,6.9772597125481894
119.97499999999999,6.9759414777596049
119.976,6.9746248993979858
119.977,6.9733099728496697
119.97799999999999,6.9719966934328941
119.979,6.9706850563977802
119.98,6.9693750569263244
119.98099999999999,6.9680666901323995
119.982,6.9667599510617357
119.983,6.9654548346919167
119.98399999999999,6.9641513359323817
119.985,6.9628494496244109
119.986,6.9615491705411294
119.98699999999999,6.9602504933875
119.988,6.958953412800323
119.989,6.9576579233482345
119.98999999999999,6.9563640195317138
119.991,6.955071695783074
119.992,6.9537809464664697
119.99299999999999,6.9524917658779053
119.994,6.9512041482452318
119.995,6.9499180877281539
119.996,6.9486335784182387
119.997,6.9473506143389283
119.998,6.9460691894455326
119.999,6.9447892976252561
120,6.9435109326972011
120.001,6.9422340884123717
120.002,6.9409587584537
120.003,6.9396849364360538
120.004,6.9384126159062518
120.005,6.9371417903430714
120.006,6.9358724531572857
120.00700000000001,6.9346045976916582
120.008,6.9333382172209728
120.009,6.9320733049520484
120.01000000000001,6.9308098540237779
120.011,6.9295478575071243
120.012,6.9282873084051548
120.01300000000001,6.9270281996530656
120.014,6.9257705241182101
120.015,6.9245142746001243
120.01600000000001,6.9232594438305419
120.017,6.9220060244734363
120.018,6.9207540091250372
120.01900000000001,6.9195033903138832
120.02,6.9182541605008261
120.021,6.9170063120790726
120.02200000000001,6.9157598373742299
120.023,6.9145147286443294
120.024,6.913270978079856
120.02500000000001,6.9120285778037918
120.026,6.9107875198716631
120.027,6.909547796271557
120.02800000000001,6.9083093989241853
120.029,6.9070723196829018
120.03,6.9058365503337598
120.03100000000001,6.9046020825955612
120.032,6.9033689081198713
120.033,6.9021370184910928
120.03400000000001,6.9009064052265039
120.035,6.8996770597762946
120.036,6.8984489735236316
120.03700000000001,6.8972221377846843
120.038,6.8959965438087103
120.039,6.8947721827780697
120.04000000000001,6.8935490458082977
120.041,6.8923271239481618
120.042,6.8911064081797004
120.04300000000001,6.889886889418289
120.044,6.8886685585126912
120.045,6.8874514062451251
120.04600000000001,6.8862354233313177
120.047,6.8850206004205621
120.048,6.8838069280957743
120.04900000000001,6.8825943968735714
120.05,6.881382997204323
120.051,6.880172719472208
120.05199999999999,6.8789635539952982
120.053,6.87775549102561
120.054,6.8765485207491821
120.05500000000001,6.8753426332861398
120.056,6.8741378186907536
120.057,6.8729340669515349
120.05799999999999,6.8717313679912806
120.059,6.8705297116671673
120.06,6.8693290877708115
120.06100000000001,6.8681294860283497
120.062,6.8669308961005182
120.063,6.8657333075827243
120.06399999999999,6.8645367100051224
120.065,6.863341092832707
120.066,6.8621464454653722
120.06700000000001,6.8609527572380191
120.068,6.8597600174206068
120.069,6.8585682152182681
120.06999999999999,6.8573773397713751
120.071,6.8561873801556281
120.072,6.8549983253821445
120.07300000000001,6.8538101643975473
120.074,6.8526228860840526
120.075,6.8514364792595579
120.07599999999999,6.8502509326777439
120.077,6.8490662350281486
120.078,6.8478823749362849
120.07899999999999,6.8466993409637098
120.08,6.8455171216081361
120.081,6.8443357053035232
120.08199999999999,6.8431550804201837
120.083,6.8419752352648633
120.084,6.8407961580808685
120.08499999999999,6.8396178370481326
120.086,6.8384402602833614
120.087,6.8372634158400913
120.08799999999999,6.8360872917088233
120.089,6.8349118758171254
120.09,6.8337371560297253
120.09099999999999,6.8325631201486292
120.092,6.8313897559132375
120.093,6.8302170510004228
120.09399999999999,6.8290449930246933
120.095,6.8278735695382533
120.096,6.8267027680311418
120.09699999999999,6.8255325759313461
120.098,6.8243629806049153
120.099,6.8231939693560673
120.09999999999999,6.8220255294273286
120.101,6.8208576479996204
120.102,6.8196903121924137
120.10299999999999,6.8185235090638177
120.104,6.8173572256107242
120.105,6.8161914487689259
120.10599999999999,6.8150261654132329
120.107,6.8138613623575992
120.108,6.8126970263552611
120.10899999999999,6.8115331440988438
120.11,6.8103697022205143
120.111,6.8092066872920878
120.11199999999999,6.8080440858251698
120.113,6.8068818842712933
120.114,6.8057200690220334
120.11499999999999,6.8045586264091629
120.116,6.8033975427047721
120.117,6.8022368041213994
120.11799999999999,6.8010763968121939
120.119,6.7999163068710295
120.12,6.798756520332649
120.121,6.7975970231728109
120.122,6.7964378013084303
120.123,6.7952788405977085
120.124,6.7941201268402978
120.125,6.7929616457774262
120.126,6.7918033830920557
120.127,6.7906453244090201
120.128,6.7894874552951805
120.129,6.7883297612595719
120.13,6.787172227753544
120.131,6.7860148401709299
120.13200000000001,6.7848575838481864
120.133,6.783700444064543
120.134,6.782543406042171
120.13500000000001,6.7813864549463201
120.136,6.7802295758854925
120.137,6.7790727539115903
120.13800000000001,6.7779159740200736
120.139,6.776759221150126
120.14,6.7756024801848103
120.14100000000001,6.7744457359512271
120.142,6.7732889732206853
120.143,6.7721321767088689
120.14400000000001,6.7709753310759844
120.145,6.7698184209269403
120.146,6.7686614308115143
120.14700000000001,6.7675043452245145
120.148,6.7663471486059557
120.149,6.7651898253412206
120.15000000000001,6.7640323597612433
120.151,6.7628747361426704
120.152,6.7617169387080267
120.15300000000001,6.7605589516259261
120.154,6.7594007590111946
120.155,6.7582423449250939
120.15600000000001,6.757083693375467
120.157,6.7559247883169284
120.158,6.7547656136510454
120.15900000000001,6.7536061532265208
120.16,6.7524463908393617
120.161,6.7512863102330716
120.16200000000001,6.7501258950988348
120.163,6.7489651290757013
120.164,6.7478039957507594
120.16500000000001,6.7466424786593464
120.166,6.7454805612852109
120.167,6.744318227060722
120.16800000000001,6.7431554593670366
120.169,6.7419922415343247
120.17,6.7408285568419171
120.17100000000001,6.7396643885185341
120.172,6.7384997197424674
120.173,6.737334533641766
120.17400000000001,6.7361688132944426
120.175,6.7350025417286723
120.176,6.733835701922974
120.17699999999999,6.7326682768064323
120.178,6.7315002492588807
120.179,6.7303316021111019
120.18000000000001,6.7291623181450451
120.181,6.7279923800940136
120.182,6.7268217706428679
120.18299999999999,6.7256504724282475
120.184,6.7244784680387557
120.185,6.7233057400151779
120.18600000000001,6.7221322708506879
120.187,6.7209580429910591
120.188,6.7197830388348674
120.18899999999999,6.7186072407337019
120.19,6.7174306309923857
120.191,6.7162531918691837
120.19200000000001,6.7150749055760066
120.193,6.7138957542786457
120.194,6.7127157200969627
120.19499999999999,6.7115347851051332
120.196,6.710352931331844
120.197,6.7091701407605164
120.19800000000001,6.7079863953295362
120.199,6.706801676932459
120.2,6.7056159674182378
120.20099999999999,6.7044292485914454
120.202,6.7032415022124958
120.203,6.7020527099978722
120.20399999999999,6.7008628536203538
120.205,6.6996719147092278
120.206,6.698479874850527
120.20699999999999,6.6972867155872677
120.208,6.6960924184196546
120.209,6.6948969648053289
120.20999999999999,6.693700336159587
120.211,6.6925025138556293
120.212,6.6913034792247696
120.21299999999999,6.690103213556684
120.214,6.6889016980996452
120.215,6.6876989140607499
120.21599999999999,6.686494842606157
120.217,6.685289464861329
120.218,6.6840827619112666
120.21899999999999,6.6828747148007448
120.22,6.6816653045345653
120.221,6.680454512077775
120.22199999999999,6.6792423183559233
120.223,6.6780287042553077
120.224,6.6768136506232025
120.22499999999999,6.6755971382681132
120.226,6.6743791479600212
120.227,6.6731596604306223
120.22799999999999,6.6719386563735856
120.229,6.6707161164447832
120.23,6.6694920212625632
120.23099999999999,6.6682663514079721
120.232,6.6670390874250227
120.233,6.6658102098209469
120.23399999999999,6.664579699066433
120.235,6.6633475355958822
120.236,6.66211369980768
120.23699999999999,6.6608781720644306
120.238,6.6596409326932129
120.239,6.6584019619858505
120.23999999999999,6.6571612401991569
120.241,6.655918747555198
120.242,6.6546744642415394
120.24299999999999,6.6534283704115342
120.244,6.6521804461845555
120.245,6.6509306716462593
120.246,6.6496790268488599
120.247,6.648425491811393
120.248,6.6471700465199586
120.249,6.6459126709280127
120.25,6.644653344956609
120.251,6.6433920484946736
120.252,6.6421287613992863
120.253,6.6408634634959132
120.254,6.6395961345787136
120.255,6.6383267544107802
120.256,6.6370553027244252
120.25700000000001,6.6357817592214428
120.258,6.6345061035733828
120.259,6.6332283154218246
120.26000000000001,6.6319483743786485
120.261,6.630666260026306
120.262,6.6293819519181003
120.26300000000001,6.6280954295784547
120.264,6.6268066725031947
120.265,6.6255156601598202
120.26600000000001,6.6242223719877842
120.267,6.6229267873987734
120.268,6.6216288857769801
120.26900000000001,6.6203286464793862
120.27,6.6190260488360479
120.271,6.617721072150367
120.27200000000001,6.6164136956993769
120.273,6.6151038987340325
120.274,6.6137916604794746
120.27500000000001,6.6124769601353304
120.276,6.6111597768760006
120.277,6.6098400898509215
120.27800000000001,6.608517878184875
120.279,6.6071931209782662
120.28,6.605865797307402
120.28100000000001,6.6045358862247969
120.282,6.6032033667594483
120.283,6.601868217917124
120.28400000000001,6.6005304186806644
120.285,6.5991899480102614
120.286,6.5978467848437568
120.28700000000001,6.5965009080969246
120.288,6.5951522966637768
120.289,6.5938009294168456
120.29000000000001,6.5924467852074873
120.291,6.5910898428661611
120.292,6.58973008120274
120.29300000000001,6.5883674790067985
120.294,6.5870020150479114
120.295,6.5856336680759409
120.29600000000001,6.584262416821355
120.297,6.5828882399955049
120.298,6.5815111162909368
120.29900000000001,6.5801310243816769
120.3,6.5787479429235578
120.301,6.5773618505544817
120.30199999999999,6.5759727258947578
120.303,6.5745805475473738
120.304,6.5731852940983213
120.30500000000001,6.5717869441168872
120.306,6.5703854761559555
120.307,6.5689808687523144
120.30799999999999,6.5675731004269657
120.309,6.5661621496854181
120.31,6.5647479950180063
120.31100000000001,6.5633306149001847
120.312,6.5619099877928413
120.313,6.560486092142602
120.31399999999999,6.5590589063821376
120.315,6.5576284089304817
120.316,6.5561945781933204
120.31700000000001,6.5547573925633156
120.318,6.5533168304204157
120.319,6.5518728701321542
120.31999999999999,6.5504254900539767
120.321,6.5489746685295351
120.322,6.5475203838910083
120.32300000000001,6.5460626144594176
120.324,6.5446013385449309
120.325,6.5431365344471786
120.32599999999999,6.5416681804555754
120.327,6.5401962548496186
120.328,6.5387207358992185
120.32899999999999,6.5372416018650021
120.33,6.5357588309986347
120.331,6.5342724015431308
120.33199999999999,6.5327822917331755
120.333,6.5312884797954407
120.334,6.5297909439488944
120.33499999999999,6.528289662405129
120.336,6.526784613368676
120.337,6.5252757750373185
120.33799999999999,6.523763125602418
120.339,6.5222466432492254
120.34,6.5207263061572114
120.34099999999999,6.5192020925003753
120.342,6.5176739804475741
120.343,6.5161419481628364
120.34399999999999,6.5146059738056881
120.345,6.5130660355314731
120.346,6.5115221114916704
120.34699999999999,6.5099741798342272
120.348,6.5084222187038723
120.349,6.5068662062424352
120.34999999999999,6.5053061205891822
120.351,6.5037419398811362
120.352,6.5021736422533856
120.35299999999999,6.5006012058394376
120.354,6.4990246087715065
120.355,6.4974438291808774
120.35599999999999,6.4958588451981996
120.357,6.4942696349538256
120.358,6.4926761765781436
120.35899999999999,6.4910784482018844
120.36,6.4894764279564736
120.361,6.4878700939743297
120.36199999999999,6.4862594243892122
120.363,6.4846443973365453
120.364,6.4830249909537354
120.36499999999999,6.4814011833805107
120.366,6.4797729527592427
120.367,6.4781402772352727
120.36799999999999,6.4765031349572464
120.369,6.4748615040774453
120.37,6.4732153627521001
120.371,6.4715646891417364
120.372,6.4699094614114969
120.373,6.4682496577314694
120.374,6.4665852562770247
120.375,6.4649162352291345
120.376,6.4632425727747158
120.377,6.4615642471069474
120.378,6.4598812364256126
120.379,6.4581935189374242
120.38,6.4565010728563514
120.381,6.4548038764039575
120.38200000000001,6.4531019078097369
120.383,6.4513951453114284
120.384,6.4496835671553665
120.38500000000001,6.4479671515967976
120.386,6.4462458769002247
120.387,6.4445197213397325
120.38800000000001,6.4427886631993143
120.389,6.4410526807732253
120.39,6.4393117523662884
120.39100000000001,6.4375658562942402
120.392,6.4358149708840724
120.393,6.4340590744743427
120.39400000000001,6.4322981454155297
120.395,6.4305321620703566
120.396,6.4287611028141161
120.39700000000001,6.4269849460350184
120.398,6.4252036701345148
120.399,6.4234172535276368
120.40000000000001,6.4216256746433267
120.401,6.4198289119247711
120.402,6.4180269438297284
120.40300000000001,6.4162197488308781
120.404,6.4144073054161357
120.405,6.4125895920890059
120.40600000000001,6.410766587368899
120.407,6.4089382697914701
120.408,6.4071046179089581
120.40900000000001,6.4052656102905186
120.41,6.4034212255225444
120.411,6.4015714422090202
120.41200000000001,6.3997162389718412
120.413,6.3978555944511495
120.414,6.3959894873056733
120.41500000000001,6.3941178962130536
120.416,6.3922407998701836
120.417,6.3903581769935407
120.41800000000001,6.3884700063195137
120.419,6.3865762666047505
120.42,6.3846769366264748
120.42100000000001,6.3827719951828321
120.422,6.3808614210932184
120.423,6.3789451931986125
120.42400000000001,6.3770232903619117
120.425,6.3750956914682657
120.426,6.3731623754254016
120.42699999999999,6.3712233211639688
120.428,6.369278507637862
120.429,6.3673279138245551
120.43000000000001,6.365371518725448
120.431,6.363409301366179
120.432,6.361441240796962
120.43299999999999,6.3594673160929371
120.434,6.3574875063544702
120.435,6.3555017907075175
120.43600000000001,6.3535101483039327
120.437,6.3515125583218168
120.438,6.3495089999658383
120.43899999999999,6.3474994524675612
120.44,6.3454838950857972
120.441,6.3434623071069076
120.44200000000001,6.3414346678451583
120.443,6.3394009566430398
120.444,6.3373611528715887
120.44499999999999,6.3353152359307394
120.446,6.3332631852496437
120.447,6.3312049802869907
120.44800000000001,6.329140600531348
120.449,6.3270700255014916
120.45,6.3249932347467261
120.45099999999999,6.3229102078472241
120.452,6.3208209244143454
120.453,6.3187253640909748
120.45399999999999,6.3166235065518421
120.455,6.314515331503852
120.456,6.3124008186864149
120.45699999999999,6.3102799478717717
120.458,6.3081526988653156
120.459,6.3060190515059364
120.45999999999999,6.3038789856663247
120.461,6.3017324812533086
120.462,6.2995795182081853
120.46299999999999,6.2974200765070343
120.464,6.2952541361610539
120.465,6.2930816772168825
120.46599999999999,6.2909026797569076
120.467,6.2887171238996231
120.468,6.2865249897999238
120.46899999999999,6.2843262576494396
120.47,6.282120907676866
120.471,6.2799089201482658
120.47199999999999,6.2776902753674158
120.473,6.2754649536761189
120.474,6.2732329354545193
120.47499999999999,6.2709942011214341
120.476,6.2687487311346644
120.477,6.2664965059913289
120.47799999999999,6.2642375062281719
120.479,6.2619717124218823
120.48,6.2596991051894353
120.48099999999999,6.2574196651883796
120.482,6.2551333731171717
120.483,6.2528402097154991
120.48399999999999,6.2505401557645861
120.485,6.2482331920875183
120.486,6.2459192995495663
120.48699999999999,6.243598459058477
120.488,6.2412706515648146
120.489,6.2389358580622734
120.48999999999999,6.2365940595879721
120.491,6.2342452372227957
120.492,6.2318893720916897
120.49299999999999,6.2295264453639785
120.494,6.2271564382536866
120.495,6.2247793320198408
120.496,6.222395107966781
120.497,6.2200037474444887
120.498,6.2176052318488697
120.499,6.2151995426220967
120.5,6.2127866612528901
120.501,6.2103665692768395
120.502,6.2079392482767304
120.503,6.2055046798828126
120.504,6.2030628457731467
120.505,6.2006137276738844
120.506,6.1981573073595939
120.50700000000001,6.1956935666535529
120.508,6.1932224874280575
120.509,6.1907440516047298
120.51000000000001,6.1882582411548217
120.511,6.1857650380995128
120.512,6.1832644245102308
120.51300000000001,6.1807563825089193
120.514,6.1782408942683791
120.515,6.1757179420125485
120.51600000000001,6.1731875080168006
120.517,6.1706495746082517
120.518,6.1681041241660708
120.51900000000001,6.1655511391217441
120.52,6.1629906019594145
120.521,6.1604224952161495
120.52200000000001,6.1578468014822505
120.523,6.1552635034015477
120.524,6.1526725836716896
120.52500000000001,6.1500740250444466
120.526,6.1474678103260043
120.527,6.1448539223772407
120.52800000000001,6.1422323441140456
120.529,6.1396030585075891
120.53,6.1369660485846218
120.53100000000001,6.1343212974277783
120.532,6.1316687881758334
120.533,6.1290085040240321
120.53400000000001,6.126340428224351
120.535,6.123664544085786
120.536,6.1209808349746595
120.53700000000001,6.1182892843148799
120.538,6.1155898755882525
120.539,6.1128825923347474
120.54000000000001,6.1101674181527876
120.541,6.1074443366995315
120.542,6.1047133316911655
120.54300000000001,6.1019743869031657
120.544,6.0992274861705962
120.545,6.0964726133883822
120.54600000000001,6.0937097525115895
120.547,6.0909388875557102
120.548,6.0881600025969167
120.54900000000001,6.0853730817723761
120.55,6.0825781092804974
120.551,6.0797750693812045
120.55199999999999,6.0769639463962424
120.553,6.0741447247094111
120.554,6.0713173887668663
120.55500000000001,6.0684819230773872
120.556,6.0656383122126272
120.557,6.062786540807414
120.55799999999999,6.0599265935600002
120.559,6.0570584552323279
120.56,6.05418211065032
120.56100000000001,6.0512975447041164
120.562,6.0484047423483638
120.563,6.0455036886024747
120.56399999999999,6.0425943685508798
120.565,6.0396767673433089
120.566,6.036750870195041
120.56700000000001,6.0338166623871654
120.568,6.0308741292668628
120.569,6.0279232562476217
120.56999999999999,6.0249640288095527
120.571,6.0219964324995985
120.572,6.0190204529318194
120.57300000000001,6.0160360757876372
120.574,6.0130432868160923
120.575,6.0100420718341017
120.57599999999999,6.0070324167267035
120.577,6.0040143074473207
120.578,6.0009877300180019
120.57899999999999,5.9979526705296848
120.58,5.9949091151424234
120.581,5.9918570500856561
120.58199999999999,5.9887964616584544
120.583,5.9857273362297505
120.584,5.9826496602386001
120.58499999999999,5.9795634201944168
120.586,5.9764686026772278
120.587,5.973365194337898
120.58799999999999,5.9702531818983875
120.589,5.9671325521519822
120.59,5.9640032919635448
120.59099999999999,5.9608653882697311
120.592,5.9577188280792619
120.593,5.9545635984731202
120.59399999999999,5.9513996866048195
120.595,5.9482270797006169
120.596,5.9450457650597528
120.59699999999999,5.9418557300546855
120.598,5.9386569621313292
120.599,5.935449448809262
120.59999999999999,5.9322331776819794
120.601,5.9290081364171048
120.602,5.9257743127566265
120.60299999999999,5.9225316945171222
120.604,5.9192802695899776
120.605,5.9160200259416147
120.60599999999999,5.912750951613722
120.607,5.9094730347234563
120.608,5.9061862634636828
120.60899999999999,5.9028906261031846
120.61,5.899586110986883
120.611,5.8962727065360561
120.61199999999999,5.8929504012485463
120.613,5.8896191836989935
120.614,5.8862790425390301
120.61499999999999,5.8829299664974997
120.616,5.8795719443806771
120.617,5.8762049650724641
120.61799999999999,5.8728290175346114
120.619,5.8694440908069225
120.62,5.8660501740074515
120.621,5.8626472563327265
120.622,5.8592353270579434
120.623,5.8558143755371646
120.624,5.8523843912035378
120.625,5.8489453635694773
120.626,5.8454972822268783
120.627,5.8420401368473165
120.628,5.8385739171822326
120.629,5.8350986130631401
120.63,5.8316142144018119
120.631,5.8281207111904934
120.63200000000001,5.8246180935020728
120.633,5.8211063514902737
120.634,5.8175854753898761
120.63500000000001,5.8140554555168631
120.636,5.8105162822686367
120.637,5.8069679461242032
120.63800000000001,5.8034104376443398
120.639,5.7998437474718063
120.64,5.7962678663315099
120.64100000000001,5.792682785030685
120.642,5.7890884944590901
120.643,5.7854849855891786
120.64400000000001,5.7818722494762653
120.645,5.7782502772587332
120.646,5.7746190601581695
120.64700000000001,5.7709785894795775
120.648,5.7673288566115364
120.649,5.7636698530263555
120.65000000000001,5.7600015702802736
120.651,5.7563240000136169
120.652,5.752637133950957
120.65300000000001,5.7489409639012958
120.654,5.7452354817582183
120.655,5.7415206795000611
120.65600000000001,5.7377965491900831
120.657,5.7340630829766077
120.658,5.7303202730932128
120.65900000000001,5.7265681118588621
120.66,5.7228065916780775
120.661,5.7190357050410938
120.66200000000001,5.7152554445240131
120.663,5.7114658027889629
120.664,5.7076667725842452
120.66500000000001,5.7038583467444806
120.666,5.700040518190777
120.667,5.696213279930868
120.66800000000001,5.69237662505925
120.669,5.6885305467573577
120.67,5.684675038293669
120.67100000000001,5.6808100930238883
120.672,5.6769357043910667
120.673,5.6730518659257392
120.67400000000001,5.6691585712460881
120.675,5.6652558140580567
120.676,5.6613435881554945
120.67699999999999,5.6574218874202984
120.678,5.653490705822545
120.679,5.6495500374206156
120.68000000000001,5.6455998763613415
120.681,5.6416402168801199
120.682,5.637671053301057
120.68299999999999,5.6336923800370844
120.684,5.6297041915900845
120.685,5.6257064825510366
120.68600000000001,5.6216992476001053
120.687,5.6176824815067938
120.688,5.6136561791300554
120.68899999999999,5.6096203354183949
120.69,5.6055749454100212
120.691,5.6015200042329347
120.69200000000001,5.5974555071050531
120.693,5.5933814493343306
120.694,5.5892978263188553
120.69499999999999,5.5852046335469812
120.696,5.5811018665974252
120.697,5.5769895211393692
120.69800000000001,5.572867592932587
120.699,5.5687360778275341
120.7,5.5645949717654499
120.70099999999999,5.5604442707784809
120.702,5.5562839709897478
120.703,5.5521140686134878
120.70399999999999,5.5479345599551202
120.705,5.5437454414113585
120.706,5.5395467094702973
120.70699999999999,5.5353383607115205
120.708,5.5311203918061818
120.709,5.5268927995171016
120.70999999999999,5.5226555806988529
120.711,5.5184087322978588
120.712,5.5141522513524777
120.71299999999999,5.5098861349930726
120.714,5.5056103804421213
120.715,5.5013249850142891
120.71599999999999,5.4970299461164984
120.717,5.4927252612480295
120.718,5.4884109280005848
120.71899999999999,5.4840869440583688
120.72,5.4797533071981768
120.721,5.4754100152894463
120.72199999999999,5.4710570662943496
120.723,5.4666944582678649
120.724,5.4623221893578204
120.72499999999999,5.4579402578050136
120.726,5.4535486619432163
120.727,5.4491474001992941
120.72799999999999,5.4447364710932487
120.729,5.4403158732382675
120.73,5.4358856053408147
120.73099999999999,5.4314456662006716
120.732,5.4269960547109957
120.733,5.4225367698583895
120.73399999999999,5.4180678107229454
120.735,5.4135891764782986
120.736,5.4091008663917037
120.73699999999999,5.4046028798240489
120.738,5.4000952162299356
120.739,5.3955778751577164
120.73999999999999,5.3910508562495352
120.741,5.3865141592413934
120.742,5.3819677839631606
120.74299999999999,5.3774117303386646
120.744,5.372845998385694
120.745,5.3682705882160366
120.746,5.363685500035551
120.747,5.3590907341441802
120.748,5.3544862909359843
120.749,5.3498721708991859
120.75,5.3452483746161956
120.751,5.3406149027636491
120.752,5.3359717561124356
120.753,5.3313189355277117
120.754,5.3266564419689626
120.755,5.3219842764899745
120.756,5.3173024402389188
120.75700000000001,5.3126109344583305
120.758,5.3079097604851402
120.759,5.3031989197507041
120.76000000000001,5.2984784137808187
120.761,5.2937482441957204
120.762,5.2890084127101247
120.76300000000001,5.2842589211332154
120.764,5.2794997713686875
120.765,5.274730965414733
120.76600000000001,5.2699525053640475
120.767,5.2651643934038592
120.768,5.260366631815927
120.76900000000001,5.2555592229765296
120.77,5.2507421693564904
120.771,5.2459154735211619
120.77200000000001,5.2410791381304414
120.773,5.2362331659387742
120.774,5.23137755979511
120.77500000000001,5.226512322642952
120.776,5.2216374575203321
120.777,5.2167529675597759
120.77800000000001,5.2118588559883463
120.779,5.2069551261275784
120.78,5.2020417813935218
120.78100000000001,5.1971188252966911
120.782,5.192186261442048
120.783,5.187244093529026
120.78400000000001,5.1822923253514688
120.785,5.1773309607976365
120.786,5.1723600038501782
120.78700000000001,5.1673794585861081
120.788,5.1623893291767882
120.789,5.1573896198879066
120.79000000000001,5.1523803350794353
120.791,5.147361479205621
120.792,5.1423330568149517
120.79300000000001,5.1372950725501099
120.794,5.1322475311479785
120.795,5.1271904374395536
120.79600000000001,5.122123796349964
120.797,5.1170476128984035
120.798,5.1119618921980923
120.79900000000001,5.1068666394562587
120.8,5.1017618599740846
120.801,5.0966475591466587
120.80199999999999,5.0915237424629449
120.803,5.0863904155057273
120.804,5.0812475839515727
120.80500000000001,5.0760952535707879
120.806,5.0709334302273383
120.807,5.0657621198788441
120.80799999999999,5.0605813285764949
120.809,5.0553910624650022
120.81,5.0501913277825619
120.81100000000001,5.0449821308607632
120.812,5.0397634781245717
120.813,5.0345353760922436
120.81399999999999,5.0292978313752652
120.815,5.0240508506783055
120.816,5.0187944407991516
120.81700000000001,5.0135286086286097
120.818,5.008253361150496
120.819,5.002968705441516
120.81999999999999,4.9976746486712305
120.821,4.9923711981019707
120.822,4.9870583610887582
120.82300000000001,4.9817361450792497
120.824,4.9764045576136553
120.825,4.9710636063246429
120.82599999999999,4.965713298937299
120.827,4.9603536432690092
120.828,4.9549846472294057
120.82899999999999,4.9496063188202761
120.83,4.9442186661354715
120.831,4.9388216973608365
120.83199999999999,4.9334154207741179
120.833,4.9279998447448587
120.834,4.9225749777343495
120.83499999999999,4.9171408282954889
120.836,4.9116974050727347
120.837,4.9062447168019876
120.83799999999999,4.9007827723104889
120.839,4.8953115805167542
120.84,4.8898311504304548
120.84099999999999,4.8843414911523055
120.842,4.8788426118740045
120.843,4.8733345218780872
120.84399999999999,4.8678172305378613
120.845,4.8622907473172798
120.846,4.8567550817708334
120.84699999999999,4.8512102435434574
120.848,4.8456562423704241
120.849,4.8400930880772037
120.84999999999999,4.8345207905794005
120.851,4.8289393598825878
120.852,4.8233488060822385
120.85299999999999,4.8177491393635954
120.854,4.8121403700015293
120.855,4.8065225083604588
120.85599999999999,4.8008955648942155
120.857,4.7952595501459054
120.858,4.7896144747478271
120.85899999999999,4.7839603494212959
120.86,4.7782971849765712
120.861,4.7726249923127018
120.86199999999999,4.766943782417389
120.863,4.7612535663668858
120.864,4.7555543553258577
120.86499999999999,4.7498461605472215
120.866,4.7441289933720636
120.867,4.7384028652294621
120.86799999999999,4.732667787636375
120.869,4.7269237721974999
120.87,4.7211708306051232
120.871,4.7154089746389989
120.872,4.7096382161661978
120.873,4.7038585671409567
120.874,4.6980700396045627
120.875,4.6922726456851702
120.876,4.6864663975976892
120.877,4.6806513076436254
120.878,4.6748273882109164
120.879,4.6689946517738132
120.88,4.6631531108926954
120.881,4.6573027782139462
120.88200000000001,4.6514436664697865
120.883,4.6455757884781086
120.884,4.6396991571423492
120.88500000000001,4.6338137854513093
120.886,4.6279196864789842
120.887,4.6220168733844513
120.88800000000001,4.6161053594116446
120.889,4.6101851578892461
120.89,4.6042562822304998
120.89100000000001,4.5983187459330317
120.892,4.5923725625787153
120.893,4.5864177458334847
120.89400000000001,4.5804543094471573
120.895,4.5744822672532965
120.896,4.568501633168994
120.89700000000001,4.5625124211947412
120.898,4.556514645414234
120.899,4.55050831999419
120.90000000000001,4.5444934591841921
120.901,4.5384700773165072
120.902,4.5324381888058785
120.90300000000001,4.5263978081493956
120.904,4.5203489499262712
120.905,4.5142916287976753
120.90600000000001,4.5082258595065685
120.907,4.5021516568774711
120.908,4.4960690358163244
120.90900000000001,4.4899780113102885
120.91,4.4838785984275322
120.911,4.4777708123170878
120.91200000000001,4.4716546682086076
120.913,4.4655301814122161
120.914,4.4593973673183083
120.91500000000001,4.4532562413973178
120.916,4.4471068191995826
120.917,4.4409491163551102
120.91800000000001,4.4347831485733664
120.919,4.4286089316431294
120.92,4.4224264814322343
120.92100000000001,4.416235813887404
120.922,4.4100369450340509
120.923,4.4038298909760396
120.92400000000001,4.3976146678955175
120.925,4.3913912920527096
120.926,4.3851597797856687
120.92699999999999,4.3789201475101276
120.928,4.3726724117192397
120.929,4.3664165889834017
120.93000000000001,4.3601526959500347
120.931,4.3538807493433502
120.932,4.3476007659641773
120.93299999999999,4.3413127626897179
120.934,4.3350167564733262
120.935,4.3287127643443313
120.93600000000001,4.322400803407767
120.937,4.3160808908442032
120.938,4.3097530439094989
120.93899999999999,4.3034172799345676
120.94,4.2970736163251999
120.941,4.2907220705618023
120.94200000000001,4.2843626601991751
120.943,4.2779954028663276
120.944,4.2716203162661852
120.94499999999999,4.2652374181754293
120.946,4.2588467264442347
120.947,4.2524482589960293
120.94800000000001,4.2460420338272993
120.949,4.2396280690073382
120.95,4.2332063826779969
120.95099999999999,4.2267769930534982
120.952,4.2203399184201462
120.953,4.2138951771361342
120.95399999999999,4.207442787631301
120.955,4.2009827684068668
120.956,4.194515138035225
120.95699999999999,4.1880399151597043
120.958,4.1815571184942932
120.959,4.1750667668234485
120.95999999999999,4.1685688790018016
120.961,4.1620634739539657
120.962,4.1555505706742633
120.96299999999999,4.1490301882264724
120.964,4.1425023457436136
120.965,4.1359670624276799
120.96599999999999,4.129424357549377
120.967,4.122874250447925
120.968,4.11631676053074
120.96899999999999,4.1097519072732442
120.97,4.103179710218587
120.971,4.0966001889773835
120.97199999999999,4.0900133632274827
120.973,4.0834192527137159
120.974,4.0768178772476009
120.97499999999999,4.0702092567071517
120.976,4.0635934110365532
120.977,4.056970360245959
120.97799999999999,4.0503401244112087
120.979,4.0437027236735563
120.98,4.0370581782394375
120.98099999999999,4.030406508380203
120.982,4.0237477344318204
120.983,4.0170818767946788
120.98399999999999,4.010408955933249
120.985,4.0037289923758852
120.986,3.9970420067145285
120.98699999999999,3.990348019604427
120.988,3.9836470517639051
120.989,3.976939123974073
120.98999999999999,3.9702242570785526
120.991,3.9635024719832361
120.992,3.9567737896559732
120.99299999999999,3.950038231126348
120.994,3.943295817485382
120.995,3.9365465698852486
120.996,3.9297905095390289
120.997,3.9230276577204291
120.998,3.9162580357634806
120.999,3.9094816650623128
121,3.902698567070821
121.001,3.8959087633024372
121.002,3.8891122753298357
121.003,3.882309124784634
121.004,3.8754993333571499
121.005,3.8686829227960859
121.006,3.8618599149082811
121.00700000000001,3.8550303315584142
121.008,3.8481941946687095
121.009,3.8413515262186757
121.01000000000001,3.8345023482448224
121.011,3.8276466828403444
121.012,3.8207845521548829
121.01300000000001,3.8139159783941996
121.014,3.8070409838199182
121.015,3.8001595907492294
121.01600000000001,3.7932718215545846
121.017,3.7863776986634412
121.018,3.7794772445579548
121.01900000000001,3.7725704817746792
121.02,3.7656574329043075
121.021,3.7587381205913424
121.02200000000001,3.751812567533841
121.023,3.7448807964831063
121.024,3.737942830243381
121.02500000000001,3.7309986916715809
121.026,3.7240484036769965
121.027,3.7170919892209628
121.02800000000001,3.7101294713166268
121.029,3.7031608730285845
121.03,3.6961862174726412
121.03100000000001,3.6892055278154889
121.032,3.6822188272743932
121.033,3.6752261391169294
121.03400000000001,3.6682274866606721
121.035,3.6612228932728712
121.036,3.6542123823701957
121.03700000000001,3.6471959774183897
121.038,3.6401737019320088
121.039,3.6331455794741054
121.04000000000001,3.6261116336559054
121.041,3.6190718881365385
121.042,3.6120263666227315
121.04300000000001,3.6049750928684712
121.044,3.597918090674745
121.045,3.5908553838892048
121.04600000000001,3.5837869964058817
121.047,3.5767129521648746
121.048,3.5696332751520305
121.04900000000001,3.5625479893986598
121.05,3.5554571189812298
121.051,3.5483606880210239
121.05199999999999,3.541258720683885
121.053,3.5341512411798575
121.054,3.5270382737629151
121.05500000000001,3.5199198427306477
121.056,3.5127959724239171
121.057,3.5056666872265976
121.05799999999999,3.4985320115652359
121.059,3.4913919699087321
121.06,3.4842465867680641
121.06100000000001,3.4770958866959374
121.062,3.4699398942864992
121.063,3.462778634175022
121.06399999999999,3.4556121310375705
121.065,3.4484404095907193
121.066,3.4412634945912273
121.06700000000001,3.4340814108357045
121.068,3.4268941831603366
121.069,3.4197018364405269
121.06999999999999,3.41250439559062
121.071,3.4053018855635702
121.072,3.3980943313506162
121.07300000000001,3.39088175798098
121.074,3.3836641905215532
121.075,3.3764416540765572
121.07599999999999,3.3692141737872645
121.077,3.3619817748316332
121.078,3.35474448242404
121.07899999999999,3.3475023218149325
121.08,3.3402553182905073
121.081,3.3330034971724132
121.08199999999999,3.3257468838174242
121.083,3.3184855036170999
121.084,3.31121938199751
121.08499999999999,3.3039485444188621
121.086,3.296673016375232
121.087,3.2893928233942207
121.08799999999999,3.2821079910366162
121.089,3.2748185448961062
121.09,3.2675245105989545
121.09099999999999,3.2602259138036405
121.092,3.2529227802006004
121.093,3.2456151355118399
121.09399999999999,3.2383030054906716
121.095,3.2309864159213628
121.096,3.2236653926188028
121.09699999999999,3.216339961428218
121.098,3.2090101482248214
121.099,3.2016759789134843
121.09999999999999,3.1943374794284511
121.101,3.1869946757329695
121.102,3.1796475938190047
121.10299999999999,3.1722962597069051
121.104,3.1649406994450628
121.105,3.1575809391096175
121.10599999999999,3.1502170048041211
121.107,3.1428489226591956
121.108,3.1354767188322503
121.10899999999999,3.1281004195071138
121.11,3.1207200508937478
121.111,3.113335639227905
121.11199999999999,3.1059472107707884
121.113,3.098554791808771
121.114,3.0911584086530368
121.11499999999999,3.0837580876392527
121.116,3.0763538551272824
121.117,3.0689457375008091
121.11799999999999,3.0615337611670594
121.119,3.0541179525564615
121.12,3.0466983381222921
121.121,3.039274944340403
121.122,3.0318477977088665
121.123,3.0244169247476362
121.124,3.0169823519982653
121.125,3.0095441060235375
121.126,3.0021022134071753
121.127,2.9946567007535054
121.128,2.9872075946871117
121.129,2.9797549218525523
121.13,2.9722987089139901
121.131,2.9648389825549075
121.13200000000001,2.9573757694777658
121.133,2.9499090964036578
121.134,2.9424389900720254
121.13500000000001,2.9349654772403104
121.136,2.9274885846836227
121.137,2.920008339194442
121.13800000000001,2.9125247675822585
121.139,2.9050378966732873
121.14,2.8975477533101222
121.14100000000001,2.8900543643513981
121.142,2.8825577566714964
121.143,2.8750579571602151
121.14400000000001,2.8675549927224107
121.145,2.8600488902777328
121.146,2.8525396767602382
121.14700000000001,2.8450273791181164
121.148,2.8375120243133485
121.149,2.8299936393213634
121.15000000000001,2.8224722511307521
121.151,2.8149478867429241
121.152,2.807420573171767
121.15300000000001,2.7998903374433715
121.154,2.7923572065956521
121.155,2.7848212076780676
121.15600000000001,2.7772823677512881
121.157,2.7697407138868466
121.158,2.7621962731668601
121.15900000000001,2.7546490726836788
121.16,2.7470991395395599
121.161,2.7395465008463789
121.16200000000001,2.7319911837252633
121.163,2.7244332153063104
121.164,2.7168726227282538
121.16500000000001,2.7093094331381216
121.166,2.7017436736909497
121.167,2.6941753715494503
121.16800000000001,2.6866045538836638
121.169,2.6790312478706917
121.17,2.6714554806943185
121.17100000000001,2.663877279544745
121.172,2.6562966716182435
121.173,2.6487136841168231
121.17400000000001,2.6411283442479467
121.175,2.6335406792241991
121.176,2.6259507162629436
121.17699999999999,2.61835848258605
121.178,2.6107640054195311
121.179,2.6031673119932641
121.18000000000001,2.5955684295406565
121.181,2.5879673852983145
121.182,2.5803642065057586
121.18299999999999,2.5727589204050902
121.184,2.5651515542406584
121.185,2.557542135258795
121.18600000000001,2.5499306907074293
121.187,2.5423172478358431
121.188,2.5347018338943208
121.18899999999999,2.5270844761338203
121.19,2.5194652018056969
121.191,2.5118440381613731
121.19200000000001,2.5042210124520059
121.193,2.4965961519282169
121.194,2.4889694838397327
121.19499999999999,2.4813410354351095
121.196,2.4737108339614169
121.197,2.4660789066638924
121.19800000000001,2.4584452807856789
121.199,2.4508099835674937
121.2,2.4431730422472913
121.20099999999999,2.4355344840600139
121.202,2.4278943362372178
121.203,2.4202526260068136
121.20399999999999,2.4126093805927402
121.205,2.4049646272146394
121.206,2.3973183930875823
121.20699999999999,2.3896707054217456
121.208,2.3820215914220841
121.209,2.3743710782880778
121.20999999999999,2.366719193213358
121.211,2.3590659633854667
121.212,2.3514114159855173
121.21299999999999,2.3437555781878801
121.214,2.3360984771599123
121.215,2.3284401400616392
121.21599999999999,2.3207805940454311
121.217,2.3131198662557422
121.218,2.3054579838287599
121.21899999999999,2.297794973892151
121.22,2.2901308635647402
121.221,2.2824656799561889
121.22199999999999,2.2747994501667326
121.223,2.2671322012868673
121.224,2.2594639603970252
121.22499999999999,2.2517947545673334
121.226,2.2441246108572459
121.227,2.2364535563153085
121.22799999999999,2.2287816179788336
121.229,2.2211088228735885
121.23,2.2134351980135363
121.23099999999999,2.2057607704005266
121.232,2.1980855670239712
121.233,2.1904096148606089
121.23399999999999,2.1827329408741476
121.235,2.1750555720150286
121.236,2.1673775352201043
121.23699999999999,2.1596988574123368
121.238,2.1520195655005394
121.239,2.1443396863790678
121.23999999999999,2.1366592469275103
121.241,2.1289782740104513
121.242,2.1212967944771171
121.24299999999999,2.1136148351611488
121.244,2.1059324228802838
121.245,2.0982495844360494
121.246,2.0905663466135298
121.247,2.0828827361810447
121.248,2.075198779889849
121.249,2.0675145044739032
121.25,2.059829936649527
121.251,2.0521451031151643
121.252,2.0444600305510869
121.253,2.0367747456190886
121.254,2.0290892749622476
121.255,2.0214036452045994
121.256,2.0137178829509002
121.25700000000001,2.006032014786328
121.258,1.9983460672761839
121.259,1.9906600669656589
121.26000000000001,1.9829740403795322
121.261,1.9752880140218689
121.262,1.9676020143758097
121.26300000000001,1.9599160679032228
121.264,1.9522302010444883
121.265,1.9445444402182015
121.26600000000001,1.9368588118208794
121.267,1.929173342226723
121.268,1.9214880577873443
121.26900000000001,1.9138029848314533
121.27,1.906118149664648
121.271,1.8984335785690867
121.27200000000001,1.8907492978032736
121.273,1.883065333601758
121.274,1.8753817121748626
121.27500000000001,1.8676984597084427
121.276,1.8600156023636116
121.277,1.8523331662764493
121.27800000000001,1.8446511775577932
121.279,1.836969662292907
121.28,1.8292886465412819
121.28100000000001,1.8216081563363424
121.282,1.8139282176851714
121.283,1.8062488565682879
121.28400000000001,1.7985700989393694
121.285,1.7908919707249691
121.286,1.783214497824313
121.28700000000001,1.7755377061089761
121.288,1.7678616214226892
121.289,1.7601862695810482
121.29000000000001,1.7525116763712516
121.291,1.7448378675518796
121.292,1.7371648688526224
121.29300000000001,1.7294927059740079
121.294,1.7218214045871973
121.295,1.7141509903336829
121.29600000000001,1.7064814888250834
121.297,1.6988129256428708
121.298,1.6911453263381124
121.29900000000001,1.6834787164312521
121.3,1.6758131214118541
121.301,1.668148566738324
121.30199999999999,1.6604850778377298
121.303,1.6528226801054844
121.304,1.6451613989051663
121.30500000000001,1.6375012595682423
121.306,1.6298422873938181
121.307,1.6221845076484294
121.30799999999999,1.6145279455657888
121.309,1.6068726263465218
121.31,1.5992185751579784
121.31100000000001,1.591565817133942
121.312,1.583914377374438
121.313,1.5762642809454812
121.31399999999999,1.5686155528788199
121.315,1.560968218171741
121.316,1.5533223017868207
121.31700000000001,1.5456778286516697
121.318,1.5380348236587502
121.319,1.5303933116650901
121.31999999999999,1.5227533174921046
121.321,1.5151148659253466
121.322,1.5074779817142558
121.32300000000001,1.4998426895719765
121.324,1.4922090141751103
121.325,1.4845769801634705
121.32599999999999,1.4769466121399106
121.327,1.4693179346700374
121.328,1.4616909722820457
121.32899999999999,1.4540657494664706
121.33,1.4464422906759549
121.331,1.4388206203250617
121.33199999999999,1.431200762790042
121.333,1.4235827424085925
121.334,1.4159665834796944
121.33499999999999,1.4083523102633306
121.336,1.4007399469803348
121.337,1.3931295178121421
121.33799999999999,1.3855210469005694
121.339,1.3779145583476344
121.34,1.3703100762153313
121.34099999999999,1.3627076245253951
121.342,1.3551072272591431
121.343,1.3475089083572149
121.34399999999999,1.339912691719412
121.345,1.3323186012044639
121.346,1.3247266606298165
121.34699999999999,1.3171368937714558
121.348,1.3095493243636951
121.349,1.3019639760989443
121.34999999999999,1.2943808726275599
121.351,1.2868000375575923
121.352,1.2792214944546283
121.35299999999999,1.2716452668415807
121.354,1.264071378198464
121.355,1.2564998519622408
121.35599999999999,1.2489307115266095
121.357,1.241363980241786
121.358,1.2337996814143544
121.35899999999999,1.2262378383070311
121.36,1.2186784741385133
121.361,1.2111216120832644
121.36199999999999,1.2035672752713196
121.363,1.1960154867881201
121.364,1.188466269674316
121.36499999999999,1.1809196469255598
121.366,1.1733756414923657
121.367,1.1658342762798701
121.36799999999999,1.1582955741476977
121.369,1.15075955790976
121.37,1.1432262503340498
121.371,1.1356956741425068
121.372,1.1281678520108134
121.373,1.1206428065681973
121.374,1.1131205603973064
121.375,1.1056011360339717
121.376,1.0980845559670798
121.377,1.0905708426383862
121.378,1.0830600184423116
121.379,1.075552105725825
121.38,1.0680471267882186
121.381,1.060545103880975
121.38200000000001,1.053046059207593
121.383,1.0455500149233832
121.384,1.0380569931353583
121.38500000000001,1.0305670159020308
121.386,1.023080105233241
121.387,1.0155962830900342
121.38800000000001,1.0081155713844403
121.389,1.0006379919793691
121.39,0.99316356668842065
121.39100000000001,0.98569231727570994
121.392,0.97822426545574648
121.393,0.9707594328932565
121.39400000000001,0.96329784120300821
121.395,0.95583951194970185
121.396,0.94838446664776033
121.39700000000001,0.94093272676122974
121.398,0.93348431370359286
121.399,0.92603924883761235
121.40000000000001,0.91859755347521177
121.401,0.91115924887731081
121.402,0.90372435625365499
121.40300000000001,0.89629289676271351
121.404,0.88886489151148429
121.405,0.88144036155539141
121.40600000000001,0.87401932789812609
121.407,0.86660181149147752
121.408,0.85918783323523651
121.40900000000001,0.85177741397702977
121.41,0.84437057451216813
121.411,0.83696733558354275
121.41200000000001,0.82956771788144468
121.413,0.82217174204347176
121.414,0.81477942865437081
121.41500000000001,0.80739079824588678
121.416,0.80000587129666512
121.417,0.79262466823210476
121.41800000000001,0.78524720942420156
121.419,0.77787351519147085
121.42,0.77050360579875909
121.42100000000001,0.76313750145716386
121.422,0.75577522232389338
121.423,0.74841678850211002
121.42400000000001,0.74106222004085565
121.425,0.73371153693489943
121.426,0.72636475912460041
121.42699999999999,0.71902190649583153
121.428,0.71168299887980735
121.429,0.7043480560530051
121.43000000000001,0.69701709773703391
121.431,0.68969014359849357
121.432,0.68236721324889982
121.43299999999999,0.67504832624454525
121.434,0.66773350208637128
121.435,0.66042276021989643
121.43600000000001,0.6531161200350587
121.437,0.64581360086614126
121.438,0.63851522199164679
121.43899999999999,0.63122100263417424
121.44,0.62393096196034481
121.441,0.61664511908067343
121.44200000000001,0.60936349304945459
121.443,0.60208610286468689
121.444,0.59481296746793633
121.44499999999999,0.58754410574426474
121.446,0.58027953652211905
121.447,0.57301927857320112
121.44800000000001,0.56576335061241911
121.449,0.55851177129776264
121.45,0.55126455923019113
121.45099999999999,0.54402173295357581
121.452,0.53678331095456255
121.453,0.5295493116625194
121.45399999999999,0.52231975344941961
121.455,0.51509465462974247
121.456,0.50787403346040716
121.45699999999999,0.50065790814067523
121.458,0.49344629681203933
121.459,0.48623921755818134
121.45999999999999,0.47903668840483016
121.461,0.47183872731973109
121.462,0.46464535221253223
121.46299999999999,0.45745658093469099
121.464,0.45027243127942596
121.465,0.44309292098161435
121.46599999999999,0.43591806771769992
121.467,0.42874788910565598
121.468,0.42158240270485414
121.46899999999999,0.41442162601603261
121.47,0.40726557648121042
121.471,0.40011427148358081
121.47199999999999,0.39296772834748495
121.473,0.38582596433831484
121.474,0.3786889966624295
121.47499999999999,0.37155684246712561
121.476,0.364429518840514
121.477,0.35730704281150583
121.47799999999999,0.35018943134971436
121.479,0.34307670136538193
121.48,0.33596886970934436
121.48099999999999,0.32886595317295075
121.482,0.32176796848798372
121.483,0.31467493232664012
121.48399999999999,0.3075868613014211
121.485,0.30050377196511546
121.486,0.29342568081072173
121.48699999999999,0.28635260427137255
121.488,0.27928455872031932
121.489,0.27222156047085211
121.48999999999999,0.26516362577623148
121.491,0.25811077082967232
121.492,0.25106301176425433
121.49299999999999,0.24402036465289828
121.494,0.23698284550831067
121.495,0.22995047028291038
121.496,0.2229232548688152
121.497,0.21590121509778282
121.498,0.20888436674114091
121.499,0.2018727255097888
121.5,0.19486630705410279
121.501,0.1878651269639352
121.502,0.18086920076855872
121.503,0.17387854393659957
121.504,0.16689317187605135
121.505,0.15991309993417474
121.506,0.15293834339751577
121.50700000000001,0.14596891749183949
121.508,0.13900483738208502
121.509,0.13204611817235812
121.51000000000001,0.12509277490589432
121.511,0.11814482256498748
121.512,0.11120227607102118
121.51300000000001,0.10426515028437922
121.514,0.097333460004452754
121.515,0.090407219969613539
121.51600000000001,0.083486444857144793
121.517,0.076571149283270523
121.518,0.069661347803099738
121.51900000000001,0.062757054910588861
121.52,0.055858285038562105
121.521,0.048965052558636923
121.52200000000001,0.042077371781246542
121.523,0.03519525695560427
121.524,0.028318722269661367
121.52500000000001,0.021447781850129577
121.526,0.0145824497624438
121.527,0.0077227400107235666
121.52800000000001,0.00086866653781092484
121.529,-0.0059797567748045843
121.53,-0.012822516106947957
121.53100000000001,-0.019659597699794001
121.532,-0.026490987855896736
121.533,-0.033316672939157188
121.53400000000001,-0.040136639374858424
121.535,-0.046950873649687891
121.536,-0.053759362311705639
121.53700000000001,-0.060562091970394499
121.538,-0.067359049296625478
121.539,-0.074150221022680513
121.54000000000001,-0.080935593942275036
121.541,-0.087715154910521176
121.542,-0.09448889084394968
121.54300000000001,-0.1012567887205246
121.544,-0.10801883557961013
121.545,-0.11477501852200342
121.54600000000001,-0.12152532470990431
121.547,-0.12826974136691638
121.548,-0.13500825577807252
121.54900000000001,-0.14174085528978581
121.55,-0.14846752730986185
121.551,-0.15518825930751612
121.55199999999999,-0.16190303881331328
121.553,-0.16861185341921606
121.554,-0.17531469077852932
121.55500000000001,-0.18201153860590039
121.556,-0.18870238467733785
121.557,-0.19538721683014978
121.55799999999999,-0.20206602296295925
121.559,-0.20873879103569926
121.56,-0.21540550906955735
121.56100000000001,-0.22206616514700728
121.562,-0.22872074741175327
121.563,-0.23536924406871967
121.56399999999999,-0.24201164338405742
121.565,-0.24864793368508686
121.566,-0.25527810336029394
121.56700000000001,-0.26190214085932084
121.568,-0.26852003469290786
121.569,-0.27513177343291245
121.56999999999999,-0.2817373457122464
121.571,-0.288336740224864
121.572,-0.2949299457257557
121.57300000000001,-0.3015169510308815
121.574,-0.30809774501716458
121.575,-0.31467231662247225
121.57599999999999,-0.32124065484555608
121.577,-0.32780274874605486
121.578,-0.33435858744442892
121.57899999999999,-0.34090816012193981
121.58,-0.34745145602064165
121.581,-0.35398846444330134
121.58199999999999,-0.36051917475338457
121.583,-0.36704357637504037
121.584,-0.37356165879301545
121.58499999999999,-0.38007341155266716
121.586,-0.38657882425988355
121.587,-0.39307788658105602
121.58799999999999,-0.39957058824306307
121.589,-0.40605691903318442
121.59,-0.41253686879908591
121.59099999999999,-0.41901042744878436
121.592,-0.42547758495056298
121.593,-0.43193833133298032
121.59399999999999,-0.43839265668477845
121.595,-0.44484055115484944
121.596,-0.4512820049522091
121.59699999999999,-0.45771700834591356
121.598,-0.46414555166502836
121.599,-0.47056762529858676
121.59999999999999,-0.47698321969550983
121.601,-0.48339232536459309
121.602,-0.48979493287441556
121.60299999999999,-0.49619103285330157
121.604,-0.50258061598928361
121.605,-0.50896367303001322
121.60599999999999,-0.51534019478272564
121.607,-0.52171017211419068
121.608,-0.52807359595062264
121.60899999999999,-0.5344304572776627
121.61,-0.54078074714028435
121.611,-0.54712445664274523
121.61199999999999,-0.55346157694854425
121.613,-0.55979209928032847
121.614,-0.56611601491983987
121.61499999999999,-0.57243331520788221
121.616,-0.57874399154420175
121.617,-0.58504803538747541
121.61799999999999,-0.59134543825520569
121.619,-0.59763619172366922
121.62,-0.60392028742786696
121.621,-0.6101977170614179
121.622,-0.61646847237651348
121.623,-0.62273254518386045
121.624,-0.62898992735257375
121.625,-0.63524061081014527
121.626,-0.64148458754233761
121.627,-0.6477218495931234
121.628,-0.65395238906463349
121.629,-0.66017619811704131
121.63,-0.66639326896852769
121.631,-0.67260359389517443
121.63200000000001,-0.67880716523089624
121.633,-0.685003975367386
121.634,-0.69119401675400183
121.63500000000001,-0.69737728189770221
121.636,-0.70355376336298381
121.637,-0.70972345377176693
121.63800000000001,-0.71588634580335286
121.639,-0.72204243219430442
121.64,-0.72819170573838354
121.64100000000001,-0.73433415928648182
121.642,-0.74046978574650313
121.643,-0.74659857808329921
121.64400000000001,-0.7527205293185939
121.645,-0.75883563253086395
121.646,-0.76494388085529652
121.64700000000001,-0.77104526748366198
121.648,-0.7771397856642388
121.649,-0.78322742870174533
121.65000000000001,-0.78930818995721919
121.651,-0.79538206284793689
121.652,-0.80144904084734581
121.65300000000001,-0.80750911748492982
121.654,-0.81356228634616035
121.655,-0.81960854107237546
121.65600000000001,-0.82564787536068607
121.657,-0.83168028296390772
121.658,-0.8377057576904352
121.65900000000001,-0.84372429340415822
121.66,-0.84973588402438305
121.661,-0.85574052352569663
121.66200000000001,-0.86173820593791361
121.663,-0.86772892534594159
121.664,-0.87371267588969492
121.66500000000001,-0.87968945176401547
121.666,-0.88565924721853728
121.667,-0.89162205655760096
121.66800000000001,-0.8975778741401732
121.669,-0.90352669437970301
121.67,-0.90946851174406207
121.67100000000001,-0.91540332075540687
121.672,-0.92133111599008843
121.673,-0.9272518920785664
121.67400000000001,-0.93316564370526633
121.675,-0.93907236560849738
121.676,-0.9449720525803571
121.67699999999999,-0.95086469946658803
121.678,-0.95675030116651516
121.679,-0.96262885263289832
121.68000000000001,-0.96850034887183822
121.681,-0.97436478494268353
121.682,-0.98022215595789886
121.68299999999999,-0.98607245708295144
121.684,-0.99191568353623361
121.685,-0.99775183058890149
121.68600000000001,-1.0035808935648207
121.687,-1.0094028678403939
121.688,-1.0152177488444845
121.68899999999999,-1.0210255320583075
121.69,-1.0268262130152896
121.691,-1.0326197873009617
121.69200000000001,-1.0384062505528699
121.693,-1.0441855984604111
121.694,-1.04995782676477
121.69499999999999,-1.0557229312587555
121.696,-1.0614809077867071
121.697,-1.0672317522443848
121.69800000000001,-1.0729754605788258
121.699,-1.0787120287882357
121.7,-1.0844414529218862
121.70099999999999,-1.09016372907996
121.702,-1.0958788534134696
121.703,-1.1015868221241005
121.70399999999999,-1.1072876314641062
121.705,-1.1129812777361958
121.706,-1.1186677572933914
121.70699999999999,-1.1243470665389075
121.708,-1.1300192019260509
121.709,-1.135684159958058
121.70999999999999,-1.1413419371880122
121.711,-1.1469925302186796
121.712,-1.1526359357024019
121.71299999999999,-1.1582721503409861
121.714,-1.1639011708855436
121.715,-1.1695229941363801
121.71599999999999,-1.1751376169428849
121.717,-1.1807450362033673
121.718,-1.186345248864964
121.71899999999999,-1.1919382519234798
121.72,-1.1975240424232709
121.721,-1.2031026174571311
121.72199999999999,-1.2086739741661328
121.723,-1.2142381097395085
121.724,-1.2197950214145319
121.72499999999999,-1.2253447064763594
121.726,-1.2308871622579327
121.727,-1.2364223861398134
121.72799999999999,-1.2419503755500612
121.729,-1.2474711279641197
121.73,-1.2529846409046517
121.73099999999999,-1.25849091194142
121.732,-1.263989938691167
121.733,-1.2694817188174443
121.73399999999999,-1.274966250030519
121.735,-1.2804435300872061
121.736,-1.2859135567907363
121.73699999999999,-1.2913763279906458
121.738,-1.2968318415826046
121.739,-1.3022800955082972
121.73999999999999,-1.3077210877552925
121.741,-1.3131548163568798
121.742,-1.3185812793919629
121.74299999999999,-1.3240004749848948
121.744,-1.3294124013053421
121.745,-1.3348170565681716
121.746,-1.3402144390332729
121.747,-1.3456045470054352
121.748,-1.3509873788342237
121.749,-1.3563629329138041
121.75,-1.3617312076828332
121.751,-1.3670922016242923
121.752,-1.3724459132653599
121.753,-1.3777923411772719
121.754,-1.3831314839751603
121.755,-1.3884633403179383
121.756,-1.3937879089081278
121.75700000000001,-1.3991051884917303
121.758,-1.4044151778580942
121.759,-1.4097178758397462
121.76000000000001,-1.4150132813122558
121.761,-1.4203013931941102
121.762,-1.4255822104465317
121.76300000000001,-1.4308557320733741
121.764,-1.4361219571209372
121.765,-1.4413808846778433
121.76600000000001,-1.4466325138748966
121.767,-1.4518768438849154
121.768,-1.4571138739225957
121.76900000000001,-1.4623436032443748
121.77,-1.4675660311482632
121.771,-1.4727811569737193
121.77200000000001,-1.4779889801014741
121.773,-1.4831894999533999
121.774,-1.4883827159923764
121.77500000000001,-1.4935686277221063
121.776,-1.4987472346869901
121.777,-1.5039185364719831
121.77800000000001,-1.5090825327024135
121.779,-1.5142392230438768
121.78,-1.5193886072020459
121.78100000000001,-1.5245306849225366
121.782,-1.5296654559907721
121.783,-1.5347929202318071
121.78400000000001,-1.5399130775101812
121.785,-1.5450259277297931
121.786,-1.5501314708337095
121.78700000000001,-1.5552297068040519
121.788,-1.5603206356618158
121.789,-1.5654042574667248
121.79000000000001,-1.5704805723170996
121.791,-1.5755495803496744
121.792,-1.5806112817394586
121.79300000000001,-1.5856656766995985
121.794,-1.5907127654811883
121.795,-1.5957525483731603
121.79600000000001,-1.600785025702091
121.797,-1.6058101978320694
121.798,-1.610828065164551
121.79900000000001,-1.6158386281381785
121.8,-1.620841887228639
121.801,-1.6258378429485298
121.80199999999999,-1.6308264958471637
121.803,-1.635807846510456
121.804,-1.6407818955607347
121.80500000000001,-1.645748643656602
121.806,-1.6507080914927919
121.807,-1.6556602397999867
121.80799999999999,-1.6606050893446715
121.809,-1.6655426409289991
121.81,-1.6704728953906016
121.81100000000001,-1.6753958536024665
121.812,-1.6803115164727491
121.813,-1.6852198849446345
121.81399999999999,-1.6901209599961891
121.815,-1.6950147426401836
121.816,-1.6999012339239423
121.81700000000001,-1.7047804349292077
121.818,-1.7096523467719458
121.819,-1.7145169706022301
121.81999999999999,-1.7193743076040471
121.821,-1.7242243589951596
121.822,-1.7290671260269563
121.82300000000001,-1.733902609984276
121.824,-1.7387308121852545
121.825,-1.7435517339811832
121.82599999999999,-1.7483653767563256
121.827,-1.7531717419277855
121.828,-1.7579708309453306
121.82899999999999,-1.7627626452912339
121.83,-1.7675471864801411
121.831,-1.7723244560588782
121.83199999999999,-1.7770944556063089
121.833,-1.7818571867331932
121.834,-1.7866126510819929
121.83499999999999,-1.7913608503267504
121.836,-1.7961017861729009
121.837,-1.8008354603571273
121.83799999999999,-1.8055618746472104
121.839,-1.8102810308418522
121.84,-1.8149929307705213
121.84099999999999,-1.8196975762933145
121.842,-1.8243949693007631
121.843,-1.8290851117137135
121.84399999999999,-1.8337680054831309
121.845,-1.838443652589963
121.846,-1.8431120550449858
121.84699999999999,-1.847773214888623
121.848,-1.8524271341908014
121.849,-1.8570738150508006
121.84999999999999,-1.861713259597066
121.851,-1.8663454699870843
121.852,-1.8709704484071978
121.85299999999999,-1.8755881970724537
121.854,-1.8801987182264577
121.855,-1.8848020141411959
121.85599999999999,-1.8893980871168778
121.857,-1.8939869394818014
121.858,-1.89856857359216
121.85899999999999,-1.9031429918319127
121.86,-1.9077101966126035
121.861,-1.9122701903732118
121.86199999999999,-1.916822975580003
121.863,-1.9213685547263495
121.864,-1.9259069303325844
121.86499999999999,-1.9304381049458486
121.866,-1.9349620811399117
121.867,-1.9394788615150413
121.86799999999999,-1.9439884486978143
121.869,-1.9484908453409744
121.87,-1.9529860541232849
121.871,-1.9574740777493433
121.872,-1.9619549189494365
121.873,-1.9664285804793968
121.874,-1.9708950651204089
121.875,-1.9753543756788918
121.876,-1.979806514986306
121.877,-1.9842514858990108
121.878,-1.988689291298114
121.879,-1.9931199340892927
121.88,-1.9975434172026614
121.881,-2.0019597435925882
121.88200000000001,-2.0063689162375464
121.883,-2.0107709381399754
121.884,-2.0151658123260905
121.88500000000001,-2.0195535418457427
121.886,-2.023934129772273
121.887,-2.0283075792023206
121.88800000000001,-2.0326738932557058
121.889,-2.0370330750752439
121.89,-2.041385127826592
121.89100000000001,-2.0457300546981134
121.892,-2.0500678589006895
121.893,-2.0543985436675793
121.89400000000001,-2.058722112254272
121.895,-2.063038567938305
121.896,-2.0673479140191375
121.89700000000001,-2.071650153817965
121.898,-2.0759452906775779
121.899,-2.0802333279622127
121.90000000000001,-2.0845142690573777
121.901,-2.0887881173697034
121.902,-2.0930548763268053
121.90300000000001,-2.0973145493770935
121.904,-2.1015671399896494
121.905,-2.1058126516540487
121.90600000000001,-2.1100510878802128
121.907,-2.1142824521982639
121.908,-2.1185067481583557
121.90900000000001,-2.1227239793305155
121.91,-2.1269341493045135
121.911,-2.1311372616896769
121.91200000000001,-2.1353333201147633
121.913,-2.1395223282277867
121.914,-2.1437042896958673
121.91500000000001,-2.1478792082050937
121.916,-2.1520470874603426
121.917,-2.1562079311851416
121.91800000000001,-2.1603617431215203
121.919,-2.1645085270298381
121.92,-2.1686482866886543
121.92100000000001,-2.1727810258945532
121.922,-2.1769067484620015
121.923,-2.181025458223206
121.92400000000001,-2.1851371590279394
121.925,-2.1892418547433978
121.926,-2.193339549254063
121.92699999999999,-2.1974302464615221
121.928,-2.2015139502843457
121.929,-2.2055906646579082
121.93000000000001,-2.2096603935342558
121.931,-2.2137231408819558
121.932,-2.2177789106859298
121.93299999999999,-2.2218277069473125
121.934,-2.2258695336833134
121.935,-2.2299043949270381
121.93600000000001,-2.2339322947273699
121.937,-2.2379532371487927
121.938,-2.2419672262712553
121.93899999999999,-2.2459742661900259
121.94,-2.2499743610155312
121.941,-2.2539675148732088
121.94200000000001,-2.2579537319033722
121.943,-2.26193301626104
121.944,-2.2659053721158138
121.94499999999999,-2.2698708036517048
121.946,-2.2738293150669966
121.947,-2.2777809105741071
121.94800000000001,-2.2817255943994232
121.949,-2.2856633707831602
121.95,-2.2895942439792285
121.95099999999999,-2.2935182182550613
121.952,-2.2974352978914929
121.953,-2.3013454871825916
121.95399999999999,-2.3052487904355239
121.955,-2.3091452119704199
121.956,-2.3130347561202025
121.95699999999999,-2.3169174272304551
121.958,-2.3207932296592895
121.959,-2.3246621677771744
121.95999999999999,-2.3285242459668143
121.961,-2.3323794686229928
121.962,-2.3362278401524228
121.96299999999999,-2.3400693649736284
121.964,-2.3439040475167707
121.965,-2.3477318922235173
121.96599999999999,-2.3515529035469154
121.967,-2.3553670859512139
121.968,-2.3591744439117592
121.96899999999999,-2.3629749819148214
121.97,-2.366768704457467
121.971,-2.3705556160474273
121.97199999999999,-2.3743357212029319
121.973,-2.3781090244525842
121.974,-2.381875530335229
121.97499999999999,-2.3856352433997841
121.976,-2.3893881682051337
121.977,-2.393134309319958
121.97799999999999,-2.396873671322608
121.979,-2.4006062588009796
121.98,-2.4043320763523415
121.98099999999999,-2.408051128583224
121.982,-2.4117634201092759
121.983,-2.4154689555551094
121.98399999999999,-2.4191677395541924
121.985,-2.4228597767486759
121.986,-2.4265450717892807
121.98699999999999,-2.4302236293351607
121.988,-2.4338954540537494
121.989,-2.4375605506206339
121.98999999999999,-2.4412189237194304
121.991,-2.4448705780416189
121.992,-2.4485155182864418
121.99299999999999,-2.4521537491607415
121.994,-2.4557852753788376
121.995,-2.4594101016623968
121.996,-2.4630282327402879
121.997,-2.4666396733484501
121.998,-2.470244428229774
121.999,-2.4738425021339427
122,-2.4774338998173273
122.001,-2.4810186260428257
122.002,-2.4845966855797599
122.003,-2.4881680832037079
122.004,-2.4917328236964136
122.005,-2.4952909118456312
122.006,-2.4988423524449828
122.00700000000001,-2.5023871502938597
122.008,-2.5059253101972687
122.009,-2.5094568369657155
122.01000000000001,-2.5129817354150537
122.011,-2.5165000103663822
122.012,-2.5200116666459111
122.01300000000001,-2.5235167090848014
122.014,-2.5270151425190868
122.015,-2.530506971789515
122.01600000000001,-2.5339922017414129
122.017,-2.5374708372245887
122.018,-2.5409428830931873
122.01900000000001,-2.5444083442055483
122.02,-2.5478672254241133
122.021,-2.5513195316152912
122.02200000000001,-2.5547652676492976
122.023,-2.5582044384000802
122.024,-2.5616370487451654
122.02500000000001,-2.565063103565544
122.026,-2.5684826077455263
122.027,-2.5718955661726546
122.02800000000001,-2.5753019837375586
122.029,-2.5787018653338127
122.03,-2.5820952158578621
122.03100000000001,-2.5854820402088654
122.032,-2.5888623432885653
122.033,-2.5922361300012033
122.03400000000001,-2.5956034052533745
122.035,-2.5989641739538949
122.036,-2.6023184410137139
122.03700000000001,-2.6056662113457736
122.038,-2.6090074898648821
122.039,-2.6123422814876132
122.03999999999999,-2.6156705911321816
122.041,-2.6189924237183204
122.042,-2.6223077841671545
122.04300000000001,-2.6256166774011027
122.044,-2.6289191083437542
122.045,-2.6322150819197305
122.04599999999999,-2.6355046030546019
122.047,-2.6387876766747582
122.048,-2.6420643077072676
122.04900000000001,-2.6453345010798066
122.05,-2.6485982617205188
122.051,-2.6518555945578872
122.05199999999999,-2.6551065045206532
122.053,-2.6583509965376861
122.054,-2.6615890755378517
122.05500000000001,-2.6648207464499318
122.056,-2.6680460142024942
122.057,-2.6712648837237856
122.05799999999999,-2.6744773599416001
122.059,-2.6776834477832012
122.06,-2.680883152175193
122.06100000000001,-2.6840764780433903
122.062,-2.6872634303127505
122.063,-2.690444013907237
122.06399999999999,-2.6936182337496932
122.065,-2.6967860947617792
122.066,-2.6999476018638302
122.06700000000001,-2.7031027599747413
122.068,-2.7062515740118878
122.069,-2.709394048891006
122.06999999999999,-2.7125301895260661
122.071,-2.7156600008291982
122.072,-2.7187834877105668
122.07300000000001,-2.7219006550782692
122.074,-2.7250115078382176
122.075,-2.7281160508940618
122.07599999999999,-2.7312142891470632
122.077,-2.7343062274959808
122.078,-2.7373918708370049
122.07900000000001,-2.7404712240636195
122.08,-2.7435442920665016
122.081,-2.7466110797334382
122.08199999999999,-2.7496715919492187
122.083,-2.7527258335955045
122.084,-2.7557738095507713
122.08500000000001,-2.7588155246901862
122.086,-2.7618509838854846
122.087,-2.7648801920049215
122.08799999999999,-2.7679031539131258
122.089,-2.7709198744710331
122.09,-2.7739303585357509
122.09099999999999,-2.7769346109604967
122.092,-2.7799326365944883
122.093,-2.7829244402828213
122.09399999999999,-2.7859100268664112
122.095,-2.788889401181879
122.096,-2.7918625680614357
122.09699999999999,-2.7948295323328201
122.098,-2.7977902988191858
122.099,-2.8007448723389965
122.09999999999999,-2.8036932577059517
122.101,-2.8066354597288865
122.102,-2.8095714832116592
122.10299999999999,-2.8125013329530839
122.104,-2.8154250137468235
122.105,-2.8183425303813072
122.10599999999999,-2.8212538876396089
122.107,-2.8241590902993985
122.108,-2.8270581431328243
122.10899999999999,-2.8299510509064167
122.11,-2.8328378183810177
122.111,-2.8357184503116848
122.11199999999999,-2.8385929514475805
122.113,-2.841461326531916
122.114,-2.8443235803018458
122.11499999999999,-2.8471797174883644
122.116,-2.8500297428162504
122.117,-2.8528736610039616
122.11799999999999,-2.8557114767635334
122.119,-2.858543194800522
122.12,-2.8613688198139027
122.121,-2.8641883564959816
122.122,-2.8670018095323093
122.123,-2.8698091836016064
122.124,-2.872610483375678
122.125,-2.8754057135193078
122.126,-2.8781948786902078
122.127,-2.8809779835389162
122.128,-2.883755032708704
122.129,-2.8865260308355212
122.13,-2.8892909825478958
122.131,-2.8920498924668467
122.13200000000001,-2.8948027652058221
122.133,-2.8975496053706076
122.134,-2.9002904175592459
122.13500000000001,-2.9030252063619524
122.136,-2.9057539763610496
122.137,-2.9084767321308846
122.13800000000001,-2.911193478237732
122.139,-2.9139042192397433
122.14,-2.9166089596868572
122.14100000000001,-2.9193077041207083
122.142,-2.9220004570745801
122.143,-2.9246872230733105
122.14400000000001,-2.9273680066332082
122.145,-2.9300428122619966
122.146,-2.9327116444587342
122.14700000000001,-2.9353745077137203
122.148,-2.938031406508451
122.149,-2.9406823453155275
122.15000000000001,-2.9433273285985906
122.151,-2.9459663608122328
122.152,-2.9485994464019489
122.15300000000001,-2.9512265898040528
122.154,-2.9538477954455935
122.155,-2.9564630677443104
122.15600000000001,-2.9590724111085529
122.157,-2.9616758299371884
122.158,-2.9642733286195662
122.15900000000001,-2.9668649115354349
122.16,-2.9694505830548574
122.161,-2.9720303475381735
122.16200000000001,-2.9746042093359115
122.163,-2.9771721727887188
122.164,-2.9797342422273059
122.16499999999999,-2.9822904219723818
122.166,-2.9848407163345771
122.167,-2.9873851296143754
122.16800000000001,-2.9899236661020705
122.169,-2.9924563300776805
122.17,-2.9949831258108826
122.17099999999999,-2.997504057560969
122.172,-3.000019129576772
122.173,-3.0025283460965877
122.17400000000001,-3.0050317113481344
122.175,-3.0075292295484899
122.176,-3.0100209049040063
122.17699999999999,-3.0125067416102769
122.178,-3.0149867438520692
122.179,-3.0174609158032393
122.18000000000001,-3.019929261626709
122.181,-3.0223917854743871
122.182,-3.0248484914871114
122.18299999999999,-3.0272993837945847
122.184,-3.0297444665153339
122.185,-3.0321837437566441
122.18600000000001,-3.0346172196144821
122.187,-3.0370448981734799
122.188,-3.0394667835068483
122.18899999999999,-3.0418828796763155
122.19,-3.0442931907321045
122.191,-3.0466977207128529
122.19200000000001,-3.0490964736455548
122.193,-3.051489453545527
122.194,-3.0538766644163458
122.19499999999999,-3.0562581102497837
122.196,-3.0586337950257709
122.197,-3.0610037227123414
122.19800000000001,-3.0633678972655791
122.199,-3.065726322629553
122.2,-3.0680790027362908
122.20099999999999,-3.0704259415057176
122.202,-3.0727671428455925
122.203,-3.0751026106514834
122.20400000000001,-3.077432348806703
122.205,-3.0797563611822563
122.206,-3.0820746516368076
122.20699999999999,-3.0843872240166239
122.208,-3.0866940821555167
122.209,-3.0889952298748211
122.21000000000001,-3.0912906709833297
122.211,-3.0935804092772434
122.212,-3.0958644485401439
122.21299999999999,-3.0981427925429386
122.214,-3.1004154450438151
122.215,-3.1026824097881884
122.21599999999999,-3.1049436905086818
122.217,-3.1071992909250632
122.218,-3.1094492147441999
122.21899999999999,-3.1116934656600321
122.22,-3.1139320473535306
122.221,-3.1161649634926278
122.22199999999999,-3.1183922177322101
122.223,-3.1206138137140682
122.224,-3.1228297550668338
122.22499999999999,-3.1250400454059744
122.226,-3.1272446883337395
122.227,-3.1294436874391036
122.22799999999999,-3.1316370462977621
122.229,-3.1338247684720666
122.23,-3.1360068575110027
122.23099999999999,-3.1381833169501365
122.232,-3.1403541503115973
122.233,-3.1425193611040361
122.23399999999999,-3.1446789528225718
122.235,-3.1468329289487804
122.236,-3.1489812929506549
122.23699999999999,-3.1511240482825529
122.238,-3.1532611983851844
122.239,-3.1553927466855733
122.23999999999999,-3.157518696597009
122.241,-3.1596390515190351
122.242,-3.1617538148374087
122.24299999999999,-3.1638629899240591
122.244,-3.1659665801370704
122.245,-3.1680645888206493
122.246,-3.1701570193050883
122.247,-3.172243874906731
122.248,-3.1743251589279575
122.249,-3.1764008746571539
122.25,-3.178471025368657
122.251,-3.1805356143227654
122.252,-3.1825946447656919
122.253,-3.1846481199295242
122.254,-3.1866960430322222
122.255,-3.1887384172775817
122.256,-3.1907752458551961
122.25700000000001,-3.1928065319404522
122.258,-3.1948322786944927
122.259,-3.1968524892641956
122.26000000000001,-3.19886716678214
122.261,-3.200876314366599
122.262,-3.2028799351215076
122.26300000000001,-3.2048780321364316
122.264,-3.2068706084865632
122.265,-3.2088576672326896
122.26600000000001,-3.2108392114211637
122.267,-3.2128152440838944
122.268,-3.2147857682383285
122.26900000000001,-3.2167507868874115
122.27,-3.2187103030195896
122.271,-3.2206643196087845
122.27200000000001,-3.2226128396143574
122.273,-3.224555865981118
122.274,-3.226493401639285
122.27500000000001,-3.2284254495044857
122.276,-3.230352012477713
122.277,-3.2322730934453419
122.27800000000001,-3.2341886952790895
122.279,-3.2360988208359998
122.28,-3.2380034729584475
122.28100000000001,-3.2399026544741054
122.282,-3.241796368195927
122.283,-3.2436846169221512
122.28400000000001,-3.2455674034362723
122.285,-3.2474447305070293
122.286,-3.2493166008884016
122.28700000000001,-3.2511830173195921
122.288,-3.2530439825250053
122.289,-3.2548994992142535
122.28999999999999,-3.2567495700821323
122.291,-3.2585941978086215
122.292,-3.2604333850588558
122.29300000000001,-3.2622671344831384
122.294,-3.2640954487169211
122.295,-3.2659183303807864
122.29599999999999,-3.2677357820804569
122.297,-3.2695478064067753
122.298,-3.2713544059356958
122.29900000000001,-3.273155583228287
122.3,-3.2749513408307225
122.301,-3.2767416812742622
122.30199999999999,-3.2785266070752597
122.303,-3.2803061207351596
122.304,-3.2820802247404743
122.30500000000001,-3.2838489215628046
122.306,-3.2856122136588142
122.307,-3.2873701034702409
122.30799999999999,-3.2891225934238766
122.309,-3.2908696859315851
122.31,-3.2926113833902879
122.31100000000001,-3.2943476881819596
122.312,-3.2960786026736342
122.313,-3.2978041292174076
122.31399999999999,-3.2995242701504139
122.315,-3.3012390277948587
122.316,-3.3029484044579971
122.31700000000001,-3.3046524024321338
122.318,-3.3063510239946381
122.319,-3.3080442714079377
122.31999999999999,-3.3097321469195147
122.321,-3.3114146527619179
122.322,-3.3130917911527651
122.32300000000001,-3.3147635642947431
122.324,-3.3164299743756054
122.325,-3.3180910235681891
122.32599999999999,-3.3197467140304129
122.327,-3.3213970479052772
122.328,-3.3230420273208829
122.32900000000001,-3.3246816543904263
122.33,-3.3263159312122053
122.331,-3.3279448598696333
122.33199999999999,-3.3295684424312473
122.333,-3.3311866809506983
122.334,-3.3327995774667842
122.33500000000001,-3.3344071340034453
122.336,-3.3360093525697625
122.337,-3.3376062351599969
122.33799999999999,-3.3391977837535625
122.339,-3.3407840003150731
122.34,-3.3423648867943179
122.34099999999999,-3.3439404451263028
122.342,-3.3455106772312466
122.343,-3.3470755850145895
122.34399999999999,-3.3486351703670136
122.345,-3.350189435164463
122.346,-3.3517383812681323
122.34699999999999,-3.3532820105245054
122.348,-3.3548203247653623
122.349,-3.356353325807782
122.34999999999999,-3.3578810154541725
122.351,-3.3594033954922833
122.352,-3.3609204676952102
122.35299999999999,-3.3624322338214268
122.354,-3.3639386956147934
122.355,-3.3654398548045763
122.35599999999999,-3.3669357131054567
122.357,-3.368426272217564
122.358,-3.3699115338264862
122.35899999999999,-3.3713914996032823
122.36,-3.3728661712045134
122.361,-3.3743355502722601
122.36199999999999,-3.3757996384341324
122.363,-3.3772584373033006
122.364,-3.3787119484785215
122.36499999999999,-3.3801601735441351
122.366,-3.3816031140701184
122.367,-3.3830407716120874
122.36799999999999,-3.3844731477113212
122.369,-3.3859002438947927
122.37,-3.3873220616751869
122.371,-3.3887386025509292
122.372,-3.3901498680062017
122.373,-3.3915558595109769
122.374,-3.3929565785210385
122.375,-3.3943520264780069
122.376,-3.3957422048093657
122.377,-3.3971271149284967
122.378,-3.3985067582346855
122.379,-3.3998811361131751
122.38,-3.401250249935174
122.381,-3.402614101057893
122.38200000000001,-3.4039726908245713
122.383,-3.4053260205645128
122.384,-3.4066740915931075
122.38500000000001,-3.4080169052118543
122.386,-3.4093544627084125
122.387,-3.4106867653566191
122.38800000000001,-3.4120138144165142
122.389,-3.4133356111343884
122.39,-3.4146521567428048
122.39100000000001,-3.4159634524606282
122.392,-3.4172694994930715
122.393,-3.4185702990317179
122.39400000000001,-3.4198658522545533
122.395,-3.4211561603260101
122.396,-3.4224412243969993
122.39700000000001,-3.4237210456049318
122.398,-3.4249956250737776
122.399,-3.4262649639140799
122.40000000000001,-3.4275290632230084
122.401,-3.4287879240843817
122.402,-3.4300415475687158
122.40300000000001,-3.4312899347332535
122.404,-3.4325330866220094
122.405,-3.4337710042658012
122.40600000000001,-3.4350036886822988
122.407,-3.4362311408760471
122.408,-3.437453361838525
122.40900000000001,-3.4386703525481743
122.41,-3.4398821139704374
122.411,-3.4410886470578075
122.41200000000001,-3.4422899527498698
122.413,-3.4434860319733263
122.414,-3.4446768856420644
122.41499999999999,-3.4458625146571795
122.416,-3.4470429199070298
122.417,-3.4482181022672664
122.41800000000001,-3.4493880626008924
122.419,-3.4505528017583003
122.42,-3.4517123205773128
122.42099999999999,-3.452866619883237
122.422,-3.4540157004889074
122.423,-3.4551595631947176
122.42400000000001,-3.4562982087886924
122.425,-3.4574316380465167
122.426,-3.458559851731585
122.42699999999999,-3.4596828505950552
122.428,-3.460800635375894
122.429,-3.4619132068009155
122.43000000000001,-3.4630205655848525
122.431,-3.4641227124303846
122.432,-3.4652196480282007
122.43299999999999,-3.4663113730570365
122.434,-3.4673978881837435
122.435,-3.4684791940633275
122.43600000000001,-3.4695552913389958
122.437,-3.4706261806422245
122.438,-3.4716918625928002
122.43899999999999,-3.4727523377988687
122.44,-3.473807606857005
122.441,-3.4748576703522502
122.44200000000001,-3.4759025288581671
122.443,-3.4769421829369103
122.444,-3.4779766331392623
122.44499999999999,-3.4790058800046988
122.446,-3.4800299240614416
122.447,-3.4810487658265137
122.44800000000001,-3.4820624058058023
122.449,-3.4830708444941023
122.45,-3.4840740823751912
122.45099999999999,-3.4850721199218739
122.452,-3.4860649575960432
122.453,-3.4870525958487426
122.45400000000001,-3.488035035120221
122.455,-3.4890122758399933
122.456,-3.4899843184269042
122.45699999999999,-3.4909511632891861
122.458,-3.4919128108245099
122.459,-3.4928692614200654
122.46000000000001,-3.4938205154526067
122.461,-3.4947665732885236
122.462,-3.4957074352838955
122.46299999999999,-3.4966431017845632
122.464,-3.4975735731261879
122.465,-3.4984988496343101
122.46599999999999,-3.4994189316244233
122.467,-3.5003338194020328
122.468,-3.5012435132627155
122.46899999999999,-3.5021480134921972
122.47,-3.5030473203664125
122.471,-3.503941434151562
122.47199999999999,-3.5048303551041959
122.473,-3.5057140834712666
122.474,-3.5065926194902031
122.47499999999999,-3.507465963388976
122.476,-3.5083341153861722
122.477,-3.5091970756910467
122.47799999999999,-3.5100548445036099
122.479,-3.5109074220146939
122.48,-3.5117548084060091
122.48099999999999,-3.5125970038502281
122.482,-3.5134340085110511
122.483,-3.5142658225432792
122.48399999999999,-3.5150924460928774
122.485,-3.515913879297059
122.486,-3.5167301222843537
122.48699999999999,-3.5175411751746704
122.488,-3.5183470380793849
122.489,-3.5191477111014042
122.48999999999999,-3.5199431943352408
122.491,-3.5207334878670928
122.492,-3.5215185917749143
122.49299999999999,-3.5222985061284851
122.494,-3.5230732309894988
122.495,-3.5238427664116285
122.496,-3.524607112440608
122.497,-3.5253662691143037
122.498,-3.526120236462797
122.499,-3.5268690145084611
122.5,-3.5276126032660353
122.501,-3.528351002742701
122.502,-3.5290842129381765
122.503,-3.5298122338447722
122.504,-3.5305350654474887
122.505,-3.5312527077240898
122.506,-3.531965160645183
122.50700000000001,-3.5326724241742951
122.508,-3.533374498267968
122.509,-3.534071382875827
122.51000000000001,-3.5347630779406614
122.511,-3.5354495833985191
122.512,-3.5361308991787781
122.51300000000001,-3.5368070252042356
122.514,-3.5374779613911889
122.515,-3.5381437076495179
122.51600000000001,-3.5388042638827755
122.517,-3.5394596299882632
122.518,-3.5401098058571292
122.51900000000001,-3.5407547913744315
122.52,-3.5413945864192513
122.521,-3.5420291908647648
122.52200000000001,-3.5426586045783215
122.523,-3.54328282742155
122.524,-3.543901859250433
122.52500000000001,-3.5445156999153991
122.526,-3.545124349261406
122.527,-3.5457278071280389
122.52800000000001,-3.5463260733495905
122.529,-3.5469191477551569
122.53,-3.547507030168719
122.53100000000001,-3.5480897204092439
122.532,-3.548667218290765
122.533,-3.5492395236224765
122.53400000000001,-3.5498066362088312
122.535,-3.5503685558496207
122.536,-3.5509252823400752
122.53700000000001,-3.5514768154709575
122.538,-3.552023155028643
122.539,-3.5525643007952343
122.53999999999999,-3.5531002525486333
122.541,-3.5536310100626518
122.542,-3.5541565731070901
122.54300000000001,-3.5546769414478496
122.544,-3.555192114847014
122.545,-3.555702093062949
122.54599999999999,-3.5562068758503993
122.547,-3.5567064629605856
122.548,-3.5572008541413003
122.54900000000001,-3.5576900491369985
122.55,-3.5581740476889099
122.551,-3.5586528495351208
122.55199999999999,-3.5591264544106807
122.553,-3.5595948620477018
122.554,-3.5600580721754502
122.55500000000001,-3.5605160845204553
122.556,-3.5609688988065997
122.557,-3.5614165147552304
122.55799999999999,-3.5618589320852418
122.559,-3.5622961505131974
122.56,-3.5627281697534161
122.56100000000001,-3.5631549895180776
122.562,-3.5635766095173262
122.563,-3.5639930294593722
122.56399999999999,-3.5644042490505901
122.565,-3.5648102679956284
122.566,-3.5652110859975092
122.56700000000001,-3.5656067027577314
122.568,-3.5659971179763765
122.569,-3.5663823313522114
122.56999999999999,-3.5667623425827899
122.571,-3.5671371513645682
122.572,-3.5675067573930015
122.57300000000001,-3.567871160362647
122.574,-3.5682303599672802
122.575,-3.5685843558999921
122.57599999999999,-3.5689331478533051
122.577,-3.5692767355192663
122.578,-3.5696151185895744
122.57900000000001,-3.5699482967556677
122.58,-3.5702762697088462
122.581,-3.5705990371403717
122.58199999999999,-3.5709165987415865
122.583,-3.5712289542040079
122.584,-3.5715361032194552
122.58500000000001,-3.5718380454801419
122.586,-3.5721347806788017
122.587,-3.5724263085087871
122.58799999999999,-3.5727126286641915
122.589,-3.5729937408399453
122.59,-3.5732696447319463
122.59099999999999,-3.5735403400371548
122.592,-3.5738058264537158
122.593,-3.5740661036810693
122.59399999999999,-3.5743211714200589
122.595,-3.5745710293730553
122.596,-3.5748156772440529
122.59699999999999,-3.5750551147388059
122.598,-3.5752893415649254
122.599,-3.5755183574319962
122.59999999999999,-3.5757421620516991
122.601,-3.5759607551379222
122.602,-3.5761741364068711
122.60299999999999,-3.5763823055771966
122.604,-3.5765852623700982
122.605,-3.5767830065094479
122.60599999999999,-3.5769755377219048
122.607,-3.5771628557370345
122.608,-3.5773449602874239
122.60899999999999,-3.5775218511087967
122.61,-3.5776935279401383
122.611,-3.5778599905238124
122.61199999999999,-3.5780212386056647
122.613,-3.5781772719351728
122.614,-3.5783280902655319
122.61499999999999,-3.5784736933537995
122.616,-3.5786140809609992
122.617,-3.5787492528522491
122.61799999999999,-3.578879208796879
122.619,-3.5790039485685563
122.62,-3.5791234719453975
122.621,-3.5792377787100973
122.622,-3.5793468686500471
122.623,-3.579450741557459
122.624,-3.5795493972294818
122.625,-3.5796428354683343
122.626,-3.5797310560814202
122.627,-3.5798140588814475
122.628,-3.5798918436865628
122.629,-3.5799644103204682
122.63,-3.5800317586125416
122.631,-3.5800938883979692
122.63200000000001,-3.5801507995178645
122.633,-3.5802024918193966
122.634,-3.5802489651559091
122.63500000000001,-3.5802902193870492
122.636,-3.5803262543788925
122.637,-3.5803570700040748
122.63800000000001,-3.5803826661419058
122.639,-3.5804030426785043
122.64,-3.5804181995069189
122.64100000000001,-3.5804281365272632
122.642,-3.5804328536468351
122.643,-3.5804323507802431
122.64400000000001,-3.5804266278495471
122.645,-3.5804156847843642
122.646,-3.5803995215220143
122.64700000000001,-3.5803781380076449
122.648,-3.580351534194353
122.649,-3.5803197100433191
122.65000000000001,-3.5802826655239368
122.651,-3.5802404006139414
122.652,-3.5801929152995307
122.65300000000001,-3.5801402095755099
122.654,-3.5800822834454125
122.655,-3.5800191369216288
122.65600000000001,-3.57995077002554
122.657,-3.5798771827876457
122.658,-3.5797983752477007
122.65900000000001,-3.5797143474548356
122.66,-3.579625099467703
122.661,-3.5795306313545918
122.66200000000001,-3.5794309431935694
122.663,-3.5793260350726124
122.664,-3.5792159070897367
122.66499999999999,-3.5791005593531282
122.666,-3.5789799919812815
122.667,-3.5788542051031227
122.66800000000001,-3.5787231988581523
122.669,-3.5785869733965741
122.67,-3.5784455288794184
122.67099999999999,-3.5782988654786996
122.672,-3.5781469833775228
122.673,-3.5779898827702379
122.67400000000001,-3.5778275638625576
122.675,-3.5776600268717083
122.676,-3.5774872720265449
122.67699999999999,-3.5773092995677045
122.678,-3.5771261097477276
122.679,-3.5769377028311964
122.68000000000001,-3.5767440790948748
122.681,-3.5765452388278391
122.682,-3.5763411823316069
122.68299999999999,-3.5761319099202886
122.684,-3.5759174219207059
122.685,-3.5756977186725387
122.68600000000001,-3.5754728005284604
122.687,-3.5752426678542655
122.688,-3.5750073210290116
122.68899999999999,-3.5747667604451601
122.69,-3.5745209865087038
122.691,-3.5742699996393124
122.69200000000001,-3.574013800270456
122.693,-3.5737523888495599
122.694,-3.5734857658381256
122.69499999999999,-3.5732139317118774
122.696,-3.572936886960894
122.697,-3.5726546320897534
122.69800000000001,-3.5723671676176592
122.699,-3.5720744940785898
122.7,-3.5717766120214285
122.70099999999999,-3.5714735220100984
122.702,-3.5711652246237167
122.703,-3.5708517204567096
122.70400000000001,-3.5705330101189707
122.705,-3.5702090942359854
122.706,-3.5698799734489781
122.70699999999999,-3.5695456484150423
122.708,-3.5692061198072875
122.709,-3.5688613883149718
122.71000000000001,-3.5685114546436449
122.711,-3.5681563195152837
122.712,-3.5677959836684279
122.71299999999999,-3.567430447858329
122.714,-3.5670597128570773
122.715,-3.5666837794537498
122.71599999999999,-3.566302648454545
122.717,-3.5659163206829234
122.718,-3.5655247969797479
122.71899999999999,-3.5651280782034149
122.72,-3.5647261652300082
122.721,-3.5643190589534237
122.72199999999999,-3.563906760285517
122.723,-3.5634892701562442
122.724,-3.5630665895137903
122.72499999999999,-3.5626387193247258
122.726,-3.5622056605741261
122.727,-3.5617674142657298
122.72799999999999,-3.561323981422067
122.729,-3.5608753630845991
122.73,-3.5604215603138645
122.73099999999999,-3.5599625741896128
122.732,-3.5594984058109485
122.733,-3.5590290562964619
122.73399999999999,-3.5585545267843823
122.735,-3.5580748184327069
122.736,-3.557589932419341
122.73699999999999,-3.5570998699422463
122.738,-3.5566046322195666
122.739,-3.5561042204897819
122.73999999999999,-3.5555986360118377
122.741,-3.5550878800652854
122.742,-3.5545719539504272
122.74299999999999,-3.5540508589884534
122.744,-3.5535245965215769
122.745,-3.5529931679131819
122.746,-3.5524565745479451
122.747,-3.5519148178320061
122.748,-3.5513678991930719
122.749,-3.5508158200805791
122.75,-3.5502585819658234
122.751,-3.5496961863421053
122.752,-3.5491286347248585
122.753,-3.5485559286518003
122.754,-3.5479780696830643
122.755,-3.547395059401333
122.756,-3.5468068994119966
122.75700000000001,-3.5462135913432671
122.758,-3.5456151368463309
122.759,-3.5450115375954869
122.76000000000001,-3.5444027952882791
122.761,-3.5437889116456418
122.762,-3.54316988841203
122.76300000000001,-3.5425457273555616
122.764,-3.5419164302681549
122.765,-3.5412819989656694
122.76600000000001,-3.5406424352880328
122.767,-3.5399977410993961
122.768,-3.5393479182882506
122.76900000000001,-3.5386929687675814
122.77,-3.5380328944749984
122.771,-3.5373676973728667
122.77200000000001,-3.5366973794484604
122.773,-3.53602194271408
122.774,-3.535341389207201
122.77500000000001,-3.5346557209906044
122.776,-3.5339649401525235
122.777,-3.533269048806762
122.77800000000001,-3.5325680490928417
122.779,-3.5318619431761418
122.78,-3.5311507332480239
122.78100000000001,-3.5304344215259715
122.782,-3.5297130102537295
122.783,-3.528986501701433
122.78400000000001,-3.5282548981657436
122.785,-3.5275182019699876
122.786,-3.5267764154642864
122.78700000000001,-3.5260295410256899
122.788,-3.5252775810583161
122.789,-3.524520537993479
122.78999999999999,-3.5237584142898219
122.791,-3.5229912124334533
122.792,-3.5222189349380875
122.79300000000001,-3.5214415843451592
122.794,-3.5206591632239697
122.795,-3.5198716741718212
122.79599999999999,-3.5190791198141329
122.797,-3.5182815028045904
122.798,-3.5174788258252727
122.79900000000001,-3.516671091586776
122.8,-3.515858302828347
122.801,-3.5150404623180287
122.80199999999999,-3.5142175728527656
122.803,-3.5133896372585549
122.804,-3.512556658390563
122.80500000000001,-3.5117186391332678
122.806,-3.5108755824005726
122.807,-3.510027491135951
122.80799999999999,-3.5091743683125665
122.809,-3.5083162169334003
122.81,-3.5074530400313808
122.81100000000001,-3.5065848406695164
122.812,-3.5057116219410185
122.813,-3.5048333869694259
122.81399999999999,-3.5039501389087424
122.815,-3.503061880943549
122.816,-3.5021686162891346
122.81700000000001,-3.5012703481916336
122.818,-3.5003670799281426
122.819,-3.4994588148068333
122.81999999999999,-3.4985455561670991
122.821,-3.4976273073796675
122.822,-3.4967040718467279
122.82300000000001,-3.4957758530020473
122.824,-3.4948426543111091
122.825,-3.4939044792712215
122.82599999999999,-3.4929613314116446
122.827,-3.492013214293721
122.828,-3.4910601315109826
122.82900000000001,-3.4901020866892853
122.83,-3.4891390834869203
122.831,-3.4881711255947407
122.83199999999999,-3.4871982167362763
122.833,-3.4862203606678688
122.834,-3.4852375611787636
122.83500000000001,-3.4842498220912521
122.836,-3.4832571472607885
122.837,-3.4822595405760892
122.83799999999999,-3.4812570059592738
122.839,-3.4802495473659634
122.84,-3.479237168785414
122.84099999999999,-3.478219874240617
122.842,-3.4771976677884266
122.843,-3.4761705535196707
122.84399999999999,-3.4751385355592643
122.845,-3.4741016180663271
122.846,-3.4730598052342962
122.84699999999999,-3.4720131012910382
122.848,-3.4709615104989644
122.849,-3.4699050371551396
122.84999999999999,-3.468843685591406
122.851,-3.46777746017447
122.852,-3.466706365306043
122.85299999999999,-3.4656304054229317
122.854,-3.4645495849971537
122.855,-3.4634639085360437
122.85599999999999,-3.4623733805823771
122.857,-3.4612780057144543
122.858,-3.4601777885462264
122.85899999999999,-3.4590727337274054
122.86,-3.4579628459435474
122.861,-3.4568481299161911
122.86199999999999,-3.4557285904029347
122.863,-3.454604232197557
122.864,-3.4534750601301178
122.86499999999999,-3.4523410790670659
122.866,-3.4512022939113374
122.867,-3.4500587096024518
122.86799999999999,-3.4489103311166414
122.869,-3.4477571634669117
122.87,-3.4465992117031785
122.871,-3.4454364809123512
122.872,-3.4442689762184364
122.873,-3.4430967027826389
122.874,-3.4419196658034528
122.875,-3.4407378705167733
122.876,-3.4395513221959773
122.877,-3.4383600261520328
122.878,-3.4371639877335958
122.879,-3.4359632123270911
122.88,-3.4347577053568252
122.881,-3.4335474722850718
122.88200000000001,-3.432332518612164
122.883,-3.4311128498765888
122.884,-3.4298884716550799
122.88500000000001,-3.4286593895627138
122.886,-3.4274256092529929
122.887,-3.4261871364179362
122.88800000000001,-3.4249439767881813
122.889,-3.4236961361330578
122.89,-3.4224436202606765
122.89100000000001,-3.4211864350180368
122.892,-3.4199245862910859
122.893,-3.4186580800048212
122.89400000000001,-3.4173869221233786
122.895,-3.4161111186501025
122.896,-3.4148306756276439
122.89700000000001,-3.413545599138041
122.898,-3.4122558953027933
122.899,-3.4109615702829492
122.90000000000001,-3.4096626302791906
122.901,-3.4083590815319109
122.902,-3.4070509303212919
122.90300000000001,-3.4057381829673803
122.904,-3.4044208458301797
122.905,-3.4030989253097084
122.90600000000001,-3.4017724278460908
122.907,-3.4004413599196299
122.908,-3.3991057280508779
122.90900000000001,-3.39776553880071
122.91,-3.3964207987704138
122.911,-3.395071514601737
122.91200000000001,-3.3937176929769746
122.913,-3.3923593406190462
122.914,-3.3909964642915447
122.91499999999999,-3.3896290707988301
122.916,-3.388257166986075
122.917,-3.3868807597393613
122.91800000000001,-3.3854998559857172
122.919,-3.3841144626931969
122.92,-3.3827245868709572
122.92099999999999,-3.3813302355693007
122.922,-3.3799314158797524
122.923,-3.3785281349351264
122.92400000000001,-3.3771203999095771
122.925,-3.3757082180186582
122.926,-3.3742915965194058
122.92699999999999,-3.3728705427103747
122.928,-3.3714450639316995
122.929,-3.3700151675651697
122.93000000000001,-3.3685808610342658
122.931,-3.3671421518042304
122.932,-3.3656990473821145
122.93299999999999,-3.3642515553168404
122.934,-3.3627996831992442
122.935,-3.3613434386621308
122.93600000000001,-3.3598828293803469
122.937,-3.3584178630707942
122.938,-3.356948547492506
122.93899999999999,-3.3554748904466964
122.94,-3.3539968997767939
122.941,-3.3525145833684955
122.94200000000001,-3.3510279491498207
122.943,-3.3495370050911442
122.944,-3.3480417592052434
122.94499999999999,-3.3465422195473544
122.946,-3.3450383942151989
122.947,-3.343530291349031
122.94800000000001,-3.3420179191316737
122.949,-3.3405012857885796
122.95,-3.3389803995878395
122.95099999999999,-3.3374552688402339
122.952,-3.3359259018992855
122.953,-3.3343923071612611
122.95400000000001,-3.3328544930652377
122.955,-3.3313124680931225
122.956,-3.3297662407696875
122.95699999999999,-3.3282158196625957
122.958,-3.3266612133824527
122.959,-3.3251024305828087
122.96000000000001,-3.3235394799602043
122.961,-3.3219723702542061
122.962,-3.320401110247412
122.96299999999999,-3.3188257087654933
122.964,-3.3172461746772126
122.965,-3.3156625168944562
122.96599999999999,-3.3140747443722507
122.967,-3.3124828661087813
122.968,-3.3108868911454232
122.96899999999999,-3.3092868285667545
122.97,-3.3076826875005749
122.971,-3.3060744771179347
122.97199999999999,-3.3044622066331306
122.973,-3.3028458853037392
122.974,-3.3012255224306357
122.97499999999999,-3.2996011273579864
122.976,-3.2979727094732789
122.977,-3.2963402782073317
122.97799999999999,-3.2947038430342999
122.979,-3.2930634134716881
122.98,-3.2914189990803551
122.98099999999999,-3.289770609464536
122.982,-3.2881182542718235
122.983,-3.2864619431931956
122.98399999999999,-3.284801685963012
122.985,-3.2831374923590153
122.986,-3.2814693722023347
122.98699999999999,-3.2797973353574918
122.988,-3.2781213917323941
122.989,-3.2764415512783316
122.98999999999999,-3.2747578239899919
122.991,-3.2730702199054362
122.992,-3.2713787491061019
122.99299999999999,-3.2696834217168105
122.994,-3.2679842479057424
122.995,-3.2662812378844337
122.996,-3.2645744019077716
122.997,-3.2628637502739979
122.998,-3.2611492933246686
122.999,-3.2594310414446599
123,-3.2577090050621633
123.001,-3.2559831946486484
123.002,-3.2542536207188628
123.003,-3.2525202938308233
123.004,-3.25078322458578
123.005,-3.2490424236281994
123.006,-3.247297901645771
123.00700000000001,-3.2455496693693449
123.008,-3.2437977375729461
123.009,-3.2420421170737259
123.01000000000001,-3.2402828187319641
123.011,-3.2385198534510136
123.012,-3.2367532321772887
123.01300000000001,-3.2349829659002487
123.014,-3.2332090656523476
123.015,-3.2314315425090108
123.01600000000001,-3.2296504075886214
123.017,-3.2278656720524594
123.018,-3.226077347104686
123.01900000000001,-3.2242854439923114
123.02,-3.2224899740051449
123.021,-3.2206909484757671
123.02200000000001,-3.2188883787795
123.023,-3.2170822763343505
123.024,-3.2152726526009792
123.02500000000001,-3.213459519082654
123.026,-3.2116428873252221
123.027,-3.2098227689170487
123.02800000000001,-3.2079991754889727
123.029,-3.2061721187142798
123.03,-3.2043416103086302
123.03100000000001,-3.2025076620300261
123.032,-3.2006702856787603
123.033,-3.1988294930973571
123.03400000000001,-3.1969852961705238
123.035,-3.1951377068251086
123.036,-3.1932867370300331
123.03700000000001,-3.1914323987962305
123.038,-3.1895747041766134
123.039,-3.1877136652659925
123.03999999999999,-3.1858492942010286
123.041,-3.1839816031601642
123.042,-3.1821106043635803
123.04300000000001,-3.1802363100731106
123.044,-3.1783587325921849
123.045,-3.1764778842657821
123.04599999999999,-3.1745937774803328
123.047,-3.1727064246636738
123.048,-3.1708158382849794
123.04900000000001,-3.1689220308546777
123.05,-3.1670250149243895
123.051,-3.1651248030868575
123.05199999999999,-3.1632214079758669
123.053,-3.1613148422661759
123.054,-3.1594051186734333
123.05500000000001,-3.1574922499541107
123.056,-3.1555762489054131
123.057,-3.1536571283652122
123.05799999999999,-3.151734901211956
123.059,-3.1498095803645936
123.06,-3.1478811787824843
123.06100000000001,-3.1459497094653224
123.062,-3.1440151854530485
123.063,-3.142077619825753
123.06399999999999,-3.1401370257036163
123.065,-3.1381934162467799
123.066,-3.1362468046552885
123.06700000000001,-3.1342972041689929
123.068,-3.1323446280674441
123.069,-3.1303890896698037
123.06999999999999,-3.1284306023347663
123.071,-3.1264691794604418
123.072,-3.1245048344842727
123.07300000000001,-3.122537580882915
123.074,-3.1205674321721744
123.075,-3.1185944019068668
123.07599999999999,-3.1166185036807437
123.077,-3.1146397511263744
123.078,-3.1126581579150505
123.07900000000001,-3.1106737377566689
123.08,-3.1086865043996377
123.081,-3.1066964716307637
123.08199999999999,-3.1047036532751338
123.083,-3.1027080631960255
123.084,-3.1007097152947751
123.08500000000001,-3.0987086235106678
123.086,-3.0967048018208443
123.087,-3.0946982642401566
123.08799999999999,-3.0926890248210719
123.089,-3.0906770976535394
123.09,-3.0886624968649001
123.09099999999999,-3.0866452366197294
123.092,-3.0846253311197427
123.093,-3.0826027946036643
123.09399999999999,-3.0805776413471078
123.095,-3.0785498856624396
123.096,-3.0765195418986773
123.09699999999999,-3.074486624441338
123.098,-3.0724511477123171
123.099,-3.0704131261697776
123.09999999999999,-3.0683725743079906
123.101,-3.0663295066572198
123.102,-3.0642839377836024
123.10299999999999,-3.0622358822889781
123.104,-3.0601853548107902
123.105,-3.0581323700219318
123.10599999999999,-3.0560769426306162
123.107,-3.0540190873802304
123.108,-3.0519588190491951
123.10899999999999,-3.0498961524508483
123.11,-3.0478311024332614
123.111,-3.0457636838791289
123.11199999999999,-3.0436939117056201
123.113,-3.0416218008642235
123.114,-3.0395473663405954
123.11499999999999,-3.0374706231544431
123.116,-3.0353915863593417
123.117,-3.0333102710425925
123.11799999999999,-3.0312266923251023
123.119,-3.0291408653611831
123.12,-3.0270528053384331
123.121,-3.0249625274775687
123.122,-3.0228700470322822
123.123,-3.020775379289069
123.124,-3.0186785395670737
123.125,-3.0165795432179485
123.126,-3.0144784056256722
123.127,-3.0123751422063902
123.128,-3.0102697684082789
123.129,-3.0081622997113495
123.13,-3.0060527516272981
123.131,-3.0039411396993532
123.13200000000001,-3.0018274795020896
123.133,-2.9997117866412615
123.134,-2.997594076753654
123.13500000000001,-2.9954743655068974
123.136,-2.9933526685992975
123.137,-2.9912290017596708
123.13800000000001,-2.9891033807471676
123.139,-2.9869758213510988
123.14,-2.9848463393907583
123.14100000000001,-2.9827149507152617
123.142,-2.9805816712033431
123.143,-2.9784465167632002
123.14400000000001,-2.9763095033323141
123.145,-2.9741706468772526
123.146,-2.9720299633935032
123.14700000000001,-2.9698874689052963
123.148,-2.9677431794654034
123.149,-2.9655971111549673
123.15000000000001,-2.9634492800833114
123.151,-2.9612997023877643
123.152,-2.9591483942334595
123.15300000000001,-2.9569953718131474
123.154,-2.9548406513470211
123.155,-2.9526842490825147
123.15600000000001,-2.9505261812941055
123.157,-2.9483664642831449
123.158,-2.9462051143776455
123.15900000000001,-2.9440421479320906
123.16,-2.941877581327252
123.161,-2.9397114309699788
123.16200000000001,-2.9375437132930031
123.163,-2.9353744447547596
123.164,-2.9332036418391598
123.16499999999999,-2.9310313210554177
123.166,-2.9288574989378242
123.167,-2.9266821920455772
123.16800000000001,-2.9245054169625506
123.169,-2.9223271902971
123.17,-2.920147528681873
123.17099999999999,-2.9179664487735844
123.172,-2.9157839672528159
123.173,-2.9136001008238197
123.17400000000001,-2.9114148662142982
123.175,-2.909228280175193
123.176,-2.9070403594804994
123.17699999999999,-2.9048511209270251
123.178,-2.9026605813341901
123.179,-2.900468757543837
123.18000000000001,-2.898275666419984
123.181,-2.8960813248486224
123.182,-2.8938857497375139
123.18299999999999,-2.8916889580159673
123.184,-2.8894909666346211
123.185,-2.8872917925652191
123.18600000000001,-2.8850914528004132
123.187,-2.8828899643535242
123.188,-2.8806873442583258
123.18899999999999,-2.878483609568844
123.19,-2.8762787773591074
123.191,-2.8740728647229377
123.19200000000001,-2.8718658887737396
123.193,-2.8696578666442578
123.194,-2.8674488154863522
123.19499999999999,-2.8652387524708027
123.196,-2.8630276947870432
123.197,-2.860815659642963
123.19800000000001,-2.8586026642646627
123.199,-2.8563887258962484
123.2,-2.8541738617995733
123.20099999999999,-2.8519580892540306
123.202,-2.8497414255563194
123.203,-2.8475238880202052
123.20400000000001,-2.8453054939762943
123.205,-2.8430862607718099
123.206,-2.8408662057703382
123.20699999999999,-2.8386453463516097
123.208,-2.8364236999112782
123.209,-2.8342012838606441
123.21000000000001,-2.831978115626463
123.211,-2.829754212650688
123.212,-2.8275295923902308
123.21299999999999,-2.8253042723167345
123.214,-2.8230782699163228
123.215,-2.8208516026893782
123.21599999999999,-2.8186242881502914
123.217,-2.8163963438272099
123.218,-2.814167787261828
123.21899999999999,-2.8119386360091174
123.22,-2.8097089076370905
123.221,-2.8074786197265831
123.22199999999999,-2.8052477898709731
123.223,-2.803016435675957
123.224,-2.8007845747593159
123.22499999999999,-2.7985522247506505
123.226,-2.7963194032911383
123.227,-2.7940861280333111
123.22799999999999,-2.7918524166407814
123.229,-2.7896182867879982
123.23,-2.7873837561600205
123.23099999999999,-2.7851488424522555
123.232,-2.7829135633702067
123.233,-2.7806779366292251
123.23399999999999,-2.778441979954283
123.235,-2.7762057110796823
123.236,-2.7739691477488413
123.23699999999999,-2.7717323077140352
123.238,-2.7694952087361298
123.239,-2.767257868584339
123.23999999999999,-2.7650203050359918
123.241,-2.7627825358762448
123.242,-2.7605445788978527
123.24299999999999,-2.7583064519009159
123.244,-2.7560681726926157
123.245,-2.7538297590869631
123.246,-2.7515912289045477
123.247,-2.7493525999722879
123.248,-2.7471138901231642
123.249,-2.7448751171959689
123.25,-2.7426362990350599
123.251,-2.7403974534900812
123.252,-2.7381585984157319
123.253,-2.7359197516714975
123.254,-2.7336809311213894
123.255,-2.7314421546336876
123.256,-2.7292034400807044
123.25700000000001,-2.7269648053384916
123.258,-2.724726268286612
123.259,-2.7224878468078533
123.26000000000001,-2.7202495587880038
123.261,-2.7180114221155658
123.262,-2.7157734546814982
123.26300000000001,-2.7135356743789791
123.264,-2.7112980991031179
123.265,-2.7090607467507088
123.26600000000001,-2.7068236352199833
123.267,-2.7045867824103209
123.268,-2.7023502062220097
123.26900000000001,-2.7001139245559886
123.27,-2.6978779553135626
123.271,-2.6956423163961678
123.27200000000001,-2.6934070257051053
123.273,-2.6911721011412602
123.274,-2.6889375606048636
123.27500000000001,-2.6867034219952135
123.276,-2.6844697032104348
123.277,-2.6822364221471915
123.27800000000001,-2.6800035967004412
123.279,-2.6777712447631759
123.28,-2.6755393842261403
123.28100000000001,-2.6733080329775905
123.282,-2.6710772089030308
123.283,-2.6688469298849316
123.28400000000001,-2.6666172138024784
123.285,-2.6643880785313296
123.286,-2.6621595419433213
123.28700000000001,-2.6599316219062143
123.288,-2.6577043362834556
123.289,-2.6554777029338812
123.28999999999999,-2.6532517397114752
123.291,-2.6510264644651
123.292,-2.6488018950382437
123.29300000000001,-2.646578049268741
123.294,-2.6443549449885184
123.295,-2.6421326000233516
123.29599999999999,-2.6399110321925647
123.297,-2.6376902593087981
123.298,-2.6354702991777454
123.29900000000001,-2.63325116959787
123.3,-2.6310328883601626
123.301,-2.6288154732478839
123.30199999999999,-2.6265989420362805
123.303,-2.6243833124923404
123.304,-2.6221686023745381
123.30500000000001,-2.619954829432551
123.306,-2.6177420114070191
123.307,-2.6155301660292674
123.30799999999999,-2.6133193110210722
123.309,-2.6111094640943668
123.31,-2.6089006429510029
123.31100000000001,-2.606692865282493
123.312,-2.6044861487697362
123.313,-2.6022805110827631
123.31399999999999,-2.6000759698804936
123.315,-2.5978725428104519
123.316,-2.5956702475085187
123.31700000000001,-2.5934691015986875
123.318,-2.5912691226927862
123.319,-2.5890703283902194
123.31999999999999,-2.5868727362777322
123.321,-2.5846763639291299
123.322,-2.5824812289050332
123.32300000000001,-2.5802873487526083
123.324,-2.5780947410053465
123.325,-2.5759034231827567
123.32599999999999,-2.5737134127901449
123.327,-2.5715247273183599
123.328,-2.5693373842435174
123.32900000000001,-2.5671514010267567
123.33,-2.5649667951140041
123.331,-2.5627835839356816
123.33199999999999,-2.5606017849064822
123.333,-2.5584214154251179
123.334,-2.556242492874051
123.33500000000001,-2.5540650346192497
123.336,-2.551889058009948
123.337,-2.5497145803783745
123.33799999999999,-2.5475416190395133
123.339,-2.5453701912908517
123.34,-2.5432003144121449
123.34099999999999,-2.5410320056651359
123.342,-2.5388652822933335
123.343,-2.5367001615217619
123.34399999999999,-2.5345366605566975
123.345,-2.532374796585434
123.346,-2.5302145867760424
123.34699999999999,-2.5280560482771075
123.348,-2.5258991982174921
123.349,-2.5237440537061056
123.34999999999999,-2.5215906318316299
123.351,-2.5194389496623013
123.352,-2.517289024245664
123.35299999999999,-2.5151408726083173
123.354,-2.5129945117556813
123.355,-2.5108499586717485
123.35599999999999,-2.5087072303188656
123.357,-2.5065663436374654
123.358,-2.5044273155458416
123.35899999999999,-2.5022901629399148
123.36,-2.500154902692989
123.361,-2.4980215516555044
123.36199999999999,-2.4958901266548295
123.363,-2.4937606444949934
123.364,-2.4916331219564745
123.36499999999999,-2.4895075757959515
123.366,-2.4873840227460842
123.367,-2.4852624795152587
123.36799999999999,-2.4831429627873867
123.369,-2.4810254892216479
123.37,-2.4789100754522697
123.371,-2.4767967380882907
123.372,-2.4746854937133582
123.373,-2.472576358885461
123.374,-2.4704693501367259
123.375,-2.4683644839731955
123.376,-2.4662617768745907
123.377,-2.4641612452940755
123.378,-2.4620629056580734
123.379,-2.4599667743660003
123.38,-2.4578728677900594
123.381,-2.4557812022750323
123.38200000000001,-2.4536917941380407
123.383,-2.4516046596683321
123.384,-2.449519815127065
123.38500000000001,-2.4474372767470927
123.386,-2.4453570607327357
123.387,-2.4432791832595733
123.38800000000001,-2.441203660474236
123.389,-2.4391305084941779
123.39,-2.4370597434074672
123.39100000000001,-2.4349913812725834
123.392,-2.4329254381181946
123.393,-2.4308619299429464
123.39400000000001,-2.4288008727152732
123.395,-2.4267422823731648
123.396,-2.4246861748239619
123.39700000000001,-2.4226325659441792
123.398,-2.42058147157926
123.399,-2.418532907543395
123.40000000000001,-2.4164868896193141
123.401,-2.4144434335580951
123.402,-2.4124025550789376
123.40300000000001,-2.4103642698689827
123.404,-2.4083285935831178
123.405,-2.4062955418437584
123.40600000000001,-2.4042651302406632
123.407,-2.4022373743307543
123.408,-2.4002122896378855
123.40900000000001,-2.3981898916526792
123.41,-2.3961701958323278
123.411,-2.3941532176003988
123.41200000000001,-2.3921389723466309
123.413,-2.3901274754267785
123.414,-2.3881187421623946
123.41499999999999,-2.3861127878406525
123.416,-2.3841096277141589
123.417,-2.3821092770007866
123.41800000000001,-2.3801117508834584
123.419,-2.3781170645099885
123.42,-2.3761252329929059
123.42099999999999,-2.3741362714092551
123.422,-2.372150194800422
123.423,-2.3701670181719781
123.42400000000001,-2.3681867564934755
123.425,-2.366209424698285
123.426,-2.3642350376834278
123.42699999999999,-2.3622636103093937
123.428,-2.3602951573999711
123.429,-2.3583296937420855
123.43000000000001,-2.3563672340856177
123.431,-2.3544077931432441
123.432,-2.352451385590272
123.43299999999999,-2.3504980260644714
123.434,-2.3485477291659116
123.435,-2.3466005094567923
123.43600000000001,-2.3446563814613017
123.437,-2.3427153596654389
123.438,-2.3407774585168508
123.43899999999999,-2.3388426924247021
123.44,-2.3369110757594891
123.441,-2.3349826228528987
123.44200000000001,-2.3330573479976655
123.443,-2.331135265447398
123.444,-2.3292163894164357
123.44499999999999,-2.3273007340797176
123.446,-2.3253883135726112
123.447,-2.3234791419907697
123.44800000000001,-2.3215732333899939
123.449,-2.3196706017860973
123.45,-2.317771261154737
123.45099999999999,-2.3158752254312942
123.452,-2.3139825085107337
123.453,-2.3120931242474532
123.45400000000001,-2.3102070864551498
123.455,-2.3083244089067025
123.456,-2.3064451053340123
123.45699999999999,-2.3045691894278795
123.458,-2.3026966748378848
123.459,-2.30082757517224
123.46000000000001,-2.2989619039976641
123.461,-2.2970996748392754
123.462,-2.2952409011804389
123.46299999999999,-2.2933855964626555
123.464,-2.2915337740854391
123.465,-2.2896854474061965
123.46599999999999,-2.2878406297401077
123.467,-2.2859993343599903
123.468,-2.2841615744962196
123.46899999999999,-2.2823273633365786
123.47,-2.2804967140261501
123.471,-2.278669639667231
123.47199999999999,-2.2768461533191822
123.473,-2.2750262679983426
123.474,-2.2732099966779287
123.47499999999999,-2.271397352287901
123.476,-2.2695883477148788
123.477,-2.2677829958020372
123.47799999999999,-2.2659813093489949
123.479,-2.2641833011117183
123.48,-2.2623889838024192
123.48099999999999,-2.2605983700894763
123.482,-2.2588114725973072
123.483,-2.2570283039062953
123.48399999999999,-2.2552488765527015
123.485,-2.253473203028554
123.486,-2.2517012957815652
123.48699999999999,-2.2499331672150573
123.488,-2.2481688296878581
123.489,-2.2464082955142208
123.48999999999999,-2.2446515769637507
123.491,-2.2428986862613032
123.492,-2.2411496355869125
123.49299999999999,-2.2394044370757329
123.494,-2.2376631028179235
123.495,-2.2359256448585967
123.496,-2.2341920751977389
123.497,-2.2324624057901428
123.498,-2.2307366485453239
123.499,-2.2290148153274547
123.5,-2.2272969179553144
123.501,-2.2255829682021906
123.502,-2.2238729777958399
123.503,-2.2221669584184136
123.504,-2.2204649217064008
123.505,-2.2187668792505586
123.506,-2.2170728425958708
123.50700000000001,-2.2153828232414705
123.508,-2.2136968326406032
123.509,-2.2120148822005499
123.51000000000001,-2.2103369832826085
123.511,-2.208663147202012
123.512,-2.2069933852278876
123.51300000000001,-2.2053277085832228
123.514,-2.2036661284448043
123.515,-2.2020086559431737
123.51600000000001,-2.2003553021625999
123.517,-2.1987060781410213
123.518,-2.1970609948700091
123.51900000000001,-2.1954200632947436
123.52,-2.1937832943139566
123.521,-2.1921506987799102
123.52200000000001,-2.1905222874983643
123.523,-2.1888980712285369
123.524,-2.1872780606830804
123.52500000000001,-2.1856622665280447
123.526,-2.1840506993828726
123.527,-2.182443369820342
123.52800000000001,-2.1808402883665652
123.529,-2.1792414655009682
123.53,-2.177646911656256
123.53100000000001,-2.1760566372183963
123.532,-2.1744706525266158
123.533,-2.1728889678733747
123.53400000000001,-2.1713115935043446
123.535,-2.1697385396184226
123.536,-2.1681698163676844
123.53700000000001,-2.1666054338574039
123.538,-2.1650454021460366
123.539,-2.1634897312452077
123.53999999999999,-2.1619384311197178
123.541,-2.1603915116875267
123.542,-2.1588489828197686
123.54300000000001,-2.1573108543407438
123.544,-2.1557771360279125
123.545,-2.154247837611921
123.54599999999999,-2.1527229687765823
123.547,-2.1512025391588874
123.548,-2.1496865583490399
123.54900000000001,-2.1481750358904295
123.55,-2.1466679812796592
123.551,-2.1451654039665717
123.55199999999999,-2.1436673133542357
123.553,-2.1421737187989871
123.554,-2.1406846296104352
123.55500000000001,-2.1392000550514814
123.556,-2.137720004338346
123.557,-2.1362444866405816
123.55799999999999,-2.1347735110811143
123.559,-2.1333070867362474
123.56,-2.1318452226357012
123.56100000000001,-2.1303879277626434
123.562,-2.1289352110537156
123.563,-2.1274870813990585
123.56399999999999,-2.1260435476423609
123.565,-2.1246046185808831
123.566,-2.12317030296549
123.56700000000001,-2.1217406095007045
123.568,-2.1203155468447328
123.569,-2.1188951236095108
123.56999999999999,-2.1174793483607486
123.571,-2.1160682296179703
123.572,-2.1146617758545636
123.57300000000001,-2.1132599954978231
123.574,-2.1118628969290052
123.575,-2.110470488483374
123.57599999999999,-2.1090827784502446
123.577,-2.1076997750730642
123.578,-2.1063214865494269
123.57900000000001,-2.1049479210311626
123.58,-2.1035790866243858
123.581,-2.1022149913895465
123.58199999999999,-2.1008556433414913
123.583,-2.0995010504495495
123.584,-2.0981512206375581
123.58500000000001,-2.0968061617839573
123.586,-2.0954658817218492
123.587,-2.0941303882390603
123.58799999999999,-2.0927996890782117
123.589,-2.0914737919367967
123.59,-2.0901527044672528
123.59099999999999,-2.0888364342770256
123.592,-2.0875249889286538
123.593,-2.0862183759398434
123.59399999999999,-2.08491660278355
123.595,-2.0836196768880431
123.596,-2.0823276056370137
123.59699999999999,-2.0810403963696289
123.598,-2.079758056380629
123.599,-2.0784805929204229
123.59999999999999,-2.0772080131951505
123.601,-2.0759403243667949
123.602,-2.0746775335532517
123.60299999999999,-2.0734196478284401
123.604,-2.0721666742223785
123.605,-2.0709186197212763
123.60599999999999,-2.0696754912676569
123.607,-2.0684372957604151
123.608,-2.0672040400549405
123.60899999999999,-2.0659757309632125
123.61,-2.0647523752538937
123.611,-2.0635339796524335
123.61199999999999,-2.0623205508411813
123.613,-2.0611120954594764
123.614,-2.0599086201037595
123.61499999999999,-2.0587101313276852
123.616,-2.0575166356422212
123.617,-2.0563281395157627
123.61799999999999,-2.0551446493742449
123.619,-2.0539661716012523
123.62,-2.0527927125381291
123.621,-2.0516242784840966
123.622,-2.0504608756963809
123.623,-2.0493025103903078
123.624,-2.0481491887394312
123.625,-2.0470009168756675
123.626,-2.0458577008893881
123.627,-2.0447195468295631
123.628,-2.0435864607038834
123.629,-2.0424584484788673
123.63,-2.0413355160800073
123.631,-2.040217669391891
123.63200000000001,-2.0391049142583189
123.633,-2.0379972564824467
123.634,-2.0368947018269079
123.63500000000001,-2.0357972560139488
123.636,-2.034704924725566
123.637,-2.0336177136036238
123.63800000000001,-2.03253562825001
123.639,-2.03145867422676
123.64,-2.0303868570561914
123.64100000000001,-2.0293201822210563
123.642,-2.0282586551646657
123.643,-2.0272022812910331
123.64400000000001,-2.026151065965033
123.645,-2.02510501451252
123.646,-2.0240641322204773
123.64700000000001,-2.0230284243371823
123.648,-2.021997896072329
123.649,-2.0209725525971809
123.65000000000001,-2.0199523990447235
123.651,-2.0189374405098173
123.652,-2.0179276820493337
123.65300000000001,-2.0169231286823175
123.654,-2.0159237853901395
123.655,-2.0149296571166393
123.65600000000001,-2.013940748768289
123.657,-2.0129570652143456
123.658,-2.0119786112870104
123.65900000000001,-2.0110053917815702
123.66,-2.0100374114565813
123.661,-2.0090746750340021
123.66200000000001,-2.008117187199371
123.663,-2.0071649526019621
123.664,-2.006217975854943
123.66499999999999,-2.0052762615355331
123.666,-2.0043398141851849
123.667,-2.0034086383097307
123.66800000000001,-2.0024827383795567
123.669,-2.0015621188297597
123.67,-2.0006467840603261
123.67099999999999,-1.9997367384362936
123.672,-1.9988319862879136
123.673,-1.997932531910833
123.67400000000001,-1.9970383795662536
123.675,-1.996149533481109
123.676,-1.9952659978482314
123.67699999999999,-1.994387776826529
123.678,-1.9935148745411551
123.679,-1.9926472950836895
123.68000000000001,-1.9917850425123005
123.681,-1.9909281208519267
123.682,-1.9900765340944606
123.68299999999999,-1.989230286198914
123.684,-1.9883893810916
123.685,-1.9875538226663094
123.68600000000001,-1.9867236147845
123.687,-1.9858987612754566
123.688,-1.9850792659364886
123.68899999999999,-1.9842651325331007
123.69,-1.9834563647991841
123.691,-1.9826529664371864
123.69200000000001,-1.9818549411183064
123.693,-1.9810622924826669
123.694,-1.9802750241395055
123.69499999999999,-1.9794931396673574
123.696,-1.978716642614242
123.697,-1.9779455364978413
123.69800000000001,-1.9771798248056962
123.699,-1.9764195109953915
123.7,-1.9756645984947339
123.70099999999999,-1.9749150907019493
123.702,-1.9741709909858685
123.703,-1.9734323026861158
123.70400000000001,-1.9726990291132946
123.705,-1.9719711735491907
123.706,-1.9712487392469389
123.70699999999999,-1.9705317294312363
123.708,-1.9698201472985231
123.709,-1.9691139960171742
123.71000000000001,-1.968413278727692
123.711,-1.967717998542899
123.712,-1.9670281585481355
123.71299999999999,-1.966343761801439
123.714,-1.9656648113337558
123.715,-1.9649913101491174
123.71599999999999,-1.9643232612248527
123.717,-1.9636606675117592
123.718,-1.9630035319343297
123.71899999999999,-1.9623518573909091
123.72,-1.9617056467539251
123.721,-1.9610649028700664
123.72199999999999,-1.960429628560473
123.723,-1.9597998266209473
123.724,-1.9591754998221456
123.72499999999999,-1.9585566509097685
123.726,-1.957943282604764
123.727,-1.9573353976035293
123.72799999999999,-1.9567329985780901
123.729,-1.9561360881763261
123.73,-1.955544669022135
123.73099999999999,-1.9549587437156688
123.732,-1.9543783148334983
123.733,-1.9538033849288254
123.73399999999999,-1.9532339565316883
123.735,-1.9526700321491479
123.736,-1.9521116142654902
123.73699999999999,-1.9515587053424328
123.738,-1.9510113078193092
123.739,-1.9504694241132814
123.73999999999999,-1.9499330566195283
123.741,-1.9494022077114581
123.742,-1.9488768797408884
123.74299999999999,-1.9483570750382644
123.744,-1.9478427959128437
123.745,-1.9473340446529033
123.746,-1.9468308235259362
123.747,-1.9463331347788562
123.748,-1.9458409806381807
123.749,-1.9453543633102475
123.75,-1.9448732849814114
123.751,-1.9443977478182271
123.752,-1.9439277539676665
123.753,-1.9434633055573121
123.754,-1.9430044046955481
123.755,-1.9425510534717711
123.756,-1.9421032539565777
123.75700000000001,-1.9416610082019654
123.758,-1.9412243182415383
123.759,-1.9407931860906937
123.76000000000001,-1.9403676137468302
123.761,-1.9399476031895326
123.762,-1.9395331563807858
123.76300000000001,-1.9391242752651536
123.764,-1.9387209617699941
123.765,-1.9383232178056435
123.76600000000001,-1.9379310452656167
123.767,-1.9375444460267972
123.768,-1.937163421949647
123.76900000000001,-1.936787974878392
123.77,-1.9364181066412158
123.771,-1.9360538190504601
123.77200000000001,-1.9356951139028209
123.773,-1.9353419929795332
123.774,-1.9349944580465774
123.77500000000001,-1.9346525108548611
123.776,-1.9343161531404263
123.777,-1.9339853866246244
123.77800000000001,-1.9336602130143195
123.779,-1.9333406340020871
123.78,-1.9330266512663938
123.78100000000001,-1.9327182664717906
123.782,-1.9324154812691088
123.783,-1.9321182972956479
123.78400000000001,-1.9318267161753628
123.785,-1.9315407395190582
123.786,-1.9312603689245733
123.78700000000001,-1.9309856059769719
123.788,-1.930716452248733
123.789,-1.9304529092999327
123.78999999999999,-1.9301949786784371
123.791,-1.9299426619200808
123.792,-1.9296959605488651
123.79300000000001,-1.9294548760771313
123.794,-1.9292194100057463
123.795,-1.9289895638242971
123.79599999999999,-1.9287653390112669
123.797,-1.9285467370342115
123.798,-1.9283337593499583
123.79900000000001,-1.9281264074047708
123.8,-1.9279246826345398
123.801,-1.9277285864649623
123.80199999999999,-1.9275381203117197
123.803,-1.9273532855806517
123.804,-1.9271740836679494
123.80500000000001,-1.9270005159603167
123.806,-1.9268325838351532
123.807,-1.9266702886607368
123.80799999999999,-1.9265136317963849
123.809,-1.9263626145926467
123.81,-1.9262172383914591
123.81100000000001,-1.9260775045263399
123.812,-1.9259434143225378
123.813,-1.9258149690972211
123.81399999999999,-1.9256921701596437
123.815,-1.9255750188113121
123.816,-1.9254635163461542
123.81700000000001,-1.9253576640506933
123.818,-1.9252574632042148
123.819,-1.9251629150789207
123.81999999999999,-1.925074020940118
123.821,-1.9249907820463596
123.822,-1.9249131996496298
123.82300000000001,-1.9248412749954891
123.824,-1.9247750093232461
123.825,-1.9247144038661204
123.82599999999999,-1.9246594598513953
123.827,-1.9246101785005882
123.828,-1.9245665610295957
123.82900000000001,-1.9245286086488629
123.83,-1.9244963225635339
123.831,-1.9244697039736076
123.83199999999999,-1.9244487540740967
123.833,-1.9244334740551789
123.834,-1.9244238651023424
123.83500000000001,-1.924419928396552
123.836,-1.9244216651143862
123.837,-1.924429076428199
123.83799999999999,-1.924442163506251
123.839,-1.9244609275128803
123.84,-1.9244853696086297
123.84099999999999,-1.9245154909503968
123.842,-1.9245512926915862
123.843,-1.9245927759822414
123.84399999999999,-1.9246399419691993
123.845,-1.924692791796214
123.846,-1.9247513266041156
123.84699999999999,-1.9248155475309359
123.848,-1.9248854557120507
123.849,-1.9249610522803176
123.84999999999999,-1.9250423383662074
123.851,-1.9251293150979414
123.852,-1.9252219836016196
123.85299999999999,-1.9253203450013643
123.854,-1.925424400419435
123.855,-1.9255341509763682
123.85599999999999,-1.9256495977911041
123.857,-1.9257707419811079
123.858,-1.9258975846625048
123.85899999999999,-1.9260301269501974
123.86,-1.9261683699579881
123.861,-1.926312314798708
123.86199999999999,-1.9264619625843369
123.863,-1.9266173144261096
123.864,-1.9267783714346531
123.86499999999999,-1.9269451347200937
123.866,-1.9271176053921644
123.867,-1.927295784560348
123.86799999999999,-1.927479673333945
123.869,-1.9276692728222307
123.87,-1.9278645841345421
123.871,-1.9280656083803829
123.872,-1.9282723466695468
123.873,-1.9284848001122139
123.874,-1.9287029698190561
123.875,-1.9289268569013447
123.876,-1.9291564624710551
123.877,-1.9293917876409525
123.878,-1.9296328335247122
123.879,-1.9298796012370056
123.88,-1.9301320918935949
123.881,-1.9303903066114398
123.88200000000001,-1.9306542465087835
123.883,-1.930923912705238
123.884,-1.931199306321896
123.88500000000001,-1.9314804284813996
123.886,-1.9317672803080401
123.887,-1.9320598629278471
123.88800000000001,-1.9323581774686565
123.889,-1.9326622250602199
123.89,-1.9329720068342675
123.89100000000001,-1.9332875239245939
123.892,-1.9336087774671455
123.893,-1.9339357686000902
123.89400000000001,-1.9342684984638925
123.895,-1.9346069682013951
123.896,-1.9349511789578908
123.89700000000001,-1.9353011318811908
123.898,-1.9356568281217046
123.899,-1.9360182688324921
123.90000000000001,-1.9363854551693516
123.901,-1.9367583882908685
123.902,-1.9371370693584897
123.90300000000001,-1.9375214995365873
123.904,-1.9379116799925127
123.905,-1.938307611896662
123.90600000000001,-1.9387092964225314
123.907,-1.9391167347467759
123.908,-1.9395299280492704
123.90900000000001,-1.9399488775131482
123.91,-1.9403735843248664
123.911,-1.94080404967425
123.91200000000001,-1.9412402747545461
123.913,-1.9416822607624651
123.914,-1.9421300088982296
123.91499999999999,-1.9425835203656217
123.916,-1.94304279637202
123.917,-1.9435078381284407
123.91800000000001,-1.9439786468495852
123.919,-1.9444552237538661
123.92,-1.9449375700634517
123.92099999999999,-1.9454256870042999
123.922,-1.9459195758061871
123.923,-1.9464192377027396
123.92400000000001,-1.9469246739314725
123.925,-1.947435885733807
123.926,-1.9479528743550949
123.92699999999999,-1.9484756410446611
123.928,-1.9490041870558044
123.929,-1.9495385136458379
123.93000000000001,-1.9500786220760933
123.931,-1.9506245136119511
123.932,-1.9511761895228532
123.93299999999999,-1.9517336510823085
123.934,-1.9522968995679297
123.935,-1.9528659362614191
123.93600000000001,-1.9534407624485934
123.937,-1.9540213794193841
123.938,-1.9546077884678583
123.93899999999999,-1.9551999908922038
123.94,-1.9557979879947487
123.941,-1.9564017810819512
123.94200000000001,-1.9570113714644135
123.943,-1.9576267604568602
123.944,-1.958247949378159
123.94499999999999,-1.958874939551297
123.946,-1.9595077323033783
123.947,-1.9601463289656236
123.94800000000001,-1.9607907308733519
123.949,-1.9614409393659675
123.95,-1.9620969557869528
123.95099999999999,-1.9627587814838539
123.952,-1.9634264178082541
123.953,-1.9640998661157687
123.95400000000001,-1.9647791277660116
123.955,-1.9654642041225836
123.956,-1.9661550965530477
123.95699999999999,-1.9668518064288947
123.958,-1.9675543351255247
123.959,-1.9682626840222226
123.96000000000001,-1.968976854502118
123.961,-1.9696968479521548
123.962,-1.9704226657630592
123.96299999999999,-1.971154309329316
123.964,-1.9718917800491125
123.965,-1.9726350793243013
123.96599999999999,-1.9733842085603817
123.967,-1.9741391691664318
123.968,-1.9748999625550798
123.96899999999999,-1.975666590142453
123.97,-1.9764390533481337
123.971,-1.9772173535951061
123.97199999999999,-1.9780014923097087
123.973,-1.978791470921587
123.974,-1.9795872908636249
123.97499999999999,-1.9803889535719084
123.976,-1.9811964604856516
123.977,-1.98200981304715
123.97799999999999,-1.9828290127017076
123.979,-1.9836540608975919
123.98,-1.984484959085953
123.98099999999999,-1.9853217087207666
123.982,-1.9861643112587639
123.983,-1.9870127681593694
123.98399999999999,-1.9878670808846162
123.985,-1.9887272508990887
123.986,-1.9895932796698417
123.98699999999999,-1.9904651686663208
123.988,-1.9913429193602965
123.989,-1.992226533225776
123.98999999999999,-1.9931160117389239
123.991,-1.9940113563779835
123.992,-1.994912568623189
123.99299999999999,-1.9958196499566827
123.994,-1.9967326018624296
123.995,-1.9976514258261249
123.996,-1.9985761233351045
123.997,-1.9995066958782552
123.998,-2.0004431449459137
123.999,-2.0013854720297859
124,-2.002333678622835
124.001,-2.0032877662191906
124.002,-2.0042477363140501
124.003,-2.0052135904035704
124.004,-2.0061853299847696
124.005,-2.0071629565554208
124.006,-2.0081464716139488
124.00700000000001,-2.0091358766593097
124.008,-2.010131173190906
124.009,-2.0111323627084454
124.01000000000001,-2.0121394467118456
124.011,-2.0131524267011223
124.012,-2.0141713041762586
124.01300000000001,-2.0151960806371081
124.014,-2.0162267575832491
124.015,-2.0172633365138957
124.01600000000001,-2.0183058189277383
124.017,-2.01935420632286
124.018,-2.0204085001965812
124.01900000000001,-2.0214687020453415
124.02,-2.0225348133645786
124.021,-2.023606835648593
124.02200000000001,-2.0246847703904067
124.023,-2.0257686190816471
124.024,-2.0268583832124065
124.02500000000001,-2.0279540642711043
124.026,-2.0290556637443435
124.027,-2.0301631831167835
124.02800000000001,-2.0312766238709976
124.029,-2.0323959874873156
124.03,-2.0335212754437073
124.03100000000001,-2.0346524892156168
124.032,-2.0357896302758185
124.033,-2.0369327000942778
124.03400000000001,-2.0380817001379992
124.035,-2.0392366318708657
124.036,-2.0403974967535019
124.03700000000001,-2.0415642962431138
124.038,-2.0427370317933216
124.039,-2.0439157048540322
124.03999999999999,-2.0451003168712507
124.041,-2.0462908692869424
124.042,-2.047487363538858
124.04300000000001,-2.048689801060382
124.044,-2.0498981832803675
124.045,-2.0511125116229625
124.04599999999999,-2.0523327875074564
124.047,-2.0535590123481082
124.048,-2.0547911875539668
124.04900000000001,-2.0560293145287201
124.05,-2.0572733946705122
124.051,-2.0585234293717658
124.05199999999999,-2.059779420019022
124.053,-2.0610413679927535
124.054,-2.0623092746671885
124.05500000000001,-2.0635831414101404
124.056,-2.0648629695828227
124.057,-2.0661487605396704
124.05799999999999,-2.0674405156281517
124.059,-2.0687382361885955
124.06,-2.0700419235540042
124.06100000000001,-2.071351579049856
124.062,-2.0726672039939338
124.063,-2.0739887996961337
124.06399999999999,-2.0753163674582633
124.065,-2.0766499085738688
124.066,-2.0779894243280363
124.06700000000001,-2.0793349159971859
124.068,-2.0806863848489021
124.069,-2.082043832141717
124.06999999999999,-2.0834072591249271
124.071,-2.0847766670383869
124.072,-2.0861520571123178
124.07300000000001,-2.0875334305671096
124.074,-2.0889207886130929
124.075,-2.0903141324503829
124.07599999999999,-2.0917134632686407
124.077,-2.0931187822468749
124.078,-2.0945300905532491
124.07900000000001,-2.0959473893448681
124.08,-2.097370679767554
124.081,-2.0987999629556731
124.08199999999999,-2.1002352400318927
124.083,-2.1016765121069865
124.084,-2.1031237802796179
124.08500000000001,-2.1045770456361317
124.086,-2.1060363092503334
124.087,-2.107501572183283
124.08799999999999,-2.1089728354830699
124.089,-2.110450100184603
124.09,-2.1119333673093865
124.09099999999999,-2.1134226378653063
124.092,-2.1149179128464177
124.093,-2.1164191932327001
124.09399999999999,-2.1179264799898574
124.095,-2.1194397740690958
124.096,-2.1209590764068835
124.09699999999999,-2.122484387924743
124.098,-2.12401570952902
124.099,-2.1255530421106483
124.09999999999999,-2.1270963865449373
124.101,-2.1286457436913411
124.102,-2.130201114393218
124.10299999999999,-2.1317624994776185
124.104,-2.1333298997550418
124.105,-2.1349033160192095
124.10599999999999,-2.1364827490468281
124.107,-2.138068199597372
124.108,-2.1396596684128362
124.10899999999999,-2.1412571562174909
124.11,-2.1428606637176837
124.111,-2.1444701916015676
124.11199999999999,-2.1460857405388758
124.113,-2.147707311180695
124.114,-2.1493349041592129
124.11499999999999,-2.1509685200874831
124.116,-2.1526081595591955
124.117,-2.1542538231484336
124.11799999999999,-2.1559055114094092
124.119,-2.1575632248762595
124.12,-2.1592269640627846
124.121,-2.1608967294622041
124.122,-2.162572521546914
124.123,-2.1642543407682502
124.124,-2.1659421875562428
124.125,-2.1676360623193647
124.126,-2.169335965444287
124.127,-2.1710418972956473
124.128,-2.1727538582157759
124.129,-2.1744718485244761
124.13,-2.1761958685187643
124.131,-2.1779259184726145
124.13200000000001,-2.1796619986367243
124.133,-2.1814041092382608
124.134,-2.1831522504806058
124.13500000000001,-2.1849064225431087
124.136,-2.1866666255808389
124.137,-2.188432859724335
124.13800000000001,-2.1902051250793431
124.139,-2.1919834217265821
124.14,-2.1937677497214825
124.14100000000001,-2.1955581090939242
124.142,-2.1973544998480037
124.143,-2.1991569219617721
124.14400000000001,-2.2009653753869687
124.145,-2.2027798600487891
124.146,-2.2046003758456196
124.14700000000001,-2.2064269226487783
124.148,-2.2082595003022707
124.149,-2.210098108622526
124.15000000000001,-2.2119427473981528
124.151,-2.2137934163896649
124.152,-2.2156501153292436
124.15300000000001,-2.2175128439204812
124.154,-2.2193816018381014
124.155,-2.2212563887277348
124.15600000000001,-2.2231372042056439
124.157,-2.2250240478584615
124.158,-2.2269169192429517
124.15900000000001,-2.228815817885744
124.16,-2.2307207432830616
124.161,-2.2326316949004932
124.16200000000001,-2.2345486721727132
124.163,-2.2364716745032243
124.164,-2.2384007012641134
124.16499999999999,-2.2403357517957883
124.166,-2.2422768254067202
124.167,-2.244223921373167
124.16800000000001,-2.2461770389389488
124.169,-2.2481361773151742
124.17,-2.2501013356799677
124.17099999999999,-2.2520725131782382
124.172,-2.2540497089214071
124.173,-2.2560329219871451
124.17400000000001,-2.2580221514191274
124.175,-2.2600173962267758
124.176,-2.2620186553849724
124.17699999999999,-2.2640259278338521
124.178,-2.2660392124785078
124.179,-2.2680585081887328
124.18000000000001,-2.2700838137987862
124.181,-2.272115128107123
124.182,-2.2741524498761336
124.18299999999999,-2.2761957778318886
124.184,-2.2782451106638875
124.185,-2.2803004470248092
124.18600000000001,-2.2823617855302274
124.187,-2.2844291247583866
124.188,-2.2865024632499331
124.18899999999999,-2.2885817995076532
124.19,-2.2906671319962251
124.191,-2.2927584591419716
124.19200000000001,-2.2948557793325848
124.193,-2.2969590909168924
124.194,-2.299068392204596
124.19499999999999,-2.3011836814660098
124.196,-2.303304956931818
124.197,-2.3054322167928176
124.19800000000001,-2.3075654591996719
124.199,-2.3097046822626357
124.2,-2.3118498840513371
124.20099999999999,-2.3140010625945009
124.202,-2.3161582158797018
124.203,-2.3183213418531241
124.20400000000001,-2.320490438419307
124.205,-2.3226655034408803
124.206,-2.3248465347383385
124.20699999999999,-2.3270335300897789
124.208,-2.3292264872306467
124.209,-2.3314254038535056
124.21000000000001,-2.3336302776077829
124.211,-2.3358411060995068
124.212,-2.3380578868910842
124.21299999999999,-2.3402806175010435
124.214,-2.3425092954037905
124.215,-2.3447439180293599
124.21599999999999,-2.3469844827631805
124.217,-2.3492309869458294
