timestamp,signal
104,3.4973200103356232
104.001,3.4988429642731811
104.002,3.5003694747204479
104.003,3.5018995419750323
104.004,3.5034331661515905
104.005,3.5049703471806102
104.006,3.5065110848072027
104.00700000000001,3.5080553785898947
104.008,3.5096032278994249
104.009,3.5111546319175613
104.01000000000001,3.5127095896359077
104.011,3.5142680998547302
104.012,3.5158301611817828
104.01300000000001,3.5173957720311408
104.014,3.5189649306220474
104.015,3.520537634977762
104.01600000000001,3.5221138829244163
104.017,3.5236936720898826
104.018,3.525276999902641
104.01900000000001,3.5268638635906679
104.02,3.5284542601803199
104.021,3.5300481864952311
104.02200000000001,3.5316456391552218
104.023,3.5332466145752095
104.024,3.5348511089641352
104.02500000000001,3.5364591183238918
104.026,3.5380706384482687
104.027,3.5396856649218966
104.02800000000001,3.5413041931192129
104.029,3.5429262182034229
104.03,3.544551735125486
104.03100000000001,3.546180738623097
104.032,3.5478132232196886
104.033,3.5494491832234365
104.03400000000001,3.5510886127262768
104.035,3.5527315056029365
104.036,3.5543778555099701
104.03700000000001,3.5560276558848107
104.038,3.5576808999448275
104.039,3.5593375806863974
104.04000000000001,3.56099769088399
104.041,3.5626612230892558
104.042,3.5643281696301323
104.04300000000001,3.5659985226099611
104.044,3.567672273906612
104.045,3.5693494151716263
104.04600000000001,3.5710299378293637
104.047,3.5727138330761656
104.048,3.5744010918795324
104.04900000000001,3.5760917049773107
104.05,3.5777856628768894
104.051,3.5794829558544143
104.05200000000001,3.5811835739540143
104.053,3.5828875069870367
104.054,3.5845947445312998
104.05500000000001,3.5863052759303553
104.056,3.5880190902927671
104.057,3.5897361764913995
104.05800000000001,3.591456523162722
104.059,3.5931801187061287
104.06,3.5949069512832699
104.06100000000001,3.5966370088173907
104.062,3.5983702789927019
104.063,3.6001067492537411
104.06399999999999,3.6018464068047722
104.065,3.6035892386091786
104.066,3.6053352313888865
104.06699999999999,3.6070843716237908
104.068,3.6088366455512073
104.069,3.6105920391653306
104.06999999999999,3.6123505382167087
104.071,3.614112128211743
104.072,3.6158767944121832
104.07299999999999,3.6176445218346607
104.074,3.6194152952502203
104.075,3.6211890991838755
104.07599999999999,3.6229659179141795
104.077,3.6247457354728096
104.078,3.6265285356441668
104.07899999999999,3.6283143019649966
104.08,3.6301030177240241
104.081,3.6318946659616014
104.08199999999999,3.6336892294693728
104.083,3.6354866907899646
104.084,3.6372870322166779
104.08499999999999,3.6390902357932156
104.086,3.6408962833134084
104.087,3.6427051563209663
104.08799999999999,3.6445168361092537
104.089,3.6463313037210687
104.09,3.6481485399484486
104.09099999999999,3.6499685253324916
104.092,3.6517912401631936
104.093,3.6536166644793058
104.09399999999999,3.6554447780682056
104.095,3.6572755604657905
104.096,3.6591089909563901
104.09699999999999,3.6609450485726889
104.098,3.6627837120956763
104.099,3.6646249600546095
104.09999999999999,3.6664687707269943
104.101,3.6683151221385915
104.102,3.6701639920634319
104.10299999999999,3.6720153580238577
104.104,3.6738691972905748
104.105,3.6757254868827376
104.10599999999999,3.6775842035680339
104.107,3.6794453238628071
104.108,3.6813088240321838
104.10899999999999,3.6831746800902279
104.11,3.685042867800111
104.111,3.686913362674308
104.11199999999999,3.6887861399747988
104.113,3.6906611747133033
104.114,3.6925384416515281
104.11499999999999,3.6944179153014378
104.116,3.6962995699255417
104.117,3.6981833795371997
104.11799999999999,3.7000693179009532
104.119,3.701957358532872
104.12,3.7038474747009191
104.121,3.7057396394253423
104.122,3.7076338254790784
104.123,3.7095300053881841
104.124,3.7114281514322798
104.125,3.7133282356450179
104.126,3.7152302298145772
104.127,3.7171341054841616
104.128,3.719039833952535
104.129,3.7209473862745717
104.13,3.7228567332618185
104.131,3.7247678454830955
104.13200000000001,3.7266806932650951
104.133,3.728595246693021
104.134,3.7305114756112356
104.13500000000001,3.7324293496239358
104.136,3.7343488380958432
104.137,3.7362699101529158
104.13800000000001,3.738192534683086
104.139,3.7401166803370129
104.14,3.7420423155288605
104.14100000000001,3.7439694084370903
104.142,3.7458979270052786
104.143,3.7478278389429596
104.14400000000001,3.749759111726477
104.145,3.7516917125998694
104.146,3.7536256085757644
104.14700000000001,3.7555607664363082
104.148,3.7574971527340977
104.149,3.7594347337931495
104.15000000000001,3.7613734757098829
104.151,3.763313344354124
104.152,3.7652543053701271
104.15300000000001,3.7671963241776285
104.154,3.7691393659729071
104.155,3.7710833957298742
104.15600000000001,3.7730283782011806
104.157,3.77497427791935
104.158,3.7769210591979254
104.15900000000001,3.7788686861326406
104.16,3.7808171226026133
104.161,3.7827663322715548
104.16200000000001,3.7847162785890065
104.163,3.7866669247915907
104.164,3.7886182339042871
104.16500000000001,3.7905701687417235
104.166,3.7925226919095003
104.167,3.7944757658055157
104.16800000000001,3.7964293526213284
104.169,3.7983834143435349
104.17,3.8003379127551646
104.17100000000001,3.8022928094370982
104.172,3.8042480657695075
104.173,3.806203642933311
104.17400000000001,3.8081595019116534
104.175,3.8101156034914085
104.176,3.8120719082646906
104.17700000000001,3.8140283766303984
104.178,3.8159849687957763
104.179,3.8179416447779841
104.18000000000001,3.8198983644057076
104.181,3.8218550873207677
104.182,3.823811772979762
104.18300000000001,3.8257683806557257
104.184,3.8277248694398036
104.185,3.8296811982429526
104.18600000000001,3.8316373257976521
104.187,3.8335932106596462
104.188,3.835548811209696
104.18899999999999,3.8375040856553495
104.19,3.8394589920327431
104.191,3.8414134882084108
104.19199999999999,3.8433675318811105
104.193,3.8453210805836813
104.194,3.8472740916849064
104.19499999999999,3.8492265223914068
104.196,3.8511783297495406
104.197,3.8531294706473309
104.19799999999999,3.855079901816409
104.199,3.8570295798339727
104.2,3.8589784611247668
104.20099999999999,3.8609265019630783
104.202,3.8628736584747552
104.203,3.8648198866392351
104.20399999999999,3.8667651422915936
104.205,3.8687093811246172
104.206,3.8706525586908853
104.20699999999999,3.8725946304048717
104.208,3.8745355515450646
104.209,3.8764752772561026
104.20999999999999,3.8784137625509305
104.211,3.8803509623129622
104.212,3.8822868312982761
104.21299999999999,3.884221324137811
104.214,3.8861543953395872
104.215,3.8880859992909422
104.21599999999999,3.8900160902607834
104.217,3.8919446224018515
104.218,3.893871549753007
104.21899999999999,3.8957968262415257
104.22,3.8977204056854138
104.221,3.8996422417957382
104.22199999999999,3.9015622881789671
104.223,3.9034804983393325
104.224,3.9053968256812004
104.22499999999999,3.9073112235114644
104.226,3.909223645041942
104.227,3.911134043391796
104.22799999999999,3.9130423715899649
104.229,3.9149485825776065
104.23,3.9168526292105574
104.23099999999999,3.9187544642618057
104.232,3.920654040423976
104.233,3.9225513103118281
104.23399999999999,3.924446226464771
104.235,3.926338741349384
104.236,3.9282288073619549
104.23699999999999,3.930116376831033
104.238,3.9320014020199885
104.239,3.9338838351295866
104.23999999999999,3.9357636283005735
104.241,3.9376407336162735
104.242,3.9395151031052009
104.24299999999999,3.9413866887436768
104.244,3.9432554424584647
104.245,3.9451213161294074
104.246,3.9469842615920863
104.247,3.9488442306404785
104.248,3.9507011750296366
104.249,3.9525550464783681
104.25,3.9544057966719315
104.251,3.9562533772647379
104.252,3.9580977398830655
104.253,3.9599388361277796
104.254,3.9617766175770659
104.255,3.9636110357891647
104.256,3.9654420423051286
104.25700000000001,3.9672695886515683
104.258,3.9690936263434242
104.259,3.9709141068867364
104.26000000000001,3.9727309817814245
104.261,3.9745442025240743
104.262,3.9763537206107378
104.26300000000001,3.9781594875397248
104.264,3.9799614548144211
104.265,3.9817595739460976
104.26600000000001,3.9835537964567322
104.267,3.985344073881838
104.268,3.9871303577732942
104.26900000000001,3.9889125997021879
104.27,3.9906907512616536
104.271,3.9924647640697231
104.27200000000001,3.9942345897721809
104.273,3.9960001800454203
104.274,3.9977614865993054
104.27500000000001,3.9995184611800392
104.276,4.0012710555730333
104.277,4.0030192216057827
104.27800000000001,4.0047629111507375
104.279,4.0065020761281911
104.28,4.0082366685091593
104.28100000000001,4.0099666403182637
104.282,4.0116919436366274
104.283,4.0134125306047554
104.28400000000001,4.015128353425431
104.285,4.0168393643666143
104.286,4.0185455157643268
104.28700000000001,4.0202467600255556
104.288,4.0219430496311475
104.289,4.0236343371387031
104.29000000000001,4.0253205751854795
104.291,4.0270017164912861
104.292,4.0286777138613772
104.29300000000001,4.0303485201893601
104.294,4.032014088460075
104.295,4.0336743717525065
104.29600000000001,4.0353293232426655
104.297,4.0369788962064899
104.298,4.038623044022728
104.29900000000001,4.0402617201758302
104.3,4.0418948782588364
104.301,4.0435224719762557
104.30200000000001,4.0451444551469535
104.303,4.0467607817070217
104.304,4.0483714057126576
104.30500000000001,4.0499762813430333
104.306,4.0515753629031597
104.307,4.0531686048267535
104.30800000000001,4.0547559616790938
104.309,4.0563373881598741
104.31,4.0579128391060504
104.31100000000001,4.0594822694946853
104.312,4.0610456344457875
104.313,4.0626028892251407
104.31399999999999,4.0641539892471306
104.315,4.0656988900775666
104.316,4.0672375474364904
104.31699999999999,4.068769917200985
104.318,4.0702959554079765
104.319,4.0718156182570198
104.31999999999999,4.0733288621130876
104.321,4.0748356435093456
104.322,4.0763359191499191
104.32299999999999,4.0778296459126562
104.324,4.079316780851876
104.325,4.0807972812011108
104.32599999999999,4.0822711043758435
104.327,4.0837382079762232
104.328,4.0851985497897889
104.32899999999999,4.0866520877941639
104.33,4.0880987801597586
104.331,4.0895385852524466
104.33199999999999,4.0909714616362418
104.333,4.0923973680759556
104.334,4.0938162635398534
104.33499999999999,4.0952281072022894
104.336,4.0966328584463323
104.337,4.0980304768663833
104.33799999999999,4.0994209222707791
104.339,4.1008041546843783
104.34,4.102180134351145
104.34099999999999,4.103548821736708
104.342,4.1049101775309129
104.343,4.1062641626503638
104.34399999999999,4.1076107382409415
104.345,4.1089498656803176
104.346,4.1102815065804483
104.34699999999999,4.1116056227900559
104.348,4.1129221763970962
104.349,4.1142311297312073
104.34999999999999,4.115532445366151
104.351,4.1168260861222254
104.352,4.1181120150686779
104.35299999999999,4.1193901955260905
104.354,4.120660591068753
104.355,4.1219231655270185
104.35599999999999,4.123177882989645
104.357,4.1244247078061189
104.358,4.1256636045889588
104.35899999999999,4.1268945382160069
104.36,4.1281174738326927
104.361,4.1293323768542969
104.36199999999999,4.1305392129681788
104.363,4.1317379481359957
104.364,4.1329285485959
104.36499999999999,4.1341109808647225
104.366,4.1352852117401282
104.367,4.1364512083027609
104.36799999999999,4.1376089379183698
104.369,4.1387583682399018
104.37,4.1398994672095917
104.371,4.1410322030610303
104.372,4.1421565443211952
104.373,4.143272459812481
104.374,4.1443799186547032
104.375,4.1454788902670749
104.376,4.1465693443701666
104.377,4.1476512509878498
104.378,4.1487245804492119
104.379,4.1497893033904534
104.38,4.1508453907567588
104.381,4.1518928138041566
104.38200000000001,4.1529315441013432
104.383,4.1539615535314933
104.384,4.1549828142940441
104.38500000000001,4.1559952989064595
104.386,4.156998980205973
104.387,4.1579938313512965
104.38800000000001,4.1589798258243214
104.389,4.1599569374317902
104.39,4.1609251403069338
104.39100000000001,4.1618844089111056
104.392,4.1628347180353735
104.393,4.1637760428020973
104.39400000000001,4.1647083586664815
104.395,4.1656316414180994
104.396,4.1665458671823963
104.39700000000001,4.1674510124221653
104.398,4.1683470539390042
104.399,4.169233968874738
104.40000000000001,4.1701117347128234
104.401,4.1709803292797272
104.402,4.1718397307462789
104.40300000000001,4.1726899176289924
104.404,4.1735308687913708
104.405,4.1743625634451798
104.40600000000001,4.1751849811516966
104.407,4.175998101822934
104.408,4.1768019057228338
104.40900000000001,4.1775963734684396
104.41,4.1783814860310411
104.411,4.1791572247372892
104.41200000000001,4.1799235712702876
104.413,4.1806805076706581
104.414,4.1814280163375761
104.41500000000001,4.1821660800297789
104.416,4.1828946818665509
104.417,4.1836138053286787
104.41800000000001,4.1843234342593805
104.419,4.1850235528652036
104.42,4.1857141457169025
104.42100000000001,4.1863951977502776
104.422,4.1870666942670036
104.423,4.1877286209354123
104.42400000000001,4.1883809637912552
104.425,4.189023709238441
104.426,4.189656844049745
104.42700000000001,4.1902803553674772
104.428,4.1908942307041466
104.429,4.191498457943073
104.43000000000001,4.1920930253389841
104.431,4.1926779215185848
104.432,4.1932531354810889
104.43300000000001,4.1938186565987303
104.434,4.1943744746172476
104.435,4.1949205796563245
104.43600000000001,4.1954569622100282
104.437,4.1959836131471935
104.438,4.1965005237117889
104.43899999999999,4.1970076855232596
104.44,4.1975050905768336
104.441,4.197992731243799
104.44199999999999,4.1984706002717571
104.443,4.1989386907848436
104.444,4.1993969962839239
104.44499999999999,4.1998455106467549
104.446,4.2002842281281216
104.447,4.2007131433599456
104.44799999999999,4.2011322513513569
104.449,4.2015415474887501
104.45,4.2019410275357982
104.45099999999999,4.2023306876334487
104.452,4.2027105242998797
104.453,4.2030805344304385
104.45399999999999,4.2034407152975426
104.455,4.2037910645505558
104.456,4.2041315802156332
104.45699999999999,4.2044622606955429
104.458,4.2047831047694473
104.459,4.205094111592671
104.45999999999999,4.2053952806964254
104.461,4.2056866119875158
104.462,4.2059681057480098
104.46299999999999,4.2062397626348869
104.464,4.2065015836796498
104.465,4.2067535702879173
104.46599999999999,4.2069957242389791
104.467,4.2072280476853239
104.468,4.2074505431521514
104.46899999999999,4.207663213536831
104.47,4.2078660621083603
104.471,4.2080590925067716
104.47199999999999,4.208242308742526
104.473,4.2084157151958719
104.474,4.2085793166161771
104.47499999999999,4.2087331181212315
104.476,4.2088771251965262
104.477,4.2090113436944963
104.47799999999999,4.2091357798337476
104.479,4.2092504401982405
104.48,4.2093553317364645
104.48099999999999,4.2094504617605679
104.482,4.2095358379454693
104.483,4.2096114683279406
104.48399999999999,4.2096773613056646
104.485,4.2097335256362536
104.486,4.2097799704362622
104.48699999999999,4.2098167051801481
104.488,4.209843739699231
104.489,4.2098610841806012
104.48999999999999,4.2098687491660218
104.491,4.209866745550789
104.492,4.2098550845825748
104.49299999999999,4.2098337778602399
104.494,4.2098028373326244
104.495,4.2097622752973018
104.496,4.2097121043993244
104.497,4.2096523376299224
104.498,4.2095829883251987
104.499,4.2095040701647752
104.5,4.2094155971704366
104.501,4.2093175837047339
104.502,4.2092100444695637
104.503,4.2090929945047311
104.504,4.2089664491864784
104.505,4.2088304242259973
104.506,4.2086849356679066
104.50700000000001,4.2085299998887162
104.508,4.2083656335952586
104.509,4.208191853823104
104.51000000000001,4.2080086779349424
104.511,4.2078161236189482
104.512,4.2076142088871205
104.51300000000001,4.2074029520736005
104.514,4.2071823718329631
104.515,4.2069524871384827
104.51600000000001,4.2067133172803901
104.517,4.2064648818640862
104.518,4.2062072008083522
104.51900000000001,4.2059402943435193
104.52,4.20566418300964
104.521,4.2053788876546081
104.52200000000001,4.2050844294322864
104.523,4.204780829800586
104.524,4.2044681105195458
104.52500000000001,4.2041462936493801
104.526,4.2038154015485025
104.527,4.2034754568715398
104.52800000000001,4.2031264825673169
104.529,4.2027685018768199
104.53,4.2024015383311468
104.53100000000001,4.2020256157494336
104.532,4.2016407582367608
104.533,4.2012469901820371
104.53400000000001,4.2008443362558721
104.535,4.2004328214084241
104.536,4.2000124708672271
104.53700000000001,4.1995833101350044
104.538,4.1991453649874622
104.539,4.1986986614710604
104.54000000000001,4.1982432259007734
104.541,4.1977790848578245
104.542,4.19730626518741
104.54300000000001,4.1968247939964014
104.544,4.1963346986510341
104.545,4.1958360067745728
104.54600000000001,4.1953287462449715
104.547,4.1948129451924991
104.548,4.1942886319973747
104.54900000000001,4.193755835287357
104.55,4.1932145839353474
104.551,4.1926649070569475
104.55200000000001,4.1921068340080341
104.553,4.1915403943822884
104.554,4.1909656180087325
104.55500000000001,4.1903825349492427
104.556,4.1897911754960431
104.557,4.1891915701691991
104.55800000000001,4.1885837497140832
104.559,4.1879677450988382
104.56,4.187343587511819
104.56100000000001,4.1867113083590244
104.562,4.1860709392615183
104.563,4.1854225120528383
104.56399999999999,4.1847660587763853
104.565,4.1841016116828111
104.566,4.1834292032273845
104.56699999999999,4.1827488660673549
104.568,4.1820606330592982
104.569,4.1813645372564547
104.56999999999999,4.1806606119060561
104.571,4.1799488904466395
104.572,4.1792294065053568
104.57299999999999,4.178502193895266
104.574,4.177767286612621
104.575,4.1770247188341489
104.57599999999999,4.1762745249143141
104.577,4.1755167393825792
104.578,4.1747513969406578
104.57899999999999,4.17397853245975
104.58,4.1731981809777841
104.581,4.1724103776966341
104.58199999999999,4.1716151579793452
104.583,4.1708125573473431
104.584,4.1700026114776341
104.58499999999999,4.1691853562000061
104.586,4.1683608274942197
104.587,4.1675290614871914
104.58799999999999,4.1666900944501721
104.589,4.1658439627959201
104.59,4.164990703075869
104.59099999999999,4.1641303519772901
104.592,4.1632629463204509
104.593,4.1623885230557649
104.59399999999999,4.161507119260941
104.595,4.1606187721381316
104.596,4.1597235190110649
104.59699999999999,4.1588213973221926
104.598,4.1579124446298135
104.599,4.1569966986052096
104.59999999999999,4.1560741970297723
104.601,4.1551449777921317
104.602,4.1542090788852715
104.60299999999999,4.1532665384036562
104.604,4.1523173945403489
104.605,4.1513616855841295
104.60599999999999,4.1503994499166117
104.607,4.149430726009359
104.608,4.1484555524209963
104.60899999999999,4.1474739677943315
104.61,4.1464860108534642
104.611,4.145491720400905
104.61199999999999,4.1444911353146852
104.613,4.1434842945454804
104.614,4.1424712371137185
104.61499999999999,4.1414520021067052
104.616,4.1404266286757405
104.617,4.1393951560332365
104.61799999999999,4.1383576234498447
104.619,4.137314070251584
104.62,4.1362645358169576
104.621,4.1352090595740973
104.622,4.1341476809978852
104.623,4.1330804396070961
104.624,4.1320073749615389
104.625,4.1309285266591944
104.626,4.1298439343333682
104.627,4.1287536376498419
104.628,4.1276576763040271
104.629,4.1265560900181324
104.63,4.1254489185383179
104.631,4.1243362016318823
104.63200000000001,4.1232179790844263
104.633,4.1220942906970421
104.634,4.1209651762834998
104.63500000000001,4.1198306756674423
104.636,4.1186908286795862
104.637,4.1175456751549291
104.63800000000001,4.1163952549299658
104.639,4.1152396078399072
104.64,4.1140787737159119
104.64100000000001,4.1129127923823212
104.642,4.1117417036539061
104.643,4.1105655473331133
104.64400000000001,4.1093843632073348
104.645,4.1081981910461725
104.646,4.1070070705987147
104.64700000000001,4.1058110415908251
104.648,4.1046101437224394
104.649,4.1034044166648709
104.65000000000001,4.1021939000581256
104.651,4.1009786335082214
104.652,4.099758656584533
104.65300000000001,4.0985340088171327
104.654,4.0973047296941436
104.655,4.0960708586591084
104.65600000000001,4.0948324351083656
104.657,4.093589498388444
104.658,4.0923420877934511
104.65900000000001,4.091090242562494
104.66,4.0898340018770991
104.661,4.0885734048586437
104.66200000000001,4.0873084905658121
104.663,4.086039297992043
104.664,4.0847658660630133
104.66500000000001,4.0834882336341103
104.666,4.0822064394879396
104.667,4.0809205223318319
104.66800000000001,4.0796305207953649
104.669,4.0783364734279024
104.67,4.0770384186961461
104.67100000000001,4.0757363949816972
104.672,4.0744304405786398
104.673,4.0731205936911277
104.67400000000001,4.0718068924309962
104.675,4.0704893748153852
104.676,4.0691680787643705
104.67700000000001,4.0678430420986187
104.678,4.0665143025370512
104.679,4.065181897694532
104.68000000000001,4.0638458650795553
104.681,4.0625062420919642
104.682,4.0611630660206792
104.68300000000001,4.0598163740414384
104.684,4.0584662032145626
104.685,4.0571125904827241
104.68600000000001,4.0557555726687511
104.687,4.0543951864734229
104.688,4.0530314684733071
104.68899999999999,4.0516644551185905
104.69,4.050294182730954
104.691,4.0489206875014343
104.69199999999999,4.047544005488322
104.693,4.0461641726150788
104.694,4.044781224668256
104.69499999999999,4.0433951972954452
104.696,4.042006126003244
104.697,4.0406140461552322
104.69799999999999,4.0392189929699747
104.699,4.0378210015190374
104.7,4.036420106725024
104.70099999999999,4.0350163433596311
104.702,4.0336097460417157
104.703,4.0322003492353922
104.70399999999999,4.0307881872481346
104.705,4.0293732942289164
104.706,4.0279557041663425
104.70699999999999,4.026535450886831
104.708,4.0251125680527879
104.709,4.0236870891608136
104.70999999999999,4.0222590475399329
104.711,4.020828476349827
104.712,4.0193954085791077
104.71299999999999,4.0179598770435927
104.714,4.0165219143846072
104.715,4.0150815530673105
104.71599999999999,4.013638825379032
104.717,4.0121937634276357
104.718,4.0107463991399008
104.71899999999999,4.0092967642599229
104.72,4.0078448903475339
104.721,4.0063908087767484
104.72199999999999,4.0049345507342187
104.723,4.0034761472177225
104.724,4.0020156290346645
104.72499999999999,4.0005530268005991
104.726,3.9990883709377743
104.727,3.997621691673694
104.72799999999999,3.996153019039705
104.729,3.9946823828696041
104.73,3.9932098127982609
104.73099999999999,3.9917353382602689
104.732,3.990258988488609
104.733,3.9887807925133418
104.73399999999999,3.987300779160317
104.735,3.9858189770499037
104.736,3.9843354145957415
104.73699999999999,3.9828501200035147
104.738,3.9813631212697445
104.739,3.9798744461806086
104.73999999999999,3.9783841223107697
104.741,3.9768921770222412
104.742,3.9753986374632588
104.74299999999999,3.9739035305671857
104.744,3.9724068830514292
104.745,3.9709087214163863
104.746,3.9694090719444048
104.747,3.9679079606987697
104.748,3.9664054135227089
104.749,3.9649014560384206
104.75,3.9633961136461195
104.751,3.9618894115231127
104.752,3.9603813746228829
104.753,3.95887202767421
104.754,3.9573613951802957
104.755,3.9558495014179273
104.756,3.9543363704366463
104.75700000000001,3.9528220260579534
104.758,3.9513064918745209
104.759,3.9497897912494397
104.76000000000001,3.9482719473154737
104.761,3.9467529829743491
104.762,3.9452329208960535
104.76300000000001,3.9437117835181636
104.764,3.9421895930451911
104.765,3.94066637144795
104.76600000000001,3.9391421404629439
104.767,3.9376169215917773
104.768,3.9360907361005868
104.76900000000001,3.9345636050194908
104.77,3.9330355491420628
104.771,3.931506589024826
104.77200000000001,3.9299767449867669
104.773,3.9284460371088707
104.774,3.926914485233679
104.77500000000001,3.9253821089648628
104.776,3.923848927666826
104.777,3.9223149604643179
104.77800000000001,3.9207802262420781
104.779,3.9192447436444899
104.78,3.917708531075264
104.78100000000001,3.9161716066971408
104.782,3.9146339884316061
104.783,3.9130956939586361
104.78400000000001,3.9115567407164589
104.785,3.9100171459013362
104.786,3.9084769264673636
104.78700000000001,3.9069360991262911
104.788,3.9053946803473738
104.789,3.9038526863572232
104.79000000000001,3.9023101331396948
104.791,3.9007670364357878
104.792,3.8992234117435705
104.79300000000001,3.8976792743181132
104.794,3.8961346391714593
104.795,3.8945895210725956
104.79600000000001,3.8930439345474586
104.797,3.8914978938789506
104.798,3.8899514131069766
104.79900000000001,3.8884045060285053
104.8,3.8868571861976418
104.801,3.885309466925722
104.80200000000001,3.8837613612814343
104.803,3.8822128820909416
104.804,3.8806640419380418
104.80500000000001,3.8791148531643342
104.806,3.8775653278694087
104.807,3.8760154779110518
104.80800000000001,3.874465314905474
104.809,3.872914850227553
104.81,3.8713640950110975
104.81100000000001,3.8698130601491196
104.812,3.8682617562941428
104.813,3.8667101938585082
104.81399999999999,3.8651583830147129
104.815,3.8636063336957607
104.816,3.8620540555955278
104.81699999999999,3.8605015581691502
104.818,3.858948850633424
104.819,3.8573959419672299
104.81999999999999,3.8558428409119649
104.821,3.8542895559720005
104.822,3.8527360954151488
104.82299999999999,3.8511824672731541
104.824,3.8496286793421937
104.825,3.8480747391833994
104.82599999999999,3.8465206541233945
104.827,3.8449664312548433
104.828,3.8434120774370246
104.82899999999999,3.8418575992964126
104.83,3.8403030032272807
104.831,3.8387482953923118
104.83199999999999,3.8371934817232383
104.833,3.8356385679214791
104.834,3.8340835594588145
104.83499999999999,3.8325284615780513
104.836,3.830973279293723
104.837,3.829418017392797
104.83799999999999,3.8278626804353917
104.839,3.8263072727555203
104.84,3.8247517984618353
104.84099999999999,3.8231962614384019
104.842,3.8216406653454698
104.843,3.8200850136202744
104.84399999999999,3.8185293094778423
104.845,3.8169735559118099
104.846,3.8154177556952646
104.84699999999999,3.8138619113815908
104.848,3.8123060253053334
104.849,3.8107500995830712
104.84999999999999,3.8091941361143111
104.851,3.8076381365823853
104.852,3.8060821024553659
104.85299999999999,3.8045260349869992
104.854,3.8029699352176358
104.855,3.8014138039751915
104.85599999999999,3.7998576418761063
104.857,3.7983014493263259
104.858,3.7967452265222867
104.85899999999999,3.7951889734519204
104.86,3.7936326898956612
104.861,3.7920763754274769
104.86199999999999,3.7905200294158963
104.863,3.7889636510250639
104.864,3.787407239215792
104.86499999999999,3.7858507927466309
104.866,3.784294310174948
104.867,3.782737789858023
104.86799999999999,3.7811812299541403
104.869,3.7796246284237056
104.87,3.7780679830303692
104.871,3.7765112913421497
104.872,3.7749545507325859
104.873,3.7733977583818787
104.874,3.7718409112780562
104.875,3.7702840062181444
104.876,3.7687270398093462
104.877,3.7671700084702318
104.878,3.7656129084319323
104.879,3.7640557357393516
104.88,3.7624984862523778
104.881,3.7609411556471137
104.88200000000001,3.759383739417101
104.883,3.7578262328745682
104.884,3.7562686311516771
104.88500000000001,3.7547109292017762
104.886,3.7531531218006764
104.887,3.751595203547911
104.88800000000001,3.7500371688680247
104.889,3.7484790120118574
104.89,3.7469207270578404
104.89100000000001,3.7453623079132989
104.892,3.7438037483157611
104.893,3.7422450418342685
104.89400000000001,3.7406861818707111
104.895,3.7391271616611439
104.896,3.7375679742771264
104.89700000000001,3.7360086126270682
104.898,3.7344490694575727
104.899,3.7328893373547904
104.90000000000001,3.7313294087457831
104.901,3.7297692758998804
104.902,3.7282089309300614
104.90300000000001,3.7266483657943228
104.904,3.7250875722970616
104.905,3.7235265420904629
104.90600000000001,3.7219652666758929
104.907,3.7204037374052898
104.908,3.7188419454825676
104.90900000000001,3.7172798819650223
104.91,3.71571753776474
104.911,3.7141549036500106
104.91200000000001,3.7125919702467449
104.913,3.7110287280398997
104.914,3.7094651673748982
104.91500000000001,3.7079012784590635
104.916,3.7063370513630516
104.917,3.704772476022284
104.91800000000001,3.703207542238387
104.919,3.7016422396806408
104.92,3.7000765578874155
104.92100000000001,3.6985104862676264
104.922,3.6969440141021832
104.923,3.6953771305454404
104.92400000000001,3.6938098246266589
104.925,3.6922420852514586
104.926,3.6906739012032808
104.92700000000001,3.6891052611448529
104.928,3.68753615361965
104.929,3.6859665670533612
104.93000000000001,3.6843964897553585
104.931,3.6828259099201635
104.932,3.6812548156289209
104.93300000000001,3.6796831948508686
104.934,3.6781110354448119
104.935,3.6765383251605961
104.93600000000001,3.6749650516405792
104.937,3.6733912024211124
104.938,3.6718167649340119
104.93899999999999,3.6702417265080367
104.94,3.6686660743703685
104.941,3.6670897956480824
104.94199999999999,3.6655128773696291
104.943,3.6639353064663096
104.944,3.6623570697737575
104.94499999999999,3.6607781540334066
104.946,3.6591985458939771
104.947,3.6576182319129424
104.94799999999999,3.656037198558014
104.949,3.654455432208608
104.95,3.652872919157323
104.95099999999999,3.6512896456114143
104.952,3.6497055976942603
104.953,3.6481207614468385
104.95399999999999,3.6465351228291922
104.955,3.6449486677219007
104.956,3.6433613819275417
104.95699999999999,3.641773251172161
104.958,3.6401842611067319
104.959,3.6385943973086161
104.95999999999999,3.6370036452830288
104.961,3.6354119904644877
104.962,3.633819418218275
104.96299999999999,3.6322259138418866
104.964,3.6306314625664831
104.965,3.6290360495583389
104.96599999999999,3.6274396599202863
104.967,3.6258422786931579
104.968,3.6242438908572314
104.96899999999999,3.6226444813336602
104.97,3.6210440349859105
104.971,3.6194425366211935
104.97199999999999,3.6178399709918905
104.973,3.6162363227969836
104.974,3.6146315766834674
104.97499999999999,3.6130257172477775
104.976,3.6114187290371969
104.977,3.6098105965512719
104.97799999999999,3.6082013042432157
104.979,3.6065908365213142
104.98,3.6049791777503248
104.98099999999999,3.6033663122528705
104.982,3.6017522243108351
104.983,3.6001368981667441
104.98399999999999,3.5985203180251553
104.985,3.5969024680540298
104.986,3.5952833323861135
104.98699999999999,3.5936628951203033
104.988,3.5920411403230119
104.989,3.5904180520295297
104.98999999999999,3.5887936142453811
104.991,3.5871678109476748
104.992,3.5855406260864529
104.99299999999999,3.5839120435860261
104.994,3.5822820473463173
104.995,3.5806506212441862
104.996,3.5790177491347643
104.997,3.5773834148527657
104.998,3.5757476022138093
104.999,3.5741102950157271
105,3.57247147703987
105.001,3.5708311320524055
105.002,3.5691892438056128
105.003,3.5675457960391705
105.004,3.5659007724814398
105.005,3.5642541568507387
105.006,3.5626059328566169
105.00700000000001,3.5609560842011181
105.008,3.5593045945800381
105.009,3.5576514476841812
105.01000000000001,3.5559966272006038
105.011,3.5543401168138589
105.012,3.5526819002072267
105.01300000000001,3.5510219610639462
105.014,3.5493602830684368
105.015,3.5476968499075126
105.01600000000001,3.5460316452715928
105.017,3.5443646528559078
105.018,3.5426958563616893
105.01900000000001,3.5410252394973671
105.02,3.5393527859797467
105.021,3.5376784795351917
105.02200000000001,3.5360023039007884
105.023,3.5343242428255151
105.024,3.5326442800713922
105.02500000000001,3.5309623994146371
105.026,3.5292785846468071
105.027,3.5275928195759301
105.02800000000001,3.525905088027641
105.029,3.5242153738462991
105.03,3.5225236608961046
105.03100000000001,3.5208299330622062
105.032,3.5191341742518034
105.033,3.5174363683952397
105.03400000000001,3.5157364994470885
105.035,3.5140345513872333
105.036,3.5123305082219431
105.03700000000001,3.5106243539849289
105.038,3.5089160727384119
105.039,3.5072056485741676
105.04000000000001,3.5054930656145689
105.041,3.5037783080136258
105.042,3.5020613599580073
105.04300000000001,3.50034220566807
105.044,3.4986208293988659
105.045,3.4968972154411508
105.04600000000001,3.4951713481223816
105.047,3.4934432118077066
105.048,3.4917127909009498
105.04900000000001,3.4899800698455898
105.05,3.4882450331257187
105.051,3.4865076652670148
105.05200000000001,3.4847679508376843
105.053,3.4830258744494165
105.054,3.48128142075831
105.05500000000001,3.4795345744658164
105.056,3.4777853203196485
105.057,3.4760336431147052
105.05800000000001,3.4742795276939713
105.059,3.4725229589494226
105.06,3.4707639218229107
105.06100000000001,3.4690024013070522
105.062,3.4672383824460988
105.063,3.4654718503368103
105.06399999999999,3.4637027901293114
105.065,3.461931187027945
105.066,3.4601570262921144
105.06699999999999,3.4583802932371257
105.068,3.4566009732350098
105.069,3.4548190517153459
105.06999999999999,3.4530345141660757
105.071,3.4512473461343078
105.072,3.4494575332271133
105.07299999999999,3.4476650611123185
105.074,3.4458699155192849
105.075,3.4440720822396789
105.07599999999999,3.4422715471282461
105.077,3.4404682961035626
105.078,3.4386623151487878
105.07899999999999,3.4368535903124062
105.08,3.4350421077089601
105.081,3.4332278535197807
105.08199999999999,3.4314108139937023
105.083,3.4295909754477734
105.084,3.427768324267964
105.08499999999999,3.4259428469098556
105.086,3.4241145298993327
105.087,3.4222833598332585
105.08799999999999,3.4204493233801507
105.089,3.4186124072808406
105.09,3.4167725983491328
105.09099999999999,3.4149298834724542
105.092,3.4130842496124902
105.093,3.4112356838058222
105.09399999999999,3.4093841731645473
105.095,3.4075297048769029
105.096,3.4056722662078682
105.09699999999999,3.4038118444997685
105.098,3.4019484271728748
105.099,3.4000820017259814
105.09999999999999,3.3982125557369902
105.101,3.3963400768634799
105.102,3.39446455284327
105.10299999999999,3.3925859714949742
105.104,3.3907043207185499
105.105,3.3888195884958412
105.10599999999999,3.3869317628911078
105.107,3.3850408320515513
105.108,3.3831467842078311
105.10899999999999,3.3812496076745822
105.11,3.379349290850906
105.111,3.3774458222208752
105.11199999999999,3.3755391903540155
105.113,3.3736293839057909
105.114,3.3717163916180706
105.11499999999999,3.3698002023195981
105.116,3.3678808049264473
105.117,3.3659581884424759
105.11799999999999,3.3640323419597653
105.119,3.3621032546590559
105.12,3.3601709158101789
105.121,3.3582353147724775
105.122,3.3562964409952158
105.123,3.3543542840179916
105.124,3.3524088334711313
105.125,3.3504600790760848
105.126,3.3485080106458116
105.127,3.3465526180851555
105.128,3.3445938913912174
105.129,3.34263182065372
105.13,3.3406663960553638
105.131,3.3386976078721746
105.13200000000001,3.3367254464738521
105.133,3.3347499023240963
105.134,3.3327709659809495
105.13500000000001,3.3307886280971033
105.136,3.3288028794202265
105.137,3.3268137107932656
105.13800000000001,3.3248211131547492
105.139,3.3228250775390809
105.14,3.3208255950768297
105.14100000000001,3.3188226569950068
105.142,3.3168162546173456
105.143,3.314806379364565
105.14400000000001,3.3127930227546316
105.145,3.3107761764030146
105.146,3.308755832022936
105.14700000000001,3.3067319814256031
105.148,3.3047046165204566
105.149,3.3026737293153872
105.15000000000001,3.3006393119169664
105.151,3.2986013565306505
105.152,3.2965598554610045
105.15300000000001,3.2945148011118945
105.154,3.2924661859866853
105.155,3.2904140026884319
105.15600000000001,3.2883582439200678
105.157,3.2862989024845715
105.158,3.284235971285149
105.15900000000001,3.2821694433253943
105.16,3.2800993117094501
105.161,3.2780255696421547
105.16200000000001,3.2759482104292017
105.163,3.2738672274772673
105.164,3.2717826142941551
105.16500000000001,3.2696943644889207
105.166,3.2676024717719958
105.167,3.2655069299553068
105.16800000000001,3.2634077329523832
105.169,3.2613048747784674
105.17,3.2591983495506121
105.17100000000001,3.2570881514877756
105.172,3.2549742749109085
105.173,3.2528567142430376
105.17400000000001,3.2507354640093471
105.175,3.2486105188372418
105.176,3.2464818734564211
105.17700000000001,3.2443495226989363
105.178,3.2422134614992455
105.179,3.2400736848942642
105.18000000000001,3.2379301880234079
105.181,3.2357829661286357
105.182,3.2336320145544795
105.18300000000001,3.23147732874807
105.184,3.2293189042591686
105.185,3.2271567367401772
105.18600000000001,3.2249908219461538
105.187,3.2228211557348194
105.188,3.2206477340665645
105.18899999999999,3.218470553004436
105.19,3.2162896087141446
105.191,3.214104897464038
105.19199999999999,3.2119164156250921
105.193,3.2097241596708841
105.194,3.2075281261775683
105.19499999999999,3.2053283118238398
105.196,3.2031247133909027
105.197,3.2009173277624225
105.19799999999999,3.198706151924485
105.199,3.1964911829655391
105.2,3.1942724180763471
105.20099999999999,3.1920498545499196
105.202,3.1898234897814515
105.203,3.1875933212682526
105.20399999999999,3.1853593466096757
105.205,3.183121563507032
105.206,3.1808799697635131
105.20699999999999,3.1786345632841027
105.208,3.1763853420754833
105.209,3.1741323042459375
105.20999999999999,3.1718754480052564
105.211,3.1696147716646221
105.212,3.1673502736365111
105.21299999999999,3.1650819524345701
105.214,3.1628098066735091
105.215,3.1605338350689696
105.21599999999999,3.1582540364374059
105.217,3.1559704096959567
105.218,3.1536829538623032
105.21899999999999,3.1513916680545409
105.22,3.1490965514910321
105.221,3.1467976034902616
105.22199999999999,3.1444948234706902
105.223,3.1421882109505979
105.224,3.1398777655479293
105.22499999999999,3.1375634869801323
105.226,3.1352453750639939
105.227,3.1329234297154716
105.22799999999999,3.1305976509495226
105.229,3.1282680388799253
105.23,3.1259345937191081
105.23099999999999,3.1235973157779577
105.232,3.121256205465639
105.233,3.1189112632894034
105.23399999999999,3.1165624898543971
105.235,3.1142098858634641
105.236,3.1118534521169461
105.23699999999999,3.1094931895124813
105.238,3.1071290990447951
105.239,3.1047611818054932
105.23999999999999,3.1023894389828484
105.241,3.1000138718615835
105.242,3.0976344818226522
105.24299999999999,3.0952512703430175
105.244,3.0928642389954275
105.245,3.0904733894481828
105.246,3.0880787234649096
105.247,3.0856802429043206
105.248,3.0832779497199825
105.249,3.0808718459600724
105.25,3.0784619337671346
105.251,3.076048215377833
105.252,3.073630693122706
105.253,3.0712093694259117
105.254,3.0687842468049737
105.255,3.0663553278705229
105.256,3.0639226153260379
105.25700000000001,3.0614861119675867
105.258,3.0590458206835502
105.259,3.0566017444543649
105.26000000000001,3.054153886352247
105.261,3.0517022495409192
105.262,3.0492468372753376
105.26300000000001,3.04678765290141
105.264,3.044324699855717
105.265,3.0418579816652276
105.26600000000001,3.0393875019470147
105.267,3.0369132644079673
105.268,3.0344352728444974
105.26900000000001,3.0319535311422525
105.27,3.0294680432758132
105.271,3.0269788133084043
105.27200000000001,3.0244858453915855
105.273,3.0219891437649591
105.274,3.0194887127558614
105.27500000000001,3.0169845567790565
105.276,3.0144766803364273
105.277,3.0119650880166713
105.27800000000001,3.0094497844949779
105.279,3.0069307745327225
105.28,3.0044080629771481
105.28100000000001,3.0018816547610445
105.282,2.9993515549024292
105.283,2.9968177685042243
105.28400000000001,2.9942803007539363
105.285,2.9917391569233249
105.286,2.9891943423680765
105.28700000000001,2.9866458625274759
105.288,2.9840937229240732
105.289,2.981537929163351
105.29000000000001,2.9789784869333884
105.291,2.9764154020045277
105.292,2.9738486802290303
105.29300000000001,2.9712783275407397
105.294,2.9687043499547392
105.295,2.9661267535670102
105.29600000000001,2.963545544554083
105.297,2.9609607291726934
105.298,2.9583723137594342
105.29900000000001,2.9557803047304034
105.3,2.9531847085808547
105.301,2.9505855318848448
105.30200000000001,2.9479827812948782
105.303,2.9453764635415536
105.304,2.9427665854332017
105.30500000000001,2.9401531538555368
105.306,2.9375361757712839
105.307,2.9349156582198286
105.30800000000001,2.9322916083168487
105.309,2.9296640332539545
105.31,2.9270329402983197
105.31100000000001,2.9243983367923168
105.312,2.921760230153148
105.313,2.9191186278724848
105.31399999999999,2.9164735375160848
105.315,2.9138249667234315
105.316,2.911172923207356
105.31699999999999,2.9085174147536663
105.318,2.9058584492207742
105.319,2.9031960345393157
105.31999999999999,2.9005301787117781
105.321,2.8978608898121214
105.322,2.8951881759853979
105.32299999999999,2.8925120454473756
105.324,2.8898325064841561
105.325,2.8871495674517913
105.32599999999999,2.8844632367759067
105.327,2.8817735229513097
105.328,2.8790804345416121
105.32899999999999,2.8763839801788422
105.33,2.8736841685630585
105.331,2.8709810084619645
105.33199999999999,2.8682745087105195
105.333,2.8655646782105491
105.334,2.8628515259303593
105.33499999999999,2.860135060904343
105.336,2.8574152922325924
105.337,2.8546922290805026
105.33799999999999,2.8519658806783852
105.339,2.8492362563210727
105.34,2.8465033653675209
105.34099999999999,2.8437672172404245
105.342,2.8410278214258096
105.343,2.8382851874726489
105.34399999999999,2.835539324992459
105.345,2.8327902436589087
105.346,2.8300379532074129
105.34699999999999,2.8272824634347469
105.348,2.8245237841986364
105.349,2.821761925417368
105.34999999999999,2.8189968970693799
105.351,2.816228709192873
105.352,2.8134573718853981
105.35299999999999,2.810682895303469
105.354,2.8079052896621461
105.355,2.8051245652346468
105.35599999999999,2.8023407323519347
105.357,2.7995538014023253
105.358,2.7967637828310727
105.35899999999999,2.7939706871399754
105.36,2.7911745248869662
105.361,2.7883753066857109
105.36199999999999,2.785573043205205
105.363,2.782767745169366
105.364,2.7799594233566292
105.36499999999999,2.7771480885995419
105.366,2.7743337517843591
105.367,2.7715164238506387
105.36799999999999,2.7686961157908287
105.369,2.7658728386498703
105.37,2.7630466035247823
105.371,2.7602174215642616
105.372,2.757385303968269
105.373,2.7545502619876303
105.374,2.7517123069236193
105.375,2.7488714501275586
105.376,2.7460277030004074
105.377,2.7431810769923524
105.378,2.7403315836024067
105.379,2.7374792343779921
105.38,2.734624040914539
105.381,2.7317660148550726
105.38200000000001,2.7289051678898102
105.383,2.7260415117557439
105.384,2.7231750582362442
105.38500000000001,2.7203058191606391
105.386,2.7174338064038168
105.387,2.7145590318858046
105.38800000000001,2.7116815075713756
105.389,2.7088012454696271
105.39,2.7059182576335772
105.39100000000001,2.7030325561597577
105.392,2.700144153187805
105.393,2.6972530609000467
105.39400000000001,2.6943592915211028
105.395,2.6914628573174659
105.396,2.6885637705971059
105.39700000000001,2.685662043709049
105.398,2.6827576890429814
105.399,2.6798507190288303
105.40000000000001,2.6769411461363655
105.401,2.6740289828747881
105.402,2.6711142417923233
105.40300000000001,2.6681969354758088
105.404,2.6652770765502964
105.405,2.6623546776786386
105.40600000000001,2.6594297515610843
105.407,2.65650231093487
105.408,2.6535723685738164
105.40900000000001,2.6506399372879197
105.41,2.6477050299229483
105.411,2.6447676593600344
105.41200000000001,2.6418278385152703
105.413,2.6388855803393008
105.414,2.635940897816925
105.41500000000001,2.6329938039666798
105.416,2.630044311840448
105.417,2.6270924345230435
105.41800000000001,2.62413818513182
105.419,2.6211815768162512
105.42,2.618222622757544
105.42100000000001,2.615261336168222
105.422,2.6122977302917327
105.423,2.6093318184020404
105.42400000000001,2.6063636138032273
105.425,2.6033931298290849
105.426,2.6004203798427241
105.42700000000001,2.597445377236165
105.428,2.5944681354299406
105.429,2.5914886678726967
105.43000000000001,2.5885069880407903
105.431,2.5855231094378919
105.432,2.5825370455945911
105.43300000000001,2.5795488100679842
105.434,2.5765584164412929
105.435,2.5735658783234578
105.43600000000001,2.5705712093487429
105.437,2.5675744231763376
105.438,2.5645755334899634
105.43899999999999,2.5615745539974757
105.44,2.5585714984304717
105.441,2.5555663805438891
105.44199999999999,2.5525592141156208
105.443,2.5495500129461117
105.444,2.5465387908579755
105.44499999999999,2.5435255616955903
105.446,2.5405103393247184
105.447,2.5374931376321026
105.44799999999999,2.5344739705250863
105.449,2.5314528519312147
105.45,2.5284297957978472
105.45099999999999,2.5254048160917684
105.452,2.5223779267987987
105.453,2.5193491419234046
105.45399999999999,2.5163184754883132
105.455,2.5132859415341229
105.456,2.5102515541189163
105.45699999999999,2.5072153273178754
105.458,2.5041772752228946
105.459,2.5011374119421985
105.45999999999999,2.4980957515999531
105.461,2.4950523083358851
105.462,2.4920070963049001
105.46299999999999,2.488960129676693
105.464,2.4859114226353762
105.465,2.4828609893790907
105.46599999999999,2.4798088441196273
105.467,2.4767550010820489
105.468,2.473699474504309
105.46899999999999,2.4706422786368729
105.47,2.4675834277423414
105.471,2.4645229360950696
105.47199999999999,2.4614608179807989
105.473,2.4583970876962686
105.474,2.4553317595488524
105.47499999999999,2.4522648478561759
105.476,2.4491963669457459
105.477,2.4461263311545784
105.47799999999999,2.4430547548288244
105.479,2.4399816523233961
105.48,2.4369070380016007
105.48099999999999,2.4338309262347684
105.482,2.4307533314018799
105.483,2.4276742678892016
105.48399999999999,2.4245937500899162
105.485,2.421511792403753
105.486,2.4184284092366277
105.48699999999999,2.4153436150002685
105.488,2.412257424111858
105.489,2.4091698509936657
105.48999999999999,2.4060809100726841
105.491,2.402990615780269
105.492,2.3998989825517749
105.49299999999999,2.3968060248261942
105.494,2.3937117570458013
105.495,2.3906161936557844
105.496,2.3875193491038962
105.497,2.3844212378400913
105.498,2.381321874316169
105.499,2.3782212729854217
105.5,2.3751194483022715
105.501,2.372016414721926
105.502,2.3689121867000131
105.503,2.365806778692241
105.504,2.3627002051540344
105.505,2.359592480540194
105.506,2.356483619304536
105.50700000000001,2.3533736358995556
105.508,2.3502625447760623
105.509,2.3471503603828507
105.51000000000001,2.3440370971663347
105.511,2.3409227695702213
105.512,2.3378073920351485
105.51300000000001,2.3346909789983572
105.514,2.3315735448933306
105.515,2.3284551041494703
105.51600000000001,2.3253356711917399
105.517,2.3222152604403372
105.518,2.3190938863103447
105.51900000000001,2.3159715632113977
105.52,2.3128483055473446
105.521,2.3097241277159113
105.52200000000001,2.3065990441083621
105.523,2.303473069109172
105.524,2.3003462170956874
105.52500000000001,2.2972185024377958
105.526,2.2940899394975904
105.527,2.2909605426290476
105.52800000000001,2.2878303261776884
105.529,2.2846993044802559
105.53,2.2815674918643825
105.53100000000001,2.2784349026482698
105.532,2.2753015511403536
105.533,2.2721674516389885
105.53400000000001,2.2690326184321168
105.535,2.2658970657969522
105.536,2.2627608079996513
105.53700000000001,2.2596238592950004
105.538,2.256486233926088
105.539,2.2533479461239927
105.54000000000001,2.2502090101074597
105.541,2.2470694400825915
105.542,2.2439292502425245
105.54300000000001,2.2407884547671206
105.544,2.237647067822651
105.545,2.2345051035614834
105.54600000000001,2.2313625761217724
105.547,2.2282194996271492
105.548,2.2250758881864079
105.54900000000001,2.2219317558932068
105.55,2.2187871168257502
105.551,2.2156419850464935
105.55200000000001,2.2124963746018285
105.553,2.2093502995217857
105.554,2.2062037738197309
105.55500000000001,2.2030568114920634
105.556,2.1999094265179111
105.557,2.19676163285884
105.55800000000001,2.1936134444585469
105.559,2.1904648752425704
105.56,2.1873159391179873
105.56100000000001,2.1841666499731254
105.562,2.1810170216772624
105.563,2.1778670680803414
105.56399999999999,2.1747168030126698
105.565,2.1715662402846387
105.566,2.1684153936864266
105.56699999999999,2.1652642769877164
105.568,2.162112903937405
105.569,2.1589612882633209
105.56999999999999,2.1558094436719348
105.571,2.1526573838480858
105.572,2.1495051224546859
105.57299999999999,2.1463526731324509
105.574,2.1432000494996157
105.575,2.1400472651516544
105.57599999999999,2.1368943336610062
105.577,2.1337412685767991
105.578,2.130588083424569
105.57899999999999,2.1274347917059981
105.58,2.1242814068986258
105.581,2.1211279424555962
105.58199999999999,2.1179744118053714
105.583,2.1148208283514722
105.584,2.1116672054722074
105.58499999999999,2.1085135565204114
105.586,2.1053598948231698
105.587,2.1022062336815663
105.58799999999999,2.0990525863704121
105.589,2.0958989661379888
105.59,2.0927453862057859
105.59099999999999,2.0895918597682446
105.592,2.0864383999924971
105.593,2.0832850200181121
105.59399999999999,2.0801317329568398
105.595,2.0769785518923558
105.596,2.0738254898800115
105.59699999999999,2.0706725599465812
105.598,2.0675197750900125
105.599,2.0643671482791763
105.59999999999999,2.061214692453623
105.601,2.0580624205233331
105.602,2.0549103453684712
105.60299999999999,2.0517584798391493
105.604,2.0486068367551731
105.605,2.045455428905814
105.60599999999999,2.0423042690495601
105.607,2.0391533699138833
105.608,2.036002744194997
105.60899999999999,2.0328524045576279
105.61,2.0297023636347742
105.611,2.0265526340274791
105.61199999999999,2.0234032283045922
105.613,2.0202541590025476
105.614,2.0171054386251255
105.61499999999999,2.0139570796432356
105.616,2.0108090944946806
105.617,2.0076614955839376
105.61799999999999,2.0045142952819299
105.619,2.0013675059258116
105.62,1.9982211398187404
105.621,1.9950752092296602
105.622,1.9919297263930849
105.623,1.9887847035088788
105.624,1.9856401527420444
105.625,1.9824960862225067
105.626,1.9793525160448984
105.627,1.9762094542683537
105.628,1.9730669129162954
105.629,1.969924903976227
105.63,1.966783439399526
105.631,1.9636425311012387
105.63200000000001,1.9605021909598745
105.633,1.9573624308172053
105.634,1.9542232624780649
105.63500000000001,1.951084697710143
105.636,1.9479467482437949
105.637,1.94480942577184
105.63800000000001,1.9416727419493662
105.639,1.9385367083935345
105.64,1.935401336683392
105.64100000000001,1.9322666383596727
105.642,1.9291326249246152
105.643,1.9259993078417663
105.64400000000001,1.9228666985358018
105.645,1.9197348083923336
105.646,1.9166036487577331
105.64700000000001,1.9134732309389411
105.648,1.9103435662032933
105.649,1.9072146657783327
105.65000000000001,1.9040865408516408
105.651,1.9009592025706525
105.652,1.8978326620424864
105.65300000000001,1.8947069303337631
105.654,1.8915820184704466
105.655,1.8884579374376562
105.65600000000001,1.8853346981795123
105.657,1.8822123115989546
105.658,1.8790907885575905
105.65900000000001,1.8759701398755142
105.66,1.8728503763311566
105.661,1.8697315086611153
105.66200000000001,1.8666135475599961
105.663,1.8634965036802524
105.664,1.8603803876320333
105.66500000000001,1.8572652099830194
105.666,1.8541509812582726
105.667,1.851037711940084
105.66800000000001,1.8479254124678186
105.669,1.8448140932377692
105.67,1.8417037646030043
105.67100000000001,1.8385944368732212
105.672,1.8354861203146049
105.673,1.8323788251496769
105.67400000000001,1.8292725615571612
105.675,1.8261673396718323
105.676,1.823063169584386
105.67700000000001,1.8199600613412978
105.678,1.8168580249446817
105.679,1.8137570703521622
105.68000000000001,1.8106572074767389
105.681,1.8075584461866494
105.682,1.8044607963052484
105.68300000000001,1.8013642676108672
105.684,1.7982688698366998
105.685,1.7951746126706634
105.68600000000001,1.7920815057552861
105.687,1.7889895586875739
105.688,1.7858987810189006
105.68899999999999,1.7828091822548728
105.69,1.7797207718552319
105.691,1.776633559233717
105.69199999999999,1.7735475537579659
105.693,1.7704627647493907
105.694,1.767379201483076
105.69499999999999,1.7642968731876558
105.696,1.761215789045218
105.697,1.758135958191188
105.69799999999999,1.7550573897142254
105.699,1.7519800926561229
105.7,1.7489040760116978
105.70099999999999,1.745829348728698
105.702,1.7427559197076965
105.703,1.739683797801995
105.70399999999999,1.7366129918175313
105.705,1.7335435105127777
105.706,1.7304753625986566
105.70699999999999,1.7274085567384381
105.708,1.7243431015476596
105.709,1.7212790055940301
105.70999999999999,1.7182162773973488
105.711,1.7151549254294152
105.712,1.7120949581139502
105.71299999999999,1.7090363838265064
105.714,1.7059792108943936
105.715,1.7029234475965969
105.71599999999999,1.6998691021637029
105.717,1.6968161827778157
105.718,1.6937646975724916
105.71899999999999,1.6907146546326584
105.72,1.6876660619945518
105.721,1.6846189276456354
105.72199999999999,1.6815732595245443
105.723,1.6785290655210081
105.724,1.6754863534757942
105.72499999999999,1.6724451311806363
105.726,1.6694054063781811
105.727,1.6663671867619185
105.72799999999999,1.6633304799761326
105.729,1.6602952936158346
105.73,1.6572616352267162
105.73099999999999,1.654229512305089
105.732,1.6511989322978367
105.733,1.648169902602358
105.73399999999999,1.6451424305665256
105.735,1.642116523488629
105.736,1.6390921886173397
105.73699999999999,1.6360694331516505
105.738,1.6330482642408506
105.739,1.6300286889844697
105.73999999999999,1.6270107144322461
105.741,1.6239943475840835
105.742,1.620979595390019
105.74299999999999,1.617966464750183
105.744,1.6149549625147681
105.745,1.6119450954839949
105.746,1.6089368704080858
105.747,1.60593029398723
105.748,1.6029253728715598
105.749,1.5999221136611252
105.75,1.5969205229058669
105.751,1.5939206071055945
105.752,1.5909223727099626
105.753,1.587925826118461
105.754,1.5849309736803825
105.755,1.5819378216948154
105.756,1.5789463764106264
105.75700000000001,1.5759566440264492
105.758,1.572968630690663
105.759,1.569982342501397
105.76000000000001,1.5669977855065094
105.761,1.5640149657035853
105.762,1.5610338890399287
105.76300000000001,1.558054561412562
105.764,1.5550769886682199
105.765,1.5521011766033461
105.76600000000001,1.5491271309640997
105.767,1.5461548574463535
105.768,1.5431843616956957
105.76900000000001,1.540215649307441
105.77,1.5372487258266279
105.771,1.5342835967480348
105.77200000000001,1.5313202675161861
105.773,1.5283587435253629
105.774,1.5253990301196172
105.77500000000001,1.5224411325927842
105.776,1.5194850561884983
105.777,1.5165308061002105
105.77800000000001,1.5135783874712092
105.779,1.510627805394634
105.78,1.5076790649135057
105.78100000000001,1.504732171020742
105.782,1.5017871286591866
105.783,1.4988439427216342
105.78400000000001,1.495902618050857
105.785,1.4929631594396349
105.786,1.4900255716307858
105.78700000000001,1.4870898593171984
105.788,1.4841560271418635
105.789,1.4812240796979124
105.79000000000001,1.47829402152865
105.791,1.4753658571275969
105.792,1.4724395909385211
105.79300000000001,1.4695152273554912
105.794,1.4665927707229063
105.795,1.4636722253355494
105.79600000000001,1.4607535954386246
105.797,1.4578368852278114
105.798,1.4549220988493095
105.79900000000001,1.4520092403998859
105.8,1.4490983139269307
105.801,1.446189323428507
105.80200000000001,1.4432822728534067
105.803,1.4403771661012053
105.804,1.4374740070223144
105.80500000000001,1.4345727994180506
105.806,1.4316735470406818
105.807,1.4287762535935025
105.80800000000001,1.4258809227308835
105.809,1.4229875580583446
105.81,1.4200961631326157
105.81100000000001,1.4172067414617069
105.812,1.4143192965049745
105.813,1.4114338316731896
105.81399999999999,1.4085503503286112
105.815,1.4056688557850607
105.816,1.4027893513079901
105.81699999999999,1.3999118401145636
105.818,1.3970363253737272
105.819,1.3941628102062942
105.81999999999999,1.3912912976850178
105.821,1.3884217908346785
105.822,1.3855542926321578
105.82299999999999,1.3826888060065323
105.824,1.3798253338391493
105.825,1.3769638789637164
105.82599999999999,1.374104444166391
105.827,1.3712470321858652
105.828,1.3683916457134599
105.82899999999999,1.3655382873932138
105.83,1.3626869598219786
105.831,1.3598376655495084
105.83199999999999,1.356990407078561
105.833,1.3541451868649939
105.834,1.351302007317857
105.83499999999999,1.3484608707995001
105.836,1.3456217796256651
105.837,1.3427847360655969
105.83799999999999,1.3399497423421391
105.839,1.3371168006318455
105.84,1.3342859130650784
105.84099999999999,1.3314570817261231
105.842,1.3286303086532925
105.843,1.3258055958390389
105.84399999999999,1.3229829452300592
105.845,1.3201623587274185
105.846,1.3173438381866511
105.84699999999999,1.3145273854178856
105.848,1.3117130021859542
105.849,1.3089006902105111
105.84999999999999,1.3060904511661546
105.851,1.3032822866825446
105.852,1.3004761983445208
105.85299999999999,1.2976721876922304
105.854,1.2948702562212457
105.855,1.2920704053826952
105.85599999999999,1.289272636583382
105.857,1.2864769511859173
105.858,1.2836833505088439
105.85899999999999,1.2808918358267682
105.86,1.2781024083704906
105.861,1.2753150693271369
105.86199999999999,1.272529819840287
105.863,1.26974666101012
105.864,1.2669655938935349
105.86499999999999,1.2641866195042994
105.866,1.2614097388131795
105.867,1.258634952748084
105.86799999999999,1.2558622621941942
105.869,1.2530916679941209
105.87,1.2503231709480283
105.871,1.2475567718137932
105.872,1.2447924713071385
105.873,1.2420302701017809
105.874,1.2392701688295817
105.875,1.2365121680806883
105.876,1.2337562684036856
105.877,1.2310024703057465
105.878,1.2282507742527811
105.879,1.2255011806695899
105.88,1.2227536899400149
105.881,1.2200083024070913
105.88200000000001,1.2172650183732121
105.883,1.2145238381002712
105.884,1.211784761809831
105.88500000000001,1.2090477896832719
105.886,1.2063129218619584
105.887,1.2035801584473946
105.88800000000001,1.2008494995013896
105.889,1.1981209450462111
105.89,1.195394495064761
105.89100000000001,1.1926701495007264
105.892,1.1899479082587558
105.893,1.1872277712046153
105.89400000000001,1.1845097381653635
105.895,1.1817938089295159
105.896,1.179079983247213
105.89700000000001,1.1763682608303889
105.898,1.1736586413529493
105.899,1.1709511244509339
105.90000000000001,1.1682457097226939
105.901,1.1655423967290661
105.902,1.1628411849935434
105.90300000000001,1.1601420740024559
105.904,1.1574450632051401
105.905,1.1547501520141219
105.90600000000001,1.1520573398052927
105.907,1.1493666259180841
105.908,1.1466780096556577
105.90900000000001,1.1439914902850721
105.91,1.1413070670374768
105.911,1.1386247391082862
105.91200000000001,1.1359445056573676
105.913,1.1332663658092219
105.914,1.1305903186531694
105.91500000000001,1.1279163632435352
105.916,1.1252444985998389
105.917,1.1225747237069739
105.91800000000001,1.1199070375154041
105.919,1.1172414389413461
105.92,1.1145779268669636
105.92100000000001,1.1119165001405535
105.922,1.1092571575767414
105.923,1.1065998979566671
105.92400000000001,1.1039447200281847
105.925,1.1012916225060501
105.926,1.0986406040721168
105.92700000000001,1.0959916633755311
105.928,1.0933447990329306
105.929,1.0907000096286315
105.93000000000001,1.0880572937148361
105.931,1.0854166498118216
105.932,1.0827780764081452
105.93300000000001,1.0801415719608394
105.934,1.0775071348956107
105.935,1.0748747636070415
105.93600000000001,1.0722444564587947
105.937,1.0696162117838053
105.938,1.066990027884495
105.93899999999999,1.0643659030329653
105.94,1.0617438354712063
105.941,1.0591238234112959
105.94199999999999,1.0565058650356123
105.943,1.0538899584970314
105.944,1.0512761019191394
105.94499999999999,1.0486642933964305
105.946,1.0460545309945259
105.947,1.0434468127503684
105.94799999999999,1.0408411366724424
105.949,1.038237500740975
105.95,1.0356359029081466
105.95099999999999,1.0330363410983046
105.952,1.0304388132081694
105.953,1.0278433171070451
105.95399999999999,1.0252498506370382
105.955,1.0226584116132562
105.956,1.0200689978240347
105.95699999999999,1.0174816070311381
105.958,1.0148962369699832
105.959,1.0123128853498431
105.95999999999999,1.0097315498540713
105.961,1.0071522281403067
105.962,1.0045749178406991
105.96299999999999,1.0019996165621146
105.964,0.99942632188636016
105.965,0.99685503137039411
105.96599999999999,0.99428574254654856
105.967,0.99171845292274252
105.968,0.98915315998269771
105.96899999999999,0.98658986118616543
105.97,0.98402855396913735
105.971,0.98146923574406464
105.97199999999999,0.97891190390008176
105.973,0.97635655580322234
105.974,0.97380318879664207
105.97499999999999,0.97125180020083435
105.976,0.96870238731385783
105.977,0.96615494741154984
105.97799999999999,0.96360947774775529
105.979,0.96106597555453988
105.98,0.9585244380424216
105.98099999999999,0.95598486240058378
105.982,0.95344724579710372
105.983,0.95091158537917453
105.98399999999999,0.94837787827332498
105.985,0.94584612158564441
105.986,0.94331631240201141
105.98699999999999,0.94078844778830861
105.988,0.93826252479065286
105.989,0.9357385404356191
105.98999999999999,0.93321649173046128
105.991,0.93069637566334174
105.992,0.92817818920355166
105.99299999999999,0.9256619293017414
105.994,0.92314759289014137
105.995,0.92063517688278651
105.996,0.91812467817574972
105.997,0.91561609364735719
105.998,0.91310942015842245
105.999,0.91060465455247042
106,0.90810179365595989
106.001,0.90560083427851512
106.002,0.90310177321314944
106.003,0.90060460723649172
106.004,0.8981093331090173
106.005,0.89561594757526897
106.006,0.89312444736408581
106.00700000000001,0.8906348291888313
106.008,0.88814708974762269
106.009,0.88566122572355255
106.01000000000001,0.88317723378491886
106.011,0.8806951105854528
106.012,0.87821485276454792
106.01300000000001,0.8757364569474817
106.014,0.87325991974564787
106.015,0.87078523775678041
106.01600000000001,0.86831240756518624
106.017,0.86584142574196754
106.018,0.86337228884524908
106.01900000000001,0.86090499342040716
106.02,0.85843953600030209
106.021,0.85597591310549315
106.02200000000001,0.85351412124447901
106.023,0.85105415691391384
106.024,0.8485960165988462
106.02500000000001,0.84613969677293244
106.026,0.84368519389867624
106.027,0.84123250442764741
106.02800000000001,0.83878162480071561
106.029,0.83633255144826646
106.03,0.83388528079044133
106.03100000000001,0.83143980923735095
106.032,0.82899613318931653
106.033,0.82655424903708008
106.03400000000001,0.82411415316204462
106.035,0.82167584193648779
106.036,0.81923931172379905
106.03700000000001,0.81680455887869807
106.038,0.81437157974746288
106.039,0.81194037066815361
106.04000000000001,0.80951092797084079
106.041,0.80708324797782871
106.042,0.80465732700387771
106.04300000000001,0.80223316135643197
106.044,0.79981074733584445
106.045,0.79739008123559896
106.04600000000001,0.79497115934253393
106.047,0.79255397793706583
106.048,0.79013853329341877
106.04900000000001,0.78772482167983759
106.05,0.78531283935881824
106.051,0.78290258258732637
106.05200000000001,0.78049404761702545
106.053,0.77808723069449148
106.054,0.7756821280614381
106.05500000000001,0.77327873595494023
106.056,0.77087705060765455
106.057,0.76847706824803641
106.05799999999999,0.76607878510056415
106.059,0.76368219738596022
106.06,0.76128730132140876
106.06100000000001,0.75889409312077483
106.062,0.75650256899482549
106.063,0.75411272515144789
106.06399999999999,0.75172455779587044
106.065,0.74933806313087392
106.066,0.74695323735701846
106.06700000000001,0.74457007667285091
106.068,0.74218857727513377
106.069,0.73980873535905078
106.06999999999999,0.73743054711842682
106.071,0.73505400874594851
106.072,0.73267911643337391
106.07299999999999,0.73030586637174633
106.074,0.72793425475161588
106.075,0.72556427776324584
106.07599999999999,0.72319593159683393
106.077,0.7208292124427147
106.078,0.71846411649158526
106.07899999999999,0.71610063993470519
106.08,0.71373877896412097
106.081,0.71137852977286298
106.08199999999999,0.70901988855516884
106.083,0.70666285150668529
106.084,0.7043074148246824
106.08499999999999,0.70195357470826103
106.086,0.69960132735856373
106.087,0.69725066897897725
106.08799999999999,0.69490159577534949
106.089,0.69255410395618755
106.09,0.69020818973286757
106.09099999999999,0.68786384931984257
106.092,0.6855210789348487
106.093,0.68317987479910491
106.09399999999999,0.68084023313752007
106.095,0.67850215017889881
106.096,0.67616562215614295
106.09699999999999,0.67383064530645354
106.098,0.67149721587153288
106.099,0.669165330097786
106.09999999999999,0.66683498423652332
106.101,0.66450617454415672
106.102,0.66217889728240453
106.10299999999999,0.65985314871848422
106.104,0.65752892512531758
106.105,0.65520622278171992
106.10599999999999,0.65288503797260522
106.107,0.65056536698917666
106.108,0.6482472061291269
106.10899999999999,0.645930551696829
106.11,0.64361540000353101
106.111,0.64130174736755352
106.11199999999999,0.63898959011447976
106.113,0.63667892457734587
106.114,0.63436974709683525
106.11499999999999,0.6320620540214692
106.116,0.62975584170779819
106.117,0.62745110652058789
106.11799999999999,0.62514784483300878
106.119,0.62284605302682672
106.12,0.62054572749258741
106.121,0.61824686462980405
106.122,0.61594946084714497
106.123,0.61365351256261191
106.124,0.61135901620373501
106.125,0.60906596820774528
106.126,0.60677436502176385
106.127,0.60448420310298445
106.128,0.60219547891884861
106.129,0.59990818894723219
106.13,0.59762232967662432
106.131,0.59533789760630129
106.13200000000001,0.59305488924650862
106.133,0.59077330111864024
106.134,0.58849312975540857
106.13500000000001,0.58621437170102619
106.136,0.58393702351137611
106.137,0.58166108175419096
106.13800000000001,0.57938654300921821
106.139,0.57711340386840115
106.14,0.57484166093604272
106.14100000000001,0.57257131082898405
106.142,0.57030235017676656
106.143,0.56803477562180449
106.14400000000001,0.5657685838195512
106.145,0.56350377143867236
106.146,0.56124033516120364
106.14700000000001,0.55897827168271919
106.148,0.55671757771250108
106.149,0.55445824997369608
106.15000000000001,0.55220028520348152
106.151,0.54994368015322759
106.152,0.54768843158865543
106.15300000000001,0.54543453629000416
106.154,0.54318199105218157
106.155,0.54093079268492761
106.15600000000001,0.53868093801296912
106.157,0.5364324238761804
106.158,0.53418524712973259
106.15900000000001,0.53193940464425182
106.16,0.52969489330597375
106.161,0.52745171001689739
106.16200000000001,0.52520985169492973
106.163,0.52296931527404555
106.164,0.52073009770442891
106.16500000000001,0.51849219595263252
106.166,0.51625560700171325
106.167,0.51402032785139062
106.16800000000001,0.51178635551818363
106.169,0.50955368703556481
106.17,0.50732231945409523
106.17100000000001,0.50509224984157441
106.172,0.50286347528317821
106.173,0.50063599288160487
106.17400000000001,0.49840979975720923
106.175,0.4961848930481485
106.176,0.49396126991051115
106.17700000000001,0.49173892751846693
106.178,0.48951786306439171
106.179,0.48729807375901046
106.18000000000001,0.48507955683152271
106.181,0.48286230952974862
106.182,0.48064632912024829
106.18299999999999,0.47843161288846026
106.184,0.47621815813883028
106.185,0.47400596219494062
106.18600000000001,0.471795022399637
106.187,0.46958533611515563
106.188,0.46737690072324956
106.18899999999999,0.46516971362531834
106.19,0.46296377224252394
106.191,0.4607590740159182
106.19200000000001,0.4585556164065645
106.193,0.45635339689566035
106.194,0.45415241298465236
106.19499999999999,0.45195266219535757
106.196,0.44975414207008368
106.197,0.44755685017174418
106.19799999999999,0.44536078408397017
106.199,0.443165941411229
106.2,0.44097231977893614
106.20099999999999,0.43877991683357198
106.202,0.436588730242784
106.203,0.43439875769550662
106.20399999999999,0.43220999690206208
106.205,0.4300224455942776
106.206,0.4278361015255836
106.20699999999999,0.42565096247112466
106.208,0.4234670262278617
106.209,0.42128429061468253
106.20999999999999,0.41910275347249382
106.211,0.41692241266432983
106.212,0.41474326607545109
106.21299999999999,0.41256531161344734
106.214,0.41038854720832774
106.215,0.40821297081262831
106.21599999999999,0.40603858040149587
106.217,0.40386537397279776
106.218,0.40169334954720304
106.21899999999999,0.39952250516828069
106.22,0.39735283890259332
106.221,0.39518434883978415
106.22199999999999,0.39301703309266856
106.223,0.39085088979731886
106.224,0.38868591711315759
106.22499999999999,0.38652211322304098
106.226,0.38435947633334333
106.227,0.38219800467404008
106.22799999999999,0.38003769649879171
106.229,0.37787855008502769
106.23,0.37572056373402551
106.23099999999999,0.37356373577098712
106.232,0.37140806454512099
106.233,0.3692535484297208
106.23399999999999,0.36710018582223602
106.235,0.36494797514435229
106.236,0.36279691484205934
106.23699999999999,0.36064700338573541
106.238,0.35849823927020141
106.239,0.35635062101480797
106.23999999999999,0.35420414716349358
106.241,0.35205881628486191
106.242,0.34991462697223863
106.24299999999999,0.34777157784374557
106.244,0.34562966754236291
106.245,0.34348889473599487
106.246,0.34134925811752748
106.247,0.33921075640489384
106.248,0.33707338834113232
106.249,0.33493715269445223
106.25,0.33280204825828053
106.251,0.3306680738513279
106.252,0.32853522831764082
106.253,0.32640351052665739
106.254,0.32427291937326208
106.255,0.32214345377783626
106.256,0.32001511268630622
106.25700000000001,0.31788789507019954
106.258,0.31576179992669395
106.259,0.31363682627865996
106.26000000000001,0.31151297317471061
106.261,0.30939023968924628
106.262,0.30726862492250273
106.26300000000001,0.30514812800058921
106.264,0.30302874807553382
106.265,0.30091048432532119
106.26600000000001,0.29879333595394186
106.267,0.29667730219141797
106.268,0.2945623822938499
106.26900000000001,0.29244857554344694
106.27,0.29033588124857301
106.271,0.28822429874376754
106.27200000000001,0.28611382738978897
106.273,0.28400446657364053
106.274,0.28189621570860712
106.27500000000001,0.27978907423427701
106.276,0.27768304161657742
106.277,0.27557811734780113
106.27800000000001,0.27347430094662961
106.279,0.27137159195816363
106.28,0.26926998995393969
106.28100000000001,0.26716949453195848
106.282,0.26507010531671105
106.283,0.26297182195918767
106.28400000000001,0.26087464413690897
106.285,0.25877857155393791
106.286,0.25668360394090151
106.28700000000001,0.25458974105500198
106.288,0.25249698268003939
106.289,0.25040532862641651
106.29000000000001,0.24831477873116103
106.291,0.24622533285793224
106.292,0.244136990897033
106.29300000000001,0.2420497527654164
106.294,0.23996361840670488
106.295,0.23787858779118309
106.29600000000001,0.23579466091581436
106.297,0.23371183780424509
106.298,0.23163011850680526
106.29900000000001,0.2295495031005137
106.3,0.22746999168907944
106.301,0.22539158440290308
106.30200000000001,0.22331428139908072
106.303,0.22123808286139335
106.304,0.21916298900031217
106.30500000000001,0.2170890000529937
106.306,0.21501611628327399
106.307,0.21294433798166335
106.30799999999999,0.21087366546534181
106.309,0.2088040990781459
106.31,0.20673563919056948
106.31100000000001,0.20466828619974242
106.312,0.20260204052942976
106.313,0.20053690263001078
106.31399999999999,0.19847287297847593
106.315,0.19640995207840284
106.316,0.1943481404599483
106.31700000000001,0.19228743867982612
106.318,0.19022784732129905
106.319,0.18816936699414821
106.31999999999999,0.18611199833466419
106.321,0.18405574200561903
106.322,0.18200059869625251
106.32299999999999,0.17994656912224194
106.324,0.17789365402568214
106.325,0.17584185417506237
106.32599999999999,0.17379117036523795
106.327,0.17174160341740619
106.328,0.16969315417907493
106.32899999999999,0.16764582352403545
106.33,0.16559961235233933
106.331,0.16355452159025541
106.33199999999999,0.16151055219024668
106.333,0.15946770513093522
106.334,0.15742598141706932
106.33499999999999,0.15538538207948749
106.336,0.15334590817508209
106.337,0.151307560786762
106.33799999999999,0.14927034102342107
106.339,0.1472342500198911
106.34,0.14519928893690492
106.34099999999999,0.14316545896105781
106.342,0.14113276130476438
106.343,0.13910119720621417
106.34399999999999,0.13707076792932993
106.345,0.13504147476372186
106.346,0.13301331902464364
106.34699999999999,0.13098630205294359
106.348,0.12896042521501894
106.349,0.12693568990276338
106.34999999999999,0.12491209753352495
106.351,0.12288964955004866
106.352,0.12086834742042685
106.35299999999999,0.11884819263804935
106.354,0.11682918672154674
106.355,0.11481133121473874
106.35599999999999,0.11279462768657833
106.357,0.11077907773109263
106.358,0.10876468296733055
106.35899999999999,0.10675144503930456
106.36,0.10473936561592545
106.361,0.10272844639094814
106.36199999999999,0.10071868908291526
106.363,0.098710095435080802
106.364,0.096702667215364801
106.36499999999999,0.094696406216275619
106.366,0.092691314254857993
106.367,0.09068739317261576
106.36799999999999,0.088684644835455462
106.369,0.086683071133613954
106.37,0.084682673981592238
106.371,0.082683455318085297
106.372,0.08068541710591548
106.373,0.078688561331957008
106.374,0.076692890007072467
106.375,0.074698405166031989
106.376,0.072705108867442636
106.377,0.070713003193678681
106.378,0.068722090250802115
106.379,0.066732372168490706
106.38,0.064743851099955396
106.381,0.062756529221868362
106.38200000000001,0.060770408734286185
106.383,0.058785491860565475
106.384,0.056801780847285155
106.38500000000001,0.0548192779641683
106.386,0.052837985503995544
106.387,0.050857905782530466
106.38800000000001,0.048879041138428114
106.389,0.046901393933155955
106.39,0.044924966550908607
106.39100000000001,0.042949761398523023
106.392,0.040975780905388781
106.393,0.039003027523365486
106.39400000000001,0.037031503726691728
106.395,0.035061212011899379
106.396,0.033092154897720327
106.39700000000001,0.031124334925001218
106.398,0.029157754656607526
106.399,0.027192416677336073
106.40000000000001,0.025228323593820434
106.401,0.023265478034438125
106.402,0.021303882649216455
106.40300000000001,0.019343540109741042
106.404,0.017384453109054565
106.405,0.015426624361565722
106.40600000000001,0.01347005660294931
106.407,0.011514752590053856
106.408,0.0095607151007954805
106.40900000000001,0.0076079469340655237
106.41,0.0056564509096270754
106.411,0.0037062298680177186
106.41200000000001,0.0017572866704487211
106.413,-0.00019037580130332188
106.414,-0.0021367546449906349
106.41500000000001,-0.0040818469379990674
106.416,-0.006025649737456007
106.417,-0.0079681600803316321
106.41800000000001,-0.0099093749835441614
106.419,-0.01184929144406377
106.42,-0.013787906439023612
106.42100000000001,-0.015725216925822405
106.422,-0.017661219842235898
106.423,-0.019595912106519009
106.42400000000001,-0.021529290617522623
106.425,-0.023461352254797951
106.426,-0.025392093878709776
106.42700000000001,-0.027321512330539033
106.428,-0.029249604432608489
106.429,-0.031176366988381776
106.43000000000001,-0.033101796782584625
106.431,-0.035025890581310115
106.432,-0.036948645132139912
106.43299999999999,-0.038870057164253957
106.434,-0.040790123388549482
106.435,-0.042708840497751144
106.43600000000001,-0.044626205166527821
106.437,-0.046542214051617403
106.438,-0.048456863791934257
106.43899999999999,-0.050370151008690023
106.44,-0.052282072305513072
106.441,-0.05419262426856708
106.44200000000001,-0.056101803466671374
106.443,-0.058009606451415952
106.444,-0.05991602975728938
106.44499999999999,-0.061821069901791592
106.446,-0.063724723385565341
106.447,-0.065626986692506328
106.44799999999999,-0.067527856289895993
106.449,-0.069427328628516527
106.45,-0.071325400142783213
106.45099999999999,-0.073222067250857226
106.452,-0.075117326354780634
106.453,-0.077011173840594527
106.45399999999999,-0.078903606078467803
106.455,-0.08079461942282018
106.456,-0.082684210212450537
106.45699999999999,-0.08457237477066526
106.458,-0.086459109405402135
106.459,-0.088344410409358254
106.45999999999999,-0.090228274060118796
106.461,-0.0921106966202907
106.462,-0.093991674337621234
106.46299999999999,-0.095871203445135222
106.464,-0.097749280161262053
106.465,-0.099625900689970237
106.46599999999999,-0.10150106122088909
106.467,-0.10337475792944639
106.468,-0.10524698697699897
106.46899999999999,-0.10711774451096412
106.47,-0.1089870266649533
106.471,-0.11085482955889603
106.47199999999999,-0.11272114929918819
106.473,-0.11458598197881198
106.474,-0.11644932367747707
106.47499999999999,-0.11831117046174633
106.476,-0.12017151838518414
106.477,-0.12203036348847629
106.47799999999999,-0.12388770179957476
106.479,-0.12574352933382871
106.48,-0.12759784209412084
106.48099999999999,-0.12945063607100638
106.482,-0.13130190724284496
106.483,-0.13315165157593833
106.48399999999999,-0.13499986502467065
106.485,-0.13684654353164394
106.486,-0.13869168302781354
106.48699999999999,-0.14053527943262534
106.488,-0.14237732865416186
106.489,-0.14421782658927018
106.48999999999999,-0.14605676912370757
106.491,-0.14789415213227786
106.492,-0.14972997147897171
106.49299999999999,-0.15156422301710304
106.494,-0.15339690258945637
106.495,-0.1552280060284148
106.496,-0.15705752915611404
106.497,-0.15888546778456858
106.498,-0.16071181771582843
106.499,-0.16253657474210215
106.5,-0.16435973464591314
106.501,-0.16618129320023423
106.502,-0.16800124616862577
106.503,-0.16981958930538843
106.504,-0.17163631835569104
106.505,-0.17345142905572475
106.506,-0.17526491713283843
106.50700000000001,-0.1770767783056848
106.508,-0.17888700828435811
106.509,-0.18069560277054419
106.51000000000001,-0.1825025574576582
106.511,-0.18430786803098842
106.512,-0.18611153016784066
106.51300000000001,-0.18791353953768164
106.514,-0.18971389180228382
106.515,-0.1915125826158639
106.51600000000001,-0.19330960762523386
106.517,-0.19510496246993858
106.518,-0.19689864278240599
106.51900000000001,-0.19869064418808779
106.52,-0.20048096230559853
106.521,-0.2022695927468745
106.52200000000001,-0.20405653111730304
106.523,-0.20584177301587614
106.524,-0.20762531403532991
106.52500000000001,-0.20940714976229557
106.526,-0.21118727577743712
106.527,-0.21296568765560409
106.52800000000001,-0.2147423809659661
106.529,-0.21651735127217142
106.53,-0.21829059413247753
106.53100000000001,-0.22006210509991098
106.532,-0.22183187972239926
106.533,-0.22359991354292363
106.53400000000001,-0.22536620209966385
106.535,-0.22713074092614116
106.536,-0.22889352555136666
106.53700000000001,-0.2306545514999816
106.538,-0.23241381429240704
106.539,-0.2341713094449922
106.54000000000001,-0.2359270324701499
106.541,-0.2376809788765093
106.542,-0.23943314416906381
106.54300000000001,-0.2411835238493083
106.544,-0.2429321134153879
106.545,-0.24467890836224715
106.54600000000001,-0.24642390418177085
106.547,-0.24816709636293144
106.548,-0.24990848039192937
106.54900000000001,-0.25164805175234672
106.55,-0.25338580592528492
106.551,-0.25512173838951746
106.55200000000001,-0.25685584462162225
106.553,-0.25858812009614196
106.554,-0.2603185602857172
106.55500000000001,-0.26204716066123668
106.556,-0.26377391669198014
106.557,-0.2654988238457654
106.55799999999999,-0.26722187758908911
106.559,-0.26894307338727508
106.56,-0.27066240670461461
106.56100000000001,-0.27237987300451483
106.562,-0.27409546774964033
106.563,-0.27580918640205709
106.56399999999999,-0.27752102442337678
106.565,-0.27923097727490376
106.566,-0.28093904041777096
106.56700000000001,-0.28264520931309578
106.568,-0.28434947942210709
106.569,-0.28605184620630331
106.56999999999999,-0.28775230512758831
106.571,-0.28945085164841489
106.572,-0.29114748123192946
106.57299999999999,-0.29284218934211204
106.574,-0.29453497144392138
106.575,-0.29622582300343625
106.57599999999999,-0.29791473948799574
106.577,-0.29960171636634536
106.578,-0.30128674910877384
106.57899999999999,-0.30296983318726145
106.58,-0.30465096407561054
106.581,-0.30633013724959879
106.58199999999999,-0.30800734818711284
106.583,-0.30968259236829043
106.584,-0.31135586527566161
106.58499999999999,-0.31302716239428996
106.586,-0.31469647921190935
106.587,-0.31636381121907098
106.58799999999999,-0.31802915390926989
106.589,-0.31969250277910088
106.59,-0.32135385332838551
106.59099999999999,-0.32301320106031595
106.592,-0.32467054148159402
106.593,-0.32632587010256264
106.59399999999999,-0.32797918243735813
106.595,-0.32963047400403633
106.596,-0.33127974032470986
106.59699999999999,-0.33292697692569551
106.598,-0.33457217933763994
106.599,-0.33621534309566847
106.59999999999999,-0.3378564637395054
106.601,-0.33949553681362943
106.602,-0.34113255786739449
106.60299999999999,-0.34276752245517494
106.604,-0.3444004261364908
106.605,-0.34603126447615562
106.60599999999999,-0.34766003304440352
106.607,-0.34928672741702238
106.608,-0.35091134317549111
106.60899999999999,-0.35253387590711416
106.61,-0.35415432120515655
106.611,-0.35577267466896778
106.61199999999999,-0.35738893190412657
106.613,-0.35900308852256613
106.614,-0.36061514014270868
106.61499999999999,-0.36222508238959783
106.616,-0.36383291089502734
106.617,-0.36543862129767568
106.61799999999999,-0.36704220924323527
106.619,-0.36864367038454304
106.62,-0.37024300038170921
106.621,-0.37184019490225007
106.622,-0.37343524962121322
106.623,-0.37502816022131302
106.624,-0.3766189223930505
106.625,-0.37820753183484879
106.626,-0.37979398425317834
106.627,-0.38137827536268309
106.628,-0.382960400886311
106.629,-0.38454035655543661
106.63,-0.38611813810998763
106.631,-0.38769374129857903
106.63200000000001,-0.38926716187862587
106.633,-0.39083839561647515
106.634,-0.39240743828753333
106.63500000000001,-0.39397428567638348
106.636,-0.39553893357691594
106.637,-0.39710137779244503
106.63800000000001,-0.39866161413583701
106.639,-0.40021963842963171
106.64,-0.40177544650616648
106.64100000000001,-0.40332903420768673
106.642,-0.40488039738648673
106.643,-0.4064295319050153
106.64400000000001,-0.40797643363599745
106.645,-0.40952109846256057
106.646,-0.41106352227835208
106.64700000000001,-0.41260370098765264
106.648,-0.41414163050550501
106.649,-0.41567730675782011
106.65000000000001,-0.41721072568150497
106.651,-0.41874188322457595
106.652,-0.42027077534627333
106.65300000000001,-0.42179739801718164
106.654,-0.42332174721933935
106.655,-0.42484381894636591
106.65600000000001,-0.42636360920356031
106.657,-0.42788111400802942
106.658,-0.42939632938879502
106.65900000000001,-0.43090925138690706
106.66,-0.43241987605556087
106.661,-0.43392819946020333
106.66200000000001,-0.43543421767865187
106.663,-0.43693792680119881
106.664,-0.43843932293072729
106.66500000000001,-0.4399384021828201
106.666,-0.44143516068586752
106.667,-0.44292959458118064
106.66800000000001,-0.44442170002309744
106.669,-0.44591147317909163
106.67,-0.44739891022987965
106.67100000000001,-0.44888400736953082
106.672,-0.4503667608055717
106.673,-0.45184716675909176
106.67400000000001,-0.45332522146485177
106.675,-0.45480092117138726
106.676,-0.45627426214111422
106.67700000000001,-0.45774524065042943
106.678,-0.45921385298982109
106.679,-0.46068009546396516
106.68000000000001,-0.46214396439183281
106.681,-0.46360545610678727
106.682,-0.46506456695669129
106.68299999999999,-0.46652129330400527
106.684,-0.46797563152588362
106.685,-0.46942757801428359
106.68600000000001,-0.47087712917605495
106.687,-0.47232428143304528
106.688,-0.47376903122219538
106.68899999999999,-0.4752113749956357
106.69,-0.4766513092207898
106.691,-0.47808883038046046
106.69200000000001,-0.479523934972935
106.693,-0.48095661951207269
106.694,-0.4823868805274083
106.69499999999999,-0.48381471456423997
106.696,-0.48524011818372292
106.697,-0.48666308796296542
106.69799999999999,-0.488083620495118
106.699,-0.48950171238947249
106.7,-0.49091736027154376
106.70099999999999,-0.49233056078316295
106.702,-0.49374131058257209
106.703,-0.4951496063445151
106.70399999999999,-0.49655544476031466
106.705,-0.49795882253797563
106.706,-0.49935973640226372
106.70699999999999,-0.50075818309479159
106.708,-0.502154159374117
106.709,-0.50354766201580992
106.70999999999999,-0.50493868781256035
106.711,-0.50632723357424236
106.712,-0.50771329612801397
106.71299999999999,-0.50909687231839129
106.714,-0.51047795900733606
106.715,-0.51185655307433642
106.71599999999999,-0.51323265141649088
106.717,-0.51460625094858692
106.718,-0.5159773486031809
106.71899999999999,-0.51734594133068423
106.72,-0.51871202609943667
106.721,-0.52007559989578578
106.72199999999999,-0.52143665972416819
106.723,-0.52279520260718648
106.724,-0.52415122558568417
106.72499999999999,-0.52550472571882301
106.726,-0.52685570008415983
106.727,-0.52820414577772157
106.72799999999999,-0.52955005991407944
106.729,-0.53089343962642177
106.73,-0.53223428206662948
106.73099999999999,-0.53357258440534627
106.732,-0.53490834383205677
106.733,-0.53624155755514735
106.73399999999999,-0.53757222280198791
106.735,-0.5389003368189953
106.736,-0.54022589687170797
106.73699999999999,-0.54154890024484947
106.738,-0.54286934424239908
106.739,-0.54418722618766413
106.73999999999999,-0.54550254342334004
106.741,-0.5468152933115813
106.742,-0.54812547323406724
106.74299999999999,-0.54943308059206419
106.744,-0.55073811280649387
106.745,-0.55204056731799556
106.746,-0.55334044158699003
106.747,-0.55463773309374353
106.748,-0.5559324393384264
106.749,-0.55722455784117875
106.75,-0.55851408614216824
106.751,-0.55980102180165492
106.752,-0.56108536240004314
106.753,-0.56236710553795088
106.754,-0.56364624883625636
106.755,-0.56492278993616862
106.756,-0.56619672649927333
106.75700000000001,-0.56746805620759888
106.758,-0.56873677676366174
106.759,-0.57000288589053394
106.76000000000001,-0.57126638133188745
106.761,-0.57252726085205419
106.762,-0.57378552223607837
106.76300000000001,-0.57504116328976629
106.764,-0.57629418183974312
106.765,-0.57754457573350271
106.76600000000001,-0.57879234283945324
106.767,-0.58003748104697817
106.768,-0.58127998826647787
106.76900000000001,-0.58251986242942166
106.77,-0.58375710148839133
106.771,-0.58499170341713924
106.77200000000001,-0.58622366621062527
106.773,-0.58745298788506872
106.774,-0.58867966647799408
106.77500000000001,-0.58990370004827142
106.776,-0.59112508667616925
106.777,-0.59234382446339451
106.77800000000001,-0.59355991153313026
106.779,-0.59477334603008902
106.78,-0.5959841261205483
106.78100000000001,-0.59719224999239406
106.782,-0.5983977158551621
106.783,-0.59960052194007529
106.78400000000001,-0.60080066650008845
106.785,-0.60199814780992389
106.786,-0.60319296416610779
106.78700000000001,-0.60438511388701643
106.788,-0.60557459531290236
106.789,-0.60676140680594237
106.79000000000001,-0.60794554675026147
106.791,-0.60912701355198129
106.792,-0.61030580563924186
106.79300000000001,-0.61148192146224645
106.794,-0.61265535949328687
106.795,-0.61382611822678612
106.79600000000001,-0.61499419617931927
106.797,-0.61615959188965297
106.798,-0.6173223039187743
106.79900000000001,-0.61848233084992144
106.8,-0.6196396712886143
106.801,-0.62079432386268207
106.80200000000001,-0.62194628722229162
106.803,-0.62309556003997946
106.804,-0.62424214101067399
106.80500000000001,-0.62538602885172834
106.806,-0.62652722230293945
106.807,-0.62766572012657873
106.80799999999999,-0.62880152110741827
106.809,-0.62993462405274903
106.81,-0.63106502779241369
106.81100000000001,-0.63219273117882047
106.812,-0.63331773308697059
106.813,-0.63444003241448366
106.81399999999999,-0.63555962808161182
106.815,-0.63667651903126643
106.816,-0.63779070422903539
106.81700000000001,-0.63890218266320664
106.818,-0.64001095334477842
106.819,-0.64111701530749077
106.81999999999999,-0.64222036760783174
106.821,-0.64332100932506364
106.822,-0.64441893956123142
106.82299999999999,-0.6455141574411889
106.824,-0.64660666211260409
106.825,-0.64769645274598053
106.82599999999999,-0.64878352853467325
106.827,-0.64986788869489498
106.828,-0.65094953246573972
106.82899999999999,-0.65202845910918494
106.83,-0.65310466791011246
106.831,-0.65417815817631642
106.83199999999999,-0.65524892923851175
106.833,-0.6563169804503528
106.834,-0.65738231118843116
106.83499999999999,-0.65844492085229867
106.836,-0.65950480886446661
106.837,-0.66056197467041322
106.83799999999999,-0.6616164177386028
106.839,-0.66266813756047815
106.84,-0.6637171336504788
106.84099999999999,-0.66476340554603963
106.842,-0.66580695280759938
106.843,-0.66684777501860726
106.84399999999999,-0.66788587178552161
106.845,-0.66892124273782771
106.846,-0.66995388752801421
106.84699999999999,-0.67098380583160866
106.848,-0.67201099734715442
106.849,-0.67303546179622709
106.84999999999999,-0.67405719892342564
106.851,-0.67507620849638217
106.852,-0.67609249030575391
106.85299999999999,-0.67710604416523035
106.854,-0.67811686991152564
106.855,-0.67912496740437822
106.85599999999999,-0.68013033652655697
106.857,-0.68113297718384613
106.858,-0.68213288930505156
106.85899999999999,-0.68313007284199267
106.86,-0.68412452776949761
106.861,-0.68511625408540811
106.86199999999999,-0.6861052518105577
106.863,-0.68709152098878246
106.864,-0.68807506168690402
106.86499999999999,-0.68905587399472967
106.866,-0.6900339580250372
106.867,-0.691009313913578
106.86799999999999,-0.69198194181906336
106.869,-0.69295184192315107
106.87,-0.69391901443044413
106.871,-0.69488345956847963
106.872,-0.6958451775877128
106.873,-0.69680416876151607
106.874,-0.69776043338615779
106.875,-0.6987139717807973
106.876,-0.69966478428747303
106.877,-0.70061287127108685
106.878,-0.70155823311939169
106.879,-0.70250087024297736
106.88,-0.70344078307526337
106.881,-0.70437797207247144
106.88200000000001,-0.70531243771362639
106.883,-0.7062441805005264
106.884,-0.70717320095773584
106.88500000000001,-0.70809949963256713
106.886,-0.70902307709506429
106.887,-0.70994393393798161
106.88800000000001,-0.71086207077677388
106.889,-0.71177748824957021
106.89,-0.71269018701716158
106.89100000000001,-0.71360016776297863
106.892,-0.7145074311930717
106.893,-0.7154119780360948
106.89400000000001,-0.71631380904328168
106.895,-0.71721292498842404
106.896,-0.71810932666785554
106.89700000000001,-0.71900301490042651
106.898,-0.71989399052748348
106.899,-0.72078225441284172
106.90000000000001,-0.72166780744276826
106.901,-0.72255065052596068
106.902,-0.72343078459351595
106.90300000000001,-0.72430821059890826
106.904,-0.72518292951796992
106.905,-0.72605494234885581
106.90600000000001,-0.72692425011203499
106.907,-0.72779085385024267
106.908,-0.72865475462847629
106.90900000000001,-0.72951595353395104
106.91,-0.73037445167608306
106.911,-0.73123025018645915
106.91200000000001,-0.73208335021880799
106.913,-0.73293375294897611
106.914,-0.73378145957489238
106.91500000000001,-0.73462647131654402
106.916,-0.7354687894159464
106.917,-0.73630841513711376
106.91800000000001,-0.73714534976602675
106.919,-0.73797959461060536
106.92,-0.73881115100067296
106.92100000000001,-0.73964002028793052
106.922,-0.74046620384592332
106.923,-0.74128970307000852
106.92400000000001,-0.74211051937731876
106.925,-0.7429286542067377
106.926,-0.74374410901886101
106.92700000000001,-0.74455688529596475
106.928,-0.74536698454197214
106.929,-0.7461744082824171
106.93000000000001,-0.74697915806440962
106.931,-0.74778123545660957
106.932,-0.74858064204917563
106.93299999999999,-0.74937737945374616
106.934,-0.75017144930339263
106.935,-0.75096285325258627
106.93600000000001,-0.75175159297716387
106.937,-0.75253767017428652
106.938,-0.75332108656240893
106.93899999999999,-0.75410184388123325
106.94,-0.75487994389167978
106.941,-0.75565538837584434
106.94200000000001,-0.75642817913695826
106.943,-0.75719831799935333
106.944,-0.75796580680842229
106.94499999999999,-0.75873064743057572
106.946,-0.75949284175320875
106.947,-0.76025239168465175
106.94799999999999,-0.76100929915414062
106.949,-0.76176356611176654
106.95,-0.76251519452844496
106.95099999999999,-0.76326418639586313
106.952,-0.76401054372644994
106.953,-0.76475426855332218
106.95399999999999,-0.76549536293025611
106.955,-0.76623382893162928
106.956,-0.7669696686523948
106.95699999999999,-0.76770288420802402
106.958,-0.76843347773447368
106.959,-0.76916145138813441
106.95999999999999,-0.76988680734579207
106.961,-0.77060954780458291
106.962,-0.77132967498194782
106.96299999999999,-0.77204719111558662
106.964,-0.77276209846342114
106.965,-0.77347439930353579
106.96599999999999,-0.77418409593414816
106.967,-0.77489119067355094
106.968,-0.77559568586007233
106.96899999999999,-0.77629758385202985
106.97,-0.77699688702768199
106.971,-0.77769359778518021
106.97199999999999,-0.7783877185425272
106.973,-0.77907925173752668
106.974,-0.77976819982773371
106.97499999999999,-0.78045456529040891
106.976,-0.78113835062247938
106.977,-0.78181955834047301
106.97799999999999,-0.78249819098048556
106.979,-0.78317425109812477
106.98,-0.78384774126846279
106.98099999999999,-0.78451866408598914
106.982,-0.78518702216456315
106.983,-0.78585281813735541
106.98399999999999,-0.78651605465680996
106.985,-0.7871767343945888
106.986,-0.78783486004151904
106.98699999999999,-0.78849043430754984
106.988,-0.78914345992169599
106.989,-0.78979393963198863
106.98999999999999,-0.79044187620542994
106.991,-0.79108727242793364
106.992,-0.79173013110427792
106.99299999999999,-0.79237045505805526
106.994,-0.79300824713161999
106.995,-0.79364351018603552
106.996,-0.79427624710101963
106.997,-0.79490646077490146
106.998,-0.79553415412456063
106.999,-0.7961593300853762
107,-0.79678199161117691
107.001,-0.79740214167418744
107.002,-0.79801978326497558
107.003,-0.79863491939239184
107.004,-0.79924755308353168
107.005,-0.79985768738366625
107.006,-0.80046532535619841
107.00700000000001,-0.80107047008260412
107.008,-0.80167312466238139
107.009,-0.80227329221299382
107.01000000000001,-0.80287097586981782
107.011,-0.80346617878608617
107.012,-0.8040589041328392
107.01300000000001,-0.80464915509885948
107.014,-0.80523693489062742
107.015,-0.80582224673226133
107.01600000000001,-0.80640509386546189
107.017,-0.80698547954945621
107.018,-0.80756340706094765
107.01900000000001,-0.80813887969405407
107.02,-0.80871190076025234
107.021,-0.80928247358832817
107.02200000000001,-0.80985060152431521
107.023,-0.81041628793143827
107.024,-0.81097953619006313
107.02500000000001,-0.81154034969763078
107.026,-0.81209873186860815
107.027,-0.81265468613443037
107.02800000000001,-0.81320821594344306
107.029,-0.81375932476084012
107.03,-0.81430801606861936
107.03100000000001,-0.81485429336551363
107.032,-0.81539816016693667
107.033,-0.8159396200049307
107.03400000000001,-0.81647867642810246
107.035,-0.8170153330015677
107.036,-0.81754959330689925
107.03700000000001,-0.81808146094205636
107.038,-0.81861093952134034
107.039,-0.8191380326753297
107.04000000000001,-0.81966274405082107
107.041,-0.82018507731077417
107.042,-0.82070503613425316
107.04300000000001,-0.82122262421636938
107.044,-0.82173784526821558
107.045,-0.82225070301681802
107.04600000000001,-0.8227612012050689
107.047,-0.82326934359167625
107.048,-0.82377513395109281
107.04900000000001,-0.82427857607347033
107.05,-0.82477967376459294
107.051,-0.82527843084582075
107.05200000000001,-0.82577485115402549
107.053,-0.82626893854154027
107.054,-0.82676069687609477
107.05500000000001,-0.82725013004075354
107.056,-0.82773724193386267
107.057,-0.82822203646898451
107.05799999999999,-0.82870451757484043
107.059,-0.8291846891952539
107.06,-0.82966255528908572
107.06100000000001,-0.83013811983017716
107.062,-0.83061138680728774
107.063,-0.83108236022403936
107.06399999999999,-0.83155104409885139
107.065,-0.83201744246488296
107.066,-0.83248155936997437
107.06700000000001,-0.8329433988765822
107.068,-0.83340296506172429
107.069,-0.83386026201691443
107.06999999999999,-0.83431529384810643
107.071,-0.83476806467562925
107.072,-0.83521857863413063
107.07299999999999,-0.83566683987251356
107.074,-0.83611285255387546
107.075,-0.83655662085545046
107.07599999999999,-0.83699814896854496
107.077,-0.83743744109847817
107.078,-0.83787450146452391
107.07899999999999,-0.83830933429984311
107.08,-0.83874194385143008
107.081,-0.83917233438004502
107.08199999999999,-0.83960051016015935
107.083,-0.84002647547989096
107.084,-0.84045023464093793
107.08499999999999,-0.8408717919585289
107.086,-0.84129115176135194
107.087,-0.84170831839149862
107.08799999999999,-0.84212329620439874
107.089,-0.8425360895687608
107.09,-0.84294670286651074
107.09099999999999,-0.84335514049273197
107.092,-0.84376140685559609
107.093,-0.84416550637631449
107.09399999999999,-0.84456744348906287
107.095,-0.84496722264092838
107.096,-0.8453648482918461
107.09699999999999,-0.84576032491453379
107.098,-0.84615365699443412
107.099,-0.84654484902965077
107.09999999999999,-0.84693390553088621
107.101,-0.84732083102138178
107.102,-0.84770563003685284
107.10299999999999,-0.84808830712542882
107.104,-0.8484688668475906
107.105,-0.84884731377610612
107.10599999999999,-0.84922365249597309
107.107,-0.84959788760435107
107.108,-0.84997002371050323
107.10899999999999,-0.85034006543573248
107.11,-0.85070801741332014
107.111,-0.85107388428846065
107.11199999999999,-0.85143767071820431
107.113,-0.85179938137138667
107.114,-0.85215902092857787
107.11499999999999,-0.8525165940820072
107.116,-0.85287210553550885
107.117,-0.85322556000445715
107.11799999999999,-0.85357696221570256
107.119,-0.85392631690751308
107.12,-0.85427362882950275
107.121,-0.85461890274258012
107.122,-0.85496214341887722
107.123,-0.8553033556416878
107.124,-0.85564254420540786
107.125,-0.85597971391547167
107.126,-0.85631486958828384
107.127,-0.85664801605116514
107.128,-0.85697915814227965
107.129,-0.85730830071057795
107.13,-0.8576354486157336
107.131,-0.85796060672807783
107.13200000000001,-0.85828377992853566
107.133,-0.85860497310856587
107.134,-0.858924191170094
107.13500000000001,-0.85924143902545103
107.136,-0.85955672159731211
107.137,-0.8598700438186242
107.13800000000001,-0.86018141063255626
107.139,-0.86049082699242119
107.14,-0.86079829786162332
107.14100000000001,-0.86110382821358966
107.142,-0.86140742303170681
107.143,-0.86170908730925522
107.14400000000001,-0.8620088260493497
107.145,-0.86230664426487103
107.146,-0.86260254697840866
107.14700000000001,-0.86289653922218568
107.148,-0.86318862603800373
107.149,-0.86347881247717906
107.15000000000001,-0.86376710360047193
107.151,-0.86405350447802487
107.152,-0.86433802018930495
107.15300000000001,-0.8646206558230265
107.154,-0.86490141647710095
107.155,-0.86518030725856132
107.15600000000001,-0.86545733328350227
107.157,-0.86573249967701571
107.158,-0.86600581157312639
107.15900000000001,-0.86627727411472089
107.16,-0.86654689245349337
107.161,-0.86681467174987326
107.16200000000001,-0.86708061717296481
107.163,-0.8673447339004734
107.164,-0.86760702711865134
107.16500000000001,-0.86786750202222818
107.166,-0.86812616381434093
107.167,-0.86838301770647641
107.16800000000001,-0.86863806891840278
107.169,-0.86889132267810121
107.17,-0.8691427842217041
107.17100000000001,-0.8693924587934263
107.172,-0.86964035164550424
107.173,-0.86988646803812353
107.17400000000001,-0.87013081323935815
107.175,-0.87037339252510204
107.176,-0.87061421117900561
107.17700000000001,-0.87085327449240335
107.178,-0.8710905877642583
107.179,-0.87132615630108345
107.18000000000001,-0.87155998541688318
107.181,-0.87179208043308343
107.182,-0.87202244667847006
107.18299999999999,-0.87225108948911334
107.184,-0.87247801420831106
107.185,-0.87270322618650997
107.18600000000001,-0.87292673078125071
107.187,-0.87314853335709364
107.188,-0.87336863928555442
107.18899999999999,-0.87358705394503122
107.19,-0.87380378272074388
107.191,-0.87401883100466504
107.19200000000001,-0.87423220419545133
107.193,-0.87444390769837144
107.194,-0.87465394692524523
107.19499999999999,-0.87486232729437186
107.196,-0.87506905423046044
107.197,-0.87527413316456748
107.19799999999999,-0.87547756953402134
107.199,-0.87567936878235653
107.2,-0.87587953635924576
107.20099999999999,-0.87607807772043156
107.202,-0.87627499832765565
107.203,-0.87647030364858836
107.20399999999999,-0.87666399915676596
107.205,-0.87685609033151035
107.206,-0.87704658265787394
107.20699999999999,-0.87723548162655529
107.208,-0.87742279273383872
107.209,-0.87760852148152102
107.20999999999999,-0.87779267337684441
107.211,-0.87797525393241838
107.212,-0.87815626866615926
107.21299999999999,-0.87833572310121566
107.214,-0.87851362276589118
107.215,-0.8786899731935871
107.21599999999999,-0.87886477992271805
107.217,-0.87903804849664846
107.218,-0.87920978446361753
107.21899999999999,-0.87937999337667394
107.22,-0.87954868079359372
107.221,-0.87971585227681759
107.22199999999999,-0.87988151339337284
107.223,-0.88004566971480624
107.224,-0.88020832681710814
107.22499999999999,-0.88036949028063738
107.226,-0.88052916569005646
107.227,-0.88068735863425163
107.22799999999999,-0.88084407470626092
107.229,-0.88099931950320265
107.23,-0.88115309862620306
107.23099999999999,-0.88130541768031767
107.232,-0.88145628227445894
107.233,-0.88160569802132738
107.23399999999999,-0.88175367053732989
107.235,-0.88190020544250913
107.236,-0.88204530836046802
107.23699999999999,-0.8821889849182929
107.238,-0.88233124074648428
107.239,-0.88247208147887335
107.23999999999999,-0.88261151275255267
107.241,-0.88274954020779361
107.242,-0.88288616948798104
107.24299999999999,-0.88302140623952452
107.244,-0.88315525611179035
107.245,-0.88328772475702255
107.246,-0.88341881783026466
107.247,-0.88354854098928204
107.248,-0.88367689989449039
107.249,-0.8838039002088669
107.25,-0.88392954759788323
107.251,-0.88405384772942108
107.252,-0.88417680627369455
107.253,-0.88429842890317634
107.254,-0.88441872129251076
107.255,-0.88453768911843955
107.256,-0.88465533805972374
107.25700000000001,-0.88477167379705746
107.258,-0.88488670201299602
107.259,-0.8850004283918711
107.26000000000001,-0.8851128586197099
107.261,-0.88522399838415522
107.262,-0.88533385337438553
107.26300000000001,-0.88544242928103367
107.264,-0.88554973179610297
107.265,-0.88565576661288636
107.26600000000001,-0.88576053942588606
107.267,-0.88586405593072826
107.268,-0.8859663218240823
107.26900000000001,-0.88606734280358079
107.27,-0.88616712456772539
107.271,-0.88626567281581625
107.27200000000001,-0.88636299324786227
107.273,-0.88645909156449187
107.274,-0.88655397346688103
107.27500000000001,-0.88664764465665513
107.276,-0.88674011083581306
107.277,-0.88683137770663789
107.27800000000001,-0.88692145097161079
107.279,-0.88701033633332793
107.28,-0.88709803949440991
107.28100000000001,-0.88718456615742003
107.282,-0.8872699220247755
107.283,-0.88735411279865328
107.28400000000001,-0.88743714418091546
107.285,-0.88751902187301113
107.286,-0.88759975157589244
107.28700000000001,-0.88767933898992224
107.288,-0.8877577898147937
107.289,-0.88783510974942725
107.29000000000001,-0.88791130449189559
107.291,-0.88798637973932504
107.292,-0.88806034118780364
107.29300000000001,-0.88813319453229767
107.294,-0.88820494546655793
107.295,-0.88827559968302294
107.29600000000001,-0.88834516287273635
107.297,-0.88841364072524698
107.298,-0.88848103892852182
107.29900000000001,-0.88854736316885097
107.3,-0.88861261913075218
107.301,-0.88867681249688335
107.30200000000001,-0.88873994894794262
107.303,-0.88880203416257908
107.304,-0.8888630738172929
107.30500000000001,-0.88892307358634515
107.306,-0.88898203914166141
107.307,-0.889039976152731
107.30799999999999,-0.88909689028652128
107.309,-0.88915278720737012
107.31,-0.8892076725768967
107.31100000000001,-0.88926155205389934
107.312,-0.88931443129426135
107.313,-0.88936631595085247
107.31399999999999,-0.88941721167342891
107.315,-0.8894671241085339
107.316,-0.88951605889940266
107.31700000000001,-0.8895640216858598
107.318,-0.88961101810421761
107.319,-0.88965705378718019
107.31999999999999,-0.88970213436373813
107.321,-0.88974626545907132
107.322,-0.88978945269444543
107.32299999999999,-0.8898317016871089
107.324,-0.88987301805019348
107.325,-0.88991340739260805
107.32599999999999,-0.8899528753189383
107.327,-0.8899914274293419
107.328,-0.89002906931944326
107.32899999999999,-0.89006580658023138
107.33,-0.89010164479795462
107.331,-0.89013658955401276
107.33199999999999,-0.89017064642485622
107.333,-0.89020382098187456
107.334,-0.89023611879129216
107.33499999999999,-0.89026754541406516
107.336,-0.89029810640576512
107.337,-0.89032780731648353
107.33799999999999,-0.89035665369070882
107.339,-0.89038465106723264
107.34,-0.89041180497902772
107.34099999999999,-0.89043812095314845
107.342,-0.89046360451061757
107.343,-0.89048826116630986
107.34399999999999,-0.89051209642884999
107.345,-0.89053511580049971
107.346,-0.89055732477704064
107.34699999999999,-0.89057872884766853
107.348,-0.8905993334948743
107.349,-0.89061914419434007
107.34999999999999,-0.89063816641481575
107.351,-0.89065640561801018
107.352,-0.89067386725848152
107.35299999999999,-0.89069055678351061
107.354,-0.89070647963299754
107.355,-0.89072164123933772
107.35599999999999,-0.89073604702731357
107.357,-0.89074970241396745
107.358,-0.89076261280849867
107.35899999999999,-0.89077478361212981
107.36,-0.89078622021800369
107.361,-0.89079692801105592
107.36199999999999,-0.89080691236790077
107.363,-0.89081617865670681
107.364,-0.89082473223708591
107.36499999999999,-0.89083257845996267
107.366,-0.89083972266746159
107.367,-0.890846170192785
107.36799999999999,-0.89085192636008692
107.369,-0.89085699648435757
107.37,-0.89086138587129682
107.371,-0.89086509981719431
107.372,-0.89086814360879885
107.373,-0.89087052252320964
107.374,-0.89087224182773506
107.375,-0.89087330677977938
107.376,-0.89087372262671671
107.377,-0.89087349460575771
107.378,-0.89087262794383593
107.379,-0.89087112785747058
107.38,-0.89086899955264354
107.381,-0.89086624822467675
107.38200000000001,-0.89086287905809769
107.383,-0.89085889722651457
107.384,-0.89085430789248621
107.38500000000001,-0.89084911620739726
107.386,-0.89084332731132232
107.387,-0.89083694633290067
107.38800000000001,-0.89082997838920708
107.389,-0.89082242858561544
107.39,-0.89081430201567224
107.39100000000001,-0.89080560376096463
107.392,-0.89079633889098364
107.393,-0.89078651246300167
107.39400000000001,-0.89077612952192631
107.395,-0.89076519510018004
107.396,-0.89075371421755678
107.39700000000001,-0.89074169188109531
107.398,-0.89072913308493407
107.399,-0.89071604281018901
107.40000000000001,-0.89070242602480931
107.401,-0.89068828768344455
107.402,-0.89067363272730482
107.40300000000001,-0.89065846608403332
107.404,-0.89064279266755886
107.405,-0.89062661737796267
107.40600000000001,-0.89060994510133895
107.407,-0.89059278070966075
107.408,-0.89057512906063518
107.40900000000001,-0.8905569949975729
107.41,-0.89053838334923219
107.411,-0.89051929892969994
107.41200000000001,-0.89049974653823361
107.413,-0.89047973095913235
107.414,-0.89045925696158879
107.41500000000001,-0.89043832929954725
107.416,-0.89041695271157106
107.417,-0.89039513192068531
107.41800000000001,-0.89037287163424761
107.419,-0.89035017654379667
107.42,-0.89032705132491463
107.42100000000001,-0.89030350063707475
107.422,-0.89027952912350727
107.423,-0.89025514141104667
107.42400000000001,-0.89023034210999219
107.425,-0.8902051358139591
107.426,-0.89017952709973391
107.42700000000001,-0.89015352052712737
107.428,-0.89012712063883059
107.429,-0.89010033196026539
107.43000000000001,-0.89007315899943995
107.431,-0.89004560624679607
107.432,-0.8900176781750706
107.43299999999999,-0.88998937923913601
107.434,-0.88996071387585962
107.435,-0.88993168650395349
107.43600000000001,-0.88990230152382299
107.437,-0.88987256331741804
107.438,-0.8898424762480861
107.43899999999999,-0.88981204466041541
107.44,-0.88978127288009379
107.441,-0.8897501652137505
107.44200000000001,-0.88971872594880663
107.443,-0.8896869593533272
107.444,-0.88965486967586349
107.44499999999999,-0.88962246114530785
107.446,-0.88958973797073737
107.447,-0.88955670434126066
107.44799999999999,-0.88952336442586644
107.449,-0.88948972237327428
107.45,-0.88945578231177125
107.45099999999999,-0.88942154834907017
107.452,-0.88938702457214891
107.453,-0.88935221504709272
107.45399999999999,-0.88931712381895345
107.455,-0.88928175491157946
107.456,-0.88924611232746598
107.45699999999999,-0.88921020004760942
107.458,-0.88917402203133822
107.459,-0.88913758221616268
107.45999999999999,-0.8891008845176227
107.461,-0.88906393282912743
107.462,-0.8890267310218003
107.46299999999999,-0.88898928294432444
107.464,-0.88895159242278554
107.465,-0.88891366326050791
107.46599999999999,-0.88887549923791109
107.467,-0.88883710411234107
107.468,-0.8887984816179193
107.46899999999999,-0.88875963546538372
107.47,-0.88872056934193022
107.471,-0.8886812869110523
107.47199999999999,-0.88864179181239189
107.473,-0.88860208766157101
107.474,-0.88856217805004167
107.47499999999999,-0.88852206654492027
107.476,-0.88848175668884011
107.477,-0.88844125199977597
107.47799999999999,-0.88840055597090428
107.479,-0.88835967207043121
107.48,-0.88831860374143767
107.48099999999999,-0.88827735440172306
107.482,-0.88823592744363999
107.483,-0.88819432623394468
107.48399999999999,-0.88815255411362903
107.485,-0.88811061439776307
107.486,-0.88806851037534251
107.48699999999999,-0.88802624530911611
107.488,-0.88798382243544438
107.489,-0.88794124496412286
107.48999999999999,-0.88789851607823289
107.491,-0.88785563893398001
107.492,-0.88781261666053268
107.49299999999999,-0.88776945235986471
107.494,-0.88772614910659575
107.495,-0.88768270994783016
107.496,-0.88763913790300242
107.497,-0.88759543596370882
107.498,-0.88755160709355829
107.499,-0.88750765422800759
107.5,-0.88746358027420236
107.501,-0.88741938811081766
107.502,-0.88737508058790571
107.503,-0.88733066052672038
107.504,-0.88728613071958318
107.505,-0.88724149392969531
107.506,-0.88719675289100808
107.50700000000001,-0.88715191030804119
107.508,-0.88710696885573626
107.509,-0.88706193117929777
107.51000000000001,-0.88701679989402837
107.511,-0.88697157758518186
107.512,-0.8869262668077913
107.51300000000001,-0.88688087008652605
107.514,-0.88683538991552302
107.515,-0.88678982875823431
107.51600000000001,-0.88674418904726915
107.517,-0.88669847318423711
107.518,-0.8866526835395927
107.51900000000001,-0.88660682245247502
107.52,-0.88656089223055767
107.521,-0.88651489514988446
107.52200000000001,-0.88646883345472194
107.523,-0.88642270935740086
107.524,-0.88637652503815723
107.52500000000001,-0.88633028264498082
107.526,-0.88628398429346511
107.527,-0.88623763206664297
107.52800000000001,-0.88619122801484096
107.529,-0.88614477415551729
107.53,-0.88609827247312101
107.53100000000001,-0.88605172491892681
107.532,-0.88600513341088938
107.533,-0.88595849983348307
107.53400000000001,-0.88591182603756513
107.535,-0.88586511384020916
107.536,-0.8858183650245568
107.53700000000001,-0.88577158133967737
107.538,-0.88572476450040138
107.539,-0.88567791618718461
107.54000000000001,-0.88563103804595
107.541,-0.88558413168794248
107.542,-0.88553719868958147
107.54300000000001,-0.88549024059230819
107.544,-0.88544325890243947
107.545,-0.88539625509102526
107.54600000000001,-0.8853492305936963
107.547,-0.88530218681051798
107.548,-0.88525512510585047
107.54900000000001,-0.88520804680819998
107.55,-0.88516095321006949
107.551,-0.88511384556782202
107.55200000000001,-0.88506672510153628
107.553,-0.88501959299485922
107.554,-0.88497245039486838
107.55500000000001,-0.88492529841192669
107.556,-0.8848781381195443
107.557,-0.88483097055423343
107.55799999999999,-0.88478379671538088
107.559,-0.88473661756509125
107.56,-0.88468943402805911
107.56100000000001,-0.88464224699143035
107.562,-0.88459505730466548
107.563,-0.88454786577939792
107.56399999999999,-0.88450067318930436
107.565,-0.88445348026996662
107.566,-0.88440628771873619
107.56700000000001,-0.88435909619460595
107.568,-0.88431190631807022
107.569,-0.88426471867099909
107.56999999999999,-0.88421753379649903
107.571,-0.8841703521987947
107.572,-0.88412317434308596
107.57299999999999,-0.88407600065542846
107.574,-0.88402883152260037
107.575,-0.88398166729197714
107.57599999999999,-0.88393450827140629
107.577,-0.88388735472907642
107.578,-0.88384020689340348
107.57899999999999,-0.88379306495289045
107.58,-0.88374592905602078
107.581,-0.88369879931112916
107.58199999999999,-0.88365167578627624
107.583,-0.88360455850913944
107.584,-0.88355744746687881
107.58499999999999,-0.88351034260603534
107.586,-0.88346324383240216
107.587,-0.88341615101091087
107.58799999999999,-0.88336906396551651
107.589,-0.88332198247908567
107.59,-0.88327490629328143
107.59099999999999,-0.88322783510844882
107.592,-0.88318076858350558
107.593,-0.88313370633583643
107.59399999999999,-0.88308664794117275
107.595,-0.88303959293349532
107.596,-0.88299254080492329
107.59699999999999,-0.88294549100560804
107.598,-0.88289844294362974
107.599,-0.88285139598489026
107.59999999999999,-0.882804349453016
107.601,-0.88275730262925212
107.602,-0.88271025475236753
107.60299999999999,-0.88266320501854922
107.604,-0.88261615258130854
107.605,-0.88256909655138616
107.60599999999999,-0.88252203599665435
107.607,-0.88247496994201757
107.608,-0.88242789736933513
107.60899999999999,-0.88238081721731287
107.61,-0.88233372838141966
107.611,-0.88228662971380256
107.61199999999999,-0.88223952002319006
107.613,-0.88219239807481475
107.614,-0.88214526259031922
107.61499999999999,-0.88209811224768364
107.616,-0.88205094568113029
107.617,-0.88200376148104898
107.61799999999999,-0.88195655819392238
107.619,-0.8819093343222395
107.62,-0.88186208832441704
107.621,-0.88181481861473499
107.622,-0.88176752356325405
107.623,-0.88172020149574326
107.624,-0.88167285069361245
107.625,-0.88162546939383635
107.626,-0.88157805578889459
107.627,-0.88153060802669758
107.628,-0.88148312421052477
107.629,-0.88143560239896024
107.63,-0.88138804060583009
107.631,-0.88134043680014029
107.63200000000001,-0.88129278890602203
107.633,-0.881245094802666
107.634,-0.88119735232427487
107.63500000000001,-0.88114955926000338
107.636,-0.88110171335390453
107.637,-0.88105381230488655
107.63800000000001,-0.88100585376665252
107.639,-0.88095783534765415
107.64,-0.88090975461105581
107.64100000000001,-0.88086160907467592
107.642,-0.88081339621095056
107.643,-0.88076511344689168
107.64400000000001,-0.88071675816404804
107.645,-0.88066832769846437
107.646,-0.88061981934064759
107.64700000000001,-0.88057123033552598
107.648,-0.88052255788243139
107.649,-0.88047379913504908
107.65000000000001,-0.8804249512013973
107.651,-0.88037601114380593
107.652,-0.8803269759788801
107.65300000000001,-0.880277842677478
107.654,-0.88022860816469617
107.655,-0.88017926931983759
107.65600000000001,-0.88012982297640541
107.657,-0.88008026592207456
107.658,-0.88003059489868596
107.65900000000001,-0.87998080660222699
107.66,-0.87993089768282262
107.661,-0.87988086474473093
107.66200000000001,-0.87983070434632671
107.663,-0.87978041300010146
107.664,-0.8797299871726616
107.66500000000001,-0.87967942328471782
107.666,-0.87962871771109663
107.667,-0.87957786678074168
107.66800000000001,-0.87952686677670044
107.669,-0.87947571393615664
107.67,-0.87942440445042225
107.67100000000001,-0.87937293446494724
107.672,-0.87932130007933651
107.673,-0.87926949734736759
107.67400000000001,-0.8792175222769969
107.675,-0.87916537083038682
107.676,-0.87911303892391901
107.67700000000001,-0.87906052242822508
107.678,-0.87900781716820164
107.679,-0.87895491892304456
107.68000000000001,-0.87890182342627154
107.681,-0.87884852636575816
107.682,-0.87879502338376581
107.68299999999999,-0.87874131007698164
107.684,-0.87868738199654706
107.685,-0.87863323464810916
107.68600000000001,-0.87857886349185232
107.687,-0.87852426394254479
107.688,-0.87846943136958311
107.68899999999999,-0.87841436109704452
107.69,-0.87835904840373003
107.691,-0.87830348852322082
107.69200000000001,-0.878247676643932
107.693,-0.87819160790917117
107.694,-0.87813527741719133
107.69499999999999,-0.8780786802212539
107.696,-0.87802181132970203
107.697,-0.87796466570600895
107.69799999999999,-0.87790723826885886
107.699,-0.87784952389221171
107.7,-0.87779151740537342
107.70099999999999,-0.8777332135930771
107.702,-0.87767460719555457
107.703,-0.87761569290861585
107.70399999999999,-0.87755646538373222
107.705,-0.87749691922811968
107.706,-0.87743704900482555
107.70699999999999,-0.87737684923281334
107.708,-0.87731631438705682
107.709,-0.87725543889863244
107.70999999999999,-0.87719421715481616
107.711,-0.87713264349917752
107.712,-0.87707071223168009
107.71299999999999,-0.87700841760879023
107.714,-0.87694575384357076
107.715,-0.87688271510580096
107.71599999999999,-0.87681929552207594
107.717,-0.87675548917592305
107.718,-0.87669129010791336
107.71899999999999,-0.87662669231578683
107.72,-0.87656168975455806
107.721,-0.87649627633664773
107.72199999999999,-0.87643044593200736
107.723,-0.87636419236823615
107.724,-0.87629750943072127
107.72499999999999,-0.87623039086276089
107.726,-0.87616283036570097
107.727,-0.87609482159907159
107.72799999999999,-0.87602635818072727
107.729,-0.8759574336869842
107.73,-0.87588804165276679
107.73099999999999,-0.87581817557174979
107.732,-0.87574782889651503
107.733,-0.8756769950386909
107.73399999999999,-0.87560566736911793
107.735,-0.87553383921799277
107.736,-0.87546150387503552
107.73699999999999,-0.87538865458965054
107.738,-0.8753152845710801
107.739,-0.87524138698858245
107.73999999999999,-0.87516695497159303
107.741,-0.87509198160989721
107.742,-0.87501645995380395
107.74299999999999,-0.87494038301432253
107.744,-0.87486374376333709
107.745,-0.87478653513379312
107.746,-0.87470875001987647
107.747,-0.87463038127720294
107.748,-0.87455142172300215
107.749,-0.87447186413631606
107.75,-0.87439170125818233
107.751,-0.87431092579183778
107.752,-0.87422953040291906
107.753,-0.87414750771965322
107.754,-0.87406485033307479
107.755,-0.87398155079721818
107.756,-0.87389760162933916
107.75700000000001,-0.87381299531012235
107.758,-0.87372772428388412
107.759,-0.87364178095880529
107.76000000000001,-0.87355515770714254
107.761,-0.87346784686544732
107.762,-0.8733798407347928
107.76300000000001,-0.87329113158100347
107.764,-0.87320171163487803
107.765,-0.87311157309242526
107.76600000000001,-0.87302070811509358
107.767,-0.87292910883001706
107.768,-0.87283676733024329
107.76900000000001,-0.87274367567498068
107.77,-0.87264982588984452
107.771,-0.87255520996710167
107.77200000000001,-0.8724598198659157
107.773,-0.87236364751260975
107.774,-0.87226668480090641
107.77500000000001,-0.872168923592199
107.776,-0.87207035571579805
107.777,-0.87197097296920667
107.77800000000001,-0.87187076711836964
107.779,-0.87176972989795365
107.78,-0.87166785301161021
107.78100000000001,-0.87156512813224962
107.782,-0.87146154690231414
107.783,-0.87135710093405772
107.78400000000001,-0.8712517818098191
107.785,-0.87114558108231499
107.786,-0.87103849027490954
107.78700000000001,-0.87093050088191815
107.788,-0.87082160436888278
107.789,-0.87071179217287042
107.79000000000001,-0.87060105570276791
107.791,-0.87048938633957773
107.792,-0.8703767754367151
107.79300000000001,-0.8702632143203104
107.794,-0.87014869428952357
107.795,-0.8700332066168297
107.79600000000001,-0.86991674254834894
107.797,-0.86979929330414807
107.798,-0.86968085007855267
107.79900000000001,-0.86956140404047089
107.8,-0.86944094633370739
107.801,-0.86931946807728533
107.80200000000001,-0.8691969603657701
107.803,-0.86907341426959483
107.804,-0.86894882083539171
107.80500000000001,-0.8688231710863179
107.806,-0.86869645602239443
107.807,-0.86856866662083698
107.80799999999999,-0.86843979383639791
107.809,-0.86830982860170014
107.81,-0.86817876182758935
107.81100000000001,-0.86804658440347193
107.812,-0.86791328719766003
107.813,-0.86777886105773216
107.81399999999999,-0.8676432968108716
107.815,-0.86750658526423452
107.816,-0.86736871720529152
107.81700000000001,-0.86722968340219841
107.818,-0.86708947460415198
107.819,-0.86694808154175673
107.81999999999999,-0.86680549492738335
107.821,-0.86666170545554699
107.822,-0.86651670380326795
107.82299999999999,-0.86637048063044775
107.824,-0.86622302658024575
107.825,-0.86607433227945485
107.82599999999999,-0.86592438833887586
107.827,-0.8657731853537034
107.828,-0.86562071390390871
107.82899999999999,-0.8654669645546238
107.83,-0.86531192785653177
107.831,-0.86515559434624878
107.83199999999999,-0.86499795454672634
107.833,-0.86483899896763816
107.834,-0.86467871810577934
107.83499999999999,-0.86451710244546076
107.836,-0.86435414245891851
107.837,-0.86418982860669891
107.83799999999999,-0.8640241513380813
107.839,-0.86385710109147862
107.84,-0.8636886682948357
107.84099999999999,-0.86351884336605167
107.842,-0.863347616713388
107.843,-0.86317497873588556
107.84399999999999,-0.86300091982377358
107.845,-0.86282543035889336
107.846,-0.86264850071512189
107.84699999999999,-0.8624701212587853
107.848,-0.86229028234909144
107.849,-0.86210897433854461
107.84999999999999,-0.8619261875733919
107.851,-0.86174191239402775
107.852,-0.86155613913545004
107.85299999999999,-0.86136885812767394
107.854,-0.8611800596961805
107.855,-0.86098973416234914
107.85599999999999,-0.86079787184388934
107.857,-0.86060446305529359
107.858,-0.86040949810827128
107.85899999999999,-0.86021296731219365
107.86,-0.86001486097454061
107.861,-0.85981516940134917
107.86199999999999,-0.85961388289765939
107.863,-0.8594109917679682
107.864,-0.85920648631667884
107.86499999999999,-0.85900035684855869
107.866,-0.85879259366919092
107.867,-0.85858318708543147
107.86799999999999,-0.85837212740587221
107.869,-0.85815940494129705
107.87,-0.85794501000514556
107.871,-0.85772893291397656
107.872,-0.8575111639879287
107.873,-0.8572916935511965
107.874,-0.85707051193248551
107.875,-0.85684760946549288
107.876,-0.85662297648937091
107.877,-0.85639660334920009
107.878,-0.85616848039646554
107.879,-0.85593859798952909
107.88,-0.85570694649410672
107.881,-0.85547351628374413
107.88200000000001,-0.85523829774029725
107.883,-0.85500128125441366
107.884,-0.85476245722600996
107.88500000000001,-0.85452181606475808
107.886,-0.85427934819056395
107.887,-0.85403504403406139
107.88800000000001,-0.85378889403708635
107.889,-0.85354088865317568
107.89,-0.85329101834804799
107.89100000000001,-0.85303927360009357
107.892,-0.85278564490087039
107.893,-0.85253012275559126
107.89400000000001,-0.85227269768361769
107.895,-0.85201336021895102
107.896,-0.85175210091073295
107.89700000000001,-0.85148891032373708
107.898,-0.85122377903886903
107.899,-0.85095669765365267
107.90000000000001,-0.8506876567827466
107.901,-0.85041664705843356
107.902,-0.85014365913111778
107.90300000000001,-0.84986868366983037
107.904,-0.8495917113627347
107.905,-0.84931273291762377
107.90600000000001,-0.84903173906241935
107.907,-0.84874872054569295
107.908,-0.84846366813714935
107.90900000000001,-0.84817657262814938
107.91,-0.84788742483220858
107.911,-0.84759621558550391
107.91200000000001,-0.8473029357473818
107.913,-0.84700757620087286
107.914,-0.84671012785318744
107.91500000000001,-0.84641058163624061
107.916,-0.84610892850714858
107.917,-0.84580515944874701
107.91800000000001,-0.84549926547009768
107.919,-0.84519123760700587
107.92,-0.84488106692252396
107.92100000000001,-0.84456874450746788
107.922,-0.84425426148093186
107.923,-0.84393760899079728
107.92400000000001,-0.84361877821424525
107.925,-0.84329776035827475
107.926,-0.84297454666021521
107.92700000000001,-0.84264912838823403
107.928,-0.84232149684186242
107.929,-0.84199164335249632
107.93000000000001,-0.84165955928392489
107.931,-0.8413252360328336
107.932,-0.84098866502932568
107.93299999999999,-0.8406498377374354
107.934,-0.84030874565564373
107.935,-0.83996538031739076
107.93600000000001,-0.83961973329159312
107.937,-0.83927179618316039
107.938,-0.83892156063350676
107.93899999999999,-0.83856901832106834
107.94,-0.838214160961813
107.941,-0.83785698030976841
107.94200000000001,-0.83749746815751713
107.943,-0.83713561633672784
107.944,-0.83677141671866373
107.94499999999999,-0.83640486121468793
107.946,-0.83603594177679552
107.947,-0.83566465039810556
107.94799999999999,-0.83529097911339489
107.949,-0.83491491999959511
107.95,-0.83453646517630986
107.95099999999999,-0.83415560680633538
107.952,-0.83377233709615428
107.953,-0.83338664829646181
107.95399999999999,-0.83299853270267432
107.955,-0.83260798265542935
107.956,-0.83221499054110915
107.95699999999999,-0.831819548792335
107.958,-0.8314216498884921
107.959,-0.83102128635622252
107.95999999999999,-0.83061845076994167
107.961,-0.83021313575233746
107.962,-0.82980533397488498
107.96299999999999,-0.82939503815834259
107.964,-0.82898224107326346
107.965,-0.82856693554049121
107.96599999999999,-0.82814911443167105
107.967,-0.82772877066974448
107.968,-0.82730589722945735
107.96899999999999,-0.82688048713784967
107.97,-0.82645253347476633
107.971,-0.82602202937334468
107.97199999999999,-0.82558896802052173
107.973,-0.82515334265751861
107.974,-0.82471514658034906
107.97499999999999,-0.8242743731402995
107.976,-0.82383101574443263
107.977,-0.8233850678560759
107.97799999999999,-0.82293652299530651
107.979,-0.82248537473945182
107.98,-0.82203161672356551
107.98099999999999,-0.82157524264092441
107.982,-0.82111624624350865
107.983,-0.82065462134248435
107.98399999999999,-0.82019036180869609
107.985,-0.81972346157313503
107.986,-0.81925391462743091
107.98699999999999,-0.81878171502432284
107.988,-0.81830685687814109
107.989,-0.8178293343652836
107.98999999999999,-0.81734914172468498
107.991,-0.81686627325829386
107.992,-0.81638072333154543
107.99299999999999,-0.81589248637382772
107.994,-0.81540155687894833
107.995,-0.81490792940560697
107.996,-0.81441159857785328
107.997,-0.81391255908555715
107.998,-0.8134108056848639
107.999,-0.81290633319865435
108,-0.81239913651700979
108.001,-0.81188921059765518
108.002,-0.81137655046642587
108.003,-0.81086115121771307
108.004,-0.81034300801491632
108.005,-0.8098221160908885
108.006,-0.80929847074839056
108.00700000000001,-0.80877206736052498
108.008,-0.80824290137118426
108.009,-0.80771096829549505
108.01000000000001,-0.80717626372024975
108.011,-0.80663878330434491
108.012,-0.80609852277921723
108.01300000000001,-0.80555547794927085
108.014,-0.80500964469231517
108.015,-0.8044610189599859
108.01600000000001,-0.80390959677817042
108.017,-0.80335537424743642
108.018,-0.80279834754344703
108.01900000000001,-0.80223851291738058
108.02,-0.80167586669634971
108.021,-0.80111040528381405
108.02200000000001,-0.80054212515998602
108.023,-0.79997102288224875
108.024,-0.79939709508556023
108.02500000000001,-0.79882033848285028
108.026,-0.79824074986543225
108.027,-0.79765832610339382
108.02800000000001,-0.79707306414600199
108.029,-0.79648496102208499
108.03,-0.79589401384043734
108.03100000000001,-0.79530021979020082
108.032,-0.79470357614124687
108.033,-0.79410408024457002
108.03400000000001,-0.79350172953266274
108.035,-0.7928965215198911
108.036,-0.79228845380287627
108.03700000000001,-0.79167752406085867
108.038,-0.79106373005607589
108.039,-0.79044706963412725
108.04000000000001,-0.78982754072433359
108.041,-0.78920514134009911
108.042,-0.78857986957927517
108.04300000000001,-0.78795172362450794
108.044,-0.78732070174359947
108.045,-0.786686802289843
108.04600000000001,-0.78605002370238664
108.047,-0.78541036450656376
108.048,-0.78476782331423234
108.04900000000001,-0.78412239882412704
108.05,-0.78347408982217503
108.051,-0.78282289518183479
108.05199999999999,-0.78216881386442605
108.053,-0.78151184491945092
108.054,-0.78085198748491536
108.05500000000001,-0.78018924078764673
108.056,-0.77952360414361266
108.057,-0.77885507695822609
108.05799999999999,-0.77818365872666151
108.059,-0.77750934903414937
108.06,-0.7768321475562896
108.06100000000001,-0.77615205405934162
108.062,-0.77546906840051877
108.063,-0.77478319052828892
108.06399999999999,-0.77409442048265253
108.065,-0.77340275839542949
108.066,-0.77270820449054378
108.06700000000001,-0.77201075908429928
108.068,-0.77131042258565596
108.069,-0.77060719549649548
108.06999999999999,-0.76990107841189026
108.071,-0.76919207202036999
108.072,-0.76848017710418004
108.07300000000001,-0.76776539453953596
108.074,-0.76704772529687881
108.075,-0.76632717044112253
108.07599999999999,-0.76560373113189728
108.077,-0.76487740862379727
108.078,-0.76414820426661212
108.07899999999999,-0.76341611950556754
108.08,-0.76268115588154917
108.081,-0.76194331503133261
108.08199999999999,-0.76120259868781082
108.083,-0.76045900868020144
108.084,-0.75971254693427603
108.08499999999999,-0.75896321547256029
108.086,-0.7582110164145508
108.087,-0.75745595197691395
108.08799999999999,-0.75669802447368228
108.089,-0.7559372363164587
108.09,-0.75517359001460393
108.09099999999999,-0.75440708817542479
108.092,-0.75363773350435759
108.093,-0.75286552880514979
108.09399999999999,-0.75209047698003895
108.095,-0.75131258102992193
108.096,-0.75053184405451745
108.09699999999999,-0.7497482692525419
108.098,-0.74896185992186037
108.099,-0.74817261945964697
108.09999999999999,-0.747380551362538
108.101,-0.74658565922677322
108.102,-0.74578794674834503
108.10299999999999,-0.7449874177231397
108.104,-0.74418407604706616
108.105,-0.74337792571619365
108.10599999999999,-0.74256897082687878
108.107,-0.74175721557587915
108.108,-0.74094266426048883
108.10899999999999,-0.7401253212786334
108.11,-0.73930519112899873
108.111,-0.73848227841112379
108.11199999999999,-0.73765658782550814
108.113,-0.7368281241737118
108.114,-0.73599689235844457
108.11499999999999,-0.73516289738365215
108.116,-0.73432614435460986
108.117,-0.73348663847799589
108.11799999999999,-0.73264438506197216
108.119,-0.73179938951625401
108.12,-0.7309516573521746
108.121,-0.73010119418275465
108.122,-0.72924800572275794
108.123,-0.72839209778874103
108.124,-0.72753347629911547
108.125,-0.72667214727418106
108.126,-0.72580811683617297
108.127,-0.72494139120929857
108.128,-0.72407197671977253
108.129,-0.72319987979583589
108.13,-0.72232510696779029
108.131,-0.72144766486801215
108.13200000000001,-0.72056756023096691
108.133,-0.71968479989321921
108.134,-0.71879939079344224
108.13500000000001,-0.7179113399724173
108.136,-0.71702065457302933
108.137,-0.71612734184026605
108.13800000000001,-0.71523140912119088
108.139,-0.71433286386494022
108.14,-0.71343171362270441
108.14100000000001,-0.71252796604768998
108.142,-0.71162162889509872
108.143,-0.71071271002209224
108.14400000000001,-0.70980121738774704
108.145,-0.70888715905301991
108.146,-0.70797054318069419
108.14700000000001,-0.70705137803533002
108.148,-0.70612967198320531
108.149,-0.70520543349225484
108.15000000000001,-0.70427867113200193
108.151,-0.70334939357349713
108.152,-0.70241760958922805
108.15300000000001,-0.70148332805305591
108.154,-0.70054655794011556
108.155,-0.69960730832674178
108.15600000000001,-0.69866558839036363
108.157,-0.69772140740941069
108.158,-0.69677477476321759
108.15900000000001,-0.69582569993190679
108.16,-0.69487419249628068
108.161,-0.6939202621377123
108.16200000000001,-0.69296391863800988
108.163,-0.69200517187930499
108.164,-0.69104403184392416
108.16500000000001,-0.69008050861423875
108.166,-0.68911461237254068
108.167,-0.68814635340089891
108.16800000000001,-0.68717574208100407
108.169,-0.68620278889401654
108.17,-0.68522750442041769
108.17100000000001,-0.68424989933983937
108.172,-0.68326998443090625
108.173,-0.68228777057105772
108.17400000000001,-0.68130326873637737
108.175,-0.68031649000141226
108.176,-0.67932744553898461
108.17699999999999,-0.67833614662001729
108.178,-0.67734260461331752
108.179,-0.67634683098540416
108.18000000000001,-0.67534883730028872
108.181,-0.67434863521927246
108.182,-0.67334623650074121
108.18299999999999,-0.67234165299994375
108.184,-0.67133489666876756
108.185,-0.67032597955553275
108.18600000000001,-0.66931491380473895
108.187,-0.6683017116568486
108.188,-0.66728638544804397
108.18899999999999,-0.66626894760998034
108.19,-0.66524941066955146
108.191,-0.66422778724862219
108.19200000000001,-0.66320409006378833
108.193,-0.66217833192610165
108.194,-0.66115052574081989
108.19499999999999,-0.66012068450712835
108.196,-0.65908882131787028
108.197,-0.65805494935926312
108.19800000000001,-0.65701908191063252
108.199,-0.6559812323441041
108.2,-0.65494141412432771
108.20099999999999,-0.65389964080818475
108.202,-0.65285592604447373
108.203,-0.65181028357361814
108.20399999999999,-0.65076272722735684
108.205,-0.6497132709284319
108.206,-0.64866192869026129
108.20699999999999,-0.64760871461664493
108.208,-0.64655364290140316
108.209,-0.64549672782807832
108.20999999999999,-0.64443798376958439
108.211,-0.64337742518787477
108.212,-0.64231506663359816
108.21299999999999,-0.64125092274575435
108.214,-0.6401850082513425
108.215,-0.63911733796500503
108.21599999999999,-0.63804792678867095
108.217,-0.63697678971119664
108.218,-0.63590394180798704
108.21899999999999,-0.634829398240635
108.22,-0.6337531742565492
108.221,-0.63267528518855753
108.22199999999999,-0.63159574645454208
108.223,-0.6305145735570421
108.224,-0.6294317820828641
108.22499999999999,-0.62834738770268928
108.226,-0.62726140617066584
108.227,-0.6261738533240151
108.22799999999999,-0.62508474508262113
108.229,-0.62399409744861201
108.23,-0.62290192650595433
108.23099999999999,-0.62180824842003268
108.232,-0.62071307943721399
108.233,-0.61961643588444071
108.23399999999999,-0.61851833416877877
108.235,-0.61741879077699879
108.236,-0.61631782227513376
108.23699999999999,-0.61521544530802164
108.238,-0.61411167659888566
108.239,-0.6130065329488632
108.23999999999999,-0.61190003123655767
108.241,-0.61079218841758243
108.242,-0.60968302152409937
108.24299999999999,-0.6085725476643522
108.244,-0.60746078402220327
108.245,-0.60634774785664902
108.246,-0.60523345650135729
108.247,-0.60411792736417791
108.248,-0.60300117792666663
108.249,-0.60188322574359399
108.25,-0.6007640884424541
108.251,-0.59964378372297489
108.252,-0.59852232935662064
108.253,-0.59739974318608269
108.254,-0.5962760431247851
108.255,-0.5951512471563718
108.256,-0.59402537333419625
108.25700000000001,-0.59289843978080903
108.258,-0.59177046468743377
108.259,-0.59064146631345382
108.26000000000001,-0.58951146298587886
108.261,-0.58838047309882535
108.262,-0.58724851511297826
108.26300000000001,-0.58611560755505954
108.264,-0.58498176901729293
108.265,-0.58384701815685736
108.26600000000001,-0.58271137369534465
108.267,-0.58157485441821688
108.268,-0.58043747917424637
108.26900000000001,-0.57929926687497124
108.27,-0.57816023649413539
108.271,-0.57702040706712587
108.27200000000001,-0.57587979769041109
108.273,-0.5747384275209817
108.274,-0.57359631577576931
108.27500000000001,-0.57245348173108779
108.276,-0.57130994472204844
108.277,-0.57016572414198663
108.27800000000001,-0.56902083944188542
108.279,-0.56787531012977732
108.28,-0.56672915577017813
108.28100000000001,-0.56558239598348514
108.282,-0.56443505044538211
108.283,-0.56328713888626369
108.28400000000001,-0.56213868109060972
108.285,-0.5609896968964132
108.286,-0.55984020619455954
108.28700000000001,-0.55869022892822384
108.288,-0.55753978509227364
108.289,-0.5563888947326463
108.29000000000001,-0.55523757794573525
108.291,-0.55408585487778828
108.292,-0.55293374572427911
108.29300000000001,-0.55178127072928307
108.294,-0.55062845018486328
108.295,-0.54947530443043791
108.29600000000001,-0.54832185385216015
108.297,-0.54716811888228101
108.298,-0.54601411999851868
108.29900000000001,-0.54485987772342659
108.3,-0.54370541262375349
108.301,-0.54255074530980218
108.30199999999999,-0.54139589643479358
108.303,-0.54024088669421788
108.304,-0.5390857368251889
108.30500000000001,-0.53793046760580765
108.306,-0.5367750998544909
108.307,-0.53561965442933568
108.30799999999999,-0.5344641522274598
108.309,-0.53330861418434505
108.31,-0.53215306127318129
108.31100000000001,-0.53099751450420385
108.312,-0.52984199492403361
108.313,-0.52868652361501178
108.31399999999999,-0.52753112169453376
108.315,-0.52637581031437986
108.316,-0.52522061066005588
108.31700000000001,-0.52406554395010607
108.318,-0.52291063143545369
108.319,-0.52175589439871883
108.31999999999999,-0.52060135415354791
108.321,-0.51944703204392972
108.322,-0.51829294944351956
108.32300000000001,-0.51713912775495841
108.324,-0.5159855884091904
108.325,-0.51483235286477447
108.32599999999999,-0.51367944260721066
108.327,-0.51252687914823003
108.328,-0.51137468402513564
108.32899999999999,-0.51022287880009198
108.33,-0.50907148505943933
108.331,-0.50792052441300362
108.33199999999999,-0.5067700184933992
108.333,-0.50561998895533833
108.334,-0.50447045747492858
108.33499999999999,-0.50332144574898408
108.336,-0.50217297549431628
108.337,-0.50102506844704386
108.33799999999999,-0.49987774636188886
108.339,-0.49873103101147054
108.34,-0.49758494418560906
108.34099999999999,-0.4964395076906154
108.342,-0.49529474334859414
108.343,-0.49415067299672621
108.34399999999999,-0.49300731848657575
108.345,-0.49186470168337371
108.346,-0.49072284446531045
108.34699999999999,-0.48958176872282966
108.348,-0.48844149635791556
108.349,-0.48730204928338283
108.34999999999999,-0.48616344942216738
108.351,-0.48502571870660827
108.352,-0.48388887907774425
108.35299999999999,-0.4827529524845926
108.354,-0.48161796088343634
108.355,-0.480483926237115
108.35599999999999,-0.47935087051430436
108.357,-0.47821881568880187
108.358,-0.47708778373881078
108.35899999999999,-0.47595779664622562
108.36,-0.47482887639591542
108.361,-0.47370104497500565
108.36199999999999,-0.47257432437215696
108.363,-0.47144873657685382
108.364,-0.47032430357868726
108.36499999999999,-0.46920104736663015
108.366,-0.46807898992832175
108.367,-0.46695815324934964
108.36799999999999,-0.46583855931253426
108.369,-0.4647202300972082
108.37,-0.46360318757848828
108.371,-0.46248745372657574
108.372,-0.46137305050601674
108.373,-0.4602599998750021
108.374,-0.45914832378463633
108.375,-0.45803804417821947
108.376,-0.45692918299053531
108.377,-0.45582176214713321
108.378,-0.45471580356360031
108.379,-0.45361132914485358
108.38,-0.45250836078441736
108.381,-0.45140692036370744
108.38200000000001,-0.4503070297513152
108.383,-0.44920871080228597
108.384,-0.44811198535740937
108.38500000000001,-0.44701687524250389
108.386,-0.445923402267693
108.387,-0.44483158822669377
108.38800000000001,-0.44374145489611116
108.389,-0.44265302403471285
108.39,-0.44156631738272267
108.39100000000001,-0.44048135666110255
108.392,-0.4393981635708446
108.393,-0.4383167597922637
108.39400000000001,-0.43723716698427184
108.395,-0.43615940678369292
108.396,-0.43508350080452418
108.39700000000001,-0.43400947063724749
108.398,-0.4329373378481236
108.399,-0.43186712397847193
108.40000000000001,-0.4307988505439706
108.401,-0.42973253903396147
108.402,-0.42866821091072538
108.40300000000001,-0.42760588760879958
108.404,-0.426545590534265
108.405,-0.42548734106404673
108.40600000000001,-0.42443116054521601
108.407,-0.42337707029428762
108.408,-0.4223250915965342
108.40900000000001,-0.4212752457052682
108.41,-0.42022755384116728
108.411,-0.41918203719157043
108.41200000000001,-0.41813871690978299
108.413,-0.41709761411439272
108.414,-0.41605874988857572
108.41500000000001,-0.41502214527940362
108.416,-0.41398782129716372
108.417,-0.41295579891466661
108.41800000000001,-0.41192609906656141
108.419,-0.41089874264865811
108.42,-0.40987375051724007
108.42100000000001,-0.40885114348838458
108.422,-0.40783094233728834
108.423,-0.40681316779758436
108.42400000000001,-0.40579784056066703
108.425,-0.40478498127502283
108.426,-0.40377461054555219
108.42699999999999,-0.40276674893290432
108.428,-0.40176141695280121
108.429,-0.40075863507537735
108.43000000000001,-0.39975842372450776
108.431,-0.39876080327714991
108.432,-0.39776579406267709
108.43299999999999,-0.39677341636221897
108.434,-0.39578369040800787
108.435,-0.39479663638271711
108.43600000000001,-0.39381227441880373
108.437,-0.39283062459786633
108.438,-0.39185170694998606
108.43899999999999,-0.39087554145307735
108.44,-0.38990214803224754
108.441,-0.38893154655914897
108.44200000000001,-0.38796375685132967
108.443,-0.38699879867160591
108.444,-0.38603669172741606
108.44499999999999,-0.38507745567018192
108.446,-0.38412111009468397
108.447,-0.38316767453841605
108.44800000000001,-0.38221716848096987
108.449,-0.38126961134339865
108.45,-0.38032502248759403
108.45099999999999,-0.3793834212156626
108.452,-0.37844482676930769
108.453,-0.37750925832920901
108.45399999999999,-0.37657673501440758
108.455,-0.37564727588169244
108.456,-0.37472089992498603
108.45699999999999,-0.37379762607474376
108.458,-0.37287747319733899
108.459,-0.37196046009446393
108.45999999999999,-0.37104660550252344
108.461,-0.3701359280920471
108.462,-0.36922844646708208
108.46299999999999,-0.36832417916460258
108.464,-0.36742314465391956
108.465,-0.36652536133609814
108.46599999999999,-0.36563084754335451
108.467,-0.36473962153849637
108.468,-0.36385170151431945
108.46899999999999,-0.36296710559304746
108.47,-0.36208585182574948
108.471,-0.36120795819176266
108.47199999999999,-0.36033344259813394
108.473,-0.35946232287904323
108.474,-0.35859461679524163
108.47499999999999,-0.35773034203349718
108.476,-0.35686951620602558
108.477,-0.35601215684994258
108.47799999999999,-0.35515828142670669
108.479,-0.35430790732157247
108.48,-0.35346105184304122
108.48099999999999,-0.35261773222231785
108.482,-0.35177796561277042
108.483,-0.35094176908939279
108.48399999999999,-0.35010915964826372
108.485,-0.34928015420602465
108.486,-0.34845476959934141
108.48699999999999,-0.34763302258438156
108.488,-0.34681492983629392
108.489,-0.34600050794868542
108.48999999999999,-0.34518977343309887
108.491,-0.34438274271852132
108.492,-0.34357943215083431
108.49299999999999,-0.34277985799235067
108.494,-0.34198403642127628
108.495,-0.34119198353122515
108.496,-0.34040371533071667
108.497,-0.33961924774268315
108.498,-0.33883859660397242
108.499,-0.33806177766487089
108.5,-0.33728880658860261
108.501,-0.33651969895086342
108.502,-0.33575447023932936
108.503,-0.33499313585318813
108.504,-0.33423571110267059
108.505,-0.3334822112085658
108.506,-0.33273265130177565
108.50700000000001,-0.33198704642284582
108.508,-0.33124541152149334
108.509,-0.33050776145617666
108.51000000000001,-0.32977411099362186
108.511,-0.32904447480838428
108.512,-0.32831886748240002
108.51300000000001,-0.32759730350454941
108.514,-0.32687979727021066
108.515,-0.32616636308083047
108.51600000000001,-0.32545701514349235
108.517,-0.32475176757048496
108.518,-0.32405063437888249
108.51900000000001,-0.32335362949011959
108.52,-0.32266076672957755
108.521,-0.32197205982616683
108.52200000000001,-0.32128752241191627
108.523,-0.32060716802157341
108.524,-0.3199310100921906
108.52500000000001,-0.3192590619627329
108.526,-0.31859133687367835
108.527,-0.31792784796662499
108.52800000000001,-0.31726860828390357
108.529,-0.31661363076819171
108.53,-0.31596292826212924
108.53100000000001,-0.31531651350794565
108.532,-0.31467439914707862
108.533,-0.31403659771980852
108.53400000000001,-0.31340312166488316
108.535,-0.31277398331916562
108.536,-0.31214919491726434
108.53700000000001,-0.3115287685911774
108.538,-0.31091271636994788
108.539,-0.31030105017930421
108.54000000000001,-0.30969378184131946
108.541,-0.30909092307407171
108.542,-0.30849248549129937
108.54300000000001,-0.30789848060207703
108.544,-0.30730891981046993
108.545,-0.30672381441522045
108.54600000000001,-0.3061431756094195
108.547,-0.30556701448018453
108.548,-0.30499534200834733
108.54900000000001,-0.30442816906814318
108.55,-0.30386550642688981
108.551,-0.30330736474470399
108.55199999999999,-0.30275375457418274
108.553,-0.30220468636011111
108.554,-0.30166017043917437
108.55500000000001,-0.30112021703966008
108.556,-0.3005848362811756
108.557,-0.30005403817436749
108.55799999999999,-0.29952783262064075
108.559,-0.29900622941188315
108.56,-0.29848923823019824
108.56100000000001,-0.29797686864763362
108.562,-0.29746913012591802
108.563,-0.29696603201620997
108.56399999999999,-0.29646758355882552
108.565,-0.29597379388300471
108.566,-0.29548467200664907
108.56700000000001,-0.29500022683608051
108.568,-0.2945204671658086
108.569,-0.29404540167828186
108.56999999999999,-0.29357503894366266
108.571,-0.29310938741959314
108.572,-0.29264845545097273
108.57300000000001,-0.29219225126973658
108.574,-0.29174078299463391
108.575,-0.29129405863101399
108.57599999999999,-0.29085208607062363
108.577,-0.2904148730913878
108.578,-0.28998242735721735
108.57899999999999,-0.28955475641780648
108.58,-0.28913186770843113
108.581,-0.2887137685497696
108.58199999999999,-0.28830046614770266
108.583,-0.28789196759313862
108.584,-0.28748827986182768
108.58499999999999,-0.28708940981418696
108.586,-0.28669536419513131
108.587,-0.28630614963389567
108.58799999999999,-0.28592177264388008
108.589,-0.28554223962247782
108.59,-0.28516755685093242
108.59099999999999,-0.2847977304941649
108.592,-0.2844327666006401
108.593,-0.28407267110221079
108.59399999999999,-0.2837174498139774
108.595,-0.28336710843415513
108.596,-0.28302165254392664
108.59699999999999,-0.28268108760731714
108.598,-0.28234541897107501
108.599,-0.28201465186452968
108.59999999999999,-0.28168879139948677
108.601,-0.28136784257010605
108.602,-0.28105181025278947
108.60299999999999,-0.2807406992060657
108.604,-0.28043451407049691
108.605,-0.2801332593685677
108.60599999999999,-0.27983693950459276
108.607,-0.27954555876461251
108.608,-0.27925912131631625
108.60899999999999,-0.27897763120894803
108.61,-0.27870109237321872
108.611,-0.27842950862123761
108.61199999999999,-0.27816288364642583
108.613,-0.27790122102345194
108.614,-0.277644524208156
108.61499999999999,-0.27739279653749094
108.616,-0.27714604122945552
108.617,-0.27690426138304369
108.61799999999999,-0.27666745997818198
108.619,-0.27643563987568331
108.62,-0.27620880381720037
108.621,-0.2759869544251834
108.622,-0.27577009420283227
108.623,-0.27555822553407339
108.624,-0.27535135068351391
108.625,-0.27514947179642002
108.626,-0.27495259089869073
108.627,-0.27476070989683343
108.628,-0.27457383057795015
108.629,-0.27439195460971089
108.63,-0.27421508354035895
108.631,-0.27404321879868609
108.63200000000001,-0.27387636169404184
108.633,-0.27371451341632547
108.634,-0.27355767503598516
108.63500000000001,-0.2734058475040344
108.636,-0.2732590316520489
108.637,-0.27311722819218964
108.63800000000001,-0.27298043771721359
108.639,-0.2728486607004923
108.64,-0.27272189749604125
108.64100000000001,-0.27260014833853496
108.642,-0.27248341334335535
108.643,-0.27237169250660154
108.64400000000001,-0.27226498570514535
108.645,-0.27216329269666373
108.646,-0.27206661311967828
108.64700000000001,-0.27197494649361031
108.648,-0.27188829221882349
108.649,-0.27180664957668155
108.65000000000001,-0.27173001772960159
108.651,-0.27165839572111672
108.652,-0.27159178247593552
108.65300000000001,-0.27153017680001401
108.654,-0.27147357738061739
108.655,-0.27142198278640084
108.65600000000001,-0.27137539146748013
108.657,-0.27133380175551025
108.658,-0.27129721186377465
108.65900000000001,-0.27126561988726428
108.66,-0.27123902380276466
108.661,-0.27121742146895711
108.66200000000001,-0.27120081062650492
108.663,-0.27118918889815502
108.664,-0.27118255378883926
108.66500000000001,-0.27118090268578099
108.666,-0.27118423285859361
108.667,-0.27119254145940763
108.66800000000001,-0.27120582552296391
108.669,-0.27122408196674908
108.67,-0.27124730759110305
108.67100000000001,-0.27127549907934601
108.672,-0.2713086529979063
108.673,-0.27134676579644523
108.67400000000001,-0.27138983380799075
108.675,-0.27143785324907066
108.676,-0.27149082021985604
108.67699999999999,-0.27154873070429142
108.678,-0.27161158057025148
108.679,-0.27167936556967209
108.68000000000001,-0.27175208133871465
108.681,-0.27182972339790901
108.682,-0.27191228715231208
108.68299999999999,-0.27199976789166325
108.684,-0.27209216079054732
108.685,-0.27218946090855844
108.68600000000001,-0.27229166319046438
108.687,-0.27239876246637929
108.688,-0.27251075345192977
108.68899999999999,-0.27262763074843832
108.69,-0.27274938884308719
108.691,-0.27287602210911643
108.69200000000001,-0.27300752480599177
108.693,-0.27314389107959647
108.694,-0.27328511496242358
108.69499999999999,-0.27343119037375097
108.696,-0.27358211111986064
108.697,-0.27373787089420842
108.69800000000001,-0.27389846327764422
108.699,-0.27406388173859586
108.7,-0.27423411963328981
108.70099999999999,-0.27440917020594036
108.702,-0.27458902658897699
108.703,-0.27477368180324024
108.70399999999999,-0.27496312875820461
108.705,-0.27515736025219306
108.706,-0.27535636897259996
108.70699999999999,-0.27556014749610336
108.708,-0.27576868828889856
108.709,-0.27598198370691929
108.70999999999999,-0.2762000259960713
108.711,-0.27642280729245972
108.712,-0.27665031962262043
108.71299999999999,-0.27688255490376834
108.714,-0.27711950494401671
108.715,-0.27736116144264145
108.71599999999999,-0.2776075159902982
108.717,-0.27785856006929244
108.718,-0.27811428505381253
108.71899999999999,-0.27837468221017891
108.72,-0.27863974269710789
108.721,-0.2789094575659532
108.72199999999999,-0.27918381776097512
108.723,-0.27946281411958784
108.724,-0.27974643737262905
108.72499999999999,-0.28003467814461791
108.726,-0.28032752695402507
108.727,-0.28062497421353783
108.72799999999999,-0.2809270102303274
108.729,-0.28123362520632877
108.73,-0.28154480923850134
108.73099999999999,-0.28186055231912244
108.732,-0.28218084433605028
108.733,-0.2825056750730095
108.73399999999999,-0.28283503420987666
108.735,-0.28316891132295918
108.736,-0.28350729588528401
108.73699999999999,-0.2838501772668871
108.738,-0.28419754473509951
108.739,-0.28454938745484037
108.73999999999999,-0.28490569448891367
108.741,-0.28526645479830481
108.742,-0.28563165724246931
108.74299999999999,-0.28600129057964319
108.744,-0.28637534346714189
108.745,-0.28675380446165599
108.746,-0.28713666201956523
108.747,-0.28752390449724041
108.748,-0.28791552015135569
108.749,-0.28831149713919402
108.75,-0.28871182351896385
108.751,-0.28911648725010775
108.752,-0.28952547619362479
108.753,-0.289938778112385
108.754,-0.29035638067144109
108.755,-0.29077827143836332
108.756,-0.29120443788354722
108.75700000000001,-0.29163486738054978
108.758,-0.29206954720640477
108.759,-0.29250846454195489
108.76000000000001,-0.29295160647217866
108.761,-0.2933989599865261
108.762,-0.29385051197924295
108.76300000000001,-0.29430624924970461
108.764,-0.29476615850275634
108.765,-0.2952302263490405
108.76600000000001,-0.29569843930534967
108.767,-0.2961707837949481
108.768,-0.29664724614792304
108.76900000000001,-0.29712781260152443
108.77,-0.29761246930050511
108.771,-0.29810120229747072
108.77200000000001,-0.2985939975532248
108.773,-0.29909084093711025
108.774,-0.29959171822736863
108.77500000000001,-0.30009661511147945
108.776,-0.30060551718652073
108.777,-0.30111840995951455
108.77800000000001,-0.30163527884778807
108.779,-0.30215610917932167
108.78,-0.30268088619311184
108.78100000000001,-0.30320959503952238
108.782,-0.30374222078065261
108.783,-0.3042787483906868
108.78400000000001,-0.30481916275626197
108.785,-0.30536344867683196
108.786,-0.30591159086502229
108.78700000000001,-0.30646357394700674
108.788,-0.30701938246286264
108.789,-0.30757900086694656
108.79000000000001,-0.308142413528254
108.791,-0.30870960473079379
108.792,-0.30928055867395798
108.79300000000001,-0.30985525947289139
108.794,-0.31043369115886188
108.795,-0.31101583767964236
108.79600000000001,-0.31160168289987134
108.797,-0.31219121060143706
108.798,-0.31278440448385503
108.79900000000001,-0.31338124816463608
108.8,-0.31398172517967282
108.801,-0.31458581898361571
108.80199999999999,-0.31519351295024922
108.803,-0.31580479037287956
108.804,-0.31641963446470767
108.80500000000001,-0.31703802835921646
108.806,-0.31765995511055856
108.807,-0.31828539769392217
108.80799999999999,-0.31891433900594057
108.809,-0.31954676186506115
108.81,-0.32018264901193083
108.81100000000001,-0.32082198310979315
108.812,-0.3214647467448688
108.813,-0.32211092242674022
108.81399999999999,-0.32276049258875616
108.815,-0.32341343958840341
108.816,-0.32406974570770641
108.81700000000001,-0.32472939315361815
108.818,-0.32539236405841132
108.819,-0.32605864048006739
108.81999999999999,-0.32672820440267492
108.821,-0.32740103773681728
108.822,-0.32807712231997188
108.82300000000001,-0.32875643991690273
108.824,-0.32943897222005392
108.825,-0.3301247008499506
108.82599999999999,-0.33081360735558762
108.827,-0.33150567321483537
108.828,-0.3322008798348306
108.82899999999999,-0.33289920855237165
108.83,-0.33360064063433015
108.831,-0.33430515727803067
108.83199999999999,-0.33501273961166911
108.833,-0.33572336869469677
108.834,-0.33643702551822985
108.83499999999999,-0.33715369100544645
108.836,-0.33787334601198715
108.837,-0.33859597132635511
108.83799999999999,-0.33932154767032374
108.839,-0.340050055699332
108.84,-0.34078147600288711
108.84099999999999,-0.34151578910497182
108.842,-0.34225297546444056
108.843,-0.34299301547542971
108.84399999999999,-0.34373588946775735
108.845,-0.34448157770732646
108.846,-0.34523006039652948
108.84699999999999,-0.34598131767465068
108.848,-0.3467353296182778
108.849,-0.34749207624169687
108.84999999999999,-0.34825153749730342
108.851,-0.34901369327600973
108.852,-0.34977852340764093
108.85299999999999,-0.35054600766134403
108.854,-0.35131612574600402
108.855,-0.35208885731063289
108.85599999999999,-0.35286418194478664
108.857,-0.35364207917896806
108.858,-0.35442252848503131
108.85899999999999,-0.35520550927659311
108.86,-0.35599100090943114
108.861,-0.3567789826818939
108.86199999999999,-0.3575694338353137
108.863,-0.35836233355440505
108.864,-0.35915766096766921
108.86499999999999,-0.35995539514781072
108.866,-0.36075551511213533
108.867,-0.36155799982296033
108.86799999999999,-0.36236282818802046
108.869,-0.36316997906087023
108.87,-0.36397943124129872
108.871,-0.36479116347573326
108.872,-0.36560515445763908
108.873,-0.36642138282793368
108.874,-0.3672398271753905
108.875,-0.3680604660370439
108.876,-0.36888327789859821
108.877,-0.36970824119482604
108.878,-0.37053533430998975
108.879,-0.37136453557822868
108.88,-0.37219582328397971
108.881,-0.37302917566236937
108.88200000000001,-0.37386457089963665
108.883,-0.37470198713351976
108.884,-0.3755414024536714
108.88500000000001,-0.37638279490206372
108.886,-0.37722614247338937
108.887,-0.37807142311546782
108.88800000000001,-0.37891861472965127
108.889,-0.37976769517122255
108.89,-0.38061864224980546
108.89100000000001,-0.38147143372976844
108.892,-0.38232604733061981
108.893,-0.38318246072742035
108.89400000000001,-0.38404065155118339
108.895,-0.38490059738927362
108.896,-0.38576227578581346
108.89700000000001,-0.38662566424208178
108.898,-0.38749074021691765
108.899,-0.38835748112712443
108.90000000000001,-0.38922586434786366
108.901,-0.390095867213061
108.902,-0.39096746701580765
108.90300000000001,-0.39184064100875649
108.904,-0.39271536640452132
108.905,-0.39359162037608364
108.90600000000001,-0.39446938005717991
108.907,-0.39534862254271586
108.908,-0.39622932488914486
108.90900000000001,-0.39711146411488052
108.91,-0.39799501720069808
108.911,-0.39887996109010837
108.91200000000001,-0.39976627268978326
108.913,-0.4006539288699309
108.914,-0.40154290646469581
108.91500000000001,-0.40243318227256886
108.916,-0.40332473305675709
108.917,-0.40421753554559947
108.91800000000001,-0.40511156643295498
108.919,-0.40600680237858677
108.92,-0.40690322000856671
108.92100000000001,-0.40780079591566665
108.922,-0.40869950665974342
108.923,-0.40959932876813898
108.92400000000001,-0.41050023873606456
108.925,-0.41140221302699587
108.926,-0.4123052280730648
108.92699999999999,-0.41320926027544003
108.928,-0.41411428600472711
108.929,-0.41502028160135174
108.93000000000001,-0.4159272233759479
108.931,-0.41683508760974686
108.932,-0.41774385055495955
108.93299999999999,-0.41865348843517092
108.934,-0.41956397744572049
108.935,-0.42047529375408921
108.93600000000001,-0.42138741350028619
108.937,-0.42230031279722535
108.938,-0.42321396773111974
108.93899999999999,-0.42412835436185725
108.94,-0.42504344872338518
108.941,-0.42595922682409304
108.94200000000001,-0.42687566464719495
108.943,-0.42779273815110397
108.944,-0.42871042326982067
108.94499999999999,-0.42962869591330666
108.946,-0.43054753196786999
108.947,-0.43146690729653159
108.94800000000001,-0.43238679773941779
108.949,-0.43330717911412364
108.95,-0.43422802721610454
108.95099999999999,-0.43514931781903288
108.952,-0.43607102667518927
108.953,-0.43699312951583424
108.95399999999999,-0.4379156020515711
108.955,-0.43883841997273354
108.956,-0.43976155894974944
108.95699999999999,-0.44068499463351563
108.958,-0.44160870265576913
108.959,-0.44253265862945534
108.95999999999999,-0.44345683814910686
108.961,-0.44438121679119336
108.962,-0.44530577011451289
108.96299999999999,-0.44623047366054447
108.964,-0.44715530295382377
108.965,-0.4480802335023033
108.96599999999999,-0.44900524079772186
108.967,-0.44993030031596781
108.968,-0.45085538751744592
108.96899999999999,-0.4517804778474388
108.97,-0.45270554673647156
108.971,-0.45363056960067283
108.97199999999999,-0.45455552184213799
108.973,-0.45548037884928716
108.974,-0.45640511599722666
108.97499999999999,-0.45732970864811273
108.976,-0.45825413215150768
108.977,-0.45917836184472849
108.97799999999999,-0.46010237305322255
108.979,-0.46102614109091
108.98,-0.46194964126054305
108.98099999999999,-0.46287284885406299
108.982,-0.4637957391529568
108.983,-0.46471828742860355
108.98399999999999,-0.46564046894263411
108.985,-0.46656225894728331
108.986,-0.46748363268572879
108.98699999999999,-0.46840456539246711
108.988,-0.46932503229363842
108.989,-0.47024500860738838
108.98999999999999,-0.4711644695442172
108.991,-0.47208339030732072
108.992,-0.47300174609294521
108.99299999999999,-0.47391951209072403
108.994,-0.4748366634840373
108.995,-0.47575317545034501
108.996,-0.47666902316153115
108.997,-0.47758418178425499
108.998,-0.47849862648028596
108.999,-0.47941233240685355
109,-0.48032527471697861
109.001,-0.48123742855982199
109.002,-0.48214876908101312
109.003,-0.48305927142300842
109.004,-0.48396891072540926
109.005,-0.48487766212530925
109.006,-0.48578550075762816
109.00700000000001,-0.48669240175544903
109.008,-0.48759834025035165
109.009,-0.48850329137275184
109.01000000000001,-0.48940723025222121
109.011,-0.49031013201783979
109.012,-0.4912119717985135
109.01300000000001,-0.49211272472330903
109.014,-0.49301236592178377
109.015,-0.49391087052431804
109.01600000000001,-0.49480821366244676
109.017,-0.49570437046917393
109.018,-0.49659931607931718
109.01900000000001,-0.49749302562982622
109.02,-0.49838547426010482
109.021,-0.49927663711234693
109.02200000000001,-0.50016648933184849
109.023,-0.50105500606734266
109.024,-0.50194216247130941
109.02500000000001,-0.50282793370031653
109.026,-0.50371229491532121
109.027,-0.50459522128200174
109.02800000000001,-0.50547668797107859
109.029,-0.50635667015862396
109.03,-0.50723514302638906
109.03100000000001,-0.50811208176212119
109.032,-0.50898746155987418
109.033,-0.50986125762033252
109.03400000000001,-0.5107334451511174
109.035,-0.51160399936711176
109.036,-0.5124728954907658
109.03700000000001,-0.5133401087524132
109.038,-0.51420561439058776
109.039,-0.51506938765232313
109.04000000000001,-0.51593140379347924
109.041,-0.5167916380790416
109.042,-0.51765006578342865
109.04300000000001,-0.51850666219081321
109.044,-0.51936140259541874
109.045,-0.52021426230182977
109.04600000000001,-0.52106521662530048
109.047,-0.52191424089205718
109.048,-0.52276131043960561
109.04900000000001,-0.52360640061703512
109.05,-0.52444948678532111
109.051,-0.52529054431762834
109.05199999999999,-0.52612954859960936
109.053,-0.52696647502971627
109.054,-0.52780129901948936
109.05500000000001,-0.52863399599386174
109.056,-0.52946454139146226
109.057,-0.53029291066490725
109.05799999999999,-0.53111907928110158
109.059,-0.53194302272153893
109.06,-0.53276471648258994
109.06100000000001,-0.53358413607580646
109.062,-0.53440125702821195
109.063,-0.53521605488259283
109.06399999999999,-0.5360285051977991
109.065,-0.53683858354903036
109.066,-0.53764626552813599
109.06700000000001,-0.53845152674389585
109.068,-0.53925434282231999
109.069,-0.54005468940693113
109.06999999999999,-0.54085254215906486
109.071,-0.5416478767581423
109.072,-0.54244066890197651
109.07300000000001,-0.54323089430704208
109.074,-0.54401852870877665
109.075,-0.54480354786185448
109.07599999999999,-0.54558592754047952
109.077,-0.5463656435386679
109.078,-0.54714267167052943
109.07899999999999,-0.5479169877705572
109.08,-0.54868856769389796
109.081,-0.54945738731665017
109.08199999999999,-0.55022342253612821
109.083,-0.55098664927115859
109.084,-0.55174704346234593
109.08499999999999,-0.55250458107236522
109.086,-0.5532592380862269
109.087,-0.55401099051156422
109.08799999999999,-0.55475981437890942
109.089,-0.55550568574196824
109.09,-0.55624858067789296
109.09099999999999,-0.5569884752875649
109.092,-0.55772534569586174
109.093,-0.55845916805193863
109.09399999999999,-0.55918991852949551
109.095,-0.55991757332704895
109.096,-0.56064210866821584
109.09699999999999,-0.56136350080196662
109.098,-0.56208172600291428
109.099,-0.56279676057157069
109.09999999999999,-0.56350858083462407
109.101,-0.56421716314520776
109.102,-0.56492248388316302
109.10299999999999,-0.56562451945531045
109.104,-0.56632324629572039
109.105,-0.56701864086597364
109.10599999999999,-0.56771067965542965
109.107,-0.56839933918149343
109.108,-0.56908459598987715
109.10899999999999,-0.56976642665487054
109.11,-0.57044480777959405
109.111,-0.57111971599627243
109.11199999999999,-0.57179112796649045
109.113,-0.5724590203814568
109.114,-0.5731233699622682
109.11499999999999,-0.57378415346016087
109.116,-0.5744413476567849
109.117,-0.57509492936444717
109.11799999999999,-0.57574487542638764
109.119,-0.57639116271702218
109.12,-0.57703376814221041
109.121,-0.57767266863950884
109.122,-0.57830784117842482
109.123,-0.57893926276068353
109.124,-0.5795669104204686
109.125,-0.58019076122469126
109.126,-0.58081079227323151
109.127,-0.58142698069920318
109.128,-0.58203930366920131
109.129,-0.58264773838355621
109.13,-0.58325226207658876
109.131,-0.58385285201685244
109.13200000000001,-0.58444948550739939
109.133,-0.58504213988601572
109.134,-0.58563079252548578
109.13500000000001,-0.58621542083383105
109.136,-0.58679600225456197
109.137,-0.58737251426693327
109.13800000000001,-0.58794493438617978
109.139,-0.58851324016377493
109.14,-0.58907740918767315
109.14100000000001,-0.58963741908255685
109.142,-0.59019324751007707
109.143,-0.59074487216911242
109.14400000000001,-0.591292270796
109.145,-0.59183542116478849
109.146,-0.5923743010874758
109.14700000000001,-0.5929088884142617
109.148,-0.59343916103377925
109.149,-0.59396509687334653
109.15000000000001,-0.5944866738992074
109.151,-0.59500387011676592
109.152,-0.59551666357083333
109.15300000000001,-0.59602503234587356
109.154,-0.59652895456622801
109.155,-0.59702840839637528
109.15600000000001,-0.59752337204114792
109.157,-0.59801382374599132
109.158,-0.59849974179719023
109.15900000000001,-0.59898110452211162
109.16,-0.5994578902894343
109.161,-0.59993007750939542
109.16200000000001,-0.60039764463402134
109.163,-0.6008605701573666
109.164,-0.60131883261574348
109.16500000000001,-0.60177241058796271
109.166,-0.60222128269556707
109.167,-0.60266542760305875
109.16800000000001,-0.60310482401814669
109.169,-0.60353945069196469
109.17,-0.60396928641931247
109.17100000000001,-0.60439431003888755
109.172,-0.60481450043351082
109.173,-0.60522983653036988
109.17400000000001,-0.60564029730123625
109.175,-0.60604586176270159
109.176,-0.60644650897641572
109.17699999999999,-0.60684221804929717
109.178,-0.60723296813378624
109.179,-0.60761873842804803
109.18000000000001,-0.60799950817622239
109.181,-0.60837525666864423
109.182,-0.60874596324205976
109.18299999999999,-0.60911160727987435
109.184,-0.6094721682123585
109.185,-0.60982762551689174
109.18600000000001,-0.61017795871817437
109.187,-0.61052314738845803
109.188,-0.61086317114777433
109.18899999999999,-0.61119800966415383
109.19,-0.61152764265384985
109.191,-0.61185204988156627
109.19200000000001,-0.6121712111606743
109.193,-0.612485106353446
109.194,-0.61279371537126126
109.19499999999999,-0.61309701817484497
109.196,-0.61339499477447745
109.197,-0.61368762523022058
109.19800000000001,-0.61397488965213709
109.199,-0.61425676820050867
109.2,-0.61453324108606466
109.20099999999999,-0.61480428857018588
109.202,-0.61506989096513864
109.203,-0.61533002863428354
109.20399999999999,-0.6155846819923001
109.205,-0.61583383150539817
109.206,-0.6160774576915391
109.20699999999999,-0.61631554112065468
109.208,-0.6165480624148576
109.209,-0.61677500224866133
109.20999999999999,-0.61699634134919323
109.211,-0.61721206049641841
109.212,-0.61742214052333999
109.21299999999999,-0.61762656231622648
109.214,-0.61782530681481562
109.215,-0.61801835501253644
109.21599999999999,-0.61820568795672015
109.217,-0.61838728674880628
109.218,-0.61856313254456508
109.21899999999999,-0.61873320655430142
109.22,-0.61889749004307193
109.221,-0.61905596433089105
109.22199999999999,-0.61920861079294598
109.223,-0.61935541085980361
109.224,-0.6194963460176246
109.22499999999999,-0.61963139780836585
109.226,-0.61976054782999945
109.227,-0.61988377773670678
109.22799999999999,-0.62000106923910492
109.229,-0.62011240410443857
109.23,-0.62021776415679541
109.23099999999999,-0.62031713127731036
109.232,-0.62041048740437521
109.233,-0.62049781453383579
109.23399999999999,-0.62057909471921224
109.235,-0.62065431007189265
109.236,-0.62072344276133506
109.23699999999999,-0.62078647501528739
109.238,-0.62084338911997339
109.239,-0.62089416742031034
109.23999999999999,-0.62093879232010174
109.241,-0.6209772462822456
109.242,-0.6210095118289316
109.24299999999999,-0.62103557154185385
109.244,-0.62105540806239734
109.245,-0.62106900409184629
109.246,-0.62107634239158571
109.247,-0.62107740578329862
109.248,-0.62107217714916763
109.249,-0.62106063943206813
109.25,-0.62104277563577481
109.251,-0.62101856882515438
109.252,-0.62098800212636407
109.253,-0.62095105872705236
109.254,-0.62090772187654641
109.255,-0.62085797488606076
109.256,-0.62080180112887984
109.25700000000001,-0.62073918404056627
109.258,-0.62067010711914294
109.259,-0.62059455392529816
109.26000000000001,-0.62051250808257175
109.261,-0.62042395327755084
109.262,-0.62032887326006358
109.26300000000001,-0.62022725184337002
109.264,-0.62011907290435619
109.265,-0.62000432038372111
109.26600000000001,-0.61988297828616856
109.267,-0.61975503068060256
109.268,-0.61962046170031027
109.26900000000001,-0.61947925554315564
109.27,-0.61933139647176416
109.271,-0.61917686881371203
109.27200000000001,-0.61901565696172067
109.273,-0.61884774537383125
109.274,-0.61867311857360452
109.27500000000001,-0.61849176115029225
109.276,-0.61830365775903573
109.277,-0.61810879312104294
109.27800000000001,-0.61790715202377955
109.279,-0.61769871932114206
109.28,-0.61748347993364794
109.28100000000001,-0.61726141884862651
109.282,-0.61703252112037754
109.283,-0.61679677187037774
109.28400000000001,-0.61655415628744814
109.285,-0.61630465962793446
109.286,-0.61604826721589445
109.28700000000001,-0.61578496444326358
109.288,-0.61551473677005131
109.289,-0.61523756972450272
109.29000000000001,-0.61495344890328241
109.291,-0.61466235997165519
109.292,-0.61436428866365489
109.29300000000001,-0.61405922078226105
109.294,-0.6137471421995806
109.295,-0.61342803885700903
109.29600000000001,-0.61310189676541471
109.297,-0.61276870200530897
109.298,-0.6124284407270153
109.29900000000001,-0.61208109915084208
109.3,-0.61172666356725669
109.301,-0.61136512033704982
109.30199999999999,-0.61099645589150597
109.303,-0.61062065673257759
109.304,-0.61023770943304489
109.30500000000001,-0.60984760063668997
109.306,-0.60945031705845798
109.307,-0.60904584548462992
109.30799999999999,-0.60863417277297627
109.309,-0.60821528585293372
109.31,-0.60778917172575575
109.31100000000001,-0.60735581746469158
109.312,-0.60691521021513584
109.313,-0.60646733719478796
109.31399999999999,-0.60601218569382587
109.315,-0.60554974307505205
109.316,-0.60507999677406099
109.31700000000001,-0.60460293429939194
109.318,-0.60411854323269409
109.319,-0.60362681122886919
109.31999999999999,-0.60312772601624109
109.321,-0.60262127539670551
109.322,-0.60210744724588361
109.32300000000001,-0.60158622951326945
109.324,-0.6010576102223979
109.325,-0.60052157747097556
109.32599999999999,-0.59997811943105139
109.327,-0.5994272243491503
109.328,-0.59886888054643261
109.32899999999999,-0.59830307641883529
109.33,-0.59772980043722512
109.331,-0.59714904114753597
109.33199999999999,-0.59656078717092464
109.333,-0.59596502720390898
109.334,-0.59536175001850822
109.33499999999999,-0.59475094446239174
109.336,-0.59413259945901942
109.337,-0.59350670400777883
109.33799999999999,-0.59287324718412426
109.339,-0.59223221813972104
109.34,-0.59158360610257921
109.34099999999999,-0.59092740037718494
109.342,-0.5902635903446467
109.343,-0.58959216546282311
109.34399999999999,-0.58891311526645307
109.345,-0.58822642936729652
109.346,-0.58753209745426149
109.34699999999999,-0.5868301092935333
109.348,-0.58612045472870467
109.349,-0.58540312368090319
109.34999999999999,-0.58467810614892413
109.351,-0.58394539220934139
109.352,-0.58320497201665322
109.35299999999999,-0.58245683580339014
109.354,-0.58170097388023789
109.355,-0.58093737663616984
109.35599999999999,-0.58016603453855753
109.357,-0.57938693813329456
109.358,-0.57860007804490854
109.35899999999999,-0.5778054449766854
109.36,-0.57700302971078088
109.361,-0.57619282310833331
109.36199999999999,-0.57537481610957997
109.363,-0.574548999733969
109.364,-0.57371536508026733
109.36499999999999,-0.57287390332666721
109.366,-0.57202460573090841
109.367,-0.57116746363036253
109.36799999999999,-0.57030246844215915
109.369,-0.56942961166328177
109.37,-0.56854888487066813
109.371,-0.56766027972131106
109.372,-0.56676378795237259
109.373,-0.56585940138126212
109.374,-0.5649471119057492
109.375,-0.56402691150405238
109.376,-0.56309879223493864
109.377,-0.5621627462378167
109.378,-0.56121876573281915
109.379,-0.56026684302090812
109.38,-0.5593069704839535
109.381,-0.55833914058482526
109.38200000000001,-0.55736334586748049
109.383,-0.55637957895704382
109.384,-0.55538783255989488
109.38500000000001,-0.55438809946374956
109.386,-0.5533803725377382
109.387,-0.5523646447324837
109.38800000000001,-0.55134090908018685
109.389,-0.55030915869468977
109.39,-0.54926938677156389
109.39100000000001,-0.54822158658816367
109.392,-0.54716575150372382
109.393,-0.54610187495940465
109.39400000000001,-0.54502995047837066
109.395,-0.54394997166585979
109.396,-0.54286193220923806
109.39700000000001,-0.54176582587807509
109.398,-0.54066164652419868
109.399,-0.53954938808174857
109.40000000000001,-0.53842904456724572
109.401,-0.53730061007964514
109.402,-0.53616407880038386
109.40300000000001,-0.53501944499344445
109.404,-0.53386670300539896
109.405,-0.53270584726545911
109.40600000000001,-0.53153687228553093
109.407,-0.53035977266024448
109.408,-0.52917454306702005
109.40900000000001,-0.5279811782660917
109.41,-0.52677967310055962
109.411,-0.52557002249642171
109.41200000000001,-0.52435222146261307
109.413,-0.52312626509104421
109.414,-0.52189214855662991
109.41500000000001,-0.52064986711732075
109.416,-0.51939941611413376
109.417,-0.51814079097118615
109.41800000000001,-0.51687398719570377
109.419,-0.51559900037806727
109.42,-0.51431582619181393
109.42100000000001,-0.51302446039367
109.422,-0.51172489882356764
109.423,-0.510417137404652
109.42400000000001,-0.50910117214330208
109.425,-0.50777699912914631
109.426,-0.50644461453505984
109.42699999999999,-0.50510401461718901
109.428,-0.5037551957149411
109.429,-0.50239815425099676
109.43000000000001,-0.50103288673131319
109.431,-0.4996593897451187
109.432,-0.4982776599649088
109.43299999999999,-0.49688769414645417
109.434,-0.495489489128774
109.435,-0.49408304183414353
109.43600000000001,-0.4926683492680759
109.437,-0.49124540851931142
109.438,-0.48981421675980297
109.43899999999999,-0.48837477124468798
109.44,-0.48692706931228313
109.441,-0.48547110838406349
109.44200000000001,-0.48400688596461494
109.443,-0.48253439964163825
109.444,-0.48105364708589704
109.44499999999999,-0.47956462605119965
109.446,-0.47806733437436044
109.447,-0.47656176997517052
109.44800000000001,-0.47504793085634622
109.449,-0.47352581510350777
109.45,-0.47199542088511404
109.45099999999999,-0.47045674645244251
109.452,-0.46890979013952405
109.453,-0.46735455036309759
109.45399999999999,-0.46579102562256391
109.455,-0.46421921449992176
109.456,-0.46263911565972071
109.45699999999999,-0.46105072784899415
109.458,-0.45945404989720062
109.459,-0.45784908071616304
109.45999999999999,-0.45623581929999268
109.461,-0.45461426472503064
109.462,-0.45298441614977492
109.46299999999999,-0.451346272814793
109.464,-0.44969983404266589
109.465,-0.44804509923788993
109.46599999999999,-0.44638206788681112
109.467,-0.44471073955753182
109.468,-0.4430311138998162
109.46899999999999,-0.44134319064502714
109.47,-0.4396469696060068
109.471,-0.43794245067699178
109.47199999999999,-0.43622963383352165
109.473,-0.43450851913233635
109.474,-0.43277910671126385
109.47499999999999,-0.43104139678913578
109.476,-0.42929538966565062
109.477,-0.42754108572129601
109.47799999999999,-0.42577848541721464
109.479,-0.42400758929508831
109.48,-0.42222839797703138
109.48099999999999,-0.42044091216546109
109.482,-0.41864513264297409
109.483,-0.41684106027222567
109.48399999999999,-0.41502869599579295
109.485,-0.4132080408360439
109.486,-0.41137909589501387
109.48699999999999,-0.4095418623542475
109.488,-0.40769634147467926
109.489,-0.40584253459647623
109.48999999999999,-0.40398044313889381
109.491,-0.40211006860013709
109.492,-0.40023141255719308
109.49299999999999,-0.39834447666569384
109.494,-0.39644926265974512
109.495,-0.39454577235176957
109.496,-0.39263400763234646
109.497,-0.39071397047005174
109.498,-0.38878566291127026
109.499,-0.38684908708004828
109.5,-0.38490424517789057
109.501,-0.38295113948361692
109.502,-0.3809897723531539
109.503,-0.37902014621935765
109.504,-0.37704226359184245
109.505,-0.37505612705676761
109.506,-0.3730617392766673
109.50700000000001,-0.37105910299024192
109.508,-0.36904822101216395
109.509,-0.36702909623287416
109.51000000000001,-0.36500173161838978
109.511,-0.3629661302100744
109.512,-0.36092229512445462
109.51300000000001,-0.35887022955297976
109.514,-0.35680993676182915
109.515,-0.35474142009168252
109.51600000000001,-0.35266468295749664
109.517,-0.35057972884828237
109.518,-0.3484865613268755
109.51900000000001,-0.34638518402970675
109.52,-0.34427560066657081
109.521,-0.34215781502037412
109.52200000000001,-0.34003183094691858
109.523,-0.33789765237464042
109.524,-0.33575528330435844
109.52500000000001,-0.33360472780904615
109.526,-0.33144599003356268
109.527,-0.32927907419439695
109.52800000000001,-0.32710398457941769
109.529,-0.32492072554760076
109.53,-0.3227293015287751
109.53100000000001,-0.32052971702334698
109.532,-0.31832197660202688
109.533,-0.31610608490556391
109.53400000000001,-0.31388204664446118
109.535,-0.31164986659869109
109.536,-0.30940954961742628
109.53700000000001,-0.30716110061873403
109.538,-0.30490452458930184
109.539,-0.30263982658413724
109.54000000000001,-0.30036701172626756
109.541,-0.29808608520645041
109.542,-0.29579705228286057
109.54300000000001,-0.29349991828078803
109.544,-0.29119468859233555
109.545,-0.28888136867609626
109.54600000000001,-0.28655996405684192
109.547,-0.28423048032521114
109.548,-0.28189292313737369
109.54900000000001,-0.2795472982147218
109.55,-0.27719361134353093
109.551,-0.27483186837463291
109.55199999999999,-0.27246207522308286
109.553,-0.27008423786781366
109.554,-0.26769836235131006
109.55500000000001,-0.26530445477925868
109.556,-0.26290252132018921
109.557,-0.26049256820514355
109.55799999999999,-0.25807460172731433
109.559,-0.25564862824167989
109.56,-0.25321465416466538
109.56100000000001,-0.25077268597376001
109.562,-0.24832273020716311
109.563,-0.24586479346341239
109.56399999999999,-0.24339888240101004
109.565,-0.24092500373805281
109.566,-0.23844316425185141
109.56700000000001,-0.23595337077854017
109.568,-0.23345563021271332
109.569,-0.23094994950701508
109.56999999999999,-0.22843633567176447
109.571,-0.22591479577455909
109.572,-0.22338533693987017
109.57300000000001,-0.22084796634864956
109.574,-0.21830269123793222
109.575,-0.21574951890041305
109.57599999999999,-0.21318845668405961
109.577,-0.2106195119916805
109.578,-0.20804269228052252
109.57899999999999,-0.20545800506185019
109.58,-0.20286545790051758
109.581,-0.20026505841455444
109.58199999999999,-0.19765681427473458
109.583,-0.19504073320413617
109.584,-0.19241682297772966
109.58499999999999,-0.18978509142191546
109.586,-0.18714554641410741
109.587,-0.18449819588228111
109.58799999999999,-0.1818430478045201
109.589,-0.17918011020858282
109.59,-0.17650939117144571
109.59099999999999,-0.17383089881884262
109.592,-0.17114464132481766
109.593,-0.16845062691125268
109.59399999999999,-0.16574886384742227
109.595,-0.16303936044951639
109.596,-0.16032212508016519
109.59699999999999,-0.15759716614798158
109.598,-0.15486449210708342
109.599,-0.15212411145660587
109.59999999999999,-0.14937603274023692
109.601,-0.14662026454571775
109.602,-0.14385681550437202
109.60299999999999,-0.14108569429061291
109.604,-0.13830690962144221
109.605,-0.13552047025596936
109.60599999999999,-0.13272638499491274
109.607,-0.12992466268008629
109.608,-0.12711531219391814
109.60899999999999,-0.12429834245892479
109.61,-0.12147376243722663
109.611,-0.11864158113001499
109.61199999999999,-0.1158018075770495
109.613,-0.11295445085614775
109.614,-0.11009952008265689
109.61499999999999,-0.10723702440893623
109.616,-0.1043669730238399
109.617,-0.10148937515218037
109.61799999999999,-0.098604240054206649
109.619,-0.095711577025077599
109.62,-0.092811395394314378
109.621,-0.089903704525275518
109.622,-0.086988513814623136
109.623,-0.084065832691760711
109.624,-0.081135670618318834
109.625,-0.078198037087578331
109.626,-0.075252941623953351
109.627,-0.072300393782418038
109.628,-0.069340403147956753
109.629,-0.066372979335025395
109.63,-0.063398131986968309
109.631,-0.060415870775481828
109.63200000000001,-0.057426205400042285
109.633,-0.054429145587335803
109.634,-0.051424701090704072
109.63500000000001,-0.048412881689570142
109.636,-0.045393697188861548
109.637,-0.042367157418452983
109.63800000000001,-0.039333272232569882
109.639,-0.036292051509233758
109.64,-0.033243505149672004
109.64100000000001,-0.030187643077730364
109.642,-0.027124475239303614
109.643,-0.024054011601744918
109.64400000000001,-0.020976262153270309
109.645,-0.017891236902387142
109.646,-0.014798945877283476
109.64700000000001,-0.011699399125255194
109.648,-0.0085926067120958294
109.649,-0.0054785787215081427
109.65000000000001,-0.0023573252545037171
109.651,0.00077114357119212329
109.652,0.0039068176217553763
109.65300000000001,0.0070496867478464509
109.654,0.010199740785235445
109.655,0.013356969555391451
109.65600000000001,0.016521362866097622
109.657,0.019692910512070227
109.658,0.022871602275553737
109.65900000000001,0.026057427926934995
109.66,0.029250377225377822
109.661,0.032450439919407437
109.66200000000001,0.035657605747559273
109.663,0.03887186443896784
109.664,0.042093205714005322
109.66500000000001,0.045321619284897974
109.666,0.048557094856350069
109.667,0.051799622126154965
109.66800000000001,0.055049190785839475
109.669,0.058305790521274936
109.67,0.061569411013312703
109.67100000000001,0.064840041938403203
109.672,0.068117672969227439
109.673,0.071402293775341352
109.67400000000001,0.074693894023784679
109.675,0.077992463379721322
109.676,0.081297991507086387
109.67699999999999,0.084610468069194145
109.678,0.087929882729396169
109.679,0.091256225151703063
109.68000000000001,0.094589485001418172
109.681,0.097929651945789953
109.682,0.10127671565463414
109.68299999999999,0.10463066580097591
109.684,0.10799149206169867
109.685,0.11135918411816226
109.68600000000001,0.11473373165686862
109.687,0.11811512437007909
109.688,0.12150335195646456
109.68899999999999,0.12489840412175823
109.69,0.12830027057937077
109.691,0.13170894105105369
109.69200000000001,0.13512440526753844
109.693,0.13854665296916568
109.694,0.14197567390654786
109.69499999999999,0.14541145784119047
109.696,0.14885399454614623
109.697,0.15230327380666475
109.69800000000001,0.15575928542081918
109.699,0.15922201920015588
109.7,0.16269146497034814
109.70099999999999,0.16616761257181389
109.702,0.16965045186038763
109.703,0.17313997270793635
109.70399999999999,0.17663616500301238
109.705,0.18013901865150705
109.706,0.18364852357726802
109.70699999999999,0.18716466972275425
109.708,0.1906874470496831
109.709,0.19421684553964802
109.70999999999999,0.19775285519478514
109.711,0.20129546603838788
109.712,0.20484466811555802
109.71299999999999,0.20840045149384911
109.714,0.21196280626388386
109.715,0.21553172254000463
109.71599999999999,0.21910719046091343
109.717,0.22268920019028648
109.718,0.22627774191743022
109.71899999999999,0.22987280585789716
109.72,0.23347438225412276
109.721,0.2370824613760627
109.72199999999999,0.2406970335218106
109.723,0.24431808901823304
109.724,0.24794561822160199
109.72499999999999,0.25157961151819919
109.726,0.25522005932497693
109.727,0.25886695209014299
109.72799999999999,0.26252028029380003
109.729,0.26618003444857807
109.73,0.26984620510022728
109.73099999999999,0.27351878282825171
109.732,0.2771977582465297
109.733,0.28088312200390586
109.73399999999999,0.28457486478483229
109.735,0.28827297730995349
109.736,0.29197745033672673
109.73699999999999,0.29568827466003755
109.738,0.29940544111278644
109.739,0.30312894056649986
109.73999999999999,0.30685876393194045
109.741,0.31059490215968966
109.742,0.31433734624076148
109.74299999999999,0.3180860872071829
109.744,0.3218411161325867
109.745,0.32560242413282436
109.746,0.32937000236651892
109.747,0.33314384203567426
109.748,0.33692393438626222
109.749,0.3407102707087768
109.75,0.34450284233884432
109.751,0.34830164065777458
109.752,0.35210665709314171
109.753,0.35591788311936678
109.754,0.35973531025825789
109.755,0.36355893007960871
109.756,0.36738873420172879
109.75700000000001,0.37122471429202042
109.758,0.3750668620675377
109.759,0.37891516929552393
109.76000000000001,0.38276962779397028
109.761,0.38663022943217307
109.762,0.39049696613125207
109.76300000000001,0.39436982986472113
109.764,0.39824881265899714
109.765,0.40213390659395376
109.76600000000001,0.40602510380344592
109.767,0.40992239647583251
109.768,0.41382577685450261
109.76900000000001,0.417735237238404
109.77,0.42165076998253959
109.771,0.42557236749850835
109.77200000000001,0.4295000222549854
109.773,0.43343372677824332
109.774,0.43737347365266066
109.77500000000001,0.44131925552119711
109.776,0.44527106508590464
109.777,0.4492288951084209
109.77800000000001,0.45319273841043284
109.779,0.45716258787418651
109.78,0.46113843644294361
109.78100000000001,0.46512027712145576
109.782,0.46910810297645744
109.783,0.47310190713709943
109.78400000000001,0.47710168279542398
109.785,0.48110742320682909
109.786,0.4851191216905042
109.78700000000001,0.48913677162989089
109.788,0.49316036647311412
109.789,0.49718989973342498
109.79000000000001,0.50122536498964587
109.791,0.50526675588657732
109.792,0.50931406613543273
109.79300000000001,0.51336728951427069
109.794,0.51742641986838178
109.795,0.52149145111072581
109.79600000000001,0.52556237722231525
109.797,0.52963919225262179
109.798,0.53372189031998207
109.79900000000001,0.53781046561196821
109.8,0.54190491238577709
109.801,0.54600522496862847
109.80199999999999,0.55011139775810425
109.803,0.55422342522255374
109.804,0.55834130190142472
109.80500000000001,0.56246502240563512
109.806,0.56659458141794183
109.807,0.57072997369325007
109.80799999999999,0.57487119405898102
109.809,0.57901823741540825
109.81,0.58317109873597262
109.81100000000001,0.58732977306761813
109.812,0.59149425553110491
109.813,0.59566454132131685
109.81399999999999,0.59984062570758745
109.815,0.60402250403397661
109.816,0.60821017171957625
109.81700000000001,0.61240362425881067
109.818,0.61660285722169061
109.819,0.62080786625412565
109.81999999999999,0.62501864707816224
109.821,0.62923519549226392
109.822,0.63345750737157802
109.82300000000001,0.63768557866816566
109.824,0.64191940541126091
109.825,0.64615898370751612
109.82599999999999,0.65040430974121466
109.827,0.65465537977452093
109.828,0.65891219014768043
109.82899999999999,0.66317473727923937
109.83,0.66744301766626357
109.831,0.67171702788452059
109.83199999999999,0.67599676458867486
109.833,0.68028222451249776
109.834,0.68457340446901149
109.83499999999999,0.68887030135069671
109.836,0.69317291212963195
109.837,0.6974812338576637
109.83799999999999,0.70179526366657408
109.839,0.70611499876819628
109.84,0.71044043645457222
109.84099999999999,0.71477157409809067
109.842,0.71910840915158825
109.843,0.72345093914849445
109.84399999999999,0.72779916170291714
109.845,0.73215307450975908
109.846,0.73651267534481679
109.84699999999999,0.74087796206486134
109.848,0.74524893260771319
109.849,0.74962558499234389
109.84999999999999,0.75400791731890315
109.851,0.7583959277688177
109.852,0.76278961460481343
109.85299999999999,0.76718897617096737
109.854,0.77159401089276214
109.855,0.77600471727708853
109.85599999999999,0.78042109391228065
109.857,0.78484313946813855
109.858,0.78927085269591246
109.85899999999999,0.7937042324283281
109.86,0.79814327757955317
109.861,0.80258798714519375
109.86199999999999,0.80703836020227526
109.863,0.81149439590919559
109.864,0.81595609350569176
109.86499999999999,0.82042345231280578
109.866,0.82489647173279734
109.867,0.82937515124912009
109.86799999999999,0.83385949042631546
109.869,0.83834948890994432
109.87,0.84284514642651942
109.871,0.8473464627833811
109.872,0.85185343786860335
109.873,0.8563660716508974
109.874,0.86088436417946945
109.875,0.86540831558391118
109.876,0.8699379260740534
109.877,0.87447319593981954
109.878,0.87901412555109393
109.879,0.88356071535753267
109.88,0.8881129658884237
109.881,0.89267087775248521
109.88200000000001,0.89723445163769533
109.883,0.90180368831110158
109.884,0.90637858861861065
109.88500000000001,0.91095915348477563
109.886,0.91554538391260021
109.887,0.92013728098327818
109.88800000000001,0.92473484585599874
109.889,0.92933807976766558
109.89,0.93394698403266485
109.89100000000001,0.93856156004261693
109.892,0.94318180926608175
109.893,0.94780773324829437
109.89400000000001,0.95243933361089805
109.895,0.95707661205161121
109.896,0.96171957034397249
109.89700000000001,0.96636821033699194
109.898,0.97102253395485039
109.899,0.97568254319657632
109.90000000000001,0.98034824013569821
109.901,0.98501962691990474
109.902,0.9896967057707049
109.90300000000001,0.99437947898304291
109.904,0.99906794892495543
109.905,1.0037621180371743
109.90600000000001,1.0084619888327402
109.907,1.0131675638966318
109.908,1.017878845885331
109.90900000000001,1.0225958375264237
109.91,1.0273185416181976
109.911,1.0320469610291778
109.91200000000001,1.0367810986977255
109.913,1.0415209576315647
109.914,1.0462665409073379
109.91500000000001,1.0510178516701563
109.916,1.0557748931331039
109.917,1.0605376685767742
109.91800000000001,1.0653061813487852
109.919,1.0700804348632642
109.92,1.0748604326003697
109.92100000000001,1.0796461781057496
109.922,1.0844376749900342
109.923,1.0892349269283133
109.92400000000001,1.0940379376595799
109.925,1.0988467109861884
109.926,1.1036612507733152
109.92699999999999,1.1084815609483638
109.928,1.1133076455004283
109.929,1.1181395084796799
109.93000000000001,1.1229771539967941
109.931,1.1278205862223623
109.932,1.1326698093862626
109.93299999999999,1.1375248277770571
109.934,1.1423856457413866
109.935,1.1472522676833048
109.93600000000001,1.1521246980636741
109.937,1.1570029413994938
109.938,1.1618870022632515
109.93899999999999,1.1667768852822762
109.94,1.1716725951380376
109.941,1.1765741365654829
109.94200000000001,1.181481514352362
109.943,1.1863947333384932
109.944,1.1913137984151079
109.94499999999999,1.1962387145240938
109.946,1.2011694866572959
109.947,1.2061061198558001
109.94800000000001,1.211048619209171
109.949,1.2159969898547167
109.95,1.2209512369767581
109.95099999999999,1.22591136580583
109.952,1.2308773816179523
109.953,1.2358492897338273
109.95399999999999,1.2408270955180616
109.955,1.2458108043783942
109.956,1.2508004217648696
109.95699999999999,1.2557959531690428
109.958,1.2607974041231822
109.959,1.2658047801994139
109.95999999999999,1.2708180870089274
109.961,1.2758373302011126
109.962,1.2808625154627193
109.96299999999999,1.2858936485170298
109.964,1.2909307351229651
109.965,1.2959737810742333
109.96599999999999,1.3010227921984714
109.967,1.3060777743563312
109.968,1.3111387334406255
109.96899999999999,1.3162056753754032
109.97,1.321278606115057
109.971,1.3263575316434297
109.97199999999999,1.3314424579728699
109.973,1.3365333911433166
109.974,1.3416303372213891
109.97499999999999,1.346733302299413
109.976,1.3518422924945093
109.977,1.3569573139476157
109.97799999999999,1.362078372822539
109.979,1.3672054753050049
109.98,1.3723386276016543
109.98099999999999,1.3774778359390856
109.982,1.3826231065628769
109.983,1.3877744457365628
109.98399999999999,1.3929318597406808
109.985,1.3980953548717217
109.986,1.4032649374411401
109.98699999999999,1.4084406137743533
109.988,1.4136223902096821
109.989,1.4188102730973411
109.98999999999999,1.4240042687984158
109.991,1.4292043836837851
109.992,1.4344106241331127
109.99299999999999,1.4396229965337635
109.994,1.4448415072797507
109.995,1.4500661627706899
109.996,1.4552969694106974
109.997,1.4605339336073282
109.998,1.4657770617705066
109.999,1.4710263603114031
110,1.476281835641382
110.001,1.4815434941708672
110.002,1.4868113423082501
110.003,1.4920853864587964
110.004,1.497365633023497
110.005,1.5026520883979844
110.006,1.5079447589713739
110.00700000000001,1.5132436511251508
110.008,1.5185487712320418
110.009,1.5238601256548576
110.01000000000001,1.5291777207453481
110.011,1.5345015628430776
110.012,1.539831658274234
110.01300000000001,1.5451680133504997
110.014,1.5505106343678694
110.015,1.5558595276054841
110.01600000000001,1.5612146993244769
110.017,1.5665761557667666
110.018,1.5719439031538958
110.01900000000001,1.5773179476858468
110.02,1.5826982955398379
110.021,1.5880849528691519
110.02200000000001,1.5934779258019121
110.023,1.5988772204398964
110.024,1.6042828428573424
110.02500000000001,1.6096947990997172
110.026,1.6151130951825126
110.027,1.620537737090046
110.02800000000001,1.6259687307742112
110.029,1.6314060821532892
110.03,1.6368497971106899
110.03100000000001,1.6422998814937424
110.032,1.6477563411124718
110.033,1.6532191817383388
110.03400000000001,1.6586884091030099
110.035,1.664164028897144
110.036,1.6696460467690994
110.03700000000001,1.6751344683237392
110.038,1.6806292991211405
110.039,1.6861305446753612
110.04000000000001,1.6916382104531993
110.041,1.6971523018729102
110.042,1.702672824302959
110.04300000000001,1.7081997830607785
110.044,1.71373318341147
110.045,1.7192730305665793
110.04600000000001,1.7248193296827956
110.047,1.7303720858606977
110.048,1.7359313041435005
110.04900000000001,1.7414969895157522
110.05,1.7470691469020752
110.051,1.7526477811659111
110.05199999999999,1.7582328971082051
110.053,1.7638244994661736
110.054,1.7694225929119851
110.05500000000001,1.775027182051502
110.056,1.7806382714230133
110.057,1.7862558654959231
110.05799999999999,1.7918799686694835
110.059,1.7975105852715287
110.06,1.8031477195571581
110.06100000000001,1.8087913757074847
110.062,1.8144415578283317
110.063,1.8200982699489474
110.06399999999999,1.8257615160207425
110.065,1.8314312999159803
110.066,1.8371076254264977
110.06700000000001,1.8427904962624468
110.068,1.848479916050962
110.069,1.8541758883349289
110.06999999999999,1.8598784165716611
110.071,1.8655875041316285
110.072,1.8713031542971952
110.07300000000001,1.877025370261304
110.074,1.8827541551262144
110.075,1.8884895119022314
110.07599999999999,1.8942314435063978
110.077,1.8999799527612524
110.078,1.9057350423935173
110.07899999999999,1.9114967150328388
110.08,1.9172649732105296
110.081,1.9230398193582645
110.08199999999999,1.9288212558068207
110.083,1.9346092847848306
110.084,1.94040390841747
110.08499999999999,1.9462051287252398
110.086,1.952012947622662
110.087,1.9578273669170372
110.08799999999999,1.9636483883071936
110.089,1.9694760133822027
110.09,1.975310243620144
110.09099999999999,1.9811510803868577
110.092,1.986998524934664
110.093,1.9928525784011577
110.09399999999999,1.9987132418079288
110.095,2.0045805160593253
110.096,2.0104544019412436
110.09699999999999,2.0163349001198547
110.098,2.0222220111403857
110.099,2.0281157354259065
110.09999999999999,2.0340160732760739
110.101,2.0399230248659381
110.102,2.0458365902446993
110.10299999999999,2.0517567693344976
110.104,2.0576835619292262
110.105,2.0636169676932852
110.10599999999999,2.0695569861603937
110.107,2.075503616732413
110.108,2.0814568586781017
110.10899999999999,2.0874167111319775
110.11,2.0933831730930876
110.111,2.0993562434238409
110.11199999999999,2.1053359208488502
110.113,2.1113222039537209
110.114,2.1173150911839036
110.11499999999999,2.1233145808435427
110.116,2.1293206710942791
110.117,2.1353333599541426
110.11799999999999,2.1413526452963616
110.119,2.1473785248482389
110.12,2.1534109961900247
110.121,2.1594500567537569
110.122,2.1654957038221454
110.123,2.1715479345274686
110.124,2.1776067458504169
110.125,2.183672134619028
110.126,2.1897440975075435
110.127,2.1958226310353295
110.128,2.2019077315657909
110.129,2.2079993953052601
110.13,2.2140976183019498
110.131,2.2202023964448494
110.13200000000001,2.2263137254626639
110.133,2.23243160092278
110.134,2.2385560182301742
110.13500000000001,2.2446869726263809
110.136,2.250824459188471
110.137,2.2569684728279782
110.13800000000001,2.2631190082899137
110.139,2.269276060151717
110.14,2.2754396228222484
110.14100000000001,2.281609690540809
110.142,2.2877862573761045
110.143,2.2939693172252755
110.14400000000001,2.300158863812928
110.145,2.3063548906901219
110.146,2.3125573912334478
110.14700000000001,2.3187663586440217
110.148,2.3249817859465631
110.149,2.3312036659884532
110.15000000000001,2.3374319914387787
110.151,2.3436667547874088
110.152,2.3499079483441028
110.15300000000001,2.3561555642375529
110.154,2.3624095944145305
110.155,2.3686700306389463
110.15600000000001,2.3749368644909898
110.157,2.3812100873662634
110.158,2.3874896904748804
110.15900000000001,2.3937756648406241
110.16,2.400068001300113
110.161,2.4063666905019194
110.16200000000001,2.4126717229057788
110.163,2.418983088781737
110.164,2.4253007782093348
110.16500000000001,2.4316247810768363
110.166,2.4379550870803901
110.167,2.4442916857232619
110.16800000000001,2.4506345663150726
110.169,2.4569837179709948
110.17,2.4633391296110347
110.17100000000001,2.4697007899592545
110.172,2.4760686875430329
110.173,2.4824428106923713
110.17400000000001,2.4888231475391329
110.175,2.4952096860163495
110.176,2.5016024138575448
110.17699999999999,2.5080013185959986
110.178,2.5144063875641232
110.179,2.5208176078927487
110.18000000000001,2.5272349665104801
110.181,2.5336584501430779
110.182,2.5400880453127725
110.18299999999999,2.5465237383376667
110.184,2.552965515331127
110.185,2.5594133622011461
110.18600000000001,2.56586726464979
110.187,2.5723272081725748
110.188,2.5787931780579081
110.18899999999999,2.5852651593865499
110.19,2.5917431370310213
110.191,2.5982270956550821
110.19200000000001,2.604717019713223
110.193,2.6112128934500998
110.194,2.6177147009000801
110.19499999999999,2.6242224258867015
110.196,2.6307360520222067
110.197,2.6372555627070855
110.19800000000001,2.6437809411295818
110.199,2.650312170265257
110.2,2.6568492328765676
110.20099999999999,2.6633921115124033
110.202,2.6699407885077084
110.203,2.6764952459830442
110.20399999999999,2.6830554658442094
110.205,2.689621429781877
110.206,2.6961931192711925
110.20699999999999,2.7027705155714328
110.208,2.7093535997256732
110.209,2.7159423525604205
110.20999999999999,2.7225367546853341
110.211,2.7291367864928731
110.212,2.7357424281580158
110.21299999999999,2.7423536596379998
110.214,2.7489704606719996
110.215,2.7555928107808954
110.21599999999999,2.762220689267028
110.217,2.768854075213929
110.218,2.7754929474861449
110.21899999999999,2.782137284728972
110.22,2.7887870653682825
110.221,2.795442267610353
110.22199999999999,2.8021028694416441
110.223,2.8087688486286648
110.224,2.8154401827178379
110.22499999999999,2.8221168490353099
110.226,2.82879882468688
110.227,2.8354860865578466
110.22799999999999,2.8421786113129133
110.229,2.8488763753961277
110.23,2.855579355030764
110.23099999999999,2.8622875262192777
110.232,2.869000864743271
110.233,2.8757193461634123
110.23399999999999,2.8824429458194629
110.235,2.8891716388302098
110.236,2.8959054000934947
110.23699999999999,2.902644204286239
110.238,2.909388025864426
110.239,2.9161368390631659
110.23999999999999,2.9228906178967557
110.241,2.9296493361587075
110.242,2.9364129674218598
110.24299999999999,2.9431814850384312
110.244,2.9499548621401424
110.245,2.956733071638336
110.246,2.9635160862240766
110.247,2.9703038783683025
110.248,2.9770964203219954
110.249,2.9838936841163051
110.25,2.9906956415627706
110.251,2.9975022642534679
110.252,3.0043135235612359
110.253,3.0111293906399057
110.254,3.0179498364244841
110.255,3.0247748316314462
110.256,3.031604346758944
110.25700000000001,3.0384383520870921
110.258,3.0452768176782632
110.259,3.0521197133773486
110.26000000000001,3.0589670088120711
110.261,3.0658186733933257
110.262,3.0726746763154722
110.26300000000001,3.0795349865567143
110.264,3.0863995728794196
110.265,3.0932684038305052
110.26600000000001,3.100141447741835
110.267,3.1070186727305744
110.268,3.1139000466996181
110.26900000000001,3.1207855373380222
110.27,3.1276751121213953
110.271,3.1345687383123888
110.27200000000001,3.1414663829611089
110.273,3.1483680129056077
110.274,3.1552735947723809
110.27500000000001,3.1621830949768155
110.276,3.169096479723728
110.277,3.1760137150078913
110.27800000000001,3.1829347666145251
110.279,3.1898596001198869
110.28,3.1967881808917866
110.28100000000001,3.2037204740901686
110.282,3.2106564446677135
110.283,3.2175960573703914
110.28400000000001,3.2245392767380845
110.285,3.2314860671052208
110.286,3.2384363926013617
110.28700000000001,3.2453902171518934
110.288,3.2523475044786307
110.289,3.2593082181005055
110.29000000000001,3.2662723213342595
110.291,3.2732397772950943
110.292,3.2802105488973976
110.29300000000001,3.287184598855462
110.294,3.2941618896841787
110.295,3.3011423836998128
110.29600000000001,3.3081260430207182
110.297,3.315112829568104
110.298,3.3221027050668335
110.29900000000001,3.3290956310461643
110.3,3.3360915688405628
110.301,3.3430904795905327
110.30199999999999,3.3500923242433798
110.303,3.3570970635540984
110.304,3.3641046580861684
110.30500000000001,3.3711150682124149
110.306,3.3781282541159032
110.307,3.3851441757907663
110.30799999999999,3.392162793043108
110.309,3.3991840654919288
110.31,3.406207952569972
110.31100000000001,3.4132344135247088
110.312,3.420263407419208
110.313,3.4272948931331126
110.31399999999999,3.4343288293635905
110.315,3.4413651746262692
110.316,3.4484038872562275
110.31700000000001,3.4554449254089921
110.318,3.4624882470614873
110.319,3.4695338100130941
110.31999999999999,3.4765815718866153
110.321,3.4836314901293202
110.322,3.4906835220140007
110.32300000000001,3.4977376246399752
110.324,3.5047937549341652
110.325,3.5118518696521779
110.32599999999999,3.5189119253793413
110.327,3.5259738785318326
110.328,3.5330376853577374
110.32899999999999,3.5401033019381698
110.33,3.5471706841884045
110.331,3.5542397878589682
110.33199999999999,3.5613105685367863
110.333,3.568382981646351
110.334,3.57545698245083
110.33499999999999,3.5825325260532721
110.336,3.5896095673977459
110.337,3.5966880612705312
110.33799999999999,3.6037679623013288
110.339,3.6108492249644275
110.34,3.6179318035799244
110.34099999999999,3.6250156523149637
110.342,3.6321007251849204
110.343,3.639186976054682
110.34399999999999,3.6462743586398498
110.345,3.6533628265080043
110.346,3.6604523330799941
110.34699999999999,3.6675428316311596
110.348,3.6746342752926306
110.349,3.6817266170526297
110.34999999999999,3.6888198097577227
110.351,3.6959138061141723
110.352,3.7030085586891994
110.35299999999999,3.7101040199123219
110.354,3.7172001420766954
110.355,3.7242968773404184
110.35599999999999,3.7313941777278767
110.357,3.738491995131124
110.358,3.7455902813111814
110.35899999999999,3.7526889878994627
110.36,3.7597880663990919
110.361,3.7668874681862974
110.36199999999999,3.7739871445118283
110.363,3.7810870465022939
110.364,3.7881871251615848
110.36499999999999,3.7952873313723052
110.366,3.8023876158971261
110.367,3.809487929380269
110.36799999999999,3.8165882223488756
110.369,3.8236884452144606
110.37,3.8307885482743749
110.371,3.837888481713204
110.372,3.8449881956042393
110.373,3.8520876399109536
110.374,3.8591867644884204
110.375,3.8662855190848293
110.376,3.873383853342919
110.377,3.8804817168014716
110.378,3.8875790588968204
110.379,3.8946758289642953
110.38,3.901771976239762
110.381,3.908867449861094
110.38200000000001,3.9159621988696802
110.383,3.9230561722119681
110.384,3.9301493187409369
110.38500000000001,3.9372415872176365
110.386,3.9443329263127342
110.387,3.9514232846080004
110.38800000000001,3.9585126105978938
110.389,3.9656008526910576
110.39,3.9726879592118829
110.39100000000001,3.9797738784020709
110.392,3.9868585584221519
110.393,3.9939419473530631
110.39400000000001,4.0010239931977187
110.395,4.0081046438825396
110.396,4.0151838472590651
110.39700000000001,4.0222615511054789
110.398,4.0293377031282125
110.399,4.0364122509635321
110.40000000000001,4.0434851421790867
110.401,4.050556324275516
110.402,4.0576257446880462
110.40300000000001,4.0646933507880512
110.404,4.0717590898846856
110.405,4.0788229092264405
110.40600000000001,4.0858847560027671
110.407,4.092944577345687
110.408,4.100002320331372
110.40900000000001,4.1070579319817604
110.41,4.1141113592661895
110.411,4.1211625491029551
110.41200000000001,4.1282114483609931
110.413,4.1352580038614279
110.414,4.1423021623792282
110.41500000000001,4.1493438706448309
110.416,4.1563830753457367
110.417,4.1634197231281398
110.41800000000001,4.1704537605985781
110.419,4.1774851343255088
110.42,4.1845137908409882
110.42100000000001,4.1915396766422575
110.422,4.1985627381933845
110.423,4.205582921926915
110.42400000000001,4.2126001742454662
110.425,4.2196144415233761
110.426,4.2266256701083487
110.42699999999999,4.2336338063230521
110.428,4.2406387964667909
110.429,4.2476405868171039
110.43000000000001,4.2546391236314092
110.431,4.261634353148656
110.432,4.2686262215909299
110.43299999999999,4.2756146751650919
110.434,4.2825996600644345
110.435,4.2895811224702776
110.43600000000001,4.2965590085536398
110.437,4.3035332644768287
110.438,4.3105038363950987
110.43899999999999,4.3174706704582881
110.44,4.3244337128124188
110.441,4.331392909601341
110.44200000000001,4.3383482069683792
110.443,4.3452995510579164
110.444,4.3522468880170671
110.44499999999999,4.3591901639972566
110.446,4.3661293251558631
110.447,4.373064317657863
110.44800000000001,4.3799950876773988
110.449,4.3869215813994309
110.45,4.3938437450213614
110.45099999999999,4.4007615247546044
110.452,4.4076748668262571
110.453,4.4145837174806521
110.45399999999999,4.4214880229809967
110.455,4.4283877296109839
110.456,4.4352827836763709
110.45699999999999,4.4421731315065838
110.458,4.4490587194563478
110.459,4.4559394939072252
110.45999999999999,4.4628154012692711
110.461,4.4696863879825646
110.462,4.4765524005188251
110.46299999999999,4.4834133853830043
110.464,4.4902692891148437
110.465,4.4971200582904505
110.46599999999999,4.5039656395239058
110.467,4.5108059794687794
110.468,4.5176410248197545
110.46899999999999,4.5244707223141472
110.47,4.5312950187334735
110.471,4.5381138609050291
110.47199999999999,4.5449271957034165
110.473,4.5517349700520864
110.474,4.5585371309249165
110.47499999999999,4.5653336253477059
110.476,4.5721244003997512
110.477,4.5789094032153415
110.47799999999999,4.5856885809853054
110.479,4.5924618809585374
110.48,4.5992292504434928
110.48099999999999,4.605990636809711
110.482,4.6127459874893439
110.483,4.6194952499786126
110.48399999999999,4.62623837183936
110.485,4.6329753007004921
110.486,4.6397059842594963
110.48699999999999,4.6464303702839285
110.488,4.6531484066128632
110.489,4.6598600411583817
110.48999999999999,4.6665652219070539
110.491,4.6732638969213607
110.492,4.6799560143411965
110.49299999999999,4.6866415223852727
110.494,4.6933203693525893
110.495,4.6999925036238821
110.496,4.70665787366302
110.497,4.7133164280184561
110.498,4.7199681153246615
110.499,4.7266128843034956
110.5,4.7332506837656663
110.501,4.739881462612086
110.502,4.7465051698352898
110.503,4.7531217545208353
110.504,4.7597311658486579
110.505,4.7663333530944749
110.506,4.7729282656311272
110.50700000000001,4.779515852929956
110.508,4.7860960645621784
110.509,4.7926688502001973
110.51000000000001,4.7992341596189654
110.511,4.8057919426973346
110.512,4.8123421494193535
110.51300000000001,4.8188847298756157
110.514,4.8254196342645539
110.515,4.8319468128937526
110.51600000000001,4.8384662161812733
110.517,4.8449777946569021
110.518,4.8514814989634587
110.51900000000001,4.857977279858094
110.52,4.864465088213513
110.521,4.8709448750192887
110.52200000000001,4.8774165913830734
110.523,4.8838801885318652
110.524,4.8903356178132675
110.52500000000001,4.8967828306966794
110.526,4.903221778774542
110.527,4.9096524137635749
110.52800000000001,4.9160746875059314
110.529,4.92248855197046
110.53,4.9288939592538465
110.53100000000001,4.9352908615818212
110.532,4.9416792113103423
110.533,4.9480589609267422
110.53400000000001,4.9544300630508964
110.535,4.9607924704363864
110.536,4.9671461359716194
110.53700000000001,4.9734910126809861
110.538,4.9798270537259679
110.539,4.9861542124062552
110.54000000000001,4.992472442160885
110.541,4.9987816965692975
110.542,5.0050819293524533
110.54300000000001,5.0113730943739272
110.544,5.0176551456409424
110.545,5.0239280373054935
110.54600000000001,5.0301917236653422
110.547,5.036446159165104
110.548,5.0426912983972905
110.54900000000001,5.048927096103311
110.55,5.0551535071745093
110.551,5.0613704866531961
110.55199999999999,5.0675779897336071
110.553,5.0737759717629487
110.554,5.0799643882423382
110.55500000000001,5.0861431948278044
110.556,5.0923123473312613
110.557,5.098471801721443
110.55799999999999,5.1046215141248634
110.559,5.1107614408267672
110.56,5.1168915382720392
110.56100000000001,5.1230117630661507
110.562,5.12912207197604
110.563,5.135222421931033
110.56399999999999,5.1413127700237506
110.565,5.1473930735109636
110.566,5.153463289814475
110.56700000000001,5.1595233765220092
110.568,5.1655732913880286
110.569,5.1716129923346177
110.56999999999999,5.1776424374522865
110.571,5.1836615850008165
110.572,5.1896703934100863
110.57300000000001,5.1956688212808491
110.574,5.2016568273855608
110.575,5.2076343706691635
110.57599999999999,5.2136014102498445
110.577,5.2195579054198404
110.578,5.2255038156461664
110.57899999999999,5.2314391005713698
110.58,5.2373637200143079
110.581,5.2432776339708269
110.58199999999999,5.2491808026145135
110.583,5.2550731862974125
110.584,5.2609547455507055
110.58499999999999,5.2668254410854276
110.586,5.2726852337931334
110.587,5.2785340847465676
110.58799999999999,5.2843719552003634
110.589,5.2901988065916452
110.59,5.2960146005407065
110.59099999999999,5.3018192988516475
110.592,5.3076128635129702
110.593,5.3133952566982305
110.59399999999999,5.3191664407666135
110.595,5.324926378263541
110.596,5.3306750319212695
110.59699999999999,5.336412364659445
110.598,5.3421383395856754
110.599,5.3478529199961109
110.59999999999999,5.3535560693759496
110.601,5.3592477514000167
110.602,5.3649279299332626
110.60299999999999,5.3705965690312905
110.604,5.3762536329408768
110.605,5.3818990861004519
110.60599999999999,5.3875328931405928
110.607,5.3931550188845243
110.608,5.3987654283485504
110.60899999999999,5.4043640867425609
110.61,5.4099509594704314
110.611,5.4155260121305009
110.61199999999999,5.4210892105160067
110.613,5.4266405206154715
110.614,5.4321799086131435
110.61499999999999,5.4377073408894052
110.616,5.4432227840211311
110.617,5.4487262047821208
110.61799999999999,5.4542175701434257
110.619,5.4596968472737419
110.62,5.4651640035397655
110.621,5.4706190065065288
110.622,5.4760618239377283
110.623,5.4814924237960847
110.624,5.4869107742436185
110.625,5.492316843641996
110.626,5.4977106005528054
110.627,5.5030920137378416
110.628,5.5084610521594204
110.629,5.5138176849806024
110.63,5.5191618815655037
110.631,5.5244936114795067
110.63200000000001,5.5298128444895216
110.633,5.5351195505642341
110.634,5.5404136998743034
110.63500000000001,5.5456952627925933
110.636,5.5509642098943894
110.637,5.5562205119575641
110.63800000000001,5.5614641399628129
110.639,5.5666950650937856
110.64,5.5719132587372844
110.64100000000001,5.5771186924834346
110.642,5.5823113381258107
110.643,5.5874911676615922
110.64400000000001,5.5926581532917128
110.645,5.5978122674209665
110.646,5.602953482658144
110.64700000000001,5.6080817718161189
110.648,5.6131971079119642
110.649,5.6182994641670536
110.65000000000001,5.6233888140071224
110.651,5.6284651310623435
110.652,5.6335283891674237
110.65300000000001,5.6385785623616176
110.654,5.6436156248888167
110.655,5.6486395511975598
110.65600000000001,5.6536503159410749
110.657,5.6586478939773208
110.658,5.663632260368975
110.65900000000001,5.668603390383451
110.66,5.6735612594929101
110.661,5.678505843374233
110.66200000000001,5.6834371179090217
110.663,5.6883550591835519
110.664,5.6932596434887532
110.66500000000001,5.6981508473201821
110.666,5.7030286473779386
110.667,5.7078930205666261
110.66800000000001,5.7127439439953029
110.669,5.7175813949773815
110.67,5.7224053510305648
110.67100000000001,5.72721578987675
110.672,5.7320126894419303
110.673,5.7367960278561094
110.67400000000001,5.7415657834531633
110.675,5.7463219347707337
110.676,5.7510644605501184
110.67699999999999,5.7557933397361003
110.678,5.7605085514768444
110.679,5.7652100751237221
110.68000000000001,5.7698978902311584
110.681,5.774571976556496
110.682,5.779232314059783
110.68299999999999,5.7838788829036254
110.684,5.7885116634529954
110.685,5.7931306362750288
110.68600000000001,5.79773578213885
110.687,5.8023270820153403
110.688,5.8069045170769318
110.68899999999999,5.8114680686974074
110.69,5.8160177184516506
110.691,5.8205534481154215
110.69200000000001,5.8250752396651269
110.693,5.8295830752775544
110.694,5.8340769373296428
110.69499999999999,5.8385568083981987
110.696,5.8430226712596438
110.697,5.8474745088897588
110.69800000000001,5.8519123044633687
110.699,5.8563360413540817
110.7,5.8607457031340084
110.70099999999999,5.8651412735734292
110.702,5.869522736640536
110.703,5.8738900765010804
110.70399999999999,5.8782432775180871
110.705,5.8825823242515263
110.706,5.8869072014579755
110.70699999999999,5.8912178940902997
110.708,5.8955143872973164
110.709,5.8997966664234243
110.70999999999999,5.9040647170082945
110.711,5.9083185247864805
110.712,5.9125580756870626
110.71299999999999,5.9167833558333083
110.714,5.9209943515422658
110.715,5.9251910493243987
110.71599999999999,5.9293734358832229
110.717,5.9335414981148817
110.718,5.9376952231077915
110.71899999999999,5.9418345981422114
110.72,5.9459596106898562
110.721,5.9500702484134971
110.72199999999999,5.9541664991665266
110.723,5.9582483509925499
110.724,5.9623157921249783
110.72499999999999,5.9663688109865687
110.726,5.9704073961890263
110.727,5.9744315365325402
110.72799999999999,5.9784412210053564
110.729,5.9824364387833366
110.73,5.9864171792294885
110.73099999999999,5.990383431893525
110.732,5.9943351865114138
110.733,5.9982724330048889
110.73399999999999,6.0021951614810085
110.735,6.0061033622316682
110.736,6.0099970257331243
110.73699999999999,6.0138761426455316
110.738,6.0177407038124366
110.739,6.0215907002603011
110.73999999999999,6.0254261231980228
110.741,6.0292469640164112
110.742,6.0330532142877207
110.74299999999999,6.0368448657651186
110.744,6.0406219103822032
110.745,6.0443843402524848
110.746,6.0481321476688681
110.747,6.0518653251031331
110.748,6.0555838652054401
110.749,6.0592877608037705
110.75,6.0629770049034288
110.751,6.0666515906865035
110.752,6.0703115115113224
110.753,6.073956760911944
110.754,6.0775873325975915
110.755,6.0812032204521334
110.756,6.0848044185335208
110.75700000000001,6.088390921073251
110.758,6.0919627224758202
110.759,6.0955198173181611
110.76000000000001,6.099062200349092
110.761,6.102589866488767
110.762,6.1061028108281015
110.76300000000001,6.109601028628223
110.764,6.1130845153199029
110.765,6.1165532665029705
110.76600000000001,6.1200072779457848
110.767,6.1234465455846188
110.768,6.1268710655231082
110.76900000000001,6.1302808340316854
110.77,6.1336758475469715
110.771,6.1370561026712291
110.77200000000001,6.1404215961717536
110.773,6.1437723249803025
110.774,6.1471082861925233
110.77500000000001,6.1504294770673367
110.776,6.1537358950263652
110.777,6.1570275376533576
110.77800000000001,6.1603044026935603
110.779,6.1635664880531618
110.78,6.1668137917986732
110.78100000000001,6.1700463121563365
110.782,6.1732640475115463
110.783,6.1764669964082239
110.78400000000001,6.1796551575482308
110.785,6.1828285297907772
110.786,6.185987112151798
110.78700000000001,6.1891309038033739
110.788,6.1922599040731043
110.789,6.1953741124435204
110.79000000000001,6.1984735285514798
110.791,6.2015581521875394
110.792,6.2046279832953726
110.79300000000001,6.2076830219711496
110.794,6.2107232684629263
110.795,6.213748723170049
110.79600000000001,6.2167593866425275
110.797,6.2197552595804346
110.798,6.222736342833298
110.79900000000001,6.2257026373994844
110.8,6.2286541444255867
110.801,6.2315908652058196
110.80199999999999,6.2345128011814044
110.803,6.2374199539399591
110.804,6.2403123252148793
110.80500000000001,6.2431899168847362
110.806,6.2460527309726608
110.807,6.2489007696457302
110.80799999999999,6.2517340352143584
110.809,6.25455253013169
110.81,6.2573562569929724
110.81100000000001,6.2601452185349711
110.812,6.2629194176353264
110.813,6.2656788573119719
110.81399999999999,6.268423540722516
110.815,6.2711534711636183
110.816,6.2738686520704006
110.81700000000001,6.2765690870158313
110.818,6.2792547797101115
110.819,6.2819257340000778
110.81999999999999,6.2845819538685905
110.821,6.2872234434339216
110.822,6.2898502069491711
110.82300000000001,6.2924622488016411
110.824,6.2950595735122352
110.825,6.2976421857348752
110.82599999999999,6.3002100902558755
110.827,6.3027632919933669
110.828,6.3053017959966713
110.82899999999999,6.3078256074457233
110.83,6.310334731650471
110.831,6.3128291740502744
110.83199999999999,6.3153089402133116
110.833,6.3177740358359955
110.834,6.3202244667423635
110.83499999999999,6.3226602388835067
110.836,6.3250813583369734
110.837,6.3274878313061755
110.83799999999999,6.3298796641198107
110.839,6.3322568632312777
110.84,6.3346194352180891
110.84099999999999,6.3369673867812892
110.842,6.339300724744886
110.843,6.3416194560552581
110.84399999999999,6.3439235877805888
110.845,6.3462131271102828
110.846,6.3484880813544091
110.84699999999999,6.3507484579431157
110.848,6.3529942644260622
110.849,6.3552255084718672
110.84999999999999,6.3574421978675195
110.851,6.3596443405178427
110.852,6.3618319444449103
110.85299999999999,6.3640050177874983
110.854,6.3661635688005358
110.855,6.368307605854536
110.85599999999999,6.3704371374350455
110.857,6.3725521721421092
110.858,6.3746527186897035
110.85899999999999,6.3767387859052063
110.86,6.378810382728842
110.861,6.3808675182131491
110.86199999999999,6.382910201522435
110.863,6.3849384419322419
110.864,6.3869522488288206
110.86499999999999,6.3889516317085882
110.866,6.3909366001776018
110.867,6.3929071639510404
110.86799999999999,6.3948633328526725
110.869,6.3968051168143383
110.87,6.3987325258754311
110.871,6.4006455701823821
110.872,6.4025442599881455
110.873,6.4044286056516908
110.874,6.406298617637491
110.875,6.4081543065150264
110.876,6.4099956829582698
110.877,6.4118227577451972
110.878,6.4136355417572872
110.879,6.4154340459790289
110.88,6.4172182814974308
110.881,6.4189882595015302
110.88200000000001,6.4207439912819098
110.883,6.422485488230226
110.884,6.4242127618387057
110.88500000000001,6.4259258236996946
110.886,6.427624685505176
110.887,6.4293093590462931
110.88800000000001,6.430979856212895
110.889,6.4326361889930608
110.89,6.4342783694726489
110.89100000000001,6.4359064098348346
110.892,6.4375203223596564
110.893,6.4391201194235634
110.89400000000001,6.440705813498969
110.895,6.4422774171538073
110.896,6.4438349430510895
110.89700000000001,6.4453784039484638
110.898,6.4469078126977832
110.899,6.4484231822446754
110.90000000000001,6.4499245256281093
110.901,6.4514118559799716
110.902,6.4528851865246484
110.90300000000001,6.4543445305785987
110.904,6.4557899015499469
110.905,6.4572213129380698
110.90600000000001,6.4586387783331833
110.907,6.4600423114159407
110.908,6.461431925957033
110.90900000000001,6.4628076358167803
110.91,6.4641694549447575
110.911,6.4655173973793794
110.91200000000001,6.4668514772475305
110.913,6.4681717087641664
110.914,6.4694781062319437
110.91500000000001,6.4707706840408417
110.916,6.4720494566677793
110.917,6.4733144386762529
110.91800000000001,6.4745656447159696
110.919,6.4758030895224739
110.92,6.4770267879168033
110.92100000000001,6.478236754805117
110.922,6.4794330051783504
110.923,6.4806155541118686
110.92400000000001,6.4817844167651124
110.925,6.4829396083812574
110.926,6.4840811442868889
110.92699999999999,6.4852090398916467
110.928,6.4863233106879079
110.929,6.4874239722504523
110.93000000000001,6.4885110402361406
110.931,6.4895845303835946
110.932,6.4906444585128771
110.93299999999999,6.4916908405251803
110.934,6.4927236924025156
110.935,6.4937430302074084
110.93600000000001,6.4947488700825966
110.937,6.4957412282507239
110.938,6.4967201210140537
110.93899999999999,6.4976855647541711
110.94,6.4986375759317037
110.941,6.4995761710860211
110.94200000000001,6.5005013668349694
110.943,6.5014131798745884
110.944,6.5023116269788312
110.94499999999999,6.5031967249993077
110.946,6.5040684908650057
110.947,6.5049269415820348
110.94800000000001,6.5057720942333646
110.949,6.5066039659785702
110.95,6.5074225740535798
110.95099999999999,6.5082279357704236
110.952,6.5090200685169979
110.953,6.5097989897568107
110.95399999999999,6.5105647170287524
110.955,6.5113172679468603
110.956,6.5120566602000931
110.95699999999999,6.5127829115520885
110.958,6.5134960398409598
110.959,6.5141960629790594
110.95999999999999,6.5148829989527739
110.961,6.5155568658223064
110.962,6.5162176817214643
110.96299999999999,6.5168654648574638
110.964,6.5175002335107175
110.965,6.5181220060346368
110.96599999999999,6.5187308008554457
110.967,6.5193266364719795
110.968,6.5199095314555064
110.96899999999999,6.5204795044495274
110.97,6.5210365741696128
110.971,6.5215807594032116
110.97199999999999,6.522112079009486
110.973,6.5226305519191383
110.974,6.5231361971342379
110.97499999999999,6.5236290337280645
110.976,6.5241090808449433
110.977,6.5245763577000933
110.97799999999999,6.5250308835794675
110.979,6.5254726778396011
110.98,6.5259017599074776
110.98099999999999,6.5263181492803684
110.982,6.5267218655257038
110.983,6.5271129282809319
110.98399999999999,6.5274913572533855
110.985,6.5278571722201519
110.986,6.5282103930279449
110.98699999999999,6.5285510395929824
110.988,6.5288791319008661
110.989,6.5291946900064612
110.98999999999999,6.5294977340337894
110.991,6.5297882841759076
110.992,6.5300663606948071
110.99299999999999,6.5303319839213101
110.994,6.5305851742549637
110.995,6.5308259521639442
110.996,6.5310543381849628
110.997,6.5312703529231708
110.998,6.531474017052072
110.999,6.5316653513134382
111,6.5318443765172249
111.001,6.5320111135414924
111.002,6.5321655833323282
111.003,6.5323078069037726
111.004,6.5324378053377483
111.005,6.5325555997839944
111.006,6.5326612114599989
111.00700000000001,6.5327546616509409
111.008,6.5328359717096225
111.009,6.532905163056423
111.01000000000001,6.532962257179241
111.011,6.533007275633441
111.012,6.5330402400418084
111.01300000000001,6.5330611720945084
111.014,6.5330700935490382
111.015,6.5330670262301833
111.01600000000001,6.5330519920299963
111.017,6.5330250129077481
111.018,6.5329861108898992
111.01900000000001,6.5329353080700834
111.02,6.5328726266090591
111.021,6.5327980887347081
111.02200000000001,6.532711716741999
111.023,6.5326135329929809
111.024,6.5325035599167585
111.02500000000001,6.5323818200094834
111.026,6.5322483358343417
111.027,6.5321031300215457
111.02800000000001,6.5319462252683316
111.029,6.5317776443389457
111.03,6.5315974100646654
111.03100000000001,6.5314055453437696
111.032,6.5312020731415679
111.033,6.530987016490398
111.03400000000001,6.5307603984896296
111.035,6.5305222423056799
111.036,6.5302725711720297
111.03700000000001,6.5300114083892264
111.038,6.5297387773249191
111.039,6.5294547014138589
111.04000000000001,6.5291592041579376
111.041,6.5288523091261945
111.042,6.5285340399548595
111.04300000000001,6.528204420347369
111.044,6.5278634740743984
111.045,6.5275112249738934
111.04600000000001,6.5271476969511095
111.047,6.5267729139786423
111.048,6.5263869000964654
111.04900000000001,6.5259896794119694
111.05,6.5255812761000058
111.051,6.5251617144029339
111.05199999999999,6.5247310186306571
111.053,6.5242892131606718
111.054,6.5238363224381262
111.05500000000001,6.5233723709758547
111.056,6.5228973833544455
111.057,6.5224113842222806
111.05799999999999,6.5219143982956007
111.059,6.5214064503585627
111.06,6.5208875652632887
111.06100000000001,6.5203577679299345
111.062,6.5198170833467524
111.063,6.5192655365701437
111.06399999999999,6.5187031527247372
111.065,6.5181299570034419
111.066,6.5175459746675335
111.06700000000001,6.5169512310466944
111.068,6.5163457515391139
111.069,6.5157295616115389
111.06999999999999,6.5151026867993567
111.071,6.5144651527066681
111.072,6.5138169850063532
111.07300000000001,6.5131582094401645
111.074,6.5124888518187927
111.075,6.5118089380219457
111.07599999999999,6.5111184939984348
111.077,6.5104175457662485
111.078,6.5097061194126429
111.07899999999999,6.5089842410942147
111.08,6.5082519370369925
111.081,6.5075092335365206
111.08199999999999,6.5067561569579411
111.083,6.5059927337360834
111.084,6.5052189903755568
111.08499999999999,6.5044349534508283
111.086,6.5036406496063179
111.087,6.5028361055564927
111.08799999999999,6.502021348085945
111.089,6.5011964040494989
111.09,6.5003613003722949
111.09099999999999,6.4995160640498773
111.092,6.4986607221482977
111.093,6.4977953018042047
111.09399999999999,6.4969198302249342
111.095,6.4960343346886127
111.096,6.4951388425442467
111.09699999999999,6.494233381211818
111.098,6.4933179781823887
111.099,6.492392661018183
111.09999999999999,6.4914574573527029
111.101,6.4905123948908017
111.102,6.4895575014088092
111.10299999999999,6.4885928047546111
111.104,6.4876183328477506
111.105,6.4866341136795267
111.10599999999999,6.4856401753131019
111.107,6.4846365458835864
111.108,6.4836232535981457
111.10899999999999,6.4826003267361001
111.11,6.4815677936490168
111.111,6.4805256827608195
111.11199999999999,6.4794740225678744
111.113,6.4784128416390994
111.114,6.4773421686160635
111.11499999999999,6.476262032213068
111.116,6.4751724612172747
111.117,6.4740734844887751
111.11799999999999,6.4729651309607057
111.119,6.4718474296393431
111.12,6.4707204096041977
111.121,6.4695841000081149
111.122,6.4684385300773659
111.123,6.4672837291117533
111.124,6.4661197264847026
111.125,6.4649465516433544
111.126,6.4637642341086661
111.127,6.4625728034755037
111.128,6.4613722894127363
111.129,6.4601627216633304
111.13,6.4589441300444381
111.131,6.4577165444475018
111.13200000000001,6.4564799948383325
111.133,6.4552345112572089
111.134,6.4539801238189636
111.13500000000001,6.4527168627130784
111.136,6.4514447582037686
111.137,6.4501638406300721
111.13800000000001,6.448874140405934
111.139,6.4475756880203026
111.14,6.4462685140372056
111.14100000000001,6.4449526490958364
111.142,6.4436281239106403
111.143,6.4422949692713969
111.14400000000001,6.4409532160432974
111.145,6.4396028951670345
111.146,6.438244037658869
111.14700000000001,6.4368766746107227
111.148,6.4355008371902453
111.149,6.4341165566408911
111.15000000000001,6.4327238642820017
111.151,6.4313227915088742
111.152,6.4299133697928283
111.15300000000001,6.4284956306812902
111.154,6.4270696057978505
111.155,6.4256353268423432
111.15600000000001,6.4241928255909055
111.157,6.4227421338960422
111.158,6.421283283686698
111.15900000000001,6.419816306968313
111.16,6.4183412358228882
111.161,6.416858102409047
111.16200000000001,6.4153669389620838
111.163,6.4138677777940316
111.164,6.412360651293719
111.16500000000001,6.4108455919268064
111.166,6.4093226322358543
111.167,6.4077918048403752
111.16800000000001,6.4062531424368636
111.169,6.4047066777988615
111.17,6.403152443776996
111.17100000000001,6.4015904732990219
111.172,6.4000207993698641
111.173,6.3984434550716545
111.17400000000001,6.3968584735637712
111.175,6.3952658880828857
111.176,6.3936657319429671
111.17699999999999,6.3920580385353505
111.178,6.3904428413287366
111.179,6.3888201738692363
111.18000000000001,6.3871900697803943
111.181,6.3855525627632037
111.182,6.3839076865961388
111.18299999999999,6.382255475135171
111.184,6.3805959623137785
111.185,6.3789291821429757
111.18600000000001,6.3772551687113088
111.187,6.3755739561848861
111.188,6.3738855788073696
111.18899999999999,6.3721900708999879
111.19,6.3704874668615403
111.191,6.3687778011684042
111.19200000000001,6.3670611083745179
111.193,6.3653374231113942
111.194,6.3636067800881033
111.19499999999999,6.3618692140912767
111.196,6.3601247599850836
111.197,6.3583734527112235
111.19800000000001,6.3566153272889139
111.199,6.3548504188148724
111.2,6.3530787624632872
111.20099999999999,6.3513003934858041
111.202,6.3495153472114989
111.203,6.347723659046836
111.20399999999999,6.3459253644756686
111.205,6.3441204990591675
111.206,6.342309098435809
111.20699999999999,6.3404911983213337
111.208,6.3386668345086949
111.209,6.3368360428680219
111.20999999999999,6.3349988593465714
111.211,6.3331553199686752
111.212,6.3313054608356971
111.21299999999999,6.3294493181259543
111.214,6.3275869280946893
111.215,6.3257183270739841
111.21599999999999,6.3238435514727094
111.217,6.3219626377764504
111.218,6.3200756225474386
111.21899999999999,6.3181825424244868
111.22,6.3162834341228988
111.221,6.3143783344343962
111.22199999999999,6.3124672802270423
111.223,6.3105503084451531
111.224,6.3086274561091997
111.22499999999999,6.3066987603157383
111.226,6.3047642582372898
111.227,6.3028239871222613
111.22799999999999,6.3008779842948464
111.229,6.2989262871549059
111.23,6.2969689331778715
111.23099999999999,6.2950059599146382
111.232,6.293037404991443
111.233,6.2910633061097547
111.23399999999999,6.2890837010461507
111.235,6.2870986276521936
111.236,6.2851081238543109
111.23699999999999,6.2831122276536568
111.238,6.2811109771259819
111.239,6.2791044104215068
111.23999999999999,6.2770925657647618
111.241,6.2750754814544702
111.242,6.2730531958633762
111.24299999999999,6.271025747438113
111.244,6.2689931746990482
111.245,6.266955516240114
111.246,6.2649128107286618
111.247,6.2628650969052968
111.248,6.2608124135836984
111.249,6.2587547996504664
111.25,6.2566922940649397
111.251,6.2546249358590167
111.252,6.2525527641369836
111.253,6.2504758180753157
111.254,6.2483941369225029
111.255,6.2463077599988477
111.256,6.2442167266962834
111.25700000000001,6.2421210764781652
111.258,6.2400208488790616
111.259,6.2379160835045706
111.26000000000001,6.2358068200310903
111.261,6.2336930982056131
111.262,6.2315749578455115
111.26300000000001,6.2294524388383072
111.264,6.2273255811414661
111.265,6.2251944247821545
111.26600000000001,6.2230590098570069
111.267,6.2209193765319055
111.268,6.2187755650417342
111.26900000000001,6.2166276156901237
111.27,6.2144755688492257
111.271,6.2123194649594486
111.27200000000001,6.2101593445292131
111.273,6.2079952481346936
111.274,6.2058272164195429
111.27500000000001,6.2036552900946482
111.276,6.2014795099378528
111.277,6.1992999167936755
111.27800000000001,6.1971165515730533
111.279,6.1949294552530407
111.28,6.1927386688765438
111.28100000000001,6.1905442335520213
111.282,6.1883461904531938
111.283,6.1861445808187536
111.28400000000001,6.1839394459520634
111.285,6.1817308272208509
111.286,6.1795187660569084
111.28700000000001,6.177303303955771
111.288,6.1750844824764144
111.289,6.1728623432409275
111.29000000000001,6.1706369279341953
111.291,6.1684082783035707
111.292,6.1661764361585476
111.29300000000001,6.1639414433704172
111.294,6.1617033418719434
111.295,6.1594621736570137
111.29600000000001,6.1572179807802971
111.297,6.1549708053568892
111.298,6.1527206895619644
111.29900000000001,6.1504676756304164
111.3,6.1482118058564996
111.301,6.1459531225934576
111.30199999999999,6.1436916682531661
111.303,6.1414274853057425
111.304,6.1391606162791907
111.30500000000001,6.1368911037590017
111.306,6.1346189903877795
111.307,6.1323443188648499
111.30799999999999,6.1300671319458697
111.309,6.1277874724424226
111.31,6.125505383221638
111.31100000000001,6.123220907205762
111.312,6.1209340873717668
111.313,6.1186449667509368
111.31399999999999,6.1163535884284439
111.315,6.1140599955429416
111.316,6.111764231286128
111.31700000000001,6.1094663389023252
111.318,6.1071663616880496
111.319,6.1048643429915703
111.31999999999999,6.102560326212477
111.321,6.1002543548012351
111.322,6.0979464722587284
111.32300000000001,6.0956367221358265
111.324,6.0933251480329229
111.325,6.0910117935994599
111.32599999999999,6.0886967025334977
111.327,6.0863799185812182
111.328,6.084061485536477
111.32899999999999,6.081741447240316
111.33,6.0794198475804873
111.331,6.077096730490978
111.33199999999999,6.0747721399515191
111.333,6.0724461199870952
111.334,6.070118714667462
111.33499999999999,6.0677899681066245
111.336,6.0654599244623686
111.337,6.0631286279357344
111.33799999999999,6.0607961227705101
111.339,6.0584624532527274
111.34,6.056127663710142
111.34099999999999,6.0537917985117078
111.342,6.051454902067066
111.343,6.0491170188259993
111.34399999999999,6.0467781932779214
111.345,6.0444384699513307
111.346,6.0420978934132687
111.34699999999999,6.0397565082687859
111.348,6.0374143591603922
111.349,6.0350714907675034
111.34999999999999,6.0327279478058964
111.351,6.0303837750271398
111.352,6.0280390172180471
111.35299999999999,6.0256937192001043
111.354,6.0233479258288947
111.355,6.0210016819935444
111.35599999999999,6.0186550326161345
111.357,6.0163080226511223
111.358,6.0139606970847623
111.35899999999999,6.0116131009345164
111.36,6.0092652792484724
111.361,6.0069172771047405
111.36199999999999,6.004569139610858
111.363,6.0022209119031933
111.364,5.9998726391463428
111.36499999999999,5.9975243665325104
111.366,5.9951761392809182
111.367,5.9928280026371636
111.36799999999999,5.9904800018726334
111.369,5.9881321822838576
111.37,5.9857845891918871
111.371,5.9834372679416798
111.372,5.9810902639014589
111.373,5.9787436224620709
111.374,5.9763973890363609
111.375,5.9740516090585176
111.376,5.9717063279834424
111.377,5.9693615912860869
111.378,5.9670174444608044
111.379,5.9646739330207019
111.38,5.9623311024969663
111.381,5.9599889984382211
111.38200000000001,5.9576476664098514
111.383,5.9553071519933312
111.384,5.9529675007855563
111.38500000000001,5.9506287583981763
111.386,5.9482909704568989
111.387,5.9459541826008317
111.38800000000001,5.9436184404817745
111.389,5.9412837897635473
111.39,5.9389502761213029
111.39100000000001,5.9366179452408101
111.392,5.9342868428177855
111.393,5.9319570145571756
111.39400000000001,5.9296285061724525
111.395,5.9273013633849319
111.396,5.924975631923024
111.39700000000001,5.92265135752156
111.398,5.9203285859210597
111.399,5.9180073628670087
111.40000000000001,5.9156877341091505
111.401,5.9133697454007592
111.402,5.911053442497904
111.40300000000001,5.9087388711587341
111.404,5.9064260771427346
111.405,5.9041151062099981
111.40600000000001,5.9018060041204947
111.407,5.8994988166333062
111.408,5.8971935895059122
111.40900000000001,5.8948903684934315
111.41,5.8925891993478654
111.411,5.8902901278173667
111.41200000000001,5.8879931996454626
111.413,5.8856984605703211
111.414,5.8834059563239736
111.41500000000001,5.8811157326315646
111.416,5.8788278352105809
111.417,5.8765423097700973
111.41800000000001,5.8742592020099851
111.419,5.8719785576201655
111.42,5.8697004222798181
111.42100000000001,5.8674248416566126
111.422,5.8651518614059306
111.423,5.862881527170078
111.42400000000001,5.8606138845775053
111.425,5.8583489792420345
111.426,5.8560868567620403
111.42699999999999,5.8538275627196938
111.428,5.8515711426801467
111.429,5.8493176421907487
111.43000000000001,5.8470671067802478
111.431,5.8448195819579851
111.432,5.8425751132131065
111.43299999999999,5.8403337460137488
111.434,5.8380955258062315
111.435,5.8358604980142701
111.43600000000001,5.8336287080381375
111.437,5.8314002012538779
111.438,5.8291750230124846
111.43899999999999,5.8269532186390727
111.44,5.8247348334320836
111.441,5.8225199126624565
111.44200000000001,5.8203085015727982
111.443,5.8181006453765818
111.444,5.8158963892572961
111.44499999999999,5.8136957783676451
111.446,5.8114988578287061
111.447,5.8093056727290993
111.44800000000001,5.8071162681241635
111.449,5.8049306890351247
111.45,5.8027489804482499
111.45099999999999,5.8005711873140235
111.452,5.7983973545463066
111.453,5.7962275270214914
111.45399999999999,5.7940617495776738
111.455,5.791900067013799
111.456,5.7897425240888278
111.45699999999999,5.7875891655208882
111.458,5.7854400359864222
111.459,5.7832951801193548
111.45999999999999,5.7811546425102298
111.461,5.7790184677053729
111.462,5.7768867002060311
111.46299999999999,5.7747593844675222
111.464,5.7726365648983862
111.465,5.7705182858595307
111.46599999999999,5.7684045916633657
111.467,5.7662955265729643
111.468,5.7641911348011829
111.46899999999999,5.7620914605098239
111.47,5.7599965478087665
111.471,5.7579064407551028
111.47199999999999,5.7558211833522837
111.473,5.7537408195492556
111.474,5.7516653932395894
111.47499999999999,5.7495949482606266
111.476,5.7475295283926107
111.477,5.7454691773578226
111.47799999999999,5.7434139388197174
111.479,5.7413638563820459
111.48,5.7393189735880057
111.48099999999999,5.7372793339193588
111.482,5.7352449807955654
111.483,5.7332159575729289
111.48399999999999,5.7311923075437008
111.485,5.7291740739352388
111.486,5.7271612999091213
111.48699999999999,5.7251540285602704
111.488,5.7231523029160956
111.489,5.7211561659356196
111.48999999999999,5.7191656605085992
111.491,5.7171808294546587
111.492,5.7152017155224151
111.49299999999999,5.7132283613886177
111.494,5.711260809657257
111.495,5.7092991028587043
111.496,5.7073432834488358
111.497,5.7053933938081656
111.498,5.7034494762409622
111.499,5.7015115729743879
111.5,5.699579726157614
111.501,5.6976539778609681
111.502,5.6957343700750389
111.503,5.6938209447098185
111.504,5.6919137435938314
111.505,5.6900128084732504
111.506,5.6881181810110402
111.50700000000001,5.686229902786085
111.508,5.6843480152923034
111.509,5.6824725599377954
111.51000000000001,5.6806035780439679
111.511,5.6787411108446566
111.512,5.6768851994852749
111.51300000000001,5.6750358850219262
111.514,5.6731932084205496
111.515,5.6713572105560566
111.51600000000001,5.6695279322114445
111.517,5.6677054140769556
111.518,5.6658896967491961
111.51900000000001,5.6640808207302769
111.52,5.6622788264269559
111.521,5.6604837541497606
111.52200000000001,5.6586956441121483
111.523,5.6569145364296265
111.524,5.6551404711189024
111.52500000000001,5.6533734880970217
111.526,5.6516136271805149
111.527,5.6498609280845322
111.52800000000001,5.6481154304220009
111.529,5.6463771737027546
111.53,5.6446461973326976
111.53100000000001,5.6429225406129415
111.532,5.6412062427389547
111.533,5.6394973427997188
111.53400000000001,5.6377958797768795
111.535,5.6361018925438922
111.536,5.6344154198651868
111.53700000000001,5.6327365003953132
111.538,5.6310651726781131
111.539,5.6294014751458681
111.54000000000001,5.627745446118456
111.541,5.6260971238025279
111.542,5.6244565462906593
111.54300000000001,5.6228237515605217
111.544,5.6211987774740475
111.545,5.6195816617765928
111.54600000000001,5.617972442096125
111.547,5.616371155942379
111.548,5.6147778407060294
111.54900000000001,5.6131925336578847
111.55,5.6116152719480468
111.551,5.6100460926050975
111.55199999999999,5.6084850325352864
111.553,5.6069321285216978
111.554,5.6053874172234597
111.55500000000001,5.6038509351749095
111.556,5.6023227187847997
111.557,5.6008028043354798
111.55799999999999,5.5992912279820981
111.559,5.5977880257517922
111.56,5.5962932335428928
111.56100000000001,5.5948068871241183
111.562,5.5933290221337844
111.563,5.5918596740790107
111.56399999999999,5.5903988783349181
111.565,5.588946670143855
111.566,5.5875030846145961
111.56700000000001,5.5860681567215664
111.568,5.5846419213040566
111.569,5.5832244130654409
111.56999999999999,5.5818156665724095
111.571,5.5804157162541816
111.572,5.5790245964017426
111.57300000000001,5.5776423411670741
111.574,5.5762689845623861
111.575,5.5749045604593528
111.57599999999999,5.5735491025883572
111.577,5.5722026445377235
111.578,5.570865219752978
111.57899999999999,5.5695368615360836
111.58,5.5682176030446904
111.581,5.5669074772914051
111.58199999999999,5.5656065171430313
111.583,5.5643147553198373
111.584,5.5630322243948198
111.58499999999999,5.5617589567929659
111.586,5.5604949847905267
111.587,5.5592403405142967
111.58799999999999,5.557995055940868
111.589,5.5567591628959327
111.59,5.5555326930535527
111.59099999999999,5.5543156779354508
111.592,5.5531081489102965
111.593,5.5519101371929986
111.59399999999999,5.5507216738440048
111.595,5.5495427897685978
111.596,5.5483735157161957
111.59699999999999,5.5472138822796655
111.598,5.5460639198946282
111.599,5.5449236588387691
111.59999999999999,5.5437931292311626
111.601,5.54267236103159
111.602,5.5415613840398574
111.60299999999999,5.5404602278951334
111.604,5.5393689220752762
111.605,5.5382874958961654
111.60599999999999,5.5372159785110524
111.607,5.5361543989098871
111.608,5.5351027859186859
111.60899999999999,5.534061168198857
111.61,5.5330295742465818
111.611,5.5320080323921541
111.61199999999999,5.5309965707993491
111.613,5.5299952174647933
111.614,5.5290040002173315
111.61499999999999,5.5280229467173978
111.616,5.5270520844564075
111.617,5.5260914407561232
111.61799999999999,5.5251410427680572
111.619,5.5242009174728484
111.62,5.5232710916796712
111.621,5.522351592025629
111.622,5.5214424449751522
111.623,5.5205436768194183
111.624,5.5196553136757558
111.625,5.518777381487066
111.626,5.517909906021238
111.627,5.5170529128705859
111.628,5.5162064274512614
111.629,5.5153704750027099
111.63,5.5145450805870855
111.631,5.5137302690887164
111.63200000000001,5.5129260652135414
111.633,5.5121324934885605
111.634,5.5113495782612985
111.63500000000001,5.5105773436992669
111.636,5.5098158137894231
111.637,5.5090650123376488
111.63800000000001,5.5083249629682207
111.639,5.5075956891232973
111.64,5.5068772140623938
111.64100000000001,5.5061695608618821
111.642,5.5054727524144784
111.643,5.5047868114287519
111.64400000000001,5.5041117604286134
111.645,5.5034476217528425
111.646,5.5027944175545853
111.64700000000001,5.5021521698008886
111.648,5.5015209002722099
111.649,5.5009006305619543
111.65000000000001,5.500291382076008
111.651,5.499693176032272
111.652,5.4991060334602127
111.65300000000001,5.4985299752004053
111.654,5.4979650219040854
111.655,5.4974111940327193
111.65600000000001,5.4968685118575547
111.657,5.4963369954591972
111.658,5.4958166647271813
111.65900000000001,5.4953075393595547
111.66,5.4948096388624545
111.661,5.4943229825497077
111.66200000000001,5.4938475895424137
111.663,5.4933834787685534
111.664,5.492930668962595
111.66500000000001,5.492489178665096
111.666,5.4920590262223303
111.667,5.4916402297858999
111.66800000000001,5.4912328073123682
111.669,5.490836776562892
111.67,5.4904521551028473
111.67100000000001,5.4900789603014903
111.672,5.4897172093315927
111.673,5.4893669191690933
111.67400000000001,5.4890281065927722
111.675,5.4887007881838983
111.676,5.4883849803259057
111.67699999999999,5.4880806992040725
111.678,5.487787960805198
111.679,5.4875067809172862
111.68000000000001,5.4872371751292439
111.681,5.4869791588305752
111.682,5.4867327472110796
111.68299999999999,5.4864979552605702
111.684,5.48627479776858
111.685,5.4860632893240879
111.68600000000001,5.4858634443152337
111.687,5.4856752769290598
111.688,5.4854988011512447
111.68899999999999,5.4853340307658396
111.69,5.485180979355027
111.691,5.4850396602988587
111.69200000000001,5.4849100867750344
111.693,5.4847922717586499
111.694,5.4846862280219764
111.69499999999999,5.4845919681342341
111.696,5.484509504461375
111.697,5.4844388491658691
111.69800000000001,5.4843800142065033
111.699,5.4843330113381725
111.7,5.4842978521116921
111.70099999999999,5.4842745478736035
111.702,5.4842631097659948
111.703,5.4842635487263225
111.70399999999999,5.4842758754872367
111.705,5.4843001005764176
111.706,5.4843362343164177
111.70699999999999,5.4843842868245005
111.708,5.484444268012501
111.709,5.4845161875866815
111.70999999999999,5.484600055047582
111.711,5.4846958796899088
111.712,5.4848036706023997
111.71299999999999,5.4849234366677013
111.714,5.4850551865622652
111.715,5.4851989287562315
111.71599999999999,5.485354671513333
111.717,5.4855224228908019
111.718,5.4857021907392731
111.71899999999999,5.4858939827027022
111.72,5.4860978062182957
111.721,5.486313668516428
111.72199999999999,5.4865415766205849
111.723,5.4867815373472926
111.724,5.4870335573060789
111.72499999999999,5.4872976428994082
111.726,5.4875738003226555
111.727,5.4878620355640564
111.72799999999999,5.4881623544046843
111.729,5.488474762418428
111.73,5.4887992649719628
111.73099999999999,5.4891358672247499
111.732,5.4894845741290226
111.733,5.4898453904297915
111.73399999999999,5.4902183206648409
111.735,5.4906033691647496
111.736,5.4910005400528998
111.73699999999999,5.4914098372455102
111.738,5.4918312644516556
111.739,5.4922648251733053
111.73999999999999,5.4927105227053676
111.741,5.4931683601357317
111.742,5.4936383403453224
111.74299999999999,5.4941204660081615
111.744,5.4946147395914284
111.745,5.4951211633555337
111.746,5.4956397393541927
111.747,5.4961704694345137
111.748,5.4967133552370839
111.749,5.4972683981960557
111.75,5.497835599539262
111.751,5.4984149602883114
111.752,5.4990064812587045
111.753,5.4996101630599501
111.754,5.5002260060956916
111.755,5.5008540105638328
111.756,5.5014941764566831
111.75700000000001,5.5021465035610815
111.758,5.5028109914585652
111.759,5.5034876395255097
111.76000000000001,5.5041764469332852
111.761,5.504877412648435
111.762,5.5055905354328392
111.76300000000001,5.5063158138438837
111.764,5.5070532462346584
111.765,5.5078028307541302
111.76600000000001,5.5085645653473536
111.767,5.5093384477556544
111.768,5.510124475516843
111.76900000000001,5.510922645965433
111.77,5.5117329562328425
111.771,5.5125554032476334
111.77200000000001,5.5133899837357312
111.773,5.5142366942206582
111.774,5.5150955310237837
111.77500000000001,5.5159664902645584
111.776,5.516849567860775
111.777,5.5177447595288225
111.77800000000001,5.5186520607839462
111.779,5.5195714669405271
111.78,5.5205029731123458
111.78100000000001,5.5214465742128596
111.782,5.5224022649555051
111.783,5.5233700398539778
111.78400000000001,5.5243498932225279
111.785,5.5253418191762691
111.786,5.5263458116314856
111.78700000000001,5.5273618643059397
111.788,5.5283899707192052
111.789,5.5294301241929738
111.79000000000001,5.5304823178514049
111.791,5.5315465446214445
111.792,5.532622797233179
111.79300000000001,5.53371106822018
111.794,5.534811349919849
111.795,5.5359236344737868
111.79600000000001,5.5370479138281494
111.797,5.5381841797340163
111.798,5.5393324237477763
111.79900000000001,5.5404926372314858
111.8,5.5416648113532769
111.801,5.542848937087733
111.80199999999999,5.5440450052162857
111.803,5.5452530063276289
111.804,5.5464729308181049
111.80500000000001,5.5477047688921308
111.806,5.548948510562612
111.807,5.5502041456513611
111.80799999999999,5.5514716637895294
111.809,5.5527510544180378
111.81,5.5540423067880109
111.81100000000001,5.5553454099612285
111.812,5.5566603528105674
111.813,5.5579871240204506
111.81399999999999,5.5593257120873192
111.815,5.5606761053200824
111.816,5.5620382918405884
111.81700000000001,5.5634122595841085
111.818,5.5647979962997995
111.819,5.5661954895512018
111.81999999999999,5.5676047267167155
111.821,5.5690256949901036
111.822,5.5704583813809858
111.82300000000001,5.5719027727153438
111.824,5.5733588556360214
111.825,5.5748266166032572
111.82599999999999,5.5763060418951742
111.827,5.5777971176083323
111.828,5.579299829658229
111.82899999999999,5.5808141637798521
111.83,5.5823401055282034
111.831,5.5838776402788532
111.83199999999999,5.5854267532284698
111.833,5.5869874293953874
111.834,5.5885596536201465
111.83499999999999,5.5901434105660712
111.836,5.5917386847198198
111.837,5.5933454603919577
111.83799999999999,5.594963721717539
111.839,5.5965934526566743
111.84,5.5982346369951177
111.84099999999999,5.5998872583448662
111.842,5.6015513001447257
111.843,5.603226745660935
111.84399999999999,5.6049135779877473
111.845,5.6066117800480448
111.846,5.6083213345939473
111.84699999999999,5.6100422242074179
111.848,5.6117744313008942
111.849,5.6135179381179015
111.84999999999999,5.6152727267336822
111.851,5.6170387790558252
111.852,5.6188160768249009
111.85299999999999,5.620604601615101
111.854,5.6224043348348838
111.855,5.6242152577276183
111.85599999999999,5.6260373513722319
111.857,5.627870596683878
111.858,5.6297149744145791
111.85899999999999,5.6315704651539047
111.86,5.63343704932963
111.861,5.6353147072084013
111.86199999999999,5.6372034188964353
111.863,5.6391031643401659
111.864,5.6410139233269465
111.86499999999999,5.6429356754857372
111.866,5.6448684002877805
111.867,5.6468120770473131
111.86799999999999,5.6487666849222489
111.869,5.6507322029148845
111.87,5.6527086098726151
111.871,5.6546958844886213
111.872,5.6566940053025991
111.873,5.6587029507014694
111.874,5.6607226989200967
111.875,5.6627532280420123
111.876,5.6647945160001365
111.877,5.6668465405775121
111.878,5.6689092794080427
111.879,5.6709827099772099
111.88,5.6730668096228403
111.881,5.6751615555358175
111.88200000000001,5.677266924760854
111.883,5.6793828941972269
111.884,5.6815094405995312
111.88500000000001,5.6836465405784367
111.886,5.685794170601449
111.887,5.6879523069936671
111.88800000000001,5.690120925938551
111.889,5.6923000034786888
111.89,5.6944895155165618
111.89100000000001,5.6966894378153308
111.892,5.6988997459995971
111.893,5.7011204155561943
111.89400000000001,5.7033514218349666
111.895,5.7055927400495463
111.896,5.7078443452781578
111.89700000000001,5.7101062124643907
111.898,5.7123783164180022
111.899,5.71466063181572
111.90000000000001,5.7169531332020203
111.901,5.7192557949899481
111.902,5.7215685914619172
111.90300000000001,5.7238914967705057
111.904,5.72622448493928
111.905,5.728567529863593
111.90600000000001,5.7309206053114039
111.907,5.733283684924098
111.908,5.7356567422172962
111.90900000000001,5.7380397505816818
111.91,5.7404326832838244
111.911,5.7428355134669991
111.91200000000001,5.7452482141520207
111.913,5.7476707582380673
111.914,5.7501031185035156
111.91500000000001,5.7525452676067808
111.916,5.7549971780871374
111.917,5.7574588223655692
111.91800000000001,5.7599301727456114
111.919,5.7624112014141815
111.92,5.7649018804424301
111.92100000000001,5.7674021817865873
111.922,5.7699120772888088
111.923,5.7724315386780276
111.92400000000001,5.7749605375708022
111.925,5.7774990454721644
111.926,5.780047033776496
111.92699999999999,5.7826044737683517
111.928,5.7851713366233533
111.929,5.7877475934090192
111.93000000000001,5.7903332150856404
111.931,5.7929281725071462
111.932,5.7955324364219578
111.93299999999999,5.7981459774738635
111.934,5.800768766202884
111.935,5.8034007730461328
111.93600000000001,5.8060419683387003
111.937,5.8086923223145126
111.938,5.8113518051072086
111.93899999999999,5.8140203867510225
111.94,5.8166980371816415
111.941,5.8193847262370939
111.94200000000001,5.8220804236586297
111.943,5.824785099091585
111.944,5.8274987220862773
111.94499999999999,5.830221262098874
111.946,5.832952688492278
111.947,5.8356929705370195
111.94800000000001,5.8384420774121208
111.949,5.8411999782059949
111.95,5.8439666419173308
111.95099999999999,5.8467420374559671
111.952,5.8495261336437956
111.953,5.8523188992156392
111.95399999999999,5.8551203028201302
111.955,5.8579303130206313
111.956,5.8607488982960838
111.95699999999999,5.8635760270419279
111.958,5.8664116675709881
111.959,5.8692557881143488
111.95999999999999,5.8721083568222703
111.961,5.8749693417650608
111.962,5.87783871093397
111.96299999999999,5.8807164322421048
111.964,5.8836024735252952
111.965,5.8864968025429967
111.96599999999999,5.889399386979199
111.967,5.8923101944432936
111.968,5.8952291924709961
111.96899999999999,5.8981563485252169
111.97,5.9010916299969676
111.971,5.9040350042062615
111.97199999999999,5.9069864384029929
111.973,5.9099458997678429
111.974,5.9129133554131776
111.97499999999999,5.9158887723839282
111.976,5.918872117658502
111.977,5.9218633581496665
111.97799999999999,5.9248624607054436
111.979,5.9278693921100185
111.98,5.9308841190846113
111.98099999999999,5.9339066082883871
111.982,5.9369368263193465
111.983,5.9399747397152138
111.98399999999999,5.9430203149543406
111.985,5.9460735184565827
111.986,5.9491343165842014
111.98699999999999,5.9522026756427646
111.988,5.9552785618820145
111.989,5.9583619414967766
111.98999999999999,5.9614527806278508
111.991,5.9645510453628816
111.992,5.9676567017372761
111.99299999999999,5.9707697157350657
111.994,5.9738900532898018
111.995,5.9770176802854582
111.996,5.98015256255729
111.997,5.9832946658927337
111.998,5.9864439560323062
111.999,5.9896003986704507
112,5.9927639594564575
112.001,5.9959346039953214
112.002,5.9991122978486411
112.003,6.0022970065354677
112.004,6.0054886955332263
112.005,6.0086873302785637
112.006,6.0118928761682255
112.00700000000001,6.0151052985599476
112.008,6.0183245627733228
112.009,6.0215506340906737
112.01000000000001,6.0247834777579108
112.011,6.0280230589854309
112.012,6.0312693429489768
112.01300000000001,6.0345222947904755
112.014,6.0377818796189544
112.015,6.0410480625113809
112.01600000000001,6.0443208085135094
112.017,6.0476000826407788
112.018,6.0508858498791618
112.01900000000001,6.0541780751859946
112.02,6.0574767234908897
112.021,6.0607817596965496
112.02200000000001,6.0640931486796283
112.023,6.0674108552916
112.024,6.0707348443596061
112.02500000000001,6.0740650806872996
112.026,6.0774015290556811
112.027,6.0807441542239733
112.02800000000001,6.0840929209304564
112.029,6.0874477938932889
112.03,6.0908087378113791
112.03100000000001,6.0941757173652142
112.032,6.0975486972176824
112.033,6.1009276420149323
112.03400000000001,6.1043125163871945
112.035,6.107703284949606
112.036,6.1110999123030574
112.03700000000001,6.1145023630350108
112.038,6.1179106017203146
112.039,6.1213245929220523
112.03999999999999,6.1247443011923401
112.041,6.1281696910731664
112.042,6.1316007270971822
112.04300000000001,6.1350373737885411
112.044,6.1384795956637159
112.045,6.1419273572322659
112.04599999999999,6.1453806229977017
112.047,6.1488393574582592
112.048,6.1523035251076958
112.04900000000001,6.155773090436119
112.05,6.1592480179307714
112.051,6.1627282720768068
112.05199999999999,6.1662138173581305
112.053,6.1697046182581552
112.054,6.1732006392605827
112.05500000000001,6.1767018448502311
112.056,6.1802081995137836
112.057,6.1837196677405917
112.05799999999999,6.1872362140234181
112.059,6.190757802859272
112.06,6.1942843987501348
112.06100000000001,6.197815966203736
112.062,6.2013524697343518
112.063,6.2048938738635471
112.06399999999999,6.2084401431209244
112.065,6.2119912420449275
112.066,6.2155471351835692
112.06700000000001,6.2191077870951696
112.068,6.2226731623491585
112.069,6.2262432255267823
112.06999999999999,6.2298179412218584
112.071,6.2333972740415353
112.072,6.2369811886070181
112.07300000000001,6.240569649554315
112.074,6.2441626215349526
112.075,6.2477600692167368
112.07599999999999,6.2513619572844679
112.077,6.2549682504406512
112.078,6.2585789134062475
112.07900000000001,6.2621939109213844
112.08,6.2658132077460467
112.081,6.2694367686608325
112.08199999999999,6.2730645584676443
112.083,6.276696541990372
112.084,6.2803326840756446
112.08500000000001,6.2839729495935028
112.086,6.287617303438088
112.087,6.2912657105283625
112.08799999999999,6.2949181358087891
112.089,6.2985745442500241
112.09,6.3022349008495766
112.09099999999999,6.3058991706325322
112.092,6.3095673186522134
112.093,6.3132393099908279
112.09399999999999,6.3169151097601919
112.095,6.3205946831023647
112.096,6.3242779951903074
112.09699999999999,6.3279650112285752
112.098,6.3316556964539581
112.099,6.3353500161361236
112.09999999999999,6.3390479355782938
112.101,6.3427494201178902
112.102,6.3464544351271464
112.10299999999999,6.3501629460137927
112.104,6.3538749182216705
112.105,6.3575903172313755
112.10599999999999,6.3613091085608655
112.107,6.3650312577661268
112.108,6.3687567304417776
112.10899999999999,6.3724854922216689
112.11,6.3762175087795363
112.111,6.3799527458296073
112.11199999999999,6.3836911691271681
112.113,6.3874327444692325
112.114,6.3911774376951129
112.11499999999999,6.3949252146869977
112.116,6.3986760413705923
112.117,6.4024298837156834
112.11799999999999,6.4061867077367154
112.119,6.4099464794934047
112.12,6.4137091650913041
112.121,6.4174747306823843
112.122,6.421243142465582
112.123,6.4250143666874155
112.124,6.4287883696425165
112.125,6.4325651176741889
112.126,6.4363445771749941
112.127,6.4401267145872918
112.128,6.4439114964037643
112.129,6.4476988891680111
112.13,6.4514888594750648
112.131,6.455281373971915
112.13200000000001,6.4590763993580804
112.133,6.4628739023861179
112.134,6.4666738498621577
112.13500000000001,6.4704762086463994
112.136,6.4742809456536836
112.137,6.4780880278539739
112.13800000000001,6.481897422272862
112.139,6.4857090959920995
112.14,6.4895230161500992
112.14100000000001,6.4933391499424093
112.142,6.4971574646222434
112.143,6.5009779275009647
112.14400000000001,6.5048005059485456
112.145,6.508625167394098
112.146,6.5124518793263322
112.14700000000001,6.5162806092940153
112.148,6.5201113249064839
112.149,6.5239439938340835
112.15000000000001,6.5277785838086508
112.151,6.5316150626239482
112.152,6.5354533981361609
112.15300000000001,6.5392935582643288
112.154,6.5431355109907727
112.155,6.5469792243615919
112.15600000000001,6.5508246664870722
112.157,6.5546718055421094
112.158,6.5585206097666839
112.15900000000001,6.5623710474662653
112.16,6.5662230870122311
112.161,6.5700766968423023
112.16200000000001,6.5739318454609714
112.163,6.5777885014398745
112.164,6.5816466334182504
112.16499999999999,6.5855062101033166
112.166,6.5893672002706873
112.167,6.593229572764737
112.16800000000001,6.597093296499045
112.169,6.6009583404567538
112.17,6.6048246736909411
112.17099999999999,6.6086922653250424
112.172,6.6125610845532048
112.173,6.616431100640642
112.17400000000001,6.6203022829240403
112.175,6.624174600811914
112.176,6.6280480237849373
112.17699999999999,6.6319225213963424
112.178,6.6357980632722589
112.179,6.6396746191120419
112.18000000000001,6.6435521586886477
112.181,6.6474306518489632
112.182,6.6513100685141469
112.18299999999999,6.6551903786799427
112.184,6.6590715524170356
112.185,6.6629535598713741
112.18600000000001,6.6668363712644654
112.187,6.6707199568937279
112.188,6.6746042871327864
112.18899999999999,6.6784893324317673
112.19,6.6823750633176395
112.191,6.686261450394495
112.19200000000001,6.690148464343828
112.193,6.6940360759248687
112.194,6.6979242559748533
112.19499999999999,6.7018129754092852
112.196,6.7057022052222628
112.197,6.7095919164867261
112.19800000000001,6.7134820803547441
112.199,6.7173726680577595
112.2,6.7212636509068959
112.20099999999999,6.7251550002931886
112.202,6.7290466876878456
112.203,6.732938684642507
112.20400000000001,6.7368309627895115
112.205,6.7407234938421015
112.206,6.7446162495946984
112.20699999999999,6.7485092019231478
112.208,6.7524023227849046
112.209,6.7562955842193224
112.21000000000001,6.7601889583478512
112.211,6.764082417374242
112.212,6.7679759335848075
112.21299999999999,6.7718694793486041
112.214,6.7757630271176694
112.215,6.7796565494271803
112.21599999999999,6.7835500188957196
112.217,6.7874434082254398
112.218,6.7913366902022476
112.21899999999999,6.7952298376960272
112.22,6.7991228236608148
112.221,6.8030156211349571
112.22199999999999,6.8069082032413402
112.223,6.8108005431875354
112.224,6.8146926142659572
112.22499999999999,6.8185843898540712
112.226,6.8224758434145425
112.227,6.8263669484953677
112.22799999999999,6.8302576787300815
112.229,6.8341480078378787
112.23,6.838037909623786
112.23099999999999,6.8419273579787605
112.232,6.8458163268798993
112.233,6.8497047903905379
112.23399999999999,6.8535927226603768
112.235,6.8574800979256452
112.236,6.8613668905092124
112.23699999999999,6.8652530748206955
112.238,6.8691386253566105
112.239,6.8730235167004734
112.23999999999999,6.8769077235229013
112.241,6.880791220581747
112.242,6.8846739827221954
112.24299999999999,6.8885559848768425
112.244,6.8924372020658309
112.245,6.8963176093969292
112.246,6.9001971820656189
112.247,6.904075895355172
112.248,6.9079537246367675
112.249,6.9118306453695526
112.25,6.9157066331006991
112.251,6.9195816634655243
112.252,6.92345571218753
112.253,6.9273287550784612
112.254,6.9312007680383951
112.255,6.9350717270557967
112.256,6.9389416082075455
112.25700000000001,6.9428103876590299
112.258,6.9466780416641702
112.259,6.9505445465654789
112.26000000000001,6.9544098787940767
112.261,6.9582740148697733
112.262,6.9621369314010781
112.26300000000001,6.9659986050852183
112.264,6.9698590127082101
112.265,6.9737181311448539
112.26600000000001,6.977575937358746
112.267,6.9814324084023403
112.268,6.9852875214169332
112.26900000000001,6.9891412536326705
112.27,6.9929935823685803
112.271,6.9968444850325771
112.27200000000001,7.0006939391214331
112.273,7.0045419222208194
112.274,7.0083884120052815
112.27500000000001,7.012233386238238
112.276,7.0160768227719545
112.277,7.0199186995475582
112.27800000000001,7.0237589945950178
112.279,7.0275976860330882
112.28,7.0314347520693357
112.28100000000001,7.0352701710000982
112.282,7.0391039212104261
112.283,7.0429359811741001
112.28400000000001,7.0467663294535674
112.285,7.0505949446998972
112.286,7.0544218056527654
112.28700000000001,7.0582468911404046
112.288,7.0620701800795267
112.289,7.0658916514753232
112.28999999999999,7.0697112844213779
112.291,7.0735290580996324
112.292,7.0773449517802911
112.29300000000001,7.0811589448218095
112.294,7.0849710166708144
112.295,7.0887811468620008
112.29599999999999,7.0925893150181132
112.297,7.096395500849856
112.298,7.1001996841557888
112.29900000000001,7.1040018448223003
112.3,7.1078019628234914
112.301,7.1116000182210879
112.30199999999999,7.1153959911643865
112.303,7.1191898618901428
112.304,7.1229816107224675
112.30500000000001,7.1267712180727631
112.306,7.1305586644396115
112.307,7.1343439304086749
112.30799999999999,7.1381269966525753
112.309,7.1419078439308281
112.31,7.1456864530897128
112.31100000000001,7.149462805062142
112.312,7.1532368808675955
112.313,7.1570086616119717
112.31399999999999,7.1607781284874656
112.315,7.1645452627724779
112.316,7.1683100458314746
112.31700000000001,7.1720724591148457
112.318,7.1758324841588097
112.319,7.179590102585272
112.31999999999999,7.1833452961016668
112.321,7.1870980465008651
112.322,7.1908483356610065
112.32300000000001,7.1945961455453835
112.324,7.198341458202254
112.325,7.2020842557647553
112.32599999999999,7.2058245204507312
112.327,7.2095622345625587
112.328,7.2132973804870417
112.32900000000001,7.2170299406952374
112.33,7.220759897742278
112.331,7.2244872342672561
112.33199999999999,7.2282119329930392
112.333,7.2319339767260944
112.334,7.2356533483563599
112.33500000000001,7.2393700308570574
112.336,7.2430840072845095
112.337,7.2467952607780006
112.33799999999999,7.2505037745595846
112.339,7.2542095319339159
112.34,7.2579125162880551
112.34099999999999,7.261612711091324
112.342,7.2653100998951032
112.343,7.2690046663326351
112.34399999999999,7.2726963941188743
112.345,7.2763852670502791
112.346,7.2800712690046137
112.34699999999999,7.283754383940777
112.348,7.2874345958986186
112.349,7.2911118889986923
112.34999999999999,7.2947862474421274
112.351,7.2984576555103944
112.352,7.3021260975650888
112.35299999999999,7.3057915580477726
112.354,7.3094540214797394
112.355,7.3131134724618256
112.35599999999999,7.3167698956741773
112.357,7.320423275876081
112.358,7.3240735979057261
112.35899999999999,7.3277208466799868
112.36,7.3313650071942389
112.361,7.33500606452212
112.36199999999999,7.3386440038153076
112.363,7.3422788103033252
112.364,7.3459104692933082
112.36499999999999,7.3495389661697672
112.366,7.3531642863943967
112.367,7.3567864155058329
112.36799999999999,7.36040533911941
112.369,7.364021042926967
112.37,7.3676335126965968
112.371,7.3712427342724274
112.372,7.3748486935743625
112.373,7.3784513765978881
112.374,7.3820507694138131
112.375,7.3856468581680215
112.376,7.3892396290812714
112.377,7.3928290684489317
112.378,7.3964151626407277
112.379,7.3999978981005325
112.38,7.4035772613461113
112.381,7.4071532389688555
112.38200000000001,7.4107258176335726
112.383,7.414294984078218
112.384,7.4178607251136564
112.38500000000001,7.4214230276233906
112.386,7.4249818785633481
112.387,7.4285372649616086
112.38800000000001,7.4320891739181398
112.389,7.4356375926045697
112.39,7.4391825082639205
112.39100000000001,7.442723908210338
112.392,7.4462617798288617
112.393,7.4497961105751589
112.39400000000001,7.4533268879752361
112.395,7.4568540996252279
112.396,7.460377733191109
112.39700000000001,7.4638977764084178
112.398,7.4674142170820312
112.399,7.4709270430858687
112.40000000000001,7.4744362423626525
112.401,7.4779418029236089
112.402,7.4814437128482387
112.40300000000001,7.484941960284039
112.404,7.4884365334462029
112.405,7.4919274206174071
112.40600000000001,7.495414610147499
112.407,7.4988980904532347
112.408,7.5023778500180223
112.40900000000001,7.5058538773916448
112.41,7.5093261611899642
112.411,7.5127946900946796
112.41200000000001,7.5162594528530535
112.413,7.519720438277588
112.414,7.5231776352458217
112.41499999999999,7.5266310326999974
112.416,7.5300806196468182
112.417,7.5335263851571357
112.41800000000001,7.5369683183657159
112.419,7.5404064084709317
112.42,7.5438406447344768
112.42099999999999,7.5472710164811208
112.422,7.5506975130984024
112.423,7.5541201240363378
112.42400000000001,7.5575388388071758
112.425,7.5609536469850989
112.426,7.5643645382059148
112.42699999999999,7.5677715021668224
112.428,7.571174528626103
112.429,7.5745736074028205
112.43000000000001,7.5779687283765753
112.431,7.5813598814871916
112.432,7.5847470567344546
112.43299999999999,7.5881302441777905
112.434,7.591509433936027
112.435,7.5948846161870796
112.43600000000001,7.598255781167663
112.437,7.6016229191730238
112.438,7.6049860205566517
112.43899999999999,7.6083450757299644
112.44,7.6117000751620623
112.441,7.615051009379421
112.44200000000001,7.6183978689655891
112.443,7.6217406445609397
112.444,7.6250793268623518
112.44499999999999,7.6284139066229191
112.446,7.6317443746516949
112.447,7.6350707218133751
112.44800000000001,7.6383929390280292
112.449,7.6417110172707856
112.45,7.6450249475715761
112.45099999999999,7.6483347210148329
112.452,7.6516403287391874
112.453,7.6549417619372093
112.45400000000001,7.6582390118551071
112.455,7.6615320697924183
112.456,7.6648209271017587
112.45699999999999,7.6681055751885161
112.458,7.6713860055105476
112.459,7.6746622095779173
112.46000000000001,7.677934178952607
112.461,7.6812019052481961
112.462,7.6844653801296161
112.46299999999999,7.6877245953128375
112.464,7.690979542564599
112.465,7.6942302137020846
112.46599999999999,7.6974766005926902
112.467,7.7007186951537001
112.468,7.7039564893520014
112.46899999999999,7.7071899752038107
112.47,7.7104191447743942
112.471,7.7136439901777454
112.47199999999999,7.7168645035763435
112.473,7.7200806771808468
112.474,7.7232925032497972
112.47499999999999,7.7264999740893572
112.476,7.729703082053021
112.477,7.7329018195413024
112.47799999999999,7.7360961790014962
112.479,7.7392861529273578
112.48,7.7424717338588431
112.48099999999999,7.745652914381802
112.482,7.7488296871277216
112.483,7.7520020447734304
112.48399999999999,7.7551699800408045
112.485,7.7583334856965225
112.486,7.7614925545517499
112.48699999999999,7.7646471794618606
112.488,7.7677973533261842
112.489,7.7709430690877079
112.48999999999999,7.7740843197327809
112.491,7.7772210982908723
112.492,7.7803533978342712
112.49299999999999,7.7834812114777989
112.494,7.7866045323785595
112.495,7.789723353735643
112.496,7.7928376687898648
112.497,7.795947470823454
112.498,7.7990527531598346
112.499,7.8021535091633156
112.5,7.8052497322388028
112.501,7.8083414158315678
112.502,7.8114285534269543
112.503,7.8145111385500838
112.504,7.817589164765633
112.505,7.8206626256775236
112.506,7.8237315149286601
112.50700000000001,7.8267958262006738
112.508,7.8298555532136476
112.509,7.8329106897258471
112.51000000000001,7.8359612295334351
112.511,7.8390071664702443
112.512,7.8420484944074857
112.51300000000001,7.8450852072534731
112.514,7.8481172989533867
112.515,7.8511447634890006
112.51600000000001,7.8541675948783949
112.517,7.8571857871757311
112.518,7.8601993344709751
112.51900000000001,7.8632082308896125
112.52,7.8662124705924397
112.521,7.8692120477752621
112.52200000000001,7.8722069566686477
112.523,7.8751971915376728
112.524,7.8781827466816772
112.52500000000001,7.8811636164339864
112.526,7.8841397951616585
112.527,7.8871112772652525
112.52800000000001,7.8900780571785596
112.529,7.8930401293683348
112.53,7.8959974883340829
112.53100000000001,7.898950128607785
112.532,7.9018980447536329
112.533,7.9048412313678194
112.53400000000001,7.9077796830782638
112.535,7.9107133945443655
112.536,7.9136423604567678
112.53700000000001,7.9165665755371144
112.538,7.9194860345377807
112.539,7.9224007322416696
112.53999999999999,7.9253106634619375
112.541,7.9282158230417714
112.542,7.9311162058541278
112.54300000000001,7.9340118068015197
112.544,7.9369026208157649
112.545,7.9397886428577342
112.54599999999999,7.9426698679171475
112.547,7.9455462910123176
112.548,7.9484179071899028
112.54900000000001,7.9512847115247052
112.55,7.9541466991194198
112.551,7.9570038651043982
112.55199999999999,7.9598562046374317
112.553,7.9627037129035214
112.554,7.9655463851146253
112.55500000000001,7.9683842165094694
112.556,7.9712172023532943
112.557,7.9740453379376399
112.55799999999999,7.9768686185801148
112.559,7.9796870396241797
112.56,7.982500596438932
112.56100000000001,7.9853092844188609
112.562,7.9881130989836544
112.563,7.9909120355779724
112.56399999999999,7.9937060896712113
112.565,7.9964952567573127
112.566,7.9992795323545449
112.56700000000001,8.0020589120052605
112.568,8.0048333912757226
112.569,8.007602965755872
112.56999999999999,8.0103676310591059
112.571,8.013127382822093
112.572,8.0158822167045507
112.57300000000001,8.0186321283890365
112.574,8.0213771135807406
112.575,8.0241171680072938
112.57599999999999,8.0268522874185528
112.577,8.0295824675863905
112.578,8.0323077043045057
112.57900000000001,8.0350279933882298
112.58,8.0377433306742958
112.581,8.0404537120206765
112.58199999999999,8.043159133306375
112.583,8.045859590431208
112.584,8.0485550793156406
112.58500000000001,8.0512455959005855
112.586,8.0539311361471881
112.587,8.0566116960366667
112.58799999999999,8.0592872715701063
112.589,8.0619578587682721
112.59,8.0646234536714125
112.59099999999999,8.0672840523390903
112.592,8.0699396508499976
112.593,8.0725902453017397
112.59399999999999,8.0752358318106925
112.595,8.0778764065118089
112.596,8.0805119655584079
112.59699999999999,8.0831425051220478
112.598,8.0857680213923153
112.599,8.0883885105766353
112.59999999999999,8.0910039689001394
112.601,8.0936143926054545
112.602,8.0962197779525376
112.60299999999999,8.0988201212185214
112.604,8.1014154186975151
112.605,8.1040056667004698
112.60599999999999,8.1065908615549631
112.607,8.1091709996050803
112.608,8.1117460772112278
112.60899999999999,8.1143160907499521
112.61,8.1168810366138082
112.611,8.1194409112111821
112.61199999999999,8.1219957109661109
112.613,8.1245454323181647
112.614,8.1270900717222627
112.61499999999999,8.1296296256485014
112.616,8.132164090582032
112.617,8.1346934630228933
112.61799999999999,8.137217739485834
112.619,8.1397369165002029
112.62,8.1422509906097673
112.621,8.1447599583725765
112.622,8.1472638163607982
112.623,8.1497625611605962
112.624,8.1522561893719612
112.625,8.154744697608578
112.626,8.1572280824976762
112.627,8.1597063406799037
112.628,8.1621794688091498
112.629,8.1646474635524484
112.63,8.1671103215898135
112.631,8.1695680396140986
112.63200000000001,8.1720206143308864
112.633,8.1744680424583223
112.634,8.1769103207270071
112.63500000000001,8.1793474458798414
112.636,8.1817794146719152
112.637,8.184206223870369
112.63800000000001,8.1866278702542594
112.639,8.1890443506144379
112.64,8.1914556617534338
112.64100000000001,8.193861800485303
112.642,8.1962627636355379
112.643,8.1986585480409211
112.64400000000001,8.2010491505494016
112.645,8.2034345680199969
112.646,8.2058147973226578
112.64700000000001,8.2081898353381462
112.648,8.2105596789579387
112.649,8.2129243250840904
112.65000000000001,8.2152837706291368
112.651,8.2176380125159625
112.652,8.2199870476777157
112.65300000000001,8.2223308730576754
112.654,8.224669485609148
112.655,8.2270028822953645
112.65600000000001,8.229331060089379
112.657,8.2316540159739393
112.658,8.2339717469414087
112.65900000000001,8.236284249993659
112.66,8.238591522141947
112.661,8.2408935604068354
112.66200000000001,8.2431903618181011
112.663,8.2454819234145909
112.664,8.2477682422441916
112.66499999999999,8.2500493153636789
112.666,8.2523251398386499
112.667,8.2545957127434129
112.66800000000001,8.2568610311609181
112.669,8.2591210921826459
112.67,8.2613758929085215
112.67099999999999,8.2636254304468295
112.672,8.2658697019141378
112.673,8.2681087044351731
112.67400000000001,8.2703424351427834
112.675,8.2725708911778284
112.676,8.2747940696890829
112.67699999999999,8.277011967833193
112.678,8.2792245827745639
112.679,8.2814319116852815
112.68000000000001,8.2836339517450632
112.681,8.285830700141144
112.682,8.2880221540682246
112.68299999999999,8.2902083107283833
112.684,8.2923891673310095
112.685,8.2945647210927369
112.68600000000001,8.2967349692373471
112.687,8.2988999089957289
112.688,8.3010595376057985
112.68899999999999,8.3032138523124139
112.69,8.3053628503673309
112.691,8.307506529029137
112.69200000000001,8.3096448855631628
112.693,8.3117779172414394
112.694,8.3139056213426414
112.69499999999999,8.3160279951519946
112.696,8.3181450359612477
112.697,8.3202567410685973
112.69800000000001,8.3223631077786315
112.699,8.324464133402266
112.7,8.3265598152567026
112.70099999999999,8.328650150665375
112.702,8.3307351369578626
112.703,8.332814771469879
112.70400000000001,8.3348890515432039
112.705,8.336957974525621
112.706,8.3390215377708721
112.70699999999999,8.3410797386386371
112.708,8.3431325744944367
112.709,8.3451800427096252
112.71000000000001,8.3472221406613336
112.711,8.3492588657324127
112.712,8.3512902153114066
112.71299999999999,8.3533161867924992
112.714,8.3553367775754843
112.715,8.3573519850657032
112.71599999999999,8.359361806674027
112.717,8.3613662398168138
112.718,8.3633652819158542
112.71899999999999,8.365358930398358
112.72,8.3673471826969141
112.721,8.3693300362494263
112.72199999999999,8.3713074884991254
112.723,8.3732795368945059
112.724,8.3752461788893005
112.72499999999999,8.3772074119424538
112.726,8.3791632335180939
112.727,8.3811136410854861
112.72799999999999,8.3830586321190381
112.729,8.3849982040982347
112.73,8.3869323545076497
112.73099999999999,8.3888610808368753
112.732,8.3907843805805449
112.733,8.3927022512382905
112.73399999999999,8.3946146903147021
112.735,8.3965216953193362
112.736,8.3984232637666807
112.73699999999999,8.400319393176126
112.738,8.4022100810719742
112.739,8.4040953249833947
112.73999999999999,8.4059751224444064
112.741,8.4078494709938916
112.742,8.4097183681755538
112.74299999999999,8.4115818115378964
112.744,8.4134397986342435
112.745,8.4152923270226978
112.746,8.4171393942661457
112.747,8.4189809979322199
112.748,8.4208171355933281
112.749,8.4226478048266209
112.75,8.4244730032139756
112.751,8.4262927283420126
112.752,8.4281069778020665
112.753,8.4299157491901902
112.754,8.4317190401071649
112.755,8.4335168481584599
112.756,8.4353091709542518
112.75700000000001,8.4370960061094351
112.758,8.4388773512435833
112.759,8.4406532039809932
112.76000000000001,8.4424235619506334
112.761,8.4441884227861959
112.762,8.4459477841260586
112.76300000000001,8.4477016436133052
112.764,8.4494499988957266
112.765,8.4511928476258262
112.76600000000001,8.4529301874608098
112.767,8.4546620160626098
112.768,8.4563883310978838
112.76900000000001,8.4581091302380127
112.77,8.4598244111591168
112.771,8.4615341715420715
112.77200000000001,8.4632384090724884
112.773,8.4649371214407552
112.774,8.4666303063420365
112.77500000000001,8.46831796147627
112.776,8.4700000845481913
112.777,8.4716766732673516
112.77800000000001,8.4733477253481162
112.779,8.4750132385096855
112.78,8.4766732104761058
112.78100000000001,8.478327638976296
112.782,8.4799765217440388
112.783,8.4816198565180194
112.78400000000001,8.4832576410418454
112.785,8.4848898730640272
112.786,8.4865165503380453
112.78700000000001,8.4881376706223381
112.788,8.4897532316803233
112.789,8.4913632312804328
112.78999999999999,8.4929676671961172
112.791,8.4945665372058787
112.792,8.4961598390932789
112.79300000000001,8.4977475706469825
112.794,8.4993297296607579
112.795,8.5009063139335161
112.79599999999999,8.5024773212693212
112.797,8.5040427494774384
112.798,8.5056025963723272
112.79900000000001,8.5071568597736906
112.8,8.5087055375065042
112.801,8.5102486274010207
112.80199999999999,8.5117861272928117
112.803,8.5133180350228077
112.804,8.5148443484372933
112.80500000000001,8.516365065387971
112.806,8.5178801837319789
112.807,8.5193897013319013
112.80799999999999,8.5208936160558313
112.809,8.5223919257773844
112.81,8.523884628375729
112.81100000000001,8.5253717217356204
112.812,8.5268532037474412
112.813,8.528329072307228
112.81399999999999,8.5297993253166933
112.815,8.5312639606832903
112.816,8.532722976320219
112.81700000000001,8.534176370146465
112.818,8.5356241400868544
112.819,8.5370662840720684
112.81999999999999,8.5385028000386853
112.821,8.5399336859292241
112.822,8.5413589396921701
112.82300000000001,8.5427785592820378
112.824,8.544192542659367
112.825,8.5456008877907976
112.82599999999999,8.5470035926491015
112.827,8.5484006552132037
112.828,8.549792073468236
112.82900000000001,8.55117784540559
112.83,8.5525579690229279
112.831,8.5539324423242427
112.83199999999999,8.555301263319901
112.833,8.5566644300266734
112.834,8.5580219404677855
112.83500000000001,8.5593737926729609
112.836,8.5607199846784496
112.837,8.5620605145270936
112.83799999999999,8.56339538026835
112.839,8.5647245799583516
112.84,8.5660481116599314
112.84099999999999,8.5673659734426906
112.842,8.5686781633830229
112.843,8.5699846795641683
112.84399999999999,8.5712855200762661
112.845,8.5725806830163833
112.846,8.5738701664885753
112.84699999999999,8.5751539686039226
112.848,8.5764320874805904
112.849,8.5777045212438559
112.84999999999999,8.5789712680261783
112.851,8.5802323259672253
112.852,8.5814876932139299
112.85299999999999,8.5827373679205436
112.854,8.5839813482486829
112.855,8.5852196323673677
112.85599999999999,8.5864522184530792
112.857,8.5876791046898049
112.858,8.5889002892690982
112.85899999999999,8.5901157703901099
112.86,8.5913255462596521
112.861,8.5925296150922481
112.86199999999999,8.5937279751101698
112.863,8.5949206245434997
112.864,8.5961075616301894
112.86499999999999,8.5972887846160795
112.866,8.5984642917549898
112.867,8.5996340813087464
112.86799999999999,8.6007981515472274
112.869,8.6019565007484431
112.87,8.6031091271985574
112.871,8.6042560291919621
112.872,8.605397205031311
112.873,8.606532653027589
112.874,8.6076623715001546
112.875,8.6087863587767934
112.876,8.6099046131937715
112.877,8.6110171330958956
112.878,8.612123916836552
112.879,8.6132249627777746
112.88,8.6143202692902889
112.881,8.6154098347535655
112.88200000000001,8.6164936575558855
112.883,8.6175717360943711
112.884,8.6186440687750761
112.88500000000001,8.6197106540129926
112.886,8.6207714902321495
112.887,8.6218265758656401
112.88800000000001,8.6228759093556828
112.889,8.6239194891536801
112.89,8.6249573137202731
112.89100000000001,8.6259893815253843
112.892,8.6270156910482854
112.893,8.6280362407776536
112.89400000000001,8.6290510292116096
112.895,8.6300600548577933
112.896,8.6310633162334085
112.89700000000001,8.6320608118652693
112.898,8.6330525402898761
112.899,8.6340385000534532
112.90000000000001,8.6350186897120125
112.901,8.6359931078314052
112.902,8.6369617529873786
112.90300000000001,8.6379246237656364
112.904,8.638881718761878
112.905,8.6398330365818765
112.90600000000001,8.6407785758415194
112.907,8.6417183351668605
112.908,8.6426523131941924
112.90900000000001,8.6435805085700874
112.91,8.6445029199514565
112.911,8.6454195460056056
112.91200000000001,8.6463303854102911
112.913,8.6472354368537818
112.914,8.6481346990349017
112.91499999999999,8.6490281706630938
112.916,8.6499158504584788
112.917,8.650797737151894
112.91800000000001,8.6516738294849702
112.919,8.6525441262101772
112.92,8.6534086260908722
112.92099999999999,8.6542673279013691
112.922,8.6551202304269843
112.923,8.655967332464094
112.92400000000001,8.6568086328201872
112.925,8.6576441303139333
112.926,8.6584738237752141
112.92699999999999,8.6592977120452055
112.928,8.6601157939764093
112.929,8.6609280684327228
112.93000000000001,8.6617345342894865
112.931,8.6625351904335464
112.932,8.6633300357632983
112.93299999999999,8.6641190691887466
112.934,8.6649022896315628
112.935,8.6656796960251441
112.93600000000001,8.6664512873146506
112.937,8.6672170624570679
112.938,8.6679770204212776
112.93899999999999,8.6687311601880808
112.94,8.6694794807502777
112.941,8.6702219811127126
112.94200000000001,8.6709586602923228
112.943,8.671689517318196
112.944,8.6724145512316309
112.94499999999999,8.6731337610861772
112.946,8.6738471459476969
112.947,8.6745547048944225
112.94800000000001,8.6752564370170013
112.949,8.675952341418542
112.95,8.6766424172146923
112.95099999999999,8.6773266635336626
112.952,8.6780050795162964
112.953,8.6786776643161225
112.95400000000001,8.6793444170993936
112.955,8.680005337045154
112.956,8.6806604233452838
112.95699999999999,8.6813096752045507
112.958,8.6819530918406613
112.959,8.6825906724843165
112.96000000000001,8.6832224163792606
112.961,8.6838483227823318
112.962,8.6844683909635059
112.96299999999999,8.6850826202059661
112.964,8.6856910098061384
112.965,8.6862935590737393
112.96599999999999,8.6868902673318402
112.967,8.6874811339169078
112.968,8.6880661581788505
112.96899999999999,8.6886453394810772
112.97,8.6892186772005466
112.971,8.6897861707278068
112.97199999999999,8.6903478194670534
112.973,8.6909036228361742
112.974,8.6914535802667992
112.97499999999999,8.6919976912043531
112.976,8.6925359551080899
112.977,8.6930683714511616
112.97799999999999,8.6935949397206471
112.979,8.6941156594176121
112.98,8.6946305300571538
112.98099999999999,8.6951395511684346
112.982,8.6956427222947568
112.983,8.6961400429935871
112.98399999999999,8.6966315128366034
112.985,8.6971171314097582
112.986,8.6975968983133072
112.98699999999999,8.6980708131618627
112.988,8.6985388755844397
112.989,8.6990010852245003
112.98999999999999,8.6994574417399946
112.991,8.699907944803412
112.992,8.7003525941018278
112.99299999999999,8.7007913893369366
112.994,8.7012243302251058
112.995,8.7016514164974126
112.996,8.7020726478997013
112.997,8.7024880241926077
112.998,8.70289754515162
112.999,8.7033012105671048
113,8.7036990202443647
113.001,8.7040909740036732
113.002,8.7044770716803193
113.003,8.7048573131246432
113.004,8.7052316982020876
113.005,8.7056002267932371
113.006,8.7059628987938495
113.00700000000001,8.7063197141149047
113.008,8.7066706726826517
113.009,8.7070157744386272
113.01000000000001,8.7073550193397296
113.011,8.7076884073582193
113.012,8.7080159384817879
113.01300000000001,8.708337612713585
113.014,8.7086534300722587
113.015,8.7089633905919932
113.01600000000001,8.7092674943225532
113.017,8.7095657413293104
113.018,8.709858131693295
113.01900000000001,8.7101446655112156
113.02,8.7104253428955225
113.021,8.7107001639744119
113.02200000000001,8.7109691288918896
113.023,8.7112322378077955
113.024,8.7114894908978364
113.02500000000001,8.7117408883536349
113.026,8.7119864303827477
113.027,8.7122261172087132
113.02800000000001,8.7124599490710786
113.029,8.7126879262254402
113.03,8.7129100489434776
113.03100000000001,8.7131263175129803
113.032,8.7133367322378881
113.033,8.7135412934383218
113.03400000000001,8.7137400014506188
113.035,8.7139328566273591
113.036,8.7141198593373996
113.03700000000001,8.7143010099659186
113.038,8.7144763089144313
113.039,8.7146457566008202
113.03999999999999,8.7148093534593833
113.041,8.7149670999408499
113.042,8.7151189965124143
113.04300000000001,8.7152650436577659
113.044,8.7154052418771233
113.045,8.7155395916872642
113.04599999999999,8.715668093621538
113.047,8.7157907482299208
113.048,8.7159075560790171
113.04900000000001,8.7160185177521186
113.05,8.7161236338491932
113.051,8.7162229049869495
113.05199999999999,8.716316331798847
113.053,8.7164039149351087
113.054,8.7164856550627885
113.05500000000001,8.7165615528657465
113.056,8.7166316090447147
113.057,8.7166958243173127
113.05799999999999,8.7167541994180464
113.059,8.7168067350983733
113.06,8.7168534321267046
113.06100000000001,8.7168942912884333
113.062,8.7169293133859469
113.063,8.7169584992386753
113.06399999999999,8.716981849683096
113.065,8.7169993655727556
113.066,8.7170110477783034
113.06700000000001,8.7170168971875128
113.068,8.7170169147052849
113.069,8.7170111012536928
113.06999999999999,8.7169994577719905
113.071,8.7169819852166359
113.072,8.7169586845613143
113.07300000000001,8.7169295567969538
113.074,8.7168946029317489
113.075,8.7168538239911761
113.07599999999999,8.7168072210180121
113.077,8.7167547950723652
113.078,8.7166965472316722
113.07900000000001,8.7166324785907374
113.08,8.7165625902617379
113.081,8.7164868833742446
113.08199999999999,8.7164053590752353
113.083,8.7163180185291189
113.084,8.7162248629177519
113.08500000000001,8.7161258934404344
113.086,8.7160211113139585
113.087,8.7159105177726026
113.08799999999999,8.7157941140681441
113.089,8.7156719014698822
113.09,8.715543881264658
113.09099999999999,8.7154100547568518
113.092,8.7152704232684055
113.093,8.7151249881388431
113.09399999999999,8.7149737507252709
113.095,8.7148167124023956
113.096,8.7146538745625364
113.09699999999999,8.7144852386156408
113.098,8.7143108059892889
113.099,8.7141305781287031
113.09999999999999,8.7139445564967755
113.101,8.7137527425740551
113.102,8.713555137858771
113.10299999999999,8.7133517438668449
113.104,8.7131425621318961
113.105,8.7129275942052438
113.10599999999999,8.7127068416559332
113.107,8.7124803060707166
113.108,8.7122479890540951
113.10899999999999,8.712009892228302
113.11,8.7117660172333125
113.111,8.7115163657268653
113.11199999999999,8.7112609393844558
113.113,8.7109997398993411
113.114,8.710732768982556
113.11499999999999,8.7104600283629132
113.116,8.7101815197870103
113.117,8.7098972450192278
113.11799999999999,8.7096072058417455
113.119,8.7093114040545352
113.12,8.7090098414753783
113.121,8.7087025199398482
113.122,8.708389441301339
113.123,8.7080706074310505
113.124,8.7077460202179964
113.125,8.7074156815690031
113.126,8.707079593408718
113.127,8.7067377576796083
113.128,8.7063901763419587
113.129,8.7060368513738791
113.13,8.7056777847712929
113.131,8.7053129785479584
113.13200000000001,8.7049424347354378
113.133,8.7045661553831319
113.134,8.7041841425582529
113.13500000000001,8.7037963983458297
113.136,8.7034029248487172
113.137,8.7030037241875782
113.13800000000001,8.7025987985008904
113.139,8.7021881499449485
113.14,8.7017717806938464
113.14100000000001,8.7013496929394876
113.142,8.7009218888915782
113.143,8.7004883707776166
113.14400000000001,8.7000491408429035
113.145,8.6996042013505175
113.146,8.6991535545813274
113.14700000000001,8.69869720283398
113.148,8.6982351484248959
113.149,8.6977673936882631
113.15000000000001,8.6972939409760208
113.151,8.696814792657884
113.152,8.6963299511212941
113.15300000000001,8.6958394187714418
113.154,8.6953431980312601
113.155,8.6948412913413886
113.15600000000001,8.6943337011601987
113.157,8.6938204299637647
113.158,8.6933014802458644
113.15900000000001,8.6927768545179589
113.16,8.6922465553092003
113.161,8.6917105851664047
113.16200000000001,8.691168946654054
113.163,8.6906216423542837
113.164,8.6900686748668612
113.16499999999999,8.6895100468091897
113.166,8.6889457608162921
113.167,8.6883758195407914
113.16800000000001,8.6878002256529125
113.169,8.6872189818404539
113.17,8.6866320908087946
113.17099999999999,8.6860395552808605
113.172,8.685441377997126
113.173,8.6848375617155966
113.17400000000001,8.6842281092117855
113.175,8.683613023278717
113.176,8.6829923067269021
113.17699999999999,8.6823659623843206
113.178,8.6817339930964081
113.179,8.6810964017260499
113.18000000000001,8.6804531911535516
113.181,8.6798043642766345
113.182,8.6791499240104066
113.18299999999999,8.6784898732873614
113.184,8.6778242150573455
113.185,8.6771529522875532
113.18600000000001,8.6764760879625129
113.187,8.6757936250840437
113.188,8.6751055666712666
113.18899999999999,8.6744119157605724
113.19,8.6737126754056089
113.191,8.6730078486772442
113.19200000000001,8.6722974386635787
113.193,8.6715814484698939
113.194,8.6708598812186537
113.19499999999999,8.6701327400494748
113.196,8.6694000281191119
113.197,8.6686617486014264
113.19800000000001,8.667917904687382
113.199,8.66716849958501
113.2,8.6664135365193857
113.20099999999999,8.6656530187326197
113.202,8.6648869494838294
113.203,8.6641153320491071
113.20400000000001,8.6633381697215164
113.205,8.6625554658110531
113.206,8.6617672236446293
113.20699999999999,8.6609734465660431
113.208,8.660174137935968
113.209,8.6593693011319139
113.21000000000001,8.6585589395482074
113.211,8.6577430565959812
113.212,8.6569216557031226
113.21299999999999,8.6560947403142681
113.214,8.6552623138907734
113.215,8.6544243799106937
113.21599999999999,8.6535809418687322
113.217,8.6527320032762507
113.218,8.651877567661213
113.21899999999999,8.6510176385681739
113.22,8.650152219558251
113.221,8.6492813142090874
113.22199999999999,8.6484049261148375
113.223,8.6475230588861258
113.224,8.6466357161500369
113.22499999999999,8.6457429015500598
113.226,8.6448446187460846
113.227,8.6439408714143688
113.22799999999999,8.6430316632474966
113.229,8.6421169979543517
113.23,8.6411968792601037
113.23099999999999,8.6402713109061651
113.232,8.639340296650154
113.233,8.6384038402658767
113.23399999999999,8.6374619455433042
113.235,8.63651461628851
113.236,8.635561856323676
113.23699999999999,8.6346036694870314
113.238,8.6336400596328478
113.239,8.6326710306313821
113.23999999999999,8.6316965863688573
113.241,8.630716730747432
113.242,8.6297314676851649
113.24299999999999,8.6287408011159741
113.244,8.6277447349896228
113.245,8.6267432732716642
113.246,8.6257364199434186
113.247,8.6247241790019515
113.248,8.6237065544600142
113.249,8.6226835503460251
113.25,8.6216551707040416
113.251,8.6206214195937072
113.252,8.6195823010902295
113.253,8.6185378192843451
113.254,8.6174879782822789
113.255,8.6164327822057043
113.256,8.6153722351917228
113.25700000000001,8.6143063413928189
113.258,8.6132351049768161
113.259,8.61215853012685
113.26000000000001,8.6110766210413381
113.261,8.6099893819339322
113.262,8.6088968170334716
113.26300000000001,8.6077989305839786
113.264,8.6066957268445865
113.265,8.6055872100895137
113.26600000000001,8.6044733846080419
113.267,8.6033542547044544
113.268,8.6022298246980036
113.26900000000001,8.6011000989228883
113.27,8.599965081728195
113.271,8.5988247774778657
113.27200000000001,8.5976791905506715
113.273,8.5965283253401488
113.274,8.5953721862545791
113.27500000000001,8.5942107777169419
113.276,8.5930441041648749
113.277,8.5918721700506389
113.27800000000001,8.5906949798410679
113.279,8.5895125380175408
113.28,8.5883248490759367
113.28100000000001,8.5871319175265768
113.282,8.5859337478942095
113.283,8.5847303447179613
113.28400000000001,8.5835217125512813
113.285,8.5823078559619184
113.286,8.5810887795318713
113.28700000000001,8.5798644878573374
113.288,8.5786349855486925
113.289,8.5774002772304314
113.28999999999999,8.576160367541128
113.291,8.5749152611333876
113.292,8.5736649626738295
113.29300000000001,8.5724094768430117
113.294,8.5711488083354013
113.295,8.5698829618593422
113.29599999999999,8.5686119421369895
113.297,8.5673357539042811
113.298,8.5660544019108968
113.29900000000001,8.5647678909201979
113.3,8.5634762257091879
113.301,8.5621794110684952
113.30199999999999,8.5608774518022841
113.303,8.5595703527282438
113.304,8.5582581186775286
113.30500000000001,8.5569407544947165
113.306,8.5556182650377668
113.307,8.5542906551779652
113.30799999999999,8.5529579297998968
113.309,8.5516200938013771
113.31,8.5502771520934289
113.31100000000001,8.5489291096002162
113.312,8.5475759712590182
113.313,8.546217742020163
113.31399999999999,8.5448544268469995
113.315,8.5434860307158349
113.316,8.5421125586158979
113.31700000000001,8.540734015549301
113.318,8.5393504065309642
113.319,8.5379617365885956
113.31999999999999,8.5365680107626432
113.321,8.535169234106224
113.322,8.5337654116851045
113.32300000000001,8.532356548577626
113.324,8.5309426498746941
113.325,8.5295237206796912
113.32599999999999,8.5280997661084452
113.327,8.5266707912891988
113.328,8.5252368013625279
113.32900000000001,8.5237978014813116
113.33,8.5223537968106982
113.331,8.5209047925280181
113.33199999999999,8.519450793822779
113.333,8.5179918058965853
113.334,8.5165278339630941
113.33500000000001,8.5150588832479883
113.336,8.5135849589889006
113.337,8.512106066435372
113.33799999999999,8.510622210848819
113.339,8.5091333975024508
113.34,8.5076396316812612
113.34099999999999,8.5061409186819432
113.342,8.5046372638128531
113.343,8.5031286723939701
113.34399999999999,8.5016151497568302
113.345,8.5000967012444821
113.346,8.4985733322114427
113.34699999999999,8.4970450480236419
113.348,8.4955118540583641
113.349,8.4939737557042179
113.34999999999999,8.4924307583610652
113.351,8.4908828674399821
113.352,8.4893300883632037
113.35299999999999,8.4877724265640762
113.354,8.4862098874870036
113.355,8.4846424765873927
113.35599999999999,8.4830701993316175
113.357,8.4814930611969483
113.358,8.4799110676715088
113.35899999999999,8.4783242242542318
113.36,8.4767325364547936
113.361,8.4751360097935766
113.36199999999999,8.4735346498016071
113.363,8.4719284620205109
113.364,8.4703174520024476
113.36499999999999,8.4687016253100857
113.366,8.4670809875165229
113.367,8.465455544205243
113.36799999999999,8.4638253009700826
113.369,8.4621902634151418
113.37,8.4605504371547688
113.371,8.4589058278134814
113.372,8.4572564410259297
113.373,8.4556022824368391
113.374,8.4539433577009522
113.375,8.4522796724829909
113.376,8.4506112324575859
113.377,8.44893804330923
113.378,8.4472601107322447
113.379,8.4455774404306965
113.38,8.4438900381183508
113.381,8.4421979095186508
113.38200000000001,8.440501060364614
113.383,8.4387994963988202
113.384,8.4370932233733384
113.38500000000001,8.435382247049688
113.386,8.4336665731987601
113.387,8.4319462076007916
113.38800000000001,8.4302211560452971
113.389,8.4284914243310212
113.39,8.426757018265878
113.39100000000001,8.4250179436669121
113.392,8.4232742063602295
113.393,8.4215258121809491
113.39400000000001,8.4197727669731535
113.395,8.4180150765898354
113.396,8.4162527468928303
113.39700000000001,8.4144857837527862
113.398,8.4127141930490943
113.399,8.4109379806698286
113.40000000000001,8.4091571525117068
113.401,8.4073717144800426
113.402,8.4055816724886689
113.40300000000001,8.4037870324598902
113.404,8.4019878003244539
113.405,8.4001839820214563
113.40600000000001,8.3983755834983214
113.407,8.3965626107107276
113.408,8.3947450696225729
113.40900000000001,8.3929229662058873
113.41,8.3910963064408239
113.411,8.3892650963155653
113.41200000000001,8.3874293418262873
113.413,8.3855890489771099
113.414,8.383744223780031
113.41499999999999,8.3818948722548754
113.416,8.3800410004292427
113.417,8.3781826143384635
113.41800000000001,8.3763197200255171
113.419,8.3744523235410107
113.42,8.3725804309431027
113.42099999999999,8.3707040482974531
113.422,8.3688231816771737
113.423,8.3669378371627765
113.42400000000001,8.365048020842103
113.425,8.3631537388102934
113.426,8.3612549971697163
113.42699999999999,8.3593518020299129
113.428,8.3574441595075566
113.429,8.3555320757263871
113.43000000000001,8.3536155568171608
113.431,8.3516946089175921
113.432,8.3497692381723034
113.43299999999999,8.347839450732776
113.434,8.3459052527572837
113.435,8.3439666504108452
113.43600000000001,8.342023649865169
113.437,8.3400762572986089
113.438,8.3381244788960789
113.43899999999999,8.3361683208490476
113.44,8.3342077893554354
113.441,8.3322428906195896
113.44200000000001,8.3302736308522327
113.443,8.3283000162703793
113.444,8.3263220530973072
113.44499999999999,8.3243397475625063
113.446,8.3223531059016089
113.447,8.3203621343563334
113.44800000000001,8.3183668391744519
113.449,8.3163672266097173
113.45,8.314363302921814
113.45099999999999,8.3123550743763026
113.452,8.3103425472445736
113.453,8.3083257278037905
113.45400000000001,8.3063046223368158
113.455,8.3042792371321994
113.456,8.30224957848408
113.45699999999999,8.3002156526921613
113.458,8.2981774660616523
113.459,8.2961350249031938
113.46000000000001,8.2940883355328303
113.461,8.292037404271948
113.462,8.2899822374472194
113.46299999999999,8.2879228413905466
113.464,8.2858592224389991
113.465,8.2837913869347979
113.46599999999999,8.2817193412252195
113.467,8.2796430916625567
113.468,8.2775626446040729
113.46899999999999,8.2754780064119462
113.47,8.273389183453201
113.471,8.2712961820996824
113.47199999999999,8.2691990087279734
113.473,8.2670976697193588
113.474,8.2649921714597809
113.47499999999999,8.2628825203397547
113.476,8.2607687227543423
113.477,8.2586507851031037
113.47799999999999,8.2565287137900114
113.479,8.2544025152234255
113.48,8.2522721958160368
113.48099999999999,8.2501377619848135
113.482,8.2479992201509376
113.483,8.2458565767397545
113.48399999999999,8.2437098381807417
113.485,8.2415590109074301
113.486,8.2394041013573602
113.48699999999999,8.2372451159720352
113.488,8.2350820611968629
113.489,8.2329149434810986
113.48999999999999,8.2307437692778116
113.491,8.2285685450438066
113.492,8.2263892772395888
113.49299999999999,8.2242059723293188
113.494,8.2220186367807298
113.495,8.2198272770651144
113.496,8.2176318996572331
113.497,8.2154325110353081
113.498,8.2132291176809282
113.499,8.2110217260790108
113.5,8.2088103427177757
113.501,8.2065949740886559
113.502,8.2043756266862591
113.503,8.2021523070083351
113.504,8.1999250215556998
113.505,8.1976937768321925
113.506,8.1954585793446277
113.50700000000001,8.1932194356027352
113.508,8.1909763521191259
113.509,8.1887293354092154
113.51000000000001,8.186478391991205
113.511,8.1842235283860028
113.512,8.1819647511171762
113.51300000000001,8.179702066710929
113.514,8.1774354816960155
113.515,8.1751650026037019
113.51600000000001,8.1728906359677325
113.517,8.1706123883242547
113.518,8.1683302662117789
113.51900000000001,8.1660442761711387
113.52,8.1637544247454237
113.521,8.1614607184799333
113.52200000000001,8.1591631639221376
113.523,8.1568617676216171
113.524,8.1545565361300181
113.52500000000001,8.1522474760009906
113.526,8.1499345937901637
113.527,8.1476178960550723
113.52800000000001,8.1452973893551164
113.529,8.1429730802515188
113.53,8.1406449753072607
113.53100000000001,8.1383130810870412
113.532,8.1359774041572415
113.533,8.1336379510858432
113.53400000000001,8.1312947284424091
113.535,8.1289477427980295
113.536,8.126597000725253
113.53700000000001,8.1242425087980603
113.538,8.1218842735918138
113.539,8.1195223016832045
113.53999999999999,8.1171565996501887
113.541,8.1147871740719637
113.542,8.1124140315289139
113.54300000000001,8.1100371786025551
113.544,8.1076566218754831
113.545,8.1052723679313523
113.54599999999999,8.1028844233547925
113.547,8.1004927947313803
113.548,8.0980974886475998
113.54900000000001,8.0956985116907738
113.55,8.0932958704490332
113.551,8.0908895715112621
113.55199999999999,8.0884796214670587
113.553,8.0860660269066713
113.554,8.0836487944209772
113.55500000000001,8.0812279306014076
113.556,8.0788034420399306
113.557,8.0763753353289722
113.55799999999999,8.0739436170614027
113.559,8.071508293830469
113.56,8.0690693722297446
113.56100000000001,8.0666268588531143
113.562,8.0641807602946916
113.563,8.0617310831487821
113.56399999999999,8.0592778340098743
113.565,8.0568210194725349
113.566,8.0543606461313964
113.56700000000001,8.0518967205811265
113.568,8.0494292494163489
113.569,8.0469582392316106
113.56999999999999,8.0444836966213558
113.571,8.0420056281798544
113.572,8.039524040501167
113.57300000000001,8.0370389401791034
113.574,8.0345503338071858
113.575,8.0320582279785828
113.57599999999999,8.0295626292860796
113.577,8.0270635443220399
113.578,8.0245609796783448
113.57900000000001,8.022054941946358
113.58,8.0195454377168893
113.581,8.0170324735801408
113.58199999999999,8.0145160561256539
113.583,8.0119961919423019
113.584,8.0094728876182053
113.58500000000001,8.0069461497407062
113.586,8.0044159848963403
113.587,8.0018823996707695
113.58799999999999,7.9993454006487434
113.589,7.996804994414072
113.59,7.9942611875495739
113.59099999999999,7.9917139866370333
113.592,7.9891633982571459
113.593,7.9866094289895111
113.59399999999999,7.9840520854125536
113.595,7.9814913741034932
113.596,7.9789273016383246
113.59699999999999,7.9763598745917417
113.598,7.9737890995371092
113.599,7.9712149830464387
113.59999999999999,7.9686375316903284
113.601,7.9660567520379146
113.602,7.9634726506568647
113.60299999999999,7.960885234113297
113.604,7.9582945089717683
113.605,7.9557004817952111
113.60599999999999,7.9531031591449253
113.607,7.9505025475805011
113.608,7.9478986536597986
113.60899999999999,7.9452914839389202
113.61,7.9426810449721366
113.611,7.9400673433118714
113.61199999999999,7.9374503855086722
113.613,7.9348301781111408
113.614,7.9322067276659052
113.61499999999999,7.9295800407176076
113.616,7.9269501238088163
113.617,7.9243169834800256
113.61799999999999,7.9216806262696142
113.619,7.9190410587137814
113.62,7.9163982873465315
113.621,7.9137523186996281
113.622,7.911103159302562
113.623,7.9084508156825022
113.624,7.9057952943642622
113.625,7.9031366018702807
113.626,7.9004747447205474
113.627,7.8978097294325922
113.628,7.8951415625214567
113.629,7.8924702504996267
113.63,7.8897957998770103
113.631,7.8871182171609169
113.63200000000001,7.8844375088559966
113.633,7.8817536814642146
113.634,7.8790667414848041
113.63500000000001,7.8763766954142644
113.636,7.8736835497462767
113.637,7.8709873109716995
113.63800000000001,7.868287985578533
113.639,7.8655855800518655
113.64,7.8628801008738503
113.64100000000001,7.8601715545236779
113.642,7.8574599474775235
113.643,7.8547452862085141
113.64400000000001,7.8520275771867238
113.645,7.8493068268790918
113.646,7.8465830417494162
113.64700000000001,7.8438562282583311
113.648,7.841126392863238
113.649,7.8383935420183004
113.65000000000001,7.835657682174392
113.651,7.8329188197790884
113.652,7.8301769612765968
113.65300000000001,7.8274321131077498
113.654,7.8246842817099758
113.655,7.8219334735172348
113.65600000000001,7.8191796949600176
113.657,7.8164229524653033
113.658,7.8136632524565215
113.65900000000001,7.8109006013535121
113.66,7.8081350055725283
113.661,7.8053664715261606
113.66200000000001,7.8025950056233206
113.663,7.7998206142692377
113.664,7.7970433038653812
113.66499999999999,7.7942630808094551
113.666,7.7914799514953614
113.667,7.7886939223131826
113.66800000000001,7.7859049996491221
113.669,7.7831131898854924
113.67,7.7803184994006918
113.67099999999999,7.7775209345691518
113.672,7.7747205017613181
113.673,7.7719172073436331
113.67400000000001,7.7691110576784839
113.675,7.7663020591241771
113.676,7.7634902180349306
113.67699999999999,7.7606755407608139
113.678,7.7578580336477296
113.679,7.7550377030374023
113.68000000000001,7.7522145552673249
113.681,7.7493885966707374
113.682,7.7465598335765957
113.68299999999999,7.743728272309566
113.684,7.7408939191899604
113.685,7.7380567805337259
113.68600000000001,7.7352168626524298
113.687,7.7323741718532029
113.688,7.7295287144387368
113.68899999999999,7.726680496707246
113.69,7.7238295249524374
113.691,7.7209758054634818
113.69200000000001,7.7181193445250136
113.693,7.7152601484170571
113.694,7.7123982234150317
113.69499999999999,7.7095335757897292
113.696,7.706666211807268
113.697,7.7037961377290749
113.69800000000001,7.7009233598118527
113.699,7.6980478843075799
113.7,7.6951697174634548
113.70099999999999,7.6922888655218715
113.702,7.6894053347204254
113.703,7.6865191312918517
113.70400000000001,7.683630261464014
113.705,7.6807387314598934
113.706,7.6778445474975392
113.70699999999999,7.6749477157900543
113.708,7.6720482425455865
113.709,7.6691461339672786
113.71000000000001,7.6662413962532545
113.711,7.6633340355966073
113.712,7.6604240581853551
113.71299999999999,7.6575114702024294
113.714,7.6545962778256431
113.715,7.6516784872276951
113.71599999999999,7.6487581045760988
113.717,7.6458351360331962
113.718,7.6429095877561366
113.71899999999999,7.6399814658968257
113.72,7.63705077660192
113.721,7.6341175260128162
113.72199999999999,7.6311817202656087
113.723,7.6282433654910715
113.724,7.6253024678146542
113.72499999999999,7.6223590333564362
113.726,7.6194130682311094
113.727,7.616464578547987
113.72799999999999,7.6135135704109365
113.729,7.6105600499183899
113.73,7.6076040231633062
113.73099999999999,7.6046454962331778
113.732,7.6016844752099724
113.733,7.5987209661701307
113.73399999999999,7.5957549751845628
113.735,7.5927865083186017
113.736,7.5898155716319824
113.73699999999999,7.5868421711788612
113.738,7.5838663130077455
113.739,7.580888003161502
113.73999999999999,7.5779072476773477
113.741,7.5749240525867982
113.742,7.5719384239156726
113.74299999999999,7.5689503676840797
113.744,7.56595988990638
113.745,7.5629669965911752
113.746,7.5599716937412902
113.747,7.556973987353774
113.748,7.553973883419844
113.749,7.5509713879248919
113.75,7.5479665068484767
113.751,7.5449592461642823
113.752,7.5419496118401064
113.753,7.5389376098378689
113.754,7.5359232461135575
113.755,7.5329065266172313
113.756,7.5298874572930119
113.75700000000001,7.5268660440790462
113.758,7.5238422929075064
113.759,7.5208162097045594
113.76000000000001,7.51778780039038
113.761,7.5147570708790967
113.762,7.5117240270787953
113.76300000000001,7.5086886748915225
113.764,7.5056510202132305
113.765,7.5026110689337875
113.76600000000001,7.4995688269369705
113.767,7.4965243001004236
113.768,7.4934774942956599
113.76900000000001,7.4904284153880623
113.77,7.4873770692368327
113.771,7.4843234616950003
113.77200000000001,7.4812675986094215
113.773,7.4782094858207344
113.774,7.4751491291633654
113.77500000000001,7.4720865344655039
113.776,7.4690217075491212
113.777,7.465954654229904
113.77800000000001,7.4628853803172817
113.779,7.4598138916144121
113.78,7.4567401939181455
113.78100000000001,7.4536642930190249
113.782,7.4505861947012928
113.783,7.4475059047428402
113.78400000000001,7.4444234289152247
113.785,7.4413387729836584
113.786,7.4382519427069713
113.78700000000001,7.4351629438376232
113.788,7.4320717821216942
113.789,7.4289784632988534
113.78999999999999,7.4258829931023627
113.791,7.4227853772590597
113.792,7.4196856214893634
113.79300000000001,7.4165837315072372
113.794,7.4134797130201902
113.795,7.4103735717292887
113.79599999999999,7.4072653133291029
113.797,7.4041549435077316
113.798,7.4010424679467874
113.79900000000001,7.3979278923213707
113.8,7.3948112223000697
113.801,7.3916924635449694
113.80199999999999,7.38857162171161
113.803,7.3854487024489934
113.804,7.3823237113995903
113.80500000000001,7.3791966541993022
113.806,7.3760675364774713
113.807,7.3729363638568621
113.80799999999999,7.3698031419536791
113.809,7.3666678763775169
113.81,7.3635305727313822
113.81100000000001,7.3603912366116893
113.812,7.3572498736082288
113.813,7.3541064893041739
113.81399999999999,7.3509610892760859
113.815,7.3478136790938811
113.816,7.344664264320838
113.81700000000001,7.341512850513606
113.818,7.3383594432221644
113.819,7.3352040479898353
113.81999999999999,7.3320466703532938
113.821,7.3288873158425289
113.822,7.3257259899808576
113.82300000000001,7.3225626982849104
113.824,7.3193974462646452
113.825,7.3162302394233132
113.82599999999999,7.313061083257467
113.827,7.3098899832569693
113.828,7.3067169449049656
113.82900000000001,7.3035419736778779
113.83,7.3003650750454367
113.831,7.2971862544706267
113.83199999999999,7.2940055174097118
113.833,7.2908228693122368
113.834,7.2876383156209981
113.83500000000001,7.2844518617720544
113.836,7.2812635131947347
113.837,7.2780732753116073
113.83799999999999,7.274881153538499
113.839,7.2716871532844722
113.84,7.2684912799518582
113.84099999999999,7.2652935389362021
113.842,7.2620939356262992
113.843,7.2588924754041875
113.84399999999999,7.2556891636451235
113.845,7.2524840057175952
113.846,7.2492770069833377
113.84699999999999,7.2460681727972922
113.848,7.2428575085076208
113.849,7.2396450194557325
113.84999999999999,7.2364307109762338
113.851,7.2332145883969501
113.852,7.2299966570389458
113.85299999999999,7.226776922216481
113.854,7.2235553892370366
113.855,7.2203320634013028
113.85599999999999,7.2171069500032008
113.857,7.2138800543298451
113.858,7.2106513816615667
113.85899999999999,7.2074209372719205
113.86,7.2041887264276561
113.861,7.2009547543887367
113.86199999999999,7.1977190264083539
113.863,7.1944815477328925
113.864,7.1912423236019478
113.86499999999999,7.1880013592483474
113.866,7.1847586598981117
113.867,7.1815142307704765
113.86799999999999,7.1782680770779104
113.869,7.1750202040260742
113.87,7.1717706168138555
113.871,7.1685193206333562
113.872,7.1652663206699074
113.873,7.1620116221020504
113.874,7.1587552301015469
113.875,7.1554971498333959
113.876,7.1522373864558109
113.877,7.148975945120231
113.878,7.145712830971342
113.879,7.1424480491470481
113.88,7.1391816047784857
113.881,7.1359135029900491
113.88200000000001,7.132643748899353
113.883,7.129372347617263
113.884,7.1260993042478855
113.88500000000001,7.1228246238885928
113.886,7.1195483116299965
113.887,7.1162703725559586
113.88800000000001,7.1129908117436242
113.889,7.1097096342633792
113.89,7.1064268451788815
113.89100000000001,7.1031424495470752
113.892,7.0998564524181633
113.893,7.096568858835627
113.89400000000001,7.0932796738362498
113.895,7.0899889024500879
113.896,7.0866965497004886
113.89700000000001,7.0834026206041116
113.898,7.080107120170906
113.899,7.0768100534041336
113.90000000000001,7.0735114253003584
113.901,7.0702112408494857
113.902,7.0669095050347197
113.90300000000001,7.0636062228325995
113.904,7.0603013992130101
113.905,7.0569950391391645
113.90600000000001,7.0536871475676142
113.907,7.0503777294482859
113.908,7.0470667897244432
113.90900000000001,7.0437543333327133
113.91,7.0404403652031124
113.911,7.0371248902590127
113.91200000000001,7.0338079134171743
113.913,7.0304894395877584
113.914,7.0271694736743111
113.91499999999999,7.0238480205737783
113.916,7.0205250851765229
113.917,7.0172006723663349
113.91800000000001,7.013874787020411
113.919,7.0105474340093821
113.92,7.0072186181973377
113.92099999999999,7.0038883444417941
113.922,7.0005566175937224
113.923,6.9972234424975746
113.92400000000001,6.9938888239912576
113.925,6.9905527669061538
113.926,6.9872152760671513
113.92699999999999,6.9838763562926172
113.928,6.9805360123944196
113.929,6.9771942491779564
113.93000000000001,6.9738510714421293
113.931,6.9705064839793778
113.932,6.9671604915756671
113.93299999999999,6.9638130990105331
113.934,6.9604643110570477
113.935,6.9571141324818484
113.93600000000001,6.9537625680451622
113.937,6.9504096225007892
113.938,6.9470553005961166
113.93899999999999,6.9436996070721539
113.94,6.9403425466635067
113.941,6.9369841240984016
113.94200000000001,6.9336243440987166
113.943,6.9302632113799536
113.944,6.9269007306512655
113.94499999999999,6.9235369066154906
113.946,6.9201717439691155
113.947,6.9168052474023227
113.94800000000001,6.913437421598978
113.949,6.9100682712366721
113.95,6.9066978009866906
113.95099999999999,6.9033260155140486
113.952,6.8999529194775144
113.953,6.8965785175295844
113.95400000000001,6.8932028143165178
113.955,6.8898258144783613
113.956,6.886447522648921
113.95699999999999,6.8830679434558046
113.958,6.8796870815204318
113.959,6.8763049414580308
113.96000000000001,6.8729215278776508
113.961,6.8695368453821999
113.962,6.8661508985684208
113.96299999999999,6.8627636920269266
113.964,6.8593752303421969
113.965,6.855985518092619
113.96599999999999,6.8525945598504663
113.967,6.8492023601819154
113.968,6.8458089236470947
113.96899999999999,6.8424142548000439
113.97,6.839018358188758
113.971,6.8356212383552135
113.97199999999999,6.8322228998353394
113.973,6.8288233471590569
113.974,6.8254225848503047
113.97499999999999,6.822020617427019
113.976,6.8186174494011613
113.977,6.8152130852787538
113.97799999999999,6.8118075295598555
113.979,6.8084007867385941
113.98,6.8049928613031794
113.98099999999999,6.8015837577359246
113.982,6.7981734805132437
113.983,6.7947620341056636
113.98399999999999,6.791349422977869
113.985,6.787935651588672
113.986,6.7845207243910561
113.98699999999999,6.7811046458321913
113.988,6.777687420353427
113.989,6.7742690523903164
113.98999999999999,6.7708495463726521
113.991,6.7674289067244411
113.992,6.7640071378639401
113.99299999999999,6.7605842442036881
113.994,6.7571602301504852
113.995,6.753735100105426
113.996,6.7503088584639084
113.997,6.7468815096156769
113.998,6.7434530579447838
113.999,6.7400235078296413
114,6.7365928636430432
114.001,6.7331611297521521
114.002,6.7297283105185244
114.003,6.7262944102981432
114.004,6.7228594334414113
114.005,6.719423384293167
114.006,6.7159862671927302
114.00700000000001,6.7125480864738707
114.008,6.7091088464648641
114.009,6.7056685514884755
114.01000000000001,6.7022272058620178
114.011,6.6987848138973165
114.012,6.6953413799007517
114.01300000000001,6.6918969081732937
114.014,6.688451403010478
114.015,6.6850048687024382
114.01600000000001,6.6815573095339449
114.017,6.6781087297843866
114.018,6.6746591337277961
114.01900000000001,6.6712085256328946
114.02,6.6677569097630638
