timestamp,signal
103,-0.10287401186601475
103.001,-0.10655796226941838
103.002,-0.11024031586519367
103.003,-0.11392106355700937
103.004,-0.11760019625352136
103.005,-0.12127770486837175
103.006,-0.124953580320188
103.00700000000001,-0.12862781353258868
103.008,-0.13230039543418393
103.009,-0.1359713169585719
103.01000000000001,-0.13964056904434718
103.011,-0.14330814263509151
103.012,-0.14697402867937992
103.01300000000001,-0.15063821813077727
103.014,-0.15430070194783818
103.015,-0.15796147109410441
103.01600000000001,-0.16162051653810305
103.017,-0.16527782925334611
103.018,-0.16893340021832559
103.01900000000001,-0.17258722041651042
103.02,-0.17623928083634688
103.021,-0.17988957247125104
103.02200000000001,-0.18353808631960344
103.023,-0.18718481338474868
103.024,-0.19082974467499092
103.02500000000001,-0.19447287120358148
103.026,-0.19811418398872238
103.027,-0.20175367405355482
103.02800000000001,-0.20539133242615515
103.029,-0.20902715013952511
103.03,-0.21266111823159006
103.03100000000001,-0.21629322774518434
103.032,-0.21992346972805299
103.033,-0.22355183523283184
103.03400000000001,-0.22717831531705102
103.035,-0.23080290104311585
103.036,-0.23442558347830289
103.03700000000001,-0.23804635369475058
103.038,-0.24166520276944681
103.039,-0.24528212178422004
103.04000000000001,-0.24889710182572511
103.041,-0.25251013398543831
103.042,-0.25612120935964189
103.04300000000001,-0.25973031904941024
103.044,-0.26333745416060239
103.045,-0.2669426058038451
103.04600000000001,-0.27054576509452399
103.047,-0.27414692315276445
103.048,-0.27774607110342231
103.04900000000001,-0.28134320007606961
103.05,-0.28493830120497865
103.051,-0.28853136562910686
103.05200000000001,-0.29212238449208172
103.053,-0.29571134894218654
103.054,-0.29929825013234002
103.05500000000001,-0.30288307922008872
103.056,-0.30646582736757999
103.057,-0.31004648574154992
103.05800000000001,-0.31362504551331005
103.059,-0.31720149785871987
103.06,-0.32077583395817522
103.06100000000001,-0.32434804499658787
103.062,-0.32791812216336913
103.063,-0.33148605665240405
103.06399999999999,-0.33505183966204122
103.065,-0.3386154623950608
103.066,-0.34217691605866563
103.06699999999999,-0.34573619186445415
103.068,-0.34929328102839818
103.069,-0.35284817477082697
103.06999999999999,-0.35640086431640094
103.071,-0.35995134089408953
103.072,-0.36349959573714941
103.07299999999999,-0.36704562008310226
103.074,-0.37058940517371131
103.075,-0.37413094225495769
103.07599999999999,-0.37767022257701255
103.077,-0.38120723739421924
103.078,-0.3847419779650636
103.07899999999999,-0.38827443555215035
103.08,-0.39180460142217788
103.081,-0.3953324668459115
103.08199999999999,-0.39885802309815999
103.083,-0.40238126145774356
103.084,-0.40590217320747257
103.08499999999999,-0.40942074963411823
103.086,-0.41293698202838236
103.087,-0.416450861684873
103.08799999999999,-0.4199623799020773
103.089,-0.42347152798232601
103.09,-0.42697829723177261
103.09099999999999,-0.4304826789603573
103.092,-0.4339846644817813
103.093,-0.43748424511347617
103.09399999999999,-0.44098141217657183
103.095,-0.44447615699586862
103.096,-0.44796847089980218
103.09699999999999,-0.45145834522041639
103.098,-0.45494577129332781
103.099,-0.45843074045769594
103.09999999999999,-0.46191324405619083
103.101,-0.46539327343495884
103.102,-0.46887081994358981
103.10299999999999,-0.47234587493508595
103.104,-0.47581842976582367
103.105,-0.47928847579552514
103.10599999999999,-0.482756004387217
103.107,-0.48622100690720149
103.108,-0.4896834747250205
103.10899999999999,-0.49314339921341421
103.11,-0.49660077174829542
103.111,-0.50005558370870551
103.11199999999999,-0.50350782647677894
103.113,-0.50695749143771174
103.114,-0.5104045699797175
103.11499999999999,-0.5138490534939959
103.116,-0.51729093337469134
103.117,-0.5207302010188557
103.11799999999999,-0.52416684782641276
103.119,-0.52760086520011695
103.12,-0.53103224454551068
103.121,-0.53446097727089548
103.122,-0.53788705478728227
103.123,-0.54131046850835807
103.124,-0.5447312098504411
103.125,-0.54814927023244442
103.126,-0.55156464107583369
103.127,-0.55497731380458593
103.128,-0.55838727984514369
103.129,-0.56179453062638585
103.13,-0.56519905757957201
103.131,-0.56860085213830835
103.13200000000001,-0.57199990573850101
103.133,-0.57539620981831874
103.134,-0.57878975581814318
103.13500000000001,-0.58218053518052892
103.136,-0.58556853935016129
103.137,-0.58895375977381015
103.13800000000001,-0.59233618790028597
103.139,-0.59571581518039451
103.14,-0.59909263306689731
103.14100000000001,-0.60246663301445835
103.142,-0.60583780647960506
103.143,-0.60920614492068159
103.14400000000001,-0.6125716397978036
103.145,-0.6159342825728058
103.146,-0.61929406470920645
103.14700000000001,-0.62265097767215227
103.148,-0.62600501292837452
103.149,-0.62935616194614363
103.15000000000001,-0.63270441619521822
103.151,-0.63604976714679928
103.152,-0.63939220627348581
103.15300000000001,-0.64273172504921883
103.154,-0.64606831494924144
103.155,-0.6494019674500433
103.15600000000001,-0.65273267402931934
103.157,-0.65606042616591065
103.158,-0.65938521533976546
103.15900000000001,-0.66270703303188494
103.16,-0.66602587072427077
103.161,-0.66934171989988123
103.16200000000001,-0.67265457204257606
103.163,-0.67596441863706946
103.164,-0.67927125116887677
103.16500000000001,-0.68257506112426602
103.166,-0.68587583999020385
103.167,-0.68917357925430922
103.16800000000001,-0.69246827040479531
103.169,-0.6957599049304255
103.17,-0.69904847432045125
103.17100000000001,-0.70233397006457476
103.172,-0.70561638365288326
103.173,-0.7088957065757997
103.17400000000001,-0.71217193032403703
103.175,-0.71544504638853557
103.176,-0.71871504626041771
103.17700000000001,-0.72198192143093243
103.178,-0.72524566339139707
103.179,-0.72850626363315341
103.18000000000001,-0.7317637136475037
103.181,-0.73501800492566316
103.182,-0.73826912895870755
103.18300000000001,-0.74151707723750926
103.184,-0.7447618412526964
103.185,-0.74800341249458446
103.18600000000001,-0.75124178245313278
103.187,-0.75447694261788456
103.188,-0.75770888447791318
103.18899999999999,-0.76093759952176132
103.19,-0.76416307923739746
103.191,-0.76738531511215102
103.19199999999999,-0.77060429863265822
103.193,-0.77382002128481009
103.194,-0.77703247455368896
103.19499999999999,-0.78024164992352452
103.196,-0.7834475388776263
103.197,-0.78665013289833352
103.19799999999999,-0.78984942346695552
103.199,-0.79304540206371987
103.2,-0.79623806016771015
103.20099999999999,-0.79942738925681267
103.202,-0.80261338080766009
103.203,-0.8057960262955719
103.20399999999999,-0.80897531719449933
103.205,-0.81215124497696811
103.206,-0.81532380111402114
103.20699999999999,-0.81849297707516033
103.208,-0.82165876432829199
103.209,-0.82482115433966507
103.20999999999999,-0.82798013857381481
103.211,-0.83113570849351115
103.212,-0.83428785555969132
103.21299999999999,-0.83743657123141002
103.214,-0.84058184696577731
103.215,-0.84372367421790084
103.21599999999999,-0.84686204444083124
103.217,-0.84999694908550127
103.218,-0.85312837960066679
103.21899999999999,-0.85625632743285252
103.22,-0.8593807840262917
103.221,-0.86250174082286746
103.22199999999999,-0.86561918926205328
103.223,-0.8687331207808584
103.224,-0.87184352681377009
103.22499999999999,-0.87495039879268832
103.226,-0.87805372814687432
103.227,-0.88115350630289235
103.22799999999999,-0.88424972468454621
103.229,-0.88734237471282418
103.23,-0.89043144780583994
103.23099999999999,-0.89351693537877752
103.232,-0.8965988288438278
103.233,-0.89967711961013119
103.23399999999999,-0.90275179908372127
103.235,-0.90582285866746615
103.236,-0.90889028976101249
103.23699999999999,-0.91195408376071763
103.238,-0.91501423205960331
103.239,-0.91807072604729134
103.23999999999999,-0.92112355710994365
103.241,-0.92417271663020895
103.242,-0.92721819598716371
103.24299999999999,-0.93025998655624997
103.244,-0.93329807970921941
103.245,-0.93633246681407822
103.246,-0.93936313923502723
103.247,-0.94239008833240234
103.248,-0.94541330546261815
103.249,-0.94843278197811065
103.25,-0.95144850922727686
103.251,-0.95446047855442462
103.252,-0.95746868129970508
103.253,-0.96047310879906167
103.254,-0.96347375238417277
103.255,-0.96647060338238999
103.256,-0.96946365311668714
103.25700000000001,-0.97245289290559755
103.258,-0.97543831406316173
103.259,-0.97841990789886513
103.26000000000001,-0.98139766571758891
103.261,-0.98437157881954418
103.262,-0.98734163850022805
103.26300000000001,-0.99030783605035255
103.264,-0.9932701627557976
103.265,-0.99622860989755502
103.26600000000001,-0.99918316875166857
103.267,-1.0021338305891816
103.268,-1.0050805866760797
103.26900000000001,-1.0080234282732334
103.27,-1.0109623466363482
103.271,-1.0138973330159038
103.27200000000001,-1.0168283786571024
103.273,-1.0197554747998137
103.274,-1.0226786126785163
103.27500000000001,-1.0255977835222514
103.276,-1.0285129785545584
103.277,-1.0314241889934297
103.27800000000001,-1.0343314060512516
103.279,-1.0372346209347518
103.28,-1.0401338248449452
103.28100000000001,-1.0430290089770851
103.282,-1.0459201645206013
103.283,-1.0488072826590562
103.28400000000001,-1.0516903545700895
103.285,-1.0545693714253592
103.286,-1.0574443243904996
103.28700000000001,-1.0603152046250623
103.288,-1.0631820032824688
103.289,-1.0660447115099534
103.29000000000001,-1.0689033204485208
103.291,-1.0717578212328824
103.292,-1.0746082049914212
103.29300000000001,-1.0774544628461271
103.294,-1.0802965859125546
103.295,-1.0831345652997717
103.29600000000001,-1.0859683921103072
103.297,-1.088798057440107
103.298,-1.0916235523784783
103.29900000000001,-1.0944448680080465
103.3,-1.0972619954047
103.301,-1.100074925637553
103.30200000000001,-1.1028836497688834
103.303,-1.1056881588540985
103.304,-1.1084884439416762
103.30500000000001,-1.1112844960731296
103.306,-1.1140763062829486
103.307,-1.1168638655985625
103.30800000000001,-1.119647165040289
103.309,-1.1224261956212911
103.31,-1.1252009483475307
103.31100000000001,-1.1279714142177211
103.312,-1.1307375842232896
103.313,-1.1334994493483257
103.31399999999999,-1.1362570005695383
103.315,-1.1390102288562174
103.316,-1.1417591251701844
103.31699999999999,-1.1445036804657529
103.318,-1.1472438856896856
103.319,-1.1499797317811522
103.31999999999999,-1.1527112096716863
103.321,-1.1554383102851462
103.322,-1.158161024537673
103.32299999999999,-1.160879343337649
103.324,-1.16359325758566
103.325,-1.1663027581744529
103.32599999999999,-1.1690078359888991
103.327,-1.1717084819059513
103.328,-1.1744046867946132
103.32899999999999,-1.1770964415158893
103.33,-1.1797837369227588
103.331,-1.1824665638601335
103.33199999999999,-1.1851449131648217
103.333,-1.187818775665487
103.334,-1.1904881421826228
103.33499999999999,-1.1931530035285078
103.336,-1.1958133505071751
103.337,-1.198469173914376
103.33799999999999,-1.2011204645375515
103.339,-1.2037672131557868
103.34,-1.2064094105397927
103.34099999999999,-1.2090470474518606
103.342,-1.2116801146458425
103.343,-1.214308602867106
103.34399999999999,-1.2169325028525115
103.345,-1.2195518053303838
103.346,-1.2221665010204759
103.34699999999999,-1.2247765806339417
103.348,-1.2273820348733073
103.349,-1.2299828544324423
103.34999999999999,-1.2325790299965314
103.351,-1.23517055224205
103.352,-1.2377574118367303
103.35299999999999,-1.2403395994395421
103.354,-1.2429171057006618
103.355,-1.2454899212614521
103.35599999999999,-1.2480580367544323
103.357,-1.2506214428032534
103.358,-1.253180130022685
103.35899999999999,-1.2557340890185773
103.36,-1.2582833103878479
103.361,-1.2608277847184577
103.36199999999999,-1.2633675025893885
103.363,-1.2659024545706243
103.364,-1.2684326312231313
103.36499999999999,-1.2709580230988311
103.366,-1.2734786207405948
103.367,-1.2759944146822129
103.36799999999999,-1.2785053954483825
103.369,-1.2810115535546904
103.37,-1.283512879507593
103.371,-1.286009363804407
103.372,-1.288500996933287
103.373,-1.2909877693732126
103.374,-1.2934696715939795
103.375,-1.295946694056179
103.376,-1.2984188272111874
103.377,-1.3008860615011573
103.378,-1.3033483873589997
103.379,-1.305805795208383
103.38,-1.3082582754637087
103.381,-1.3107058185301148
103.38200000000001,-1.3131484148034605
103.383,-1.3155860546703195
103.384,-1.3180187285079734
103.38500000000001,-1.3204464266843994
103.386,-1.3228691395582732
103.387,-1.3252868574789569
103.38800000000001,-1.3276995707864958
103.389,-1.3301072698116143
103.39,-1.3325099448757132
103.39100000000001,-1.3349075862908677
103.392,-1.3373001843598207
103.393,-1.3396877293759895
103.39400000000001,-1.3420702116234566
103.395,-1.3444476213769767
103.396,-1.3468199489019739
103.39700000000001,-1.3491871844545438
103.398,-1.3515493182814584
103.399,-1.3539063406201644
103.40000000000001,-1.3562582416987903
103.401,-1.3586050117361528
103.402,-1.3609466409417545
103.40300000000001,-1.3632831195158008
103.404,-1.365614437649199
103.405,-1.3679405855235629
103.40600000000001,-1.3702615533112352
103.407,-1.3725773311752816
103.408,-1.3748879092695061
103.40900000000001,-1.3771932777384657
103.41,-1.379493426717473
103.411,-1.381788346332621
103.41200000000001,-1.3840780267007804
103.413,-1.386362457929629
103.414,-1.3886416301176538
103.41500000000001,-1.3909155333541747
103.416,-1.3931841577193538
103.417,-1.3954474932842218
103.41800000000001,-1.3977055301106831
103.419,-1.399958258251548
103.42,-1.402205667750541
103.42100000000001,-1.4044477486423257
103.422,-1.4066844909525282
103.423,-1.4089158846977541
103.42400000000001,-1.4111419198856154
103.425,-1.4133625865147503
103.426,-1.415577874574848
103.42700000000001,-1.417787774046682
103.428,-1.4199922749021208
103.429,-1.422191367104169
103.43000000000001,-1.4243850406069876
103.431,-1.4265732853559254
103.432,-1.4287560912875459
103.43300000000001,-1.4309334483296614
103.434,-1.433105346401359
103.435,-1.4352717754130406
103.43600000000001,-1.4374327252664449
103.437,-1.4395881858546917
103.438,-1.4417381470623103
103.43899999999999,-1.4438825987652764
103.44,-1.4460215308310493
103.441,-1.4481549331186092
103.44199999999999,-1.4502827954784925
103.443,-1.4524051077528384
103.444,-1.4545218597754173
103.44499999999999,-1.4566330413716839
103.446,-1.4587386423588087
103.447,-1.460838652545728
103.44799999999999,-1.4629330617331826
103.449,-1.4650218597137679
103.45,-1.4671050362719691
103.45099999999999,-1.4691825811842221
103.452,-1.4712544842189432
103.453,-1.4733207351365958
103.45399999999999,-1.4753813236897253
103.455,-1.4774362396230138
103.456,-1.4794854726733324
103.45699999999999,-1.4815290125697937
103.458,-1.4835668490337999
103.459,-1.4855989717790985
103.45999999999999,-1.4876253705118403
103.461,-1.4896460349306309
103.462,-1.4916609547265893
103.46299999999999,-1.4936701195834043
103.464,-1.4956735191773922
103.465,-1.4976711431775587
103.46599999999999,-1.4996629812456557
103.467,-1.5016490230362449
103.468,-1.5036292581967614
103.46899999999999,-1.5056036763675733
103.47,-1.5075722671820451
103.471,-1.5095350202666098
103.47199999999999,-1.5114919252408265
103.473,-1.5134429717174513
103.474,-1.5153881493025065
103.47499999999999,-1.5173274475953442
103.476,-1.5192608561887262
103.477,-1.5211883646688813
103.47799999999999,-1.5231099626155897
103.479,-1.5250256396022461
103.48,-1.5269353851959417
103.48099999999999,-1.5288391889575297
103.482,-1.530737040441712
103.483,-1.5326289291971049
103.48399999999999,-1.5345148447663268
103.485,-1.5363947766860679
103.486,-1.5382687144871756
103.48699999999999,-1.540136647694732
103.488,-1.5419985658281417
103.489,-1.5438544584012028
103.48999999999999,-1.5457043149222023
103.491,-1.5475481248939937
103.492,-1.5493858778140832
103.49299999999999,-1.5512175631747209
103.494,-1.5530431704629839
103.495,-1.5548626891608635
103.496,-1.5566761087453611
103.497,-1.558483418688573
103.498,-1.5602846084577835
103.499,-1.5620796675155573
103.5,-1.5638685853198364
103.501,-1.5656513513240302
103.502,-1.5674279549771106
103.503,-1.5691983857237131
103.504,-1.5709626330042319
103.505,-1.5727206862549172
103.506,-1.5744725349079762
103.50700000000001,-1.5762181683916743
103.508,-1.5779575761304359
103.509,-1.5796907475449449
103.51000000000001,-1.5814176720522535
103.511,-1.5831383390658806
103.512,-1.5848527379959236
103.51300000000001,-1.5865608582491588
103.514,-1.5882626892291518
103.515,-1.5899582203363711
103.51600000000001,-1.5916474409682886
103.517,-1.5933303405194965
103.518,-1.5950069083818148
103.51900000000001,-1.5966771339444108
103.52,-1.5983410065939045
103.521,-1.5999985157144887
103.52200000000001,-1.601649650688044
103.523,-1.6032944008942516
103.524,-1.6049327557107183
103.52500000000001,-1.6065647045130875
103.526,-1.6081902366751639
103.527,-1.6098093415690329
103.52800000000001,-1.6114220085651807
103.529,-1.6130282270326219
103.53,-1.6146279863390163
103.53100000000001,-1.6162212758507972
103.532,-1.6178080849333045
103.533,-1.6193884029508947
103.53400000000001,-1.6209622192670832
103.535,-1.6225295232446673
103.536,-1.624090304245859
103.53700000000001,-1.6256445516324107
103.538,-1.6271922547657502
103.539,-1.6287334030071152
103.54000000000001,-1.6302679857176861
103.541,-1.6317959922587151
103.542,-1.6333174119916736
103.54300000000001,-1.6348322342783752
103.544,-1.6363404484811279
103.545,-1.6378420439628592
103.54600000000001,-1.6393370100872646
103.547,-1.6408253362189473
103.548,-1.6423070117235588
103.54900000000001,-1.6437820259679397
103.55,-1.6452503683202657
103.551,-1.6467120281501946
103.55200000000001,-1.6481669948290039
103.553,-1.6496152577297511
103.554,-1.6510568062274049
103.55500000000001,-1.6524916296990075
103.556,-1.6539197175238196
103.557,-1.6553410590834674
103.55800000000001,-1.6567556437620983
103.559,-1.6581634609465339
103.56,-1.6595645000264208
103.56100000000001,-1.6609587503943861
103.562,-1.662346201446196
103.563,-1.6637268425809073
103.56399999999999,-1.6651006632010277
103.565,-1.6664676527126723
103.566,-1.6678278005257279
103.56699999999999,-1.669181096054003
103.568,-1.6705275287154069
103.569,-1.6718670879320876
103.56999999999999,-1.6731997631306172
103.571,-1.6745255437421451
103.572,-1.6758444192025617
103.57299999999999,-1.6771563789526738
103.574,-1.6784614124383586
103.575,-1.6797595091107427
103.57599999999999,-1.6810506584263658
103.577,-1.6823348498473503
103.578,-1.6836120728415751
103.57899999999999,-1.6848823168828435
103.58,-1.6861455714510556
103.581,-1.6874018260323882
103.58199999999999,-1.688651070119461
103.583,-1.6898932932115169
103.584,-1.6911284848145955
103.58499999999999,-1.6923566344417127
103.586,-1.6935777316130398
103.587,-1.6947917658560732
103.58799999999999,-1.6959987267058283
103.589,-1.6971986037050102
103.59,-1.6983913864041988
103.59099999999999,-1.6995770643620292
103.592,-1.700755627145381
103.593,-1.7019270643295537
103.59399999999999,-1.7030913654984587
103.595,-1.7042485202448043
103.596,-1.7053985181702775
103.59699999999999,-1.7065413488857408
103.598,-1.7076770020114127
103.599,-1.7088054671770601
103.59999999999999,-1.7099267340221918
103.601,-1.7110407921962447
103.602,-1.7121476313587785
103.60299999999999,-1.7132472411796686
103.604,-1.7143396113392999
103.605,-1.7154247315287581
103.60599999999999,-1.7165025914500327
103.607,-1.7175731808162049
103.608,-1.7186364893516513
103.60899999999999,-1.719692506792236
103.61,-1.7207412228855157
103.611,-1.7217826273909309
103.61199999999999,-1.7228167100800178
103.613,-1.7238434607365982
103.614,-1.7248628691569881
103.61499999999999,-1.7258749251501966
103.616,-1.726879618538133
103.617,-1.727876939155812
103.61799999999999,-1.7288668768515496
103.619,-1.7298494214871809
103.62,-1.7308245629382624
103.621,-1.7317922910942745
103.622,-1.732752595858837
103.623,-1.7337054671499148
103.624,-1.7346508949000232
103.625,-1.7355888690564512
103.626,-1.7365193795814564
103.627,-1.7374424164524882
103.628,-1.7383579696623972
103.629,-1.7392660292196478
103.63,-1.740166585148534
103.631,-1.7410596274893932
103.63200000000001,-1.7419451462988196
103.633,-1.7428231316498843
103.634,-1.7436935736323504
103.63500000000001,-1.7445564623528909
103.636,-1.7454117879353062
103.637,-1.7462595405207431
103.63800000000001,-1.7470997102679169
103.639,-1.7479322873533296
103.64,-1.7487572619714902
103.64100000000001,-1.7495746243351373
103.642,-1.7503843646754635
103.643,-1.7511864732423339
103.64400000000001,-1.7519809403045135
103.645,-1.752767756149892
103.646,-1.7535469110857025
103.64700000000001,-1.754318395438756
103.648,-1.7550821995556594
103.649,-1.7558383138030482
103.65000000000001,-1.7565867285678096
103.651,-1.7573274342573124
103.652,-1.758060421299636
103.65300000000001,-1.7587856801437995
103.654,-1.7595032012599896
103.655,-1.7602129751397908
103.65600000000001,-1.7609149922964202
103.657,-1.7616092432649557
103.658,-1.7622957186025658
103.65900000000001,-1.7629744088887471
103.66,-1.7636453047255545
103.661,-1.7643083967378352
103.66200000000001,-1.7649636755734619
103.663,-1.7656111319035697
103.664,-1.7662507564227883
103.66500000000001,-1.7668825398494818
103.666,-1.7675064729259797
103.667,-1.7681225464188173
103.66800000000001,-1.7687307511189734
103.669,-1.7693310778421001
103.67,-1.7699235174287753
103.67100000000001,-1.7705080607447257
103.672,-1.7710846986810775
103.673,-1.7716534221545923
103.67400000000001,-1.7722142221078987
103.675,-1.7727670895097489
103.676,-1.7733120153552449
103.67700000000001,-1.7738489906660893
103.678,-1.7743780064908177
103.679,-1.7748990539050515
103.68000000000001,-1.7754121240117318
103.681,-1.7759172079413674
103.682,-1.7764142968522711
103.68300000000001,-1.7769033819308149
103.684,-1.7773844543916604
103.685,-1.7778575054780155
103.68600000000001,-1.7783225264618685
103.687,-1.7787795086442397
103.688,-1.7792284433554277
103.68899999999999,-1.7796693219552475
103.69,-1.7801021358332854
103.691,-1.7805268764091382
103.69199999999999,-1.7809435351326655
103.693,-1.781352103484231
103.694,-1.7817525729749573
103.69499999999999,-1.7821449351469645
103.696,-1.7825291815736244
103.697,-1.7829053038598057
103.69799999999999,-1.7832732936421229
103.699,-1.783633142589188
103.7,-1.7839848424018516
103.70099999999999,-1.7843283848134606
103.702,-1.784663761590104
103.703,-1.7849909645308544
103.70399999999999,-1.7853099854680377
103.705,-1.7856208162674609
103.706,-1.7859234488286768
103.70699999999999,-1.7862178750852267
103.708,-1.7865040870048956
103.709,-1.7867820765899589
103.70999999999999,-1.7870518358774379
103.711,-1.7873133569393449
103.712,-1.7875666318829393
103.71299999999999,-1.7878116528509782
103.714,-1.788048412021964
103.715,-1.7882769016103994
103.71599999999999,-1.7884971138670385
103.717,-1.7887090410791373
103.718,-1.7889126755707059
103.71899999999999,-1.7891080097027623
103.72,-1.7892950358735824
103.721,-1.7894737465189485
103.72199999999999,-1.7896441341124123
103.723,-1.7898061911655359
103.724,-1.7899599102281463
103.72499999999999,-1.7901052838885922
103.726,-1.7902423047739928
103.727,-1.7903709655504905
103.72799999999999,-1.7904912589235051
103.729,-1.7906031776379789
103.73,-1.7907067144786391
103.73099999999999,-1.7908018622702442
103.732,-1.7908886138778373
103.733,-1.790966962206995
103.73399999999999,-1.7910369002040873
103.735,-1.7910984208565233
103.736,-1.791151517193001
103.73699999999999,-1.7911961822837683
103.738,-1.7912324092408687
103.739,-1.7912601912183885
103.73999999999999,-1.7912795214127195
103.741,-1.7912903930628041
103.742,-1.7912927994503844
103.74299999999999,-1.7912867339002587
103.744,-1.7912721897805279
103.745,-1.7912491605028507
103.746,-1.7912176395226944
103.747,-1.7911776203395782
103.748,-1.7911290964973325
103.749,-1.7910720615843472
103.75,-1.7910065092338181
103.751,-1.7909324331239982
103.752,-1.7908498269784499
103.753,-1.7907586845662937
103.754,-1.7906589997024538
103.755,-1.7905507662479114
103.756,-1.7904339781099488
103.75700000000001,-1.7903086292424062
103.758,-1.7901747136459192
103.759,-1.7900322253681735
103.76000000000001,-1.7898811585041519
103.761,-1.7897215071963801
103.762,-1.789553265635174
103.76300000000001,-1.7893764280588864
103.764,-1.7891909887541537
103.765,-1.7889969420561416
103.76600000000001,-1.788794282348793
103.767,-1.7885830040650657
103.768,-1.7883631016871897
103.76900000000001,-1.7881345697469002
103.77,-1.7878974028256902
103.771,-1.7876515955550474
103.77200000000001,-1.7873971426167015
103.773,-1.7871340387428671
103.774,-1.7868622787164883
103.77500000000001,-1.7865818573714742
103.776,-1.7862927695929467
103.777,-1.7859950103174773
103.77800000000001,-1.7856885745333351
103.779,-1.7853734572807189
103.78,-1.7850496536519995
103.78100000000001,-1.7847171587919624
103.782,-1.7843759678980415
103.783,-1.7840260762205631
103.78400000000001,-1.783667479062979
103.785,-1.7833001717821042
103.786,-1.7829241497883594
103.78700000000001,-1.7825394085459965
103.788,-1.7821459435733464
103.789,-1.7817437504430438
103.79000000000001,-1.7813328247822677
103.791,-1.7809131622729737
103.792,-1.7804847586521291
103.79300000000001,-1.7800476097119389
103.794,-1.7796017113000886
103.795,-1.7791470593199641
103.79600000000001,-1.7786836497308949
103.797,-1.7782114785483687
103.798,-1.7777305418442801
103.79900000000001,-1.777240835747143
103.8,-1.7767423564423273
103.801,-1.7762351001722823
103.80200000000001,-1.7757190632367674
103.803,-1.7751942419930771
103.804,-1.7746606328562637
103.80500000000001,-1.7741182322993638
103.806,-1.7735670368536249
103.807,-1.7730070431087239
103.80800000000001,-1.7724382477129934
103.809,-1.7718606473736425
103.81,-1.7712742388569742
103.81100000000001,-1.7706790189886115
103.812,-1.7700749846537116
103.813,-1.7694621327971922
103.81399999999999,-1.7688404604239376
103.815,-1.768209964599023
103.816,-1.767570642447934
103.81699999999999,-1.766922491156774
103.818,-1.7662655079724838
103.819,-1.7655996902030555
103.81999999999999,-1.7649250352177379
103.821,-1.7642415404472596
103.822,-1.7635492033840334
103.82299999999999,-1.7628480215823665
103.824,-1.7621379926586709
103.825,-1.7614191142916735
103.82599999999999,-1.7606913842226199
103.827,-1.7599548002554841
103.828,-1.7592093602571701
103.82899999999999,-1.7584550621577213
103.83,-1.7576919039505232
103.831,-1.7569198836925017
103.83199999999999,-1.7561389995043308
103.833,-1.755349249570628
103.834,-1.7545506321401585
103.83499999999999,-1.7537431455260304
103.836,-1.752926788105897
103.837,-1.7521015583221486
103.83799999999999,-1.7512674546821092
103.839,-1.7504244757582343
103.84,-1.7495726201883004
103.84099999999999,-1.7487118866756015
103.842,-1.7478422739891393
103.843,-1.7469637809638092
103.84399999999999,-1.7460764065005989
103.845,-1.745180149566766
103.846,-1.7442750091960346
103.84699999999999,-1.7433609844887745
103.848,-1.742438074612191
103.849,-1.7415062788005033
103.84999999999999,-1.7405655963551347
103.851,-1.7396160266448883
103.852,-1.7386575691061243
103.85299999999999,-1.7376902232429523
103.854,-1.7367139886273963
103.855,-1.7357288648995755
103.85599999999999,-1.7347348517678838
103.857,-1.7337319490091576
103.858,-1.732720156468857
103.85899999999999,-1.7316994740612324
103.86,-1.7306699017694926
103.861,-1.7296314396459866
103.86199999999999,-1.7285840878123557
103.863,-1.7275278464597141
103.864,-1.7264627158488097
103.86499999999999,-1.7253886963101865
103.866,-1.7243057882443518
103.867,-1.7232139921219347
103.86799999999999,-1.722113308483852
103.869,-1.7210037379414636
103.87,-1.7198852811767318
103.871,-1.7187579389423773
103.872,-1.7176217120620394
103.873,-1.7164766014304207
103.874,-1.7153226080134507
103.875,-1.714159732848433
103.876,-1.7129879770441923
103.877,-1.7118073417812316
103.878,-1.7106178283118658
103.879,-1.709419437960388
103.88,-1.7082121721231913
103.881,-1.706996032268933
103.88200000000001,-1.7057710199386618
103.883,-1.7045371367459676
103.884,-1.7032943843771129
103.88500000000001,-1.7020427645911798
103.886,-1.700782279220197
103.887,-1.6995129301692811
103.88800000000001,-1.6982347194167668
103.889,-1.6969476490143434
103.89,-1.6956517210871773
103.89100000000001,-1.6943469378340481
103.892,-1.6930333015274761
103.893,-1.6917108145138444
103.89400000000001,-1.6903794792135218
103.895,-1.6890392981209983
103.896,-1.6876902738049928
103.89700000000001,-1.6863324089085756
103.898,-1.6849657061492982
103.899,-1.6835901683192969
103.90000000000001,-1.6822057982854139
103.901,-1.680812598989315
103.902,-1.6794105734475941
103.90300000000001,-1.6779997247518934
103.904,-1.6765800560690063
103.905,-1.6751515706409839
103.90600000000001,-1.6737142717852502
103.907,-1.6722681628946972
103.908,-1.6708132474377946
103.90900000000001,-1.6693495289586862
103.91,-1.6678770110772962
103.911,-1.6663956974894192
103.91200000000001,-1.6649055919668281
103.913,-1.6634066983573579
103.914,-1.6618990205850062
103.91500000000001,-1.6603825626500224
103.916,-1.6588573286290011
103.917,-1.6573233226749666
103.91800000000001,-1.655780549017464
103.919,-1.6542290119626397
103.92,-1.6526687158933311
103.92100000000001,-1.6510996652691436
103.922,-1.6495218646265331
103.923,-1.6479353185788863
103.92400000000001,-1.6463400318165955
103.925,-1.6447360091071319
103.926,-1.6431232552951256
103.92700000000001,-1.6415017753024346
103.928,-1.6398715741282119
103.929,-1.6382326568489782
103.93000000000001,-1.6365850286186872
103.931,-1.6349286946687895
103.932,-1.6332636603083026
103.93300000000001,-1.6315899309238615
103.934,-1.6299075119797894
103.935,-1.6282164090181501
103.93600000000001,-1.6265166276588037
103.937,-1.6248081735994693
103.938,-1.6230910526157656
103.93899999999999,-1.6213652705612747
103.94,-1.6196308333675851
103.941,-1.6178877470443345
103.94199999999999,-1.6161360176792705
103.943,-1.6143756514382814
103.944,-1.6126066545654436
103.94499999999999,-1.6108290333830633
103.946,-1.6090427942917129
103.947,-1.6072479437702709
103.94799999999999,-1.6054444883759547
103.949,-1.6036324347443554
103.95,-1.6018117895894721
103.95099999999999,-1.5999825597037325
103.952,-1.5981447519580354
103.953,-1.5962983733017646
103.95399999999999,-1.5944434307628184
103.955,-1.592579931447633
103.956,-1.5907078825412029
103.95699999999999,-1.5888272913070969
103.958,-1.5869381650874805
103.959,-1.5850405113031276
103.95999999999999,-1.5831343374534339
103.961,-1.5812196511164287
103.962,-1.5792964599487886
103.96299999999999,-1.5773647716858421
103.964,-1.5754245941415745
103.965,-1.5734759352086312
103.96599999999999,-1.5715188028583285
103.967,-1.5695532051406476
103.968,-1.5675791501842289
103.96899999999999,-1.565596646196378
103.97,-1.5636057014630578
103.971,-1.5616063243488769
103.97199999999999,-1.5595985232970877
103.973,-1.5575823068295684
103.974,-1.5555576835468203
103.97499999999999,-1.5535246621279417
103.976,-1.5514832513306223
103.977,-1.549433459991115
103.97799999999999,-1.5473752970242272
103.979,-1.5453087714232883
103.98,-1.5432338922601296
103.98099999999999,-1.5411506686850629
103.982,-1.5390591099268462
103.983,-1.5369592252926578
103.98399999999999,-1.534851024168062
103.985,-1.5327345160169834
103.986,-1.5306097103816589
103.98699999999999,-1.5284766168826129
103.988,-1.5263352452186099
103.989,-1.5241856051666178
103.98999999999999,-1.5220277065817651
103.991,-1.5198615593972904
103.992,-1.5176871736245059
103.99299999999999,-1.5155045593527379
103.994,-1.513313726749284
103.995,-1.5111146860593583
103.996,-1.5089074476060333
103.997,-1.5066920217901894
103.998,-1.5044684190904558
103.999,-1.5022366500631432
104,-1.4999967253421929
104.001,-1.4977486556391049
104.002,-1.4954924517428729
104.003,-1.4932281245199199
104.004,-1.490955684914026
104.005,-1.4886751439462556
104.006,-1.4863865127148865
104.00700000000001,-1.4840898023953324
104.008,-1.4817850242400685
104.009,-1.4794721895785474
104.01000000000001,-1.4771513098171196
104.011,-1.4748223964389529
104.012,-1.4724854610039433
104.01300000000001,-1.4701405151486342
104.014,-1.4677875705861165
104.015,-1.4654266391059489
104.01600000000001,-1.4630577325740597
104.017,-1.4606808629326515
104.018,-1.4582960422001068
104.01900000000001,-1.4559032824708877
104.02,-1.4535025959154368
104.021,-1.4510939947800736
104.02200000000001,-1.4486774913868903
104.023,-1.446253098133647
104.024,-1.443820827493659
104.02500000000001,-1.4413806920156955
104.026,-1.4389327043238556
104.027,-1.436476877117467
104.02800000000001,-1.4340132231709588
104.029,-1.4315417553337504
104.03,-1.4290624865301331
104.03100000000001,-1.4265754297591435
104.032,-1.4240805980944398
104.033,-1.4215780046841826
104.03400000000001,-1.4190676627509031
104.035,-1.4165495855913735
104.036,-1.4140237865764784
104.03700000000001,-1.4114902791510784
104.038,-1.4089490768338795
104.039,-1.4064001932172947
104.04000000000001,-1.4038436419673013
104.041,-1.4012794368233075
104.042,-1.3987075915980034
104.04300000000001,-1.3961281201772215
104.044,-1.3935410365197871
104.045,-1.3909463546573737
104.04600000000001,-1.3883440886943488
104.047,-1.3857342528076244
104.048,-1.3831168612465059
104.04900000000001,-1.380491928332531
104.05,-1.3778594684593144
104.051,-1.375219496092392
104.05200000000001,-1.3725720257690552
104.053,-1.3699170720981897
104.054,-1.3672546497601101
104.05500000000001,-1.3645847735063943
104.056,-1.3619074581597133
104.057,-1.3592227186136627
104.05800000000001,-1.3565305698325885
104.059,-1.3538310268514158
104.06,-1.351124104775467
104.06100000000001,-1.348409818780294
104.062,-1.3456881841114852
104.063,-1.3429592160845001
104.06399999999999,-1.3402229300844715
104.065,-1.3374793415660271
104.066,-1.3347284660531047
104.06699999999999,-1.33197031913876
104.068,-1.3292049164849757
104.069,-1.3264322738224714
104.06999999999999,-1.3236524069505098
104.071,-1.3208653317367012
104.072,-1.3180710641167996
104.07299999999999,-1.3152696200945129
104.074,-1.3124610157412975
104.075,-1.3096452671961503
104.07599999999999,-1.3068223906654142
104.077,-1.3039924024225629
104.078,-1.3011553188079961
104.07899999999999,-1.2983111562288321
104.08,-1.295459931158689
104.081,-1.2926016601374797
104.08199999999999,-1.2897363597711915
104.083,-1.2868640467316679
104.084,-1.2839847377563944
104.08499999999999,-1.2810984496482787
104.086,-1.2782051992754195
104.087,-1.275305003570895
104.08799999999999,-1.2723978795325293
104.089,-1.2694838442226675
104.09,-1.2665629147679462
104.09099999999999,-1.2636351083590665
104.092,-1.260700442250553
104.093,-1.2577589337605333
104.09399999999999,-1.2548106002704866
104.095,-1.2518554592250206
104.096,-1.2488935281316249
104.09699999999999,-1.2459248245604297
104.098,-1.242949366143967
104.099,-1.2399671705769295
104.09999999999999,-1.2369782556159148
104.101,-1.2339826390791888
104.102,-1.2309803388464302
104.10299999999999,-1.2279713728584869
104.104,-1.2249557591171141
104.105,-1.2219335156847326
104.10599999999999,-1.2189046606841614
104.107,-1.215869212298371
104.108,-1.2128271887702193
104.10899999999999,-1.2097786084021975
104.11,-1.2067234895561563
104.111,-1.2036618506530599
104.11199999999999,-1.2005937101727064
104.113,-1.1975190866534726
104.114,-1.1944379986920346
104.11499999999999,-1.1913504649431164
104.116,-1.188256504119197
104.117,-1.1851561349902582
104.11799999999999,-1.1820493763834961
104.119,-1.1789362471830538
104.12,-1.1758167663297439
104.121,-1.1726909528207674
104.122,-1.1695588257094376
104.123,-1.1664204041048931
104.124,-1.1632757071718216
104.125,-1.1601247541301736
104.126,-1.1569675642548738
104.127,-1.1538041568755362
104.128,-1.1506345513761804
104.129,-1.1474587671949315
104.13,-1.1442768238237391
104.131,-1.1410887408080752
104.13200000000001,-1.1378945377466501
104.133,-1.1346942342911071
104.134,-1.1314878501457342
104.13500000000001,-1.1282754050671571
104.136,-1.12505691886405
104.137,-1.1218324113968241
104.13800000000001,-1.1186019025773315
104.139,-1.115365412368559
104.14,-1.1121229607843266
104.14100000000001,-1.1088745678889755
104.142,-1.1056202537970674
104.143,-1.1023600386730661
104.14400000000001,-1.0990939427310371
104.145,-1.0958219862343306
104.146,-1.0925441894952699
104.14700000000001,-1.0892605728748337
104.148,-1.08597115678235
104.149,-1.0826759616751684
104.15000000000001,-1.0793750080583506
104.151,-1.0760683164843443
104.152,-1.0727559075526738
104.15300000000001,-1.0694378019095985
104.154,-1.066114020247817
104.155,-1.0627845833061174
104.15600000000001,-1.0594495118690701
104.157,-1.0561088267666934
104.158,-1.0527625488741261
104.15900000000001,-1.0494106991113012
104.16,-1.0460532984426161
104.161,-1.042690367876598
104.16200000000001,-1.0393219284655735
104.163,-1.035948001305341
104.164,-1.0325686075348277
104.16500000000001,-1.029183768335757
104.166,-1.0257935049323148
104.167,-1.0223978385908112
104.16800000000001,-1.0189967906193371
104.169,-1.0155903823674275
104.17,-1.0121786352257258
104.17100000000001,-1.0087615706256288
104.172,-1.0053392100389615
104.173,-1.001911574977616
104.17400000000001,-0.99847868699321696
104.175,-0.99504056767677218
104.176,-0.99159723865832738
104.17700000000001,-0.98814872160661427
104.178,-0.98469503822870941
104.179,-0.98123621026967189
104.18000000000001,-0.97777225951220803
104.181,-0.97430320777630408
104.182,-0.97082907691888654
104.18300000000001,-0.96734988883345796
104.184,-0.96386566544975327
104.185,-0.96037642873336937
104.18600000000001,-0.95688220068542806
104.187,-0.95338300334219905
104.188,-0.94987885877475753
104.18899999999999,-0.94636978908861602
104.19,-0.94285581642336869
104.191,-0.93933696295232627
104.19199999999999,-0.93581325088216394
104.193,-0.93228470245254424
104.194,-0.92875133993577208
104.19499999999999,-0.92521318563641275
104.196,-0.92167026189094114
104.197,-0.91812259106736693
104.19799999999999,-0.9145701955648784
104.199,-0.91101309781346185
104.2,-0.9074513202735468
104.20099999999999,-0.90388488543562984
104.202,-0.9003138158199091
104.203,-0.89673813397591084
104.20399999999999,-0.89315786248212525
104.205,-0.88957302394562499
104.206,-0.88598364100170546
104.20699999999999,-0.88238973631350293
104.208,-0.87879133257162367
104.209,-0.87518845249377364
104.20999999999999,-0.87158111882437961
104.211,-0.86796935433421307
104.212,-0.86435318182002252
104.21299999999999,-0.86073262410414886
104.214,-0.85710770403414971
104.215,-0.8534784444824246
104.21599999999999,-0.84984486834583839
104.217,-0.84620699854533443
104.218,-0.84256485802556957
104.21899999999999,-0.83891846975451623
104.22,-0.83526785672309867
104.221,-0.83161304194480179
104.22199999999999,-0.82795404845529808
104.223,-0.82429089931205812
104.224,-0.82062361759397362
104.22499999999999,-0.81695222640097054
104.226,-0.81327674885363255
104.227,-0.80959720809280977
104.22799999999999,-0.80591362727924265
104.229,-0.80222602959317202
104.23,-0.79853443823395498
104.23099999999999,-0.79483887641968165
104.232,-0.79113936738679058
104.233,-0.78743593438967929
104.23399999999999,-0.78372860070032191
104.235,-0.78001738960787792
104.236,-0.7763023244183116
104.23699999999999,-0.7725834284540003
104.238,-0.76886072505334679
104.239,-0.76513423757039289
104.23999999999999,-0.76140398937443399
104.241,-0.75767000384962202
104.242,-0.75393230439459114
104.24299999999999,-0.75019091442205266
104.244,-0.74644585735841806
104.245,-0.7426971566434033
104.246,-0.7389448357296442
104.247,-0.73518891808229947
104.248,-0.73142942717866966
104.249,-0.72766638650779614
104.25,-0.72389981957008587
104.251,-0.72012974987690681
104.252,-0.71635620095020069
104.253,-0.71257919632210065
104.254,-0.70879875953452798
104.255,-0.70501491413881245
104.256,-0.7012276836952922
104.25700000000001,-0.69743709177292956
104.258,-0.69364316194891362
104.259,-0.68984591780827786
104.26000000000001,-0.68604538294349426
104.261,-0.68224158095410026
104.262,-0.67843453544629151
104.26300000000001,-0.67462427003254177
104.264,-0.6708108083312001
104.265,-0.66699417396611516
104.26600000000001,-0.66317439056622796
104.267,-0.65935148176518865
104.268,-0.6555254712009666
104.26900000000001,-0.65169638251545559
104.27,-0.64786423935407855
104.271,-0.64402906536541149
104.27200000000001,-0.64019088420077308
104.273,-0.63634971951385166
104.274,-0.63250559496029712
104.27500000000001,-0.62865853419734785
104.276,-0.62480856088342573
104.277,-0.62095569867775469
104.27800000000001,-0.61709997123996718
104.279,-0.61324140222971524
104.28,-0.60938001530627739
104.28100000000001,-0.60551583412817456
104.282,-0.60164888235277569
104.283,-0.59777918363591276
104.28400000000001,-0.59390676163148726
104.285,-0.59003163999108699
104.286,-0.58615384236358992
104.28700000000001,-0.58227339239478626
104.288,-0.57839031372697924
104.289,-0.57450462999860896
104.29000000000001,-0.57061636484385314
104.291,-0.56672554189225233
104.292,-0.56283218476831065
104.29300000000001,-0.55893631709112324
104.294,-0.55503796247397652
104.295,-0.55113714452397344
104.29600000000001,-0.54723388684164043
104.297,-0.54332821302054768
104.298,-0.53942014664692328
104.29900000000001,-0.53550971129926905
104.3,-0.53159693054797375
104.301,-0.52768182795493512
104.30200000000001,-0.52376442707317405
104.303,-0.51984475144645304
104.304,-0.51592282460889383
104.30500000000001,-0.51199867008459643
104.306,-0.50807231138725717
104.307,-0.50414377201979033
104.30800000000001,-0.50021307547394622
104.309,-0.49628024522993464
104.31,-0.49234530475603977
104.31100000000001,-0.48840827750825033
104.312,-0.48446918692987584
104.313,-0.48052805645117092
104.31399999999999,-0.47658490948895915
104.315,-0.47263976944625696
104.316,-0.46869265971189655
104.31699999999999,-0.46474360366015643
104.318,-0.46079262465037818
104.319,-0.45683974602660227
104.31999999999999,-0.4528849911171875
104.321,-0.44892838323444328
104.322,-0.44496994567425707
104.32299999999999,-0.4410097017157244
104.324,-0.43704767462077365
104.325,-0.43308388763380323
104.32599999999999,-0.42911836398130854
104.327,-0.42515112687151513
104.328,-0.42118219949401015
104.32899999999999,-0.4172116050193786
104.33,-0.41323936659883165
104.331,-0.40926550736385048
104.33199999999999,-0.40529005042581012
104.333,-0.40131301887562998
104.334,-0.39733443578339367
104.33499999999999,-0.39335432419800709
104.336,-0.38937270714681826
104.337,-0.38538960763527097
104.33799999999999,-0.38140504864653613
104.339,-0.37741905314115831
104.34,-0.37343164405669693
104.34099999999999,-0.36944284430736651
104.342,-0.36545267678368276
104.343,-0.36146116435210995
104.34399999999999,-0.35746832985470034
104.345,-0.35347419610874686
104.346,-0.34947878590642523
104.34699999999999,-0.34548212201444706
104.348,-0.3414842271737073
104.349,-0.33748512409893472
104.34999999999999,-0.33348483547834018
104.351,-0.32948338397327559
104.352,-0.32548079221787951
104.35299999999999,-0.32147708281873832
104.354,-0.31747227835453407
104.355,-0.31346640137570869
104.35599999999999,-0.30945947440411326
104.357,-0.30545151993267483
104.358,-0.30144256042504525
104.35899999999999,-0.29743261831527334
104.36,-0.2934217160074537
104.361,-0.28940987587540068
104.36199999999999,-0.28539712026230335
104.363,-0.28138347148039733
104.364,-0.2773689518106206
104.36499999999999,-0.27335358350229333
104.366,-0.26933738877277236
104.367,-0.26532038980713279
104.36799999999999,-0.26130260875782518
104.369,-0.25728406774435841
104.37,-0.25326478885296622
104.371,-0.24924479413628076
104.372,-0.24522410561300845
104.373,-0.2412027452676071
104.374,-0.23718073504996084
104.375,-0.23315809687505906
104.376,-0.22913485262267841
104.377,-0.22511102413705686
104.378,-0.22108663322658506
104.379,-0.21706170166348082
104.38,-0.21303625118348002
104.381,-0.20901030348551553
104.38200000000001,-0.20498388023141523
104.383,-0.20095700304557429
104.384,-0.19692969351465894
104.38500000000001,-0.19290197318728985
104.386,-0.1888738635737357
104.387,-0.18484538614560675
104.38800000000001,-0.18081656233555021
104.389,-0.17678741353694338
104.39,-0.17275796110359565
104.39100000000001,-0.16872822634944074
104.392,-0.16469823054824362
104.393,-0.16066799493329498
104.39400000000001,-0.15663754069711855
104.395,-0.1526068889911727
104.396,-0.14857606092556086
104.39700000000001,-0.14454507756872781
104.398,-0.14051395994717852
104.399,-0.13648272904518022
104.40000000000001,-0.13245140580447945
104.401,-0.12842001112400858
104.402,-0.12438856585960378
104.40300000000001,-0.12035709082371548
104.404,-0.11632560678513482
104.405,-0.11229413446869518
104.40600000000001,-0.10826269455501025
104.407,-0.10423130768018041
104.408,-0.10019999443552452
104.40900000000001,-0.096168775367296178
104.41,-0.092137670976416342
104.411,-0.088106701718192681
104.41200000000001,-0.084075888002058008
104.413,-0.080045250191287387
104.414,-0.076014808602739681
104.41500000000001,-0.071984583506584876
104.416,-0.06795459512604296
104.417,-0.063924863637112139
104.41800000000001,-0.059895409168317482
104.419,-0.055866251800436917
104.42,-0.051837411566252989
104.42100000000001,-0.047808908450286847
104.422,-0.043780762388547334
104.423,-0.039752993268271641
104.42400000000001,-0.035725620927678392
104.425,-0.031698665155705186
104.426,-0.027672145691771011
104.42700000000001,-0.023646082225517784
104.428,-0.019620494396570543
104.429,-0.015595401794284758
104.43000000000001,-0.011570823957510523
104.431,-0.0075467803743443085
104.432,-0.0035232904818909283
104.43300000000001,0.00049962633397448997
104.434,0.004521950738844982
104.435,0.0085436634500206665
104.43600000000001,0.01256474523673301
104.437,0.016585176920389966
104.438,0.020604939374796238
104.43899999999999,0.024624013526387767
104.44,0.028642380354456431
104.441,0.03266002089137876
104.44199999999999,0.03667691622283531
104.443,0.040693047488040923
104.444,0.044708395879952567
104.44499999999999,0.048722942645504252
104.446,0.052736669085810206
104.447,0.056749556556387803
104.44799999999999,0.060761586467371176
104.449,0.06477274028372304
104.45,0.068782999525438981
104.45099999999999,0.072792345767768163
104.452,0.076800760641407617
104.453,0.080808225832720293
104.45399999999999,0.084814723083924459
104.455,0.088820234193307313
104.456,0.092824741015419265
104.45699999999999,0.096828225461275119
104.458,0.10083066949854635
104.459,0.10483205515176208
104.45999999999999,0.10883236450249356
104.461,0.11283157968955804
104.462,0.11682968290919327
104.46299999999999,0.12082665641525825
104.464,0.1248224825194113
104.465,0.12881714359129748
104.46599999999999,0.13281062205872907
104.467,0.13680290040786991
104.468,0.14079396118340837
104.46899999999999,0.14478378698874361
104.47,0.14877236048614595
104.471,0.15275966439694733
104.47199999999999,0.15674568150170165
104.473,0.16073039464035865
104.474,0.16471378671242931
104.47499999999999,0.16869584067715748
104.476,0.17267653955367801
104.477,0.17665586642118236
104.47799999999999,0.18063380441908006
104.479,0.18461033674715588
104.48,0.18858544666572707
104.48099999999999,0.19255911749580279
104.482,0.19653133261922595
104.483,0.20050207547884402
104.48399999999999,0.20447132957863512
104.485,0.20843907848387966
104.486,0.21240530582128825
104.48699999999999,0.2163699952791549
104.488,0.22033313060749604
104.489,0.22429469561819482
104.48999999999999,0.22825467418513345
104.491,0.2322130502443378
104.492,0.2361698077941039
104.49299999999999,0.24012493089514031
104.494,0.24407840367068845
104.495,0.24803021030666494
104.496,0.25198033505177464
104.497,0.25592876221764982
104.498,0.25987547617896278
104.499,0.26382046137355686
104.5,0.26776370230255875
104.501,0.27170518353050266
104.502,0.27564488968544398
104.503,0.27958280545907077
104.504,0.28351891560682119
104.505,0.2874532049479932
104.506,0.29138565836585117
104.50700000000001,0.29531626080772977
104.508,0.29924499728514964
104.509,0.30317185287390891
104.51000000000001,0.30709681271419198
104.511,0.31101986201066145
104.512,0.31494098603256671
104.51300000000001,0.31886017011382584
104.514,0.32277739965313068
104.515,0.32669266011403231
104.51600000000001,0.33060593702503449
104.517,0.33451721597967521
104.518,0.33842648263662256
104.51900000000001,0.3423337227197496
104.52,0.34623892201822382
104.521,0.3501420663865813
104.52200000000001,0.35404314174481133
104.523,0.35794213407842701
104.524,0.36183902943854429
104.52500000000001,0.36573381394195326
104.526,0.36962647377118918
104.527,0.37351699517460002
104.52800000000001,0.37740536446641837
104.529,0.38129156802681852
104.53,0.3851755923019895
104.53100000000001,0.38905742380418706
104.532,0.39293704911180294
104.533,0.3968144548694108
104.53400000000001,0.4006896277878349
104.535,0.40456255464419244
104.536,0.40843322228195644
104.53700000000001,0.4123016176109926
104.538,0.41616772760762299
104.539,0.42003153931465809
104.54000000000001,0.4238930398414531
104.541,0.42775221636393845
104.542,0.43160905612467371
104.54300000000001,0.43546354643287466
104.544,0.43931567466445776
104.545,0.44316542826207161
104.54600000000001,0.44701279473513211
104.547,0.45085776165985125
104.548,0.45470031667926825
104.54900000000001,0.45854044750327794
104.55,0.46237814190865323
104.551,0.4662133877390735
104.55200000000001,0.47004617290514106
104.553,0.47387648538440508
104.554,0.47770431322138096
104.55500000000001,0.48152964452755853
104.556,0.48535246748143024
104.557,0.48917277032848738
104.55800000000001,0.49299054138124543
104.559,0.49680576901924356
104.56,0.50061844168905556
104.56100000000001,0.50442854790429248
104.562,0.50823607624561129
104.563,0.51204101536070912
104.56399999999999,0.5158433539643279
104.565,0.51964308083824817
104.566,0.52344018483129151
104.56699999999999,0.52723465485930698
104.568,0.53102647990516938
104.569,0.53481564901876344
104.56999999999999,0.53860215131697964
104.571,0.54238597598369576
104.572,0.54616711226976422
104.57299999999999,0.54994554949299346
104.574,0.55372127703813012
104.575,0.55749428435683734
104.57599999999999,0.56126456096767741
104.577,0.56503209645607844
104.578,0.56879688047431887
104.57899999999999,0.57255890274148968
104.58,0.57631815304347556
104.581,0.58007462123291109
104.58199999999999,0.58382829722915797
104.583,0.58757917101826451
104.584,0.59132723265293285
104.58499999999999,0.59507247225247495
104.586,0.59881488000277927
104.587,0.60255444615626019
104.58799999999999,0.60629116103182379
104.589,0.61002501501481343
104.59,0.61375599855696783
104.59099999999999,0.61748410217637062
104.592,0.62120931645739974
104.593,0.62493163205067104
104.59399999999999,0.62865103967299119
104.595,0.63236753010729219
104.596,0.63608109420258541
104.59699999999999,0.63979172287388897
104.598,0.64349940710217646
104.599,0.64720413793430653
104.59999999999999,0.65090590648296609
104.601,0.65460470392659409
104.602,0.65830052150932361
104.60299999999999,0.66199335054090147
104.604,0.66568318239662605
104.605,0.6693700085172678
104.60599999999999,0.67305382040899575
104.607,0.67673460964330157
104.608,0.68041236785692116
104.60899999999999,0.68408708675175167
104.61,0.68775875809477616
104.611,0.69142737371797214
104.61199999999999,0.69509292551823254
104.613,0.69875540545727532
104.614,0.70241480556155778
104.61499999999999,0.7060711179221828
104.616,0.70972433469481322
104.617,0.71337444809957007
104.61799999999999,0.71702145042094467
104.619,0.72066533400769894
104.62,0.72430609127276901
104.621,0.72794371469315977
104.622,0.73157819680985225
104.623,0.73520953022769175
104.624,0.73883770761528922
104.625,0.74246272170491223
104.626,0.74608456529237843
104.627,0.74970323123694449
104.628,0.75331871246119331
104.629,0.75693100195092877
104.63,0.76054009275505119
104.631,0.76414597798545225
104.63200000000001,0.76774865081688803
104.633,0.77134810448686619
104.634,0.77494433229552295
104.63500000000001,0.77853732760550254
104.636,0.78212708384183149
104.637,0.78571359449179856
104.63800000000001,0.78929685310481923
104.639,0.79287685329231916
104.64,0.7964535887275932
104.64100000000001,0.80002705314568301
104.642,0.80359724034324054
104.643,0.80716414417839255
104.64400000000001,0.81072775857060897
104.645,0.81428807750056564
104.646,0.81784509500999847
104.64700000000001,0.82139880520157593
104.648,0.82494920223874391
104.649,0.82849628034559508
104.65000000000001,0.83204003380671909
104.651,0.8355804569670533
104.652,0.83911754423173956
104.65300000000001,0.8426512900659815
104.654,0.84618168899488033
104.655,0.84970873560329729
104.65600000000001,0.85323242453569037
104.657,0.85675275049596977
104.658,0.86026970824733273
104.65900000000001,0.86378329261211362
104.66,0.86729349847162074
104.661,0.87080032076598224
104.66200000000001,0.87430375449397668
104.663,0.87780379471288184
104.664,0.88130043653829881
104.66500000000001,0.88479367514399554
104.666,0.88828350576173865
104.667,0.89176992368112074
104.66800000000001,0.89525292424939806
104.669,0.8987325028713169
104.67,0.90220865500893987
104.67100000000001,0.90568137618147859
104.672,0.90915066196511218
104.673,0.91261650799281857
104.67400000000001,0.91607890995419394
104.675,0.91953786359527401
104.676,0.92299336471835547
104.67700000000001,0.92644540918181906
104.678,0.92989399289994012
104.679,0.93333911184271434
104.68000000000001,0.93678076203566474
104.681,0.94021893955966274
104.682,0.94365364055074008
104.68300000000001,0.94708486119989765
104.684,0.95051259775292096
104.685,0.95393684651018429
104.68600000000001,0.95735760382646595
104.687,0.96077486611074958
104.688,0.96418862982603448
104.68899999999999,0.96759889148913758
104.69,0.97100564767050068
104.691,0.97440889499398908
104.69199999999999,0.97780863013669661
104.693,0.98120484982874645
104.694,0.98459755085308553
104.69499999999999,0.98798673004528936
104.696,0.99137238429335306
104.697,0.99475451053749531
104.69799999999999,0.99813310576994319
104.699,1.0015081670347343
104.7,1.004879691427508
104.70099999999999,1.0082476760952945
104.702,1.0116121182363047
104.703,1.0149730150997291
104.70399999999999,1.0183303639855119
104.705,1.0216841622441553
104.706,1.0250344072764892
104.70699999999999,1.0283810965334708
104.708,1.0317242275159606
104.709,1.035063797774513
104.70999999999999,1.0383998049091505
104.711,1.0417322465691532
104.712,1.0450611204528348
104.71299999999999,1.0483864243073271
104.714,1.0517081559283525
104.715,1.0550263131600088
104.71599999999999,1.0583408938945382
104.717,1.0616518960721133
104.718,1.064959317680602
104.71899999999999,1.0682631567553535
104.72,1.0715634113789558
104.721,1.0748600796810279
104.72199999999999,1.0781531598379714
104.723,1.0814426500727579
104.724,1.084728548654688
104.72499999999999,1.0880108538991675
104.726,1.0912895641674685
104.727,1.0945646778665061
104.72799999999999,1.0978361934485914
104.729,1.1011041094112164
104.73,1.1043684242967995
104.73099999999999,1.107629136692462
104.732,1.110886245229787
104.733,1.1141397485845845
104.73399999999999,1.1173896454766474
104.735,1.1206359346695229
104.736,1.1238786149702618
104.73699999999999,1.1271176852291869
104.738,1.1303531443396426
104.739,1.1335849912377656
104.73999999999999,1.1368132249022316
104.741,1.1400378443540156
104.742,1.1432588486561475
104.74299999999999,1.1464762369134729
104.744,1.1496900082723962
104.745,1.1529001619206474
104.746,1.1561066970870248
104.747,1.1593096130411571
104.748,1.1625089090932472
104.749,1.1657045845938305
104.75,1.1688966389335187
104.751,1.1720850715427569
104.752,1.1752698818915717
104.753,1.1784510694893138
104.754,1.1816286338844177
104.755,1.184802574664138
104.756,1.1879728914543044
104.75700000000001,1.191139583919067
104.758,1.1943026517606414
104.759,1.1974620947190531
104.76000000000001,1.2006179125718863
104.761,1.2037701051340242
104.762,1.2069186722574001
104.76300000000001,1.2100636138307301
104.764,1.2132049297792677
104.765,1.2163426200645386
104.76600000000001,1.2194766846840874
104.767,1.2226071236712155
104.768,1.2257339370947262
104.76900000000001,1.2288571250586644
104.77,1.2319766877020553
104.771,1.2350926251986429
104.77200000000001,1.2382049377566395
104.773,1.2413136256184498
104.774,1.2444186890604225
104.77500000000001,1.2475201283925814
104.776,1.2506179439583671
104.777,1.2537121361343735
104.77800000000001,1.2568027053300823
104.779,1.2598896519876037
104.78,1.2629729765814153
104.78100000000001,1.26605267961809
104.782,1.2691287616360385
104.783,1.2722012232052458
104.78400000000001,1.275270064927001
104.785,1.2783352874336353
104.786,1.2813968913882625
104.78700000000001,1.2844548774844982
104.788,1.2875092464462132
104.789,1.2905599990272529
104.79000000000001,1.2936071360111785
104.791,1.2966506582109969
104.792,1.2996905664688965
104.79300000000001,1.3027268616559773
104.794,1.3057595446719876
104.795,1.308788616445054
104.79600000000001,1.3118140779314165
104.797,1.314835930115154
104.798,1.3178541740079277
104.79900000000001,1.3208688106486997
104.8,1.32387984110348
104.801,1.3268872664650424
104.80200000000001,1.3298910878526684
104.803,1.3328913064118724
104.804,1.3358879233141367
104.80500000000001,1.3388809397566361
104.806,1.3418703569619788
104.807,1.3448561761779276
104.80800000000001,1.3478383986771407
104.809,1.3508170257568928
104.81,1.3537920587388121
104.81100000000001,1.3567634989686108
104.812,1.3597313478158148
104.813,1.3626956066734905
104.81399999999999,1.3656562769579863
104.815,1.3686133601086485
104.816,1.3715668575875686
104.81699999999999,1.3745167708792969
104.818,1.3774631014905885
104.819,1.380405850950122
104.81999999999999,1.3833450208082407
104.821,1.3862806126366736
104.822,1.3892126280282753
104.82299999999999,1.3921410685967519
104.824,1.3950659359763899
104.825,1.3979872318217961
104.82599999999999,1.4009049578076171
104.827,1.403819115628282
104.828,1.406729706997726
104.82899999999999,1.4096367336491233
104.83,1.4125401973346254
104.831,1.4154400998250822
104.83199999999999,1.4183364429097831
104.833,1.4212292283961834
104.834,1.4241184581096407
104.83499999999999,1.4270041338931421
104.836,1.4298862576070452
104.837,1.4327648311288039
104.83799999999999,1.4356398563527017
104.839,1.4385113351895908
104.84,1.4413792695666199
104.84099999999999,1.4442436614269671
104.842,1.4471045127295836
104.843,1.4499618254489133
104.84399999999999,1.452815601574641
104.845,1.4556658431114173
104.846,1.4585125520786
104.84699999999999,1.4613557305099862
104.848,1.4641953804535484
104.849,1.467031503971171
104.84999999999999,1.4698641031383848
104.851,1.4726931800441077
104.852,1.4755187367903781
104.85299999999999,1.4783407754920903
104.854,1.481159298276739
104.855,1.4839743072841491
104.85599999999999,1.4867858046662192
104.857,1.4895937925866596
104.858,1.4923982732207293
104.85899999999999,1.495199248754977
104.86,1.4979967213869827
104.861,1.5007906933250914
104.86199999999999,1.5035811667881638
104.863,1.5063681440053069
104.864,1.509151627215624
104.86499999999999,1.5119316186679508
104.866,1.5147081206206001
104.867,1.5174811353411066
104.86799999999999,1.520250665105968
104.869,1.5230167122003861
104.87,1.525779278918018
104.871,1.5285383675607149
104.872,1.531293980438269
104.873,1.5340461198681616
104.874,1.5367947881753055
104.875,1.5395399876917968
104.876,1.5422817207566557
104.877,1.5450199897155819
104.878,1.5477547969206968
104.879,1.5504861447302958
104.88,1.5532140355085962
104.881,1.555938471625492
104.88200000000001,1.5586594554562949
104.883,1.5613769893814986
104.884,1.564091075786517
104.88500000000001,1.5668017170614517
104.886,1.5695089156008286
104.887,1.5722126738033675
104.88800000000001,1.5749129940717248
104.889,1.5776098788122552
104.89,1.5803033304347656
104.89100000000001,1.5829933513522687
104.892,1.5856799439807467
104.893,1.5883631107389011
104.89400000000001,1.5910428540479178
104.895,1.5937191763312222
104.896,1.5963920800142388
104.89700000000001,1.5990615675241573
104.898,1.6017276412896846
104.899,1.6043903037408154
104.90000000000001,1.607049557308589
104.901,1.6097054044248569
104.902,1.6123578475220437
104.90300000000001,1.6150068890329132
104.904,1.6176525313903336
104.905,1.6202947770270473
104.90600000000001,1.6229336283754325
104.907,1.6255690878672753
104.908,1.628201157933534
104.90900000000001,1.630829841004116
104.91,1.6334551395076433
104.911,1.6360770558712228
104.91200000000001,1.638695592520218
104.913,1.6413107518780277
104.914,1.6439225363658525
104.91500000000001,1.646530948402475
104.916,1.6491359904040304
104.917,1.6517376647837845
104.91800000000001,1.654335973951913
104.919,1.6569309203152764
104.92,1.6595225062771981
104.92100000000001,1.662110734237249
104.922,1.6646956065910241
104.923,1.6672771257299228
104.92400000000001,1.6698552940409348
104.925,1.6724301139064233
104.926,1.6750015877039042
104.92700000000001,1.6775697178058369
104.928,1.6801345065794087
104.929,1.6826959563863206
104.93000000000001,1.6852540695825751
104.931,1.6878088485182674
104.932,1.6903602955373742
104.93300000000001,1.6929084129775411
104.934,1.6954532031698815
104.935,1.6979946684387612
104.93600000000001,1.7005328111016005
104.937,1.7030676334686603
104.938,1.7055991378428446
104.93899999999999,1.7081273265194958
104.94,1.7106522017861889
104.941,1.7131737659225348
104.94199999999999,1.7156920211999755
104.943,1.7182069698815932
104.944,1.7207186142218991
104.94499999999999,1.7232269564666507
104.946,1.7257319988526421
104.947,1.7282337436075208
104.94799999999999,1.7307321929495876
104.949,1.7332273490876025
104.95,1.7357192142205959
104.95099999999999,1.7382077905376812
104.952,1.740693080217854
104.953,1.743175085429816
104.95399999999999,1.7456538083317801
104.955,1.7481292510712871
104.956,1.7506014157850176
104.95699999999999,1.7530703045986114
104.958,1.755535919626483
104.959,1.7579982629716397
104.95999999999999,1.7604573367254963
104.961,1.762913142967707
104.962,1.7653656837659744
104.96299999999999,1.7678149611758798
104.964,1.7702609772407039
104.965,1.7727037339912546
104.96599999999999,1.7751432334456874
104.967,1.777579477609339
104.968,1.780012468474554
104.96899999999999,1.7824422080205105
104.97,1.7848686982130588
104.971,1.7872919410045447
104.97199999999999,1.7897119383336488
104.973,1.7921286921252195
104.974,1.7945422042901074
104.97499999999999,1.7969524767250022
104.976,1.7993595113122727
104.977,1.8017633099198047
104.97799999999999,1.804163874400841
104.979,1.8065612065938221
104.98,1.8089553083222367
104.98099999999999,1.8113461813944527
104.982,1.8137338276035744
104.983,1.8161182487272833
104.98399999999999,1.8184994465276874
104.985,1.8208774227511721
104.986,1.8232521791282459
104.98699999999999,1.8256237173733982
104.988,1.8279920391849476
104.989,1.8303571462449002
104.98999999999999,1.8327190402187996
104.991,1.835077722755589
104.992,1.8374331954874656
104.99299999999999,1.8397854600297463
104.994,1.8421345179807191
104.995,1.8444803709215116
104.996,1.846823020415953
104.997,1.8491624680104375
104.998,1.8514987152337901
104.999,1.8538317635971386
105,1.8561616145937743
105.001,1.8584882696990297
105.002,1.8608117303701415
105.003,1.8631319980461325
105.004,1.8654490741476768
105.005,1.8677629600769809
105.006,1.8700736572176584
105.00700000000001,1.8723811669346071
105.008,1.8746854905738901
105.009,1.8769866294626136
105.01000000000001,1.8792845849088107
105.011,1.8815793582013289
105.012,1.8838709506097033
105.01300000000001,1.8861593633840554
105.014,1.8884445977549738
105.015,1.8907266549334056
105.01600000000001,1.8930055361105407
105.017,1.8952812424577126
105.018,1.8975537751262852
105.01900000000001,1.8998231352475508
105.02,1.9020893239326184
105.021,1.9043523422723212
105.02200000000001,1.906612191337107
105.023,1.9088688721769467
105.024,1.9111223858212227
105.02500000000001,1.9133727332786405
105.026,1.9156199155371381
105.027,1.9178639335637786
105.02800000000001,1.9201047883046631
105.029,1.9223424806848426
105.03,1.9245770116082219
105.03100000000001,1.9268083819574779
105.032,1.9290365925939594
105.033,1.931261644357618
105.03400000000001,1.9334835380669102
105.035,1.9357022745187231
105.036,1.9379178544882831
105.03700000000001,1.9401302787290857
105.038,1.9423395479728107
105.039,1.9445456629292488
105.04000000000001,1.9467486242862198
105.041,1.9489484327095028
105.042,1.9511450888427637
105.04300000000001,1.9533385933074807
105.044,1.9555289467028762
105.045,1.9577161496058439
105.04600000000001,1.9599002025708903
105.047,1.9620811061300605
105.048,1.9642588607928748
105.04900000000001,1.9664334670462718
105.05,1.9686049253545395
105.051,1.9707732361592643
105.05200000000001,1.9729383998792582
105.053,1.9751004169105195
105.054,1.9772592876261628
105.05500000000001,1.9794150123763727
105.056,1.9815675914883459
105.057,1.9837170252662464
105.05799999999999,1.9858633139911492
105.059,1.9880064579209988
105.06,1.990146457290553
105.06100000000001,1.9922833123113473
105.062,1.9944170231716465
105.063,1.9965475900364027
105.06399999999999,1.9986750130472115
105.065,2.0007992923222786
105.066,2.0029204279563779
105.06700000000001,2.0050384200208167
105.068,2.0071532685633962
105.069,2.0092649736083845
105.06999999999999,2.0113735351564825
105.071,2.0134789531847921
105.072,2.0155812276467819
105.07299999999999,2.0176803584722718
105.074,2.0197763455673972
105.075,2.0218691888145894
105.07599999999999,2.0239588880725452
105.077,2.0260454431762138
105.078,2.0281288539367739
105.07899999999999,2.0302091201416128
105.08,2.0322862415543073
105.081,2.0343602179146156
105.08199999999999,2.0364310489384558
105.083,2.0384987343178982
105.084,2.0405632737211459
105.08499999999999,2.0426246667925345
105.086,2.0446829131525188
105.087,2.0467380123976668
105.08799999999999,2.0487899641006524
105.089,2.0508387678102564
105.09,2.0528844230513572
105.09099999999999,2.0549269293249344
105.092,2.0569662861080702
105.093,2.0590024928539448
105.09399999999999,2.0610355489918479
105.095,2.0630654539271807
105.096,2.0650922070414572
105.09699999999999,2.0671158076923217
105.098,2.0691362552135493
105.099,2.0711535489150621
105.09999999999999,2.0731676880829371
105.101,2.0751786719794239
105.102,2.0771864998429606
105.10299999999999,2.0791911708881838
105.104,2.0811926843059525
105.105,2.0831910392633697
105.10599999999999,2.0851862349037957
105.107,2.0871782703468797
105.108,2.0891671446885725
105.10899999999999,2.0911528570011626
105.11,2.0931354063333019
105.111,2.095114791710027
105.11199999999999,2.0970910121327915
105.113,2.0990640665795026
105.114,2.1010339540045506
105.11499999999999,2.1030006733388413
105.116,2.1049642234898305
105.117,2.1069246033415672
105.11799999999999,2.1088818117547268
105.119,2.1108358475666535
105.12,2.1127867095913975
105.121,2.114734396619768
105.122,2.1166789074193617
105.123,2.1186202407346273
105.124,2.1205583952868947
105.125,2.1224933697744341
105.126,2.1244251628725053
105.127,2.1263537732334066
105.128,2.1282791994865278
105.129,2.1302014402384049
105.13,2.132120494072776
105.131,2.13403635955064
105.13200000000001,2.1359490352103117
105.133,2.1378585195674842
105.134,2.1397648111152887
105.13500000000001,2.1416679083243602
105.136,2.1435678096428985
105.137,2.1454645134967327
105.13800000000001,2.1473580182893959
105.139,2.1492483224021819
105.14,2.1511354241942255
105.14100000000001,2.1530193220025664
105.142,2.1549000141422234
105.143,2.1567774989062745
105.14400000000001,2.1586517745659228
105.145,2.1605228393705773
105.146,2.1623906915479343
105.14700000000001,2.1642553293040514
105.148,2.1661167508234302
105.149,2.1679749542690989
105.15000000000001,2.1698299377826968
105.151,2.1716816994845565
105.152,2.1735302374737939
105.15300000000001,2.1753755498283907
105.154,2.1772176346052867
105.155,2.1790564898404714
105.15600000000001,2.1808921135490742
105.157,2.1827245037254523
105.158,2.184553658343293
105.15900000000001,2.1863795753557045
105.16,2.1882022526953184
105.161,2.1900216882743773
105.16200000000001,2.1918378799848415
105.163,2.1936508256984961
105.164,2.1954605232670397
105.16500000000001,2.1972669705221959
105.166,2.1990701652758156
105.167,2.2008701053199884
105.16800000000001,2.202666788427142
105.169,2.2044602123501553
105.17,2.206250374822468
105.17100000000001,2.2080372735581926
105.172,2.2098209062522258
105.173,2.2116012705803589
105.17400000000001,2.2133783641994027
105.175,2.2151521847472888
105.176,2.2169227298432088
105.17700000000001,2.2186899970877065
105.178,2.2204539840628192
105.179,2.2222146883321914
105.18000000000001,2.2239721074411958
105.181,2.2257262389170611
105.182,2.2274770802689909
105.18299999999999,2.2292246289882964
105.184,2.2309688825485243
105.185,2.2327098384055764
105.18600000000001,2.23444749399785
105.187,2.2361818467463657
105.188,2.2379128940548951
105.18899999999999,2.2396406333100991
105.19,2.2413650618816634
105.191,2.2430861771224322
105.19200000000001,2.2448039763685443
105.193,2.2465184569395729
105.194,2.2482296161386648
105.19499999999999,2.2499374512526824
105.196,2.251641959552344
105.197,2.2533431382923634
105.19799999999999,2.2550409847116013
105.199,2.2567354960332051
105.2,2.2584266694647566
105.20099999999999,2.2601145021984208
105.202,2.2617989914110903
105.203,2.2634801342645394
105.20399999999999,2.2651579279055767
105.205,2.2668323694661878
105.206,2.2685034560636983
105.20699999999999,2.2701711848009234
105.208,2.271835552766325
105.209,2.2734965570341648
105.20999999999999,2.2751541946646632
105.211,2.2768084627041607
105.212,2.2784593581852723
105.21299999999999,2.2801068781270537
105.214,2.2817510195351565
105.215,2.2833917794019989
105.21599999999999,2.2850291547069217
105.217,2.2866631424163573
105.218,2.2882937394839944
105.21899999999999,2.2899209428509453
105.22,2.2915447494459156
105.221,2.2931651561853683
105.22199999999999,2.2947821599736953
105.223,2.296395757703396
105.224,2.2980059462552345
105.22499999999999,2.2996127224984262
105.226,2.3012160832908028
105.227,2.3028160254789927
105.22799999999999,2.3044125458985945
105.229,2.3060056413743513
105.23,2.307595308720332
105.23099999999999,2.3091815447401096
105.232,2.3107643462269416
105.233,2.3123437099639439
105.23399999999999,2.3139196327242799
105.235,2.3154921112713431
105.236,2.3170611423589338
105.23699999999999,2.3186267227314477
105.238,2.3201888491240612
105.239,2.321747518262915
105.23999999999999,2.3233027268653066
105.241,2.3248544716398687
105.242,2.3264027492867654
105.24299999999999,2.3279475564978798
105.244,2.3294888899570041
105.245,2.331026746340028
105.246,2.3325611223151377
105.247,2.3340920145430011
105.248,2.335619419676966
105.249,2.3371433343632524
105.25,2.3386637552411496
105.251,2.3401806789432138
105.252,2.3416941020954583
105.253,2.3432040213175616
105.254,2.3447104332230562
105.255,2.34621333441953
105.256,2.3477127215088327
105.25700000000001,2.3492085910872729
105.258,2.3507009397458134
105.259,2.3521897640702836
105.26000000000001,2.3536750606415762
105.261,2.3551568260358549
105.262,2.356635056824754
105.26300000000001,2.3581097495755876
105.264,2.3595809008515567
105.265,2.3610485072119518
105.26600000000001,2.3625125652123606
105.267,2.3639730714048803
105.268,2.365430022338324
105.26900000000001,2.3668834145584272
105.27,2.3683332446080612
105.271,2.3697795090274436
105.27200000000001,2.3712222043543485
105.273,2.37266132712432
105.274,2.3740968738708808
105.27500000000001,2.3755288411257522
105.276,2.376957225419063
105.277,2.3783820232795647
105.27800000000001,2.3798032312348445
105.279,2.3812208458115474
105.28,2.3826348635355887
105.28100000000001,2.3840452809323667
105.282,2.3854520945269879
105.283,2.3868553008444779
105.28400000000001,2.3882548964100048
105.285,2.3896508777490979
105.286,2.391043241387862
105.28700000000001,2.3924319838532044
105.288,2.3938171016730498
105.289,2.3951985913765657
105.29000000000001,2.3965764494943818
105.291,2.3979506725588129
105.292,2.3993212571040807
105.29300000000001,2.400688199666539
105.294,2.4020514967848898
105.295,2.4034111450004203
105.29600000000001,2.4047671408572171
105.297,2.4061194809023911
105.298,2.4074681616863098
105.29900000000001,2.4088131797628174
105.3,2.4101545316894613
105.301,2.4114922140277213
105.30200000000001,2.4128262233432358
105.303,2.4141565562060237
105.304,2.4154832091907243
105.30500000000001,2.4168061788768114
105.306,2.4181254618488306
105.307,2.4194410546966272
105.30799999999999,2.4207529540155703
105.309,2.4220611564067909
105.31,2.423365658477401
105.31100000000001,2.4246664568407343
105.312,2.4259635481165689
105.313,2.4272569289313628
105.31399999999999,2.4285465959184811
105.315,2.4298325457184315
105.316,2.431114774979092
105.31700000000001,2.432393280355948
105.318,2.4336680585123149
105.319,2.4349391061195824
105.31999999999999,2.4362064198574389
105.321,2.4374699964141082
105.322,2.4387298324865774
105.32299999999999,2.4399859247808395
105.324,2.4412382700121178
105.325,2.4424868649051041
105.32599999999999,2.4437317061941939
105.327,2.4449727906237122
105.328,2.4462101149481628
105.32899999999999,2.4474436759324472
105.33,2.4486734703521083
105.331,2.4498994949935624
105.33199999999999,2.4511217466543336
105.333,2.4523402221432904
105.334,2.4535549182808789
105.33499999999999,2.454765831899361
105.336,2.4559729598430442
105.337,2.4571762989685229
105.33799999999999,2.4583758461449121
105.339,2.45957159825408
105.34,2.4607635521908864
105.34099999999999,2.4619517048634219
105.342,2.4631360531932316
105.343,2.4643165941155654
105.34399999999999,2.4654933245796045
105.345,2.4666662415487011
105.346,2.4678353420006114
105.34699999999999,2.4690006229277337
105.348,2.4701620813373446
105.349,2.4713197142518322
105.34999999999999,2.4724735187089326
105.351,2.4736234917619679
105.352,2.4747696304800804
105.35299999999999,2.4759119319484659
105.354,2.4770503932686116
105.355,2.4781850115585353
105.35599999999999,2.4793157839530124
105.357,2.4804427076038182
105.358,2.4815657796799582
105.35899999999999,2.4826849973679073
105.36,2.4838003578718428
105.361,2.4849118584138803
105.36199999999999,2.486019496234305
105.363,2.4871232685918119
105.364,2.4882231727637345
105.36499999999999,2.4893192060462845
105.366,2.4904113657547793
105.367,2.4914996492238841
105.36799999999999,2.4925840538078372
105.369,2.4936645768806902
105.37,2.4947412158365392
105.371,2.4958139680897533
105.372,2.4968828310752147
105.373,2.4979478022485475
105.374,2.4990088790863503
105.375,2.5000660590864299
105.376,2.501119339768028
105.377,2.5021687186720625
105.378,2.5032141933613485
105.379,2.5042557614208354
105.38,2.5052934204578348
105.381,2.506327168102255
105.38200000000001,2.5073570020068248
105.383,2.5083829198473304
105.384,2.5094049193228369
105.38500000000001,2.5104229981559247
105.386,2.5114371540929157
105.387,2.512447384904096
105.38800000000001,2.5134536883839531
105.389,2.514456062351401
105.39,2.5154545046500023
105.39100000000001,2.5164490131482009
105.392,2.5174395857395448
105.393,2.5184262203429135
105.39400000000001,2.5194089149027428
105.395,2.5203876673892545
105.396,2.5213624757986697
105.39700000000001,2.522333338153449
105.398,2.523300252502505
105.399,2.5242632169214243
105.40000000000001,2.5252222295126994
105.401,2.5261772884059455
105.402,2.5271283917581213
105.40300000000001,2.5280755377537547
105.404,2.5290187246051583
105.405,2.5299579505526553
105.40600000000001,2.530893213864795
105.407,2.5318245128385723
105.408,2.5327518457996523
105.40900000000001,2.5336752111025782
105.41,2.5345946071309995
105.411,2.5355100322978794
105.41200000000001,2.5364214850457198
105.413,2.5373289638467718
105.414,2.5382324672032528
105.41500000000001,2.5391319936475587
105.416,2.5400275417424814
105.417,2.5409191100814219
105.41800000000001,2.5418066972886013
105.419,2.5426903020192713
105.42,2.5435699229599291
105.42100000000001,2.5444455588285289
105.422,2.5453172083746862
105.423,2.5461848703798955
105.42400000000001,2.5470485436577301
105.425,2.547908227054057
105.426,2.5487639194472425
105.42700000000001,2.5496156197483577
105.428,2.5504633269013839
105.429,2.5513070398834197
105.43000000000001,2.5521467577048864
105.431,2.5529824794097262
105.432,2.5538142040756124
105.43299999999999,2.5546419308141473
105.434,2.5554656587710642
105.435,2.5562853871264273
105.43600000000001,2.5571011150948348
105.437,2.5579128419256132
105.438,2.5587205669030215
105.43899999999999,2.559524289346442
105.44,2.560324008610583
105.441,2.5611197240856698
105.44200000000001,2.5619114351976435
105.443,2.5626991414083511
105.444,2.5634828422157434
105.44499999999999,2.564262537154065
105.446,2.5650382257940447
105.447,2.5658099077430876
105.44799999999999,2.5665775826454658
105.449,2.5673412501825048
105.45,2.5681009100727756
105.45099999999999,2.5688565620722761
105.452,2.5696082059746219
105.453,2.5703558416112293
105.45399999999999,2.5710994688515023
105.455,2.5718390876030095
105.456,2.5725746978116781
105.45699999999999,2.5733062994619624
105.458,2.5740338925770332
105.459,2.5747574772189528
105.45999999999999,2.5754770534888554
105.461,2.5761926215271282
105.462,2.5769041815135809
105.46299999999999,2.5776117336676228
105.464,2.5783152782484438
105.465,2.5790148155551833
105.46599999999999,2.5797103459271007
105.467,2.5804018697437474
105.468,2.5810893874251457
105.46899999999999,2.5817728994319467
105.47,2.5824524062656056
105.471,2.5831279084685468
105.47199999999999,2.5837994066243284
105.473,2.5844669013578154
105.474,2.5851303933353309
105.47499999999999,2.5857898832648334
105.476,2.5864453718960663
105.477,2.5870968600207243
105.47799999999999,2.5877443484726186
105.479,2.5883878381278214
105.48,2.5890273299048387
105.48099999999999,2.5896628247647553
105.482,2.5902943237113982
105.483,2.5909218277914858
105.48399999999999,2.5915453380947802
105.485,2.5921648557542429
105.486,2.592780381946183
105.48699999999999,2.5933919178904064
105.488,2.5939994648503646
105.489,2.594603024133304
105.48999999999999,2.5952025970904069
105.491,2.5957981851169394
105.492,2.596389789652398
105.49299999999999,2.5969774121806437
105.494,2.5975610542300505
105.495,2.5981407173736404
105.496,2.5987164032292265
105.497,2.5992881134595462
105.498,2.5998558497724025
105.499,2.6004196139207889
105.5,2.6009794077030359
105.501,2.6015352329629358
105.502,2.6020870915898731
105.503,2.6026349855189568
105.504,2.6031789167311512
105.505,2.6037188872533967
105.506,2.6042548991587426
105.50700000000001,2.6047869545664679
105.508,2.6053150556422056
105.509,2.6058392045980643
105.51000000000001,2.6063594036927489
105.511,2.6068756552316823
105.512,2.6073879615671203
105.51300000000001,2.6078963250982703
105.514,2.6084007482714067
105.515,2.6089012335799842
105.51600000000001,2.6093977835647495
105.517,2.6098904008138568
105.518,2.6103790879629725
105.51900000000001,2.6108638476953892
105.52,2.6113446827421281
105.521,2.6118215958820477
105.52200000000001,2.6122945899419481
105.523,2.6127636677966741
105.524,2.6132288323692148
105.52500000000001,2.6136900866308084
105.526,2.6141474336010377
105.527,2.6146008763479269
105.52800000000001,2.6150504179880425
105.529,2.615496061686581
105.53,2.6159378106574698
105.53100000000001,2.6163756681634536
105.532,2.6168096375161856
105.533,2.6172397220763202
105.53400000000001,2.6176659252535952
105.535,2.6180882505069221
105.536,2.6185067013444692
105.53700000000001,2.6189212813237437
105.538,2.6193319940516768
105.539,2.6197388431846984
105.54000000000001,2.6201418324288221
105.541,2.6205409655397194
105.542,2.6209362463227937
105.54300000000001,2.6213276786332598
105.544,2.6217152663762131
105.545,2.6220990135066975
105.54600000000001,2.6224789240297861
105.547,2.6228550020006383
105.548,2.6232272515245745
105.54900000000001,2.6235956767571338
105.55,2.6239602819041488
105.551,2.6243210712217966
105.55200000000001,2.6246780490166657
105.553,2.6250312196458148
105.554,2.6253805875168306
105.55500000000001,2.625726157087882
105.556,2.6260679328677785
105.557,2.6264059194160168
105.55799999999999,2.6267401213428427
105.559,2.6270705433092916
105.56,2.627397190027239
105.56100000000001,2.627720066259454
105.562,2.6280391768196365
105.563,2.628354526572465
105.56399999999999,2.628666120433639
105.565,2.6289739633699183
105.566,2.6292780603991637
105.56700000000001,2.6295784165903751
105.568,2.6298750370637216
105.569,2.6301679269905844
105.56999999999999,2.6304570915935876
105.571,2.6307425361466228
105.572,2.631024265974887
105.57299999999999,2.6313022864549054
105.574,2.6315766030145635
105.575,2.6318472211331221
105.57599999999999,2.632114146341253
105.577,2.6323773842210514
105.578,2.6326369404060594
105.57899999999999,2.6328928205812852
105.58,2.6331450304832171
105.581,2.6333935758998424
105.58199999999999,2.6336384626706586
105.583,2.6338796966866851
105.584,2.6341172838904776
105.58499999999999,2.6343512302761294
105.586,2.6345815418892871
105.587,2.6348082248271489
105.58799999999999,2.6350312852384734
105.589,2.6352507293235798
105.59,2.6354665633343508
105.59099999999999,2.6356787935742254
105.592,2.6358874263982033
105.593,2.6360924682128362
105.59399999999999,2.6362939254762274
105.595,2.6364918046980153
105.596,2.6366861124393717
105.59699999999999,2.6368768553129907
105.598,2.6370640399830689
105.599,2.6372476731653016
105.59999999999999,2.6374277616268595
105.601,2.6376043121863728
105.602,2.6377773317139139
105.60299999999999,2.6379468271309769
105.604,2.6381128054104517
105.605,2.6382752735766037
105.60599999999999,2.6384342387050466
105.607,2.6385897079227139
105.608,2.6387416884078343
105.60899999999999,2.6388901873898916
105.61,2.6390352121496057
105.611,2.6391767700188868
105.61199999999999,2.6393148683808065
105.613,2.6394495146695549
105.614,2.6395807163704106
105.61499999999999,2.6397084810196896
105.616,2.6398328162047111
105.617,2.6399537295637474
105.61799999999999,2.6400712287859842
105.619,2.6401853216114675
105.62,2.6402960158310576
105.621,2.6404033192863805
105.622,2.6405072398697707
105.623,2.6406077855242205
105.624,2.6407049642433242
105.625,2.6407987840712193
105.626,2.6408892531025283
105.627,2.6409763794822982
105.628,2.6410601714059383
105.629,2.6411406371191566
105.63,2.6412177849178913
105.631,2.6412916231482475
105.63200000000001,2.6413621602064272
105.633,2.6414294045386537
105.634,2.6414933646411085
105.63500000000001,2.6415540490598479
105.636,2.6416114663907351
105.637,2.6416656252793556
105.63800000000001,2.641716534420945
105.639,2.6417642025603039
105.64,2.641808638491717
105.64100000000001,2.6418498510588697
105.642,2.6418878491547608
105.643,2.6419226417216177
105.64400000000001,2.6419542377508036
105.645,2.6419826462827336
105.646,2.6420078764067734
105.64700000000001,2.6420299372611518
105.648,2.6420488380328635
105.649,2.642064587957571
105.65000000000001,2.6420771963195113
105.651,2.6420866724513807
105.652,2.6420930257342516
105.65300000000001,2.6420962655974556
105.654,2.6420964015184802
105.655,2.6420934430228673
105.65600000000001,2.6420873996840974
105.657,2.642078281123482
105.658,2.6420660970100558
105.65900000000001,2.6420508570604544
105.66,2.642032571038806
105.661,2.642011248756611
105.66200000000001,2.6419869000726246
105.663,2.6419595348927376
105.664,2.6419291631698503
105.66500000000001,2.6418957949037538
105.666,2.641859440141006
105.667,2.641820108974795
105.66800000000001,2.6417778115448254
105.669,2.6417325580371758
105.67,2.6416843586841727
105.67100000000001,2.6416332237642575
105.672,2.6415791636018509
105.673,2.6415221885672153
105.67400000000001,2.6414623090763207
105.675,2.6413995355906987
105.676,2.6413338786173064
105.67700000000001,2.6412653487083828
105.678,2.6411939564613025
105.679,2.6411197125184316
105.68000000000001,2.6410426275669798
105.681,2.6409627123388493
105.682,2.6408799776104841
105.68299999999999,2.6407944342027241
105.684,2.6407060929806412
105.685,2.6406149648533921
105.68600000000001,2.6405210607740548
105.687,2.640424391739475
105.688,2.6403249687901038
105.68899999999999,2.640222803009836
105.69,2.6401179055258464
105.691,2.6400102875084253
105.69200000000001,2.6398999601708124
105.693,2.6397869347690306
105.694,2.6396712226017089
105.69499999999999,2.6395528350099227
105.696,2.6394317833770145
105.697,2.6393080791284169
105.69799999999999,2.6391817337314878
105.699,2.6390527586953176
105.7,2.6389211655705669
105.70099999999999,2.638786965949274
105.702,2.6386501714646777
105.703,2.6385107937910393
105.70399999999999,2.6383688446434452
105.705,2.6382243357776329
105.706,2.6380772789898006
105.70699999999999,2.6379276861164094
105.708,2.6377755690340035
105.709,2.6376209396590147
105.70999999999999,2.6374638099475645
105.711,2.6373041918952738
105.712,2.6371420975370654
105.71299999999999,2.6369775389469639
105.714,2.6368105282378984
105.715,2.6366410775614986
105.71599999999999,2.6364691991078981
105.717,2.6362949051055247
105.718,2.636118207820894
105.71899999999999,2.6359391195584139
105.72,2.6357576526601596
105.721,2.6355738195056779
105.72199999999999,2.6353876325117711
105.723,2.6351991041322811
105.724,2.6350082468578813
105.72499999999999,2.6348150732158588
105.726,2.6346195957698959
105.727,2.6344218271198576
105.72799999999999,2.6342217799015653
105.729,2.6340194667865804
105.73,2.6338149004819806
105.73099999999999,2.6336080937301354
105.732,2.6333990593084859
105.733,2.6331878100293102
105.73399999999999,2.6329743587395034
105.735,2.6327587183203445
105.736,2.6325409016872667
105.73699999999999,2.632320921789626
105.738,2.6320987916104697
105.739,2.6318745241662977
105.73999999999999,2.6316481325068319
105.741,2.6314196297147774
105.742,2.631189028905577
105.74299999999999,2.6309563432271874
105.744,2.6307215858598236
105.745,2.6304847700157183
105.746,2.6302459089388934
105.747,2.6300050159048918
105.748,2.6297621042205495
105.749,2.6295171872237404
105.75,2.6292702782831299
105.751,2.6290213907979227
105.752,2.6287705381976161
105.753,2.628517733941742
105.754,2.6282629915196183
105.755,2.6280063244500882
105.756,2.6277477462812744
105.75700000000001,2.6274872705903083
105.758,2.627224910983081
105.759,2.6269606810939821
105.76000000000001,2.6266945945856355
105.761,2.626426665148641
105.762,2.6261569065013077
105.76300000000001,2.6258853323893923
105.764,2.6256119565858334
105.765,2.6253367928904812
105.76600000000001,2.6250598551298312
105.767,2.6247811571567614
105.768,2.624500712850248
105.76900000000001,2.6242185361151105
105.77,2.6239346408817266
105.771,2.6236490411057636
105.77200000000001,2.6233617507679026
105.773,2.6230727838735635
105.774,2.622782154452628
105.77500000000001,2.6224898765591611
105.776,2.6221959642711301
105.777,2.6219004316901273
105.77800000000001,2.6216032929410891
105.779,2.6213045621720061
105.78,2.6210042535536537
105.78100000000001,2.6207023812792931
105.782,2.6203989595643931
105.783,2.6200940026463431
105.78400000000001,2.6197875247841655
105.785,2.6194795402582245
105.786,2.6191700633699408
105.78700000000001,2.6188591084414941
105.788,2.6185466898155401
105.789,2.6182328218549102
105.79000000000001,2.6179175189423223
105.791,2.6176007954800879
105.792,2.6172826658898054
105.79300000000001,2.6169631446120816
105.794,2.6166422461062164
105.795,2.6163199848499179
105.79600000000001,2.6159963753389919
105.797,2.6156714320870522
105.798,2.6153451696252095
105.79900000000001,2.6150176025017791
105.8,2.6146887452819683
105.801,2.6143586125475773
105.80200000000001,2.6140272188966982
105.803,2.6136945789433992
105.804,2.6133607073174274
105.80500000000001,2.6130256186638965
105.806,2.612689327642979
105.807,2.6123518489295994
105.80799999999999,2.6120131972131206
105.809,2.6116733871970386
105.81,2.6113324335986632
105.81100000000001,2.6109903511488097
105.812,2.6106471545914882
105.813,2.6103028586835841
105.81399999999999,2.6099574781945494
105.815,2.6096110279060794
105.816,2.6092635226118017
105.81700000000001,2.6089149771169597
105.818,2.6085654062380916
105.819,2.6082148248027108
105.81999999999999,2.6078632476489911
105.821,2.6075106896254421
105.822,2.6071571655905905
105.82299999999999,2.6068026904126587
105.824,2.6064472789692417
105.825,2.606090946146983
105.82599999999999,2.6057337068412538
105.827,2.6053755759558257
105.828,2.6050165684025473
105.82899999999999,2.6046566991010178
105.83,2.604295982978261
105.831,2.6039344349684015
105.83199999999999,2.6035720700123255
105.833,2.6032089030573706
105.834,2.6028449490569803
105.83499999999999,2.6024802229703825
105.836,2.6021147397622628
105.837,2.6017485144024222
105.83799999999999,2.6013815618654577
105.839,2.6010138971304246
105.84,2.6006455351805036
105.84099999999999,2.6002764910026714
105.842,2.5999067795873643
105.843,2.5995364159281449
105.84399999999999,2.599165415021365
105.845,2.5987937918658384
105.846,2.5984215614624961
105.84699999999999,2.5980487388140565
105.848,2.5976753389246823
105.849,2.5973013767996522
105.84999999999999,2.5969268674450157
105.851,2.5965518258672597
105.852,2.5961762670729662
105.85299999999999,2.5958002060684779
105.854,2.5954236578595542
105.855,2.5950466374510341
105.85599999999999,2.5946691598464975
105.857,2.5942912400479203
105.858,2.5939128930553368
105.85899999999999,2.5935341338664957
105.86,2.5931549774765212
105.861,2.5927754388775681
105.86199999999999,2.5923955330584816
105.863,2.5920152750044547
105.864,2.5916346796966798
105.86499999999999,2.59125376211201
105.866,2.5908725372226167
105.867,2.5904910199956399
105.86799999999999,2.5901092253928488
105.869,2.5897271683702905
105.87,2.5893448638779555
105.871,2.5889623268594208
105.872,2.5885795722515108
105.873,2.5881966149839513
105.874,2.5878134699790194
105.875,2.5874301521512004
105.876,2.5870466764068425
105.877,2.5866630576438037
105.878,2.5862793107511131
105.879,2.5858954506086165
105.88,2.5855114920866313
105.881,2.5851274500456021
105.88200000000001,2.5847433393357457
105.883,2.5843591747967105
105.884,2.5839749712572253
105.88500000000001,2.5835907435347472
105.886,2.5832065064351228
105.887,2.5828222747522256
105.88800000000001,2.5824380632676212
105.889,2.5820538867502103
105.89,2.5816697599558824
105.89100000000001,2.5812856976271652
105.892,2.5809017144928803
105.893,2.5805178252677816
105.89400000000001,2.5801340446522256
105.895,2.5797503873318033
105.896,2.5793668679770025
105.89700000000001,2.5789835012428539
105.898,2.5786003017685815
105.899,2.5782172841772564
105.90000000000001,2.5778344630754422
105.901,2.5774518530528505
105.902,2.5770694686819904
105.90300000000001,2.5766873245178177
105.904,2.5763054350973809
105.905,2.5759238149394865
105.90600000000001,2.5755424785443335
105.907,2.5751614403931722
105.908,2.574780714947956
105.90900000000001,2.5744003166509879
105.91,2.5740202599245747
105.911,2.5736405591706792
105.91200000000001,2.5732612287705647
105.913,2.5728822830844567
105.914,2.5725037364511838
105.91500000000001,2.5721256031878394
105.916,2.5717478975894239
105.917,2.5713706339285052
105.91800000000001,2.5709938264548633
105.919,2.570617489395147
105.92,2.5702416369525278
105.92100000000001,2.5698662833063457
105.922,2.5694914426117688
105.923,2.5691171289994457
105.92400000000001,2.5687433565751538
105.925,2.568370139419458
105.926,2.5679974915873602
105.92700000000001,2.5676254271079597
105.928,2.5672539599840984
105.929,2.5668831041920233
105.93000000000001,2.5665128736810363
105.931,2.5661432823731527
105.932,2.5657743441627554
105.93299999999999,2.5654060729162462
105.934,2.5650384824717114
105.935,2.564671586638569
105.93600000000001,2.5643053991972282
105.937,2.563939933898749
105.938,2.5635752044644966
105.93899999999999,2.5632112245858005
105.94,2.5628480079236118
105.941,2.5624855681081611
105.94200000000001,2.5621239187386182
105.943,2.5617630733827554
105.944,2.5614030455765957
105.94499999999999,2.5610438488240872
105.946,2.5606854965967503
105.947,2.560328002333351
105.94799999999999,2.5599713794395522
105.949,2.5596156412875795
105.95,2.5592608012158857
105.95099999999999,2.55890687252881
105.952,2.5585538684962414
105.953,2.558201802353286
105.95399999999999,2.5578506872999269
105.955,2.5575005365006902
105.956,2.5571513630843139
105.95699999999999,2.5568031801434064
105.958,2.556456000734121
105.959,2.556109837875816
105.95999999999999,2.5557647045507252
105.961,2.5554206137036259
105.962,2.5550775782415078
105.96299999999999,2.5547356110332391
105.964,2.5543947249092422
105.965,2.5540549326611552
105.96599999999999,2.55371624704151
105.967,2.5533786807634047
105.968,2.5530422465001674
105.96899999999999,2.5527069568850376
105.97,2.5523728245108352
105.971,2.5520398619296358
105.97199999999999,2.5517080816524453
105.973,2.5513774961488744
105.974,2.5510481178468165
105.97499999999999,2.5507199591321221
105.976,2.5503930323482793
105.977,2.5500673497960884
105.97799999999999,2.549742923733346
105.979,2.5494197663745153
105.98,2.5490978898904193
105.98099999999999,2.5487773064079082
105.982,2.5484580280095521
105.983,2.5481400667333185
105.98399999999999,2.5478234345722539
105.985,2.5475081434741749
105.986,2.5471942053413432
105.98699999999999,2.5468816320301615
105.988,2.5465704353508523
105.989,2.5462606270671473
105.98999999999999,2.5459522188959784
105.991,2.5456452225071633
105.992,2.5453396495230947
105.99299999999999,2.5450355115184347
105.994,2.5447328200198003
105.995,2.5444315865054632
105.996,2.5441318224050375
105.997,2.543833539099174
105.998,2.5435367479192568
105.999,2.5432414601470987
106,2.542947687014637
106.001,2.5426554397036334
106.002,2.5423647293453691
106.003,2.542075567020345
106.004,2.5417879637579848
106.005,2.5415019305363344
106.006,2.5412174782817618
106.00700000000001,2.540934617868666
106.008,2.5406533601191734
106.009,2.5403737158028514
106.01000000000001,2.5400956956364054
106.011,2.539819310283395
106.012,2.539544570353939
106.01300000000001,2.5392714864044144
106.014,2.5390000689371846
106.015,2.5387303284002964
106.01600000000001,2.5384622751871979
106.017,2.5381959196364501
106.018,2.5379312720314418
106.01900000000001,2.537668342600103
106.02,2.5374071415146267
106.021,2.5371476788911758
106.02200000000001,2.5368899647896139
106.023,2.5366340092132145
106.024,2.5363798221083855
106.02500000000001,2.5361274133643961
106.026,2.5358767928130885
106.027,2.5356279702286111
106.02800000000001,2.53538095532714
106.029,2.5351357577666018
106.03,2.5348923871464093
106.03100000000001,2.5346508530071832
106.032,2.5344111648304768
106.033,2.5341733320385229
106.03400000000001,2.53393736399395
106.035,2.5337032699995197
106.036,2.5334710592978675
106.03700000000001,2.533240741071225
106.038,2.533012324441172
106.039,2.5327858184683598
106.04000000000001,2.5325612321522586
106.041,2.532338574430899
106.042,2.532117854180604
106.04300000000001,2.5318990802157391
106.044,2.5316822612884575
106.045,2.5314674060884368
106.04600000000001,2.5312545232426347
106.047,2.5310436213150282
106.048,2.5308347088063687
106.04900000000001,2.5306277941539275
106.05,2.5304228857312516
106.051,2.5302199918479102
106.05200000000001,2.5300191207492548
106.053,2.5298202806161694
106.054,2.52962347956483
106.05500000000001,2.5294287256464605
106.056,2.5292360268470917
106.057,2.5290453910873234
106.05799999999999,2.5288568262220843
106.059,2.5286703400403958
106.06,2.5284859402651367
106.06100000000001,2.5283036345528043
106.062,2.5281234304932911
106.063,2.5279453356096409
106.06399999999999,2.5277693573578297
106.065,2.52759550312653
106.066,2.5274237802368829
106.06700000000001,2.5272541959422767
106.068,2.5270867574281186
106.069,2.5269214718116109
106.06999999999999,2.5267583461415315
106.071,2.5265973873980077
106.072,2.5264386024923078
106.07299999999999,2.5262819982666116
106.074,2.5261275814937965
106.075,2.5259753588772305
106.07599999999999,2.5258253370505486
106.077,2.5256775225774457
106.078,2.5255319219514676
106.07899999999999,2.5253885415957957
106.08,2.5252473878630428
106.081,2.525108467035047
106.08199999999999,2.5249717853226694
106.083,2.5248373488655842
106.084,2.5247051637320781
106.08499999999999,2.5245752359188574
106.086,2.5244475713508394
106.087,2.5243221758809606
106.08799999999999,2.5241990552899769
106.089,2.5240782152862731
106.09,2.5239596615056672
106.09099999999999,2.5238433995112186
106.092,2.523729434793041
106.093,2.5236177727681079
106.09399999999999,2.5235084187800765
106.095,2.5234013780990865
106.096,2.5232966559215928
106.09699999999999,2.5231942573701711
106.098,2.523094187493343
106.099,2.5229964512653944
106.09999999999999,2.5229010535861986
106.101,2.522807999281039
106.102,2.5227172931004382
106.10299999999999,2.5226289397199784
106.104,2.5225429437401368
106.105,2.5224593096861105
106.10599999999999,2.5223780420076531
106.107,2.5222991450789012
106.108,2.5222226231982172
106.10899999999999,2.5221484805880174
106.11,2.5220767213946198
106.111,2.5220073496880731
106.11199999999999,2.5219403694620053
106.113,2.5218757846334676
106.114,2.521813599042769
106.11499999999999,2.521753816453336
106.116,2.521696440551549
106.117,2.5216414749465965
106.11799999999999,2.521588923170329
106.119,2.5215387886771032
106.12,2.5214910748436452
106.121,2.5214457849689018
106.122,2.5214029222738992
106.123,2.5213624899015992
106.124,2.5213244909167649
106.125,2.52128892830582
106.126,2.5212558049767155
106.127,2.5212251237587919
106.128,2.5211968874026502
106.129,2.5211710985800169
106.13,2.5211477598836209
106.131,2.5211268738270625
106.13200000000001,2.5211084428446853
106.133,2.5210924692914567
106.134,2.5210789554428406
106.13500000000001,2.5210679034946835
106.136,2.5210593155630914
106.137,2.5210531936843061
106.13800000000001,2.5210495398146038
106.139,2.5210483558301688
106.14,2.5210496435269878
106.14100000000001,2.5210534046207385
106.142,2.5210596407466763
106.143,2.5210683534595328
106.14400000000001,2.5210795442334097
106.145,2.5210932144616729
106.146,2.5211093654568528
106.14700000000001,2.521127998450539
106.148,2.5211491145932907
106.149,2.5211727149545342
106.15000000000001,2.5211988005224666
106.151,2.5212273722039678
106.152,2.5212584308245054
106.15300000000001,2.5212919771280449
106.154,2.521328011776963
106.155,2.5213665353519628
106.15600000000001,2.521407548351986
106.157,2.521451051194131
106.158,2.5214970442135751
106.15900000000001,2.5215455276634913
106.16,2.5215965017149733
106.161,2.5216499664569598
106.16200000000001,2.5217059218961579
106.163,2.5217643679569757
106.164,2.5218253044814452
106.16500000000001,2.521888731229164
106.166,2.5219546478772163
106.167,2.5220230540201185
106.16800000000001,2.5220939491697472
106.169,2.5221673327552865
106.17,2.5222432041231597
106.17100000000001,2.5223215625369795
106.172,2.5224024071774833
106.173,2.5224857371424863
106.17400000000001,2.522571551446827
106.175,2.5226598490223129
106.176,2.5227506287176786
106.17700000000001,2.5228438892985281
106.178,2.5229396294473014
106.179,2.5230378477632232
106.18000000000001,2.5231385427622652
106.181,2.5232417128770988
106.182,2.5233473564570694
106.18299999999999,2.5234554717681479
106.184,2.5235660569929044
106.185,2.5236791102304705
106.18600000000001,2.5237946294965141
106.187,2.5239126127232003
106.188,2.5240330577591754
106.18899999999999,2.5241559623695369
106.19,2.5242813242358051
106.191,2.5244091409559082
106.19200000000001,2.5245394100441603
106.193,2.5246721289312406
106.194,2.5248072949641793
106.19499999999999,2.5249449054063455
106.196,2.5250849574374263
106.197,2.5252274481534256
106.19799999999999,2.5253723745666474
106.199,2.5255197336056927
106.2,2.5256695221154533
106.20099999999999,2.5258217368571096
106.202,2.5259763745081218
106.203,2.5261334316622386
106.20399999999999,2.5262929048294942
106.205,2.5264547904362136
106.206,2.5266190848250165
106.20699999999999,2.5267857842548276
106.208,2.5269548849008796
106.209,2.527126382854735
106.20999999999999,2.5273002741242832
106.211,2.5274765546337727
106.212,2.5276552202238123
106.21299999999999,2.5278362666513976
106.214,2.528019689589931
106.215,2.5282054846292401
106.21599999999999,2.5283936472756019
106.217,2.528584172951772
106.218,2.5287770569970069
106.21899999999999,2.5289722946670992
106.22,2.5291698811344006
106.221,2.5293698114878613
106.22199999999999,2.5295720807330633
106.223,2.5297766837922566
106.224,2.5299836155043938
106.22499999999999,2.5301928706251768
106.226,2.5304044438270927
106.227,2.530618329699462
106.22799999999999,2.5308345227484828
106.229,2.5310530173972747
106.23,2.531273807985936
106.23099999999999,2.5314968887715841
106.232,2.5317222539284203
106.233,2.5319498975477739
106.23399999999999,2.5321798136381641
106.235,2.5324119961253579
106.236,2.5326464388524301
106.23699999999999,2.5328831355798238
106.238,2.5331220799854171
106.239,2.5333632656645833
106.23999999999999,2.5336066861302657
106.241,2.53385233481304
106.242,2.5341002050611907
106.24299999999999,2.534350290140778
106.244,2.5346025832357206
106.245,2.5348570774478638
106.246,2.535113765797063
106.247,2.5353726412212603
106.248,2.5356336965765713
106.249,2.5358969246373642
106.25,2.5361623180963448
106.251,2.5364298695646497
106.252,2.5366995715719276
106.253,2.5369714165664368
106.254,2.5372453969151332
106.255,2.5375215049037676
106.256,2.5377997327369801
106.25700000000001,2.5380800725384001
106.258,2.5383625163507428
106.259,2.5386470561359178
106.26000000000001,2.5389336837751215
106.261,2.5392223910689529
106.262,2.5395131697375133
106.26300000000001,2.5398060114205214
106.264,2.5401009076774179
106.265,2.5403978499874795
106.26600000000001,2.5406968297499368
106.267,2.5409978382840848
106.268,2.5413008668294021
106.26900000000001,2.5416059065456738
106.27,2.5419129485131076
106.271,2.54222198373246
106.27200000000001,2.5425330031251603
106.273,2.5428459975334361
106.274,2.5431609577204419
106.27500000000001,2.5434778743703901
106.276,2.543796738088683
106.277,2.544117539402043
106.27800000000001,2.5444402687586507
106.279,2.5447649165282824
106.28,2.5450914730024481
106.28100000000001,2.5454199283945282
106.282,2.5457502728399231
106.283,2.5460824963961901
106.28400000000001,2.546416589043194
106.285,2.5467525406832516
106.286,2.5470903411412822
106.28700000000001,2.5474299801649565
106.288,2.5477714474248532
106.289,2.5481147325146098
106.29000000000001,2.5484598249510801
106.291,2.5488067141744901
106.292,2.5491553895486003
106.29300000000001,2.5495058403608644
106.294,2.5498580558225949
106.295,2.5502120250691238
106.29600000000001,2.5505677371599722
106.297,2.5509251810790183
106.298,2.5512843457346639
106.29900000000001,2.5516452199600099
106.3,2.5520077925130229
106.301,2.5523720520767208
106.30200000000001,2.5527379872593392
106.303,2.5531055865945107
106.304,2.5534748385414536
106.30500000000001,2.553845731485139
106.306,2.5542182537364866
106.307,2.5545923935325465
106.30799999999999,2.5549681390366787
106.309,2.5553454783387477
106.31,2.5557243994553129
106.31100000000001,2.5561048903298174
106.312,2.5564869388327809
106.313,2.5568705327619949
106.31399999999999,2.557255659842721
106.315,2.5576423077278867
106.316,2.5580304639982847
106.31700000000001,2.5584201161627771
106.318,2.5588112516584944
106.319,2.5592038578510432
106.31999999999999,2.5595979220347114
106.321,2.5599934314326753
106.322,2.5603903731972091
106.32299999999999,2.5607887344098983
106.324,2.5611885020818463
106.325,2.5615896631538986
106.32599999999999,2.5619922044968457
106.327,2.5623961129116526
106.328,2.5628013751296708
106.32899999999999,2.5632079778128607
106.33,2.5636159075540137
106.331,2.564025150876978
106.33199999999999,2.5644356942368782
106.333,2.5648475240203492
106.334,2.5652606265457605
106.33499999999999,2.5656749880634457
106.336,2.5660905947559387
106.337,2.5665074327382018
106.33799999999999,2.5669254880578598
106.339,2.5673447466954444
106.34,2.5677651945646223
106.34099999999999,2.5681868175124376
106.342,2.5686096013195581
106.343,2.5690335317005082
106.34399999999999,2.5694585943039212
106.345,2.5698847747127793
106.346,2.5703120584446637
106.34699999999999,2.5707404309520023
106.348,2.571169877622316
106.349,2.5716003837784793
106.34999999999999,2.57203193467896
106.351,2.5724645155180865
106.352,2.5728981114262979
106.35299999999999,2.5733327074703976
106.354,2.5737682886538198
106.355,2.5742048399168875
106.35599999999999,2.57464234613707
106.357,2.5750807921292518
106.358,2.575520162645994
106.35899999999999,2.5759604423778013
106.36,2.5764016159533911
106.361,2.5768436679399622
106.36199999999999,2.5772865828434606
106.363,2.5777303451088605
106.364,2.5781749391204309
106.36499999999999,2.5786203492020117
106.366,2.5790665596172899
106.367,2.5795135545700827
106.36799999999999,2.5799613182046057
106.369,2.5804098346057645
106.37,2.5808590877994275
106.371,2.581309061752719
106.372,2.5817597403742933
106.373,2.5822111075146292
106.374,2.5826631469663135
106.375,2.5831158424643292
106.376,2.5835691776863485
106.377,2.5840231362530233
106.378,2.5844777017282761
106.379,2.5849328576195978
106.38,2.5853885873783411
106.381,2.5858448744000171
106.38200000000001,2.5863017020245973
106.383,2.5867590535368059
106.384,2.5872169121664301
106.38500000000001,2.5876752610886151
106.386,2.5881340834241717
106.387,2.5885933622398789
106.38800000000001,2.5890530805487901
106.389,2.5895132213105474
106.39,2.5899737674316778
106.39100000000001,2.5904347017659131
106.392,2.5908960071145022
106.393,2.5913576662265143
106.39400000000001,2.591819661799164
106.395,2.5922819764781173
106.396,2.592744592857815
106.39700000000001,2.5932074934817875
106.398,2.5936706608429727
106.399,2.5941340773840382
106.40000000000001,2.594597725497704
106.401,2.5950615875270602
106.402,2.5955256457658984
106.40300000000001,2.5959898824590288
106.404,2.5964542798026131
106.405,2.5969188199444884
106.40600000000001,2.5973834849845003
106.407,2.5978482569748245
106.408,2.5983131179203074
106.40900000000001,2.5987780497787956
106.41,2.5992430344614652
106.411,2.5997080538331616
106.41200000000001,2.6001730897127331
106.413,2.6006381238733693
106.414,2.6011031380429386
106.41500000000001,2.6015681139043276
106.416,2.6020330330957817
106.417,2.6024978772112473
106.41800000000001,2.6029626278007125
106.419,2.6034272663705562
106.42,2.6038917743838881
106.42100000000001,2.6043561332608935
106.422,2.6048203243791903
106.423,2.6052843290741645
106.42400000000001,2.6057481286393305
106.425,2.6062117043266744
106.426,2.6066750373470109
106.42700000000001,2.6071381088703318
106.428,2.6076009000261626
106.429,2.6080633919039182
106.43000000000001,2.6085255655532547
106.431,2.6089874019844292
106.432,2.6094488821686603
106.43299999999999,2.609909987038483
106.434,2.6103706974881087
106.435,2.6108309943737913
106.43600000000001,2.6112908585141845
106.437,2.6117502706907079
106.438,2.6122092116479076
106.43899999999999,2.6126676620938265
106.44,2.613125602700368
106.441,2.6135830141036602
106.44200000000001,2.6140398769044304
106.443,2.6144961716683692
106.444,2.614951878926504
106.44499999999999,2.6154069791755656
106.446,2.615861452878367
106.447,2.6163152804641676
106.44799999999999,2.6167684423290574
106.449,2.6172209188363231
106.45,2.6176726903168301
106.45099999999999,2.6181237370693933
106.452,2.6185740393611603
106.453,2.6190235774279893
106.45399999999999,2.6194723314748236
106.455,2.6199202816760785
106.456,2.6203674081760173
106.45699999999999,2.6208136910891375
106.458,2.6212591105005529
106.459,2.621703646466373
106.45999999999999,2.6221472790140932
106.461,2.6225899881429817
106.462,2.623031753824459
106.46299999999999,2.6234725560024912
106.464,2.6239123745939761
106.465,2.6243511894891318
106.46599999999999,2.6247889805518878
106.467,2.6252257276202764
106.468,2.6256614105068166
106.46899999999999,2.6260960089989203
106.47,2.6265295028592734
106.471,2.6269618718262331
106.47199999999999,2.6273930956142246
106.473,2.6278231539141346
106.474,2.6282520263937097
106.47499999999999,2.6286796926979497
106.476,2.6291061324495049
106.477,2.6295313252490833
106.47799999999999,2.6299552506758381
106.479,2.630377888287772
106.48,2.6307992176221449
106.48099999999999,2.631219218195862
106.482,2.6316378695058873
106.483,2.6320551510296406
106.48399999999999,2.6324710422254025
106.485,2.6328855225327188
106.486,2.633298571372805
106.48699999999999,2.6337101681489501
106.488,2.6341202922469265
106.489,2.6345289230353952
106.48999999999999,2.6349360398663131
106.491,2.6353416220753401
106.492,2.6357456489822475
106.49299999999999,2.6361480998913334
106.494,2.6365489540918254
106.495,2.6369481908582935
106.496,2.6373457894510639
106.497,2.6377417291166294
106.498,2.6381359890880622
106.499,2.6385285485854229
106.5,2.6389193868161813
106.501,2.6393084829756281
106.502,2.6396958162472859
106.503,2.6400813658033289
106.504,2.6404651108049997
106.505,2.64084703040302
106.506,2.6412271037380139
106.50700000000001,2.6416053099409229
106.508,2.6419816281334247
106.509,2.6423560374283497
106.51000000000001,2.6427285169301022
106.511,2.6430990457350796
106.512,2.643467602932096
106.51300000000001,2.6438341676027943
106.514,2.6441987188220759
106.515,2.6445612356585184
106.51600000000001,2.6449216971747971
106.517,2.6452800824281102
106.518,2.6456363704706005
106.51900000000001,2.6459905403497768
106.52,2.646342571108943
106.521,2.6466924417876143
106.52200000000001,2.647040131421952
106.523,2.6473856190451799
106.524,2.6477288836880142
106.52500000000001,2.6480699043790903
106.526,2.6484086601453853
106.527,2.6487451300126481
106.52800000000001,2.6490792930058267
106.529,2.6494111281494921
106.53,2.6497406144682705
106.53100000000001,2.6500677309872689
106.532,2.6503924567325039
106.533,2.6507147707313323
106.53400000000001,2.6510346520128785
106.535,2.6513520796084666
106.536,2.6516670325520453
106.53700000000001,2.6519794898806235
106.538,2.6522894306346978
106.539,2.6525968338586852
106.54000000000001,2.6529016786013528
106.541,2.6532039439162509
106.542,2.6535036088621409
106.54300000000001,2.6538006525034317
106.544,2.6540950539106096
106.545,2.6543867921606705
106.54600000000001,2.6546758463375557
106.547,2.6549621955325797
106.548,2.6552458188448655
106.54900000000001,2.6555266953817833
106.55,2.6558048042593749
106.551,2.6560801246027941
106.55200000000001,2.6563526355467371
106.553,2.6566223162358806
106.554,2.6568891458253123
106.55500000000001,2.6571531034809688
106.556,2.6574141683800647
106.557,2.6576723197115362
106.55799999999999,2.6579275366764681
106.559,2.6581797984885345
106.56,2.65842908437443
106.56100000000001,2.6586753735743081
106.562,2.658918645342216
106.563,2.6591588789465304
106.56399999999999,2.6593960536703913
106.565,2.6596301488121421
106.566,2.65986114368576
106.56700000000001,2.660089017621301
106.568,2.660313749965324
106.569,2.6605353200813351
106.56999999999999,2.6607537073502265
106.571,2.660968891170703
106.572,2.6611808509597283
106.57299999999999,2.6613895661529536
106.574,2.6615950162051605
106.575,2.6617971805906935
106.57599999999999,2.6619960388038977
106.577,2.6621915703595556
106.578,2.6623837547933231
106.57899999999999,2.6625725716621673
106.58,2.6627580005447991
106.581,2.6629400210421172
106.58199999999999,2.6631186127776356
106.583,2.6632937553979286
106.584,2.6634654285730588
106.58499999999999,2.6636336119970201
106.586,2.6637982853881699
106.587,2.6639594284896697
106.58799999999999,2.6641170210699157
106.589,2.6642710429229783
106.59,2.6644214738690382
106.59099999999999,2.6645682937548179
106.592,2.6647114824540261
106.593,2.6648510198677844
106.59399999999999,2.6649868859250674
106.595,2.6651190605831383
106.596,2.66524752382798
106.59699999999999,2.6653722556747366
106.598,2.6654932361681425
106.599,2.6656104453829599
106.59999999999999,2.6657238634244154
106.601,2.6658334704286286
106.602,2.6659392465630525
106.60299999999999,2.6660411720269033
106.604,2.6661392270515956
106.605,2.6662333919011791
106.60599999999999,2.6663236468727654
106.607,2.6664099722969676
106.608,2.6664923485383296
106.60899999999999,2.6665707559957594
106.61,2.6666451751029641
106.611,2.6667155863288787
106.61199999999999,2.6667819701780981
106.613,2.6668443071913126
106.614,2.6669025779457356
106.61499999999999,2.666956763055536
106.616,2.6670068431722704
106.617,2.6670527989853108
106.61799999999999,2.6670946112222769
106.619,2.6671322606494661
106.62,2.6671657280722809
106.621,2.6671949943356608
106.622,2.6672200403245094
106.623,2.6672408469641264
106.624,2.6672573952206284
106.625,2.6672696661013862
106.626,2.6672776406554441
106.627,2.6672812999739524
106.628,2.6672806251905921
106.629,2.6672755974819999
106.63,2.6672661980681966
106.631,2.6672524082130127
106.63200000000001,2.6672342092245107
106.633,2.6672115824554123
106.634,2.6671845093035209
106.63500000000001,2.6671529712121465
106.636,2.6671169496705298
106.637,2.667076426214265
106.63800000000001,2.6670313824257179
106.639,2.6669817999344545
106.64,2.6669276604176582
106.64100000000001,2.6668689456005521
106.642,2.666805637256819
106.643,2.6667377172090219
106.64400000000001,2.6666651673290263
106.645,2.6665879695384094
106.646,2.6665061058088919
106.64700000000001,2.6664195581627474
106.648,2.6663283086732199
106.649,2.6662323394649445
106.65000000000001,2.6661316327143618
106.651,2.6660261706501327
106.652,2.6659159355535538
106.65300000000001,2.6658009097589748
106.654,2.6656810756542075
106.655,2.6655564156809435
106.65600000000001,2.6654269123351657
106.657,2.6652925481675576
106.658,2.6651533057839223
106.65900000000001,2.6650091678455814
106.66,2.6648601170697983
106.661,2.6647061362301807
106.66200000000001,2.66454720815709
106.663,2.6643833157380499
106.664,2.6642144419181566
106.66500000000001,2.6640405697004819
106.666,2.663861682146484
106.667,2.663677762376409
106.66800000000001,2.6634887935696963
106.669,2.6632947589653888
106.67,2.6630956418625265
106.67100000000001,2.662891425620558
106.672,2.6626820936597375
106.673,2.6624676294615304
106.67400000000001,2.6622480165690092
106.675,2.6620232385872553
106.676,2.6617932791837617
106.67700000000001,2.6615581220888238
106.678,2.6613177510959458
106.679,2.6610721500622296
106.68000000000001,2.6608213029087771
106.681,2.6605651936210819
106.682,2.6603038062494235
106.68299999999999,2.660037124909262
106.684,2.6597651337816339
106.685,2.659487817113539
106.68600000000001,2.6592051592183319
106.687,2.6589171444761215
106.688,2.6586237573341425
106.68899999999999,2.6583249823071649
106.69,2.6580208039778657
106.691,2.6577112069972237
106.69200000000001,2.6573961760849043
106.693,2.6570756960296413
106.694,2.6567497516896292
106.69499999999999,2.6564183279928968
106.696,2.6560814099376948
106.697,2.6557389825928781
106.69799999999999,2.6553910310982856
106.699,2.6550375406651181
106.7,2.654678496576317
106.70099999999999,2.6543138841869487
106.702,2.6539436889245698
106.703,2.6535678962896165
106.70399999999999,2.6531864918557666
106.705,2.6527994612703223
106.706,2.6524067902545823
106.70699999999999,2.6520084646042088
106.708,2.651604470189604
106.709,2.6511947929562765
106.70999999999999,2.6507794189252145
106.711,2.650358334193248
106.712,2.6499315249334217
106.71299999999999,2.6494989773953543
106.714,2.6490606779056138
106.715,2.6486166128680688
106.71599999999999,2.6481667687642614
106.717,2.6477111321537627
106.718,2.6472496896745388
106.71899999999999,2.6467824280433057
106.72,2.6463093340558883
106.721,2.6458303945875836
106.72199999999999,2.6453455965935095
106.723,2.6448549271089634
106.724,2.6443583732497808
106.72499999999999,2.6438559222126776
106.726,2.6433475612756125
106.727,2.6428332777981343
106.72799999999999,2.6423130592217281
106.729,2.6417868930701696
106.73,2.6412547669498672
106.73099999999999,2.6407166685502119
106.732,2.6401725856439233
106.733,2.6396225060873864
106.73399999999999,2.6390664178210055
106.735,2.6385043088695319
106.736,2.6379361673424189
106.73699999999999,2.6373619814341485
106.738,2.6367817394245789
106.739,2.6361954296792729
106.73999999999999,2.6356030406498396
106.741,2.6350045608742683
106.742,2.6343999789772532
106.74299999999999,2.6337892836705392
106.744,2.6331724637532403
106.745,2.6325495081121746
106.746,2.6319204057221901
106.747,2.6312851456464945
106.748,2.6306437170369752
106.749,2.6299961091345327
106.75,2.6293423112693897
106.751,2.628682312861427
106.752,2.6280161034204941
106.753,2.6273436725467327
106.754,2.626665009930893
106.755,2.6259801053546488
106.756,2.6252889486909163
106.75700000000001,2.6245915299041611
106.758,2.6238878390507208
106.759,2.6231778662791023
106.76000000000001,2.622461601830306
106.761,2.6217390360381208
106.762,2.6210101593294421
106.76300000000001,2.6202749622245687
106.764,2.6195334353375128
106.765,2.6187855693762976
106.76600000000001,2.6180313551432643
106.767,2.6172707835353672
106.768,2.6165038455444738
106.76900000000001,2.6157305322576647
106.77,2.6149508348575226
106.771,2.6141647446224336
106.77200000000001,2.6133722529268759
106.773,2.6125733512417111
106.774,2.6117680311344778
106.77500000000001,2.6109562842696747
106.776,2.6101381024090511
106.777,2.6093134774118907
106.77800000000001,2.6084824012352996
106.779,2.6076448659344815
106.78,2.6068008636630244
106.78100000000001,2.6059503866731788
106.782,2.6050934273161368
106.783,2.6042299780423046
106.78400000000001,2.6033600314015821
106.785,2.6024835800436343
106.786,2.6016006167181649
106.78700000000001,2.6007111342751812
106.788,2.599815125665272
106.789,2.5989125839398661
106.79000000000001,2.5980035022515073
106.791,2.5970878738541079
106.792,2.5961656921032192
106.79300000000001,2.5952369504562918
106.794,2.5943016424729324
106.795,2.5933597618151625
106.79600000000001,2.5924113022476751
106.797,2.5914562576380917
106.798,2.5904946219572116
106.79900000000001,2.589526389279265
106.8,2.5885515537821657
106.801,2.5875701097477539
106.80200000000001,2.5865820515620483
106.803,2.5855873737154882
106.804,2.5845860708031752
106.80500000000001,2.5835781375251208
106.806,2.5825635686864814
106.807,2.5815423591977997
106.80799999999999,2.5805145040752384
106.809,2.5794799984408172
106.81,2.5784388375226484
106.81100000000001,2.5773910166551657
106.812,2.5763365312793551
106.813,2.5752753769429835
106.81399999999999,2.5742075493008252
106.815,2.573133044114889
106.816,2.5720518572546367
106.81700000000001,2.5709639846972103
106.818,2.569869422527649
106.819,2.5687681669391078
106.81999999999999,2.5676602142330727
106.821,2.5665455608195771
106.822,2.5654242032174164
106.82299999999999,2.5642961380543556
106.824,2.563161362067341
106.825,2.5620198721027041
106.82599999999999,2.5608716651163776
106.827,2.5597167381740862
106.828,2.5585550884515604
106.82899999999999,2.5573867132347301
106.83,2.5562116099199255
106.831,2.5550297760140768
106.83199999999999,2.5538412091349034
106.833,2.552645907011116
106.834,2.5514438674826021
106.83499999999999,2.5502350885006133
106.836,2.5490195681279628
106.837,2.5477973045392033
106.83799999999999,2.5465682960208165
106.839,2.5453325409713909
106.84,2.5440900379018068
106.84099999999999,2.5428407854354145
106.842,2.5415847823082101
106.843,2.5403220273690095
106.84399999999999,2.5390525195796267
106.845,2.5377762580150387
106.846,2.5364932418635617
106.84699999999999,2.5352034704270148
106.848,2.5339069431208858
106.849,2.5326036594744967
106.84999999999999,2.5312936191311683
106.851,2.5299768218483734
106.852,2.5286532674979028
106.85299999999999,2.5273229560660169
106.854,2.5259858876536034
106.855,2.5246420624763273
106.85599999999999,2.5232914808647813
106.857,2.5219341432646378
106.858,2.5205700502367971
106.85899999999999,2.5191992024575218
106.86,2.5178216007185976
106.861,2.5164372459274538
106.86199999999999,2.515046139107322
106.863,2.5136482813973595
106.864,2.5122436740527907
106.86499999999999,2.5108323184450394
106.866,2.5094142160618604
106.867,2.5079893685074679
106.86799999999999,2.506557777502664
106.869,2.5051194448849645
106.87,2.5036743726087214
106.871,2.5022225627452452
106.872,2.5007640174829233
106.873,2.4992987391273385
106.874,2.4978267301013872
106.875,2.4963479929453878
106.876,2.4948625303171936
106.877,2.4933703449923077
106.878,2.4918714398639832
106.879,2.490365817943335
106.88,2.4888534823594375
106.881,2.4873344363594314
106.88200000000001,2.4858086833086199
106.883,2.4842762266905694
106.884,2.4827370701072007
106.88500000000001,2.4811912172788864
106.886,2.4796386720445383
106.887,2.4780794383617026
106.88800000000001,2.4765135203066402
106.889,2.4749409220744187
106.89,2.4733616479789893
106.89100000000001,2.4717757024532756
106.892,2.4701830900492441
106.893,2.4685838154379862
106.89400000000001,2.4669778834097933
106.895,2.4653652988742314
106.896,2.4637460668602045
106.89700000000001,2.4621201925160321
106.898,2.4604876811095107
106.899,2.4588485380279792
106.90000000000001,2.4572027687783851
106.901,2.4555503789873363
106.902,2.453891374401171
106.90300000000001,2.4522257608860079
106.904,2.450553544427795
106.905,2.448874731132372
106.90600000000001,2.4471893272255145
106.907,2.4454973390529835
106.908,2.4437987730805686
106.90900000000001,2.4420936358941345
106.91,2.4403819341996629
106.911,2.4386636748232902
106.91200000000001,2.4369388647113426
106.913,2.4352075109303768
106.914,2.4334696206672088
106.91500000000001,2.4317252012289474
106.916,2.4299742600430201
106.917,2.4282168046572026
106.91800000000001,2.4264528427396388
106.919,2.4246823820788737
106.92,2.4229054305838584
106.92100000000001,2.4211219962839809
106.922,2.4193320873290731
106.923,2.4175357119894354
106.92400000000001,2.415732878655835
106.925,2.4139235958395266
106.926,2.4121078721722515
106.92700000000001,2.410285716406249
106.928,2.4084571374142563
106.929,2.4066221441895106
106.93000000000001,2.404780745845744
106.931,2.4029329516171867
106.932,2.4010787708585579
106.93299999999999,2.3992182130450526
106.934,2.3973512877723415
106.935,2.3954780047565545
106.93600000000001,2.3935983738342643
106.937,2.3917124049624703
106.938,2.3898201082185828
106.93899999999999,2.3879214938004001
106.94,2.3860165720260866
106.941,2.3841053533341441
106.94200000000001,2.3821878482833898
106.943,2.3802640675529223
106.944,2.3783340219420914
106.94499999999999,2.3763977223704638
106.946,2.3744551798777862
106.947,2.37250640562395
106.94799999999999,2.3705514108889472
106.949,2.3685902070728275
106.95,2.3666228056956546
106.95099999999999,2.364649218397461
106.952,2.3626694569381961
106.953,2.360683533197673
106.95399999999999,2.3586914591755179
106.955,2.3566932469911119
106.956,2.3546889088835385
106.95699999999999,2.3526784572115096
106.958,2.3506619044533195
106.959,2.3486392632067687
106.95999999999999,2.3466105461891003
106.961,2.3445757662369315
106.962,2.3425349363061798
106.96299999999999,2.3404880694719945
106.964,2.3384351789286733
106.965,2.3363762779895887
106.96599999999999,2.334311380087108
106.967,2.3322404987725096
106.968,2.3301636477158967
106.96899999999999,2.3280808407061144
106.97,2.3259920916506545
106.971,2.3238974145755726
106.97199999999999,2.3217968236253839
106.973,2.3196903330629759
106.974,2.3175779572695068
106.97499999999999,2.3154597107443049
106.976,2.3133356081047665
106.977,2.3112056640862537
106.97799999999999,2.3090698935419813
106.979,2.306928311442916
106.98,2.304780932877657
106.98099999999999,2.3026277730523268
106.982,2.3004688472904538
106.983,2.2983041710328567
106.98399999999999,2.2961337598375211
106.985,2.2939576293794777
106.986,2.2917757954506768
106.98699999999999,2.2895882739598683
106.988,2.2873950809324599
106.989,2.2851962325103958
106.98999999999999,2.2829917449520205
106.991,2.2807816346319414
106.992,2.278565918040893
106.99299999999999,2.2763446117855941
106.994,2.2741177325886062
106.995,2.271885297288192
106.996,2.2696473228381628
106.997,2.2674038263077336
106.998,2.2651548248813702
106.999,2.262900335858637
107,2.2606403766540395
107.001,2.2583749647968658
107.002,2.2561041179310322
107.003,2.2538278538149084
107.004,2.2515461903211689
107.005,2.2492591454366115
107.006,2.2469667372620008
107.00700000000001,2.2446689840118879
107.008,2.2423659040144388
107.009,2.2400575157112619
107.01000000000001,2.2377438376572316
107.011,2.2354248885202961
107.012,2.2331006870813166
107.01300000000001,2.2307712522338572
107.014,2.2284366029840208
107.015,2.2260967584502511
107.01600000000001,2.2237517378631342
107.017,2.2214015605652184
107.018,2.2190462460108149
107.01900000000001,2.2166858137657917
107.02,2.2143202835073885
107.021,2.2119496750239991
107.02200000000001,2.2095740082149806
107.023,2.2071933030904423
107.024,2.20480757977103
107.02500000000001,2.2024168584877284
107.026,2.2000211595816408
107.027,2.1976205035037708
107.02800000000001,2.1952149108148165
107.029,2.192804402184934
107.03,2.1903889983935363
107.03100000000001,2.1879687203290548
107.032,2.1855435889887147
107.033,2.1831136254783163
107.03400000000001,2.1806788510119972
107.035,2.1782392869119969
107.036,2.1757949546084343
107.03700000000001,2.1733458756390585
107.038,2.1708920716490168
107.039,2.1684335643906172
107.04000000000001,2.1659703757230715
107.041,2.1635025276122675
107.042,2.1610300421305113
107.04300000000001,2.1585529414562759
107.044,2.1560712478739621
107.045,2.1535849837736269
107.04600000000001,2.1510941716507452
107.047,2.1485988341059423
107.048,2.1460989938447312
107.04900000000001,2.1435946736772595
107.05,2.1410858965180419
107.051,2.1385726853856859
107.05199999999999,2.1360550634026372
107.053,2.1335330537948942
107.054,2.1310066798917497
107.05500000000001,2.1284759651255083
107.056,2.1259409330312042
107.057,2.1234016072463371
107.05799999999999,2.1208580115105811
107.059,2.118310169665496
107.06,2.1157581056542583
107.06100000000001,2.1132018435213586
107.062,2.1106414074123228
107.063,2.1080768215734169
107.06399999999999,2.1055081103513476
107.065,2.1029352981929774
107.066,2.1003584096450245
107.06700000000001,2.0977774693537525
107.068,2.0951925020646844
107.069,2.0926035326222863
107.06999999999999,2.0900105859696714
107.071,2.0874136871482873
107.072,2.0848128612976007
107.07300000000001,2.0822081336547975
107.074,2.0795995295544651
107.075,2.0769870744282652
107.07599999999999,2.074370793804635
107.077,2.0717507133084498
107.078,2.0691268586607126
107.07899999999999,2.0664992556782313
107.08,2.063867930273275
107.081,2.0612329084532717
107.08199999999999,2.0585942163204631
107.083,2.0559518800715688
107.084,2.0533059259974702
107.08499999999999,2.0506563804828515
107.086,2.0480032700058874
107.087,2.0453466211378837
107.08799999999999,2.0426864605429387
107.089,2.0400228149776103
107.09,2.037355711290564
107.09099999999999,2.0346851764222174
107.092,2.0320112374044066
107.093,2.0293339213600197
107.09399999999999,2.0266532555026564
107.095,2.0239692671362675
107.096,2.0212819836547884
107.09699999999999,2.0185914325418
107.098,2.0158976413701533
107.099,2.0132006378016061
107.09999999999999,2.0105004495864689
107.101,2.0077971045632261
107.102,2.0050906306581786
107.10299999999999,2.0023810558850665
107.104,1.9996684083446967
107.105,1.9969527162245739
107.10599999999999,1.9942340077985228
107.107,1.9915123114263051
107.108,1.9887876555532498
107.10899999999999,1.98606006870986
107.11,1.983329579511441
107.111,1.9805962166577114
107.11199999999999,1.977860008932407
107.113,1.9751209852029088
107.114,1.9723791744198438
107.11499999999999,1.9696346056166834
107.116,1.9668873079093705
107.117,1.9641373104959026
107.11799999999999,1.9613846426559485
107.119,1.9586293337504452
107.12,1.955871413221189
107.121,1.9531109105904438
107.122,1.9503478554605334
107.123,1.9475822775134253
107.124,1.9448142065103393
107.125,1.9420436722913204
107.126,1.939270704774841
107.127,1.9364953339573827
107.128,1.933717589913013
107.129,1.9309375027929856
107.13,1.9281551028253019
107.131,1.9253704203143107
107.13200000000001,1.9225834856402728
107.133,1.9197943292589374
107.134,1.9170029817011263
107.13500000000001,1.9142094735723032
107.136,1.9114138355521346
107.137,1.9086160983940783
107.13800000000001,1.9058162929249332
107.139,1.9030144500444208
107.14,1.900210600724745
107.14100000000001,1.8974047760101449
107.142,1.8945970070164746
107.143,1.8917873249307522
107.14400000000001,1.8889757610107156
107.145,1.8861623465843929
107.146,1.8833471130496389
107.14700000000001,1.8805300918737062
107.148,1.8777113145927904
107.149,1.874890812811572
107.15000000000001,1.8720686182027846
107.151,1.8692447625067468
107.152,1.8664192775309065
107.15300000000001,1.8635921951494061
107.154,1.8607635473025965
107.155,1.857933365996602
107.15600000000001,1.8551016833028502
107.157,1.8522685313576073
107.158,1.849433942361524
107.15900000000001,1.846597948579167
107.16,1.8437605823385441
107.161,1.8409218760306563
107.16200000000001,1.8380818621090071
107.163,1.8352405730891472
107.164,1.8323980415482006
107.16500000000001,1.829554300124381
107.166,1.8267093815165327
107.167,1.8238633184836446
107.16800000000001,1.8210161438443686
107.169,1.8181678904765566
107.17,1.8153185913167611
107.17100000000001,1.8124682793597697
107.172,1.8096169876581156
107.173,1.8067647493215853
107.17400000000001,1.8039115975167492
107.175,1.8010575654664658
107.176,1.7982026864493834
107.17699999999999,1.795346993799475
107.178,1.7924905209055189
107.179,1.7896333012106311
107.18000000000001,1.7867753682117569
107.181,1.7839167554591762
107.182,1.7810574965560164
107.18299999999999,1.7781976251577523
107.184,1.7753371749716933
107.185,1.7724761797565067
107.18600000000001,1.7696146733216973
107.187,1.7667526895271166
107.188,1.7638902622824553
107.18899999999999,1.7610274255467318
107.19,1.7581642133278002
107.191,1.7553006596818337
107.19200000000001,1.7524367987128115
107.193,1.7495726645720244
107.194,1.7467082914575474
107.19499999999999,1.7438437136137392
107.196,1.7409789653307288
107.197,1.7381140809438889
107.19800000000001,1.7352490948333361
107.199,1.7323840414234108
107.2,1.7295189551821453
107.20099999999999,1.7266538706207695
107.202,1.7237888222931674
107.203,1.7209238447953745
107.20399999999999,1.7180589727650488
107.205,1.7151942408809391
107.206,1.7123296838623776
107.20699999999999,1.7094653364687473
107.208,1.7066012334989475
107.209,1.7037374097908846
107.20999999999999,1.7008739002209239
107.211,1.698010739703379
107.212,1.695147963189972
107.21299999999999,1.6922856056692981
107.214,1.6894237021663059
107.215,1.6865622877417574
107.21599999999999,1.6837013974916897
107.217,1.6808410665468922
107.218,1.6779813300723561
107.21899999999999,1.6751222232667509
107.22,1.6722637813618837
107.221,1.6694060396221482
107.22199999999999,1.6665490333440052
107.223,1.6636927978554326
107.224,1.6608373685153763
107.22499999999999,1.6579827807132255
107.226,1.655129069868253
107.227,1.6522762714290862
107.22799999999999,1.649424420873155
107.229,1.6465735537061414
107.23,1.6437237054614462
107.23099999999999,1.6408749116996362
107.232,1.6380272080078888
107.233,1.6351806299994605
107.23399999999999,1.6323352133131173
107.235,1.6294909936126039
107.236,1.6266480065860871
107.23699999999999,1.6238062879455912
107.238,1.6209658734264678
107.239,1.6181267987868313
107.23999999999999,1.6152890998069982
107.241,1.612452812288953
107.242,1.6096179720557728
107.24299999999999,1.6067846149510849
107.244,1.6039527768385127
107.245,1.6011224936010997
107.246,1.5982938011407772
107.247,1.5954667353777945
107.248,1.592641332250154
107.249,1.589817627713066
107.25,1.5869956577383748
107.251,1.5841754583140144
107.252,1.5813570654434361
107.253,1.5785405151450436
107.254,1.5757258434516492
107.255,1.5729130864098886
107.256,1.5701022800796771
107.25700000000001,1.5672934605336382
107.258,1.5644866638565338
107.259,1.5616819261447126
107.26000000000001,1.5588792835055378
107.261,1.556078772056817
107.262,1.5532804279262522
107.26300000000001,1.5504842872508533
107.264,1.54769038617639
107.265,1.5448987608568152
107.26600000000001,1.5421094474536949
107.267,1.5393224821356508
107.268,1.5365379010777853
107.26900000000001,1.5337557404611086
107.27,1.530976036471984
107.271,1.5281988253015415
107.27200000000001,1.5254241431451243
107.273,1.5226520262017105
107.274,1.5198825106733378
107.27500000000001,1.5171156327645465
107.276,1.5143514286818038
107.277,1.5115899346329211
107.27800000000001,1.5088311868265041
107.279,1.5060752214713609
107.28,1.5033220747759453
107.28100000000001,1.5005717829477805
107.282,1.4978243821928774
107.283,1.4950799087151805
107.28400000000001,1.4923383987159826
107.285,1.4895998883933506
107.286,1.4868644139415643
107.28700000000001,1.4841320115505303
107.288,1.4814027174052204
107.289,1.4786765676850944
107.29000000000001,1.4759535985635166
107.291,1.4732338462072003
107.292,1.4705173467756276
107.29300000000001,1.4678041364204635
107.294,1.4650942512850023
107.295,1.4623877275035779
107.29600000000001,1.4596846012009992
107.297,1.456984908491977
107.298,1.4542886854805395
107.29900000000001,1.451595968259471
107.3,1.4489067929097366
107.301,1.446221195499894
107.30199999999999,1.4435392120855424
107.303,1.4408608787087291
107.304,1.4381862313973881
107.30500000000001,1.4355153061647652
107.306,1.4328481390088337
107.307,1.4301847659117368
107.30799999999999,1.4275252228392068
107.309,1.4248695457399838
107.31,1.422217770545263
107.31100000000001,1.4195699331680984
107.312,1.4169260695028481
107.313,1.4142862154245981
107.31399999999999,1.411650406788576
107.315,1.4090186794296002
107.316,1.4063910691614949
107.31700000000001,1.4037676117765154
107.318,1.4011483430447929
107.319,1.3985332987137411
107.31999999999999,1.3959225145075036
107.321,1.3933160261263757
107.322,1.3907138692462298
107.32300000000001,1.3881160795179541
107.324,1.3855226925668793
107.325,1.3829337439922005
107.32599999999999,1.3803492693664232
107.327,1.3777693042347803
107.328,1.3751938841146756
107.32899999999999,1.3726230444951071
107.33,1.3700568208360959
107.331,1.3674952485681335
107.33199999999999,1.3649383630916034
107.333,1.362386199776209
107.334,1.3598387939604262
107.33499999999999,1.357296180950915
107.336,1.3547583960219747
107.337,1.3522254744149653
107.33799999999999,1.3496974513377462
107.339,1.3471743619641146
107.34,1.3446562414332446
107.34099999999999,1.3421431248491107
107.342,1.3396350472799461
107.343,1.3371320437576579
107.34399999999999,1.3346341492772884
107.345,1.3321413987964372
107.346,1.3296538272347043
107.34699999999999,1.3271714694731376
107.348,1.3246943603536707
107.349,1.3222225346785537
107.34999999999999,1.3197560272098141
107.351,1.3172948726686817
107.352,1.3148391057350444
107.35299999999999,1.3123887610468894
107.354,1.309943873199737
107.355,1.3075044767461037
107.35599999999999,1.3050706061949393
107.357,1.3026422960110646
107.358,1.3002195806146393
107.35899999999999,1.2978024943805886
107.36,1.2953910716380679
107.361,1.2929853466699066
107.36199999999999,1.2905853537120542
107.363,1.2881911269530391
107.364,1.2858027005334174
107.36499999999999,1.2834201085452204
107.366,1.2810433850314196
107.367,1.2786725639853644
107.36799999999999,1.2763076793502575
107.369,1.2739487650185954
107.37,1.2715958548316255
107.371,1.2692489825788162
107.372,1.2669081819973058
107.373,1.2645734867713578
107.374,1.2622449305318333
107.375,1.259922546855643
107.376,1.2576063692652113
107.377,1.2552964312279471
107.378,1.2529927661556894
107.379,1.2506954074041947
107.38,1.2484043882725842
107.381,1.246119742002824
107.38200000000001,1.2438415017791873
107.383,1.2415697007277171
107.384,1.2393043719157113
107.38500000000001,1.2370455483511809
107.386,1.2347932629823231
107.387,1.2325475486970032
107.38800000000001,1.2303084383222158
107.389,1.2280759646235728
107.39,1.2258501603047725
107.39100000000001,1.2236310580070735
107.392,1.221418690308782
107.393,1.2192130897247266
107.39400000000001,1.217014288705736
107.395,1.2148223196381296
107.396,1.2126372148431872
107.39700000000001,1.210459006576647
107.398,1.2082877270281851
107.399,1.2061234083208945
107.40000000000001,1.203966082510787
107.401,1.2018157815862731
107.402,1.1996725374676493
107.40300000000001,1.1975363820066007
107.404,1.1954073469856779
107.405,1.193285464117809
107.40600000000001,1.1911707650457806
107.407,1.1890632813417352
107.408,1.186963044506677
107.40900000000001,1.1848700859699677
107.41,1.1827844370888165
107.411,1.1807061291477989
107.41200000000001,1.1786351933583448
107.413,1.1765716608582497
107.414,1.1745155627111852
107.41500000000001,1.1724669299061878
107.416,1.1704257933571873
107.417,1.16839218390251
107.41800000000001,1.1663661323043777
107.419,1.1643476692484409
107.42,1.1623368253432731
107.42100000000001,1.1603336311199013
107.422,1.1583381170313138
107.423,1.156350313451977
107.42400000000001,1.1543702506773639
107.425,1.1523979589234681
107.426,1.150433468326324
107.42699999999999,1.1484768089415414
107.428,1.1465280107438165
107.429,1.1445871036264732
107.43000000000001,1.1426541174009825
107.431,1.1407290817964912
107.432,1.1388120264593624
107.43299999999999,1.1369029809527036
107.434,1.1350019747558937
107.435,1.1331090372641366
107.43600000000001,1.1312241977879793
107.437,1.1293474855528665
107.438,1.1274789296986771
107.43899999999999,1.1256185592792594
107.44,1.1237664032619865
107.441,1.1219224905272969
107.44200000000001,1.1200868498682377
107.443,1.1182595099900237
107.444,1.1164404995095758
107.44499999999999,1.1146298469550855
107.446,1.112827580765563
107.447,1.1110337292903898
107.44800000000001,1.1092483207888812
107.449,1.1074713834298482
107.45,1.1057029452911447
107.45099999999999,1.1039430343592516
107.452,1.1021916785288157
107.453,1.10044890560224
107.45399999999999,1.0987147432892361
107.455,1.0969892192063955
107.456,1.0952723608767676
107.45699999999999,1.0935641957294284
107.458,1.0918647510990527
107.459,1.0901740542254972
107.45999999999999,1.0884921322533705
107.461,1.0868190122316248
107.462,1.0851547211131285
107.46299999999999,1.0834992857542509
107.464,1.0818527329144545
107.465,1.0802150892558773
107.46599999999999,1.0785863813429186
107.467,1.0769666356418446
107.468,1.0753558785203623
107.46899999999999,1.0737541362472309
107.47,1.0721614349918518
107.471,1.0705778008238638
107.47199999999999,1.0690032597127517
107.473,1.0674378375274487
107.474,1.0658815600359284
107.47499999999999,1.0643344529048309
107.476,1.0627965416990546
107.477,1.0612678518813761
107.47799999999999,1.0597484088120614
107.479,1.058238237748474
107.48,1.0567373638447013
107.48099999999999,1.0552458121511648
107.482,1.053763607614244
107.483,1.0522907750758996
107.48399999999999,1.0508273392732934
107.485,1.0493733248384203
107.486,1.0479287562977346
107.48699999999999,1.046493658071777
107.488,1.0450680544748123
107.489,1.0436519697144644
107.48999999999999,1.0422454278913431
107.491,1.0408484529986961
107.492,1.0394610689220392
107.49299999999999,1.038083299438807
107.494,1.0367151682179936
107.495,1.0353566988197964
107.496,1.0340079146952723
107.497,1.0326688391859866
107.498,1.0313394955236601
107.499,1.0300199068298348
107.5,1.0287100961155213
107.501,1.0274100862808673
107.502,1.0261199001148151
107.503,1.024839560294764
107.504,1.023569089386239
107.505,1.0223085098425577
107.506,1.0210578440045039
107.50700000000001,1.0198171140999965
107.508,1.0185863422437642
107.509,1.0173655504370258
107.51000000000001,1.0161547605671675
107.511,1.0149539944074237
107.512,1.0137632736165623
107.51300000000001,1.0125826197385659
107.514,1.0114120542023279
107.515,1.0102515983213387
107.51600000000001,1.0091012732933724
107.517,1.0079611002001918
107.518,1.0068311000072412
107.51900000000001,1.0057112935633399
107.52,1.0046017016003965
107.521,1.0035023447330969
107.52200000000001,1.0024132434586244
107.523,1.0013344181563617
107.524,1.0002658890875993
107.52500000000001,0.99920767639525288
107.526,0.9981598001035783
107.527,0.99712228011788362
107.52800000000001,0.9960951362242576
107.529,0.99507838808928173
107.53,0.99407205525976661
107.53100000000001,0.99307615716246778
107.532,0.99209071310381836
107.533,0.99111574226966526
107.53400000000001,0.99015126372499629
107.535,0.98919729641367926
107.536,0.98825385915820196
107.53700000000001,0.98732097065940683
107.538,0.98639864949624378
107.539,0.98548691412550826
107.54000000000001,0.98458578288158938
107.541,0.98369527397622525
107.542,0.98281540549825208
107.54300000000001,0.98194619541335593
107.544,0.9810876615638402
107.545,0.98023982166837231
107.54600000000001,0.979402693321757
107.547,0.9785762939946967
107.548,0.97776064103355576
107.54900000000001,0.97695575166013549
107.55,0.97616164297144281
107.551,0.97537833193946022
107.55199999999999,0.97460583541093571
107.553,0.97384417010714386
107.554,0.97309335262368291
107.55500000000001,0.97235339943025201
107.556,0.97162432687043476
107.557,0.9709061511614947
107.55799999999999,0.97019888839416368
107.559,0.96950255453243117
107.56,0.96881716541335106
107.56100000000001,0.96814273674682716
107.562,0.96747928411542583
107.563,0.96682682297417277
107.56399999999999,0.9661853686503612
107.565,0.96555493634335998
107.566,0.9649355411244267
107.56700000000001,0.96432719793651578
107.568,0.96372992159410242
107.569,0.96314372678299076
107.56999999999999,0.96256862806014687
107.571,0.96200463985351159
107.572,0.96145177646183222
107.57300000000001,0.96091005205448732
107.574,0.96037948067132506
107.575,0.95986007622248448
107.57599999999999,0.95935185248824206
107.577,0.95885482311884451
107.578,0.95836900163435357
107.57899999999999,0.95789440142448434
107.58,0.95743103574845545
107.581,0.95697891773483579
107.58199999999999,0.95653806038139666
107.583,0.95610847655496123
107.584,0.95569017899126907
107.58499999999999,0.95528318029482318
107.586,0.95488749293876141
107.587,0.9545031292647137
107.58799999999999,0.95413010148267063
107.589,0.95376842167085196
107.59,0.95341810177557718
107.59099999999999,0.95307915361113915
107.592,0.95275158885968003
107.593,0.95243541907107332
107.59399999999999,0.95213065566279864
107.595,0.95183730991983317
107.596,0.95155539299453107
107.59699999999999,0.95128491590651776
107.598,0.95102588954258005
107.599,0.95077832465655643
107.59999999999999,0.95054223186923847
107.601,0.95031762166826894
107.602,0.95010450440803984
107.60299999999999,0.94990289030960273
107.604,0.94971278946056925
107.605,0.94953421181502518
107.60599999999999,0.94936716719343983
107.607,0.94921166528258061
107.608,0.94906771563543146
107.60899999999999,0.948935327671109
107.61,0.94881451067479161
107.611,0.94870527379763403
107.61199999999999,0.94860762605670379
107.613,0.94852157633490464
107.614,0.94844713338091302
107.61499999999999,0.94838430580910993
107.616,0.94833310209952115
107.617,0.94829353059775268
107.61799999999999,0.94826559951493916
107.619,0.94824931692768488
107.62,0.9482446907780111
107.621,0.94825172887330944
107.622,0.94827043888629148
107.623,0.94830082835494633
107.624,0.94834290468249605
107.625,0.94839667513735892
107.626,0.94846214685310826
107.627,0.94853932682844433
107.628,0.9486282219271549
107.629,0.94872883887809012
107.63,0.94884118427513653
107.631,0.94896526457719022
107.63200000000001,0.94910108610813548
107.633,0.94924865505682554
107.634,0.94940797747706784
107.63500000000001,0.94957905928760789
107.636,0.94976190627211765
107.637,0.94995652407918674
107.63800000000001,0.95016291822231769
107.639,0.950381094079918
107.64,0.95061105689530301
107.64100000000001,0.95085281177669478
107.642,0.95110636369722523
107.643,0.95137171749494143
107.64400000000001,0.95164887787281982
107.645,0.95193784939877046
107.646,0.95223863650565432
107.64700000000001,0.9525512434912986
107.648,0.9528756745185154
107.649,0.95321193361512524
107.65000000000001,0.95356002467397616
107.651,0.95391995145297548
107.652,0.954291717575114
107.65300000000001,0.95467532652849929
107.654,0.95507078166639192
107.655,0.95547808620723695
107.65600000000001,0.95589724323470526
107.657,0.95632825569773683
107.658,0.95677112641058026
107.65900000000001,0.95722585805284255
107.66,0.95769245316953744
107.661,0.9581709141711352
107.66200000000001,0.95866124333361658
107.663,0.9591634427985325
107.664,0.95967751457305694
107.66500000000001,0.96020346053005401
107.666,0.96074128240813672
107.667,0.96129098181173789
107.66800000000001,0.96185256021117405
107.669,0.9624260189427214
107.67,0.96301135920868486
107.67100000000001,0.96360858207747579
107.672,0.9642176884836926
107.673,0.96483867922819888
107.67400000000001,0.96547155497820891
107.675,0.96611631626736916
107.676,0.96677296349585395
107.67699999999999,0.96744149693044745
107.678,0.9681219167046462
107.679,0.96881422281874596
107.68000000000001,0.96951841513994319
107.681,0.97023449340244028
107.682,0.97096245720753793
107.68299999999999,0.97170230602374819
107.684,0.97245403918690365
107.685,0.97321765590025833
107.68600000000001,0.97399315523461016
107.687,0.97478053612840809
107.688,0.97557979738787326
107.68899999999999,0.97639093768712049
107.69,0.97721395556827284
107.691,0.97804884944159531
107.69200000000001,0.97889561758561228
107.693,0.97975425814724493
107.694,0.98062476914193897
107.69499999999999,0.98150714845379516
107.696,0.9824013938357099
107.697,0.98330750290951596
107.69800000000001,0.98422547316611397
107.699,0.9851553019656254
107.7,0.98609698653753397
107.70099999999999,0.98705052398083049
107.702,0.98801591126417088
107.703,0.98899314522601878
107.70399999999999,0.98998222257480806
107.705,0.99098313988909692
107.706,0.99199589361772689
107.70699999999999,0.99302048007998378
107.708,0.9940568954657667
107.709,0.99510513583574567
107.70999999999999,0.99616519712153861
107.711,0.99723707512587545
107.712,0.99832076552277482
107.71299999999999,0.99941626385772109
107.714,1.0005235655478357
107.715,1.0016426658820607
107.71599999999999,1.0027735600213439
107.717,1.0039162429988162
107.718,1.0050707097199838
107.71899999999999,1.0062369549629144
107.72,1.0074149733784263
107.721,1.0086047594902876
107.72199999999999,1.0098063076954047
107.723,1.0110196122640205
107.724,1.0122446673399228
107.72499999999999,1.0134814669406331
107.726,1.0147300049576218
107.727,1.0159902751565077
107.72799999999999,1.0172622711772654
107.729,1.0185459865344464
107.73,1.0198414146173778
107.73099999999999,1.0211485486903842
107.732,1.0224673818930088
107.733,1.0237979072402217
107.73399999999999,1.0251401176226524
107.735,1.0264940058068044
107.736,1.0278595644352839
107.73699999999999,1.0292367860270319
107.738,1.0306256629775445
107.739,1.0320261875591101
107.73999999999999,1.0334383519210468
107.741,1.0348621480899294
107.742,1.0362975679698352
107.74299999999999,1.0377446033425795
107.744,1.0392032458679574
107.745,1.0406734870839931
107.746,1.0421553184071795
107.747,1.0436487311327285
107.748,1.0451537164348248
107.749,1.046670265366872
107.75,1.0481983688617524
107.751,1.0497380177320779
107.752,1.0512892026704508
107.753,1.0528519142497275
107.754,1.0544261429232715
107.755,1.0560118790252293
107.756,1.0576091127707841
107.75700000000001,1.05921783425643
107.758,1.0608380334602474
107.759,1.0624697002421617
107.76000000000001,1.0641128243442266
107.761,1.0657673953909019
107.762,1.0674334028893193
107.76300000000001,1.0691108362295751
107.764,1.0707996846850025
107.765,1.0724999374124553
107.76600000000001,1.074211583452604
107.767,1.0759346117302058
107.768,1.0776690110544038
107.76900000000001,1.0794147701190204
107.77,1.0811718775028392
107.771,1.0829403216699118
107.77200000000001,1.0847200909698402
107.773,1.0865111736380864
107.774,1.0883135577962679
107.77500000000001,1.0901272314524586
107.776,1.0919521825014902
107.777,1.0937883987252657
107.77800000000001,1.095635867793052
107.779,1.0974945772618074
107.78,1.099364514576473
107.78100000000001,1.1012456670702948
107.782,1.1031380219651414
107.783,1.1050415663718083
107.78400000000001,1.1069562872903438
107.785,1.1088821716103667
107.786,1.1108192061113833
107.78700000000001,1.1127673774631153
107.788,1.1147266722258182
107.789,1.1166970768506093
107.79000000000001,1.1186785776797989
107.791,1.120671160947214
107.792,1.1226748127785278
107.79300000000001,1.1246895191916022
107.794,1.1267152660968067
107.795,1.1287520392973702
107.79600000000001,1.1307998244897026
107.797,1.1328586072637428
107.798,1.1349283731033002
107.79900000000001,1.1370091073863902
107.8,1.1391007953855805
107.801,1.1412034222683392
107.80199999999999,1.1433169730973765
107.803,1.1454414328309961
107.804,1.147576786323443
107.80500000000001,1.1497230183252518
107.806,1.1518801134836107
107.807,1.154048056342702
107.80799999999999,1.1562268313440602
107.809,1.1584164228269411
107.81,1.160616815028664
107.81100000000001,1.1628279920849844
107.812,1.1650499380304451
107.813,1.1672826367987463
107.81399999999999,1.1695260722231116
107.815,1.1717802280366445
107.816,1.1740450878727007
107.81700000000001,1.1763206352652626
107.818,1.1786068536492955
107.819,1.1809037263611357
107.81999999999999,1.1832112366388476
107.821,1.1855293676226031
107.822,1.1878581023550654
107.82300000000001,1.1901974237817528
107.824,1.1925473147514203
107.825,1.1949077580164484
107.82599999999999,1.1972787362332089
107.827,1.1996602319624587
107.828,1.2020522276697156
107.82899999999999,1.2044547057256443
107.83,1.2068676484064484
107.831,1.2092910378942472
107.83199999999999,1.2117248562774672
107.833,1.2141690855512421
107.834,1.2166237076177833
107.83499999999999,1.2190887042867933
107.836,1.2215640572758408
107.837,1.2240497482107626
107.83799999999999,1.2265457586260651
107.839,1.2290520699653096
107.84,1.2315686635815131
107.84099999999999,1.2340955207375566
107.842,1.2366326226065683
107.843,1.2391799502723437
107.84399999999999,1.2417374847297307
107.845,1.2443052068850404
107.846,1.2468830975564582
107.84699999999999,1.2494711374744358
107.848,1.2520693072821043
107.849,1.2546775875356886
107.84999999999999,1.257295958704902
107.851,1.2599244011733708
107.852,1.2625628952390313
107.85299999999999,1.2652114211145473
107.854,1.2678699589277325
107.855,1.270538488721944
107.85599999999999,1.2732169904565129
107.857,1.275905444007158
107.858,1.2786038291663955
107.85899999999999,1.2813121256439641
107.86,1.2840303130672388
107.861,1.2867583709816468
107.86199999999999,1.2894962788511044
107.863,1.292244016058417
107.864,1.2950015619057127
107.86499999999999,1.2977688956148676
107.866,1.3005459963279218
107.867,1.3033328431075142
107.86799999999999,1.3061294149372946
107.869,1.3089356907223597
107.87,1.3117516492896848
107.871,1.3145772693885394
107.872,1.3174125296909207
107.873,1.3202574087919952
107.874,1.3231118852105062
107.875,1.3259759373892288
107.876,1.3288495436953869
107.877,1.3317326824210842
107.878,1.3346253317837569
107.879,1.3375274699265818
107.88,1.3404390749189363
107.881,1.3433601247568134
107.88200000000001,1.3462905973632666
107.883,1.3492304705888569
107.884,1.3521797222120713
107.88500000000001,1.3551383299397712
107.886,1.3581062714076402
107.887,1.3610835241806032
107.88800000000001,1.3640700657532898
107.889,1.3670658735504546
107.89,1.3700709249274288
107.89100000000001,1.3730851971705693
107.892,1.3761086674976859
107.893,1.3791413130584931
107.89400000000001,1.3821831109350589
107.895,1.3852340381422361
107.896,1.3882940716281231
107.89700000000001,1.3913631882744948
107.898,1.3944413648972533
107.899,1.3975285782468851
107.90000000000001,1.4006248050088921
107.901,1.4037300218042443
107.902,1.4068442051898384
107.90300000000001,1.4099673316589274
107.904,1.4130993776415894
107.905,1.4162403195051598
107.90600000000001,1.4193901335546886
107.907,1.4225487960333969
107.908,1.425716283123116
107.90900000000001,1.4288925709447393
107.91,1.4320776355586906
107.911,1.435271452965349
107.91200000000001,1.4384739991055264
107.913,1.4416852498609032
107.914,1.4449051810544817
107.91500000000001,1.4481337684510573
107.916,1.4513709877576479
107.917,1.4546168146239595
107.91800000000001,1.4578712246428465
107.919,1.4611341933507509
107.92,1.4644056962281717
107.92100000000001,1.4676857087001096
107.922,1.4709742061365219
107.923,1.4742711638527919
107.92400000000001,1.4775765571101653
107.925,1.4808903611162152
107.926,1.4842125510253075
107.92699999999999,1.4875431019390335
107.928,1.4908819889066958
107.929,1.4942291869257383
107.93000000000001,1.4975846709422149
107.931,1.5009484158512554
107.932,1.5043203964975047
107.93299999999999,1.5077005876755862
107.934,1.5110889641305736
107.935,1.514485500558421
107.93600000000001,1.5178901716064499
107.937,1.5213029518737822
107.938,1.5247238159118095
107.93899999999999,1.5281527382246587
107.94,1.5315896932696311
107.941,1.5350346554576708
107.94200000000001,1.5384875991538296
107.943,1.5419484986777083
107.944,1.545417328303933
107.94499999999999,1.5488940622625971
107.946,1.5523786747397244
107.947,1.555871139877737
107.94800000000001,1.5593714317758995
107.949,1.5628795244907792
107.95,1.566395392036718
107.95099999999999,1.5699190083862664
107.952,1.5734503474706663
107.953,1.5769893831802888
107.95399999999999,1.5805360893650982
107.955,1.584090439835121
107.956,1.5876524083608845
107.95699999999999,1.5912219686738802
107.958,1.5947990944670358
107.959,1.5983837593951458
107.95999999999999,1.6019759370753546
107.961,1.6055756010875919
107.962,1.6091827249750386
107.96299999999999,1.6127972822445917
107.964,1.6164192463673017
107.965,1.6200485907788384
107.96599999999999,1.6236852888799564
107.967,1.6273293140369272
107.968,1.6309806395820203
107.96899999999999,1.634639238813937
107.97,1.6383050849982741
107.971,1.6419781513679861
107.97199999999999,1.6456584111238233
107.973,1.6493458374347929
107.974,1.6530404034386241
107.97499999999999,1.6567420822421972
107.976,1.6604508469220238
107.977,1.6641666705246749
107.97799999999999,1.6678895260672466
107.979,1.6716193865378175
107.98,1.675356224895884
107.98099999999999,1.6791000140728198
107.982,1.6828507269723372
107.983,1.6866083364709146
107.98399999999999,1.690372815418272
107.985,1.6941441366378001
107.986,1.6979222729270158
107.98699999999999,1.7017071970580264
107.988,1.7054988817779511
107.989,1.7092972998093865
107.98999999999999,1.7131024238508581
107.991,1.7169142265772472
107.992,1.7207326806402619
107.99299999999999,1.7245577586688647
107.994,1.7283894332697223
107.995,1.732227677027665
107.996,1.7360724625061084
107.997,1.7399237622475106
107.998,1.7437815487738226
107.999,1.7476457945869102
108,1.7515164721690231
108.001,1.7553935539832124
108.002,1.7592770124737829
108.003,1.7631668200667439
108.004,1.7670629491702259
108.005,1.7709653721749459
108.006,1.774874061454627
108.00700000000001,1.7787889893664406
108.008,1.782710128251461
108.009,1.7866374504350762
108.01000000000001,1.7905709282274402
108.011,1.7945105339239149
108.012,1.7984562398054846
108.01300000000001,1.8024080181392148
108.014,1.8063658411786652
108.015,1.8103296811643319
108.01600000000001,1.8142995103240889
108.017,1.818275300873603
108.018,1.8222570250167713
108.01900000000001,1.8262446549461651
108.02,1.8302381628434332
108.021,1.834237520879759
108.02200000000001,1.8382427012162663
108.023,1.8422536760044543
108.024,1.8462704173866389
108.02500000000001,1.8502928974963522
108.026,1.8543210884587835
108.027,1.8583549623912106
108.02800000000001,1.862394491403401
108.029,1.8664396475980616
108.03,1.8704904030712364
108.03100000000001,1.8745467299127387
108.032,1.8786086002065825
108.033,1.8826759860313786
108.03400000000001,1.8867488594607646
108.035,1.8908271925638385
108.036,1.8949109574055416
108.03700000000001,1.8990001260471108
108.038,1.9030946705464655
108.039,1.9071945629586331
108.04000000000001,1.9112997753361729
108.041,1.9154102797295702
108.042,1.9195260481876524
108.04300000000001,1.9236470527580178
108.044,1.9277732654874151
108.045,1.9319046584221837
108.04600000000001,1.9360412036086345
108.047,1.9401828730934709
108.048,1.944329638924202
108.04900000000001,1.9484814731495292
108.05,1.9526383478197582
108.051,1.9568002349872167
108.05199999999999,1.9609671067066281
108.053,1.9651389350355424
108.054,1.969315692034713
108.05500000000001,1.9734973497685036
108.056,1.9776838803053014
108.057,1.9818752557178885
108.05799999999999,1.9860714480838506
108.059,1.9902724294859846
108.06,1.9944781720126643
108.06100000000001,1.998688647758265
108.062,2.0029038288235292
108.063,2.0071236873159677
108.06399999999999,2.0113481953502617
108.065,2.0155773250486284
108.066,2.0198110485412224
108.06700000000001,2.0240493379665292
108.068,2.0282921654717292
108.069,2.0325395032131088
108.06999999999999,2.036791323356419
108.071,2.041047598077268
108.072,2.0453082995615155
108.07300000000001,2.0495734000056274
108.074,2.0538428716170687
108.075,2.0581166866146914
108.07599999999999,2.0623948172290829
108.077,2.0666772357029739
108.078,2.0709639142915863
108.07899999999999,2.0752548252630185
108.08,2.0795499408986236
108.081,2.0838492334933636
108.08199999999999,2.0881526753561865
108.083,2.0924602388104092
108.084,2.0967718961940549
108.08499999999999,2.1010876198602508
108.086,2.1054073821775665
108.087,2.1097311555303908
108.08799999999999,2.1140589123193014
108.089,2.1183906249614064
108.09,2.1227262658907144
108.09099999999999,2.1270658075585067
108.092,2.1314092224336627
108.093,2.1357564830030542
108.09399999999999,2.1401075617718668
108.095,2.1444624312639693
108.096,2.1488210640222762
108.09699999999999,2.1531834326090755
108.098,2.1575495096063912
108.099,2.1619192676163417
108.09999999999999,2.1662926792614625
108.101,2.1706697171850813
108.102,2.1750503540516362
108.10299999999999,2.1794345625470313
108.104,2.1838223153789893
108.105,2.1882135852773708
108.10599999999999,2.1926083449945244
108.107,2.1970065673056354
108.108,2.2014082250090383
108.10899999999999,2.2058132909265815
108.11,2.2102217379039337
108.111,2.2146335388109297
108.11199999999999,2.2190486665419162
108.113,2.2234670940160508
108.114,2.2278887941776526
108.11499999999999,2.2323137399965325
108.116,2.2367419044682975
108.117,2.2411732606147057
108.11799999999999,2.2456077814839603
108.119,2.2500454401510463
108.12,2.2544862097180594
108.121,2.2589300633145055
108.122,2.2633769740976271
108.123,2.2678269152527344
108.124,2.2722798599934899
108.125,2.2767357815622571
108.126,2.2811946532303811
108.127,2.2856564482985138
108.128,2.2901211400969363
108.129,2.294588701985838
108.13,2.2990591073556512
108.131,2.3035323296273367
108.13200000000001,2.3080083422526907
108.133,2.3124871187146669
108.134,2.3169686325276482
108.13500000000001,2.321452857237758
108.136,2.3259397664231751
108.137,2.330429333694398
108.13800000000001,2.3349215326945734
108.139,2.33941633709976
108.14,2.3439137206192373
108.14100000000001,2.3484136569958047
108.142,2.3529161200060464
108.143,2.3574210834606339
108.14400000000001,2.3619285212046233
108.145,2.3664384071177098
108.146,2.3709507151145481
108.14700000000001,2.3754654191450011
108.148,2.3799824931944378
108.149,2.3845019112840173
108.15000000000001,2.3890236474709505
108.151,2.3935476758487817
108.152,2.3980739705476779
108.15300000000001,2.4026025057346727
108.154,2.4071332556139717
108.155,2.4116661944271929
108.15600000000001,2.4162012964536475
108.157,2.4207385360106199
108.158,2.4252778874536074
108.15900000000001,2.4298193251765983
108.16,2.4343628236123438
108.161,2.4389083572325951
108.16200000000001,2.4434559005483907
108.163,2.4480054281102888
108.164,2.4525569145086337
108.16500000000001,2.4571103343738261
108.166,2.4616656623765483
108.167,2.4662228732280327
108.16800000000001,2.4707819416803187
108.169,2.4753428425264783
108.17,2.4799055506008933
108.17100000000001,2.4844700407794726
108.172,2.4890362879799111
108.173,2.4936042671619378
108.17400000000001,2.4981739533275418
108.175,2.5027453215212181
108.176,2.507318346830218
108.17699999999999,2.5118930043847603
108.178,2.5164692693582946
108.179,2.5210471169677109
108.18000000000001,2.5256265224735803
108.181,2.530207461180396
108.182,2.5347899084367835
108.18299999999999,2.5393738396357337
108.184,2.5439592302148477
108.185,2.548546055656522
108.18600000000001,2.5531342914882149
108.187,2.5577239132826319
108.188,2.5623148966579588
108.18899999999999,2.5669072172780929
108.19,2.5715008508528352
108.191,2.5760957731381131
108.19200000000001,2.5806919599362135
108.193,2.5852893870959566
108.194,2.5898880305129461
108.19499999999999,2.5944878661297444
108.196,2.599088869936097
108.197,2.6036910179691417
108.19800000000001,2.6082942863135963
108.199,2.6128986511019678
108.2,2.6175040885147673
108.20099999999999,2.622110574780681
108.202,2.6267180861767976
108.203,2.6313265990287777
108.20399999999999,2.6359360897110626
108.205,2.6405465346470738
108.206,2.6451579103093827
108.20699999999999,2.649770193219914
108.208,2.6543833599501441
108.209,2.6589973871212593
108.20999999999999,2.6636122514043707
108.211,2.6682279295206759
108.212,2.6728443982416445
108.21299999999999,2.6774616343892181
108.214,2.682079614835958
108.215,2.6866983165052396
108.21599999999999,2.6913177163714357
108.217,2.6959377914600671
108.218,2.7005585188480001
108.21899999999999,2.7051798756635983
108.22,2.7098018390868939
108.221,2.7144243863497759
108.22199999999999,2.7190474947361261
108.223,2.7236711415819976
108.224,2.7282953042757918
108.22499999999999,2.7329199602583878
108.226,2.7375450870233378
108.227,2.742170662116993
108.22799999999999,2.7467966631386784
108.229,2.7514230677408538
108.23,2.7560498536292473
108.23099999999999,2.7606769985630142
108.232,2.7653044803549074
108.233,2.7699322768713901
108.23399999999999,2.774560366032822
108.235,2.7791887258135684
108.236,2.7838173342421646
108.23699999999999,2.7884461694014693
108.238,2.7930752094287743
108.239,2.7977044325159648
108.23999999999999,2.8023338169096643
108.241,2.8069633409113441
108.242,2.8115929828774906
108.24299999999999,2.8162227212197104
108.244,2.8208525344048727
108.245,2.8254824009552522
108.246,2.8301122994486341
108.247,2.8347422085184535
108.248,2.8393721068539324
108.249,2.844001973200172
108.25,2.8486317863583142
108.251,2.8532615251856308
108.252,2.8578911685956516
108.253,2.8625206955583007
108.254,2.8671500850999774
108.255,2.8717793163037104
108.256,2.8764083683092383
108.25700000000001,2.8810372203131331
108.258,2.8856658515689242
108.259,2.8902942413871844
108.26000000000001,2.8949223691356423
108.261,2.8995502142393081
108.262,2.9041777561805446
108.26300000000001,2.9088049744992035
108.264,2.9134318487926967
108.265,2.9180583587161095
108.26600000000001,2.9226844839823101
108.267,2.9273102043620232
108.268,2.9319354996839331
108.26900000000001,2.9365603498347927
108.27,2.9411847347594859
108.271,2.9458086344611534
108.27200000000001,2.9504320290012473
108.273,2.9550548984996343
108.274,2.9596772231346953
108.27500000000001,2.9642989831433812
108.276,2.9689201588213145
108.277,2.9735407305228745
108.27800000000001,2.9781606786612556
108.279,2.9827799837085758
108.28,2.9873986261959256
108.28100000000001,2.9920165867134547
108.282,2.9966338459104609
108.283,3.0012503844954352
108.28400000000001,3.0058661832361473
108.285,3.0104812229597266
108.286,3.0150954845527029
108.28700000000001,3.0197089489611026
108.288,3.0243215971904909
108.289,3.0289334103060432
108.29000000000001,3.0335443694326205
108.291,3.0381544557548086
108.292,3.0427636505169877
108.29300000000001,3.047371935023401
108.294,3.0519792906381875
108.295,3.0565856987854652
108.29600000000001,3.0611911409493593
108.297,3.0657955986740655
108.298,3.0703990535639125
108.29900000000001,3.0750014872833882
108.3,3.0796028815572023
108.301,3.0842032181703392
108.30199999999999,3.0888024789680779
108.303,3.0934006458560717
108.304,3.0979977008003585
108.30500000000001,3.1025936258274109
108.306,3.1071884030241956
108.307,3.1117820145381834
108.30799999999999,3.1163744425773952
108.309,3.1209656694104577
108.31,3.1255556773665987
108.31100000000001,3.1301444488357211
108.312,3.1347319662684017
108.313,3.1393182121759349
108.31399999999999,3.1439031691303683
108.315,3.1484868197645155
108.316,3.153069146771986
108.31700000000001,3.1576501329072251
108.318,3.1622297609855061
108.319,3.1668080138829886
108.31999999999999,3.1713848745367059
108.321,3.1759603259446032
108.322,3.1805343511655582
108.32300000000001,3.1851069333193793
108.324,3.1896780555868354
108.325,3.1942477012096724
108.32599999999999,3.1988158534906073
108.327,3.2033824957933659
108.328,3.2079476115426653
108.32899999999999,3.2125111842242369
108.33,3.2170731973848419
108.331,3.2216336346322576
108.33199999999999,3.2261924796352872
108.333,3.2307497161237846
108.334,3.2353053278886215
108.33499999999999,3.2398592987817194
108.336,3.2444116127160281
108.337,3.2489622536655283
108.33799999999999,3.253511205665244
108.339,3.2580584528112153
108.34,3.2626039792605024
108.34099999999999,3.2671477692311899
108.342,3.2716898070023559
108.343,3.2762300769140889
108.34399999999999,3.2807685633674524
108.345,3.2853052508244822
108.346,3.2898401238081907
108.34699999999999,3.2943731669025222
108.348,3.2989043647523522
108.349,3.3034337020634834
108.34999999999999,3.3079611636025996
108.351,3.3124867341972779
108.352,3.3170103987359374
108.35299999999999,3.3215321421678361
108.354,3.3260519495030523
108.355,3.3305698058124458
108.35599999999999,3.3350856962276358
108.357,3.3395996059409905
108.358,3.3441115202055718
108.35899999999999,3.3486214243351382
108.36,3.3531293037040877
108.361,3.3576351437474341
108.36199999999999,3.3621389299607962
108.363,3.3666406479003266
108.364,3.3711402831827053
108.36499999999999,3.3756378214851024
108.366,3.3801332485451199
108.367,3.3846265501607857
108.36799999999999,3.389117712190485
108.369,3.3936067205529281
108.37,3.3980935612271308
108.371,3.40257822025234
108.372,3.4070606837280053
108.373,3.4115409378137418
108.374,3.4160189687292637
108.375,3.420494762754366
108.376,3.4249683062288439
108.377,3.4294395855524638
108.378,3.4339085871849191
108.379,3.4383752976457536
108.38,3.4428397035143412
108.381,3.4473017914298039
108.38200000000001,3.4517615480909667
108.383,3.4562189602563214
108.384,3.4606740147439368
108.38500000000001,3.4651266984314208
108.386,3.4695769982558704
108.387,3.4740249012137823
108.38800000000001,3.4784703943610271
108.389,3.4829134648127598
108.39,3.4873540997433663
108.39100000000001,3.491792286386413
108.392,3.4962280120345604
108.393,3.5006612640395041
108.39400000000001,3.5050920298119248
108.395,3.5095202968213899
108.396,3.5139460525963195
108.39700000000001,3.5183692847238826
108.398,3.5227899808499465
108.399,3.5272081286790105
108.40000000000001,3.5316237159741144
108.401,3.5360367305567695
108.402,3.540447160306905
108.40300000000001,3.5448549931627591
108.404,3.5492602171208345
108.405,3.5536628202357949
108.40600000000001,3.5580627906203981
108.407,3.5624601164454255
108.408,3.5668547859395856
108.40900000000001,3.5712467873894358
108.41,3.5756361091393192
108.411,3.5800227395912492
108.41200000000001,3.5844066672048593
108.413,3.5887878804972919
108.414,3.5931663680431214
108.41500000000001,3.5975421184742844
108.416,3.6019151204799607
108.417,3.6062853628065064
108.41800000000001,3.6106528342573689
108.419,3.6150175236929725
108.42,3.6193794200306599
108.42100000000001,3.6237385122445693
108.422,3.6280947893655586
108.423,3.6324482404811205
108.42400000000001,3.6367988547352628
108.425,3.6411466213284318
108.426,3.6454915295174208
108.42699999999999,3.6498335686152488
108.428,3.6541727279910976
108.429,3.6585089970701801
108.43000000000001,3.662842365333657
108.431,3.6671728223185465
108.432,3.6715003576176004
108.43299999999999,3.6758249608792162
108.434,3.6801466218073449
108.435,3.6844653301613599
108.43600000000001,3.688781075755986
108.437,3.6930938484611637
108.438,3.6974036382019642
108.43899999999999,3.7017104349584828
108.44,3.7060142287657198
108.441,3.7103150097134758
108.44200000000001,3.7146127679462628
108.443,3.7189074936631616
108.444,3.7231991771177455
108.44499999999999,3.7274878086179424
108.446,3.7317733785259377
108.447,3.7360558772580692
108.44800000000001,3.7403352952846936
108.449,3.7446116231300852
108.45,3.7488848513723347
108.45099999999999,3.7531549706432026
108.452,3.7574219716280406
108.453,3.7616858450656441
108.45399999999999,3.765946581748147
108.455,3.7702041725209203
108.456,3.7744586082824281
108.45699999999999,3.7787098799841186
108.458,3.7829579786303169
108.459,3.7872028952780825
108.45999999999999,3.7914446210371131
108.461,3.7956831470696031
108.462,3.7999184645901236
108.46299999999999,3.8041505648655223
108.464,3.8083794392147712
108.465,3.8126050790088533
108.46599999999999,3.8168274756706548
108.467,3.8210466206748084
108.468,3.8252625055476033
108.46899999999999,3.8294751218668255
108.47,3.8336844612616492
108.471,3.8378905154125174
108.47199999999999,3.8420932760509929
108.473,3.8462927349596412
108.474,3.8504888839719102
108.47499999999999,3.8546817149719774
108.476,3.8588712198946502
108.477,3.8630573907252055
108.47799999999999,3.8672402194992737
108.479,3.8714196983027165
108.48,3.8755958192714721
108.48099999999999,3.8797685745914343
108.482,3.8839379564983298
108.483,3.88810395727756
108.48399999999999,3.8922665692640939
108.485,3.8964257848423127
108.486,3.9005815964458774
108.48699999999999,3.9047339965576118
108.488,3.9088829777093395
108.489,3.9130285324817615
108.48999999999999,3.9171706535043294
108.491,3.921309333455079
108.492,3.925444565060527
108.49299999999999,3.929576341095502
108.494,3.9337046543830194
108.495,3.9378294977941533
108.496,3.9419508642478722
108.497,3.946068746710913
108.498,3.9501831381976471
108.499,3.95429403176992
108.5,3.9584014205369318
108.501,3.9625052976550768
108.502,3.9666056563278076
108.503,3.9707024898055026
108.504,3.9747957913853025
108.505,3.9788855544109918
108.506,3.9829717722728306
108.50700000000001,3.9870544384074211
108.508,3.9911335462975752
108.509,3.9952090894721479
108.51000000000001,3.9992810615058985
108.511,4.0033494560193628
108.512,4.0074142666786754
108.51300000000001,4.0114754871954581
108.514,4.0155331113266435
108.515,4.0195871328743378
108.51600000000001,4.023637545685693
108.517,4.0276843436527274
108.518,4.0317275207121916
108.51900000000001,4.0357670708454361
108.52,4.0398029880782298
108.521,4.0438352664806452
108.52200000000001,4.0478639001668837
108.523,4.0518888832951347
108.524,4.0559102100674362
108.52500000000001,4.0599278747295084
108.526,4.0639418715706075
108.527,4.0679521949233894
108.52800000000001,4.0719588391637354
108.529,4.0759617987106251
108.53,4.0799610680259661
108.53100000000001,4.0839566416144466
108.532,4.0879485140234006
108.533,4.0919366798426271
108.53400000000001,4.0959211337042589
108.535,4.0999018702826087
108.536,4.1038788842940015
108.53700000000001,4.1078521704966455
108.538,4.1118217236904506
108.539,4.115787538716897
108.54000000000001,4.1197496104588804
108.541,4.1237079338405405
108.542,4.1276625038271249
108.54300000000001,4.1316133154248327
108.544,4.1355603636806446
108.545,4.1395036436821968
108.54600000000001,4.1434431505575979
108.547,4.1473788794752835
108.548,4.1513108256438773
108.54900000000001,4.1552389843120121
108.55,4.1591633507681811
108.551,4.1630839203406005
108.55199999999999,4.1670006883970245
108.553,4.1709136503446169
108.554,4.1748228016297748
108.55500000000001,4.1787281377379806
108.556,4.1826296541936534
108.557,4.1865273465599806
108.55799999999999,4.1904212104387613
108.559,4.1943112414702686
108.56,4.1981974353330642
108.56100000000001,4.2020797877438731
108.562,4.2059582944573979
108.563,4.2098329512661756
108.56399999999999,4.2137037540004325
108.565,4.2175706985279007
108.566,4.221433780753677
108.56700000000001,4.2252929966200767
108.568,4.2291483421064466
108.569,4.2329998132290383
108.56999999999999,4.2368474060408303
108.571,4.2406911166313748
108.572,4.2445309411266541
108.57300000000001,4.2483668756889035
108.574,4.2521989165164591
108.575,4.2560270598436194
108.57599999999999,4.2598513019404542
108.577,4.2636716391126779
108.578,4.2674880677014713
108.57899999999999,4.2713005840833347
108.58,4.2751091846699296
108.581,4.2789138659079136
108.58199999999999,4.282714624278789
108.583,4.286511456298749
108.584,4.2903043585185063
108.58499999999999,4.294093327523159
108.586,4.2978783599320014
108.587,4.3016594523983915
108.58799999999999,4.3054366016095891
108.589,4.3092098042865885
108.59,4.3129790571839663
108.59099999999999,4.3167443570897337
108.592,4.3205057008251568
108.593,4.3242630852446275
108.59399999999999,4.3280165072354784
108.595,4.3317659637178441
108.596,4.3355114516444999
108.59699999999999,4.3392529680007019
108.598,4.3429905098040251
108.599,4.346724074104225
108.59999999999999,4.3504536579830537
108.601,4.354179258554133
108.602,4.3579008729627695
108.60299999999999,4.3616184983858117
108.604,4.3653321320315026
108.605,4.3690417711393046
108.60599999999999,4.3727474129797477
108.607,4.3764490548542883
108.608,4.3801466940951315
108.60899999999999,4.3838403280650953
108.61,4.3875299541574346
108.611,4.3912155697956967
108.61199999999999,4.3948971724335752
108.613,4.3985747595547311
108.614,4.4022483286726519
108.61499999999999,4.4059178773305012
108.616,4.4095834031009478
108.617,4.4132449035860297
108.61799999999999,4.4169023764169779
108.619,4.4205558192540773
108.62,4.4242052297865122
108.621,4.4278506057321989
108.622,4.4314919448376404
108.623,4.4351292448777837
108.624,4.4387625036558349
108.625,4.4423917190031439
108.626,4.4460168887790168
108.627,4.4496380108705793
108.628,4.4532550831926319
108.629,4.4568681036874676
108.63,4.4604770703247567
108.631,4.464081981101363
108.63200000000001,4.4676828340412031
108.633,4.4712796271951065
108.634,4.4748723586406358
108.63500000000001,4.4784610264819555
108.636,4.4820456288496882
108.637,4.4856261639007293
108.63800000000001,4.4892026298181342
108.639,4.4927750248109426
108.64,4.4963433471140295
108.64100000000001,4.4999075949879774
108.642,4.5034677667188898
108.643,4.5070238606182684
108.64400000000001,4.5105758750228624
108.645,4.5141238082944994
108.646,4.5176676588199571
108.64700000000001,4.521207425010803
108.648,4.5247431053032425
108.649,4.5282746981579844
108.65000000000001,4.5318022020600806
108.651,4.5353256155187758
108.652,4.5388449370673802
108.65300000000001,4.5423601652630889
108.654,4.5458712986868708
108.655,4.5493783359432856
108.65600000000001,4.5528812756603667
108.657,4.5563801164894624
108.658,4.5598748571050916
108.65900000000001,4.5633654962047849
108.66,4.5668520325089688
108.661,4.5703344647607889
108.66200000000001,4.5738127917259854
108.663,4.5772870121927403
108.664,4.5807571249715284
108.66500000000001,4.5842231288949922
108.666,4.587685022817773
108.667,4.5911428056163786
108.66800000000001,4.5945964761890528
108.669,4.5980460334556081
108.67,4.6014914763573032
108.67100000000001,4.6049328038566912
108.672,4.6083700149374742
108.673,4.6118031086043771
108.67400000000001,4.6152320838829901
108.675,4.6186569398196315
108.676,4.6220776754812176
108.67699999999999,4.625494289955105
108.678,4.6289067823489702
108.679,4.6323151517906531
108.68000000000001,4.635719397428022
108.681,4.6391195184288474
108.682,4.6425155139806442
108.68299999999999,4.6459073832905426
108.684,4.6492951255851569
108.685,4.6526787401104341
108.68600000000001,4.6560582261315311
108.687,4.6594335829326656
108.688,4.6628048098169792
108.68899999999999,4.6661719061064222
108.69,4.6695348711415914
108.691,4.6728937042816021
108.69200000000001,4.6762484049039728
108.693,4.679598972404456
108.694,4.6829454061969376
108.69499999999999,4.6862877057132817
108.696,4.6896258704032006
108.697,4.6929598997341326
108.69800000000001,4.6962897931911005
108.699,4.6996155502765653
108.7,4.7029371705103324
108.70099999999999,4.7062546534293794
108.702,4.7095679985877528
108.703,4.7128772055564196
108.70399999999999,4.7161822739231472
108.705,4.7194832032923753
108.706,4.7227799932850738
108.70699999999999,4.72607264353862
108.708,4.7293611537066855
108.709,4.7326455234590767
108.70999999999999,4.7359257524816369
108.711,4.7392018404760954
108.712,4.7424737871599563
108.71299999999999,4.745741592266369
108.714,4.7490052555439934
108.715,4.7522647767568786
108.71599999999999,4.7555201556843478
108.717,4.7587713921208543
108.718,4.7620184858758741
108.71899999999999,4.7652614367737707
108.72,4.7685002446536693
108.721,4.771734909369358
108.72199999999999,4.7749654307891243
108.723,4.7781918087956647
108.724,4.7814140432859595
108.72499999999999,4.7846321341711251
108.726,4.7878460813763342
108.727,4.7910558848406568
108.72799999999999,4.7942615445169618
108.729,4.7974630603717952
108.73,4.80066043238525
108.73099999999999,4.8038536605508533
108.732,4.80704274487546
108.733,4.8102276853791111
108.73399999999999,4.8134084820949363
108.735,4.8165851350690279
108.736,4.8197576443603172
108.73699999999999,4.8229260100404812
108.738,4.8260902321937973
108.739,4.8292503109170468
108.73999999999999,4.8324062463194064
108.741,4.8355580385223078
108.742,4.8387056876593508
108.74299999999999,4.8418491938761727
108.744,4.8449885573303355
108.745,4.8481237781912352
108.746,4.8512548566399554
108.747,4.8543817928691801
108.748,4.8575045870830795
108.749,4.8606232394971904
108.75,4.8637377503383163
108.751,4.8668481198444082
108.752,4.8699543482644536
108.753,4.8730564358583948
108.754,4.8761543828969725
108.755,4.8792481896616664
108.756,4.8823378564445559
108.75700000000001,4.8854233835482201
108.758,4.8885047712856506
108.759,4.8915820199801123
108.76000000000001,4.8946551299650611
108.761,4.8977241015840427
108.762,4.9007889351905618
108.76300000000001,4.9038496311480131
108.764,4.9069061898295434
108.765,4.9099586116179719
108.76600000000001,4.9130068969056842
108.767,4.9160510460945215
108.768,4.9190910595956776
108.76900000000001,4.9221269378296215
108.77,4.9251586812259589
108.771,4.9281862902233726
108.77200000000001,4.9312097652694877
108.773,4.9342291068207906
108.774,4.9372443153425323
108.77500000000001,4.9402553913086216
108.776,4.9432623352015277
108.777,4.9462651475121948
108.77800000000001,4.9492638287399284
108.779,4.9522583793923154
108.78,4.955248799985112
108.78100000000001,4.9582350910421606
108.782,4.961217253095298
108.783,4.9641952866842427
108.78400000000001,4.9671691923565229
108.785,4.9701389706673682
108.786,4.9731046221796245
108.78700000000001,4.9760661474636585
108.788,4.9790235470972721
108.789,4.981976821665592
108.79000000000001,4.9849259717610108
108.791,4.9878709979830687
108.792,4.99081190093837
108.79300000000001,4.993748681240513
108.794,4.9966813395099692
108.795,4.9996098763740253
108.79600000000001,5.0025342924666738
108.797,5.0054545884285355
108.798,5.0083707649067781
108.79900000000001,5.0112828225550174
108.8,5.0141907620332304
108.801,5.0170945840077001
108.80199999999999,5.019994289150878
108.803,5.0228898781413562
108.804,5.0257813516637437
108.80500000000001,5.0286687104085965
108.806,5.0315519550723407
108.807,5.0344310863571833
108.80799999999999,5.0373061049710266
108.809,5.0401770116274029
108.81,5.0430438070453754
108.81100000000001,5.0459064919494683
108.812,5.0487650670695885
108.813,5.0516195331409328
108.81399999999999,5.0544698909039329
108.815,5.0573161411041561
108.816,5.0601582844922302
108.81700000000001,5.0629963218237872
108.818,5.0658302538593514
108.819,5.0686600813643015
108.81999999999999,5.0714858051087601
108.821,5.0743074258675458
108.822,5.0771249444200848
108.82300000000001,5.0799383615503366
108.824,5.082747678046724
108.825,5.0855528947020643
108.82599999999999,5.0883540123134852
108.827,5.0911510316823652
108.828,5.0939439536142519
108.82899999999999,5.0967327789187964
108.83,5.0995175084096811
108.831,5.1022981429045533
108.83199999999999,5.1050746832249452
108.833,5.1078471301962187
108.834,5.1106154846474876
108.83499999999999,5.1133797474115541
108.836,5.1161399193248354
108.837,5.1188960012273004
108.83799999999999,5.1216479939624087
108.839,5.1243958983770348
108.84,5.1271397153214044
108.84099999999999,5.1298794456490393
108.842,5.1326150902166754
108.843,5.1353466498842213
108.84399999999999,5.1380741255146685
108.845,5.1407975179740486
108.846,5.1435168281313661
108.84699999999999,5.1462320568585316
108.848,5.1489432050302968
108.849,5.1516502735242131
108.84999999999999,5.1543532632205427
108.851,5.1570521750022262
108.852,5.1597470097548026
108.85299999999999,5.1624377683663552
108.854,5.1651244517274648
108.855,5.1678070607311373
108.85599999999999,5.1704855962727434
108.857,5.1731600592499856
108.858,5.1758304505628088
108.85899999999999,5.178496771113374
108.86,5.1811590218059829
108.861,5.1838172035470267
108.86199999999999,5.1864713172449388
108.863,5.1891213638101332
108.864,5.1917673441549512
108.86499999999999,5.1944092591936162
108.866,5.1970471098421687
108.867,5.1996808970184318
108.86799999999999,5.2023106216419297
108.869,5.2049362846338694
108.87,5.2075578869170744
108.871,5.2101754294159317
108.872,5.2127889130563414
108.873,5.2153983387656844
108.874,5.2180037074727483
108.875,5.2206050201077012
108.876,5.2232022776020299
108.877,5.2257954808884932
108.878,5.2283846309010906
108.879,5.2309697285749888
108.88,5.2335507748465062
108.881,5.2361277706530416
108.88200000000001,5.2387007169330424
108.883,5.2412696146259581
108.884,5.243834464672199
108.88500000000001,5.2463952680130808
108.886,5.2489520255907989
108.887,5.2515047383483715
108.88800000000001,5.2540534072296055
108.889,5.2565980331790492
108.89,5.2591386171419554
108.89100000000001,5.2616751600642413
108.892,5.2642076628924421
108.893,5.2667361265736741
108.89400000000001,5.2692605520556022
108.895,5.2717809402863871
108.896,5.2742972922146647
108.89700000000001,5.27680960878949
108.898,5.279317890960308
108.899,5.2818221396769225
108.90000000000001,5.284322355889449
108.901,5.2868185405482784
108.902,5.2893106946040547
108.90300000000001,5.2917988190076253
108.904,5.294282914710017
108.905,5.2967629826623863
108.90600000000001,5.2992390238160052
108.907,5.301711039122214
108.908,5.3041790295323912
108.90900000000001,5.3066429959979224
108.91,5.3091029394701748
108.911,5.3115588609004476
108.91200000000001,5.3140107612399596
108.913,5.3164586414398096
108.914,5.3189025024509409
108.91500000000001,5.3213423452241289
108.916,5.3237781707099288
108.917,5.3262099798586631
108.91800000000001,5.3286377736203931
108.919,5.3310615529448757
108.92,5.3334813187815548
108.92100000000001,5.3358970720795185
108.922,5.3383088137874797
108.923,5.3407165448537537
108.92400000000001,5.3431202662262223
108.925,5.3455199788523124
108.926,5.347915683678977
108.92699999999999,5.3503073816526605
108.928,5.3526950737192784
108.929,5.3550787608241972
108.93000000000001,5.3574584439122077
108.931,5.3598341239275022
108.932,5.3622058018136487
108.93299999999999,5.3645734785135692
108.934,5.3669371549695359
108.935,5.3692968321231147
108.93600000000001,5.3716525109151805
108.937,5.3740041922858683
108.938,5.3763518771745709
108.93899999999999,5.3786955665199159
108.94,5.3810352612597399
108.941,5.3833709623310719
108.94200000000001,5.3857026706701214
108.943,5.3880303872122504
108.944,5.3903541128919708
108.94499999999999,5.3926738486429073
108.946,5.3949895953977887
108.947,5.3973013540884445
108.94800000000001,5.3996091256457728
108.949,5.4019129109997195
108.95,5.404212711079289
108.95099999999999,5.4065085268125017
108.952,5.4088003591263973
108.953,5.411088208947012
108.95399999999999,5.4133720771993641
108.955,5.4156519648074521
108.956,5.4179278726942286
108.95699999999999,5.4201998017815853
108.958,5.4224677529903644
108.959,5.4247317272403173
108.95999999999999,5.4269917254501143
108.961,5.4292477485373212
108.962,5.4314997974183923
108.96299999999999,5.4337478730086692
108.964,5.4359919762223541
108.965,5.4382321079725076
108.96599999999999,5.4404682691710544
108.967,5.442700460728747
108.968,5.4449286835551796
108.96899999999999,5.447152938558764
108.97,5.4493732266467383
108.971,5.4515895487251482
108.97199999999999,5.4538019056988407
108.973,5.4560102984714582
108.974,5.4582147279454407
108.97499999999999,5.460415195022005
108.976,5.4626117006011565
108.977,5.4648042455816661
108.97799999999999,5.4669928308610745
108.979,5.4691774573356948
108.98,5.4713581259005943
108.98099999999999,5.4735348374495967
108.982,5.4757075928752839
108.983,5.4778763930689855
108.98399999999999,5.48004123892078
108.985,5.4822021313194913
108.986,5.4843590711526815
108.98699999999999,5.4865120593066639
108.988,5.4886610966664868
108.989,5.4908061841159324
108.98999999999999,5.4929473225375345
108.991,5.4950845128125536
108.992,5.4972177558209925
108.99299999999999,5.4993470524415971
108.994,5.5014724035518396
108.995,5.5035938100279482
108.996,5.5057112727448834
108.997,5.5078247925763453
108.998,5.5099343703947881
108.999,5.5120400070714064
109,5.514141703476148
109.001,5.5162394604777143
109.002,5.5183332789435546
109.003,5.5204231597398881
109.004,5.5225091037316885
109.005,5.5245911117827049
109.006,5.5266691847554474
109.00700000000001,5.5287433235112111
109.008,5.5308135289100706
109.009,5.5328798018108873
109.01000000000001,5.5349421430713113
109.011,5.5370005535477977
109.012,5.5390550340955977
109.01300000000001,5.5411055855687854
109.014,5.5431522088202421
109.015,5.5451949047016775
109.01600000000001,5.5472336740636363
109.017,5.5492685177555039
109.018,5.5512994366255066
109.01900000000001,5.5533264315207402
109.02,5.555349503287152
109.021,5.5573686527695738
109.02200000000001,5.5593838808117164
109.023,5.5613951882561814
109.024,5.5634025759444761
109.02500000000001,5.5654060447170188
109.026,5.5674055954131507
109.027,5.569401228871147
109.02800000000001,5.5713929459282223
109.029,5.5733807474205541
109.03,5.5753646341832779
109.03100000000001,5.5773446070505157
109.032,5.5793206668553719
109.033,5.5812928144299558
109.03400000000001,5.5832610506053904
109.035,5.5852253762118291
109.036,5.5871857920784613
109.03700000000001,5.5891422990335311
109.038,5.59109489790435
109.039,5.593043589517305
109.04000000000001,5.5949883746978859
109.041,5.5969292542706857
109.042,5.598866229059416
109.04300000000001,5.6007992998869343
109.044,5.6027284675752451
109.045,5.6046537329455255
109.04600000000001,5.6065750968181316
109.047,5.6084925600126159
109.048,5.6104061233477509
109.04900000000001,5.6123157876415402
109.05,5.614221553711225
109.051,5.6161234223733247
109.05199999999999,5.618021394443625
109.053,5.6199154707372223
109.054,5.6218056520685185
109.05500000000001,5.6236919392512483
109.056,5.6255743330985046
109.057,5.6274528344227388
109.05799999999999,5.629327444035793
109.059,5.631198162748916
109.06,5.6330649913727768
109.06100000000001,5.6349279307174891
109.062,5.636786981592623
109.063,5.6386421448072355
109.06399999999999,5.6404934211698805
109.065,5.6423408114886318
109.066,5.6441843165710992
109.06700000000001,5.6460239372244612
109.068,5.6478596742554661
109.069,5.6496915284704734
109.06999999999999,5.6515195006754535
109.071,5.6533435916760251
109.072,5.6551638022774693
109.07300000000001,5.6569801332847547
109.074,5.6587925855025452
109.075,5.6606011597352488
109.07599999999999,5.6624058567870081
109.077,5.6642066774617508
109.078,5.6660036225631849
109.07899999999999,5.6677966928948473
109.08,5.6695858892601105
109.081,5.6713712124622067
109.08199999999999,5.6731526633042506
109.083,5.6749302425892756
109.084,5.6767039511202366
109.08499999999999,5.6784737897000497
109.086,5.6802397591316076
109.087,5.6820018602178042
109.08799999999999,5.6837600937615651
109.089,5.685514460565865
109.09,5.687264961433752
109.09099999999999,5.6890115971683786
109.092,5.6907543685730175
109.093,5.6924932764510974
109.09399999999999,5.6942283216062179
109.095,5.6959595048421763
109.096,5.6976868269630039
109.09699999999999,5.6994102887729756
109.098,5.7011298910766444
109.099,5.7028456346788712
109.09999999999999,5.7045575203848387
109.101,5.7062655490000935
109.102,5.7079697213305529
109.10299999999999,5.7096700381825496
109.104,5.711366500362848
109.105,5.7130591086786762
109.10599999999999,5.7147478639377436
109.107,5.7164327669482837
109.108,5.7181138185190665
109.10899999999999,5.7197910194594339
109.11,5.7214643705793264
109.111,5.7231338726893046
109.11199999999999,5.7247995266005853
109.113,5.7264613331250676
109.114,5.7281192930753493
109.11499999999999,5.7297734072647781
109.116,5.7314236765074575
109.117,5.7330701016182868
109.11799999999999,5.7347126834129867
109.119,5.7363514227081271
109.12,5.7379863203211627
109.121,5.7396173770704459
109.122,5.7412445937752725
109.123,5.7428679712559081
109.124,5.7444875103336042
109.125,5.7461032118306434
109.126,5.7477150765703637
109.127,5.7493231053771776
109.128,5.7509272990766211
109.129,5.7525276584953691
109.13,5.7541241844612685
109.131,5.7557168778033727
109.13200000000001,5.7573057393519615
109.133,5.7588907699385885
109.134,5.7604719703960887
109.13500000000001,5.7620493415586278
109.136,5.7636228842617294
109.137,5.765192599342293
109.13800000000001,5.7667584876386417
109.139,5.7683205499905439
109.14,5.7698787872392376
109.14100000000001,5.7714332002274826
109.142,5.7729837897995679
109.143,5.774530556801353
109.14400000000001,5.7760735020803065
109.145,5.7776126264855243
109.146,5.7791479308677687
109.14700000000001,5.7806794160794972
109.148,5.7822070829748942
109.149,5.783730932409906
109.15000000000001,5.7852509652422679
109.151,5.7867671823315376
109.152,5.7882795845391257
109.15300000000001,5.7897881727283327
109.154,5.7912929477643793
109.155,5.7927939105144288
109.15600000000001,5.7942910618476331
109.157,5.7957844026351584
109.158,5.797273933750219
109.15900000000001,5.7987596560681016
109.16,5.8002415704662145
109.161,5.8017196778241029
109.16200000000001,5.8031939790234963
109.163,5.8046644749483285
109.164,5.8061311664847715
109.16500000000001,5.8075940545212799
109.166,5.8090531399486167
109.167,5.8105084236598721
109.16800000000001,5.8119599065505261
109.169,5.8134075895184534
109.17,5.8148514734639729
109.17100000000001,5.8162915592898763
109.172,5.8177278479014554
109.173,5.8191603402065439
109.17400000000001,5.8205890371155462
109.175,5.8220139395414723
109.176,5.8234350483999675
109.17699999999999,5.8248523646093506
109.178,5.8262658890906422
109.179,5.8276756227676021
109.18000000000001,5.8290815665667601
109.181,5.830483721417453
109.182,5.8318820882518558
109.18299999999999,5.8332766680050057
109.184,5.8346674616148579
109.185,5.8360544700222956
109.18600000000001,5.8374376941711841
109.187,5.8388171350083828
109.188,5.8401927934837978
109.18899999999999,5.8415646705504045
109.19,5.8429327671642888
109.191,5.8442970842846709
109.19200000000001,5.8456576228739525
109.193,5.8470143838977329
109.194,5.8483673683248636
109.19499999999999,5.849716577127464
109.196,5.8510620112809608
109.197,5.852403671764133
109.19800000000001,5.8537415595591256
109.199,5.8550756756514959
109.2,5.8564060210302529
109.20099999999999,5.8577325966878746
109.202,5.8590554036203546
109.203,5.8603744428272337
109.20399999999999,5.8616897153116252
109.205,5.8630012220802659
109.206,5.8643089641435324
109.20699999999999,5.865612942515483
109.208,5.8669131582138956
109.209,5.8682096122602889
109.20999999999999,5.8695023056799744
109.211,5.8707912395020729
109.212,5.8720764147595563
109.21299999999999,5.8733578324892832
109.214,5.8746354937320273
109.215,5.8759093995325165
109.21599999999999,5.8771795509394664
109.217,5.8784459490056049
109.218,5.8797085947877239
109.21899999999999,5.8809674893466912
109.22,5.8822226337475048
109.221,5.8834740290593119
109.22199999999999,5.8847216763554524
109.223,5.8859655767134829
109.224,5.8872057312152233
109.22499999999999,5.8884421409467738
109.226,5.8896748069985705
109.227,5.8909037304653946
109.22799999999999,5.8921289124464256
109.229,5.893350354045265
109.23,5.8945680563699705
109.23099999999999,5.895782020533094
109.232,5.8969922476517134
109.233,5.8981987388474622
109.23399999999999,5.8994014952465657
109.235,5.9006005179798784
109.236,5.9017958081829143
109.23699999999999,5.9029873669958741
109.238,5.9041751955636901
109.239,5.9053592950360496
109.23999999999999,5.9065396665674372
109.241,5.9077163113171576
109.242,5.9088892304493825
109.24299999999999,5.9100584251331689
109.244,5.9112238965424986
109.245,5.9123856458563182
109.246,5.913543674258559
109.247,5.9146979829381854
109.248,5.915848573089213
109.249,5.9169954459107466
109.25,5.9181386026070237
109.251,5.9192780443874291
109.252,5.9204137724665387
109.253,5.9215457880641562
109.254,5.9226740924053338
109.255,5.9237986867204109
109.256,5.9249195722450558
109.25700000000001,5.9260367502202786
109.258,5.9271502218924823
109.259,5.9282599885134823
109.26000000000001,5.9293660513405477
109.261,5.9304684116364328
109.262,5.9315670706693995
109.26300000000001,5.9326620297132635
109.264,5.9337532900474148
109.265,5.9348408529568584
109.26600000000001,5.9359247197322436
109.267,5.9370048916698916
109.268,5.9380813700718349
109.26900000000001,5.9391541562458432
109.27,5.9402232515054578
109.271,5.941288657170027
109.27200000000001,5.9423503745647288
109.273,5.9434084050206124
109.274,5.944462749874619
109.27500000000001,5.9455134104696272
109.276,5.9465603881544702
109.277,5.9476036842839788
109.27800000000001,5.948643300219004
109.279,5.9496792373264569
109.28,5.9507114969793289
109.28100000000001,5.9517400805567311
109.282,5.9527649894439278
109.283,5.9537862250323546
109.28400000000001,5.9548037887196639
109.285,5.9558176819097461
109.286,5.956827906012764
109.28700000000001,5.957834462445188
109.288,5.9588373526298124
109.289,5.9598365779958034
109.29000000000001,5.9608321399787174
109.291,5.9618240400205362
109.292,5.9628122795696976
109.29300000000001,5.9637968600811231
109.294,5.9647777830162481
109.295,5.9657550498430592
109.29600000000001,5.9667286620361111
109.297,5.9676986210765683
109.298,5.968664928452224
109.29900000000001,5.9696275856575474
109.3,5.970586594193688
109.301,5.9715419555685276
109.30199999999999,5.9724936712967054
109.303,5.9734417428996291
109.304,5.9743861719055307
109.30500000000001,5.9753269598494771
109.306,5.9762641082734094
109.307,5.9771976187261622
109.30799999999999,5.9781274927635035
109.309,5.979053731948154
109.31,5.9799763378498225
109.31100000000001,5.9808953120452344
109.312,5.9818106561181512
109.313,5.982722371659408
109.31399999999999,5.9836304602669443
109.315,5.9845349235458229
109.316,5.9854357631082618
109.31700000000001,5.9863329805736658
109.318,5.9872265775686504
109.319,5.9881165557270712
109.31999999999999,5.9890029166900511
109.321,5.9898856621060084
109.322,5.9907647936306816
109.32300000000001,5.9916403129271689
109.324,5.9925122216659332
109.325,5.9933805215248537
109.32599999999999,5.9942452141892328
109.327,5.9951063013518402
109.328,5.9959637847129255
109.32899999999999,5.996817665980255
109.33,5.9976679468691323
109.331,5.9985146291024307
109.33199999999999,5.9993577144106123
109.333,6.0001972045317622
109.334,6.0010331012116094
109.33499999999999,6.0018654062035566
109.336,6.0026941212687035
109.337,6.0035192481758726
109.33799999999999,6.0043407887016391
109.339,6.0051587446303536
109.34,6.0059731177541646
109.34099999999999,6.0067839098730538
109.342,6.0075911227948477
109.343,6.0083947583352604
109.34399999999999,6.0091948183179031
109.345,6.0099913045743119
109.346,6.0107842189439831
109.34699999999999,6.0115735632743892
109.348,6.0123593394210033
109.349,6.0131415492473268
109.34999999999999,6.0139201946249194
109.351,6.0146952774334057
109.352,6.0154667995605227
109.35299999999999,6.0162347629021244
109.354,6.0169991693622222
109.355,6.0177600208529913
109.35599999999999,6.0185173192948103
109.357,6.0192710666162768
109.358,6.0200212647542335
109.35899999999999,6.0207679156537921
109.36,6.0215110212683545
109.361,6.0222505835596349
109.36199999999999,6.0229866044976896
109.363,6.0237190860609351
109.364,6.0244480302361652
109.36499999999999,6.0251734390185927
109.366,6.0258953144118479
109.367,6.0266136584280163
109.36799999999999,6.0273284730876622
109.369,6.0280397604198406
109.37,6.0287475224621287
109.371,6.029451761260642
109.372,6.0301524788700611
109.373,6.0308496773536486
109.374,6.0315433587832743
109.375,6.0322335252394392
109.376,6.0329201788112874
109.377,6.0336033215966367
109.378,6.034282955701995
109.379,6.034959083242585
109.38,6.0356317063423628
109.381,6.0363008271340384
109.38200000000001,6.0369664477590934
109.383,6.037628570367815
109.384,6.0382871971192937
109.38500000000001,6.038942330181464
109.386,6.0395939717311151
109.387,6.0402421239539166
109.38800000000001,6.0408867890444293
109.389,6.0415279692061299
109.39,6.042165666651437
109.39100000000001,6.0427998836017203
109.392,6.0434306222873229
109.393,6.0440578849475859
109.39400000000001,6.044681673830862
109.395,6.0453019911945374
109.396,6.0459188393050454
109.39700000000001,6.0465322204378928
109.398,6.0471421368776745
109.399,6.0477485909180935
109.40000000000001,6.0483515848619724
109.401,6.0489511210212852
109.402,6.0495472017171608
109.40300000000001,6.0501398292799111
109.404,6.0507290060490453
109.405,6.0513147343732863
109.40600000000001,6.0518970166105905
109.407,6.052475855128165
109.408,6.0530512523024802
109.40900000000001,6.0536232105192953
109.41,6.0541917321736713
109.411,6.0547568196699819
109.41200000000001,6.0553184754219416
109.413,6.0558767018526147
109.414,6.0564315013944325
109.41500000000001,6.0569828764892106
109.416,6.0575308295881687
109.417,6.0580753631519375
109.41800000000001,6.0586164796505866
109.419,6.0591541815636276
109.42,6.0596884713800412
109.42100000000001,6.0602193515982865
109.422,6.0607468247263157
109.423,6.061270893281594
109.42400000000001,6.061791559791109
109.425,6.0623088267913907
109.426,6.0628226968285226
109.42699999999999,6.0633331724581616
109.428,6.0638402562455429
109.429,6.064343950765509
109.43000000000001,6.0648442586025064
109.431,6.0653411823506156
109.432,6.0658347246135538
109.43299999999999,6.0663248880046963
109.434,6.066811675147088
109.435,6.0672950886734514
109.43600000000001,6.0677751312262123
109.437,6.068251805457499
109.438,6.0687251140291671
109.43899999999999,6.0691950596128041
109.44,6.0696616448897478
109.441,6.0701248725510952
109.44200000000001,6.0705847452977224
109.443,6.071041265840285
109.444,6.0714944368992425
109.44499999999999,6.0719442612048642
109.446,6.0723907414972356
109.447,6.0728338805262885
109.44800000000001,6.0732736810517913
109.449,6.0737101458433793
109.45,6.07414327768055
109.45099999999999,6.0745730793526853
109.452,6.0749995536590626
109.453,6.0754227034088579
109.45399999999999,6.075842531421161
109.455,6.0762590405249952
109.456,6.0766722335593082
109.45699999999999,6.0770821133730051
109.458,6.0774886828249386
109.459,6.0778919447839366
109.45999999999999,6.0782919021287976
109.461,6.078688557748313
109.462,6.0790819145412653
109.46299999999999,6.0794719754164506
109.464,6.0798587432926752
109.465,6.0802422210987759
109.46599999999999,6.0806224117736196
109.467,6.0809993182661222
109.468,6.0813729435352499
109.46899999999999,6.0817432905500342
109.47,6.0821103622895718
109.471,6.0824741617430433
109.47199999999999,6.0828346919097154
109.473,6.0831919557989487
109.474,6.083545956430215
109.47499999999999,6.0838966968330892
109.476,6.0842441800472749
109.477,6.0845884091225964
109.47799999999999,6.0849293871190158
109.479,6.0852671171066408
109.48,6.0856016021657275
109.48099999999999,6.0859328453866874
109.482,6.086260849870099
109.483,6.0865856187267111
109.48399999999999,6.0869071550774532
109.485,6.0872254620534321
109.486,6.0875405427959537
109.48699999999999,6.0878524004565202
109.488,6.0881610381968336
109.489,6.0884664591888082
109.48999999999999,6.0887686666145733
109.491,6.0890676636664809
109.492,6.0893634535471097
109.49299999999999,6.0896560394692703
109.494,6.0899454246560101
109.495,6.0902316123406246
109.496,6.0905146057666508
109.497,6.090794408187886
109.498,6.0910710228683786
109.499,6.0913444530824448
109.5,6.0916147021146667
109.501,6.0918817732598995
109.502,6.0921456698232701
109.503,6.0924063951201886
109.504,6.0926639524763502
109.505,6.0929183452277345
109.506,6.0931695767206149
109.50700000000001,6.0934176503115607
109.508,6.0936625693674387
109.509,6.0939043372654158
109.51000000000001,6.0941429573929646
109.511,6.0943784331478712
109.512,6.0946107679382253
109.51300000000001,6.0948399651824339
109.514,6.0950660283092173
109.515,6.0952889607576193
109.51600000000001,6.0955087659770006
109.517,6.0957254474270464
109.518,6.09593900857777
109.51900000000001,6.0961494529095051
109.52,6.0963567839129214
109.521,6.0965610050890158
109.52200000000001,6.0967621199491191
109.523,6.0969601320148916
109.524,6.0971550448183338
109.52500000000001,6.0973468619017792
109.526,6.0975355868178971
109.527,6.097721223129696
109.52800000000001,6.0979037744105238
109.529,6.0980832442440658
109.53,6.0982596362243466
109.53100000000001,6.0984329539557312
109.532,6.0986032010529234
109.533,6.0987703811409686
109.53400000000001,6.0989344978552484
109.535,6.0990955548414902
109.536,6.0992535557557535
109.53700000000001,6.0994085042644404
109.538,6.0995604040442899
109.539,6.0997092587823776
109.54000000000001,6.0998550721761173
109.541,6.0999978479332571
109.542,6.1001375897718777
109.54300000000001,6.1002743014203951
109.544,6.1004079866175536
109.545,6.1005386491124307
109.54600000000001,6.1006662926644291
109.547,6.1007909210432754
109.548,6.1009125380290277
109.54900000000001,6.1010311474120611
109.55,6.1011467529930741
109.551,6.1012593585830741
109.55199999999999,6.1013689680033965
109.553,6.1014755850856766
109.554,6.1015792136718687
109.55500000000001,6.1016798576142275
109.556,6.1017775207753164
109.557,6.1018722070279967
109.55799999999999,6.101963920255427
109.559,6.1020526643510609
109.56,6.1021384432186396
109.56100000000001,6.1022212607721951
109.562,6.1023011209360405
109.563,6.1023780276447681
109.56399999999999,6.1024519848432455
109.565,6.1025229964866083
109.566,6.1025910665402643
109.56700000000001,6.1026561989798767
109.568,6.1027183977913708
109.569,6.1027776669709235
109.56999999999999,6.1028340105249601
109.571,6.1028874324701494
109.572,6.1029379368333956
109.57300000000001,6.1029855276518399
109.574,6.1030302089728456
109.575,6.1030719848540027
109.57599999999999,6.1031108593631167
109.577,6.1031468365782047
109.578,6.1031799205874853
109.57899999999999,6.1032101154893788
109.58,6.1032374253924999
109.581,6.1032618544156456
109.58199999999999,6.1032834066877992
109.583,6.1033020863481147
109.584,6.103317897545911
109.58499999999999,6.1033308444406726
109.586,6.1033409312020384
109.587,6.1033481620097891
109.58799999999999,6.1033525410538507
109.589,6.1033540725342785
109.59,6.1033527606612568
109.59099999999999,6.1033486096550824
109.592,6.1033416237461715
109.593,6.1033318071750342
109.59399999999999,6.1033191641922828
109.595,6.1033036990586105
109.596,6.1032854160447938
109.59699999999999,6.1032643194316831
109.598,6.1032404135101856
109.599,6.1032137025812681
109.59999999999999,6.103184190955937
109.601,6.1031518829552418
109.602,6.1031167829102584
109.60299999999999,6.1030788951620849
109.604,6.1030382240618257
109.605,6.1029947739705923
109.60599999999999,6.1029485492594846
109.607,6.1028995543095856
109.608,6.1028477935119572
109.60899999999999,6.1027932712676174
109.61,6.1027359919875455
109.611,6.1026759600926637
109.61199999999999,6.1026131800138286
109.613,6.1025476561918195
109.614,6.1024793930773358
109.61499999999999,6.1024083951309755
109.616,6.102334666823233
109.617,6.1022582126344869
109.61799999999999,6.1021790370549924
109.619,6.1020971445848575
109.62,6.1020125397340488
109.621,6.1019252270223738
109.622,6.1018352109794654
109.623,6.1017424961447775
109.624,6.1016470870675716
109.625,6.101548988306905
109.626,6.1014482044316143
109.627,6.1013447400203162
109.628,6.101238599661384
109.629,6.1011297879529405
109.63,6.1010183095028463
109.631,6.1009041689286851
109.63200000000001,6.1007873708577574
109.633,6.1006679199270604
109.634,6.1005458207832826
109.63500000000001,6.1004210780827872
109.636,6.1002936964916001
109.637,6.1001636806853989
109.63800000000001,6.1000310353494989
109.639,6.0998957651788377
109.64,6.0997578748779677
109.64100000000001,6.0996173691610398
109.642,6.09947425275179
109.643,6.0993285303835227
109.64400000000001,6.0991802067991099
109.645,6.0990292867509579
109.646,6.0988757750010141
109.64700000000001,6.0987196763207345
109.648,6.0985609954910878
109.649,6.0983997373025272
109.65000000000001,6.0982359065549838
109.651,6.0980695080578498
109.652,6.0979005466299636
109.65300000000001,6.0977290270995974
109.654,6.0975549543044458
109.655,6.0973783330915987
109.65600000000001,6.0971991683175437
109.657,6.0970174648481406
109.658,6.0968332275586041
109.65900000000001,6.0966464613334983
109.66,6.0964571710667181
109.661,6.0962653616614677
109.66200000000001,6.096071038030253
109.663,6.0958742050948658
109.664,6.0956748677863626
109.66500000000001,6.0954730310450502
109.666,6.0952686998204824
109.667,6.095061879071423
109.66800000000001,6.0948525737658441
109.669,6.0946407888809127
109.67,6.09442652940296
109.67100000000001,6.0942098003274827
109.672,6.093990606659113
109.673,6.0937689534116091
109.67400000000001,6.0935448456078367
109.675,6.093318288279753
109.676,6.0930892864683903
109.67699999999999,6.0928578452238389
109.678,6.0926239696052278
109.679,6.0923876646807136
109.68000000000001,6.0921489355274607
109.681,6.0919077872316185
109.682,6.0916642248883139
109.68299999999999,6.0914182536016277
109.684,6.0911698784845791
109.685,6.0909191046591067
109.68600000000001,6.0906659372560545
109.687,6.0904103814151496
109.688,6.0901524422849889
109.68899999999999,6.0898921250230149
109.69,6.0896294347955111
109.691,6.0893643767775636
109.69200000000001,6.0890969561530595
109.693,6.0888271781146663
109.694,6.088555047863804
109.69499999999999,6.0882805706106407
109.696,6.0880037515740595
109.697,6.0877245959816513
109.69800000000001,6.0874431090696941
109.699,6.0871592960831276
109.7,6.0868731622755421
109.70099999999999,6.086584712909155
109.702,6.0862939532547946
109.703,6.0860008885918786
109.70399999999999,6.0857055242083975
109.705,6.0854078654008923
109.706,6.0851079174744358
109.70699999999999,6.0848056857426185
109.708,6.0845011755275209
109.709,6.0841943921597013
109.70999999999999,6.0838853409781661
109.711,6.0835740273303625
109.712,6.0832604565721526
109.71299999999999,6.0829446340677915
109.714,6.0826265651899067
109.715,6.0823062553194873
109.71599999999999,6.0819837098458533
109.717,6.0816589341666392
109.718,6.0813319336877747
109.71899999999999,6.0810027138234632
109.72,6.0806712799961602
109.721,6.0803376376365561
109.72199999999999,6.0800017921835554
109.723,6.0796637490842453
109.724,6.079323513793895
109.72499999999999,6.0789810917759164
109.726,6.0786364885018509
109.727,6.0782897094513508
109.72799999999999,6.0779407601121553
109.729,6.0775896459800611
109.73,6.0772363725589207
109.73099999999999,6.0768809453606005
109.732,6.0765233699049741
109.733,6.0761636517198925
109.73399999999999,6.0758017963411675
109.735,6.0754378093125405
109.736,6.0750716961856801
109.73699999999999,6.0747034625201382
109.738,6.0743331138833438
109.739,6.0739606558505725
109.73999999999999,6.0735860940049289
109.741,6.0732094339373228
109.742,6.0728306812464465
109.74299999999999,6.0724498415387558
109.744,6.0720669204284432
109.745,6.0716819235374189
109.746,6.0712948564952898
109.747,6.0709057249393279
109.748,6.0705145345144587
109.749,6.0701212908732352
109.75,6.0697259996758088
109.751,6.0693286665899207
109.752,6.0689292972908611
109.753,6.0685278974614603
109.754,6.0681244727920616
109.755,6.0677190289804948
109.756,6.0673115717320565
109.75700000000001,6.0669021067594882
109.758,6.0664906397829474
109.759,6.0660771765299923
109.76000000000001,6.0656617227355527
109.761,6.0652442841419054
109.762,6.0648248664986557
109.76300000000001,6.0644034755627123
109.764,6.063980117098259
109.765,6.0635547968767431
109.76600000000001,6.0631275206768338
109.767,6.0626982942844121
109.768,6.0622671234925427
109.76900000000001,6.0618340141014517
109.77,6.0613989719184982
109.771,6.0609620027581554
109.77200000000001,6.0605231124419818
109.773,6.0600823067986029
109.774,6.0596395916636814
109.77500000000001,6.0591949728798928
109.776,6.0587484562969083
109.777,6.0583000477713576
109.77800000000001,6.0578497531668241
109.779,6.0573975783537977
109.78,6.0569435292096623
109.78100000000001,6.0564876116186737
109.782,6.0560298314719283
109.783,6.0555701946673421
109.78400000000001,6.0551087071096248
109.785,6.0546453747102547
109.786,6.0541802033874506
109.78700000000001,6.0537131990661557
109.788,6.0532443676780048
109.789,6.0527737151612975
109.79000000000001,6.0523012474609814
109.791,6.0518269705286238
109.792,6.0513508903223805
109.79300000000001,6.0508730128069752
109.794,6.0503933439536803
109.795,6.0499118897402751
109.79600000000001,6.0494286561510382
109.797,6.0489436491767128
109.798,6.0484568748144794
109.79900000000001,6.0479683390679355
109.8,6.0474780479470667
109.801,6.0469860074682229
109.80199999999999,6.0464922236540941
109.803,6.0459967025336727
109.804,6.0454994501422474
109.80500000000001,6.0450004725213606
109.806,6.0444997757187915
109.807,6.0439973657885249
109.80799999999999,6.04349324879073
109.809,6.0429874307917277
109.81,6.0424799178639734
109.81100000000001,6.0419707160860208
109.812,6.0414598315425057
109.813,6.0409472703241098
109.81399999999999,6.0404330385275404
109.815,6.0399171422555069
109.816,6.0393995876166846
109.81700000000001,6.0388803807256943
109.818,6.0383595277030784
109.819,6.0378370346752712
109.81999999999999,6.0373129077745684
109.821,6.0367871531391071
109.822,6.0362597769128357
109.82300000000001,6.0357307852454873
109.824,6.0352001842925542
109.825,6.0346679802152572
109.82599999999999,6.0341341791805281
109.827,6.0335987873609689
109.828,6.033061810934834
109.82899999999999,6.0325232560860096
109.83,6.0319831290039652
109.831,6.0314414358837478
109.83199999999999,6.0308981829259496
109.833,6.0303533763366666
109.834,6.0298070223274962
109.83499999999999,6.0292591271154876
109.836,6.0287096969231264
109.837,6.0281587379783055
109.83799999999999,6.0276062565142912
109.839,6.0270522587697108
109.84,6.0264967509885086
109.84099999999999,6.0259397394199228
109.842,6.0253812303184686
109.843,6.0248212299438961
109.84399999999999,6.0242597445611725
109.845,6.0236967804404502
109.846,6.0231323438570401
109.84699999999999,6.0225664410913851
109.848,6.0219990784290296
109.849,6.0214302621605942
109.84999999999999,6.0208599985817468
109.851,6.0202882939931737
109.852,6.0197151547005578
109.85299999999999,6.0191405870145402
109.854,6.0185645972507009
109.855,6.0179871917295307
109.85599999999999,6.0174083767763946
109.857,6.0168281587215144
109.858,6.0162465438999337
109.85899999999999,6.0156635386514941
109.86,6.0150791493208029
109.861,6.0144933822572071
109.86199999999999,6.0139062438147688
109.863,6.01331774035223
109.864,6.0127278782329885
109.86499999999999,6.0121366638250695
109.866,6.0115441035010964
109.867,6.010950203638262
109.86799999999999,6.0103549706183053
109.869,6.0097584108274731
109.87,6.0091605306564997
109.871,6.008561336500577
109.872,6.0079608347593272
109.873,6.0073590318367645
109.874,6.0067559341412835
109.875,6.0061515480856151
109.876,6.0055458800868093
109.877,6.0049389365661989
109.878,6.0043307239493737
109.879,6.0037212486661513
109.88,6.0031105171505512
109.881,6.002498535840763
109.88200000000001,6.0018853111791177
109.883,6.0012708496120588
109.884,6.0006551575901224
109.88500000000001,6.0000382415678883
109.886,5.9994201080039735
109.887,5.9988007633609897
109.88800000000001,5.9981802141055187
109.889,5.9975584667080817
109.89,5.9969355276431147
109.89100000000001,5.9963114033889351
109.892,5.9956861004277107
109.893,5.9950596252454442
109.89400000000001,5.994431984331924
109.895,5.9938031841807131
109.896,5.9931732312891057
109.89700000000001,5.9925421321581105
109.898,5.9919098932924175
109.899,5.991276521200362
109.90000000000001,5.9906420223939074
109.901,5.9900064033886071
109.902,5.9893696707035726
109.90300000000001,5.9887318308614645
109.904,5.988092890388435
109.905,5.9874528558141176
109.90600000000001,5.986811733671594
109.907,5.9861695304973637
109.908,5.985526252831316
109.90900000000001,5.9848819072166961
109.91,5.9842365002000832
109.911,5.9835900383313554
109.91200000000001,5.9829425281636617
109.913,5.9822939762533967
109.914,5.9816443891601683
109.91500000000001,5.980993773446766
109.916,5.9803421356791322
109.917,5.9796894824263411
109.91800000000001,5.979035820260556
109.919,5.9783811557570115
109.92,5.9777254954939743
109.92100000000001,5.9770688460527275
109.922,5.9764112140175207
109.923,5.9757526059755666
109.92400000000001,5.9750930285169854
109.925,5.9744324882347932
109.926,5.9737709917248649
109.92699999999999,5.9731085455859088
109.928,5.9724451564194343
109.929,5.9717808308297222
109.93000000000001,5.9711155754237968
109.931,5.9704493968113947
109.932,5.9697823016049396
109.93299999999999,5.9691142964195087
109.934,5.9684453878727979
109.935,5.9677755825851087
109.93600000000001,5.9671048871793033
109.937,5.9664333082807772
109.938,5.9657608525174384
109.93899999999999,5.9650875265196701
109.94,5.9644133369203018
109.941,5.9637382903545841
109.94200000000001,5.9630623934601523
109.943,5.9623856528770069
109.944,5.9617080752474685
109.94499999999999,5.9610296672161667
109.946,5.9603504354299988
109.947,5.9596703865380984
109.94800000000001,5.9589895271918181
109.949,5.9583078640446852
109.95,5.9576254037523828
109.95099999999999,5.9569421529727151
109.952,5.9562581183655787
109.953,5.9555733065929344
109.95399999999999,5.9548877243187768
109.955,5.9542013782091043
109.956,5.9535142749318872
109.95699999999999,5.9528264211570452
109.958,5.9521378235564111
109.959,5.9514484888036989
109.95999999999999,5.9507584235744861
109.961,5.9500676345461709
109.962,5.9493761283979518
109.96299999999999,5.9486839118107913
109.964,5.9479909914673925
109.965,5.9472973740521633
109.96599999999999,5.9466030662511926
109.967,5.9459080747522179
109.968,5.9452124062445897
109.96899999999999,5.9445160674192588
109.97,5.9438190649687286
109.971,5.9431214055870312
109.97199999999999,5.942423095969704
109.973,5.9417241428137544
109.974,5.9410245528176286
109.97499999999999,5.9403243326811896
109.976,5.9396234891056796
109.977,5.9389220287936899
109.97799999999999,5.9382199584491424
109.979,5.9375172847772486
109.98,5.9368140144844821
109.98099999999999,5.9361101542785564
109.982,5.9354057108683813
109.983,5.9347006909640534
109.98399999999999,5.9339951012768042
109.985,5.9332889485189897
109.986,5.9325822394040486
109.98699999999999,5.9318749806464739
109.988,5.9311671789617941
109.989,5.9304588410665282
109.98999999999999,5.9297499736781694
109.991,5.9290405835151443
109.992,5.9283306772967981
109.99299999999999,5.9276202617433444
109.994,5.9269093435758577
109.995,5.9261979295162286
109.996,5.9254860262871407
109.997,5.9247736406120399
109.998,5.9240607792151057
109.999,5.923347448821219
110,5.922633656155937
110.001,5.9219194079454605
110.002,5.9212047109166059
110.003,5.9204895717967734
110.004,5.919773997313925
110.005,5.9190579941965424
110.006,5.9183415691736112
110.00700000000001,5.9176247289745838
110.008,5.9169074803293498
110.009,5.916189829968209
110.01000000000001,5.9154717846218441
110.011,5.9147533510212877
110.012,5.9140345358978932
110.01300000000001,5.913315345983305
110.014,5.9125957880094369
110.015,5.9118758687084325
110.01600000000001,5.9111555948126373
110.017,5.9104349730545795
110.018,5.9097140101669332
110.01900000000001,5.908992712882478
110.02,5.9082710879340992
110.021,5.9075491420547275
110.02200000000001,5.9068268819773309
110.023,5.9061043144348737
110.024,5.9053814461602947
110.02500000000001,5.904658283886473
110.026,5.9039348343462041
110.027,5.9032111042721649
110.02800000000001,5.9024871003968897
110.029,5.9017628294527338
110.03,5.9010382981718603
110.03100000000001,5.900313513286191
110.032,5.8995884815273882
110.033,5.898863209626831
110.03400000000001,5.8981377043155749
110.035,5.8974119723243259
110.036,5.8966860203834184
110.03700000000001,5.8959598552227783
110.038,5.8952334835718982
110.039,5.8945069121598106
110.04000000000001,5.8937801477150478
110.041,5.8930531969656315
110.042,5.8923260666390291
110.04300000000001,5.8915987634621292
110.044,5.8908712941612151
110.045,5.8901436654619328
110.04600000000001,5.8894158840892654
110.047,5.8886879567675035
110.048,5.8879598902202126
110.04900000000001,5.8872316911702125
110.05,5.8865033663395385
110.051,5.8857749224494231
110.05199999999999,5.885046366220263
110.053,5.8843177043715826
110.054,5.8835889436220228
110.05500000000001,5.8828600906892969
110.056,5.8821311522901691
110.057,5.8814021351404264
110.05799999999999,5.880673045954846
110.059,5.8799438914471711
110.06,5.8792146783300812
110.06100000000001,5.8784854133151603
110.062,5.8777561031128771
110.063,5.8770267544325474
110.06399999999999,5.876297373982311
110.065,5.8755679684690998
110.066,5.8748385445986191
110.06700000000001,5.8741091090752997
110.068,5.8733796686022952
110.069,5.8726502298814296
110.06999999999999,5.8719207996131892
110.071,5.8711913844966821
110.072,5.870461991229611
110.07300000000001,5.8697326265082523
110.074,5.8690032970274206
110.075,5.8682740094804426
110.07599999999999,5.8675447705591344
110.077,5.8668155869537646
110.078,5.8660864653530336
110.07899999999999,5.8653574124440429
110.08,5.8646284349122677
110.081,5.8638995394415261
110.08199999999999,5.8631707327139591
110.083,5.8624420214099917
110.084,5.8617134122083145
110.08499999999999,5.8609849117858523
110.086,5.8602565268177376
110.087,5.8595282639772801
110.08799999999999,5.8588001299359398
110.089,5.8580721313633042
110.09,5.8573442749270539
110.09099999999999,5.8566165672929422
110.092,5.8558890151247596
110.093,5.8551616250843095
110.09399999999999,5.8544344038313865
110.095,5.8537073580237386
110.096,5.8529804943170491
110.09699999999999,5.8522538193649041
110.098,5.8515273398187659
110.099,5.8508010623279443
110.09999999999999,5.8500749935395762
110.101,5.8493491400985889
110.102,5.8486235086476777
110.10299999999999,5.8478981058272836
110.104,5.8471729382755528
110.105,5.846448012628322
110.10599999999999,5.8457233355190876
110.107,5.844998913578979
110.108,5.8442747534367268
110.10899999999999,5.8435508617186409
110.11,5.8428272450485839
110.111,5.8421039100479435
110.11199999999999,5.8413808633356012
110.113,5.8406581115279108
110.114,5.8399356612386724
110.11499999999999,5.839213519079097
110.116,5.8384916916577918
110.117,5.837770185580724
110.11799999999999,5.8370490074511991
110.119,5.8363281638698323
110.12,5.8356076614345209
110.121,5.8348875067404222
110.122,5.8341677063799233
110.123,5.8334482669426126
110.124,5.8327291950152578
110.125,5.8320104971817788
110.126,5.8312921800232171
110.127,5.8305742501177189
110.128,5.8298567140404947
110.129,5.8291395783638063
110.13,5.828422849656933
110.131,5.8277065344861469
110.13200000000001,5.8269906394146895
110.133,5.8262751710027416
110.134,5.8255601358073985
110.13500000000001,5.8248455403826487
110.136,5.8241313912793382
110.137,5.8234176950451531
110.13800000000001,5.8227044582245897
110.139,5.8219916873589295
110.14,5.8212793889862162
110.14100000000001,5.8205675696412218
110.142,5.81985623585543
110.143,5.8191453941570064
110.14400000000001,5.8184350510707716
110.145,5.8177252131181767
110.146,5.8170158868172788
110.14700000000001,5.8163070786827173
110.148,5.8155987952256778
110.149,5.8148910429538834
110.15000000000001,5.8141838283715543
110.151,5.8134771579793938
110.152,5.8127710382745494
110.15300000000001,5.8120654757506038
110.154,5.8113604768975371
110.155,5.8106560482017056
110.15600000000001,5.8099521961458231
110.157,5.8092489272089178
110.158,5.8085462478663317
110.15900000000001,5.8078441645896746
110.16,5.8071426838468074
110.161,5.8064418121018235
110.16200000000001,5.8057415558150076
110.163,5.8050419214428306
110.164,5.8043429154379078
110.16500000000001,5.8036445442489821
110.166,5.8029468143208991
110.167,5.8022497320945856
110.16800000000001,5.8015533040070082
110.169,5.8008575364911774
110.17,5.8001624359760928
110.17100000000001,5.7994680088867412
110.172,5.7987742616440592
110.173,5.7980812006649138
110.17400000000001,5.7973888323620804
110.175,5.7966971631442075
110.176,5.7960061994158085
110.17699999999999,5.7953159475772242
110.178,5.7946264140246022
110.179,5.7939376051498783
110.18000000000001,5.7932495273407447
110.181,5.7925621869806285
110.182,5.7918755904486714
110.18299999999999,5.7911897441196993
110.184,5.7905046543642023
110.185,5.7898203275483144
110.18600000000001,5.7891367700337755
110.187,5.7884539881779258
110.188,5.7877719883336729
110.18899999999999,5.7870907768494639
110.19,5.7864103600692713
110.191,5.7857307443325627
110.19200000000001,5.7850519359742805
110.193,5.7843739413248123
110.194,5.7836967667099781
110.19499999999999,5.7830204184509988
110.196,5.7823449028644731
110.197,5.7816702262623583
110.19800000000001,5.7809963949519432
110.199,5.7803234152358289
110.2,5.7796512934118978
110.20099999999999,5.7789800357732997
110.202,5.7783096486084249
110.203,5.7776401382008782
110.20399999999999,5.7769715108294601
110.205,5.7763037727681441
110.206,5.7756369302860477
110.20699999999999,5.7749709896474197
110.208,5.774305957111606
110.209,5.7736418389330364
110.20999999999999,5.7729786413611937
110.211,5.7723163706405991
110.212,5.7716550330107852
110.21299999999999,5.7709946347062697
110.214,5.7703351819565469
110.215,5.7696766809860449
110.21599999999999,5.7690191380141194
110.217,5.7683625592550243
110.218,5.7677069509178898
110.21899999999999,5.7670523192067069
110.22,5.7663986703202923
110.221,5.7657460104522746
110.22199999999999,5.7650943457910753
110.223,5.7644436825198806
110.224,5.763794026816619
110.22499999999999,5.7631453848539467
110.226,5.762497762799212
110.227,5.7618511668144539
110.22799999999999,5.761205603056359
110.229,5.7605610776762539
110.23,5.7599175968200766
110.23099999999999,5.7592751666283588
110.232,5.7586337932362035
110.233,5.7579934827732613
110.23399999999999,5.7573542413637115
110.235,5.7567160751262367
110.236,5.756078990174009
110.23699999999999,5.7554429926146593
110.238,5.7548080885502646
110.239,5.7541742840773207
110.23999999999999,5.7535415852867242
110.241,5.7529099982637497
110.242,5.75227952908803
110.24299999999999,5.7516501838335348
110.244,5.7510219685685495
110.245,5.7503948893556558
110.246,5.7497689522517055
110.247,5.7491441633078093
110.248,5.7485205285693048
110.249,5.7478980540757476
110.25,5.7472767458608809
110.251,5.7466566099526171
110.252,5.7460376523730252
110.253,5.7454198791382973
110.254,5.7448032962587403
110.255,5.7441879097387449
110.256,5.7435737255767769
110.25700000000001,5.7429607497653468
110.258,5.7423489882909937
110.259,5.7417384471342672
110.26000000000001,5.7411291322697036
110.261,5.7405210496658068
110.262,5.7399142052850349
110.26300000000001,5.7393086050837638
110.264,5.7387042550122889
110.265,5.7381011610147894
110.26600000000001,5.7374993290293137
110.267,5.7368987649877603
110.268,5.7362994748158602
110.26900000000001,5.7357014644331503
110.27,5.7351047397529626
110.271,5.7345093066823978
110.27200000000001,5.7339151711223106
110.273,5.7333223389672874
110.274,5.7327308161056294
110.27500000000001,5.7321406084193303
110.276,5.7315517217840615
110.277,5.7309641620691494
110.27800000000001,5.7303779351375557
110.279,5.729793046845864
110.28,5.7292095030442542
110.28100000000001,5.7286273095764884
110.282,5.7280464722798889
110.283,5.7274669969853207
110.28400000000001,5.7268888895171752
110.285,5.7263121556933463
110.286,5.725736801325219
110.28700000000001,5.7251628322176416
110.288,5.7245902541689171
110.289,5.7240190729707789
110.29000000000001,5.7234492944083701
110.291,5.7228809242602336
110.292,5.7223139682982866
110.29300000000001,5.7217484322878063
110.294,5.7211843219874092
110.295,5.7206216431490367
110.29600000000001,5.7200604015179302
110.297,5.7195006028326221
110.298,5.7189422528249123
110.29900000000001,5.7183853572198515
110.3,5.7178299217357216
110.301,5.7172759520840239
110.30199999999999,5.7167234539694549
110.303,5.7161724330898931
110.304,5.7156228951363763
110.30500000000001,5.715074845793092
110.306,5.7145282907373556
110.307,5.7139832356395903
110.30799999999999,5.7134396861633121
110.309,5.7128976479651161
110.31,5.7123571266946573
110.31100000000001,5.7118181279946292
110.312,5.7112806575007511
110.313,5.7107447208417508
110.31399999999999,5.7102103236393482
110.315,5.7096774715082361
110.316,5.709146170056064
110.31700000000001,5.7086164248834246
110.318,5.7080882415838321
110.319,5.7075616257437067
110.31999999999999,5.707036582942365
110.321,5.7065131187519915
110.322,5.705991238737635
110.32300000000001,5.7054709484571777
110.324,5.7049522534613359
110.325,5.7044351592936282
110.32599999999999,5.7039196714903699
110.327,5.7034057955806485
110.328,5.7028935370863163
110.32899999999999,5.7023829015219683
110.33,5.7018738943949296
110.331,5.7013665212052338
110.33199999999999,5.7008607874456176
110.333,5.7003566986014924
110.334,5.699854260150941
110.33499999999999,5.6993534775646886
110.336,5.6988543563061
110.337,5.6983569018311595
110.33799999999999,5.697861119588449
110.339,5.6973670150191413
110.34,5.6968745935569842
110.34099999999999,5.6963838606282771
110.342,5.695894821651863
110.343,5.6954074820391121
110.34399999999999,5.6949218471939087
110.345,5.6944379225126269
110.346,5.6939557133841294
110.34699999999999,5.6934752251897418
110.348,5.6929964633032402
110.349,5.6925194330908386
110.34999999999999,5.6920441399111734
110.351,5.6915705891152877
110.352,5.6910987860466182
110.35299999999999,5.6906287360409813
110.354,5.6901604444265521
110.355,5.6896939165238578
110.35599999999999,5.6892291576457596
110.357,5.6887661730974397
110.358,5.6883049681763884
110.35899999999999,5.6878455481723798
110.36,5.6873879183674765
110.361,5.6869320840359956
110.36199999999999,5.6864780504445118
110.363,5.6860258228518266
110.364,5.6855754065089688
110.36499999999999,5.6851268066591754
110.366,5.6846800285378736
110.367,5.6842350773726693
110.36799999999999,5.6837919583833454
110.369,5.6833506767818225
110.37,5.6829112377721724
110.371,5.6824736465505872
110.372,5.6820379083053698
110.373,5.6816040282169258
110.374,5.6811720114577433
110.375,5.6807418631923845
110.376,5.6803135885774676
110.377,5.6798871927616608
110.378,5.6794626808856599
110.379,5.6790400580821832
110.38,5.6786193294759544
110.381,5.6782005001836913
110.38200000000001,5.6777835753140913
110.383,5.6773685599678174
110.384,5.6769554592374947
110.38500000000001,5.6765442782076843
110.386,5.6761350219548738
110.387,5.6757276955474776
110.38800000000001,5.675322304045805
110.389,5.6749188525020617
110.39,5.6745173459603304
110.39100000000001,5.674117789456564
110.392,5.6737201880185655
110.393,5.6733245466659827
110.39400000000001,5.6729308704102941
110.395,5.6725391642547898
110.396,5.6721494331945745
110.39700000000001,5.6717616822165393
110.398,5.6713759162993611
110.399,5.6709921404134827
110.40000000000001,5.6706103595211053
110.401,5.6702305785761773
110.402,5.6698528025243782
110.40300000000001,5.6694770363031122
110.404,5.6691032848414924
110.405,5.6687315530603284
110.40600000000001,5.6683618458721181
110.407,5.6679941681810355
110.408,5.6676285248829199
110.40900000000001,5.6672649208652555
110.41,5.6669033610071775
110.411,5.6665438501794387
110.41200000000001,5.6661863932444207
110.413,5.6658309950561065
110.414,5.6654776604600743
110.41500000000001,5.6651263942934849
110.416,5.6647772013850783
110.417,5.66443008655515
110.41800000000001,5.6640850546155477
110.419,5.6637421103696628
110.42,5.6634012586124083
110.42100000000001,5.6630625041302221
110.422,5.6627258517010457
110.423,5.6623913060943156
110.42400000000001,5.6620588720709524
110.425,5.6617285543833571
110.426,5.6614003577753866
110.42699999999999,5.6610742869823572
110.428,5.6607503467310254
110.429,5.6604285417395754
110.43000000000001,5.6601088767176186
110.431,5.6597913563661706
110.432,5.6594759853776537
110.43299999999999,5.6591627684358734
110.434,5.6588517102160196
110.435,5.6585428153846467
110.43600000000001,5.6582360885996685
110.437,5.6579315345103485
110.438,5.6576291577572846
110.43899999999999,5.6573289629724055
110.44,5.6570309547789552
110.441,5.6567351377914843
110.44200000000001,5.656441516615839
110.443,5.6561500958491555
110.444,5.6558608800798433
110.44499999999999,5.6555738738875805
110.446,5.6552890818432999
110.447,5.6550065085091799
110.44800000000001,5.6547261584386357
110.449,5.6544480361763103
110.45,5.6541721462580616
110.45099999999999,5.6538984932109537
110.452,5.6536270815532479
110.453,5.6533579157943885
110.45399999999999,5.653091000435003
110.455,5.6528263399668806
110.456,5.6525639388729667
110.45699999999999,5.6523038016273581
110.458,5.6520459326952839
110.459,5.6517903365331046
110.45999999999999,5.6515370175882964
110.461,5.6512859802994431
110.462,5.6510372290962296
110.46299999999999,5.6507907683994247
110.464,5.6505466026208779
110.465,5.6503047361635108
110.46599999999999,5.6500651734212983
110.467,5.6498279187792688
110.468,5.6495929766134889
110.46899999999999,5.6493603512910564
110.47,5.6491300471700887
110.471,5.6489020685997158
110.47199999999999,5.6486764199200632
110.473,5.6484531054622549
110.474,5.6482321295483926
110.47499999999999,5.6480134964915489
110.476,5.6477972105957619
110.477,5.6475832761560216
110.47799999999999,5.6473716974582562
110.479,5.6471624787793324
110.48,5.6469556243870382
110.48099999999999,5.6467511385400755
110.482,5.6465490254880475
110.483,5.6463492894714573
110.48399999999999,5.6461519347216864
110.485,5.6459569654609911
110.486,5.6457643859024982
110.48699999999999,5.6455742002501808
110.488,5.645386412698862
110.489,5.6452010274342008
110.48999999999999,5.6450180486326751
110.491,5.6448374804615877
110.492,5.6446593270790366
110.49299999999999,5.6444835926339181
110.494,5.6443102812659181
110.495,5.6441393971054907
110.496,5.6439709442738586
110.497,5.6438049268829982
110.498,5.6436413490356312
110.499,5.6434802148252095
110.5,5.6433215283359157
110.501,5.6431652936426389
110.502,5.6430115148109774
110.503,5.6428601958972173
110.504,5.6427113409483303
110.505,5.6425649540019576
110.506,5.6424210390864014
110.50700000000001,5.6422796002206166
110.508,5.6421406414141959
110.509,5.6420041666673626
110.51000000000001,5.6418701799709545
110.511,5.641738685306418
110.512,5.6416096866458005
110.51300000000001,5.6414831879517271
110.514,5.641359193177399
110.515,5.6412377062665833
110.51600000000001,5.6411187311535951
110.517,5.6410022717632886
110.518,5.6408883320110501
110.51900000000001,5.640776915802781
110.52,5.6406680270348861
110.521,5.6405616695942671
110.52200000000001,5.640457847358304
110.523,5.6403565641948497
110.524,5.6402578239622114
110.52500000000001,5.6401616305091427
110.526,5.6400679876748328
110.527,5.6399768992888895
110.52800000000001,5.6398883691713282
110.529,5.6398024011325631
110.53,5.639718998973386
110.53100000000001,5.6396381664849624
110.532,5.6395599074488167
110.533,5.6394842256368127
110.53400000000001,5.6394111248111489
110.535,5.6393406087243374
110.536,5.6392726811191967
110.53700000000001,5.6392073457288348
110.538,5.6391446062766351
110.539,5.6390844664762447
110.54000000000001,5.6390269300315552
110.541,5.6389720006366968
110.542,5.6389196819760183
110.54300000000001,5.6388699777240721
110.544,5.6388228915455976
110.545,5.6387784270955139
110.54600000000001,5.6387365880188982
110.547,5.6386973779509706
110.548,5.6386608005170817
110.54900000000001,5.6386268593326978
110.55,5.6385955580033791
110.551,5.6385669001247685
110.55199999999999,5.6385408892825728
110.553,5.6385175290525495
110.554,5.6384968230004837
110.55500000000001,5.6384787746821834
110.556,5.638463387643446
110.557,5.6384506654200521
110.55799999999999,5.6384406115377494
110.559,5.6384332295122217
110.56,5.6384285228490887
110.56100000000001,5.6384264950438743
110.562,5.6384271495819913
110.563,5.6384304899387256
110.56399999999999,5.6384365195792174
110.565,5.6384452419584354
110.566,5.6384566605211628
110.56700000000001,5.6384707787019792
110.568,5.6384875999252335
110.569,5.6385071276050294
110.56999999999999,5.6385293651452031
110.571,5.6385543159392988
110.572,5.6385819833705559
110.57300000000001,5.6386123708118774
110.574,5.6386454816258134
110.575,5.6386813191645402
110.57599999999999,5.6387198867698327
110.577,5.6387611877730466
110.578,5.6388052254950924
110.57899999999999,5.6388520032464111
110.58,5.6389015243269558
110.581,5.6389537920261557
110.58199999999999,5.639008809622907
110.583,5.6390665803855367
110.584,5.639127107571781
110.58499999999999,5.6391903944287565
110.586,5.6392564441929416
110.587,5.6393252600901436
110.58799999999999,5.6393968453354706
110.589,5.6394712031333132
110.59,5.6395483366773043
110.59099999999999,5.6396282491503023
110.592,5.6397109437243529
110.593,5.6397964235606715
110.59399999999999,5.6398846918096019
110.595,5.6399757516105966
110.596,5.6400696060921778
110.59699999999999,5.6401662583719148
110.598,5.6402657115563812
110.599,5.6403679687411445
110.59999999999999,5.6404730330107071
110.601,5.6405809074384949
110.602,5.6406915950868122
110.60299999999999,5.6408050990068164
110.604,5.6409214222384749
110.605,5.641040567810542
110.60599999999999,5.6411625387405087
110.607,5.6412873380345818
110.608,5.6414149686876396
110.60899999999999,5.6415454336831967
110.61,5.6416787359933664
110.611,5.6418148785788258
110.61199999999999,5.6419538643887712
110.613,5.6420956963608848
110.614,5.6422403774212944
110.61499999999999,5.6423879104845298
110.616,5.6425382984534842
110.617,5.6426915442193755
110.61799999999999,5.6428476506616967
110.619,5.6430066206481824
110.62,5.6431684570347596
110.621,5.6433331626655026
110.622,5.643500740372593
110.623,5.6436711929762762
110.624,5.6438445232848053
110.625,5.6440207340944042
110.626,5.6441998281892154
110.627,5.6443818083412554
110.628,5.64456667731036
110.629,5.6447544378441439
110.63,5.6449450926779425
110.631,5.6451386445347627
110.63200000000001,5.6453350961252351
110.633,5.6455344501475553
110.634,5.6457367092874371
110.63500000000001,5.6459418762180542
110.636,5.6461499535999851
110.637,5.6463609440811613
110.63800000000001,5.6465748502968047
110.639,5.6467916748693812
110.64,5.6470114204085284
110.64100000000001,5.647234089511004
110.642,5.6474596847606318
110.643,5.647688208728229
110.64400000000001,5.6479196639715532
110.645,5.6481540530352348
110.646,5.6483913784507216
110.64700000000001,5.6486316427362038
110.648,5.6488748483965541
110.649,5.6491209979232675
110.65000000000001,5.6493700937943805
110.651,5.6496221384744167
110.652,5.6498771344143108
110.65300000000001,5.6501350840513371
110.654,5.6503959898090477
110.655,5.650659854097186
110.65600000000001,5.6509266793116293
110.657,5.6511964678343034
110.658,5.6514692220331142
110.65900000000001,5.6517449442618659
110.66,5.6520236368601893
110.661,5.6523053021534624
110.66200000000001,5.6525899424527282
110.663,5.6528775600546162
110.664,5.6531681572412609
110.66500000000001,5.6534617362802244
110.666,5.6537582994243971
110.667,5.6540578489119344
110.66800000000001,5.6543603869661512
110.669,5.6546659157954471
110.67,5.6549744375932125
110.67100000000001,5.6552859545377396
110.672,5.6556004687921355
110.673,5.6559179825042216
110.67400000000001,5.6562384978064522
110.675,5.6565620168158066
110.676,5.6568885416337089
110.67699999999999,5.6572180743459102
110.678,5.657550617022415
110.679,5.6578861717173616
110.68000000000001,5.6582247404689294
110.681,5.6585663252992369
110.682,5.6589109282142349
110.68299999999999,5.6592585512036084
110.684,5.6596091962406589
110.685,5.6599628652822069
110.68600000000001,5.6603195602684799
110.687,5.6606792831229988
110.688,5.6610420357524696
110.68899999999999,5.6614078200466658
110.69,5.6617766378783232
110.691,5.6621484911030109
110.69200000000001,5.662523381559021
110.693,5.6629013110672499
110.694,5.6632822814310764
110.69499999999999,5.6636662944362328
110.696,5.6640533518506953
110.697,5.6644434554245446
110.69800000000001,5.6648366068898479
110.699,5.6652328079605283
110.7,5.6656320603322285
110.70099999999999,5.6660343656821937
110.702,5.6664397256691252
110.703,5.6668481419330465
110.70399999999999,5.6672596160951763
110.705,5.6676741497577829
110.706,5.6680917445040437
110.70699999999999,5.6685124018979067
110.708,5.6689361234839488
110.709,5.6693629107872283
110.70999999999999,5.6697927653131366
110.711,5.6702256885472568
110.712,5.6706616819552043
110.71299999999999,5.6711007469824857
110.714,5.6715428850543326
110.715,5.671988097575559
110.71599999999999,5.6724363859303963
110.717,5.6728877514823379
110.718,5.6733421955739738
110.71899999999999,5.6737997195268353
110.72,5.6742603246412227
110.721,5.6747240121960481
110.72199999999999,5.6751907834486586
110.723,5.6756606396346694
110.724,5.6761335819677914
110.72499999999999,5.6766096116396634
110.726,5.6770887298196655
110.727,5.6775709376547496
110.72799999999999,5.6780562362692573
110.729,5.6785446267647348
110.73,5.6790361102197586
110.73099999999999,5.6795306876897396
110.732,5.6800283602067392
110.733,5.6805291287792832
110.73399999999999,5.6810329943921651
110.735,5.6815399580062573
110.736,5.6820500205583073
110.73699999999999,5.6825631829607541
110.738,5.6830794461015088
110.739,5.6835988108437716
110.73999999999999,5.6841212780258195
110.741,5.6846468484607957
110.742,5.6851755229365111
110.74299999999999,5.6857073022152234
110.744,5.6862421870334359
110.745,5.6867801781016745
110.746,5.6873212761042735
110.747,5.6878654816991556
110.748,5.6884127955176149
110.749,5.6889632181640888
110.75,5.6895167502159358
110.751,5.6900733922232032
110.752,5.6906331447084035
110.753,5.6911960081662789
110.754,5.6917619830635635
110.755,5.6923310698387564
110.756,5.6929032689018726
110.75700000000001,5.6934785806342045
110.758,5.6940570053880855
110.759,5.6946385434866356
110.76000000000001,5.6952231952235168
110.761,5.6958109608626843
110.762,5.6964018406381305
110.76300000000001,5.6969958347536371
110.764,5.6975929433825092
110.765,5.698193166667318
110.76600000000001,5.6987965047196472
110.767,5.69940295761982
110.768,5.7000125254166347
110.76900000000001,5.7006252081270992
110.77,5.7012410057361542
110.771,5.7018599181964067
110.77200000000001,5.7024819454278504
110.773,5.7031070873175871
110.774,5.7037353437195479
110.77500000000001,5.704366714454209
110.776,5.7050011993083096
110.777,5.7056387980345633
110.77800000000001,5.7062795103513615
110.779,5.7069233359424931
110.78,5.70757027445684
110.78100000000001,5.7082203255080888
110.782,5.7088734886744223
110.783,5.7095297634982227
110.78400000000001,5.7101891494857693
110.785,5.7108516461069296
110.786,5.7115172527948506
110.78700000000001,5.7121859689456498
110.788,5.7128577939180971
110.789,5.7135327270333027
110.79000000000001,5.7142107675744018
110.791,5.7148919147862287
110.792,5.7155761678749943
110.79300000000001,5.7162635260079631
110.794,5.7169539883131275
110.795,5.7176475538788729
110.79600000000001,5.7183442217536529
110.797,5.7190439909456448
110.798,5.7197468604224184
110.79900000000001,5.720452829110604
110.8,5.7211618958955341
110.801,5.7218740596209177
110.80199999999999,5.7225893190884829
110.803,5.7233076730576293
110.804,5.7240291202450875
110.80500000000001,5.7247536593245503
110.806,5.7254812889263356
110.807,5.7262120076370122
110.80799999999999,5.7269458139990554
110.809,5.7276827065104756
110.81,5.7284226836244558
110.81100000000001,5.7291657437489949
110.812,5.729911885246521
110.813,5.7306611064335433
110.81399999999999,5.7314134055802644
110.815,5.7321687809102109
110.816,5.732927230599854
110.81700000000001,5.7336887527782405
110.818,5.7344533455265978
110.819,5.7352210068779668
110.81999999999999,5.7359917348167997
110.821,5.7367655272785907
110.822,5.7375423821494751
110.82300000000001,5.7383222972658476
110.824,5.7391052704139591
110.825,5.7398912993295372
110.82599999999999,5.7406803816973735
110.827,5.7414725151509387
110.828,5.7422676972719753
110.82899999999999,5.7430659255901002
110.83,5.7438671975823965
110.831,5.7446715106730153
110.83199999999999,5.7454788622327575
110.833,5.7462892495786813
110.834,5.7471026699736765
110.83499999999999,5.7479191206260598
110.836,5.7487385986891644
110.837,5.7495611012609178
110.83799999999999,5.7503866253834284
110.839,5.7512151680425738
110.84,5.7520467261675643
110.84099999999999,5.752881296630548
110.842,5.7537188762461602
110.843,5.7545594617711231
110.84399999999999,5.7554030499038049
110.845,5.7562496372838039
110.846,5.7570992204915177
110.84699999999999,5.7579517960477133
110.848,5.7588073604130958
110.849,5.7596659099878869
110.84999999999999,5.7605274411113818
110.851,5.7613919500615243
110.852,5.762259433054469
110.85299999999999,5.7631298862441476
110.854,5.7640033057218369
110.855,5.7648796875157142
110.85599999999999,5.7657590275904287
110.857,5.7666413218466648
110.858,5.7675265661206918
110.85899999999999,5.7684147561839403
110.86,5.7693058877425489
110.861,5.7701999564369348
110.86199999999999,5.7710969578413476
110.863,5.7719968874634304
110.864,5.7728997407437781
110.86499999999999,5.7738055130554997
110.866,5.7747141997037676
110.867,5.7756257959253849
110.86799999999999,5.7765402968883395
110.869,5.7774576976913661
110.87,5.7783779933634971
110.871,5.7793011788636308
110.872,5.7802272490800792
110.873,5.7811561988301357
110.874,5.7820880228596305
110.875,5.7830227158424927
110.876,5.7839602723803036
110.877,5.7849006870018647
110.878,5.7858439541627558
110.879,5.7867900682448994
110.88,5.7877390235561172
110.881,5.7886908143296987
110.88200000000001,5.7896454347239636
110.883,5.790602878821832
110.884,5.791563140630382
110.88500000000001,5.7925262140804223
110.886,5.7934920930260638
110.887,5.7944607712442817
110.88800000000001,5.7954322424344973
110.889,5.7964065002181409
110.89,5.7973835381382326
110.89100000000001,5.7983633496589571
110.892,5.7993459281652422
110.893,5.8003312669623348
110.89400000000001,5.801319359275392
110.895,5.8023101982490495
110.896,5.8033037769470237
110.89700000000001,5.8043000883516891
110.898,5.805299125363673
110.899,5.8063008808014462
110.90000000000001,5.8073053474009235
110.901,5.8083125178150503
110.902,5.8093223846134165
110.90300000000001,5.8103349402818498
110.904,5.8113501772220273
110.905,5.8123680877510804
110.90600000000001,5.8133886641012147
110.907,5.8144118984193156
110.908,5.8154377827665735
110.90900000000001,5.8164663091181055
110.91,5.8174974693625785
110.911,5.818531255301842
110.91200000000001,5.8195676586505574
110.913,5.82060667103584
110.914,5.8216482839968906
110.91500000000001,5.8226924889846572
110.916,5.823739277361466
110.917,5.8247886404006817
110.91800000000001,5.8258405692863757
110.919,5.8268950551129706
110.92,5.8279520888849241
110.92100000000001,5.8290116615163843
110.922,5.8300737638308835
110.923,5.8311383865610082
110.92400000000001,5.8322055203480936
110.925,5.8332751557419087
110.926,5.834347283200362
110.92699999999999,5.8354218930891948
110.928,5.8364989756817049
110.929,5.8375785211584477
110.93000000000001,5.8386605196069592
110.931,5.8397449610214895
110.932,5.8408318353027315
110.93299999999999,5.8419211322575562
110.934,5.8430128415987674
110.935,5.8441069529448448
110.93600000000001,5.8452034558197088
110.937,5.8463023396524818
110.938,5.8474035937772673
110.93899999999999,5.8485072074329238
110.94,5.8496131697628524
110.941,5.8507214698147934
110.94200000000001,5.8518320965406332
110.943,5.8529450387961983
110.944,5.8540602853410935
110.94499999999999,5.8551778248385098
110.946,5.8562976458550668
110.947,5.857419736860658
110.94800000000001,5.8585440862282869
110.949,5.8596706822339399
110.95,5.8607995130564525
110.95099999999999,5.8619305667773709
110.952,5.8630638313808596
110.953,5.8641992947535773
110.95399999999999,5.8653369446845867
110.955,5.8664767688652706
110.956,5.8676187548892518
110.95699999999999,5.8687628902523254
110.958,5.8699091623524016
110.959,5.8710575584894542
110.95999999999999,5.8722080658654914
110.961,5.8733606715845195
110.962,5.8745153626525299
110.96299999999999,5.8756721259774967
110.964,5.8768309483693706
110.965,5.8779918165401082
110.96599999999999,5.8791547171036882
110.967,5.8803196365761536
110.968,5.8814865613756568
110.96899999999999,5.882655477822528
110.97,5.8838263721393398
110.971,5.8849992304509993
110.97199999999999,5.8861740387848354
110.973,5.8873507830707119
110.974,5.8885294491411528
110.97499999999999,5.8897100227314692
110.976,5.89089248947991
110.977,5.8920768349278116
110.97799999999999,5.8932630445197818
110.979,5.8944511036038794
110.98,5.8956409974318111
110.98099999999999,5.8968327111591421
110.982,5.8980262298455255
110.983,5.89922153845494
110.98399999999999,5.9004186218559393
110.985,5.9016174648219231
110.986,5.9028180520314155
110.98699999999999,5.9040203680683607
110.988,5.9052243974224359
110.989,5.906430124489372
110.98999999999999,5.9076375335712976
110.991,5.9088466088770835
110.992,5.9100573345227261
110.99299999999999,5.9112696945317253
110.994,5.9124836728354797
110.995,5.9136992532737125
110.996,5.9149164195948982
110.997,5.9161351554567059
110.998,5.9173554444264731
110.999,5.918577269981677
111,5.919800615510435
111.001,5.9210254643120113
111.002,5.9222517995973609
111.003,5.9234796044896516
111.004,5.9247088620248514
111.005,5.9259395551522971
111.006,5.9271716667352878
111.00700000000001,5.9284051795517083
111.008,5.9296400762946604
111.009,5.9308763395731088
111.01000000000001,5.9321139519125428
111.011,5.9333528957556805
111.012,5.93459315346316
111.01300000000001,5.9358347073142497
111.014,5.9370775395076212
111.015,5.9383216321620775
111.01600000000001,5.9395669673173428
111.017,5.9408135269348632
111.018,5.942061292898611
111.01900000000001,5.9433102470159263
111.02,5.9445603710183681
111.021,5.945811646562591
111.02200000000001,5.9470640552312251
111.023,5.9483175785338043
111.024,5.9495721979076839
111.02500000000001,5.9508278947189996
111.026,5.9520846502636324
111.027,5.9533424457682047
111.02800000000001,5.9546012623910896
111.029,5.9558610812234356
111.03,5.9571218832902293
111.03100000000001,5.9583836495513651
111.032,5.959646360902723
111.033,5.9609099981773035
111.03400000000001,5.9621745421463483
111.035,5.9634399735204955
111.036,5.9647062729509619
111.03700000000001,5.9659734210307365
111.038,5.9672413982957906
111.039,5.9685101852263331
111.03999999999999,5.9697797622480575
111.041,5.9710501097334348
111.042,5.9723212080029997
111.04300000000001,5.9735930373266957
111.044,5.9748655779252164
111.045,5.9761388099713599
111.04599999999999,5.9774127135914377
111.047,5.9786872688666826
111.048,5.9799624558346718
111.04900000000001,5.981238254490794
111.05,5.9825146447897311
111.051,5.9837916066469425
111.05199999999999,5.9850691199402064
111.053,5.9863471645111552
111.054,5.9876257201668377
111.05500000000001,5.9889047666813227
111.056,5.9901842837973032
111.057,5.9914642512277307
111.05799999999999,5.9927446486574683
111.059,5.9940254557449819
111.06,5.9953066521240377
111.06100000000001,5.9965882174054146
111.062,5.9978701311786722
111.063,5.9991523730139109
111.06399999999999,6.0004349224635574
111.065,6.0017177590641939
111.066,6.003000862338391
111.06700000000001,6.0042842117965627
111.068,6.00556778693886
111.069,6.0068515672570699
111.06999999999999,6.0081355322365448
111.071,6.0094196613581587
111.072,6.0107039341002846
111.07300000000001,6.0119883299407784
111.074,6.0132728283590069
111.075,6.014557408837895
111.07599999999999,6.015842050865988
111.077,6.017126733939528
111.078,6.0184114375645787
111.07900000000001,6.0196961412591579
111.08,6.0209808245553784
111.081,6.0222654670016436
111.08199999999999,6.0235500481648359
111.083,6.0248345476325396
111.084,6.026118945015293
111.08500000000001,6.0274032199488543
111.086,6.028687352096477
111.087,6.0299713211512387
111.08799999999999,6.0312551068383691
111.089,6.0325386889176009
111.09,6.0338220471855468
111.09099999999999,6.0351051614781017
111.092,6.0363880116728694
111.093,6.0376705776915829
111.09399999999999,6.0389528395025964
111.095,6.0402347771233513
111.096,6.0415163706228823
111.09699999999999,6.0427976001243531
111.098,6.0440784458076049
111.099,6.0453588879117106
111.09999999999999,6.0466389067375879
111.101,6.0479184826505898
111.102,6.0491975960831423
111.10299999999999,6.0504762275374002
111.104,6.0517543575879111
111.105,6.0530319668843173
111.10599999999999,6.0543090361540486
111.107,6.0555855462050756
111.108,6.0568614779286474
111.10899999999999,6.0581368123020569
111.11,6.0594115303914453
111.111,6.0606856133546012
111.11199999999999,6.0619590424437808
111.113,6.0632317990085678
111.114,6.0645038644987315
111.11499999999999,6.0657752204670992
111.116,6.0670458485724694
111.117,6.0683157305825324
111.11799999999999,6.0695848483767838
111.119,6.0708531839495068
111.12,6.0721207194127169
111.121,6.0733874369991687
111.122,6.0746533190653391
111.123,6.0759183480944667
111.124,6.077182506699577
111.125,6.0784457776265324
111.126,6.0797081437571077
111.127,6.080969588112068
111.128,6.0822300938542639
111.129,6.0834896442917525
111.13,6.0847482228809184
111.131,6.0860058132296109
111.13200000000001,6.0872623991003119
111.133,6.0885179644132954
111.134,6.0897724932498125
111.13500000000001,6.0910259698552798
111.136,6.0922783786425052
111.137,6.0935297041948928
111.13800000000001,6.094779931269672
111.139,6.0960290448011589
111.14,6.0972770299040047
111.14100000000001,6.0985238718764467
111.142,6.0997695562036114
111.143,6.1010140685607883
111.14400000000001,6.102257394816724
111.145,6.10349952103694
111.146,6.1047404334870468
111.14700000000001,6.1059801186360572
111.148,6.1072185631597424
111.149,6.1084557539439546
111.15000000000001,6.1096916780879944
111.151,6.110926322907944
111.152,6.1121596759400596
111.15300000000001,6.113391724944127
111.154,6.1146224579068384
111.155,6.1158518630451812
111.15600000000001,6.1170799288098223
111.157,6.118306643888503
111.158,6.119531997209438
111.15900000000001,6.120755977944718
111.16,6.1219785755137055
111.161,6.1231997795864608
111.16200000000001,6.1244195800871424
111.163,6.1256379671974157
111.164,6.1268549313598832
111.16499999999999,6.1280704632814933
111.166,6.1292845539369605
111.167,6.1304971945721762
111.16800000000001,6.1317083767076417
111.169,6.1329180921418782
111.17,6.1341263329548363
111.17099999999999,6.1353330915113311
111.172,6.1365383604644395
111.173,6.137742132758917
111.17400000000001,6.1389444016346069
111.175,6.1401451606298503
111.176,6.1413444035848732
111.17699999999999,6.1425421246451979
111.178,6.1437383182650329
111.179,6.1449329792106475
111.18000000000001,6.146126102563767
111.181,6.1473176837249408
111.182,6.1485077184169112
111.18299999999999,6.1496962026879611
111.184,6.1508831329152889
111.185,6.1520685058083329
111.18600000000001,6.1532523184121075
111.187,6.1544345681105339
111.188,6.1556152526297527
111.18899999999999,6.1567943700414167
111.19,6.1579719187660009
111.191,6.1591478975760676
111.19200000000001,6.160322305599534
111.193,6.1614951423229387
111.194,6.1626664075946733
111.19499999999999,6.1638361016282079
111.196,6.1650042250053083
111.197,6.166170778679235
111.19800000000001,6.1673357639779152
111.199,6.1684991826071105
111.2,6.1696610366535687
111.20099999999999,6.1708213285881586
111.202,6.1719800612689601
111.203,6.173137237944383
111.20400000000001,6.1742928622562285
111.205,6.1754469382427386
111.206,6.176599470341638
111.20699999999999,6.1777504633931484
111.208,6.1788999226429624
111.209,6.1800478537452346
111.21000000000001,6.181194262765513
111.211,6.1823391561836614
111.212,6.18348254089676
111.21299999999999,6.1846244242219806
111.214,6.1857648138994348
111.215,6.1869037180949871
111.21599999999999,6.1880411454030613
111.217,6.1891771048494082
111.218,6.1903116058938341
111.21899999999999,6.1914446584329337
111.22,6.1925762728027554
111.221,6.1937064597814659
111.22199999999999,6.1948352305919734
111.223,6.1959625969045184
111.224,6.1970885708392363
111.22499999999999,6.1982131649686885
111.226,6.1993363923203653
111.227,6.2004582663791394
111.22799999999999,6.2015788010897106
111.229,6.2026980108589944
111.23,6.2038159105584851
111.23099999999999,6.2049325155265818
111.232,6.2060478415708831
111.233,6.2071619049704427
111.23399999999999,6.208274722477972
111.235,6.2093863113220369
111.236,6.210496689209192
111.23699999999999,6.2116058743260707
111.238,6.2127138853414676
111.239,6.2138207414083446
111.23999999999999,6.2149264621658151
111.241,6.2160310677410893
111.242,6.2171345787513674
111.24299999999999,6.2182370163056913
111.244,6.2193384020067644
111.245,6.2204387579527145
111.246,6.2215381067388229
111.247,6.2226364714591957
111.248,6.22373387570841
111.249,6.2248303435830925
111.25,6.2259258996834612
111.251,6.2270205691148286
111.252,6.2281143774890451
111.253,6.2292073509258916
111.254,6.2302995160544432
111.255,6.2313909000143619
111.256,6.2324815304571448
111.25700000000001,6.2335714355473399
111.258,6.2346606439636858
111.259,6.2357491849002171
111.26000000000001,6.2368370880673032
111.261,6.2379243836926586
111.262,6.2390111025222783
111.26300000000001,6.24009727582132
111.264,6.2411829353749582
111.265,6.2422681134891533
111.26600000000001,6.2433528429913752
111.267,6.2444371572312924
111.268,6.2455210900813709
111.26900000000001,6.2466046759374398
111.27,6.2476879497192037
111.271,6.2487709468706791
111.27200000000001,6.2498537033605821
111.273,6.25093625568267
111.274,6.2520186408560061
111.27500000000001,6.2531008964251829
111.276,6.2541830604604582
111.277,6.2552651715578724
111.27800000000001,6.2563472688392743
111.279,6.2574293919522885
111.28,6.2585115810702465
111.28100000000001,6.2595938768920272
111.282,6.2606763206418474
111.283,6.2617589540690028
111.28400000000001,6.2628418194475222
111.285,6.2639249595757791
111.286,6.265008417776035
111.28700000000001,6.2660922378939139
111.288,6.2671764642978127
111.289,6.2682611418782637
111.28999999999999,6.2693463160472094
111.291,6.2704320327372329
111.292,6.2715183384007025
111.29300000000001,6.2726052800088832
111.294,6.273692905050944
111.295,6.2747812615329241
111.29599999999999,6.2758703979766342
111.297,6.2769603634184765
111.298,6.2780512074082058
111.29900000000001,6.2791429800076335
111.3,6.280235731789249
111.301,6.281329513834776
111.30199999999999,6.2824243777336779
111.303,6.2835203755815767
111.304,6.2846175599786047
111.30500000000001,6.2857159840277097
111.306,6.2868157013328663
111.307,6.2879167659972355
111.30799999999999,6.2890192326212393
111.309,6.2901231563005924
111.31,6.2912285926242442
111.31100000000001,6.2923355976722526
111.312,6.2934442280136036
111.313,6.2945545407039516
111.31399999999999,6.2956665932832836
111.315,6.2967804437735309
111.316,6.297896150676106
111.31700000000001,6.2990137729693512
111.318,6.3001333701059581
111.319,6.3012550020102776
111.31999999999999,6.3023787290755751
111.321,6.3035046121612321
111.322,6.3046327125898527
111.32300000000001,6.3057630921443177
111.324,6.306895813064763
111.325,6.3080309380454889
111.32599999999999,6.3091685302318057
111.327,6.3103086532167989
111.328,6.3114513710380393
111.32900000000001,6.312596748174216
111.33,6.3137448495416919
111.331,6.3148957404910142
111.33199999999999,6.3160494868033341
111.333,6.3172061546867644
111.334,6.3183658107726757
111.33500000000001,6.3195285221119164
111.336,6.3206943561709625
111.337,6.3218633808280149
111.33799999999999,6.3230356643690033
111.339,6.3242112754835542
111.34,6.3253902832608588
111.34099999999999,6.3265727571854988
111.342,6.3277587671331954
111.343,6.3289483833664901
111.34399999999999,6.3301416765303653
111.345,6.3313387176477924
111.346,6.3325395781152105
111.34699999999999,6.3337443296979634
111.348,6.334953044525637
111.349,6.3361657950873544
111.34999999999999,6.337382654227004
111.351,6.3386036951384011
111.352,6.3398289913603696
111.35299999999999,6.3410586167718002
111.354,6.3422926455866007
111.355,6.343531152348616
111.35599999999999,6.3447742119264605
111.357,6.3460218995083153
111.358,6.3472742905966459
111.35899999999999,6.348531461002854
111.36,6.3497934868418895
111.361,6.3510604445267926
111.36199999999999,6.3523324107631582
111.363,6.3536094625435755
111.364,6.3548916771419801
111.36499999999999,6.3561791321079619
111.366,6.357471905261014
111.367,6.358770074684724
111.36799999999999,6.360073718720896
111.369,6.361382915963647
111.37,6.3626977452534099
111.371,6.3640182856709222
111.372,6.3653446165311127
111.373,6.3666768173769821
111.374,6.3680149679734042
111.375,6.3693591483008749
111.376,6.370709438549218
111.377,6.3720659191112379
111.378,6.3734286705763132
111.379,6.3747977737239561
111.38,6.3761733095173154
111.381,6.3775553590966112
111.38200000000001,6.378944003772566
111.383,6.3803393250197447
111.384,6.3817414044698788
111.38500000000001,6.3831503239051184
111.386,6.3845661652512691
111.387,6.3859890105709631
111.38800000000001,6.3874189420567866
111.389,6.3888560420243845
111.39,6.3903003929055062
111.39100000000001,6.3917520772410015
111.392,6.3932111776738108
111.393,6.3946777769418794
111.39400000000001,6.3961519578710471
111.395,6.3976338033679125
111.396,6.3991233964126462
111.39700000000001,6.4006208200517545
111.398,6.4021261573908479
111.399,6.4036394915873363
111.40000000000001,6.4051609058431112
111.401,6.4066904833971856
111.402,6.4082283075183124
111.40300000000001,6.409774461497566
111.404,6.4113290286408802
111.405,6.4128920922615951
111.40600000000001,6.4144637356729337
111.407,6.4160440421804683
111.408,6.417633095074577
111.40900000000001,6.4192309776228491
111.41,6.4208377730624697
111.411,6.4224535645926082
111.41200000000001,6.4240784353667477
111.413,6.4257124684850062
111.414,6.4273557469864606
111.41499999999999,6.42900835384141
111.416,6.4306703719436582
111.417,6.4323418841027422
111.41800000000001,6.4340229730361882
111.419,6.4357137213617115
111.42,6.4374142115894157
111.42099999999999,6.4391245261139982
111.422,6.4408447472069126
111.423,6.4425749570085316
111.42400000000001,6.4443152375203079
111.425,6.4460656705969237
111.426,6.447826337938408
111.42699999999999,6.4495973210822894
111.428,6.4513787013956998
111.429,6.4531705600674991
111.43000000000001,6.4549729781003942
111.431,6.4567860363030434
111.432,6.4586098152821663
111.43299999999999,6.4604443954346413
111.434,6.4622898569396394
111.435,6.4641462797507092
111.43600000000001,6.4660137435878875
111.437,6.4678923279298344
111.438,6.4697821120059382
111.43899999999999,6.4716831747884331
111.44,6.4735955949845465
111.441,6.4755194510286334
111.44200000000001,6.4774548210743097
111.443,6.4794017829866304
111.444,6.4813604143342491
111.44499999999999,6.4833307923815875
111.446,6.4853129940810517
111.447,6.4873070960652246
111.44800000000001,6.4893131746390944
111.449,6.4913313057722828
111.45,6.4933615650913223
111.45099999999999,6.4954040278719241
111.452,6.4974587690312564
111.453,6.4995258631202892
111.45400000000001,6.5016053843161172
111.455,6.5036974064143127
111.456,6.5058020028213273
111.45699999999999,6.5079192465469013
111.458,6.5100492101964775
111.459,6.5121919659636962
111.46000000000001,6.5143475856228683
111.461,6.5165161405214933
111.462,6.5186977015728305
111.46299999999999,6.5208923392484648
111.464,6.5231001235709343
111.465,6.5253211241063651
111.46599999999999,6.5275554099571771
111.467,6.5298030497547925
111.468,6.5320641116523852
111.46899999999999,6.5343386633176976
111.47,6.5366267719258602
111.471,6.5389285041522616
111.47199999999999,6.54124392616548
111.473,6.5435731036202309
111.474,6.5459161016503629
111.47499999999999,6.5482729848619154
111.476,6.5506438173262058
111.477,6.5530286625729417
111.47799999999999,6.5554275835834481
111.479,6.557840642783864
111.48,6.5602679020384347
111.48099999999999,6.562709422642838
111.482,6.5651652653175763
111.483,6.5676354902014022
111.48399999999999,6.5701201568448031
111.485,6.572619324203548
111.486,6.5751330506322905
111.48699999999999,6.5776613938781923
111.488,6.5802044110746678
111.489,6.5827621587351306
111.48999999999999,6.5853346927468115
111.491,6.5879220683646649
111.492,6.5905243402053024
111.49299999999999,6.5931415622409819
111.494,6.5957737877937115
111.495,6.5984210695293557
111.496,6.6010834594518411
111.497,6.603761008897405
111.498,6.6064537685289419
111.499,6.6091617883303808
111.5,6.6118851176011439
111.501,6.6146238049506847
111.502,6.6173778982930909
111.503,6.6201474448417201
111.504,6.6229324911039749
111.505,6.6257330828760974
111.506,6.6285492652380293
111.50700000000001,6.6313810825484039
111.508,6.6342285784395445
111.509,6.6370917958125837
111.51000000000001,6.6399707768326124
111.511,6.6428655629239746
111.512,6.6457761947655616
111.51300000000001,6.6487027122862239
111.514,6.6516451546602697
111.515,6.6546035603030189
111.51600000000001,6.6575779668664268
111.517,6.660568411234836
111.518,6.6635749295207622
111.51900000000001,6.6665975570607587
111.52,6.669636328411416
111.521,6.6726912773453861
111.52200000000001,6.6757624368474975
111.523,6.6788498391110007
111.524,6.6819535155338388
111.52500000000001,6.685073496715038
111.526,6.6882098124511522
111.527,6.6913624917328454
111.52800000000001,6.694531562741509
111.529,6.6977170528459666
111.53,6.7009189885993221
111.53100000000001,6.7041373957358275
111.532,6.7073722991678588
111.533,6.7106237229830192
111.53400000000001,6.7138916904412778
111.535,6.7171762239722055
111.536,6.7204773451723483
111.53700000000001,6.7237950748026281
111.538,6.7271294327858504
111.539,6.7304804382043546
111.53999999999999,6.7338481092976687
111.541,6.737232463460324
111.542,6.7406335172397114
111.54300000000001,6.7440512863340798
111.544,6.7474857855905892
111.545,6.7509370290034489
111.54599999999999,6.7544050297121885
111.547,6.757889799999993
111.548,6.7613913512921133
111.54900000000001,6.7649096941544196
111.55,6.7684448382920115
111.551,6.7719967925478999
111.55199999999999,6.7755655649018598
111.553,6.7791511624692955
111.554,6.7827535915002217
111.55500000000001,6.7863728573783844
111.556,6.7900089646204069
111.557,6.79366191687508
111.55799999999999,6.7973317169226988
111.559,6.8010183666745618
111.56,6.8047218671724998
111.56100000000001,6.8084422185885067
111.562,6.8121794202245125
111.563,6.8159334705122046
111.56399999999999,6.81970436701293
111.565,6.8234921064177536
111.566,6.8272966845475596
111.56700000000001,6.8311180963532303
111.568,6.8349563359159911
111.569,6.8388113964477864
111.56999999999999,6.8426832702917375
111.571,6.846571948922775
111.572,6.8504774229482717
111.57300000000001,6.8543996821088298
111.574,6.8583387152791042
111.575,6.8622945104687991
111.57599999999999,6.8662670548236813
111.577,6.8702563346266956
111.578,6.8742623352992318
111.57900000000001,6.8782850414024139
111.58,6.8823244366384921
111.581,6.8863805038523722
111.58199999999999,6.8904532250331885
111.583,6.8945425813159513
111.584,6.8986485529833628
111.58500000000001,6.9027711194676469
111.586,6.9069102593524692
111.587,6.9110659503750123
111.58799999999999,6.9152381694280711
111.589,6.9194268925622717
111.59,6.923632094988335
111.59099999999999,6.9278537510795015
111.592,6.9320918343739848
111.593,6.9363463175774873
111.59399999999999,6.9406171725658972
111.595,6.9449043703879809
111.596,6.9492078812681726
111.59699999999999,6.9535276746095036
111.598,6.9578637189965624
111.599,6.9622159821985203
111.59999999999999,6.9665844311723228
111.601,6.970969032065879
111.602,6.9753697502213514
111.60299999999999,6.9797865501785692
111.604,6.9842193956784673
111.605,6.9886682496666443
111.60599999999999,6.9931330742969386
111.607,6.997613830935185
111.608,7.0021104801629521
111.60899999999999,7.0066229817813799
111.61,7.0111512948151393
111.611,7.0156953775164252
111.61199999999999,7.0202551873689911
111.613,7.0248306810923564
111.614,7.0294218146460041
111.61499999999999,7.0340285432336369
111.616,7.0386508213076038
111.617,7.0432886025733126
111.61799999999999,7.0479418399936984
111.619,7.0526104857938572
111.62,7.0572944914656528
111.621,7.0619938077724429
111.622,7.0667083847538237
111.623,7.0714381717305219
111.624,7.0761831173092791
111.625,7.080943169387794
111.626,7.0857182751598131
111.627,7.0905083811202045
111.628,7.0953134330700864
111.629,7.1001333761221019
111.63,7.1049681547056691
111.631,7.1098177125723048
111.63200000000001,7.114681992801061
111.633,7.119560937803957
111.634,7.1244544893314892
111.63500000000001,7.1293625884781857
111.636,7.1342851756882641
111.637,7.1392221907612763
111.63800000000001,7.1441735728578273
111.639,7.1491392605053834
111.64,7.1541191916040896
111.64100000000001,7.1591133034326182
111.642,7.1641215326541499
111.643,7.1691438153223173
111.64400000000001,7.1741800868872048
111.645,7.179230282201476
111.646,7.1842943355264453
111.64700000000001,7.1893721805382187
111.648,7.1944637503339459
111.649,7.1995689774380196
111.65000000000001,7.204687793808386
111.651,7.209820130842818
111.652,7.2149659193853459
111.65300000000001,7.2201250897326146
111.654,7.2252975716402981
111.655,7.2304832943296331
111.65600000000001,7.2356821864938823
111.657,7.2408941763048631
111.658,7.2461191914195648
111.65900000000001,7.2513571589867256
111.66,7.2566080056534554
111.661,7.2618716575719313
111.66200000000001,7.2671480404060871
111.663,7.2724370793382898
111.664,7.2777386990761554
111.66499999999999,7.2830528238592773
111.666,7.2883793774660424
111.667,7.2937182832204224
111.66800000000001,7.2990694639988627
111.669,7.3044328422371292
111.67,7.3098083399371596
111.67099999999999,7.3151958786740252
111.672,7.3205953796028291
111.673,7.3260067634656076
111.67400000000001,7.3314299505983573
111.675,7.336864860937963
111.676,7.3423114140291679
111.67699999999999,7.3477695290316172
111.678,7.3532391247268469
111.679,7.3587201195252732
111.68000000000001,7.3642124314732822
111.681,7.3697159782602313
111.682,7.3752306772255141
111.68299999999999,7.3807564453655763
111.684,7.386293199341039
111.685,7.3918408554837294
111.68600000000001,7.3973993298037195
111.687,7.4029685379964629
111.688,7.4085483954498326
111.68899999999999,7.4141388172511675
111.69,7.419739718194406
111.691,7.4253510127871261
111.69200000000001,7.4309726152575912
111.693,7.4366044395618722
111.694,7.4422463993908812
111.69499999999999,7.4478984081773998
111.696,7.4535603791031892
111.697,7.4592322251059953
111.69800000000001,7.4649138588866037
111.699,7.4706051929158299
111.7,7.4763061394415899
111.70099999999999,7.482016610495883
111.702,7.487736517901749
111.703,7.4934657732803149
111.70400000000001,7.4992042880577241
111.705,7.5049519734720711
111.706,7.5107087405803847
111.70699999999999,7.5164745002655255
111.708,7.5222491632430568
111.709,7.5280326400681927
111.71000000000001,7.5338248411426241
111.711,7.5396256767213412
111.712,7.5454350569195094
111.71299999999999,7.5512528917192441
111.714,7.5570790909763952
111.715,7.5629135644272676
111.71599999999999,7.5687562216954163
111.717,7.5746069722983167
111.718,7.5804657256540136
111.71899999999999,7.5863323910878364
111.72,7.5922068778389944
111.721,7.5980890950671336
111.72199999999999,7.6039789518589762
111.723,7.6098763572348194
111.724,7.6157812201550108
111.72499999999999,7.6216934495264796
111.726,7.6276129542091553
111.727,7.6335396430223428
111.72799999999999,7.6394734247511442
111.729,7.6454142081527783
111.73,7.6513619019628889
111.73099999999999,7.6573164149017785
111.732,7.6632776556806945
111.733,7.6692455330079978
111.73399999999999,7.6752199555952849
111.735,7.6812008321635608
111.736,7.6871880714492855
111.73699999999999,7.6931815822103902
111.738,7.6991812732323135
111.739,7.7051870533339457
111.73999999999999,7.7111988313734932
111.741,7.7172165162544148
111.742,7.7232400169312196
111.74299999999999,7.7292692424152101
111.744,7.7353041017802866
111.745,7.7413445041685938
111.746,7.7473903587961912
111.747,7.7534415749586065
111.748,7.7594980620364575
111.749,7.765559729500918
111.75,7.7716264869191543
111.751,7.7776982439597928
111.752,7.7837749103982441
111.753,7.7898563961219915
111.754,7.7959426111359207
111.755,7.8020334655674777
111.756,7.8081288696718243
111.75700000000001,7.814228733837
111.758,7.8203329685889296
111.759,7.8264414845964705
111.76000000000001,7.8325541926763078
111.761,7.838671003797927
111.762,7.8447918290884369
111.76300000000001,7.8509165798373122
111.764,7.8570451675012274
111.765,7.8631775037086848
111.76600000000001,7.8693135002646333
111.767,7.8754530691551041
111.768,7.8815961225517022
111.76900000000001,7.8877425728160429
111.77,7.8938923325042243
111.771,7.9000453143711544
111.77200000000001,7.9062014313748179
111.773,7.9123605966805819
111.774,7.9185227236653466
111.77500000000001,7.9246877259216815
111.776,7.9308555172618709
111.777,7.9370260117219882
111.77800000000001,7.9431991235658108
111.779,7.949374767288707
111.78,7.9555528576215213
111.78100000000001,7.9617333095343445
111.782,7.9679160382401966
111.783,7.9741009591987595
111.78400000000001,7.9802879881199544
111.785,7.986477040967463
111.786,7.9926680339622775
111.78700000000001,7.9988608835861079
111.788,8.0050555065847178
111.789,8.0112518199713101
111.78999999999999,8.0174497410297274
111.791,8.0236491873176874
111.792,8.0298500766698631
111.79300000000001,8.0360523272010411
111.794,8.0422558573090974
111.795,8.048460585677919
111.79599999999999,8.0546664312803955
111.797,8.0608733133812009
111.798,8.0670811515395613
111.79900000000001,8.0732898656120415
111.8,8.0794993757551765
111.801,8.085709602428043
111.80199999999999,8.0919204663948783
111.803,8.0981318887275258
111.804,8.1043437908078477
111.80500000000001,8.1105560943301445
111.806,8.1167687213034405
111.807,8.1229815940537566
111.80799999999999,8.1291946352262521
111.809,8.1354077677874415
111.81,8.1416209150272358
111.81100000000001,8.1478340005609411
111.812,8.1540469483312812
111.813,8.1602596826102669
111.81399999999999,8.1664721280010308
111.815,8.1726842094396766
111.816,8.1788958521969821
111.81700000000001,8.1851069818800521
111.818,8.191317524434
111.819,8.1975274061434895
111.81999999999999,8.2037365536342151
111.821,8.2099448938744146
111.822,8.2161523541762342
111.82300000000001,8.2223588621971011
111.824,8.228564345940951
111.825,8.2347687337595481
111.82599999999999,8.2409719543536362
111.827,8.2471739367740078
111.828,8.2533746104226839
111.82900000000001,8.2595739050538626
111.83,8.2657717507748849
111.831,8.2719680780471965
111.83199999999999,8.2781628176871855
111.833,8.2843559008669629
111.834,8.2905472591151756
111.83500000000001,8.2967368243176995
111.836,8.3029245287182487
111.837,8.3091103049190504
111.83799999999999,8.3152940858813622
111.839,8.3214758049259991
111.84,8.3276553957337427
111.84099999999999,8.3338327923458184
111.842,8.3400079291642175
111.843,8.3461807409519828
111.84399999999999,8.3523511628335321
111.845,8.3585191302948409
111.846,8.3646845791835851
111.84699999999999,8.3708474457093178
111.848,8.3770076664435233
111.849,8.3831651783196079
111.84999999999999,8.3893199186329621
111.851,8.395471825040854
111.852,8.401620835562305
111.85299999999999,8.407766888578001
111.854,8.4139099228300616
111.855,8.4200498774218282
111.85599999999999,8.4261866918175485
111.857,8.4323203058421186
111.858,8.4384506596806883
111.85899999999999,8.4445776938782409
111.86,8.4507013493392122
111.861,8.4568215673269727
111.86199999999999,8.4629382894632776
111.863,8.4690514577277867
111.864,8.475161014457413
111.86499999999999,8.4812669023456735
111.866,8.4873690644420687
111.867,8.4934674441513565
111.86799999999999,8.4995619852327575
111.869,8.5056526317992542
111.87,8.5117393283167235
111.871,8.5178220196031056
111.872,8.5239006508274784
111.873,8.529975167509205
111.874,8.5360455155169497
111.875,8.5421116410676525
111.876,8.5481734907255902
111.877,8.5542310114012867
111.878,8.5602841503504017
111.879,8.5663328551726909
111.88,8.5723770738108289
111.881,8.5784167545492114
111.88200000000001,8.5844518460128185
111.883,8.590482297165952
111.884,8.5965080573109951
111.88500000000001,8.6025290760870892
111.886,8.6085453034689081
111.887,8.6145566897652621
111.88800000000001,8.6205631856177369
111.889,8.6265647419993492
111.89,8.6325613102131307
111.89100000000001,8.6385528418906361
111.892,8.644539288990579
111.893,8.6505206037973004
111.89400000000001,8.65649673891925
111.895,8.6624676472875279
111.896,8.6684332821542949
111.89700000000001,8.6743935970911963
111.898,8.6803485459878331
111.899,8.686298083050108
111.90000000000001,8.6922421627986441
111.901,8.698180740067091
111.902,8.7041137700005251
111.90300000000001,8.7100412080537595
111.904,8.7159630099896006
111.905,8.721879131877218
111.90600000000001,8.7277895300903872
111.907,8.7336941613057064
111.908,8.7395929825009269
111.90900000000001,8.7454859509531442
111.91,8.7513730242369814
111.911,8.757254160222864
111.91200000000001,8.7631293170751796
111.913,8.7689984532504361
111.914,8.7748615274954815
111.91499999999999,8.7807184988456406
111.916,8.7865693266228675
111.917,8.7924139704338486
111.91800000000001,8.7982523901682104
111.919,8.8040845459965809
111.92,8.8099103983687002
111.92099999999999,8.8157299080115727
111.922,8.8215430359275402
111.923,8.8273497433923396
111.92400000000001,8.833149991953249
111.925,8.8389437434271478
111.926,8.8447309598985342
111.92699999999999,8.8505116037176901
111.928,8.8562856374986865
111.929,8.8620530241174329
111.93000000000001,8.8678137267097856
111.931,8.8735677086695652
111.932,8.8793149336466328
111.93299999999999,8.8850553655448934
111.934,8.8907889685204111
111.935,8.8965157069794252
111.93600000000001,8.9022355455763673
111.937,8.9079484492119647
111.938,8.9136543830312647
111.93899999999999,8.9193533124216486
111.94,8.925045203010944
111.941,8.9307300206654396
111.94200000000001,8.9364077314879076
111.943,8.9420783018157355
111.944,8.9477416982189322
111.94499999999999,8.9533978874981699
111.946,8.9590468366829104
111.947,8.9646885130294294
111.94800000000001,8.9703228840189162
111.949,8.9759499173555
111.95,8.9815695809644112
111.95099999999999,8.9871818429900188
111.952,8.9927866717939224
111.953,8.9983840359530873
111.95400000000001,9.003973904257931
111.955,9.0095562457104243
111.956,9.015131029522248
111.95699999999999,9.0206982251129162
111.958,9.0262578021078692
111.959,9.0318097303366898
111.96000000000001,9.0373539798312166
111.961,9.0428905208237076
111.962,9.0484193237450334
111.96299999999999,9.0539403592228567
111.964,9.0594535980798305
111.965,9.0649590113317675
111.96599999999999,9.0704565701859075
111.967,9.0759462460391305
111.968,9.0814280104761451
111.96899999999999,9.0869018352678168
111.97,9.0923676923693808
111.971,9.0978255539187032
111.97199999999999,9.1032753922346128
111.973,9.10871717981518
111.974,9.1141508893359919
111.97499999999999,9.1195764936485411
111.976,9.1249939657785308
111.977,9.1304032789241969
111.97799999999999,9.1358044064547421
111.979,9.1411973219086669
111.98,9.1465819989921791
111.98099999999999,9.1519584115775849
111.982,9.1573265337017489
111.983,9.1626863395645159
111.98399999999999,9.1680378035271382
111.985,9.1733809001107911
111.986,9.1787156039950446
111.98699999999999,9.1840418900163279
111.988,9.1893597331665013
111.989,9.1946691085913734
111.98999999999999,9.1999699915892101
111.991,9.205262357609362
111.992,9.2105461822508197
111.99299999999999,9.2158214412607915
111.994,9.2210881105333691
111.995,9.2263461661081259
111.996,9.2315955841687938
111.997,9.2368363410418866
111.998,9.2420684131954456
111.999,9.2472917772377183
112,9.2525064099158527
112.001,9.2577122881146927
112.002,9.2629093888555083
112.003,9.2680976892947378
112.004,9.2732771667228526
112.005,9.2784477985631248
112.006,9.2836095623704544
112.00700000000001,9.2887624358302396
112.008,9.2939063967572508
112.009,9.2990414230945007
112.01000000000001,9.3041674929121267
112.011,9.3092845844063774
112.012,9.3143926758985245
112.01300000000001,9.3194917458337834
112.014,9.3245817727803679
112.015,9.3296627354284638
112.01600000000001,9.3347346125891981
112.017,9.3397973831937602
112.018,9.3448510262924138
112.01900000000001,9.3498955210535488
112.02,9.3549308467628371
112.021,9.3599569828223181
112.02200000000001,9.3649739087494961
112.023,9.3699816041765622
112.024,9.3749800488495278
112.02500000000001,9.3799692226274125
112.026,9.38494910548145
112.027,9.3899196774943494
112.02800000000001,9.3948809188595241
112.029,9.3998328098803388
112.03,9.4047753309694304
112.03100000000001,9.4097084626480054
112.032,9.4146321855451305
112.033,9.4195464803971305
112.03400000000001,9.424451328046926
112.035,9.4293467094433741
112.036,9.4342326056407408
112.03700000000001,9.4391089977980869
112.038,9.4439758671786649
112.039,9.448833195149442
112.03999999999999,9.4536809631805454
112.041,9.4585191528447492
112.042,9.4633477458169679
112.04300000000001,9.4681667238738356
112.044,9.472976068893221
112.045,9.4777757628537778
112.04599999999999,9.4825657878345631
112.047,9.4873461260146321
112.048,9.4921167596726157
112.04900000000001,9.496877671186418
112.05,9.5016288430328437
112.051,9.5063702577872462
112.05199999999999,9.511101898123254
112.053,9.5158237468124725
112.054,9.5205357867241673
112.05500000000001,9.5252380008250661
112.056,9.5299303721790789
112.057,9.534612883947073
112.05799999999999,9.5392855193866666
112.059,9.5439482618520479
112.06,9.5486010947937991
112.06100000000001,9.5532440017587081
112.062,9.5578769663896583
112.063,9.5624999724254973
112.06399999999999,9.5671130037008858
112.065,9.5717160441462603
112.066,9.576309077787716
112.06700000000001,9.5808920887469249
112.068,9.5854650612411376
112.069,9.5900279795831125
112.06999999999999,9.5945808281810798
112.071,9.5991235915387758
112.072,9.60365625425543
112.07300000000001,9.6081788010257956
112.074,9.6126912166401617
112.075,9.617193485984437
112.07599999999999,9.6216855940402155
112.077,9.6261675258848065
112.078,9.6306392666913929
112.07900000000001,9.6351008017290951
112.08,9.6395521163630846
112.081,9.6439931960547494
112.08199999999999,9.6484240263618215
112.083,9.6528445929385001
112.084,9.6572548815356782
112.08500000000001,9.6616548780010998
112.086,9.6660445682795171
112.087,9.6704239384129593
112.08799999999999,9.6747929745409031
112.089,9.6791516629005248
112.09,9.6834999898269061
112.09099999999999,9.6878379417533296
112.092,9.6921655052115092
112.093,9.6964826668318622
112.09399999999999,9.7007894133437986
112.095,9.7050857315760322
112.096,9.7093716084568253
112.09699999999999,9.7136470310143608
112.098,9.7179119863770467
112.099,9.7221664617738099
112.09999999999999,9.726410444534487
112.101,9.7306439220901559
112.102,9.7348668819734527
112.10299999999999,9.73907931181901
112.104,9.743281199363782
112.105,9.7474725324474321
112.10599999999999,9.7516532990127249
112.107,9.7558234871059373
112.108,9.7599830848772573
112.10899999999999,9.7641320805811702
112.11,9.768270462576929
112.111,9.7723982193289416
112.11199999999999,9.7765153394071973
112.113,9.7806218114877446
112.114,9.7847176243531209
112.11499999999999,9.7888027668927649
112.116,9.792877228103535
112.117,9.7969409970901449
112.11799999999999,9.8009940630656054
112.119,9.8050364153517435
112.12,9.8090680433796571
112.121,9.8130889366901997
112.122,9.8170990849344548
112.123,9.8210984778742549
112.124,9.8250871053826643
112.125,9.8290649574444586
112.126,9.8330320241566618
112.127,9.8369882957290393
112.128,9.8409337624845818
112.129,9.8448684148600698
112.13,9.8487922434065513
112.131,9.8527052387898468
112.13200000000001,9.8566073917911226
112.133,9.8604986933073633
112.134,9.8643791343519336
112.13500000000001,9.8682487060550592
112.136,9.8721073996644009
112.137,9.8759552065455711
112.13800000000001,9.8797921181826354
112.139,9.8836181261786891
112.14,9.8874332222563588
112.14100000000001,9.8912373982583368
112.142,9.8950306461479247
112.143,9.8988129580095752
112.14400000000001,9.9025843260493893
112.145,9.9063447425956923
112.146,9.9100942000995502
112.14700000000001,9.9138326911352674
112.148,9.9175602084009782
112.149,9.9212767447191439
112.15000000000001,9.9249822930370826
112.151,9.9286768464274893
112.152,9.9323603980889779
112.15300000000001,9.9360329413466211
112.154,9.9396944696524088
112.155,9.9433449765858501
112.15600000000001,9.9469844558544409
112.157,9.9506129012941784
112.158,9.9542303068700981
112.15900000000001,9.9578366666767799
112.16,9.9614319749388276
112.161,9.9650162260114037
112.16200000000001,9.9685894143807339
112.163,9.9721515346645546
112.164,9.9757025816126692
112.16499999999999,9.9792425501074078
112.166,9.982771435164107
112.167,9.9862892319315932
112.16800000000001,9.9897959356926798
112.169,9.9932915418646182
112.17,9.9967760459995674
112.17099999999999,10.000249443785071
112.172,10.003711731044513
112.173,10.007162903737543
112.17400000000001,10.010602957960561
112.175,10.014031889947155
112.176,10.017449696068496
112.17699999999999,10.02085637283383
112.178,10.024251916890867
112.179,10.027636325026192
112.18000000000001,10.031009594165708
112.181,10.034371721375027
112.182,10.03772270385987
112.18299999999999,10.041062538966454
112.184,10.044391224181895
112.185,10.047708757134592
112.18600000000001,10.051015135594561
112.187,10.054310357473856
112.188,10.057594420826899
112.18899999999999,10.060867323850816
112.19,10.064129064885822
112.191,10.067379642415537
112.19200000000001,10.070619055067294
112.193,10.073847301612505
112.194,10.07706438096694
112.19499999999999,10.080270292191043
112.196,10.083465034490239
112.197,10.086648607215212
112.19800000000001,10.089821009862192
112.199,10.092982242073214
112.2,10.096132303636406
112.20099999999999,10.099271194486231
112.202,10.102398914703725
112.203,10.105515464516756
112.20400000000001,10.108620844300244
112.205,10.111715054576363
112.206,10.114798096014782
112.20699999999999,10.11786996943286
112.208,10.120930675795815
112.209,10.123980216216934
112.21000000000001,10.127018591957748
112.211,10.130045804428166
112.212,10.133061855186664
112.21299999999999,10.136066745940417
112.214,10.139060478545435
112.215,10.142043055006685
112.21599999999999,10.14501447747821
112.217,10.147974748263248
112.218,10.150923869814301
112.21899999999999,10.15386184473325
112.22,10.15678867577142
112.221,10.159704365829628
112.22199999999999,10.162608917958273
112.223,10.165502335357363
112.224,10.168384621376541
112.22499999999999,10.171255779515132
112.226,10.174115813422153
112.227,10.176964726896289
112.22799999999999,10.179802523885929
112.229,10.18262920848913
112.23,10.185444784953587
112.23099999999999,10.188249257676588
112.232,10.191042631204995
112.233,10.193824910235156
112.23399999999999,10.196596099612846
112.235,10.199356204333185
112.236,10.202105229540566
112.23699999999999,10.204843180528512
112.238,10.20757006273961
112.239,10.210285881765353
112.23999999999999,10.21299064334602
112.241,10.215684353370539
112.242,10.218367017876323
112.24299999999999,10.221038643049091
112.244,10.223699235222714
112.245,10.22634880087902
112.246,10.228987346647587
112.247,10.231614879305532
112.248,10.234231405777308
112.249,10.236836933134459
112.25,10.23943146859537
112.251,10.242015019525038
112.252,10.244587593434789
112.253,10.247149197981997
112.254,10.249699840969827
112.255,10.252239530346912
112.256,10.254768274207054
112.25700000000001,10.257286080788909
112.258,10.259792958475655
112.259,10.262288915794663
112.26000000000001,10.264773961417117
112.261,10.267248104157687
112.262,10.269711352974152
112.26300000000001,10.272163716966984
112.264,10.274605205379002
112.265,10.27703582759494
112.26600000000001,10.279455593141034
112.267,10.281864511684608
112.268,10.284262593033636
112.26900000000001,10.286649847136282
112.27,10.289026284080469
112.271,10.291391914093394
112.27200000000001,10.293746747541046
112.273,10.296090794927746
112.274,10.298424066895617
112.27500000000001,10.300746574224105
112.276,10.303058327829426
112.277,10.305359338764079
112.27800000000001,10.307649618216287
112.279,10.309929177509431
112.28,10.312198028101523
112.28100000000001,10.314456181584633
112.282,10.31670364968428
112.283,10.318940444258885
112.28400000000001,10.321166577299149
112.285,10.323382060927447
112.286,10.32558690739722
112.28700000000001,10.327781129092346
112.288,10.329964738526485
112.289,10.332137748342467
112.28999999999999,10.334300171311609
112.291,10.33645202033307
112.292,10.33859330843315
112.29300000000001,10.340724048764637
112.294,10.342844254606103
112.295,10.34495393936119
112.29599999999999,10.34705311655792
112.297,10.34914179984797
112.298,10.351220003005931
112.29900000000001,10.353287739928584
112.3,10.355345024634161
112.301,10.357391871261566
112.30199999999999,10.359428294069634
112.303,10.361454307436363
112.304,10.363469925858102
112.30500000000001,10.365475163948807
112.306,10.36747003643921
112.307,10.369454558176038
112.30799999999999,10.371428744121177
112.309,10.373392609350876
112.31,10.375346169054911
112.31100000000001,10.37728943853573
112.312,10.379222433207637
112.313,10.381145168595932
112.31399999999999,10.38305766033603
112.315,10.384959924172636
112.316,10.386851975958839
112.31700000000001,10.38873383165523
112.318,10.390605507329036
112.319,10.392467019153219
112.31999999999999,10.394318383405547
112.321,10.39615961646772
112.322,10.39799073482444
112.32300000000001,10.399811755062483
112.324,10.401622693869772
112.325,10.403423568034446
112.32599999999999,10.405214394443924
112.327,10.406995190083931
112.328,10.408765972037575
112.32900000000001,10.410526757484362
112.33,10.412277563699242
112.331,10.414018408051634
112.33199999999999,10.415749308004443
112.333,10.417470281113081
112.334,10.419181345024473
112.33500000000001,10.42088251747607
112.336,10.422573816294825
112.337,10.424255259396224
112.33799999999999,10.425926864783243
112.339,10.427588650545344
112.34,10.429240634857448
112.34099999999999,10.430882835978926
112.342,10.432515272252546
112.343,10.434137962103442
112.34399999999999,10.435750924038091
112.345,10.437354176643247
112.346,10.438947738584897
112.34699999999999,10.440531628607218
112.348,10.442105865531518
112.349,10.443670468255151
112.34999999999999,10.445225455750483
112.351,10.446770847063814
112.352,10.448306661314284
112.35299999999999,10.449832917692826
112.354,10.451349635461069
112.355,10.452856833950264
112.35599999999999,10.454354532560178
112.357,10.455842750758032
112.358,10.457321508077392
112.35899999999999,10.45879082411707
112.36,10.460250718540035
112.361,10.461701211072306
112.36199999999999,10.463142321501843
112.363,10.464574069677463
112.364,10.465996475507703
112.36499999999999,10.467409558959718
112.366,10.468813340058178
112.367,10.470207838884148
112.36799999999999,10.471593075573953
112.369,10.472969070318085
112.37,10.47433584336007
112.371,10.475693414995337
112.372,10.477041805570112
112.373,10.478381035480275
112.374,10.479711125170246
112.375,10.481032095131846
112.376,10.482343965903183
112.377,10.483646758067499
112.378,10.484940492252061
112.379,10.486225189127016
112.38,10.487500869404267
112.381,10.488767553836329
112.38200000000001,10.490025263215205
112.383,10.49127401837125
112.384,10.492513840172036
112.38500000000001,10.493744749521211
112.386,10.494966767357377
112.387,10.496179914652954
112.38800000000001,10.497384212413028
112.389,10.498579681674244
112.39,10.499766343503651
112.39100000000001,10.500944218997581
112.392,10.502113329280517
112.393,10.50327369550395
112.39400000000001,10.504425338845257
112.395,10.505568280506576
112.396,10.506702541713667
112.39700000000001,10.507828143714786
112.398,10.508945107779562
112.399,10.510053455197875
112.40000000000001,10.511153207278721
112.401,10.512244385349094
112.402,10.513327010752876
112.40300000000001,10.514401104849709
112.404,10.515466689013861
112.405,10.516523784633149
112.40600000000001,10.517572413107796
112.407,10.518612595849323
112.408,10.519644354279452
112.40900000000001,10.52066770982899
112.41,10.521682683936723
112.411,10.522689298048324
112.41200000000001,10.523687573615243
112.413,10.524677532093619
112.414,10.525659194943175
112.41499999999999,10.526632583626144
112.416,10.527597719606163
112.417,10.528554624347199
112.41800000000001,10.529503319312465
112.419,10.530443825963335
112.42,10.531376165758278
112.42099999999999,10.532300360151782
112.422,10.533216430593281
112.423,10.534124398526099
112.42400000000001,10.535024285386381
112.425,10.535916112602044
112.426,10.536799901591703
112.42699999999999,10.537675673763651
112.428,10.538543450514792
112.429,10.539403253229601
112.43000000000001,10.540255103279097
112.431,10.541099022019798
112.432,10.5419350307927
112.43299999999999,10.542763150922246
112.434,10.543583403715314
112.435,10.544395810460189
112.43600000000001,10.545200392425565
112.437,10.545997170859533
112.438,10.546786166988577
112.43899999999999,10.547567402016583
112.44,10.548340897123836
112.441,10.54910667346606
112.44200000000001,10.549864752173395
112.443,10.55061515434946
112.444,10.551357901070363
112.44499999999999,10.552093013383731
112.446,10.552820512307761
112.447,10.553540418830263
112.44800000000001,10.554252753907702
112.449,10.554957538464263
112.45,10.555654793390907
112.45099999999999,10.556344539544449
112.452,10.557026797746611
112.453,10.557701588783118
112.45400000000001,10.558368933402782
112.455,10.559028852316583
112.456,10.559681366196779
112.45699999999999,10.560326495675996
112.458,10.560964261346346
112.459,10.561594683758539
112.46000000000001,10.562217783421007
112.461,10.562833580799024
112.462,10.56344209631386
112.46299999999999,10.564043350341896
112.464,10.564637363213793
112.465,10.565224155213629
112.46599999999999,10.56580374657808
112.467,10.566376157495558
112.468,10.566941408105418
112.46899999999999,10.567499518497115
112.47,10.568050508709399
112.471,10.568594398729511
112.47199999999999,10.569131208492383
112.473,10.569660957879845
112.474,10.570183666719842
112.47499999999999,10.570699354785658
112.476,10.571208041795138
112.477,10.571709747409932
112.47799999999999,10.572204491234739
112.479,10.572692292816551
112.48,10.573173171643921
112.48099999999999,10.573647147146215
112.482,10.574114238692902
112.483,10.574574465592821
112.48399999999999,10.575027847093473
112.485,10.575474402380316
112.486,10.57591415057607
112.48699999999999,10.57634711074002
112.488,10.57677330186735
112.489,10.577192742888446
112.48999999999999,10.577605452668244
112.491,10.578011450005569
112.492,10.578410753632483
112.49299999999999,10.578803382213634
112.494,10.579189354345626
112.495,10.5795686885564
112.496,10.57994140330459
112.497,10.580307516978934
112.498,10.580667047897652
112.499,10.581020014307866
112.5,10.581366434384989
112.501,10.581706326232167
112.502,10.582039707879687
112.503,10.582366597284425
112.504,10.582687012329284
112.505,10.583000970822644
112.506,10.583308490497815
112.50700000000001,10.583609589012525
112.508,10.583904283948364
112.509,10.584192592810298
112.51000000000001,10.584474533026142
112.511,10.584750121946056
112.512,10.585019376842073
112.51300000000001,10.585282314907589
112.514,10.585538953256913
112.515,10.585789308924774
112.51600000000001,10.586033398865878
112.517,10.586271239954449
112.518,10.586502848983795
112.51900000000001,10.586728242665854
112.52,10.586947437630791
112.521,10.587160450426554
112.52200000000001,10.587367297518487
112.523,10.587567995288911
112.524,10.587762560036738
112.52500000000001,10.587951007977082
112.526,10.588133355240885
112.527,10.58830961787454
112.52800000000001,10.588479811839539
112.529,10.588643953012117
112.53,10.588802057182903
112.53100000000001,10.588954140056586
112.532,10.589100217251591
112.533,10.589240304299754
112.53400000000001,10.589374416646013
112.535,10.589502569648101
112.536,10.589624778576262
112.53700000000001,10.589741058612942
112.538,10.589851424852531
112.539,10.589955892301086
112.53999999999999,10.590054475876064
112.541,10.59014719040607
112.542,10.590234050630615
112.54300000000001,10.590315071199873
112.544,10.590390266674454
112.545,10.59045965152518
112.54599999999999,10.590523240132871
112.547,10.590581046788147
112.548,10.59063308569122
112.54900000000001,10.590679370951708
112.55,10.59071991658846
112.551,10.590754736529375
112.55199999999999,10.590783844611241
112.553,10.590807254579579
112.554,10.590824980088485
112.55500000000001,10.590837034700503
112.556,10.590843431886478
112.557,10.590844185025441
112.55799999999999,10.590839307404481
112.559,10.590828812218653
112.56,10.590812712570855
112.56100000000001,10.590791021471748
112.562,10.590763751839667
112.563,10.590730916500542
112.56399999999999,10.590692528187825
112.565,10.590648599542432
112.566,10.590599143112691
112.56700000000001,10.59054417135428
112.568,10.590483696630203
112.569,10.590417731210755
112.56999999999999,10.590346287273485
112.571,10.590269376903199
112.572,10.590187012091938
112.57300000000001,10.590099204738976
112.574,10.59000596665083
112.575,10.589907309541273
112.57599999999999,10.589803245031353
112.577,10.589693784649421
112.578,10.589578939831169
112.57900000000001,10.589458721919666
112.58,10.589333142165421
112.581,10.589202211726423
112.58199999999999,10.589065941668215
112.583,10.588924342963972
112.584,10.58877742649457
112.58500000000001,10.58862520304867
112.586,10.588467683322817
112.587,10.588304877921543
112.58799999999999,10.588136797357466
112.589,10.587963452051406
112.59,10.587784852332515
112.59099999999999,10.587601008438385
112.592,10.587411930515206
112.593,10.587217628617891
112.59399999999999,10.587018112710227
112.595,10.586813392665039
112.596,10.58660347826434
112.59699999999999,10.586388379199501
112.598,10.586168105071435
112.599,10.585942665390766
112.59999999999999,10.58571206957803
112.601,10.585476326963853
112.602,10.585235446789172
112.60299999999999,10.584989438205419
112.604,10.584738310274753
112.605,10.584482071970269
112.60599999999999,10.584220732176236
112.607,10.583954299688306
112.608,10.583682783213787
112.60899999999999,10.583406191371846
112.61,10.583124532693798
112.611,10.582837815623334
112.61199999999999,10.5825460485168
112.613,10.582249239643463
112.614,10.581947397185768
112.61499999999999,10.581640529239651
112.616,10.581328643814791
112.617,10.581011748834921
112.61799999999999,10.58068985213812
112.619,10.580362961477114
112.62,10.58003108451959
112.621,10.579694228848497
112.622,10.579352401962382
112.623,10.579005611275704
112.624,10.578653864119165
112.625,10.578297167740045
112.626,10.577935529302547
112.627,10.577568955888138
112.628,10.577197454495904
112.629,10.576821032042904
112.63,10.576439695364522
112.631,10.576053451214852
112.63200000000001,10.575662306267056
112.633,10.575266267113738
112.634,10.574865340267335
112.63500000000001,10.574459532160494
112.636,10.574048849146463
112.637,10.573633297499487
112.63800000000001,10.573212883415216
112.639,10.572787613011094
112.64,10.572357492326773
112.64100000000001,10.571922527324537
112.642,10.5714827238897
112.643,10.571038087831042
112.64400000000001,10.570588624881236
112.645,10.570134340697264
112.646,10.569675240860869
112.64700000000001,10.569211330878982
112.648,10.568742616184169
112.649,10.568269102135075
112.65000000000001,10.567790794016878
112.651,10.567307697041743
112.652,10.566819816349282
112.65300000000001,10.566327157007006
112.654,10.565829724010811
112.655,10.565327522285422
112.65600000000001,10.564820556684889
112.657,10.564308831993054
112.658,10.563792352924031
112.65900000000001,10.563271124122688
112.66,10.56274515016514
112.661,10.562214435559243
112.66200000000001,10.561678984745067
112.663,10.561138802095424
112.664,10.560593891916344
112.66499999999999,10.560044258447586
112.666,10.559489905863149
112.667,10.558930838271781
112.66800000000001,10.558367059717478
112.669,10.557798574180021
112.67,10.55722538557548
112.67099999999999,10.556647497756732
112.672,10.556064914513998
112.673,10.555477639575367
112.67400000000001,10.554885676607304
112.675,10.554289029215216
112.676,10.553687700943962
112.67699999999999,10.553081695278392
112.678,10.552471015643903
112.679,10.551855665406947
112.68000000000001,10.551235647875618
112.681,10.550610966300162
112.682,10.549981623873544
112.68299999999999,10.549347623731988
112.684,10.548708968955538
112.685,10.548065662568609
112.68600000000001,10.547417707540539
112.687,10.546765106786161
112.688,10.546107863166339
112.68899999999999,10.545445979488555
112.69,10.544779458507454
112.691,10.544108302925428
112.69200000000001,10.54343251539316
112.693,10.542752098510212
112.694,10.542067054825583
112.69499999999999,10.541377386838292
112.696,10.540683096997936
112.697,10.539984187705281
112.69800000000001,10.539280661312819
112.699,10.538572520125367
112.7,10.537859766400624
112.70099999999999,10.537142402349764
112.702,10.536420430138012
112.703,10.535693851885222
112.70400000000001,10.53496266966647
112.705,10.534226885512624
112.706,10.533486501410938
112.70699999999999,10.532741519305629
112.708,10.531991941098477
112.709,10.531237768649397
112.71000000000001,10.53047900377703
112.711,10.529715648259337
112.712,10.528947703834184
112.71299999999999,10.52817517219993
112.714,10.527398055016015
112.715,10.526616353903554
112.71599999999999,10.525830070445931
112.717,10.52503920618938
112.718,10.524243762643584
112.71899999999999,10.523443741282261
112.72,10.522639143543763
112.721,10.521829970831661
112.72199999999999,10.521016224515337
112.723,10.52019790593058
112.724,10.519375016380177
112.72499999999999,10.518547557134504
112.726,10.517715529432117
112.727,10.516878934480339
112.72799999999999,10.516037773455865
112.729,10.515192047505346
112.73,10.514341757745973
112.73099999999999,10.513486905266072
112.732,10.512627491125707
112.733,10.51176351635725
112.73399999999999,10.510894981965984
112.735,10.510021888930686
112.736,10.509144238204211
112.73699999999999,10.508262030714102
112.738,10.507375267363145
112.739,10.506483949029979
112.73999999999999,10.505588076569678
112.741,10.50468765081432
112.742,10.503782672573598
112.74299999999999,10.502873142635382
112.744,10.501959061766309
112.745,10.501040430712363
112.746,10.500117250199464
112.747,10.499189520934035
112.748,10.498257243603586
112.749,10.497320418877292
112.75,10.496379047406577
112.751,10.495433129825669
112.752,10.494482666752194
112.753,10.493527658787743
112.754,10.492568106518434
112.755,10.491604010515493
112.756,10.490635371335827
112.75700000000001,10.489662189522573
112.758,10.488684465605679
112.759,10.487702200102465
112.76000000000001,10.486715393518191
112.761,10.485724046346597
112.762,10.484728159070496
112.76300000000001,10.483727732162306
112.764,10.482722766084613
112.765,10.481713261290734
112.76600000000001,10.480699218225261
112.767,10.47968063732462
112.768,10.478657519017608
112.76900000000001,10.477629863725955
112.77,10.476597671864866
112.771,10.475560943843558
112.77200000000001,10.474519680065809
112.773,10.473473880930495
112.774,10.472423546832131
112.77500000000001,10.471368678161403
112.776,10.470309275305711
112.777,10.469245338649685
112.77800000000001,10.468176868575727
112.779,10.467103865464544
112.78,10.466026329695659
112.78100000000001,10.464944261647936
112.782,10.463857661700114
112.783,10.46276653023132
112.78400000000001,10.461670867621571
112.785,10.460570674252319
112.786,10.459465950506925
112.78700000000001,10.458356696771201
112.788,10.4572429134339
112.789,10.456124600887229
112.78999999999999,10.45500175952734
112.791,10.453874389754844
112.792,10.4527424919753
112.79300000000001,10.451606066599705
112.794,10.450465114044999
112.795,10.449319634734549
112.79599999999999,10.448169629098626
112.797,10.447015097574907
112.798,10.445856040608948
112.79900000000001,10.444692458654655
112.8,10.443524352174776
112.801,10.442351721641367
112.80199999999999,10.44117456753626
112.803,10.439992890351531
112.804,10.438806690589979
112.80500000000001,10.437615968765568
112.806,10.436420725403904
112.807,10.435220961042676
112.80799999999999,10.434016676232131
112.809,10.432807871535505
112.81,10.43159454752948
112.81100000000001,10.43037670480463
112.812,10.429154343965862
112.813,10.427927465632855
112.81399999999999,10.426696070440499
112.815,10.425460159039323
112.816,10.424219732095933
112.81700000000001,10.422974790293429
112.818,10.421725334331844
112.819,10.420471364928551
112.81999999999999,10.419212882818687
112.821,10.417949888755576
112.822,10.416682383511127
112.82300000000001,10.415410367876248
112.824,10.41413384266126
112.825,10.412852808696288
112.82599999999999,10.411567266831666
112.827,10.410277217938336
112.828,10.408982662908238
112.82900000000001,10.407683602654693
112.83,10.406380038112809
112.831,10.40507197023984
112.83199999999999,10.403759400015586
112.833,10.402442328442763
112.834,10.401120756547371
112.83500000000001,10.399794685379073
112.836,10.398464116011564
112.837,10.39712904954292
112.83799999999999,10.395789487095977
112.839,10.394445429818674
112.84,10.393096878884423
112.84099999999999,10.39174383549244
112.842,10.390386300868101
112.843,10.389024276263299
112.84399999999999,10.387657762956763
112.845,10.386286762254407
112.846,10.384911275489666
112.84699999999999,10.383531304023817
112.848,10.382146849246315
112.849,10.380757912575119
112.84999999999999,10.379364495456995
112.851,10.377966599367857
112.852,10.376564225813066
112.85299999999999,10.375157376327738
112.854,10.373746052477061
112.855,10.372330255856594
112.85599999999999,10.370909988092565
112.857,10.369485250842169
112.858,10.368056045793857
112.85899999999999,10.366622374667639
112.86,10.365184239215356
112.861,10.363741641220967
112.86199999999999,10.362294582500834
112.863,10.360843064903992
112.864,10.359387090312415
112.86499999999999,10.35792666064131
112.866,10.35646177783935
112.867,10.35499244388896
112.86799999999999,10.35351866080657
112.869,10.352040430642864
112.87,10.350557755483035
112.871,10.349070637447035
112.872,10.347579078689829
112.873,10.346083081401618
112.874,10.344582647808085
112.875,10.343077780170642
112.876,10.341568480786639
112.877,10.340054751989603
112.878,10.33853659614948
112.879,10.337014015672816
112.88,10.335487013003011
112.881,10.333955590620516
112.88200000000001,10.332419751043044
112.883,10.330879496825789
112.884,10.329334830561603
112.88500000000001,10.327785754881242
112.886,10.326232272453511
112.887,10.324674385985491
112.88800000000001,10.323112098222724
112.889,10.321545411949391
112.89,10.319974329988504
112.89100000000001,10.318398855202078
112.892,10.316818990491324
112.893,10.315234738796789
112.89400000000001,10.313646103098574
112.895,10.312053086416455
112.896,10.310455691810068
112.89700000000001,10.308853922379077
112.898,10.307247781263309
112.899,10.305637271642924
112.90000000000001,10.304022396738549
112.901,10.302403159811451
112.902,10.300779564163651
112.90300000000001,10.299151613138072
112.904,10.297519310118702
112.905,10.29588265853068
112.90600000000001,10.294241661840465
112.907,10.29259632355595
112.908,10.290946647226578
112.90900000000001,10.289292636443474
112.91,10.287634294839558
112.911,10.285971626089653
112.91200000000001,10.284304633910597
112.913,10.282633322061368
112.914,10.280957694343165
112.91499999999999,10.279277754599512
112.916,10.277593506716368
112.917,10.275904954622218
112.91800000000001,10.274212102288153
112.919,10.272514953727969
112.92,10.270813512998259
112.92099999999999,10.269107784198475
112.922,10.267397771471016
112.923,10.265683479001314
112.92400000000001,10.263964911017895
112.925,10.262242071792441
112.926,10.260514965639889
112.92699999999999,10.258783596918446
112.928,10.257047970029696
112.929,10.255308089418625
112.93000000000001,10.253563959573693
112.931,10.251815585026877
112.932,10.250062970353717
112.93299999999999,10.248306120173375
112.934,10.246545039148664
112.935,10.244779731986084
112.93600000000001,10.243010203435883
112.937,10.241236458292056
112.938,10.239458501392395
112.93899999999999,10.237676337618531
112.94,10.235889971895919
112.941,10.234099409193892
112.94200000000001,10.232304654525684
112.943,10.230505712948412
112.944,10.22870258956312
112.94499999999999,10.226895289514783
112.946,10.225083817992298
112.947,10.223268180228519
112.94800000000001,10.221448381500226
112.949,10.219624427128155
112.95,10.217796322476968
112.95099999999999,10.215964072955259
112.952,10.21412768401556
112.953,10.212287161154295
112.95400000000001,10.210442509911788
112.955,10.208593735872258
112.956,10.206740844663763
112.95699999999999,10.204883841958209
112.958,10.203022733471318
112.959,10.201157524962589
112.96000000000001,10.199288222235277
112.961,10.197414831136367
112.962,10.195537357556521
112.96299999999999,10.193655807430057
112.964,10.191770186734889
112.965,10.189880501492521
112.96599999999999,10.187986757767947
112.967,10.18608896166965
112.968,10.184187119349538
112.96899999999999,10.182281237002881
112.97,10.180371320868256
112.971,10.178457377227513
112.97199999999999,10.176539412405681
112.973,10.17461743277093
112.974,10.172691444734498
112.97499999999999,10.170761454750625
112.976,10.168827469316476
112.977,10.166889494972082
112.97799999999999,10.164947538300261
112.979,10.163001605926532
112.98,10.161051704519043
112.98099999999999,10.159097840788505
112.982,10.157140021488079
112.983,10.155178253413316
112.98399999999999,10.153212543402057
112.985,10.151242898334342
112.986,10.149269325132327
112.98699999999999,10.147291830760185
112.988,10.145310422224
112.989,10.143325106571686
112.98999999999999,10.141335890892877
112.991,10.139342782318826
112.992,10.137345788022291
112.99299999999999,10.135344915217454
112.994,10.133340171159778
112.995,10.131331563145928
112.996,10.129319098513626
112.997,10.127302784641573
112.998,10.125282628949304
112.999,10.123258638897076
113,10.121230821985757
113.001,10.11919918575669
113.002,10.117163737791575
113.003,10.115124485712355
113.004,10.113081437181057
113.005,10.111034599899691
113.006,10.108983981610111
113.00700000000001,10.106929590093873
113.008,10.104871433172104
113.009,10.102809518705362
113.01000000000001,10.100743854593519
113.011,10.098674448775585
113.012,10.096601309229582
113.01300000000001,10.094524443972414
113.014,10.092443861059699
113.015,10.090359568585626
